jid,formula,more_lithiated_jids
JVASP-16407,LiRhF6,"['JVASP-104500', 'JVASP-21502']"
JVASP-42175,LiVF4,"['JVASP-100067', 'JVASP-102253', 'JVASP-48544']"
JVASP-136914,LiCl2,"['JVASP-107458', 'JVASP-23864', 'JVASP-136909']"
JVASP-142084,LiTi2O4,"['JVASP-86520', 'JVASP-85921', 'JVASP-48724']"
JVASP-78433,LiN,"['JVASP-1375', 'JVASP-7999', 'JVASP-78496']"
JVASP-146612,LiCoSnO4,"['JVASP-43643', 'JVASP-43169', 'JVASP-147714']"
JVASP-111963,LiVF4,"['JVASP-100067', 'JVASP-102253', 'JVASP-48544']"
JVASP-43197,Li2MnCr3O8,"['JVASP-48903', 'JVASP-141847']"
JVASP-111917,Li2Mn3CrO8,"['JVASP-112512', 'JVASP-140714']"
JVASP-45175,LiCr2O4,"['JVASP-1855', 'JVASP-92471', 'JVASP-45184']"
JVASP-48339,Li3Co2Ge2O8,['JVASP-46253']
JVASP-24949,LiMnF4,"['JVASP-47990', 'JVASP-47996', 'JVASP-48001']"
JVASP-42305,LiCo4O8,"['JVASP-2017', 'JVASP-42829', 'JVASP-42834']"
JVASP-43011,Li2TiV3O8,"['JVASP-48396', 'JVASP-46671', 'JVASP-146096']"
JVASP-124486,LiI3,"['JVASP-8563', 'JVASP-56047', 'JVASP-54821']"
JVASP-136920,Li2Cl,['JVASP-136922']
JVASP-8663,Li2Si,['JVASP-130716']
JVASP-102526,LiTe3,"['JVASP-1399', 'JVASP-78529', 'JVASP-121192']"
JVASP-133211,LiFeS2,"['JVASP-49799', 'JVASP-50865']"
JVASP-125999,RbLi,['JVASP-130707']
JVASP-45864,Li3Fe2Ni2O8,"['JVASP-47054', 'JVASP-44698']"
JVASP-103702,LiSi,"['JVASP-8663', 'JVASP-130716']"
JVASP-44219,LiCrCo2O6,"['JVASP-47638', 'JVASP-47567']"
JVASP-15799,Li3Tl,['JVASP-130725']
JVASP-86307,LiSi,"['JVASP-8663', 'JVASP-130716']"
JVASP-116303,Li2Se,['JVASP-130715']
JVASP-125216,LiBr3,"['JVASP-38538', 'JVASP-34772', 'JVASP-113662']"
JVASP-115186,LiB,"['JVASP-8661', 'JVASP-115185']"
JVASP-139403,SrLi,['JVASP-18998']
JVASP-8563,LiI,"['JVASP-115189', 'JVASP-115192', 'JVASP-115195']"
JVASP-42268,LiMnSiO4,"['JVASP-42276', 'JVASP-49137', 'JVASP-56663']"
JVASP-140550,Li3FeO3,['JVASP-47453']
JVASP-50732,Li4Ti3O8,['JVASP-50533']
JVASP-136935,LiN3,"['JVASP-1375', 'JVASP-7999', 'JVASP-78433']"
JVASP-117435,LiVOF3,"['JVASP-42715', 'JVASP-45779', 'JVASP-46901']"
JVASP-138120,LiBeCl,"['JVASP-68454', 'JVASP-70889']"
JVASP-48075,LiCoSiO4,"['JVASP-48671', 'JVASP-48881', 'JVASP-48882']"
JVASP-46315,Li4FeO4,['JVASP-142091']
JVASP-146254,LiCr3O8,['JVASP-44403']
JVASP-45863,Li2FeSiO5,"['JVASP-47845', 'JVASP-44729', 'JVASP-144785']"
JVASP-119719,Li3Fe2Si2O8,"['JVASP-47796', 'JVASP-48612', 'JVASP-47125']"
JVASP-43000,LiVSiO5,"['JVASP-11689', 'JVASP-117453']"
JVASP-141519,Li2MnCo3O8,"['JVASP-47887', 'JVASP-40680', 'JVASP-112500']"
JVASP-145603,Li2Fe3CuO8,"['JVASP-48362', 'JVASP-45083']"
JVASP-45855,LiCoCuO4,"['JVASP-43126', 'JVASP-112741', 'JVASP-140529']"
JVASP-45847,LiFeSiO4,"['JVASP-48292', 'JVASP-47796', 'JVASP-48612']"
JVASP-117414,LiMn2F9,['JVASP-139975']
JVASP-146258,LiTi2Mn3O10,"['JVASP-47891', 'JVASP-137737']"
JVASP-43684,LiFeF4,"['JVASP-42426', 'JVASP-43647', 'JVASP-43652']"
JVASP-42937,LiMnF4,"['JVASP-47990', 'JVASP-47996', 'JVASP-48001']"
JVASP-122358,Li2VOF5,['JVASP-113238']
JVASP-98001,LiMnO4,"['JVASP-102842', 'JVASP-44723', 'JVASP-44243']"
JVASP-67166,LiBeIn,['JVASP-71138']
JVASP-142830,Li2V3O6,"['JVASP-92257', 'JVASP-1870', 'JVASP-78960']"
JVASP-20247,LiZn,"['JVASP-79432', 'JVASP-38580']"
JVASP-42785,Li2V3CrO8,"['JVASP-46956', 'JVASP-45933', 'JVASP-122521']"
JVASP-121769,LiVF4,"['JVASP-100067', 'JVASP-102253', 'JVASP-48544']"
JVASP-112924,LiFeF4,"['JVASP-42426', 'JVASP-43647', 'JVASP-43652']"
JVASP-45083,Li3Fe3CuO8,['JVASP-48362']
JVASP-8805,Li2HN,"['JVASP-13813', 'JVASP-151214', 'JVASP-152501']"
JVASP-48590,LiMnF6,"['JVASP-48580', 'JVASP-48662', 'JVASP-90378']"
JVASP-103460,LiBiS2,"['JVASP-92463', 'JVASP-100134']"
JVASP-135838,BaLiCl,['JVASP-69032']
JVASP-44413,Li2TiFe3O8,['JVASP-141233']
JVASP-121678,Li2CoO3,"['JVASP-48267', 'JVASP-40701', 'JVASP-122393']"
JVASP-113663,LiBr2,"['JVASP-38538', 'JVASP-34772', 'JVASP-113664']"
JVASP-44986,LiVBO4,"['JVASP-46477', 'JVASP-121455']"
JVASP-43525,Li4VCr3O8,"['JVASP-48504', 'JVASP-140640']"
JVASP-47710,LiCoSiO4,"['JVASP-48671', 'JVASP-48881', 'JVASP-48882']"
JVASP-35956,LiC2N2,"['JVASP-34962', 'JVASP-136215']"
JVASP-52343,Li2BiO3,"['JVASP-50820', 'JVASP-50527']"
JVASP-52342,LiCuF4,"['JVASP-50719', 'JVASP-50720', 'JVASP-47645']"
JVASP-48293,LiFeSiO4,"['JVASP-48292', 'JVASP-47796', 'JVASP-48612']"
JVASP-144416,Li3VF6,"['JVASP-40704', 'JVASP-40658', 'JVASP-40689']"
JVASP-135388,LiS,"['JVASP-1288', 'JVASP-9077', 'JVASP-34678']"
JVASP-43523,Li4VCr3O8,"['JVASP-48504', 'JVASP-140640']"
JVASP-56680,LiCr3O8,['JVASP-44403']
JVASP-21854,SrLiGe2,['JVASP-155648']
JVASP-38749,LiTi2O4,"['JVASP-86520', 'JVASP-85921', 'JVASP-48724']"
JVASP-44767,LiVFeO4,"['JVASP-100936', 'JVASP-40734', 'JVASP-110325']"
JVASP-46710,LiMnP2O8,"['JVASP-48392', 'JVASP-47538', 'JVASP-40991']"
JVASP-147112,LiVP2O8,"['JVASP-48209', 'JVASP-59225', 'JVASP-141813']"
JVASP-43093,LiSbTe3O12,['JVASP-43419']
JVASP-147144,LiMn7O12,"['JVASP-44704', 'JVASP-133641']"
JVASP-144730,LiMn2P2O8,"['JVASP-52783', 'JVASP-43659', 'JVASP-91261']"
JVASP-133701,LiV4O5F7,"['JVASP-46875', 'JVASP-121708']"
JVASP-116904,LiFeSi2O6,"['JVASP-48236', 'JVASP-45872', 'JVASP-144246']"
JVASP-141026,LiFeO3,"['JVASP-42577', 'JVASP-48718', 'JVASP-47453']"
JVASP-48055,Li4CoO4,"['JVASP-43153', 'JVASP-55327', 'JVASP-43157']"
JVASP-114335,LiY2P2,"['JVASP-114333', 'JVASP-114334', 'JVASP-114336']"
JVASP-140539,Li2Ni3SbO8,['JVASP-132895']
JVASP-44000,LiMnF3,['JVASP-116017']
JVASP-133216,Li2MnP2O8,"['JVASP-48392', 'JVASP-47538', 'JVASP-40991']"
JVASP-46885,Li3VF6,"['JVASP-40704', 'JVASP-40658', 'JVASP-40689']"
JVASP-144552,Li3Co4O8,"['JVASP-2017', 'JVASP-42834', 'JVASP-48257']"
JVASP-43012,LiCrFeO4,"['JVASP-92255', 'JVASP-41334', 'JVASP-45233']"
JVASP-141833,LiCoC2O6,"['JVASP-141829', 'JVASP-144245', 'JVASP-142064']"
JVASP-142870,LiFePHO5,"['JVASP-142551', 'JVASP-146605']"
JVASP-145164,Li2MnCo2O6,"['JVASP-47561', 'JVASP-133186', 'JVASP-133187']"
JVASP-44390,Li2Cr3NiO8,"['JVASP-46471', 'JVASP-113215', 'JVASP-119343']"
JVASP-147425,LiFe3O2F6,"['JVASP-48686', 'JVASP-141568']"
JVASP-47308,LiVF6,"['JVASP-48666', 'JVASP-43793', 'JVASP-48888']"
JVASP-139801,Li3Ni2C4O12,"['JVASP-48149', 'JVASP-46773']"
JVASP-47811,LiFeSiO4,"['JVASP-48292', 'JVASP-47796', 'JVASP-48612']"
JVASP-116264,LiH,"['JVASP-116261', 'JVASP-116265', 'JVASP-116278']"
JVASP-144887,Li3Cr3NiO8,"['JVASP-46471', 'JVASP-113215', 'JVASP-119343']"
JVASP-45881,LiVC2O6,"['JVASP-46669', 'JVASP-45841', 'JVASP-46850']"
JVASP-141802,Li2Mn2FeO6,['JVASP-112852']
JVASP-59887,LiCr2S4,['JVASP-1474']
JVASP-12870,LiAlO2,['JVASP-118599']
JVASP-140585,Li4VO4F,"['JVASP-111974', 'JVASP-147160']"
JVASP-138620,LiMnCl4,"['JVASP-53440', 'JVASP-113182']"
JVASP-1366,Li3Sb,['JVASP-130713']
JVASP-147132,Li2MnO2F,"['JVASP-48616', 'JVASP-133682']"
JVASP-48537,Li2VO2F2,"['JVASP-46917', 'JVASP-47076', 'JVASP-140631']"
JVASP-47552,LiVSiO4,['JVASP-46719']
JVASP-116272,LiH,"['JVASP-116261', 'JVASP-116265', 'JVASP-116278']"
JVASP-118618,LiO2,"['JVASP-86322', 'JVASP-87063', 'JVASP-105103']"
JVASP-48163,Li3Fe3CoO8,"['JVASP-48527', 'JVASP-45238', 'JVASP-139811']"
JVASP-100994,LiDy3,['JVASP-125928']
JVASP-93297,Li2CuO2,['JVASP-50491']
JVASP-118453,LiHN,"['JVASP-88310', 'JVASP-8805', 'JVASP-78922']"
JVASP-140942,Li3Fe3O8,['JVASP-43175']
JVASP-126903,LiAu3,"['JVASP-106257', 'JVASP-107551', 'JVASP-16445']"
JVASP-40982,Li3Cr3FeO8,"['JVASP-46888', 'JVASP-46239', 'JVASP-46242']"
JVASP-110727,LiCu3O3,"['JVASP-88744', 'JVASP-99278', 'JVASP-52232']"
JVASP-144225,Li2Ti2V3O10,['JVASP-48408']
JVASP-154874,Li7Sn3,"['JVASP-8726', 'JVASP-109989', 'JVASP-130717']"
JVASP-18642,LiCaSn,['JVASP-39881']
JVASP-147159,Li3Fe2Si2O8,"['JVASP-47796', 'JVASP-48612', 'JVASP-47125']"
JVASP-45861,Li3FeCo3O8,"['JVASP-44706', 'JVASP-145949']"
JVASP-63731,LiB11,"['JVASP-62691', 'JVASP-105282', 'JVASP-8661']"
JVASP-132855,Li2Fe3NiO8,"['JVASP-112810', 'JVASP-111961', 'JVASP-146109']"
JVASP-117302,Li2MnP2O8,"['JVASP-48392', 'JVASP-47538', 'JVASP-40991']"
JVASP-106050,LiCu3O3,"['JVASP-88744', 'JVASP-99278', 'JVASP-52232']"
JVASP-145652,Li2VCr3O8,"['JVASP-43523', 'JVASP-48896', 'JVASP-42794']"
JVASP-121744,LiVTe3O12,"['JVASP-44268', 'JVASP-119730']"
JVASP-144749,LiV3O4F8,['JVASP-144492']
JVASP-145874,Li4MnOF5,"['JVASP-48594', 'JVASP-144434']"
JVASP-31081,Li3NbO4,['JVASP-50523']
JVASP-38424,LiZn3,"['JVASP-79432', 'JVASP-20247', 'JVASP-38580']"
JVASP-119373,LiMnF3,['JVASP-116017']
JVASP-42240,LiMnSiO4,"['JVASP-42276', 'JVASP-49137', 'JVASP-56663']"
JVASP-122387,LiFeF4,"['JVASP-42426', 'JVASP-43647', 'JVASP-43652']"
JVASP-47887,Li3MnCo3O8,"['JVASP-40680', 'JVASP-112500', 'JVASP-142139']"
JVASP-45018,Li2Fe3CoO8,"['JVASP-48527', 'JVASP-48163', 'JVASP-45238']"
JVASP-44129,LiMnF3,['JVASP-116017']
JVASP-122282,LiMn2O3,"['JVASP-46265', 'JVASP-146263']"
JVASP-121722,Li2TiV2O6,"['JVASP-48411', 'JVASP-111597']"
JVASP-117294,Li3Mn2P2C2O14,"['JVASP-119539', 'JVASP-121924', 'JVASP-140561']"
JVASP-38480,Li3Ca,['JVASP-130662']
JVASP-119732,LiMnF4,"['JVASP-47990', 'JVASP-47996', 'JVASP-48001']"
JVASP-142039,Li2CrCo3O8,"['JVASP-48811', 'JVASP-42696', 'JVASP-146628']"
JVASP-136936,LiN,"['JVASP-1375', 'JVASP-7999', 'JVASP-78496']"
JVASP-47768,LiCrO2,"['JVASP-92471', 'JVASP-117280', 'JVASP-117400']"
JVASP-16057,LiPrGe,"['JVASP-76261', 'JVASP-149821']"
JVASP-137798,LiB2S2,"['JVASP-137799', 'JVASP-137800', 'JVASP-137802']"
JVASP-139380,LiP,"['JVASP-86988', 'JVASP-86319', 'JVASP-125959']"
JVASP-116016,LiMnF4,"['JVASP-47990', 'JVASP-47996', 'JVASP-48001']"
JVASP-139384,Li2P,"['JVASP-86988', 'JVASP-86319', 'JVASP-125959']"
JVASP-110625,LiGa3,"['JVASP-18520', 'JVASP-79425', 'JVASP-38466']"
JVASP-145872,Li2TiCr2O6,['JVASP-142544']
JVASP-139383,LiP,"['JVASP-86988', 'JVASP-86319', 'JVASP-125959']"
JVASP-48806,LiVOF3,"['JVASP-42715', 'JVASP-45779', 'JVASP-46901']"
JVASP-100701,LiVO3,"['JVASP-47722', 'JVASP-43034', 'JVASP-121167']"
JVASP-136913,Li2Cl,['JVASP-136922']
JVASP-79428,Li3Pb,['JVASP-18738']
JVASP-149635,LiMnO2,"['JVASP-52791', 'JVASP-103153', 'JVASP-7888']"
JVASP-50838,Li2CrS4,['JVASP-50879']
JVASP-111878,Li2Ni3BiO8,"['JVASP-46299', 'JVASP-111957']"
JVASP-44706,Li4FeCo3O8,['JVASP-145949']
JVASP-142876,LiFeSiO4,"['JVASP-48292', 'JVASP-47796', 'JVASP-48612']"
JVASP-149616,LiN,"['JVASP-1375', 'JVASP-7999', 'JVASP-78496']"
JVASP-128426,LiTe2,"['JVASP-1399', 'JVASP-78529', 'JVASP-121192']"
JVASP-109054,LiAg3,"['JVASP-79464', 'JVASP-39803', 'JVASP-14547']"
JVASP-122323,LiMnF4,"['JVASP-47990', 'JVASP-47996', 'JVASP-48001']"
JVASP-43673,Li2VF6,"['JVASP-43793', 'JVASP-48888', 'JVASP-40704']"
JVASP-111357,LiFeO2,"['JVASP-42576', 'JVASP-43114', 'JVASP-42992']"
JVASP-139323,LiC,"['JVASP-38476', 'JVASP-139316', 'JVASP-139321']"
JVASP-128077,LiPt3,"['JVASP-18740', 'JVASP-7725', 'JVASP-20419']"
JVASP-141017,LiMnF3,['JVASP-116017']
JVASP-47611,Li2CrCo3O8,"['JVASP-48811', 'JVASP-42696', 'JVASP-146628']"
JVASP-44912,Li2Al2FeO6,['JVASP-44442']
JVASP-44721,LiMnNiO4,"['JVASP-46921', 'JVASP-108966', 'JVASP-144415']"
JVASP-36754,LiAuO2,['JVASP-120397']
JVASP-121895,LiCoSnO4,"['JVASP-43643', 'JVASP-43169', 'JVASP-147714']"
JVASP-45239,Li5V4O8,['JVASP-43067']
JVASP-48298,LiCoNiO4,"['JVASP-100454', 'JVASP-104729', 'JVASP-47550']"
JVASP-48591,LiNiOF2,"['JVASP-47032', 'JVASP-137377']"
JVASP-115194,LiI2,"['JVASP-8563', 'JVASP-56047', 'JVASP-54821']"
JVASP-91876,LiMg7,"['JVASP-90585', 'JVASP-90586', 'JVASP-90587']"
JVASP-116247,Li3As,['JVASP-125912']
JVASP-44130,LiVF4,"['JVASP-100067', 'JVASP-102253', 'JVASP-48544']"
JVASP-116845,Li2TiV3O8,"['JVASP-48396', 'JVASP-46671', 'JVASP-146096']"
JVASP-142596,LiMn2F7,"['JVASP-48922', 'JVASP-48572', 'JVASP-111921']"
JVASP-104543,LiTiV2O6,"['JVASP-48411', 'JVASP-122516', 'JVASP-121722']"
JVASP-38449,LiAu3,"['JVASP-106257', 'JVASP-107551', 'JVASP-16445']"
JVASP-140856,Li3Ga14,"['JVASP-18520', 'JVASP-101580', 'JVASP-79425']"
JVASP-111323,Li2Al,"['JVASP-38435', 'JVASP-130653', 'JVASP-153753']"
JVASP-144004,Li3V5Cr2O12,['JVASP-42960']
JVASP-52248,Li2BiO3,"['JVASP-50820', 'JVASP-50527']"
JVASP-133656,LiV3O8,"['JVASP-45236', 'JVASP-116516', 'JVASP-146722']"
JVASP-44793,LiTiNiO4,"['JVASP-48242', 'JVASP-48440', 'JVASP-43671']"
JVASP-137300,Li3VCr3O8,"['JVASP-43523', 'JVASP-42794', 'JVASP-48504']"
JVASP-127566,LiF3,"['JVASP-1130', 'JVASP-36289', 'JVASP-118886']"
JVASP-48297,Li3Co4O8,"['JVASP-2017', 'JVASP-42834', 'JVASP-48257']"
JVASP-116868,Li4Fe3Ni3O12,"['JVASP-47054', 'JVASP-45864', 'JVASP-44698']"
JVASP-42812,Li3VO3F2,['JVASP-144051']
JVASP-121786,Li3Co8O4F12,"['JVASP-48430', 'JVASP-48502', 'JVASP-48540']"
JVASP-146905,Li3V2C4O12,"['JVASP-46669', 'JVASP-45841', 'JVASP-46850']"
JVASP-101580,LiGa3,"['JVASP-18520', 'JVASP-79425', 'JVASP-38466']"
JVASP-90616,LiPtF6,"['JVASP-11159', 'JVASP-147502']"
JVASP-156270,LiGePd,"['JVASP-8702', 'JVASP-105457']"
JVASP-121204,LiTe,"['JVASP-1399', 'JVASP-78529', 'JVASP-121193']"
JVASP-22717,LiFeF4,"['JVASP-42426', 'JVASP-43647', 'JVASP-43652']"
JVASP-43146,Li2Cr3FeO8,"['JVASP-42792', 'JVASP-40982', 'JVASP-46888']"
JVASP-48627,LiVF4,"['JVASP-100067', 'JVASP-102253', 'JVASP-48544']"
JVASP-48666,Li2VF6,"['JVASP-43793', 'JVASP-48888', 'JVASP-40704']"
JVASP-90586,LiMg,"['JVASP-90587', 'JVASP-90589', 'JVASP-90759']"
JVASP-39424,LiDy3,['JVASP-125928']
JVASP-127756,LiCd,"['JVASP-40435', 'JVASP-38446', 'JVASP-130663']"
JVASP-110313,LiNiO2,"['JVASP-108189', 'JVASP-7881', 'JVASP-30393']"
JVASP-109014,LiS,"['JVASP-1288', 'JVASP-9077', 'JVASP-34678']"
JVASP-145777,Li2NbNi3O8,"['JVASP-144756', 'JVASP-146926']"
JVASP-99751,Ba3Li,"['JVASP-98010', 'JVASP-115187', 'JVASP-128891']"
JVASP-144005,Li2Ni3SbO8,['JVASP-132895']
JVASP-45789,LiVF4,"['JVASP-100067', 'JVASP-102253', 'JVASP-48544']"
JVASP-39257,LiLu3,['JVASP-132093']
JVASP-119721,Li4VCr3O8,"['JVASP-48504', 'JVASP-140640']"
JVASP-13301,LiMn4O8,"['JVASP-48233', 'JVASP-91859', 'JVASP-52791']"
JVASP-121345,Li7Sn4O12,['JVASP-19054']
JVASP-38517,LiMg,"['JVASP-90587', 'JVASP-90589', 'JVASP-90759']"
JVASP-47788,Li2Fe5O10,"['JVASP-47765', 'JVASP-47769', 'JVASP-48101']"
JVASP-48024,LiMnF3,['JVASP-116017']
JVASP-45918,LiFeC2O6,"['JVASP-48146', 'JVASP-45900', 'JVASP-121759']"
JVASP-40675,LiFeSiO4,"['JVASP-48292', 'JVASP-47796', 'JVASP-48612']"
JVASP-38313,LiSi3,"['JVASP-86910', 'JVASP-86307', 'JVASP-103702']"
JVASP-50726,LiCuPO4,"['JVASP-49798', 'JVASP-50649', 'JVASP-52253']"
JVASP-68385,LiMnBe,"['JVASP-65174', 'JVASP-71943']"
JVASP-118939,LiAuS2,"['JVASP-11416', 'JVASP-118938']"
JVASP-155714,LiAl2Ga2,['JVASP-107321']
JVASP-121200,LiTe,"['JVASP-1399', 'JVASP-78529', 'JVASP-121193']"
JVASP-141529,Li3Mn2Si2O8,"['JVASP-42276', 'JVASP-49137', 'JVASP-56663']"
JVASP-49976,LiTi3O6,"['JVASP-86520', 'JVASP-85921', 'JVASP-48724']"
JVASP-42314,LiMnF4,"['JVASP-47990', 'JVASP-47996', 'JVASP-48001']"
JVASP-156258,LiCuGe,"['JVASP-101638', 'JVASP-78923']"
JVASP-141837,Li3Mn2Si2O8,"['JVASP-42276', 'JVASP-49137', 'JVASP-56663']"
JVASP-39803,Li3Ag,['JVASP-130652']
JVASP-52332,LiBiS2,"['JVASP-92463', 'JVASP-100134']"
JVASP-79165,LiMg3,"['JVASP-90586', 'JVASP-90587', 'JVASP-90589']"
JVASP-142689,LiVOF4,['JVASP-48584']
JVASP-118197,LiAlAu,['JVASP-81195']
JVASP-42460,Li2Fe3NiO8,"['JVASP-112810', 'JVASP-111961', 'JVASP-146109']"
JVASP-48530,Li7VO5F,"['JVASP-47077', 'JVASP-113258']"
JVASP-145579,Li3Fe2C4O12,"['JVASP-45900', 'JVASP-121759']"
JVASP-48244,LiFeSiO4,"['JVASP-48292', 'JVASP-47796', 'JVASP-48612']"
JVASP-147444,Li2VO2F2,"['JVASP-46917', 'JVASP-47076', 'JVASP-140631']"
JVASP-48506,Li3FeO4,"['JVASP-46315', 'JVASP-142091']"
JVASP-94346,LiMg2,"['JVASP-90586', 'JVASP-90587', 'JVASP-90589']"
JVASP-59875,LiCr2S4,['JVASP-1474']
JVASP-147485,LiMnF3,['JVASP-116017']
JVASP-121751,Li2FeP2O8,"['JVASP-44734', 'JVASP-142571']"
JVASP-143985,LiMnSiO4,"['JVASP-42276', 'JVASP-49137', 'JVASP-56663']"
JVASP-111967,Li2P2WO8,['JVASP-48144']
JVASP-147490,Li7NbS6,['JVASP-50973']
JVASP-156418,LiInHg,['JVASP-106537']
JVASP-117295,Li3FeO3,['JVASP-47453']
JVASP-147097,Li2TiFe3O8,['JVASP-141233']
JVASP-61273,Li3As,['JVASP-125912']
JVASP-136357,LiClO,['JVASP-38000']
JVASP-42233,LiVF4,"['JVASP-100067', 'JVASP-102253', 'JVASP-48544']"
JVASP-48257,Li8Co5O10,"['JVASP-43161', 'JVASP-43015', 'JVASP-108179']"
JVASP-145873,Li5Mn6O16,"['JVASP-52142', 'JVASP-111647', 'JVASP-112917']"
JVASP-52193,LiAg2F4,"['JVASP-22698', 'JVASP-50760', 'JVASP-52561']"
JVASP-44426,LiAlFeO4,"['JVASP-43984', 'JVASP-44373']"
JVASP-121790,LiVF5,"['JVASP-46913', 'JVASP-147415', 'JVASP-145591']"
JVASP-150627,Li2Sb,"['JVASP-1366', 'JVASP-8152', 'JVASP-120313']"
JVASP-126576,LiRh3,"['JVASP-107944', 'JVASP-78686', 'JVASP-109051']"
JVASP-42828,Li7FeO4F2,['JVASP-147489']
JVASP-45772,LiVCrP4O14,"['JVASP-48932', 'JVASP-46667', 'JVASP-137374']"
JVASP-142661,LiVF5,"['JVASP-46913', 'JVASP-147415', 'JVASP-145591']"
JVASP-45813,LiVF4,"['JVASP-100067', 'JVASP-102253', 'JVASP-48544']"
JVASP-101165,LiTa2O6,"['JVASP-49773', 'JVASP-9426', 'JVASP-135336']"
JVASP-115187,BaLi,"['JVASP-98010', 'JVASP-130657']"
JVASP-22460,LiGe,"['JVASP-20195', 'JVASP-40434', 'JVASP-156255']"
JVASP-113542,LiAgSb,['JVASP-1849']
JVASP-102843,Li3FeO4,"['JVASP-46315', 'JVASP-142091']"
JVASP-65259,LiBePb,['JVASP-74454']
JVASP-15786,LiCu2P2,"['JVASP-16701', 'JVASP-138739']"
JVASP-116819,Li3V2Fe3O10,"['JVASP-44625', 'JVASP-141843']"
JVASP-46821,Li3Co4S8,"['JVASP-50620', 'JVASP-50866', 'JVASP-108866']"
JVASP-36780,LiAgO2,['JVASP-114159']
JVASP-143255,LiMn2F7,"['JVASP-48922', 'JVASP-48572', 'JVASP-111921']"
JVASP-109721,Li2BrO,['JVASP-8673']
JVASP-48241,Li4Ti3V3O12,"['JVASP-46343', 'JVASP-45243', 'JVASP-48218']"
JVASP-52267,LiCuF4,"['JVASP-50719', 'JVASP-50720', 'JVASP-47645']"
JVASP-121197,LiTe2,"['JVASP-1399', 'JVASP-78529', 'JVASP-121192']"
JVASP-122325,LiFe2P2O8,"['JVASP-48301', 'JVASP-47499', 'JVASP-47509']"
JVASP-120740,LiV2F7,"['JVASP-47015', 'JVASP-45858', 'JVASP-47061']"
JVASP-99802,Li3Y,['JVASP-130731']
JVASP-17917,LiCaPb,['JVASP-39816']
JVASP-142086,LiVSiCO7,['JVASP-42904']
JVASP-126397,LiPb3,"['JVASP-18738', 'JVASP-1384', 'JVASP-18737']"
JVASP-79300,LiCuS2,"['JVASP-92457', 'JVASP-50791', 'JVASP-50800']"
JVASP-143975,Li3V2OF7,['JVASP-48918']
JVASP-150109,Li3Cu2O4,"['JVASP-15431', 'JVASP-93297', 'JVASP-50491']"
JVASP-151859,LiB11,"['JVASP-62691', 'JVASP-105282', 'JVASP-8661']"
JVASP-142603,Li3Mn4O8,"['JVASP-48233', 'JVASP-91859', 'JVASP-52791']"
JVASP-121206,LiTe2,"['JVASP-1399', 'JVASP-78529', 'JVASP-121192']"
JVASP-38539,Li3Pd,['JVASP-130700']
JVASP-139976,LiMnO2,"['JVASP-52791', 'JVASP-103153', 'JVASP-7888']"
JVASP-43584,LiFeF4,"['JVASP-42426', 'JVASP-43647', 'JVASP-43652']"
JVASP-144747,Li3Co2Si2O8,"['JVASP-48881', 'JVASP-48882', 'JVASP-48715']"
JVASP-152288,LiB11,"['JVASP-62691', 'JVASP-105282', 'JVASP-8661']"
JVASP-35211,LiC12,"['JVASP-7784', 'JVASP-35959', 'JVASP-38476']"
JVASP-45055,LiCo2O4,"['JVASP-2017', 'JVASP-42829', 'JVASP-42834']"
JVASP-142858,LiV2P2O8,"['JVASP-48179', 'JVASP-42698', 'JVASP-142849']"
JVASP-43727,Li3CrO4,"['JVASP-47899', 'JVASP-44441', 'JVASP-46267']"
JVASP-42735,LiMnSiO4,"['JVASP-42276', 'JVASP-49137', 'JVASP-56663']"
JVASP-137223,Li2VF6,"['JVASP-43793', 'JVASP-48888', 'JVASP-40704']"
JVASP-146572,LiMn3O2F6,['JVASP-145590']
JVASP-44428,LiTiVO4,"['JVASP-48241', 'JVASP-46343', 'JVASP-45243']"
JVASP-116870,Li2Cr2CoO6,['JVASP-113207']
JVASP-18520,Li2Ga,"['JVASP-79425', 'JVASP-38466']"
JVASP-105096,LiCr2O4,"['JVASP-1855', 'JVASP-92471', 'JVASP-45184']"
JVASP-62288,Li3As,['JVASP-125912']
JVASP-146265,LiMnNiO4,"['JVASP-46921', 'JVASP-108966', 'JVASP-144415']"
JVASP-143995,Li2VF6,"['JVASP-43793', 'JVASP-48888', 'JVASP-40704']"
JVASP-118456,Li2HN,"['JVASP-13813', 'JVASP-151214', 'JVASP-152501']"
JVASP-42332,Li2MnP2HO8,"['JVASP-43202', 'JVASP-119375']"
JVASP-48896,Li3VCr3O8,"['JVASP-43523', 'JVASP-42794', 'JVASP-48504']"
JVASP-142031,LiV2OF7,"['JVASP-48918', 'JVASP-143975']"
JVASP-118903,Li2N,"['JVASP-1375', 'JVASP-7999', 'JVASP-136934']"
JVASP-105933,LiMgSb,['JVASP-110219']
JVASP-63216,Li3As,['JVASP-125912']
JVASP-116276,LiH2,"['JVASP-2002', 'JVASP-116261', 'JVASP-116262']"
JVASP-141836,Li2FeSiO5,"['JVASP-47845', 'JVASP-44729', 'JVASP-144785']"
JVASP-101776,LiIn3,"['JVASP-93406', 'JVASP-8484', 'JVASP-18217']"
JVASP-122516,Li2TiV2O6,"['JVASP-48411', 'JVASP-111597']"
JVASP-119365,Li2Mn3FeO8,['JVASP-111953']
JVASP-121198,LiTe2,"['JVASP-1399', 'JVASP-78529', 'JVASP-121192']"
JVASP-45184,Li2Cr3O6,"['JVASP-1855', 'JVASP-92471', 'JVASP-44460']"
JVASP-116265,Li2H,"['JVASP-116286', 'JVASP-130677']"
JVASP-46283,Li2CrO4,"['JVASP-42740', 'JVASP-47899', 'JVASP-44441']"
JVASP-141230,LiMnF4,"['JVASP-47990', 'JVASP-47996', 'JVASP-48001']"
JVASP-71945,LiBeW,"['JVASP-65090', 'JVASP-71761']"
JVASP-132893,LiVF6,"['JVASP-48666', 'JVASP-43793', 'JVASP-48888']"
JVASP-109164,Li4Mg,"['JVASP-93294', 'JVASP-41681']"
JVASP-141796,LiMnCo3O8,"['JVASP-43813', 'JVASP-47887', 'JVASP-40680']"
JVASP-43158,Li2MnFe3O8,"['JVASP-48349', 'JVASP-45795', 'JVASP-44692']"
JVASP-44330,Li4FeO3F,"['JVASP-48722', 'JVASP-146335']"
JVASP-121696,Li2MoP2O8,['JVASP-112415']
JVASP-117688,LiBeSe,"['JVASP-65185', 'JVASP-71798']"
JVASP-145936,LiCr2S4,['JVASP-1474']
JVASP-145636,Li2VGa3O8,['JVASP-44354']
JVASP-132856,LiFeC2O6,"['JVASP-48146', 'JVASP-45900', 'JVASP-121759']"
JVASP-116267,LiH2,"['JVASP-2002', 'JVASP-116261', 'JVASP-116262']"
JVASP-42763,LiFeO2,"['JVASP-42576', 'JVASP-43114', 'JVASP-42992']"
JVASP-144234,LiCo3O2F6,['JVASP-46959']
JVASP-47999,LiMnF3,['JVASP-116017']
JVASP-44414,Li2Mn3WO8,['JVASP-44719']
JVASP-112847,Li2Mn3CrO8,"['JVASP-112512', 'JVASP-140714']"
JVASP-119741,LiCoSiO4,"['JVASP-48671', 'JVASP-48881', 'JVASP-48882']"
JVASP-62691,LiB,"['JVASP-8661', 'JVASP-115185']"
JVASP-146931,Li2MnO2F,"['JVASP-48616', 'JVASP-133682']"
JVASP-144748,LiFeSiO4,"['JVASP-48292', 'JVASP-47796', 'JVASP-48612']"
JVASP-46841,Li2FeP2HO8,['JVASP-42191']
JVASP-137302,LiFeSiO4,"['JVASP-48292', 'JVASP-47796', 'JVASP-48612']"
JVASP-116283,LiH,"['JVASP-116261', 'JVASP-116265', 'JVASP-116278']"
JVASP-16445,Li3Au,['JVASP-130655']
JVASP-48268,LiCo3O6,"['JVASP-2017', 'JVASP-42829', 'JVASP-42834']"
JVASP-19712,LiCd,"['JVASP-40435', 'JVASP-38446', 'JVASP-130663']"
JVASP-101258,LiVF6,"['JVASP-48666', 'JVASP-43793', 'JVASP-48888']"
JVASP-38540,LiYO3,['JVASP-120293']
JVASP-145585,LiVF6,"['JVASP-48666', 'JVASP-43793', 'JVASP-48888']"
JVASP-155627,LiCu2As2,['JVASP-17316']
JVASP-108882,LiSm3,"['JVASP-99801', 'JVASP-38741', 'JVASP-125979']"
JVASP-116284,LiH2,"['JVASP-2002', 'JVASP-116261', 'JVASP-116262']"
JVASP-48919,LiCo4O8,"['JVASP-2017', 'JVASP-42829', 'JVASP-42834']"
JVASP-146740,Li3Fe3O8,['JVASP-43175']
JVASP-119539,Li2MnPCO7,"['JVASP-121924', 'JVASP-140561', 'JVASP-142069']"
JVASP-141862,Li4Co5O12,"['JVASP-44609', 'JVASP-112910', 'JVASP-112913']"
JVASP-74626,LiBeGa,['JVASP-70895']
JVASP-132586,LiPr3,"['JVASP-38550', 'JVASP-130703']"
JVASP-46779,Li3Co2Si2O8,"['JVASP-48881', 'JVASP-48882', 'JVASP-48715']"
JVASP-142069,Li5Mn2P2C2O14,"['JVASP-121924', 'JVASP-140561', 'JVASP-147251']"
JVASP-48217,Li3Fe2O6,"['JVASP-42577', 'JVASP-48718', 'JVASP-47453']"
JVASP-41779,LiPd3,"['JVASP-15039', 'JVASP-15040', 'JVASP-18951']"
JVASP-121738,Li2MnF6,"['JVASP-48580', 'JVASP-48165', 'JVASP-110623']"
JVASP-122388,Li4V3Cr3O12,"['JVASP-43435', 'JVASP-42641', 'JVASP-48345']"
JVASP-46001,Li3SbS4,"['JVASP-50466', 'JVASP-50813', 'JVASP-45973']"
JVASP-42243,Li2VP2HO8,['JVASP-44143']
JVASP-47329,Li4VF8,"['JVASP-47336', 'JVASP-47119', 'JVASP-112433']"
JVASP-122270,LiCo2NiO6,"['JVASP-46911', 'JVASP-148272', 'JVASP-145497']"
JVASP-42486,LiNbTe3O12,['JVASP-50497']
JVASP-123872,LiCo,['JVASP-38465']
JVASP-139324,Li2C,['JVASP-38476']
JVASP-108703,LiAu,"['JVASP-106257', 'JVASP-16445', 'JVASP-116253']"
JVASP-118899,Li2N,"['JVASP-1375', 'JVASP-7999', 'JVASP-136934']"
JVASP-105565,LiMnN2,"['JVASP-109809', 'JVASP-117048', 'JVASP-111544']"
JVASP-40688,Li3MnV3O8,['JVASP-48391']
JVASP-115178,LiB2,"['JVASP-62691', 'JVASP-105282', 'JVASP-8661']"
JVASP-146926,Li3NbNi3O8,['JVASP-144756']
JVASP-118902,Li2N,"['JVASP-1375', 'JVASP-7999', 'JVASP-136934']"
JVASP-15431,Li2CuO2,['JVASP-50491']
JVASP-121709,Li2V3CoO8,"['JVASP-44633', 'JVASP-116517']"
JVASP-133662,Li2Fe3SbO8,['JVASP-42156']
JVASP-153225,Li9Al4,"['JVASP-38435', 'JVASP-130653']"
JVASP-38475,Li3In,['JVASP-125942']
JVASP-67164,LiBeRe,['JVASP-71797']
JVASP-139314,LiC,"['JVASP-38476', 'JVASP-139316', 'JVASP-139321']"
JVASP-139973,Li3V5O12,['JVASP-43545']
JVASP-45929,LiVCoO4,"['JVASP-112820', 'JVASP-132870']"
JVASP-116818,LiFe2OF5,"['JVASP-44773', 'JVASP-140713']"
JVASP-112853,Li2MnP2HO8,"['JVASP-43202', 'JVASP-119375']"
JVASP-43812,LiMnCo3O8,"['JVASP-43813', 'JVASP-47887', 'JVASP-40680']"
JVASP-142063,Li4VF8,"['JVASP-47336', 'JVASP-47119', 'JVASP-112433']"
JVASP-116244,Li2As,"['JVASP-61273', 'JVASP-62288', 'JVASP-63216']"
JVASP-78414,LiBe,['JVASP-38421']
JVASP-40991,Li3MnP2O8,['JVASP-47538']
JVASP-46859,LiMnF3,['JVASP-116017']
JVASP-122262,Li2Cr2CoO6,['JVASP-113207']
JVASP-138850,LiVF4,"['JVASP-100067', 'JVASP-102253', 'JVASP-48544']"
JVASP-125407,LiH3,"['JVASP-2002', 'JVASP-116261', 'JVASP-116262']"
JVASP-146099,LiCr2P2O8,"['JVASP-47472', 'JVASP-44514', 'JVASP-111898']"
JVASP-116837,LiV4O5F7,"['JVASP-46875', 'JVASP-121708']"
JVASP-52214,LiAg2F4,"['JVASP-22698', 'JVASP-50760', 'JVASP-52561']"
JVASP-1288,Li2S,['JVASP-130712']
JVASP-141648,LiTiFeO4,"['JVASP-44357', 'JVASP-111922']"
JVASP-68551,LiBeNb,['JVASP-71660']
JVASP-133676,LiV3O5F3,"['JVASP-47093', 'JVASP-121935', 'JVASP-144892']"
JVASP-43359,Li2FeCo3O8,"['JVASP-47982', 'JVASP-45861', 'JVASP-44706']"
JVASP-1411,LiN3,"['JVASP-1375', 'JVASP-7999', 'JVASP-78433']"
JVASP-133565,Li2MnO2F,"['JVASP-48616', 'JVASP-133682']"
JVASP-38473,Li3Hg,['JVASP-130680']
JVASP-47888,LiMn2O4,"['JVASP-48233', 'JVASP-91859', 'JVASP-52791']"
JVASP-20517,LiZn,"['JVASP-79432', 'JVASP-38580']"
JVASP-47449,LiMnSiO4,"['JVASP-42276', 'JVASP-49137', 'JVASP-56663']"
JVASP-145597,LiNi2O4,"['JVASP-18433', 'JVASP-42629', 'JVASP-85546']"
JVASP-43530,LiVF4,"['JVASP-100067', 'JVASP-102253', 'JVASP-48544']"
JVASP-143934,LiCoSnO4,"['JVASP-43643', 'JVASP-43169', 'JVASP-147714']"
JVASP-143294,Li3MnV3O8,['JVASP-48391']
JVASP-116311,LiSe2,"['JVASP-1381', 'JVASP-116300', 'JVASP-116301']"
JVASP-119725,Li7FeO5F,"['JVASP-44329', 'JVASP-120752']"
JVASP-48224,LiFeC2O6,"['JVASP-48146', 'JVASP-45900', 'JVASP-121759']"
JVASP-120278,Li2AlN2,['JVASP-21968']
JVASP-110322,LiMnO2,"['JVASP-52791', 'JVASP-103153', 'JVASP-7888']"
JVASP-146938,Li3MnCo3O8,"['JVASP-40680', 'JVASP-112500', 'JVASP-142139']"
JVASP-117318,LiV3O6,"['JVASP-92257', 'JVASP-1870', 'JVASP-78960']"
JVASP-78921,LiIr3,"['JVASP-8021', 'JVASP-130683']"
JVASP-48574,Li3MnV3O8,['JVASP-48391']
JVASP-147697,LiV2Si2O8,"['JVASP-47552', 'JVASP-45777', 'JVASP-45835']"
JVASP-132936,LiNi5O10,"['JVASP-18433', 'JVASP-42629', 'JVASP-85546']"
JVASP-144072,LiVFeO4,"['JVASP-100936', 'JVASP-40734', 'JVASP-110325']"
JVASP-141570,Li2MnF6,"['JVASP-48580', 'JVASP-48165', 'JVASP-110623']"
JVASP-16408,LiIrF6,['JVASP-102356']
JVASP-48164,LiFeCo2O6,"['JVASP-47566', 'JVASP-121898']"
JVASP-48921,Li6FeO5F,"['JVASP-44329', 'JVASP-119725', 'JVASP-120752']"
JVASP-151188,Li2S,['JVASP-130712']
JVASP-138842,SrLiF,['JVASP-138841']
JVASP-142592,Li4Fe3Ni2O10,['JVASP-44714']
JVASP-50469,Li2TiTe3O12,['JVASP-42654']
JVASP-39216,NaLi3,['JVASP-130692']
JVASP-48080,LiVSiO5,"['JVASP-11689', 'JVASP-117453']"
JVASP-140987,LiVF5,"['JVASP-46913', 'JVASP-147415', 'JVASP-145591']"
JVASP-48251,Li2Ti2V3O10,['JVASP-48408']
JVASP-68905,LiBePt,['JVASP-71843']
JVASP-47706,LiCoSiO4,"['JVASP-48671', 'JVASP-48881', 'JVASP-48882']"
JVASP-46267,Li4CrO4,['JVASP-44470']
JVASP-7901,LiFeO2,"['JVASP-42576', 'JVASP-43114', 'JVASP-42992']"
JVASP-120742,LiMn5Cu2O12,['JVASP-42528']
JVASP-93406,Li2In,"['JVASP-38475', 'JVASP-40328', 'JVASP-125942']"
JVASP-112358,LiTiCrO4,"['JVASP-99666', 'JVASP-44677', 'JVASP-46436']"
JVASP-107551,LiAu,"['JVASP-106257', 'JVASP-16445', 'JVASP-116253']"
JVASP-48249,Li2Ti3V3O12,"['JVASP-48241', 'JVASP-48189', 'JVASP-46343']"
JVASP-42920,Li3Fe4B4O12,"['JVASP-141586', 'JVASP-145663']"
JVASP-120313,Li3Sb,['JVASP-130713']
JVASP-128347,Yb3Li,"['JVASP-99804', 'JVASP-107670', 'JVASP-130732']"
JVASP-48321,LiV3O8,"['JVASP-45236', 'JVASP-116516', 'JVASP-146722']"
JVASP-140587,LiVO2F,"['JVASP-47962', 'JVASP-48167', 'JVASP-48124']"
JVASP-45236,Li3V6O16,"['JVASP-116516', 'JVASP-146722']"
JVASP-141022,Li2VFe3O8,"['JVASP-44634', 'JVASP-121933']"
JVASP-122518,Li4Mn5O9F,['JVASP-143257']
JVASP-141854,Li15Fe2O12,"['JVASP-44363', 'JVASP-146264']"
JVASP-43810,LiFeF4,"['JVASP-42426', 'JVASP-43647', 'JVASP-43652']"
JVASP-108821,LiVO2,"['JVASP-45239', 'JVASP-43067']"
JVASP-78883,LiMgSb,['JVASP-110219']
JVASP-91799,LiNbF6,"['JVASP-16176', 'JVASP-150483']"
JVASP-45939,Li2MnFe3O8,"['JVASP-48349', 'JVASP-45795', 'JVASP-44692']"
JVASP-42732,LiVOF4,['JVASP-48584']
JVASP-116861,LiCr2O4,"['JVASP-1855', 'JVASP-92471', 'JVASP-45184']"
JVASP-107005,LiAs3,"['JVASP-61273', 'JVASP-62288', 'JVASP-63216']"
JVASP-141105,LiIn2,"['JVASP-93406', 'JVASP-8484', 'JVASP-18217']"
JVASP-119317,LiCoSiO4,"['JVASP-48671', 'JVASP-48881', 'JVASP-48882']"
JVASP-116242,LiAs,"['JVASP-61273', 'JVASP-62288', 'JVASP-63216']"
JVASP-42995,LiFeO2,"['JVASP-42576', 'JVASP-43114', 'JVASP-42992']"
JVASP-116825,Li3V2C4O12,"['JVASP-46669', 'JVASP-45841', 'JVASP-46850']"
JVASP-142623,Li2MnF6,"['JVASP-48580', 'JVASP-48165', 'JVASP-110623']"
JVASP-137391,Li2CoO3,"['JVASP-48267', 'JVASP-40701', 'JVASP-122393']"
JVASP-90378,Li2MnF6,"['JVASP-48580', 'JVASP-48165', 'JVASP-110623']"
JVASP-46743,Li3MnSi2O7,['JVASP-47515']
JVASP-7669,LiAl,"['JVASP-38435', 'JVASP-111323', 'JVASP-130653']"
JVASP-38530,Li3Nb,['JVASP-130693']
JVASP-116253,Li2Au,"['JVASP-106257', 'JVASP-16445', 'JVASP-130655']"
JVASP-47766,LiCrSiO4,"['JVASP-48281', 'JVASP-47889']"
JVASP-49834,LiNbTe3O12,['JVASP-50497']
JVASP-147673,LiMn3O6,"['JVASP-48233', 'JVASP-91859', 'JVASP-52791']"
JVASP-139321,Li2C,['JVASP-38476']
JVASP-91815,LiPd7,"['JVASP-15039', 'JVASP-15040', 'JVASP-18951']"
JVASP-42414,Li2Fe3CuO8,"['JVASP-48362', 'JVASP-45083']"
JVASP-122359,LiFeSiO4,"['JVASP-48292', 'JVASP-47796', 'JVASP-48612']"
JVASP-42693,LiTiV2O6,"['JVASP-48411', 'JVASP-122516', 'JVASP-121722']"
JVASP-43110,Li2Mn3CoO8,"['JVASP-47039', 'JVASP-112501', 'JVASP-112909']"
JVASP-113243,Li3MnV3O8,['JVASP-48391']
JVASP-45853,Li2VF6,"['JVASP-43793', 'JVASP-48888', 'JVASP-40704']"
JVASP-115179,LiB2,"['JVASP-62691', 'JVASP-105282', 'JVASP-8661']"
JVASP-59167,LiCoP2O7,"['JVASP-112836', 'JVASP-122354', 'JVASP-143941']"
JVASP-141606,Li3VCr3O8,"['JVASP-43523', 'JVASP-42794', 'JVASP-48504']"
JVASP-47983,Li2Fe2CoO6,"['JVASP-47547', 'JVASP-145527']"
JVASP-139322,LiC2,"['JVASP-7784', 'JVASP-38476', 'JVASP-139314']"
JVASP-115706,LiPBr,['JVASP-115708']
JVASP-140994,Li2FePCO7,"['JVASP-112441', 'JVASP-119745']"
JVASP-122530,Li2Fe3CoO8,"['JVASP-48527', 'JVASP-48163', 'JVASP-45238']"
JVASP-138822,LiNiF4,['JVASP-31156']
JVASP-99967,LiUI6,['JVASP-85235']
JVASP-34833,LiCuPO4,"['JVASP-49798', 'JVASP-50649', 'JVASP-52253']"
JVASP-42901,Li3Fe5Co2O12,['JVASP-42677']
JVASP-116791,LiCoP2O7,"['JVASP-112836', 'JVASP-122354', 'JVASP-143941']"
JVASP-78577,LiO2,"['JVASP-86322', 'JVASP-87063', 'JVASP-105103']"
JVASP-108192,LiCrCo2O6,"['JVASP-47638', 'JVASP-47567']"
JVASP-50694,Li2CuF4,"['JVASP-50720', 'JVASP-52200']"
JVASP-50849,LiAg2F6,"['JVASP-52577', 'JVASP-52221', 'JVASP-50739']"
JVASP-156413,LiHgPb,['JVASP-81001']
JVASP-42386,Li3Fe2Cu2O8,"['JVASP-104992', 'JVASP-44746', 'JVASP-44691']"
JVASP-66031,BaLiCr,['JVASP-65747']
JVASP-46519,LiMn4O8,"['JVASP-48233', 'JVASP-91859', 'JVASP-52791']"
JVASP-121768,LiVF5,"['JVASP-46913', 'JVASP-147415', 'JVASP-145591']"
JVASP-59226,LiVP2O8,"['JVASP-48209', 'JVASP-59225', 'JVASP-141813']"
JVASP-46707,LiVPHO5,['JVASP-143290']
JVASP-43972,Li2MnB2O6,['JVASP-46406']
JVASP-141512,Li3Fe2O6,"['JVASP-42577', 'JVASP-48718', 'JVASP-47453']"
JVASP-71761,Li2BeW,['JVASP-65090']
JVASP-20545,LiHg,"['JVASP-38473', 'JVASP-19791', 'JVASP-130680']"
JVASP-46801,LiMn5Cu2O12,['JVASP-42528']
JVASP-20419,Li2Pt,"['JVASP-38551', 'JVASP-40329']"
JVASP-118900,LiN,"['JVASP-1375', 'JVASP-7999', 'JVASP-78496']"
JVASP-56047,LiI,"['JVASP-115189', 'JVASP-115192', 'JVASP-115195']"
JVASP-142881,LiFe2B2O6,"['JVASP-42920', 'JVASP-141586', 'JVASP-145663']"
JVASP-47608,Li2Co3NiO8,"['JVASP-40656', 'JVASP-45862', 'JVASP-117292']"
JVASP-18423,LiCuO2,"['JVASP-15431', 'JVASP-93297', 'JVASP-18422']"
JVASP-48292,Li3Fe2Si2O8,"['JVASP-47796', 'JVASP-48612', 'JVASP-47125']"
JVASP-22386,LiAsF6,['JVASP-100075']
JVASP-151373,Li8Pb3,"['JVASP-18738', 'JVASP-18737', 'JVASP-79428']"
JVASP-45906,LiMnCoO4,"['JVASP-101528', 'JVASP-105589', 'JVASP-46902']"
JVASP-91352,LiBiO3,"['JVASP-50820', 'JVASP-52248', 'JVASP-50527']"
JVASP-44527,Li2Mn3VO8,['JVASP-140224']
JVASP-94413,LiMg2,"['JVASP-90586', 'JVASP-90587', 'JVASP-90589']"
JVASP-116273,LiH2,"['JVASP-2002', 'JVASP-116261', 'JVASP-116262']"
JVASP-48137,LiMnF3,['JVASP-116017']
JVASP-18422,Li3Cu2O4,"['JVASP-15431', 'JVASP-93297', 'JVASP-50491']"
JVASP-58389,LiReO3,['JVASP-152155']
JVASP-136911,LiCl2,"['JVASP-107458', 'JVASP-23864', 'JVASP-136909']"
JVASP-38522,Li3Mg,"['JVASP-93294', 'JVASP-41681', 'JVASP-109164']"
JVASP-146900,LiCrP2O7,"['JVASP-43820', 'JVASP-119542', 'JVASP-133673']"
JVASP-143978,Li3Mn2C4O12,"['JVASP-46831', 'JVASP-146619', 'JVASP-147713']"
JVASP-107187,LiPrO3,"['JVASP-15578', 'JVASP-14247']"
JVASP-140540,Li3Fe3O8,['JVASP-43175']
JVASP-117253,Li3MnCo3O8,"['JVASP-40680', 'JVASP-112500', 'JVASP-142139']"
JVASP-11735,Li2MnO3,"['JVASP-44701', 'JVASP-147682']"
JVASP-86988,Li3P,['JVASP-125959']
JVASP-47301,LiVF6,"['JVASP-48666', 'JVASP-43793', 'JVASP-48888']"
JVASP-113440,Li2BO3,['JVASP-12805']
JVASP-48546,LiVO2F2,"['JVASP-48537', 'JVASP-46917', 'JVASP-47076']"
JVASP-50719,Li2CuF4,"['JVASP-50720', 'JVASP-52200']"
JVASP-147426,LiVF4,"['JVASP-100067', 'JVASP-102253', 'JVASP-48544']"
JVASP-140538,Li3Mn4O8,"['JVASP-48233', 'JVASP-91859', 'JVASP-52791']"
JVASP-71675,Li2BeTc,['JVASP-64916']
JVASP-8755,LiS,"['JVASP-1288', 'JVASP-9077', 'JVASP-34678']"
JVASP-117291,LiFeSiO4,"['JVASP-48292', 'JVASP-47796', 'JVASP-48612']"
JVASP-50724,LiFe2P2,"['JVASP-93884', 'JVASP-36273', 'JVASP-17589']"
JVASP-140615,Li2MnCoP2O8,['JVASP-143120']
JVASP-43735,Li4FeO3F,"['JVASP-48722', 'JVASP-146335']"
JVASP-45776,LiVF4,"['JVASP-100067', 'JVASP-102253', 'JVASP-48544']"
JVASP-141792,LiMn2O4,"['JVASP-48233', 'JVASP-91859', 'JVASP-52791']"
JVASP-46150,LiCoC2O6,"['JVASP-141829', 'JVASP-144245', 'JVASP-142064']"
JVASP-43565,Li3V2P4H2O16,"['JVASP-42243', 'JVASP-44143']"
JVASP-142030,Li2FeCo3O8,"['JVASP-47982', 'JVASP-45861', 'JVASP-44706']"
JVASP-43560,LiV4O5F7,"['JVASP-46875', 'JVASP-121708']"
JVASP-109285,LiF3,"['JVASP-1130', 'JVASP-36289', 'JVASP-118886']"
JVASP-49773,LiTaO3,['JVASP-135336']
JVASP-48112,LiMn2B2O6,"['JVASP-42744', 'JVASP-11785', 'JVASP-46292']"
JVASP-99588,LiCoC2O6,"['JVASP-141829', 'JVASP-144245', 'JVASP-142064']"
JVASP-134184,NaLiBi,['JVASP-22724']
JVASP-124266,LiCl3,"['JVASP-107458', 'JVASP-23864', 'JVASP-136909']"
JVASP-43658,Li2CrPCO7,"['JVASP-46796', 'JVASP-141625']"
JVASP-116899,Li2FeB2O6,['JVASP-48959']
JVASP-120590,LiVSiO4,['JVASP-46719']
JVASP-43620,LiFeF4,"['JVASP-42426', 'JVASP-43647', 'JVASP-43652']"
JVASP-88310,Li2HN,"['JVASP-13813', 'JVASP-151214', 'JVASP-152501']"
JVASP-48259,Li7FeO6,"['JVASP-44363', 'JVASP-141854', 'JVASP-146264']"
JVASP-147016,LiCl2O4,['JVASP-13159']
JVASP-45848,LiCo2CuO6,['JVASP-141591']
JVASP-122533,LiFeSiO4,"['JVASP-48292', 'JVASP-47796', 'JVASP-48612']"
JVASP-144415,Li4Mn3Ni3O12,"['JVASP-46921', 'JVASP-108966']"
JVASP-129592,LiSc,['JVASP-109053']
JVASP-48235,Li2Mn3SbO8,['JVASP-42959']
JVASP-9077,Li2S,['JVASP-130712']
JVASP-109823,Li2VF6,"['JVASP-43793', 'JVASP-48888', 'JVASP-40704']"
JVASP-145649,Li3Cr4O8,"['JVASP-1855', 'JVASP-92471', 'JVASP-44460']"
JVASP-44375,Li2Ni2SbO6,"['JVASP-140622', 'JVASP-152510']"
JVASP-116252,LiAs2,"['JVASP-61273', 'JVASP-62288', 'JVASP-63216']"
JVASP-104586,LiAc3,['JVASP-38576']
JVASP-140627,Li2VCo3O8,['JVASP-144417']
JVASP-44460,LiCrO2,"['JVASP-92471', 'JVASP-117280', 'JVASP-117400']"
JVASP-117071,LiMn2NiO6,['JVASP-57336']
JVASP-133622,LiMn4O8,"['JVASP-48233', 'JVASP-91859', 'JVASP-52791']"
JVASP-101168,LiV3O6,"['JVASP-92257', 'JVASP-1870', 'JVASP-78960']"
JVASP-47567,Li2CrCo2O6,['JVASP-47638']
JVASP-122330,LiAlVO4,"['JVASP-46248', 'JVASP-142071', 'JVASP-145611']"
JVASP-47678,LiVC2O6,"['JVASP-46669', 'JVASP-45841', 'JVASP-46850']"
JVASP-44751,LiFeSiO4,"['JVASP-48292', 'JVASP-47796', 'JVASP-48612']"
JVASP-111951,Li3Fe4O8,"['JVASP-47769', 'JVASP-48101', 'JVASP-42576']"
JVASP-87071,LiGe,"['JVASP-20195', 'JVASP-40434', 'JVASP-156255']"
JVASP-44301,Li2CoOF3,"['JVASP-48462', 'JVASP-48427']"
JVASP-44453,Li2FeSiCO7,"['JVASP-44612', 'JVASP-145876']"
JVASP-40666,Li2VF6,"['JVASP-43793', 'JVASP-48888', 'JVASP-40704']"
JVASP-141052,Li3Mn2Si2O8,"['JVASP-42276', 'JVASP-49137', 'JVASP-56663']"
JVASP-92218,Li3NbO4,['JVASP-50523']
JVASP-139913,Li2Co3O6,"['JVASP-2017', 'JVASP-42829', 'JVASP-42834']"
JVASP-11654,LiCr2O4,"['JVASP-1855', 'JVASP-92471', 'JVASP-45184']"
JVASP-115198,Li2I,"['JVASP-115199', 'JVASP-130682']"
JVASP-64825,BaNaLi,['JVASP-69001']
JVASP-46898,Li2VOF5,['JVASP-113238']
JVASP-44859,Li4CrO5,['JVASP-44828']
JVASP-147128,LiFe2C3O9,['JVASP-46848']
JVASP-50813,Li4SbS4,"['JVASP-50466', 'JVASP-45973']"
JVASP-44376,Li2Fe3SbO8,['JVASP-42156']
JVASP-23864,LiCl,"['JVASP-136909', 'JVASP-136910', 'JVASP-136912']"
JVASP-14547,LiAg,"['JVASP-39803', 'JVASP-38577', 'JVASP-118600']"
JVASP-1130,LiF,"['JVASP-118887', 'JVASP-118891', 'JVASP-118892']"
JVASP-143986,LiFe3O6,"['JVASP-47765', 'JVASP-47769', 'JVASP-48101']"
JVASP-48662,Li2MnF6,"['JVASP-48580', 'JVASP-48165', 'JVASP-110623']"
JVASP-47739,Li2CuF5,"['JVASP-52574', 'JVASP-50754']"
JVASP-48189,LiTiVO4,"['JVASP-48241', 'JVASP-46343', 'JVASP-45243']"
JVASP-59241,LiP5,"['JVASP-98496', 'JVASP-86988', 'JVASP-89888']"
JVASP-47334,LiVF4,"['JVASP-100067', 'JVASP-102253', 'JVASP-48544']"
JVASP-144769,Li3Si2Ni2O8,"['JVASP-43149', 'JVASP-46765']"
JVASP-38734,Li3Th,['JVASP-130723']
JVASP-148118,LiTaO3,['JVASP-135336']
JVASP-142875,LiFeSi3O8,['JVASP-44421']
JVASP-126487,LiPd3,"['JVASP-15039', 'JVASP-15040', 'JVASP-18951']"
JVASP-43692,LiVP2HO8,"['JVASP-42243', 'JVASP-43565', 'JVASP-44143']"
JVASP-121187,LiS3,"['JVASP-1288', 'JVASP-8755', 'JVASP-78363']"
JVASP-47897,LiCoSiO4,"['JVASP-48671', 'JVASP-48881', 'JVASP-48882']"
JVASP-92457,Li2CuS2,"['JVASP-50791', 'JVASP-50800', 'JVASP-50801']"
JVASP-47838,Li3Ti2Fe3O10,['JVASP-119424']
JVASP-46720,LiMn2P2O8,"['JVASP-52783', 'JVASP-43659', 'JVASP-91261']"
JVASP-78963,LiMg2,"['JVASP-90586', 'JVASP-90587', 'JVASP-90589']"
JVASP-54821,LiI,"['JVASP-115189', 'JVASP-115192', 'JVASP-115195']"
JVASP-132961,LiFeO3,"['JVASP-42577', 'JVASP-48718', 'JVASP-47453']"
JVASP-146625,Li3Co3NiO8,"['JVASP-40656', 'JVASP-141042']"
JVASP-119607,Li2OsO6,"['JVASP-13272', 'JVASP-144615']"
JVASP-122677,LiGa3,"['JVASP-18520', 'JVASP-79425', 'JVASP-38466']"
JVASP-50886,LiBi3O6,['JVASP-12888']
JVASP-109908,LiMnF3,['JVASP-116017']
JVASP-52241,Li3Ti4O8,"['JVASP-48724', 'JVASP-100825', 'JVASP-18425']"
JVASP-142878,LiMnF3,['JVASP-116017']
JVASP-43590,LiFeF4,"['JVASP-42426', 'JVASP-43647', 'JVASP-43652']"
JVASP-42914,LiV2Si2O8,"['JVASP-47552', 'JVASP-45777', 'JVASP-45835']"
JVASP-43813,Li2MnCo3O8,"['JVASP-47887', 'JVASP-40680', 'JVASP-112500']"
JVASP-18315,LiBi,"['JVASP-8581', 'JVASP-114327', 'JVASP-113658']"
JVASP-43505,LiFeF4,"['JVASP-42426', 'JVASP-43647', 'JVASP-43652']"
JVASP-134658,LiCuF4,"['JVASP-50719', 'JVASP-50720', 'JVASP-47645']"
JVASP-46748,LiFeSiO4,"['JVASP-48292', 'JVASP-47796', 'JVASP-48612']"
JVASP-117439,LiCoSiO4,"['JVASP-48671', 'JVASP-48881', 'JVASP-48882']"
JVASP-141235,Li3V4S8,"['JVASP-49843', 'JVASP-15824']"
JVASP-52496,LiBiF5,['JVASP-92251']
JVASP-42938,LiCoGeO4,"['JVASP-48339', 'JVASP-46253', 'JVASP-140599']"
JVASP-39187,LiTl3,"['JVASP-19904', 'JVASP-93824', 'JVASP-15799']"
JVASP-50438,Li3SbS4,"['JVASP-50466', 'JVASP-50813', 'JVASP-45973']"
JVASP-146562,LiCo8O16,"['JVASP-2017', 'JVASP-42829', 'JVASP-42834']"
JVASP-38435,Li3Al,['JVASP-130653']
JVASP-117067,LiMn2B2O6,"['JVASP-42744', 'JVASP-11785', 'JVASP-46292']"
JVASP-48136,LiCr2CoO6,"['JVASP-113207', 'JVASP-116870', 'JVASP-122262']"
JVASP-139379,Li2P,"['JVASP-86988', 'JVASP-86319', 'JVASP-125959']"
JVASP-112808,LiVSiO4,['JVASP-46719']
JVASP-118893,LiF2,"['JVASP-1130', 'JVASP-36289', 'JVASP-118887']"
JVASP-111907,Li3CrP2O8,['JVASP-144115']
JVASP-38448,LiAl3,"['JVASP-91684', 'JVASP-7669', 'JVASP-38435']"
JVASP-44568,LiCuO2,"['JVASP-15431', 'JVASP-93297', 'JVASP-18422']"
JVASP-142664,Li3Co4O8,"['JVASP-2017', 'JVASP-42834', 'JVASP-48257']"
JVASP-47837,LiFeSiO4,"['JVASP-48292', 'JVASP-47796', 'JVASP-48612']"
JVASP-122527,Li4Mn3Co3O12,"['JVASP-101528', 'JVASP-105589', 'JVASP-46902']"
JVASP-44681,LiMn3CrO8,"['JVASP-112512', 'JVASP-111917', 'JVASP-112847']"
JVASP-144350,LiTiFeO4,"['JVASP-44357', 'JVASP-111922']"
JVASP-131746,LiDy8,"['JVASP-100994', 'JVASP-39424', 'JVASP-125928']"
JVASP-115418,NaLiAs,"['JVASP-36561', 'JVASP-115419']"
JVASP-139318,LiC2,"['JVASP-7784', 'JVASP-38476', 'JVASP-139314']"
JVASP-116301,Li2Se,['JVASP-130715']
JVASP-143258,LiVSiO4,['JVASP-46719']
JVASP-143237,Li8Co5O10,"['JVASP-43161', 'JVASP-43015', 'JVASP-108179']"
JVASP-116269,LiH,"['JVASP-116261', 'JVASP-116265', 'JVASP-116278']"
JVASP-47582,Li2Co3SbO8,['JVASP-119367']
JVASP-115184,LiB,"['JVASP-8661', 'JVASP-115185']"
JVASP-134183,LiMgBi,['JVASP-109393']
JVASP-43504,LiVF4,"['JVASP-100067', 'JVASP-102253', 'JVASP-48544']"
JVASP-11689,Li2VSiO5,['JVASP-117453']
JVASP-48629,LiCoCuO4,"['JVASP-43126', 'JVASP-112741', 'JVASP-140529']"
JVASP-156260,LiAgSn,"['JVASP-18589', 'JVASP-56771']"
JVASP-121731,Li2VGa3O8,['JVASP-44354']
JVASP-13842,BaLiSi,['JVASP-18440']
JVASP-43793,Li3VF6,"['JVASP-40704', 'JVASP-40658', 'JVASP-40689']"
JVASP-111356,LiInSn,['JVASP-39701']
JVASP-42259,LiMn2B2O6,"['JVASP-42744', 'JVASP-11785', 'JVASP-46292']"
JVASP-117410,Li6MnO6,['JVASP-145960']
JVASP-11776,LiMnVO4,"['JVASP-46741', 'JVASP-116856']"
JVASP-48146,Li3Fe2C4O12,"['JVASP-45900', 'JVASP-121759']"
JVASP-109989,Li3Sn,['JVASP-130717']
JVASP-140586,LiMnF4,"['JVASP-47990', 'JVASP-47996', 'JVASP-48001']"
JVASP-39247,LiMg2,"['JVASP-90586', 'JVASP-90587', 'JVASP-90589']"
JVASP-113662,LiBr2,"['JVASP-38538', 'JVASP-34772', 'JVASP-113664']"
JVASP-145612,LiVF5,"['JVASP-46913', 'JVASP-147415', 'JVASP-145591']"
JVASP-13166,LiCoP2O7,"['JVASP-112836', 'JVASP-122354', 'JVASP-143941']"
JVASP-145519,Li2TiV3O8,"['JVASP-48396', 'JVASP-46671', 'JVASP-146096']"
JVASP-45380,Li2UO4,['JVASP-26391']
JVASP-4600,YbLiGe,['JVASP-80001']
JVASP-141229,LiVSiO4,['JVASP-46719']
JVASP-143282,LiMnF3,['JVASP-116017']
JVASP-48052,LiMnF4,"['JVASP-47990', 'JVASP-47996', 'JVASP-48001']"
JVASP-78960,LiVO2,"['JVASP-45239', 'JVASP-43067']"
JVASP-141049,LiMnF3,['JVASP-116017']
JVASP-35989,LiB,"['JVASP-8661', 'JVASP-115185']"
JVASP-108930,LiCd3,"['JVASP-40435', 'JVASP-38446', 'JVASP-19712']"
JVASP-36784,LiAgO2,['JVASP-114159']
JVASP-124356,LiHg,"['JVASP-38473', 'JVASP-19791', 'JVASP-130680']"
JVASP-116860,Li3TiCo3O8,['JVASP-44652']
JVASP-34813,LiMn2O4,"['JVASP-48233', 'JVASP-91859', 'JVASP-52791']"
JVASP-115190,LiI2,"['JVASP-8563', 'JVASP-56047', 'JVASP-54821']"
JVASP-48541,Li4VO4F,"['JVASP-111974', 'JVASP-147160']"
JVASP-41991,LiAg3,"['JVASP-79464', 'JVASP-39803', 'JVASP-14547']"
JVASP-147134,LiMn2P2O8,"['JVASP-52783', 'JVASP-43659', 'JVASP-91261']"
JVASP-46250,Li2CrO4,"['JVASP-42740', 'JVASP-47899', 'JVASP-44441']"
JVASP-122277,Li3MnCo3O8,"['JVASP-40680', 'JVASP-112500', 'JVASP-142139']"
JVASP-42434,Li3Fe2O6,"['JVASP-42577', 'JVASP-48718', 'JVASP-47453']"
JVASP-40468,LiAg2F4,"['JVASP-22698', 'JVASP-50760', 'JVASP-52561']"
JVASP-44637,Li3Fe5O12,['JVASP-141025']
JVASP-35979,LiO3,"['JVASP-86322', 'JVASP-87063', 'JVASP-94345']"
JVASP-47240,LiVF4,"['JVASP-100067', 'JVASP-102253', 'JVASP-48544']"
JVASP-122933,LiV,['JVASP-130728']
JVASP-48392,Li3MnP2O8,['JVASP-47538']
JVASP-123677,LiSe2,"['JVASP-1381', 'JVASP-116300', 'JVASP-116301']"
JVASP-147149,LiFeF4,"['JVASP-42426', 'JVASP-43647', 'JVASP-43652']"
JVASP-143979,LiTiFeO4,"['JVASP-44357', 'JVASP-111922']"
JVASP-13754,LiTi3S6,"['JVASP-16170', 'JVASP-50140', 'JVASP-35973']"
JVASP-122339,Li9Co2O8,"['JVASP-55327', 'JVASP-43157', 'JVASP-146100']"
JVASP-41774,LiPt3,"['JVASP-18740', 'JVASP-7725', 'JVASP-20419']"
JVASP-121697,Li2MoP2O8,['JVASP-112415']
JVASP-45788,LiVP2O8,"['JVASP-48209', 'JVASP-59225', 'JVASP-141813']"
JVASP-37543,Yb3Li,"['JVASP-99804', 'JVASP-107670', 'JVASP-130732']"
JVASP-106956,Li3Pm,['JVASP-130701']
JVASP-43133,LiTiFeO4,"['JVASP-44357', 'JVASP-111922']"
JVASP-156748,YbLi,"['JVASP-99804', 'JVASP-107670', 'JVASP-130732']"
JVASP-48474,Li2CoO2F,"['JVASP-48433', 'JVASP-144781']"
JVASP-136360,LiPCl,['JVASP-136362']
JVASP-131609,LiBi5,"['JVASP-8581', 'JVASP-18315', 'JVASP-114327']"
JVASP-144724,Li3Ni4O8,"['JVASP-18433', 'JVASP-85546', 'JVASP-108189']"
JVASP-42250,LiMn2Cr2O8,"['JVASP-42300', 'JVASP-42241', 'JVASP-44675']"
JVASP-141547,LiFeP2O7,"['JVASP-42631', 'JVASP-122302', 'JVASP-122504']"
JVASP-140562,LiNiP2O7,"['JVASP-45883', 'JVASP-117273', 'JVASP-145646']"
JVASP-117287,LiVSiO4,['JVASP-46719']
JVASP-118458,Li2HN,"['JVASP-13813', 'JVASP-151214', 'JVASP-152501']"
JVASP-108761,LiTi2Te4,['JVASP-15918']
JVASP-139387,Li3P,['JVASP-125959']
JVASP-115193,LiI2,"['JVASP-8563', 'JVASP-56047', 'JVASP-54821']"
JVASP-119525,LiCo3O2F6,['JVASP-46959']
JVASP-46780,Li7Sb2S2,"['JVASP-52357', 'JVASP-46817', 'JVASP-46820']"
JVASP-139885,K2LiMn2O4,['JVASP-57480']
JVASP-112857,LiFeSiO4,"['JVASP-48292', 'JVASP-47796', 'JVASP-48612']"
JVASP-43466,Li2Fe3SbO8,['JVASP-42156']
JVASP-146125,Li3MnP2O8,['JVASP-47538']
JVASP-119521,Li2CrCo3O8,"['JVASP-48811', 'JVASP-42696', 'JVASP-146628']"
JVASP-115196,LiI2,"['JVASP-8563', 'JVASP-56047', 'JVASP-54821']"
JVASP-118904,LiN2,"['JVASP-1375', 'JVASP-7999', 'JVASP-78433']"
JVASP-136923,LiMgSb,['JVASP-110219']
JVASP-119259,Li3Fe2O6,"['JVASP-42577', 'JVASP-48718', 'JVASP-47453']"
JVASP-42818,Li2MnO2F,"['JVASP-48616', 'JVASP-133682']"
JVASP-138071,LiBeBi,['JVASP-67974']
JVASP-34678,Li2S,['JVASP-130712']
JVASP-47675,LiCrCoO4,"['JVASP-47027', 'JVASP-46444', 'JVASP-119688']"
JVASP-92254,LiVF6,"['JVASP-48666', 'JVASP-43793', 'JVASP-48888']"
JVASP-109824,Li3VO3F2,['JVASP-144051']
JVASP-121934,LiFeSiO4,"['JVASP-48292', 'JVASP-47796', 'JVASP-48612']"
JVASP-21502,Li2RhF6,['JVASP-104500']
JVASP-116261,Li2H,"['JVASP-116286', 'JVASP-130677']"
JVASP-43433,Li2NbFe3O8,['JVASP-44638']
JVASP-141601,Li4FeO3F,"['JVASP-48722', 'JVASP-146335']"
JVASP-42357,Li3CoO2F2,['JVASP-42811']
JVASP-43069,LiMnVO4,"['JVASP-46741', 'JVASP-116856']"
JVASP-50754,Li3CuF5,['JVASP-52574']
JVASP-48966,Li2MnO2F,"['JVASP-48616', 'JVASP-133682']"
JVASP-132906,Li7FeO4F2,['JVASP-147489']
JVASP-18951,Li2Pd,"['JVASP-16569', 'JVASP-38539', 'JVASP-130700']"
JVASP-44656,LiV3CoO10,['JVASP-141037']
JVASP-100481,LiMnF3,['JVASP-116017']
JVASP-145578,LiVCoO4,"['JVASP-112820', 'JVASP-132870']"
JVASP-47303,Li2MnF6,"['JVASP-48580', 'JVASP-48165', 'JVASP-110623']"
JVASP-43059,LiCr3O8,['JVASP-44403']
JVASP-42609,LiFeF4,"['JVASP-42426', 'JVASP-43647', 'JVASP-43652']"
JVASP-92252,Li3MnO2F2,"['JVASP-48805', 'JVASP-46777', 'JVASP-146098']"
JVASP-48916,LiMnOF2,"['JVASP-45877', 'JVASP-140997']"
JVASP-111928,Li2MnO2F,"['JVASP-48616', 'JVASP-133682']"
JVASP-47442,Li2MnO2F,"['JVASP-48616', 'JVASP-133682']"
JVASP-48242,Li3Ti2Ni2O8,"['JVASP-48440', 'JVASP-43671', 'JVASP-117083']"
JVASP-118887,Li2F,['JVASP-120283']
JVASP-102517,LiY3,"['JVASP-99802', 'JVASP-130731']"
JVASP-119335,Li3Mn2Si2O8,"['JVASP-42276', 'JVASP-49137', 'JVASP-56663']"
JVASP-45237,LiTiV3O10,['JVASP-44749']
JVASP-8792,LiSbS2,['JVASP-144452']
JVASP-42921,Li2MnF5,"['JVASP-48617', 'JVASP-144783']"
JVASP-91859,LiMnO2,"['JVASP-52791', 'JVASP-103153', 'JVASP-7888']"
JVASP-42666,Li3SbS4,"['JVASP-50466', 'JVASP-50813', 'JVASP-45973']"
JVASP-47734,LiCoSiO4,"['JVASP-48671', 'JVASP-48881', 'JVASP-48882']"
JVASP-146249,LiFeP2O7,"['JVASP-42631', 'JVASP-122302', 'JVASP-122504']"
JVASP-38610,LiHg3,"['JVASP-20277', 'JVASP-38473', 'JVASP-20545']"
JVASP-59877,LiV2S4,"['JVASP-50405', 'JVASP-49843', 'JVASP-15824']"
JVASP-43484,LiFeF4,"['JVASP-42426', 'JVASP-43647', 'JVASP-43652']"
JVASP-139304,Li2Br,"['JVASP-139308', 'JVASP-139310', 'JVASP-139311']"
JVASP-42751,LiCo2O2F3,"['JVASP-107794', 'JVASP-46983']"
JVASP-135386,LiS,"['JVASP-1288', 'JVASP-9077', 'JVASP-34678']"
JVASP-112810,Li3Fe3NiO8,['JVASP-146109']
JVASP-46736,LiCo2P2O8,"['JVASP-43243', 'JVASP-47637', 'JVASP-55326']"
JVASP-116288,LiNiO2,"['JVASP-108189', 'JVASP-7881', 'JVASP-30393']"
JVASP-1870,LiVO2,"['JVASP-45239', 'JVASP-43067']"
JVASP-141517,LiCo3O6,"['JVASP-2017', 'JVASP-42829', 'JVASP-42834']"
JVASP-18433,LiNiO2,"['JVASP-108189', 'JVASP-7881', 'JVASP-30393']"
JVASP-51355,LiNi2O4,"['JVASP-18433', 'JVASP-42629', 'JVASP-85546']"
JVASP-104593,LiSn3,"['JVASP-8726', 'JVASP-109989', 'JVASP-130717']"
JVASP-13357,Li7NbO6,['JVASP-43077']
JVASP-136916,LiCl2,"['JVASP-107458', 'JVASP-23864', 'JVASP-136909']"
JVASP-42234,Li3Cr2Ni2O8,"['JVASP-106472', 'JVASP-44643', 'JVASP-108828']"
JVASP-66821,LiBePt,['JVASP-71843']
JVASP-139327,LiC3,"['JVASP-7784', 'JVASP-38476', 'JVASP-139313']"
JVASP-135389,Li2S,['JVASP-130712']
JVASP-113664,Li2Br,"['JVASP-139308', 'JVASP-139310', 'JVASP-139311']"
JVASP-43187,LiVFeO4,"['JVASP-100936', 'JVASP-40734', 'JVASP-110325']"
JVASP-121723,Li2VCo3O8,['JVASP-144417']
JVASP-44427,Li2Mn3NiO8,['JVASP-112839']
JVASP-47600,LiVCoO4,"['JVASP-112820', 'JVASP-132870']"
JVASP-66099,BaLiCd,['JVASP-65632']
JVASP-113218,Li2Mn2CoO6,"['JVASP-116500', 'JVASP-122004', 'JVASP-122318']"
JVASP-57303,LiMnO2,"['JVASP-52791', 'JVASP-103153', 'JVASP-7888']"
JVASP-50086,Li4Ti3O8,['JVASP-50533']
JVASP-119001,LiVF6,"['JVASP-48666', 'JVASP-43793', 'JVASP-48888']"
JVASP-139309,LiBr3,"['JVASP-38538', 'JVASP-34772', 'JVASP-113662']"
JVASP-71943,Li2MnBe,['JVASP-65174']
JVASP-121933,Li3VFe3O8,['JVASP-44634']
JVASP-90759,Li3Mg,"['JVASP-93294', 'JVASP-41681', 'JVASP-109164']"
JVASP-38589,LiLa3,['JVASP-102513']
JVASP-38398,LiTm3,"['JVASP-102519', 'JVASP-126657']"
JVASP-46808,LiCoSi2O6,"['JVASP-48150', 'JVASP-48152']"
JVASP-136915,LiCl2,"['JVASP-107458', 'JVASP-23864', 'JVASP-136909']"
JVASP-86322,LiO,"['JVASP-50312', 'JVASP-1360', 'JVASP-118616']"
JVASP-47723,Li2V3O6,"['JVASP-92257', 'JVASP-1870', 'JVASP-78960']"
JVASP-137237,Li2MnO3,"['JVASP-44701', 'JVASP-147682']"
JVASP-42982,Li2Mn2FeO6,['JVASP-112852']
JVASP-31180,LiMnO2,"['JVASP-52791', 'JVASP-103153', 'JVASP-7888']"
JVASP-136925,LiMgSb,['JVASP-110219']
JVASP-67585,LiBeFe,['JVASP-70941']
JVASP-16569,Li3Pd,['JVASP-130700']
JVASP-36289,LiF,"['JVASP-118887', 'JVASP-118891', 'JVASP-118892']"
JVASP-42969,LiSbP2O8,['JVASP-50712']
JVASP-139388,LiP2,"['JVASP-86988', 'JVASP-89888', 'JVASP-86319']"
JVASP-52302,LiAg2F4,"['JVASP-22698', 'JVASP-50760', 'JVASP-52561']"
JVASP-141813,Li2VP2O8,['JVASP-59225']
JVASP-48296,Li3V2Fe3O10,"['JVASP-44625', 'JVASP-141843']"
JVASP-137746,LiVF4,"['JVASP-100067', 'JVASP-102253', 'JVASP-48544']"
JVASP-129417,LiPm3,"['JVASP-106956', 'JVASP-106957', 'JVASP-130701']"
JVASP-137761,LiFeSi2O6,"['JVASP-48236', 'JVASP-45872', 'JVASP-144246']"
JVASP-129232,LiIr3,"['JVASP-8021', 'JVASP-130683']"
JVASP-119553,LiMnP2O7,"['JVASP-42787', 'JVASP-42384', 'JVASP-113171']"
JVASP-140567,LiNiP2O7,"['JVASP-45883', 'JVASP-117273', 'JVASP-145646']"
JVASP-111400,LiCo2CuO6,['JVASP-141591']
JVASP-120306,LiTlSb,"['JVASP-99471', 'JVASP-77521', 'JVASP-81907']"
JVASP-143955,LiMnP2O7,"['JVASP-42787', 'JVASP-42384', 'JVASP-113171']"
JVASP-117691,LiBeTe,['JVASP-65199']
JVASP-141527,Li2V3CoO8,"['JVASP-44633', 'JVASP-116517']"
JVASP-116848,Li2MnNi3O8,"['JVASP-133693', 'JVASP-146097']"
JVASP-122376,LiFe2O4,"['JVASP-47765', 'JVASP-47769', 'JVASP-48101']"
JVASP-122505,Li2Mn2FeO6,['JVASP-112852']
JVASP-99807,LiLaO3,['JVASP-136904']
JVASP-44400,Li6FeO6,"['JVASP-48259', 'JVASP-44363', 'JVASP-141854']"
JVASP-48258,Li6MnO6,['JVASP-145960']
JVASP-105179,K3Li,"['JVASP-106253', 'JVASP-130684']"
JVASP-40701,Li3CoO3,"['JVASP-141863', 'JVASP-141058', 'JVASP-145607']"
JVASP-150745,LiNbO3,"['JVASP-42354', 'JVASP-135307']"
JVASP-117690,LiBeTe,['JVASP-65199']
JVASP-47626,Li2NbCo3O8,['JVASP-145631']
JVASP-118627,LiO3,"['JVASP-86322', 'JVASP-87063', 'JVASP-94345']"
JVASP-133633,Li2MnO2F,"['JVASP-48616', 'JVASP-133682']"
JVASP-136910,Li2Cl,['JVASP-136922']
JVASP-48199,LiNiC2O6,"['JVASP-48149', 'JVASP-48201', 'JVASP-46773']"
JVASP-45240,LiFeO3,"['JVASP-42577', 'JVASP-48718', 'JVASP-47453']"
JVASP-116891,Li2TiFe3O8,['JVASP-141233']
JVASP-117286,LiMn2F6,"['JVASP-47999', 'JVASP-48024', 'JVASP-44000']"
JVASP-39320,LiIn3,"['JVASP-93406', 'JVASP-8484', 'JVASP-18217']"
JVASP-116271,LiH,"['JVASP-116261', 'JVASP-116265', 'JVASP-116278']"
JVASP-115700,LiBrN,['JVASP-115703']
JVASP-118620,LiO,"['JVASP-50312', 'JVASP-1360', 'JVASP-118616']"
JVASP-48079,LiCoSiO4,"['JVASP-48671', 'JVASP-48881', 'JVASP-48882']"
JVASP-111399,Li2VF6,"['JVASP-43793', 'JVASP-48888', 'JVASP-40704']"
JVASP-97788,LiCrP2O7,"['JVASP-43820', 'JVASP-119542', 'JVASP-133673']"
JVASP-106393,LiFeSi2O6,"['JVASP-48236', 'JVASP-45872', 'JVASP-144246']"
JVASP-139325,Li2C,['JVASP-38476']
JVASP-48232,LiMn7O12,"['JVASP-44704', 'JVASP-133641']"
JVASP-141633,LiV3O8,"['JVASP-45236', 'JVASP-116516', 'JVASP-146722']"
JVASP-46735,LiFeSiO4,"['JVASP-48292', 'JVASP-47796', 'JVASP-48612']"
JVASP-135395,LiS2,"['JVASP-1288', 'JVASP-8755', 'JVASP-78363']"
JVASP-13178,LiCrP2O7,"['JVASP-43820', 'JVASP-119542', 'JVASP-133673']"
JVASP-36756,LiAgO2,['JVASP-114159']
JVASP-138805,LiFeF4,"['JVASP-42426', 'JVASP-43647', 'JVASP-43652']"
JVASP-154186,Li2HN,"['JVASP-13813', 'JVASP-151214', 'JVASP-152501']"
JVASP-106894,LiMnOF2,"['JVASP-45877', 'JVASP-140997']"
JVASP-48086,LiCoSiO4,"['JVASP-48671', 'JVASP-48881', 'JVASP-48882']"
JVASP-148392,Li2Co3TeO8,"['JVASP-42952', 'JVASP-146621']"
JVASP-90585,LiMg3,"['JVASP-90586', 'JVASP-90587', 'JVASP-90589']"
JVASP-44754,LiMnCuO4,"['JVASP-43424', 'JVASP-43213', 'JVASP-117247']"
JVASP-106957,Li3Pm,['JVASP-130701']
JVASP-145618,Li2TiV3O8,"['JVASP-48396', 'JVASP-46671', 'JVASP-146096']"
JVASP-116275,LiH,"['JVASP-116261', 'JVASP-116265', 'JVASP-116278']"
JVASP-50204,LiAgO2,['JVASP-114159']
JVASP-103753,LiCo2CuO6,['JVASP-141591']
JVASP-141046,LiFe2OF5,"['JVASP-44773', 'JVASP-140713']"
JVASP-123587,LiP3,"['JVASP-98496', 'JVASP-86988', 'JVASP-89888']"
JVASP-48628,LiMnF4,"['JVASP-47990', 'JVASP-47996', 'JVASP-48001']"
JVASP-121749,Li4MnF8,"['JVASP-48782', 'JVASP-47274', 'JVASP-119593']"
JVASP-1381,Li2Se,['JVASP-130715']
JVASP-48312,LiMn2F6,"['JVASP-47999', 'JVASP-48024', 'JVASP-44000']"
JVASP-113659,LiBi2,"['JVASP-8581', 'JVASP-18315', 'JVASP-114327']"
JVASP-119326,LiMnF5,"['JVASP-48617', 'JVASP-42921', 'JVASP-141615']"
JVASP-56314,LiZnGe,"['JVASP-86213', 'JVASP-86815', 'JVASP-56787']"
JVASP-47311,LiVF6,"['JVASP-48666', 'JVASP-43793', 'JVASP-48888']"
JVASP-21076,LiTi2O4,"['JVASP-86520', 'JVASP-85921', 'JVASP-48724']"
JVASP-142072,Li6FeO4F2,"['JVASP-42828', 'JVASP-132906', 'JVASP-147489']"
JVASP-48661,LiFeO3,"['JVASP-42577', 'JVASP-48718', 'JVASP-47453']"
JVASP-80766,Li2TlIn,['JVASP-111034']
JVASP-2017,LiCoO2,"['JVASP-48257', 'JVASP-43161', 'JVASP-43015']"
JVASP-145594,Li2Mn2FeO6,['JVASP-112852']
JVASP-119382,LiMn2P2O10,['JVASP-140589']
JVASP-156255,Li2Ge,"['JVASP-20195', 'JVASP-40434']"
JVASP-42630,LiMnO2,"['JVASP-52791', 'JVASP-103153', 'JVASP-7888']"
JVASP-16365,LiAl3,"['JVASP-91684', 'JVASP-7669', 'JVASP-38435']"
JVASP-146100,Li5CoO4,['JVASP-55327']
JVASP-22657,LiMgBi,['JVASP-109393']
JVASP-39319,LiHo3,['JVASP-100195']
JVASP-16773,LiSbAu,['JVASP-18616']
JVASP-149170,LiSn,"['JVASP-8726', 'JVASP-109989', 'JVASP-130717']"
JVASP-48218,Li3Ti2V2O8,"['JVASP-46343', 'JVASP-45243', 'JVASP-133652']"
JVASP-14090,Li2CeSb2,['JVASP-35926']
JVASP-116130,LiPH,"['JVASP-116131', 'JVASP-116134']"
JVASP-144227,Li3Mn2Si2O8,"['JVASP-42276', 'JVASP-49137', 'JVASP-56663']"
JVASP-48221,LiFeO3,"['JVASP-42577', 'JVASP-48718', 'JVASP-47453']"
JVASP-121186,LiS2,"['JVASP-1288', 'JVASP-8755', 'JVASP-78363']"
JVASP-129362,LiNb,"['JVASP-38530', 'JVASP-130693']"
JVASP-116241,Li2As,"['JVASP-61273', 'JVASP-62288', 'JVASP-63216']"
JVASP-48043,Li2Mn3SbO8,['JVASP-42959']
JVASP-44256,Li3FeO4,"['JVASP-46315', 'JVASP-142091']"
JVASP-119330,Li2Ti4VO8,['JVASP-116811']
JVASP-150056,LiMnO2,"['JVASP-52791', 'JVASP-103153', 'JVASP-7888']"
JVASP-139306,LiBr2,"['JVASP-38538', 'JVASP-34772', 'JVASP-113664']"
JVASP-46864,Li3CoNi3O8,['JVASP-143293']
JVASP-38577,Li3Ag,['JVASP-130652']
JVASP-122343,LiVF4,"['JVASP-100067', 'JVASP-102253', 'JVASP-48544']"
JVASP-104825,LiMnF4,"['JVASP-47990', 'JVASP-47996', 'JVASP-48001']"
JVASP-118610,LiZrO3,"['JVASP-9581', 'JVASP-151216']"
JVASP-17437,LiB,"['JVASP-8661', 'JVASP-115185']"
JVASP-120749,Li2VO2F2,"['JVASP-46917', 'JVASP-47076', 'JVASP-140631']"
JVASP-47822,LiFeSiO4,"['JVASP-48292', 'JVASP-47796', 'JVASP-48612']"
JVASP-50690,LiCu2F6,"['JVASP-52308', 'JVASP-50671']"
JVASP-48309,Li2Ni3TeO8,['JVASP-112926']
JVASP-38498,Li3Mg,"['JVASP-93294', 'JVASP-41681', 'JVASP-109164']"
JVASP-124946,LiAc3,['JVASP-38576']
JVASP-35942,LiO2,"['JVASP-86322', 'JVASP-87063', 'JVASP-105103']"
JVASP-43512,LiVF4,"['JVASP-100067', 'JVASP-102253', 'JVASP-48544']"
JVASP-94274,LiNiO2,"['JVASP-108189', 'JVASP-7881', 'JVASP-30393']"
JVASP-136919,LiCl2,"['JVASP-107458', 'JVASP-23864', 'JVASP-136909']"
JVASP-107670,YbLi3,['JVASP-130732']
JVASP-139382,Li2P,"['JVASP-86988', 'JVASP-86319', 'JVASP-125959']"
JVASP-78496,Li2N,"['JVASP-1375', 'JVASP-7999', 'JVASP-136934']"
JVASP-144433,Li3V2O4F2,"['JVASP-47962', 'JVASP-48167', 'JVASP-48124']"
JVASP-150513,LiNbO3,"['JVASP-42354', 'JVASP-135307']"
JVASP-145967,Li3Fe4O8,"['JVASP-47769', 'JVASP-48101', 'JVASP-42576']"
JVASP-99278,LiCu2O2,"['JVASP-52232', 'JVASP-50229', 'JVASP-9699']"
JVASP-45862,Li3Co3NiO8,"['JVASP-40656', 'JVASP-141042']"
JVASP-1855,LiCrO2,"['JVASP-92471', 'JVASP-117280', 'JVASP-117400']"
JVASP-146152,LiMnF4,"['JVASP-47990', 'JVASP-47996', 'JVASP-48001']"
JVASP-47758,LiMn3O6,"['JVASP-48233', 'JVASP-91859', 'JVASP-52791']"
JVASP-117419,LiCr2P2O8,"['JVASP-47472', 'JVASP-44514', 'JVASP-111898']"
JVASP-10212,LiNO3,['JVASP-35166']
JVASP-147116,LiCoSiO4,"['JVASP-48671', 'JVASP-48881', 'JVASP-48882']"
JVASP-48878,Li7NiO4F2,['JVASP-47094']
JVASP-42740,Li3CrO4,"['JVASP-47899', 'JVASP-44441', 'JVASP-46267']"
JVASP-129011,LiFe,['JVASP-130673']
JVASP-16038,LiNi2P2,['JVASP-49832']
JVASP-125697,LiPa3,['JVASP-130698']
JVASP-121766,LiMnF4,"['JVASP-47990', 'JVASP-47996', 'JVASP-48001']"
JVASP-136359,LiClO,['JVASP-38000']
JVASP-133651,Li2Ni3BiO8,"['JVASP-46299', 'JVASP-111957']"
JVASP-120591,Li3Fe3O8,['JVASP-43175']
JVASP-140939,Li2TiV3O8,"['JVASP-48396', 'JVASP-46671', 'JVASP-146096']"
JVASP-145673,LiFeSiO4,"['JVASP-48292', 'JVASP-47796', 'JVASP-48612']"
JVASP-50349,LiTi4O8,"['JVASP-86520', 'JVASP-85921', 'JVASP-48724']"
JVASP-38550,Li3Pr,['JVASP-130703']
JVASP-75486,NaLiAs,"['JVASP-36561', 'JVASP-115419']"
JVASP-106257,Li3Au,['JVASP-130655']
JVASP-46142,Li2Mn3NiO8,['JVASP-112839']
JVASP-117063,Li2MnV3O8,"['JVASP-48391', 'JVASP-48574', 'JVASP-40688']"
JVASP-79308,LiSbS2,['JVASP-144452']
JVASP-44784,LiMnF4,"['JVASP-47990', 'JVASP-47996', 'JVASP-48001']"
JVASP-140542,LiAlVO4,"['JVASP-46248', 'JVASP-142071', 'JVASP-145611']"
JVASP-9426,LiTaO3,['JVASP-135336']
JVASP-17331,LiNdGe,['JVASP-76256']
JVASP-146573,LiMn2P2O8,"['JVASP-52783', 'JVASP-43659', 'JVASP-91261']"
JVASP-138808,LiFeF4,"['JVASP-42426', 'JVASP-43647', 'JVASP-43652']"
JVASP-18019,YbLiPb,['JVASP-40058']
JVASP-144294,LiB11,"['JVASP-62691', 'JVASP-105282', 'JVASP-8661']"
JVASP-43211,LiMnO2,"['JVASP-52791', 'JVASP-103153', 'JVASP-7888']"
JVASP-78686,LiRh,"['JVASP-107944', 'JVASP-109051']"
JVASP-134185,NaLiBi,['JVASP-22724']
JVASP-126236,NaLi,"['JVASP-39216', 'JVASP-110831', 'JVASP-130692']"
JVASP-90588,LiMg3,"['JVASP-90586', 'JVASP-90587', 'JVASP-90589']"
JVASP-125126,LiB11,"['JVASP-62691', 'JVASP-105282', 'JVASP-8661']"
JVASP-108829,LiV2O4,"['JVASP-92257', 'JVASP-1870', 'JVASP-78960']"
JVASP-139896,LiMn3O2F6,['JVASP-145590']
JVASP-116900,LiFeBO4,"['JVASP-46191', 'JVASP-46189']"
JVASP-140714,Li3Mn3CrO8,['JVASP-112512']
JVASP-106887,Li2MnF6,"['JVASP-48580', 'JVASP-48165', 'JVASP-110623']"
JVASP-147436,Li2Cr3O6,"['JVASP-1855', 'JVASP-92471', 'JVASP-44460']"
JVASP-43549,LiMnF4,"['JVASP-47990', 'JVASP-47996', 'JVASP-48001']"
JVASP-47823,LiFeSiO4,"['JVASP-48292', 'JVASP-47796', 'JVASP-48612']"
JVASP-116768,Li2MnV3O8,"['JVASP-48391', 'JVASP-48574', 'JVASP-40688']"
JVASP-137379,Li4Mn3O5F3,['JVASP-117443']
JVASP-52791,Li3Mn2O4,"['JVASP-103153', 'JVASP-7888', 'JVASP-43007']"
JVASP-115215,LiSi,"['JVASP-8663', 'JVASP-130716']"
JVASP-48718,Li2FeO3,"['JVASP-47453', 'JVASP-117295', 'JVASP-140951']"
JVASP-67733,LiBeGe,['JVASP-70880']
JVASP-16446,LiAu3,"['JVASP-106257', 'JVASP-107551', 'JVASP-16445']"
JVASP-139828,Li3Fe2Co2O8,"['JVASP-91986', 'JVASP-105695', 'JVASP-106890']"
JVASP-42384,Li3Mn2P4O14,"['JVASP-42787', 'JVASP-113171', 'JVASP-144044']"
JVASP-16212,BaLiSi,['JVASP-18440']
JVASP-146266,LiFeSi3O8,['JVASP-44421']
JVASP-8484,Li3In2,"['JVASP-93406', 'JVASP-38475', 'JVASP-40328']"
JVASP-66759,LiBeCd,['JVASP-67632']
JVASP-135361,LiSbS,"['JVASP-52357', 'JVASP-46817', 'JVASP-46780']"
JVASP-138839,SrLiF,['JVASP-138841']
JVASP-118601,LiAg2,"['JVASP-79464', 'JVASP-39803', 'JVASP-14547']"
JVASP-141039,Li7VO5F,"['JVASP-47077', 'JVASP-113258']"
JVASP-113658,Li2Bi,"['JVASP-8581', 'JVASP-130659']"
JVASP-111277,LiRh3,"['JVASP-107944', 'JVASP-78686', 'JVASP-109051']"
JVASP-42931,LiCoSi2O6,"['JVASP-48150', 'JVASP-48152']"
JVASP-34836,LiCo2O4,"['JVASP-2017', 'JVASP-42829', 'JVASP-42834']"
JVASP-139328,LiCa,"['JVASP-56519', 'JVASP-38480', 'JVASP-16637']"
JVASP-147443,LiVO2F2,"['JVASP-48537', 'JVASP-46917', 'JVASP-47076']"
JVASP-125516,LiAl3,"['JVASP-91684', 'JVASP-7669', 'JVASP-38435']"
JVASP-119720,Li3Mn5O10,"['JVASP-48233', 'JVASP-91859', 'JVASP-52791']"
JVASP-12687,LiCrPO4F,"['JVASP-12690', 'JVASP-112774']"
JVASP-132857,LiCoGeO4,"['JVASP-48339', 'JVASP-46253', 'JVASP-140599']"
JVASP-117281,Li2Co3NiO8,"['JVASP-40656', 'JVASP-45862', 'JVASP-117292']"
JVASP-44417,Li2VCr3O8,"['JVASP-43523', 'JVASP-48896', 'JVASP-42794']"
JVASP-2002,LiH,"['JVASP-116261', 'JVASP-116265', 'JVASP-116278']"
JVASP-48185,Li3Mn8O4F12,"['JVASP-48807', 'JVASP-48174', 'JVASP-48822']"
JVASP-46809,LiMnSi2O6,"['JVASP-42632', 'JVASP-45808', 'JVASP-46766']"
JVASP-110311,LiCrCo2O6,"['JVASP-47638', 'JVASP-47567']"
JVASP-50677,Li2Ti3O6,"['JVASP-86520', 'JVASP-85921', 'JVASP-48724']"
JVASP-142632,LiVF4,"['JVASP-100067', 'JVASP-102253', 'JVASP-48544']"
JVASP-140940,Li2V3CoO8,"['JVASP-44633', 'JVASP-116517']"
JVASP-120522,LiCo2O4,"['JVASP-2017', 'JVASP-42829', 'JVASP-42834']"
JVASP-112823,Li3Fe2Co2O8,"['JVASP-91986', 'JVASP-105695', 'JVASP-106890']"
JVASP-116858,LiFeSi3O8,['JVASP-44421']
JVASP-47769,Li4Fe5O10,"['JVASP-48101', 'JVASP-42576', 'JVASP-42763']"
JVASP-48220,Li4Cr5O10,"['JVASP-1855', 'JVASP-92471', 'JVASP-44460']"
JVASP-141565,Li3Fe2O6,"['JVASP-42577', 'JVASP-48718', 'JVASP-47453']"
JVASP-127416,LiGe7,"['JVASP-87071', 'JVASP-20195', 'JVASP-40434']"
JVASP-56093,LiInSn,['JVASP-39701']
JVASP-113145,LiVC2O6,"['JVASP-46669', 'JVASP-45841', 'JVASP-46850']"
JVASP-111931,LiMnCSO7,"['JVASP-44614', 'JVASP-42168']"
JVASP-43803,LiVF4,"['JVASP-100067', 'JVASP-102253', 'JVASP-48544']"
JVASP-38538,LiBr,"['JVASP-113664', 'JVASP-113666', 'JVASP-139304']"
JVASP-43142,LiV3O8,"['JVASP-45236', 'JVASP-116516', 'JVASP-146722']"
JVASP-34829,LiCu2O4,"['JVASP-15431', 'JVASP-93297', 'JVASP-18422']"
JVASP-52187,Li2CuF4,"['JVASP-50720', 'JVASP-52200']"
JVASP-102838,LiMnF3,['JVASP-116017']
JVASP-102521,LiMg,"['JVASP-90587', 'JVASP-90589', 'JVASP-90759']"
JVASP-88744,LiCu2O2,"['JVASP-52232', 'JVASP-50229', 'JVASP-9699']"
JVASP-48261,Li3Fe3O8,['JVASP-43175']
JVASP-119747,LiVNiO4,"['JVASP-47367', 'JVASP-137594', 'JVASP-100466']"
JVASP-47439,Li3Mn3O5F3,"['JVASP-117443', 'JVASP-137379']"
JVASP-48105,LiCoSiO4,"['JVASP-48671', 'JVASP-48881', 'JVASP-48882']"
JVASP-141615,Li2MnF5,"['JVASP-48617', 'JVASP-144783']"
JVASP-42936,Li2MnCo3O8,"['JVASP-47887', 'JVASP-40680', 'JVASP-112500']"
JVASP-48201,Li3Ni2C4O12,"['JVASP-48149', 'JVASP-46773']"
JVASP-39389,LiCd3,"['JVASP-40435', 'JVASP-38446', 'JVASP-19712']"
JVASP-55292,LiCrSi2O6,"['JVASP-47749', 'JVASP-119537', 'JVASP-121714']"
JVASP-38523,Li3Mg,"['JVASP-93294', 'JVASP-41681', 'JVASP-109164']"
JVASP-122024,LiVCrO4,"['JVASP-43435', 'JVASP-42641', 'JVASP-48345']"
JVASP-46671,Li3TiV3O8,"['JVASP-48396', 'JVASP-146096']"
JVASP-111869,Li2V3CoO8,"['JVASP-44633', 'JVASP-116517']"
JVASP-47315,LiVF6,"['JVASP-48666', 'JVASP-43793', 'JVASP-48888']"
JVASP-122502,LiCo4O8,"['JVASP-2017', 'JVASP-42829', 'JVASP-42834']"
JVASP-139346,NaLiN,"['JVASP-7659', 'JVASP-54829', 'JVASP-54845']"
JVASP-90524,Li3MnOF4,['JVASP-47011']
JVASP-122867,LiSm3,"['JVASP-99801', 'JVASP-38741', 'JVASP-125979']"
JVASP-146712,Li3MnCo3O8,"['JVASP-40680', 'JVASP-112500', 'JVASP-142139']"
JVASP-39228,LiMg2,"['JVASP-90586', 'JVASP-90587', 'JVASP-90589']"
JVASP-79042,LiCa3,"['JVASP-56519', 'JVASP-38480', 'JVASP-16637']"
JVASP-90587,Li3Mg,"['JVASP-93294', 'JVASP-41681', 'JVASP-109164']"
JVASP-50665,LiAgF3,"['JVASP-52577', 'JVASP-52221', 'JVASP-50744']"
JVASP-146582,LiVBO4,"['JVASP-46477', 'JVASP-121455']"
JVASP-115197,LiI,"['JVASP-115189', 'JVASP-115192', 'JVASP-115195']"
JVASP-117133,Li2Mn3FeO8,['JVASP-111953']
JVASP-119277,Li2FeO3,"['JVASP-47453', 'JVASP-117295', 'JVASP-140951']"
JVASP-97577,Li2CN2,['JVASP-112737']
JVASP-141847,Li3MnCr3O8,['JVASP-48903']
JVASP-135835,BaLiCl,['JVASP-69032']
JVASP-119739,Li2Fe3CoO8,"['JVASP-48527', 'JVASP-48163', 'JVASP-45238']"
JVASP-117687,LiBeSe,"['JVASP-65185', 'JVASP-71798']"
JVASP-115189,Li2I,"['JVASP-115199', 'JVASP-130682']"
JVASP-42826,LiVGeO5,['JVASP-11672']
JVASP-92250,Li3SbS4,"['JVASP-50466', 'JVASP-50813', 'JVASP-45973']"
JVASP-132952,Li3Co4O8,"['JVASP-2017', 'JVASP-42834', 'JVASP-48257']"
JVASP-47069,LiMnFeO4,"['JVASP-43164', 'JVASP-44710', 'JVASP-108188']"
JVASP-116304,LiSe2,"['JVASP-1381', 'JVASP-116300', 'JVASP-116301']"
JVASP-143581,Li2Co3TeO8,"['JVASP-42952', 'JVASP-146621']"
JVASP-117048,Li2MnN2,['JVASP-111544']
JVASP-71966,LiBeCd,['JVASP-67632']
JVASP-18217,LiIn,"['JVASP-93406', 'JVASP-8484', 'JVASP-38475']"
JVASP-116270,LiH,"['JVASP-116261', 'JVASP-116265', 'JVASP-116278']"
JVASP-8152,Li3Sb,['JVASP-130713']
JVASP-117418,LiVCoO4,"['JVASP-112820', 'JVASP-132870']"
JVASP-113216,Li2CoOF3,"['JVASP-48462', 'JVASP-48427']"
JVASP-133654,LiVF4,"['JVASP-100067', 'JVASP-102253', 'JVASP-48544']"
JVASP-52238,Li2CuF4,"['JVASP-50720', 'JVASP-52200']"
JVASP-111972,Li2MnP2O8,"['JVASP-48392', 'JVASP-47538', 'JVASP-40991']"
JVASP-98496,Li3P7,"['JVASP-86988', 'JVASP-89888', 'JVASP-86319']"
JVASP-147447,Li2MnCr3O8,"['JVASP-48903', 'JVASP-141847']"
JVASP-100996,Tb3Li,['JVASP-107457']
JVASP-42641,Li3V2Cr2O8,"['JVASP-43435', 'JVASP-48345', 'JVASP-43121']"
JVASP-42148,LiVNiO4,"['JVASP-47367', 'JVASP-137594', 'JVASP-100466']"
JVASP-47982,Li3FeCo3O8,"['JVASP-44706', 'JVASP-145949']"
JVASP-8581,Li3Bi,['JVASP-130659']
JVASP-44431,LiVO2F2,"['JVASP-48537', 'JVASP-46917', 'JVASP-47076']"
JVASP-44528,Li2Co3TeO8,"['JVASP-42952', 'JVASP-146621']"
JVASP-46718,LiFe2P2O8,"['JVASP-48301', 'JVASP-47499', 'JVASP-47509']"
JVASP-140998,LiVF4,"['JVASP-100067', 'JVASP-102253', 'JVASP-48544']"
JVASP-46114,LiMnC2O6,"['JVASP-46831', 'JVASP-143978', 'JVASP-146619']"
JVASP-78860,LiO2,"['JVASP-86322', 'JVASP-87063', 'JVASP-105103']"
JVASP-35959,LiC6,"['JVASP-7784', 'JVASP-38476', 'JVASP-124866']"
JVASP-144049,Li2Fe3O6,"['JVASP-47769', 'JVASP-48101', 'JVASP-42576']"
JVASP-14920,Li2NdAs2,['JVASP-8172']
JVASP-47584,Li2Co3SbO8,['JVASP-119367']
JVASP-44592,Li2TiCo3O8,"['JVASP-45931', 'JVASP-44652', 'JVASP-116860']"
JVASP-124186,LiTc,"['JVASP-79068', 'JVASP-38556']"
JVASP-119738,LiVO2,"['JVASP-45239', 'JVASP-43067']"
JVASP-46896,LiVOF3,"['JVASP-42715', 'JVASP-45779', 'JVASP-46901']"
JVASP-43524,LiV2F7,"['JVASP-47015', 'JVASP-45858', 'JVASP-47061']"
JVASP-116255,Li2Au,"['JVASP-106257', 'JVASP-16445', 'JVASP-130655']"
JVASP-146108,LiVF4,"['JVASP-100067', 'JVASP-102253', 'JVASP-48544']"
JVASP-44759,Li2CoO3,"['JVASP-48267', 'JVASP-40701', 'JVASP-122393']"
JVASP-48884,LiCrC2O6,['JVASP-146732']
JVASP-143958,LiMoP2O8,"['JVASP-112415', 'JVASP-121697', 'JVASP-121696']"
JVASP-116278,Li2H,"['JVASP-116286', 'JVASP-130677']"
JVASP-121192,LiTe,"['JVASP-1399', 'JVASP-78529', 'JVASP-121193']"
JVASP-43152,Li2Mn2CoO6,"['JVASP-116500', 'JVASP-122004', 'JVASP-122318']"
JVASP-47817,LiMn2NiO6,['JVASP-57336']
JVASP-119734,Li3Fe2P2C2O14,"['JVASP-112441', 'JVASP-119745', 'JVASP-140994']"
JVASP-145644,Li3TiCo3O8,['JVASP-44652']
JVASP-42824,LiTiMnO4,"['JVASP-42435', 'JVASP-43172', 'JVASP-44707']"
JVASP-117427,LiMn2B2O6,"['JVASP-42744', 'JVASP-11785', 'JVASP-46292']"
JVASP-120282,LiF3,"['JVASP-1130', 'JVASP-36289', 'JVASP-118886']"
JVASP-144725,LiCo4O8,"['JVASP-2017', 'JVASP-42829', 'JVASP-42834']"
JVASP-46714,LiFe2P2O8,"['JVASP-48301', 'JVASP-47499', 'JVASP-47509']"
JVASP-144720,LiVOF3,"['JVASP-42715', 'JVASP-45779', 'JVASP-46901']"
JVASP-46790,Li2TiCr2O6,['JVASP-142544']
JVASP-133703,LiMnF3,['JVASP-116017']
JVASP-7742,Li5Tl2,"['JVASP-15799', 'JVASP-130725']"
JVASP-46893,LiTiCoO4,['JVASP-47537']
JVASP-34296,LiCo2O4,"['JVASP-2017', 'JVASP-42829', 'JVASP-42834']"
JVASP-137795,LiB2P2,['JVASP-137797']
JVASP-79748,LiNiO2,"['JVASP-108189', 'JVASP-7881', 'JVASP-30393']"
JVASP-112438,LiVF4,"['JVASP-100067', 'JVASP-102253', 'JVASP-48544']"
JVASP-139385,LiP2,"['JVASP-86988', 'JVASP-89888', 'JVASP-86319']"
JVASP-52229,Li3CuF6,['JVASP-50723']
JVASP-145520,Li2MnO2F,"['JVASP-48616', 'JVASP-133682']"
JVASP-52789,Li2NiO3,['JVASP-44761']
JVASP-39315,LiHo3,['JVASP-100195']
JVASP-111889,Li3Co4O8,"['JVASP-2017', 'JVASP-42834', 'JVASP-48257']"
JVASP-115704,LiBrO,"['JVASP-8673', 'JVASP-109721']"
JVASP-46716,LiMn2P2O8,"['JVASP-52783', 'JVASP-43659', 'JVASP-91261']"
JVASP-117277,LiV2Si2O8,"['JVASP-47552', 'JVASP-45777', 'JVASP-45835']"
JVASP-144810,Li2Co3TeO8,"['JVASP-42952', 'JVASP-146621']"
JVASP-111993,Li2VCr3O8,"['JVASP-43523', 'JVASP-48896', 'JVASP-42794']"
JVASP-111976,Li2VO2F2,"['JVASP-46917', 'JVASP-47076', 'JVASP-140631']"
JVASP-122393,Li3CoO3,"['JVASP-141863', 'JVASP-141058', 'JVASP-145607']"
JVASP-43385,LiVFeO4,"['JVASP-100936', 'JVASP-40734', 'JVASP-110325']"
JVASP-47619,Li2CoNi3O8,"['JVASP-46864', 'JVASP-122362', 'JVASP-143293']"
JVASP-48644,Li3V2O4F2,"['JVASP-47962', 'JVASP-48167', 'JVASP-48124']"
JVASP-139313,LiC2,"['JVASP-7784', 'JVASP-38476', 'JVASP-139314']"
JVASP-142659,LiFeSiO4,"['JVASP-48292', 'JVASP-47796', 'JVASP-48612']"
JVASP-133556,Li2TiV2O6,"['JVASP-48411', 'JVASP-111597']"
JVASP-109809,Li2MnN2,['JVASP-111544']
JVASP-119549,LiVCrP4O14,"['JVASP-48932', 'JVASP-46667', 'JVASP-137374']"
JVASP-112845,LiNiP2O7,"['JVASP-45883', 'JVASP-117273', 'JVASP-145646']"
JVASP-146242,Li2V3CoO8,"['JVASP-44633', 'JVASP-116517']"
JVASP-144269,LiMnVO4,"['JVASP-46741', 'JVASP-116856']"
JVASP-78922,Li2HN,"['JVASP-13813', 'JVASP-151214', 'JVASP-152501']"
JVASP-36778,LiAgO2,['JVASP-114159']
JVASP-140544,Li2Mn3SbO8,['JVASP-42959']
JVASP-45912,LiTi4VO8,"['JVASP-45909', 'JVASP-116811', 'JVASP-119330']"
JVASP-117252,Li2TiFe3O8,['JVASP-141233']
JVASP-43100,Li2Cr3NiO8,"['JVASP-46471', 'JVASP-113215', 'JVASP-119343']"
JVASP-48227,LiCo2C4O12,"['JVASP-99588', 'JVASP-46150', 'JVASP-141829']"
JVASP-141044,Li2Cr3NiO8,"['JVASP-46471', 'JVASP-113215', 'JVASP-119343']"
JVASP-119256,Li3MnCo3O8,"['JVASP-40680', 'JVASP-112500', 'JVASP-142139']"
JVASP-120586,LiVF4,"['JVASP-100067', 'JVASP-102253', 'JVASP-48544']"
JVASP-137737,Li2Ti2Mn3O10,['JVASP-47891']
JVASP-46057,Li2BiO3,"['JVASP-50820', 'JVASP-50527']"
JVASP-43957,Li2MnF6,"['JVASP-48580', 'JVASP-48165', 'JVASP-110623']"
JVASP-43167,Li2TiCo3O8,"['JVASP-45931', 'JVASP-44652', 'JVASP-116860']"
JVASP-50640,Li2CuF4,"['JVASP-50720', 'JVASP-52200']"
JVASP-124667,LiSb5,"['JVASP-1366', 'JVASP-106962', 'JVASP-8152']"
JVASP-38234,Rb3Li,"['JVASP-125999', 'JVASP-130707']"
JVASP-143580,Li2CuS2,"['JVASP-50791', 'JVASP-50800', 'JVASP-50801']"
JVASP-42267,Li2FeOF3,['JVASP-43184']
JVASP-42455,LiVF4,"['JVASP-100067', 'JVASP-102253', 'JVASP-48544']"
JVASP-43374,LiFeF4,"['JVASP-42426', 'JVASP-43647', 'JVASP-43652']"
JVASP-7706,LiGaSi,['JVASP-101707']
JVASP-111961,Li3Fe3NiO8,['JVASP-146109']
JVASP-48191,Li2P2WO8,['JVASP-48144']
JVASP-46722,LiV2P2O8,"['JVASP-48179', 'JVASP-42698', 'JVASP-142849']"
JVASP-118898,LiN2,"['JVASP-1375', 'JVASP-7999', 'JVASP-78433']"
JVASP-141635,LiVTe3O12,"['JVASP-44268', 'JVASP-119730']"
JVASP-119272,Li3Co4O8,"['JVASP-2017', 'JVASP-42834', 'JVASP-48257']"
JVASP-146709,Li3MnCo3O8,"['JVASP-40680', 'JVASP-112500', 'JVASP-142139']"
JVASP-111841,LiMn2P2H4O10,"['JVASP-42301', 'JVASP-42689']"
JVASP-111924,LiTiCoO4,['JVASP-47537']
JVASP-8644,LiNiO2,"['JVASP-108189', 'JVASP-7881', 'JVASP-30393']"
JVASP-47021,Li2V2SiGeO10,['JVASP-42958']
JVASP-44074,Li4Fe3Si3O12,"['JVASP-48292', 'JVASP-47796', 'JVASP-48612']"
JVASP-116883,LiVSiO4,['JVASP-46719']
JVASP-44482,Li4NbFe5O12,['JVASP-111919']
JVASP-46260,Li2Ni3BiO8,"['JVASP-46299', 'JVASP-111957']"
JVASP-145944,Li2CoOF3,"['JVASP-48462', 'JVASP-48427']"
JVASP-119372,LiCoSiO4,"['JVASP-48671', 'JVASP-48881', 'JVASP-48882']"
JVASP-115449,LiGeAu,['JVASP-15105']
JVASP-117085,LiVNiO4,"['JVASP-47367', 'JVASP-137594', 'JVASP-100466']"
JVASP-48187,LiCoGeO4,"['JVASP-48339', 'JVASP-46253', 'JVASP-140599']"
JVASP-147429,Li3TiV3O8,"['JVASP-48396', 'JVASP-146096']"
JVASP-94840,LiMg4Si2,"['JVASP-79622', 'JVASP-154536']"
JVASP-145165,LiFe2O4,"['JVASP-47765', 'JVASP-47769', 'JVASP-48101']"
JVASP-144746,Li2Co3NiO8,"['JVASP-40656', 'JVASP-45862', 'JVASP-117292']"
JVASP-47885,LiCoSiO4,"['JVASP-48671', 'JVASP-48881', 'JVASP-48882']"
JVASP-118600,Li2Ag,"['JVASP-39803', 'JVASP-38577', 'JVASP-130652']"
JVASP-8776,LiBiS2,"['JVASP-92463', 'JVASP-100134']"
JVASP-118886,LiF2,"['JVASP-1130', 'JVASP-36289', 'JVASP-118887']"
JVASP-139326,LiC,"['JVASP-38476', 'JVASP-139316', 'JVASP-139321']"
JVASP-137387,Li2Mn3CoO8,"['JVASP-47039', 'JVASP-112501', 'JVASP-112909']"
JVASP-122362,Li3CoNi3O8,['JVASP-143293']
JVASP-134088,LiBeOs,['JVASP-64971']
JVASP-18740,LiPt2,"['JVASP-7725', 'JVASP-20419', 'JVASP-38551']"
JVASP-47332,Li3VF8,"['JVASP-47329', 'JVASP-47336', 'JVASP-47119']"
JVASP-46500,LiAl2FeO6,"['JVASP-44912', 'JVASP-44442']"
JVASP-42515,Li4Fe2Cu3O10,['JVASP-45174']
JVASP-47159,LiVF6,"['JVASP-48666', 'JVASP-43793', 'JVASP-48888']"
JVASP-135360,LiSbS,"['JVASP-52357', 'JVASP-46817', 'JVASP-46780']"
JVASP-50700,LiCuPO4,"['JVASP-49798', 'JVASP-50649', 'JVASP-52253']"
JVASP-48228,LiCoSiO4,"['JVASP-48671', 'JVASP-48881', 'JVASP-48882']"
JVASP-121915,LiMnF4,"['JVASP-47990', 'JVASP-47996', 'JVASP-48001']"
JVASP-119593,Li5MnF8,"['JVASP-48782', 'JVASP-133684']"
JVASP-111896,Li2TiCo3O8,"['JVASP-45931', 'JVASP-44652', 'JVASP-116860']"
JVASP-43159,Li2Fe3CoO8,"['JVASP-48527', 'JVASP-48163', 'JVASP-45238']"
JVASP-71883,Li2BeSi,['JVASP-65138']
JVASP-152073,LiB11,"['JVASP-62691', 'JVASP-105282', 'JVASP-8661']"
JVASP-19904,LiTl,"['JVASP-93824', 'JVASP-15799', 'JVASP-7742']"
JVASP-48294,LiMnP2O7,"['JVASP-42787', 'JVASP-42384', 'JVASP-113171']"
JVASP-113667,LiBr,"['JVASP-113664', 'JVASP-113666', 'JVASP-139304']"
JVASP-44780,LiMnF3,['JVASP-116017']
JVASP-42739,LiFe2OF5,"['JVASP-44773', 'JVASP-140713']"
JVASP-137595,Li2Fe3CuO8,"['JVASP-48362', 'JVASP-45083']"
JVASP-34840,LiFe2O4,"['JVASP-47765', 'JVASP-47769', 'JVASP-48101']"
JVASP-38236,Rb3Li,"['JVASP-125999', 'JVASP-130707']"
JVASP-48209,Li2VP2O8,['JVASP-59225']
JVASP-8377,LiMn2O4,"['JVASP-48233', 'JVASP-91859', 'JVASP-52791']"
JVASP-153725,LiMg8Si4,"['JVASP-94840', 'JVASP-79622', 'JVASP-154536']"
JVASP-111964,LiVC2O6,"['JVASP-46669', 'JVASP-45841', 'JVASP-46850']"
JVASP-108951,LiO8,"['JVASP-86322', 'JVASP-87063', 'JVASP-94345']"
JVASP-112758,Li3Ni4O8,"['JVASP-18433', 'JVASP-85546', 'JVASP-108189']"
JVASP-99801,Li3Sm,['JVASP-125979']
JVASP-16637,Li2Ca,"['JVASP-38480', 'JVASP-130662']"
JVASP-91684,LiAl,"['JVASP-38435', 'JVASP-111323', 'JVASP-130653']"
JVASP-45831,Li3V2F9,['JVASP-141661']
JVASP-156340,LiCdGe,['JVASP-16308']
JVASP-127839,LiKr,['JVASP-130685']
JVASP-8661,Li5B4,['JVASP-115185']
JVASP-8650,LiCuPO4,"['JVASP-49798', 'JVASP-50649', 'JVASP-52253']"
JVASP-144729,Li2TiV3O8,"['JVASP-48396', 'JVASP-46671', 'JVASP-146096']"
JVASP-116754,Li2V3O6,"['JVASP-92257', 'JVASP-1870', 'JVASP-78960']"
JVASP-101241,LiO8,"['JVASP-86322', 'JVASP-87063', 'JVASP-94345']"
JVASP-113154,Li3Fe2O6,"['JVASP-42577', 'JVASP-48718', 'JVASP-47453']"
JVASP-46767,LiMn2F6,"['JVASP-47999', 'JVASP-48024', 'JVASP-44000']"
JVASP-50699,LiNbTe3O12,['JVASP-50497']
JVASP-107880,LiMnF3,['JVASP-116017']
JVASP-116245,Li3As,['JVASP-125912']
JVASP-16058,YbLiGe,['JVASP-80001']
JVASP-112510,LiMnCoO4,"['JVASP-101528', 'JVASP-105589', 'JVASP-46902']"
JVASP-49970,LiCuO2,"['JVASP-15431', 'JVASP-93297', 'JVASP-18422']"
JVASP-45242,LiVO2,"['JVASP-45239', 'JVASP-43067']"
JVASP-46764,Li3Co2Si2O8,"['JVASP-48881', 'JVASP-48882', 'JVASP-48715']"
JVASP-140968,Li3CrP2O8,['JVASP-144115']
JVASP-13316,LiMnO2,"['JVASP-52791', 'JVASP-103153', 'JVASP-7888']"
JVASP-48671,Li3Co2Si2O8,"['JVASP-48881', 'JVASP-48882', 'JVASP-48715']"
JVASP-113172,LiFeP2O7,"['JVASP-42631', 'JVASP-122302', 'JVASP-122504']"
JVASP-121791,LiVF4,"['JVASP-100067', 'JVASP-102253', 'JVASP-48544']"
JVASP-146103,LiVBO4,"['JVASP-46477', 'JVASP-121455']"
JVASP-139305,LiBr2,"['JVASP-38538', 'JVASP-34772', 'JVASP-113664']"
JVASP-99798,LiY3,"['JVASP-99802', 'JVASP-130731']"
JVASP-47738,Li2CuF5,"['JVASP-52574', 'JVASP-50754']"
JVASP-48109,LiVGeO5,['JVASP-11672']
JVASP-1384,LiPb,"['JVASP-18738', 'JVASP-18737', 'JVASP-79428']"
JVASP-142554,Li5Mn6O12,"['JVASP-91859', 'JVASP-52791', 'JVASP-43211']"
JVASP-47661,LiCoSnO4,"['JVASP-43643', 'JVASP-43169', 'JVASP-147714']"
JVASP-141594,LiVSiO5,"['JVASP-11689', 'JVASP-117453']"
JVASP-39341,LiHg3,"['JVASP-20277', 'JVASP-38473', 'JVASP-20545']"
JVASP-101160,LiMg,"['JVASP-90587', 'JVASP-90589', 'JVASP-90759']"
JVASP-40981,LiFeSiO4,"['JVASP-48292', 'JVASP-47796', 'JVASP-48612']"
JVASP-138823,LiNiF4,['JVASP-31156']
JVASP-80478,LiMg,"['JVASP-90587', 'JVASP-90589', 'JVASP-90759']"
JVASP-156279,LiAgGe,['JVASP-105782']
JVASP-47436,Li2MnO2F,"['JVASP-48616', 'JVASP-133682']"
JVASP-136940,NaLiP,['JVASP-136943']
JVASP-112795,Li2NiO3,['JVASP-44761']
JVASP-48923,Li2MnO2F,"['JVASP-48616', 'JVASP-133682']"
JVASP-91391,LiFeSi2O6,"['JVASP-48236', 'JVASP-45872', 'JVASP-144246']"
JVASP-151665,LiNbO3,"['JVASP-42354', 'JVASP-135307']"
JVASP-113084,Li3Mn8O16,"['JVASP-48233', 'JVASP-91859', 'JVASP-52791']"
JVASP-48652,Li7VO5F,"['JVASP-47077', 'JVASP-113258']"
JVASP-117087,Li2Fe3CoO8,"['JVASP-48527', 'JVASP-48163', 'JVASP-45238']"
JVASP-43958,Li2MnF6,"['JVASP-48580', 'JVASP-48165', 'JVASP-110623']"
JVASP-116263,LiH2,"['JVASP-2002', 'JVASP-116261', 'JVASP-116262']"
JVASP-144772,Li3Mn2Cr2O8,"['JVASP-44675', 'JVASP-44686', 'JVASP-111146']"
JVASP-122324,LiVF4,"['JVASP-100067', 'JVASP-102253', 'JVASP-48544']"
JVASP-142559,Li2Mn3FeO8,['JVASP-111953']
JVASP-78999,Sr3Li,"['JVASP-99357', 'JVASP-18998', 'JVASP-139403']"
JVASP-104993,LiCoCuO4,"['JVASP-43126', 'JVASP-112741', 'JVASP-140529']"
JVASP-102848,LiFeF4,"['JVASP-42426', 'JVASP-43647', 'JVASP-43652']"
JVASP-122581,LiSn7,"['JVASP-104593', 'JVASP-8726', 'JVASP-109989']"
JVASP-114327,Li2Bi,"['JVASP-8581', 'JVASP-130659']"
JVASP-105282,LiB,"['JVASP-8661', 'JVASP-115185']"
JVASP-141122,Li3Ti8O16,"['JVASP-86520', 'JVASP-85921', 'JVASP-48724']"
JVASP-47765,Li3Fe5O10,"['JVASP-47769', 'JVASP-48101', 'JVASP-42576']"
JVASP-120285,LiNbS3,['JVASP-49920']
JVASP-98010,BaLi4,['JVASP-130657']
JVASP-120587,Li3Fe5Co2O12,['JVASP-42677']
JVASP-48255,LiFe3O6,"['JVASP-47765', 'JVASP-47769', 'JVASP-48101']"
JVASP-42685,Li2FeOF3,['JVASP-43184']
JVASP-146002,LiTi2O4,"['JVASP-86520', 'JVASP-85921', 'JVASP-48724']"
JVASP-43805,LiVF4,"['JVASP-100067', 'JVASP-102253', 'JVASP-48544']"
JVASP-147432,LiCo2O4,"['JVASP-2017', 'JVASP-42829', 'JVASP-42834']"
JVASP-47182,LiCrO2,"['JVASP-92471', 'JVASP-117280', 'JVASP-117400']"
JVASP-46667,Li2VCrP4O14,"['JVASP-48932', 'JVASP-137374']"
JVASP-119751,LiMnF4,"['JVASP-47990', 'JVASP-47996', 'JVASP-48001']"
JVASP-42241,Li3Mn2Cr2O8,"['JVASP-44675', 'JVASP-44686', 'JVASP-111146']"
JVASP-150475,LiCaSn,['JVASP-39881']
JVASP-111149,LiNiO2,"['JVASP-108189', 'JVASP-7881', 'JVASP-30393']"
JVASP-47387,Li2MnO2F,"['JVASP-48616', 'JVASP-133682']"
JVASP-45898,LiNiSnO4,"['JVASP-43113', 'JVASP-44736', 'JVASP-47955']"
JVASP-43199,LiMnVO4,"['JVASP-46741', 'JVASP-116856']"
JVASP-107185,LiGa3,"['JVASP-18520', 'JVASP-79425', 'JVASP-38466']"
JVASP-112863,LiNiP2O7,"['JVASP-45883', 'JVASP-117273', 'JVASP-145646']"
JVASP-56519,Li2Ca,"['JVASP-38480', 'JVASP-130662']"
JVASP-48270,LiFeO3,"['JVASP-42577', 'JVASP-48718', 'JVASP-47453']"
JVASP-42792,Li3Cr3FeO8,"['JVASP-46888', 'JVASP-46239', 'JVASP-46242']"
JVASP-90590,LiMg3,"['JVASP-90586', 'JVASP-90587', 'JVASP-90589']"
JVASP-141571,Li3VO3F2,['JVASP-144051']
JVASP-43513,Li2FeF6,"['JVASP-43762', 'JVASP-43772', 'JVASP-43580']"
JVASP-47705,LiVH2OF5,"['JVASP-40668', 'JVASP-146629']"
JVASP-99034,LiBPt3,['JVASP-87919']
JVASP-141054,LiCoO2,"['JVASP-48257', 'JVASP-43161', 'JVASP-43015']"
JVASP-46674,Li4MnO3F,"['JVASP-48169', 'JVASP-48323', 'JVASP-141148']"
JVASP-47759,Li2Mn3O6,"['JVASP-48233', 'JVASP-91859', 'JVASP-52791']"
JVASP-42974,LiV2Si2O8,"['JVASP-47552', 'JVASP-45777', 'JVASP-45835']"
JVASP-150397,Li5In4,"['JVASP-93406', 'JVASP-8484', 'JVASP-38475']"
JVASP-143981,Li7VO5F,"['JVASP-47077', 'JVASP-113258']"
JVASP-87063,LiO,"['JVASP-50312', 'JVASP-1360', 'JVASP-118616']"
JVASP-118615,LiO,"['JVASP-50312', 'JVASP-1360', 'JVASP-118616']"
JVASP-100602,K3Li,"['JVASP-106253', 'JVASP-130684']"
JVASP-42451,Li2CoOF3,"['JVASP-48462', 'JVASP-48427']"
JVASP-106547,LiY3,"['JVASP-99802', 'JVASP-130731']"
JVASP-14006,Li2NdSb2,['JVASP-35932']
JVASP-107392,LiMnF3,['JVASP-116017']
JVASP-43153,Li9Co2O8,"['JVASP-55327', 'JVASP-43157', 'JVASP-146100']"
JVASP-112511,LiVC2O6,"['JVASP-46669', 'JVASP-45841', 'JVASP-46850']"
JVASP-120308,Li2Sb,"['JVASP-1366', 'JVASP-8152', 'JVASP-120313']"
JVASP-142852,Li3Co2Si2O8,"['JVASP-48881', 'JVASP-48882', 'JVASP-48715']"
JVASP-136917,LiCl,"['JVASP-136909', 'JVASP-136910', 'JVASP-136912']"
JVASP-115707,LiPBr,['JVASP-115708']
JVASP-16690,LiSnAu,['JVASP-18617']
JVASP-117689,LiBeSe,"['JVASP-65185', 'JVASP-71798']"
JVASP-110323,LiVBO4,"['JVASP-46477', 'JVASP-121455']"
JVASP-8376,LiCo2O4,"['JVASP-2017', 'JVASP-42829', 'JVASP-42834']"
JVASP-103266,LiAu3,"['JVASP-106257', 'JVASP-107551', 'JVASP-16445']"
JVASP-46464,Li2Mn3NbO8,"['JVASP-142170', 'JVASP-144038']"
JVASP-146577,LiVSiO4,['JVASP-46719']
JVASP-48134,LiP2WO8,"['JVASP-48191', 'JVASP-48144', 'JVASP-47731']"
JVASP-146113,Li2Ni3TeO8,['JVASP-112926']
JVASP-140584,Li2MnO2F,"['JVASP-48616', 'JVASP-133682']"
JVASP-43165,Li2MnV3O8,"['JVASP-48391', 'JVASP-48574', 'JVASP-40688']"
JVASP-147666,Li7FeO6,"['JVASP-44363', 'JVASP-141854', 'JVASP-146264']"
JVASP-64680,BaLiCa,"['JVASP-69274', 'JVASP-77273']"
JVASP-36777,LiAgO2,['JVASP-114159']
JVASP-67730,LiBeCo,"['JVASP-67898', 'JVASP-70959']"
JVASP-127987,LiNd3,"['JVASP-38531', 'JVASP-125954']"
JVASP-20277,LiHg,"['JVASP-38473', 'JVASP-19791', 'JVASP-130680']"
JVASP-46868,LiSi2NiO6,"['JVASP-46775', 'JVASP-44724', 'JVASP-111927']"
JVASP-116514,LiMnF3,['JVASP-116017']
JVASP-116286,Li3H,['JVASP-130677']
JVASP-106960,LiPm3,"['JVASP-106956', 'JVASP-106957', 'JVASP-130701']"
JVASP-93824,Li2Tl,"['JVASP-15799', 'JVASP-7742', 'JVASP-130725']"
JVASP-117445,LiVOF4,['JVASP-48584']
JVASP-140521,LiAlFeO4,"['JVASP-43984', 'JVASP-44373']"
JVASP-42633,LiMn2P2O8,"['JVASP-52783', 'JVASP-43659', 'JVASP-91261']"
JVASP-103548,Li2MnF6,"['JVASP-48580', 'JVASP-48165', 'JVASP-110623']"
JVASP-102524,LiSi3,"['JVASP-86910', 'JVASP-86307', 'JVASP-103702']"
JVASP-67279,LiBeFe,['JVASP-70941']
JVASP-125856,K3Li,"['JVASP-106253', 'JVASP-130684']"
JVASP-135380,LiY2S2,"['JVASP-135377', 'JVASP-135378', 'JVASP-135379']"
JVASP-48272,LiCo2O4,"['JVASP-2017', 'JVASP-42829', 'JVASP-42834']"
JVASP-121717,LiCoSnO4,"['JVASP-43643', 'JVASP-43169', 'JVASP-147714']"
JVASP-45902,LiTi3VO8,"['JVASP-47778', 'JVASP-142651', 'JVASP-146935']"
JVASP-36775,LiCuO2,"['JVASP-15431', 'JVASP-93297', 'JVASP-18422']"
JVASP-146606,Li2CrO4,"['JVASP-42740', 'JVASP-47899', 'JVASP-44441']"
JVASP-145613,Li3CoO3,"['JVASP-141863', 'JVASP-141058', 'JVASP-145607']"
JVASP-52142,Li3Mn3O8,"['JVASP-111647', 'JVASP-112917', 'JVASP-121446']"
JVASP-142066,LiCoCuO4,"['JVASP-43126', 'JVASP-112741', 'JVASP-140529']"
JVASP-139401,Li2Sn,"['JVASP-8726', 'JVASP-109989', 'JVASP-130717']"
JVASP-144028,Li2V2SiGeO10,['JVASP-42958']
JVASP-135392,LiS2,"['JVASP-1288', 'JVASP-8755', 'JVASP-78363']"
JVASP-121903,LiMnP2O7,"['JVASP-42787', 'JVASP-42384', 'JVASP-113171']"
JVASP-140204,LiNi2O4,"['JVASP-18433', 'JVASP-42629', 'JVASP-85546']"
JVASP-117271,LiNi2O4,"['JVASP-18433', 'JVASP-42629', 'JVASP-85546']"
JVASP-46734,LiMn2F6,"['JVASP-47999', 'JVASP-48024', 'JVASP-44000']"
JVASP-42834,LiCoO2,"['JVASP-48257', 'JVASP-43161', 'JVASP-43015']"
JVASP-67390,LiYBe,['JVASP-74856']
JVASP-47583,Li2Cr3CoO8,['JVASP-46863']
JVASP-42597,LiVF4,"['JVASP-100067', 'JVASP-102253', 'JVASP-48544']"
JVASP-42742,LiMnSiO4,"['JVASP-42276', 'JVASP-49137', 'JVASP-56663']"
JVASP-120425,LiMnCrO4,"['JVASP-42300', 'JVASP-42241', 'JVASP-44675']"
JVASP-7784,LiC,"['JVASP-38476', 'JVASP-139316', 'JVASP-139321']"
JVASP-86910,LiSi,"['JVASP-8663', 'JVASP-130716']"
JVASP-145687,Li2CoO3,"['JVASP-48267', 'JVASP-40701', 'JVASP-122393']"
JVASP-117093,LiCoSiO4,"['JVASP-48671', 'JVASP-48881', 'JVASP-48882']"
JVASP-42684,LiVPHO5,['JVASP-143290']
JVASP-139316,Li2C,['JVASP-38476']
JVASP-113457,BaLiBi,['JVASP-69357']
JVASP-50073,LiTeO3,"['JVASP-85949', 'JVASP-86548']"
JVASP-119249,LiCo2O4,"['JVASP-2017', 'JVASP-42829', 'JVASP-42834']"
JVASP-43057,LiCo2NiO6,"['JVASP-46911', 'JVASP-148272', 'JVASP-145497']"
JVASP-115195,Li2I,"['JVASP-115199', 'JVASP-130682']"
JVASP-146624,Li3Mn4B4O12,"['JVASP-42744', 'JVASP-11785', 'JVASP-46292']"
JVASP-46858,Li2V3CoO8,"['JVASP-44633', 'JVASP-116517']"
JVASP-18737,Li3Pb,['JVASP-18738']
JVASP-144089,LiV3OF11,"['JVASP-48953', 'JVASP-46914']"
JVASP-44393,Li2Ni3SbO8,['JVASP-132895']
JVASP-18805,LiUN2,"['JVASP-140188', 'JVASP-152981']"
JVASP-115191,LiI2,"['JVASP-8563', 'JVASP-56047', 'JVASP-54821']"
JVASP-117101,LiFeF4,"['JVASP-42426', 'JVASP-43647', 'JVASP-43652']"
JVASP-144889,Li3Fe2Si2O8,"['JVASP-47796', 'JVASP-48612', 'JVASP-47125']"
JVASP-113666,Li2Br,"['JVASP-139308', 'JVASP-139310', 'JVASP-139311']"
JVASP-144019,LiVF4,"['JVASP-100067', 'JVASP-102253', 'JVASP-48544']"
JVASP-141120,LiB3,"['JVASP-62691', 'JVASP-105282', 'JVASP-8661']"
JVASP-146115,Li3Co2Si2O8,"['JVASP-48881', 'JVASP-48882', 'JVASP-48715']"
JVASP-7857,LiFeO2,"['JVASP-42576', 'JVASP-43114', 'JVASP-42992']"
JVASP-107458,LiCl,"['JVASP-136909', 'JVASP-136910', 'JVASP-136912']"
JVASP-137299,Li5Fe4O8,"['JVASP-43114', 'JVASP-42992', 'JVASP-141598']"
JVASP-119370,Li6FeO5F,"['JVASP-44329', 'JVASP-119725', 'JVASP-120752']"
JVASP-113200,LiFeP2O7,"['JVASP-42631', 'JVASP-122302', 'JVASP-122504']"
JVASP-40308,LiGa3,"['JVASP-18520', 'JVASP-79425', 'JVASP-38466']"
JVASP-142082,LiCoSiO4,"['JVASP-48671', 'JVASP-48881', 'JVASP-48882']"
JVASP-67178,LiBePd,['JVASP-65230']
JVASP-142685,LiVF4,"['JVASP-100067', 'JVASP-102253', 'JVASP-48544']"
JVASP-145996,Li8Co5O10,"['JVASP-43161', 'JVASP-43015', 'JVASP-108179']"
JVASP-43016,LiFeNiO4,"['JVASP-47054', 'JVASP-45864', 'JVASP-44698']"
JVASP-142614,Li3Mn4B4O12,"['JVASP-42744', 'JVASP-11785', 'JVASP-46292']"
JVASP-90589,Li3Mg,"['JVASP-93294', 'JVASP-41681', 'JVASP-109164']"
JVASP-121185,Li2S,['JVASP-130712']
JVASP-38741,Li3Sm,['JVASP-125979']
JVASP-44027,LiMnF4,"['JVASP-47990', 'JVASP-47996', 'JVASP-48001']"
JVASP-42605,Li4CoO3F,"['JVASP-48424', 'JVASP-146118']"
JVASP-146613,LiFeSiO4,"['JVASP-48292', 'JVASP-47796', 'JVASP-48612']"
JVASP-52212,Li4CuP2O8,['JVASP-50291']
JVASP-40435,Li3Cd,['JVASP-130663']
JVASP-47274,Li5MnF8,"['JVASP-48782', 'JVASP-133684']"
JVASP-43849,LiMnF3,['JVASP-116017']
JVASP-94411,Li2Mg,"['JVASP-90587', 'JVASP-90589', 'JVASP-90759']"
JVASP-146761,Li2CoO3,"['JVASP-48267', 'JVASP-40701', 'JVASP-122393']"
JVASP-45241,LiNiSnO4,"['JVASP-43113', 'JVASP-44736', 'JVASP-47955']"
JVASP-105103,LiO,"['JVASP-50312', 'JVASP-1360', 'JVASP-118616']"
JVASP-48622,LiFeSiO4,"['JVASP-48292', 'JVASP-47796', 'JVASP-48612']"
JVASP-52893,Li3H4Rh,['JVASP-18464']
JVASP-94993,LiCuPO4,"['JVASP-49798', 'JVASP-50649', 'JVASP-52253']"
JVASP-47306,LiVF4,"['JVASP-100067', 'JVASP-102253', 'JVASP-48544']"
JVASP-144062,LiVOF4,['JVASP-48584']
JVASP-42321,LiMnF4,"['JVASP-47990', 'JVASP-47996', 'JVASP-48001']"
JVASP-44380,Li2Cr2O7,['JVASP-143286']
JVASP-141005,Li3Ni4O8,"['JVASP-18433', 'JVASP-85546', 'JVASP-108189']"
JVASP-140951,Li3FeO3,['JVASP-47453']
JVASP-118901,LiN2,"['JVASP-1375', 'JVASP-7999', 'JVASP-78433']"
JVASP-93391,LiMg,"['JVASP-90587', 'JVASP-90589', 'JVASP-90759']"
JVASP-44314,LiCoSnO4,"['JVASP-43643', 'JVASP-43169', 'JVASP-147714']"
JVASP-120312,Li2Sb,"['JVASP-1366', 'JVASP-8152', 'JVASP-120313']"
JVASP-147709,Li2Fe3CoO8,"['JVASP-48527', 'JVASP-48163', 'JVASP-45238']"
JVASP-116614,LiSO4,"['JVASP-57818', 'JVASP-21003', 'JVASP-109392']"
JVASP-154536,Li3Mg8Si4,['JVASP-79622']
JVASP-44131,LiCoSiO4,"['JVASP-48671', 'JVASP-48881', 'JVASP-48882']"
JVASP-42577,Li2FeO3,"['JVASP-47453', 'JVASP-117295', 'JVASP-140951']"
JVASP-120579,Li3Ti2Co3O10,['JVASP-48576']
JVASP-129861,LiCa3,"['JVASP-56519', 'JVASP-38480', 'JVASP-16637']"
JVASP-136361,LiPCl,['JVASP-136362']
JVASP-58363,LiY2Si2,['JVASP-17288']
JVASP-112744,Li2V3O6,"['JVASP-92257', 'JVASP-1870', 'JVASP-78960']"
JVASP-144422,LiMn2P2O8,"['JVASP-52783', 'JVASP-43659', 'JVASP-91261']"
JVASP-116872,Li7NiO4F2,['JVASP-47094']
JVASP-43029,Li2FeO3,"['JVASP-47453', 'JVASP-117295', 'JVASP-140951']"
JVASP-127257,LiTl,"['JVASP-93824', 'JVASP-15799', 'JVASP-7742']"
JVASP-66310,BaLiCl,['JVASP-69032']
JVASP-99357,Sr3Li2,"['JVASP-18998', 'JVASP-139403']"
JVASP-141580,LiMnF4,"['JVASP-47990', 'JVASP-47996', 'JVASP-48001']"
JVASP-147379,Li3Fe3O8,['JVASP-43175']
JVASP-113175,LiCoP2O7,"['JVASP-112836', 'JVASP-122354', 'JVASP-143941']"
JVASP-47609,LiCoSnO4,"['JVASP-43643', 'JVASP-43169', 'JVASP-147714']"
JVASP-133663,Li3CoB2O6,['JVASP-140712']
JVASP-115417,NaLiAs,"['JVASP-36561', 'JVASP-115419']"
JVASP-47902,LiMnF3,['JVASP-116017']
JVASP-40686,LiFeSiO4,"['JVASP-48292', 'JVASP-47796', 'JVASP-48612']"
JVASP-146281,LiMoP2O8,"['JVASP-112415', 'JVASP-121697', 'JVASP-121696']"
JVASP-44667,Li2Mn3FeO8,['JVASP-111953']
JVASP-44785,Li4FeO3F,"['JVASP-48722', 'JVASP-146335']"
JVASP-43430,Li3V2F9,['JVASP-141661']
JVASP-38531,Li3Nd,['JVASP-125954']
JVASP-121203,LiTe2,"['JVASP-1399', 'JVASP-78529', 'JVASP-121192']"
JVASP-113456,BaLiBi,['JVASP-69357']
JVASP-140533,Li3Fe2O6,"['JVASP-42577', 'JVASP-48718', 'JVASP-47453']"
JVASP-99804,YbLi3,['JVASP-130732']
JVASP-113210,LiMn2P2O8,"['JVASP-52783', 'JVASP-43659', 'JVASP-91261']"
JVASP-52346,Li2CuSbO5,['JVASP-46814']
JVASP-137303,LiVBO4,"['JVASP-46477', 'JVASP-121455']"
JVASP-120601,LiV4O5F7,"['JVASP-46875', 'JVASP-121708']"
JVASP-141569,Li3V2F8,"['JVASP-100067', 'JVASP-102253', 'JVASP-48544']"
JVASP-52502,Li6CuO4,['JVASP-42149']
JVASP-118940,LiSbAu,['JVASP-18616']
JVASP-52479,Li3SbS4,"['JVASP-50466', 'JVASP-50813', 'JVASP-45973']"
JVASP-43770,LiFeF4,"['JVASP-42426', 'JVASP-43647', 'JVASP-43652']"
JVASP-109221,LiVF6,"['JVASP-48666', 'JVASP-43793', 'JVASP-48888']"
JVASP-141043,Li2Cr3NiO8,"['JVASP-46471', 'JVASP-113215', 'JVASP-119343']"
JVASP-109819,LiVO3,"['JVASP-47722', 'JVASP-43034', 'JVASP-121167']"
JVASP-43162,Li2VCo3O8,['JVASP-144417']
JVASP-141212,Li2CoO3,"['JVASP-48267', 'JVASP-40701', 'JVASP-122393']"
JVASP-46739,LiFe2P2O8,"['JVASP-48301', 'JVASP-47499', 'JVASP-47509']"
JVASP-136032,LiMgBi,['JVASP-109393']
JVASP-47722,Li3V2O6,"['JVASP-43034', 'JVASP-121167', 'JVASP-133713']"
JVASP-48101,LiFeO2,"['JVASP-42576', 'JVASP-43114', 'JVASP-42992']"
JVASP-144066,Li7VO5F,"['JVASP-47077', 'JVASP-113258']"
JVASP-144050,LiMn3P4O16,['JVASP-147421']
JVASP-118938,Li2AuS2,['JVASP-11416']
JVASP-43531,LiVF4,"['JVASP-100067', 'JVASP-102253', 'JVASP-48544']"
JVASP-141627,LiCoSiO4,"['JVASP-48671', 'JVASP-48881', 'JVASP-48882']"
JVASP-42836,LiVCrO4,"['JVASP-43435', 'JVASP-42641', 'JVASP-48345']"
JVASP-120311,Li2Sb,"['JVASP-1366', 'JVASP-8152', 'JVASP-120313']"
JVASP-144075,LiVP2HO8,"['JVASP-42243', 'JVASP-43565', 'JVASP-44143']"
JVASP-111962,Li3Mn2Co2O8,"['JVASP-101528', 'JVASP-105589', 'JVASP-46902']"
JVASP-116902,LiMnF5,"['JVASP-48617', 'JVASP-42921', 'JVASP-141615']"
JVASP-47039,Li3Mn3CoO8,"['JVASP-112501', 'JVASP-112909', 'JVASP-120711']"
JVASP-39286,LiCeO3,"['JVASP-49838', 'JVASP-112514']"
JVASP-132910,Li2MnO3,"['JVASP-44701', 'JVASP-147682']"
JVASP-139381,LiP,"['JVASP-86988', 'JVASP-86319', 'JVASP-125959']"
JVASP-133210,LiFePCO7,"['JVASP-112441', 'JVASP-119734', 'JVASP-119745']"
JVASP-110807,K3Li,"['JVASP-106253', 'JVASP-130684']"
JVASP-48085,LiCoSiO4,"['JVASP-48671', 'JVASP-48881', 'JVASP-48882']"
JVASP-44789,LiMnF3,['JVASP-116017']
JVASP-18544,LiNiN,['JVASP-21456']
JVASP-8375,LiNi2O4,"['JVASP-18433', 'JVASP-42629', 'JVASP-85546']"
JVASP-94409,LiMg2,"['JVASP-90586', 'JVASP-90587', 'JVASP-90589']"
JVASP-44367,Li2VBPO7,['JVASP-46456']
JVASP-141838,LiMn2P2O8,"['JVASP-52783', 'JVASP-43659', 'JVASP-91261']"
JVASP-116249,Li2As,"['JVASP-61273', 'JVASP-62288', 'JVASP-63216']"
JVASP-144041,LiFeSiO4,"['JVASP-48292', 'JVASP-47796', 'JVASP-48612']"
JVASP-42576,Li5Fe4O8,"['JVASP-43114', 'JVASP-42992', 'JVASP-141598']"
JVASP-144615,Li5OsO6,['JVASP-13272']
JVASP-50739,LiAgF3,"['JVASP-52577', 'JVASP-52221', 'JVASP-50744']"
JVASP-141650,Li2Ni2SnO6,['JVASP-119265']
JVASP-46833,LiVSiO4,['JVASP-46719']
JVASP-146257,LiCo2P2O8,"['JVASP-43243', 'JVASP-47637', 'JVASP-55326']"
JVASP-43636,LiVF4,"['JVASP-100067', 'JVASP-102253', 'JVASP-48544']"
JVASP-142171,Li3Mn2Si2O8,"['JVASP-42276', 'JVASP-49137', 'JVASP-56663']"
JVASP-106962,LiSb3,"['JVASP-1366', 'JVASP-8152', 'JVASP-118636']"
JVASP-141023,LiNiSnO4,"['JVASP-43113', 'JVASP-44736', 'JVASP-47955']"
JVASP-113961,Li2BN2,"['JVASP-63406', 'JVASP-10301', 'JVASP-21259']"
JVASP-42821,LiFeCoO4,"['JVASP-91986', 'JVASP-105695', 'JVASP-106890']"
JVASP-143940,LiMn2B2O6,"['JVASP-42744', 'JVASP-11785', 'JVASP-46292']"
JVASP-45784,Li3VF6,"['JVASP-40704', 'JVASP-40658', 'JVASP-40689']"
JVASP-141632,LiFeSiO4,"['JVASP-48292', 'JVASP-47796', 'JVASP-48612']"
JVASP-86319,Li3P,['JVASP-125959']
JVASP-143984,LiFeP2O7,"['JVASP-42631', 'JVASP-122302', 'JVASP-122504']"
JVASP-115416,NaLiAs,"['JVASP-36561', 'JVASP-115419']"
JVASP-145775,LiFeO2,"['JVASP-42576', 'JVASP-43114', 'JVASP-42992']"
JVASP-144464,LiTi2O4,"['JVASP-86520', 'JVASP-85921', 'JVASP-48724']"
JVASP-118891,Li2F,['JVASP-120283']
JVASP-47593,LiFeCoO4,"['JVASP-91986', 'JVASP-105695', 'JVASP-106890']"
JVASP-121716,Li3MnSi2O7,['JVASP-47515']
JVASP-94345,LiO2,"['JVASP-86322', 'JVASP-87063', 'JVASP-105103']"
JVASP-141576,Li3Fe4O8,"['JVASP-47769', 'JVASP-48101', 'JVASP-42576']"
JVASP-45931,Li3TiCo3O8,['JVASP-44652']
JVASP-42629,Li3Ni4O8,"['JVASP-18433', 'JVASP-85546', 'JVASP-108189']"
JVASP-145768,LiMn7O12,"['JVASP-44704', 'JVASP-133641']"
JVASP-40434,Li3Ge,['JVASP-20195']
JVASP-13977,YbLiGe,['JVASP-80001']
JVASP-118890,LiF2,"['JVASP-1130', 'JVASP-36289', 'JVASP-118887']"
JVASP-140523,Li2MnV3O8,"['JVASP-48391', 'JVASP-48574', 'JVASP-40688']"
JVASP-113665,LiBr,"['JVASP-113664', 'JVASP-113666', 'JVASP-139304']"
JVASP-98027,LiBPt3,['JVASP-87919']
JVASP-102523,LiPr3,"['JVASP-38550', 'JVASP-130703']"
JVASP-114158,LiAgO2,['JVASP-114159']
JVASP-42748,LiCo3O2F6,['JVASP-46959']
JVASP-141013,LiFeO2,"['JVASP-42576', 'JVASP-43114', 'JVASP-42992']"
JVASP-145769,Li3VF8,"['JVASP-47329', 'JVASP-47336', 'JVASP-47119']"
JVASP-43907,LiMnCo3O8,"['JVASP-43813', 'JVASP-47887', 'JVASP-40680']"
JVASP-34772,LiBr,"['JVASP-113664', 'JVASP-113666', 'JVASP-139304']"
JVASP-48483,Li2Ni3TeO8,['JVASP-112926']
JVASP-117408,LiNiP2O7,"['JVASP-45883', 'JVASP-117273', 'JVASP-145646']"
JVASP-43561,LiFeF4,"['JVASP-42426', 'JVASP-43647', 'JVASP-43652']"
JVASP-48906,Li2MnF6,"['JVASP-48580', 'JVASP-48165', 'JVASP-110623']"
JVASP-45835,LiVSiO4,['JVASP-46719']
JVASP-121684,Li2VO2F2,"['JVASP-46917', 'JVASP-47076', 'JVASP-140631']"
JVASP-142612,Li2MnCr3O8,"['JVASP-48903', 'JVASP-141847']"
JVASP-146929,LiMn2O4,"['JVASP-48233', 'JVASP-91859', 'JVASP-52791']"
JVASP-50736,LiAg2F4,"['JVASP-22698', 'JVASP-50760', 'JVASP-52561']"
JVASP-79442,LiRh3,"['JVASP-107944', 'JVASP-78686', 'JVASP-109051']"
JVASP-142601,Li2VF6,"['JVASP-43793', 'JVASP-48888', 'JVASP-40704']"
JVASP-67543,LiBeSi,"['JVASP-65138', 'JVASP-71883']"
JVASP-47623,LiFeCoO4,"['JVASP-91986', 'JVASP-105695', 'JVASP-106890']"
JVASP-100199,LiAg3,"['JVASP-79464', 'JVASP-39803', 'JVASP-14547']"
JVASP-44504,Li2Fe3CuO8,"['JVASP-48362', 'JVASP-45083']"
JVASP-109635,Li3Mg5,"['JVASP-90586', 'JVASP-90587', 'JVASP-90589']"
JVASP-48608,LiMnF3,['JVASP-116017']
JVASP-136909,Li2Cl,['JVASP-136922']
JVASP-46956,Li3V3CrO8,"['JVASP-45933', 'JVASP-122521', 'JVASP-141842']"
JVASP-45795,Li3MnFe3O8,"['JVASP-48349', 'JVASP-44692', 'JVASP-121748']"
JVASP-45932,LiVCoO4,"['JVASP-112820', 'JVASP-132870']"
JVASP-24369,LiV2F6,"['JVASP-48750', 'JVASP-48941', 'JVASP-43968']"
JVASP-150540,Li2PrSb2,['JVASP-35934']
JVASP-22712,Li2VF6,"['JVASP-43793', 'JVASP-48888', 'JVASP-40704']"
JVASP-43318,Li2MnCr3O8,"['JVASP-48903', 'JVASP-141847']"
JVASP-147416,LiVSiO4,['JVASP-46719']
JVASP-44060,Li2Fe3WO8,['JVASP-147152']
JVASP-42647,LiVF5,"['JVASP-46913', 'JVASP-147415', 'JVASP-145591']"
JVASP-92257,LiVO2,"['JVASP-45239', 'JVASP-43067']"
JVASP-117100,LiFeF5,"['JVASP-43596', 'JVASP-116895']"
JVASP-136912,Li2Cl,['JVASP-136922']
JVASP-103268,LiEu3,['JVASP-100196']
JVASP-111840,LiV4O10,"['JVASP-97597', 'JVASP-11743', 'JVASP-117265']"
JVASP-94412,LiMg,"['JVASP-90587', 'JVASP-90589', 'JVASP-90759']"
JVASP-43305,Li2Ni3SbO8,['JVASP-132895']
JVASP-140601,LiMn2F7,"['JVASP-48922', 'JVASP-48572', 'JVASP-111921']"
JVASP-118936,LiAu2S2,"['JVASP-61436', 'JVASP-13059', 'JVASP-118934']"
JVASP-7854,LiMnO2,"['JVASP-52791', 'JVASP-103153', 'JVASP-7888']"
JVASP-141631,Li3Co2Si2O8,"['JVASP-48881', 'JVASP-48882', 'JVASP-48715']"
JVASP-137385,LiCoSiO4,"['JVASP-48671', 'JVASP-48881', 'JVASP-48882']"
JVASP-135837,BaLiCl,['JVASP-69032']
JVASP-116022,LiNF,['JVASP-116021']
JVASP-116300,Li2Se,['JVASP-130715']
JVASP-146919,Li3Ni4O8,"['JVASP-18433', 'JVASP-85546', 'JVASP-108189']"
JVASP-42829,Li3Co4O8,"['JVASP-2017', 'JVASP-42834', 'JVASP-48257']"
JVASP-1642,LiCuO2,"['JVASP-15431', 'JVASP-93297', 'JVASP-18422']"
JVASP-45799,Li4Mn3Fe2O10,"['JVASP-48316', 'JVASP-146610']"
JVASP-47298,Li4Mn5O9F,['JVASP-143257']
JVASP-50747,Li5CuF8,"['JVASP-52242', 'JVASP-52269']"
JVASP-118636,LiSb2,"['JVASP-1366', 'JVASP-8152', 'JVASP-118638']"
JVASP-47645,Li3Cu2F8,"['JVASP-50719', 'JVASP-50720', 'JVASP-52238']"
JVASP-42621,Li4V3Cr3O12,"['JVASP-43435', 'JVASP-42641', 'JVASP-48345']"
JVASP-145581,LiMn2P2O8,"['JVASP-52783', 'JVASP-43659', 'JVASP-91261']"
JVASP-43301,LiMnO2,"['JVASP-52791', 'JVASP-103153', 'JVASP-7888']"
JVASP-141236,Li2VFe3O8,"['JVASP-44634', 'JVASP-121933']"
JVASP-146921,LiAlVO4,"['JVASP-46248', 'JVASP-142071', 'JVASP-145611']"
JVASP-116849,LiV2F7,"['JVASP-47015', 'JVASP-45858', 'JVASP-47061']"
JVASP-141057,LiCoSiO4,"['JVASP-48671', 'JVASP-48881', 'JVASP-48882']"
JVASP-42694,LiCrSiO4,"['JVASP-48281', 'JVASP-47889']"
JVASP-141306,LiRu2O4,['JVASP-18489']
JVASP-115199,Li3I,['JVASP-130682']
JVASP-141030,Li2FeP2O8,"['JVASP-44734', 'JVASP-142571']"
JVASP-38446,Li3Cd,['JVASP-130663']
JVASP-48226,LiCoSiO4,"['JVASP-48671', 'JVASP-48881', 'JVASP-48882']"
JVASP-48925,Li2MnO2F,"['JVASP-48616', 'JVASP-133682']"
JVASP-117206,LiTiFeO4,"['JVASP-44357', 'JVASP-111922']"
JVASP-116262,LiH,"['JVASP-116261', 'JVASP-116265', 'JVASP-116278']"
JVASP-43686,LiMnOF2,"['JVASP-45877', 'JVASP-140997']"
JVASP-104792,LiMnF3,['JVASP-116017']
JVASP-147445,LiFeSiO4,"['JVASP-48292', 'JVASP-47796', 'JVASP-48612']"
JVASP-45827,LiFeSiO4,"['JVASP-48292', 'JVASP-47796', 'JVASP-48612']"
JVASP-90622,LiLaBi2,['JVASP-35931']
JVASP-137727,LiFe2O4,"['JVASP-47765', 'JVASP-47769', 'JVASP-48101']"
JVASP-111990,Li2VF6,"['JVASP-43793', 'JVASP-48888', 'JVASP-40704']"
JVASP-142591,LiTiVO4,"['JVASP-48241', 'JVASP-46343', 'JVASP-45243']"
JVASP-120284,LiF,"['JVASP-118887', 'JVASP-118891', 'JVASP-118892']"
JVASP-144116,Li2Fe3O6,"['JVASP-47769', 'JVASP-48101', 'JVASP-42576']"
JVASP-47899,Li7Cr2O8,"['JVASP-44441', 'JVASP-46267', 'JVASP-44470']"
JVASP-140417,LiMn8O16,"['JVASP-48233', 'JVASP-91859', 'JVASP-52791']"
JVASP-118931,LiGaAu,['JVASP-18606']
JVASP-79330,LiGa3,"['JVASP-18520', 'JVASP-79425', 'JVASP-38466']"
JVASP-106253,KLi3,['JVASP-130684']
JVASP-115701,LiBrN,['JVASP-115703']
JVASP-144721,Li2V3O6,"['JVASP-92257', 'JVASP-1870', 'JVASP-78960']"
JVASP-144007,LiFe2O4,"['JVASP-47765', 'JVASP-47769', 'JVASP-48101']"
JVASP-44062,Li2Co3NiO8,"['JVASP-40656', 'JVASP-45862', 'JVASP-117292']"
JVASP-149902,LiTl,"['JVASP-93824', 'JVASP-15799', 'JVASP-7742']"
JVASP-119459,Li2B7H7,['JVASP-14027']
JVASP-43821,LiCrP2O7,"['JVASP-43820', 'JVASP-119542', 'JVASP-133673']"
JVASP-145869,LiMnP2O8,"['JVASP-48392', 'JVASP-47538', 'JVASP-40991']"
JVASP-153753,Li9Al4,"['JVASP-38435', 'JVASP-130653']"
JVASP-43733,Li6FeO4F2,"['JVASP-42828', 'JVASP-132906', 'JVASP-147489']"
JVASP-147127,LiMnP2O7,"['JVASP-42787', 'JVASP-42384', 'JVASP-113171']"
JVASP-48958,Li4MnF8,"['JVASP-48782', 'JVASP-47274', 'JVASP-119593']"
JVASP-142617,Li2MnF6,"['JVASP-48580', 'JVASP-48165', 'JVASP-110623']"
JVASP-46717,LiMn2P2O8,"['JVASP-52783', 'JVASP-43659', 'JVASP-91261']"
JVASP-45029,Li2Fe3NiO8,"['JVASP-112810', 'JVASP-111961', 'JVASP-146109']"
JVASP-151657,LiNbO3,"['JVASP-42354', 'JVASP-135307']"
JVASP-59909,Li3Co4O8,"['JVASP-2017', 'JVASP-42834', 'JVASP-48257']"
JVASP-19791,Li3Hg,['JVASP-130680']
JVASP-52525,LiAgF3,"['JVASP-52577', 'JVASP-52221', 'JVASP-50744']"
JVASP-122003,Li2CoO3,"['JVASP-48267', 'JVASP-40701', 'JVASP-122393']"
JVASP-43961,LiVF4,"['JVASP-100067', 'JVASP-102253', 'JVASP-48544']"
JVASP-9407,LiAlO2,['JVASP-118599']
JVASP-59595,LiV2O4,"['JVASP-92257', 'JVASP-1870', 'JVASP-78960']"
JVASP-52285,LiAg2F6,"['JVASP-52577', 'JVASP-52221', 'JVASP-50739']"
JVASP-113150,Li2V3O6,"['JVASP-92257', 'JVASP-1870', 'JVASP-78960']"
JVASP-140643,LiVSiO4,['JVASP-46719']
JVASP-48267,Li5Co2O6,"['JVASP-40701', 'JVASP-122393', 'JVASP-141863']"
JVASP-47725,LiFeP2HO8,"['JVASP-46841', 'JVASP-42191']"
JVASP-39831,LiZn3,"['JVASP-79432', 'JVASP-20247', 'JVASP-38580']"
JVASP-52183,LiCu2F6,"['JVASP-52308', 'JVASP-50671']"
JVASP-111922,Li4Ti3Fe3O12,['JVASP-44357']
JVASP-47331,Li3VF8,"['JVASP-47329', 'JVASP-47336', 'JVASP-47119']"
JVASP-59202,LiMnP2O7,"['JVASP-42787', 'JVASP-42384', 'JVASP-113171']"
JVASP-47895,LiCoSiO4,"['JVASP-48671', 'JVASP-48881', 'JVASP-48882']"
JVASP-116516,Li3V3O8,['JVASP-146722']
JVASP-141644,LiMn2O4,"['JVASP-48233', 'JVASP-91859', 'JVASP-52791']"
JVASP-143990,Li2MnO2F,"['JVASP-48616', 'JVASP-133682']"
JVASP-116884,LiFeSiO4,"['JVASP-48292', 'JVASP-47796', 'JVASP-48612']"
JVASP-47815,LiFeSiO4,"['JVASP-48292', 'JVASP-47796', 'JVASP-48612']"
JVASP-43315,Li2Ni2SnO6,['JVASP-119265']
JVASP-133700,LiFeF4,"['JVASP-42426', 'JVASP-43647', 'JVASP-43652']"
JVASP-50367,LiFeS2,"['JVASP-49799', 'JVASP-50865']"
JVASP-66868,LiBeOs,['JVASP-64971']
JVASP-35982,LiBe,['JVASP-38421']
JVASP-71798,Li2BeSe,['JVASP-65185']
JVASP-144780,Li2VOF5,['JVASP-113238']
JVASP-48192,LiCoSiO4,"['JVASP-48671', 'JVASP-48881', 'JVASP-48882']"
JVASP-78876,LiO,"['JVASP-50312', 'JVASP-1360', 'JVASP-118616']"
JVASP-143256,Li3Nb2Fe3O10,['JVASP-44628']
JVASP-42171,LiMnSiO4,"['JVASP-42276', 'JVASP-49137', 'JVASP-56663']"
JVASP-43581,Li2FeB2O6,['JVASP-48959']
JVASP-116312,LiSe3,"['JVASP-1381', 'JVASP-116300', 'JVASP-116301']"
JVASP-117297,LiCoSiO4,"['JVASP-48671', 'JVASP-48881', 'JVASP-48882']"
JVASP-46518,LiAlVO4,"['JVASP-46248', 'JVASP-142071', 'JVASP-145611']"
JVASP-59895,LiCr2S4,['JVASP-1474']
JVASP-132011,LiLa3,['JVASP-102513']
JVASP-47882,Li3Co2Si2O8,"['JVASP-48881', 'JVASP-48882', 'JVASP-48715']"
JVASP-143107,LiMg8Si4,"['JVASP-94840', 'JVASP-79622', 'JVASP-154536']"
JVASP-42300,Li4Mn3Cr3O12,"['JVASP-42241', 'JVASP-44675', 'JVASP-44686']"
JVASP-145531,Li3V5O12,['JVASP-43545']
JVASP-92253,LiCuS2,"['JVASP-92457', 'JVASP-50791', 'JVASP-50800']"
JVASP-42717,LiMn2B2O6,"['JVASP-42744', 'JVASP-11785', 'JVASP-46292']"
JVASP-46916,Li2V3CoO8,"['JVASP-44633', 'JVASP-116517']"
JVASP-57390,Li2NiO3,['JVASP-44761']
JVASP-144268,LiVGeO5,['JVASP-11672']
JVASP-48084,LiCoSiO4,"['JVASP-48671', 'JVASP-48881', 'JVASP-48882']"
JVASP-116268,LiH,"['JVASP-116261', 'JVASP-116265', 'JVASP-116278']"
JVASP-52513,LiTi4O8,"['JVASP-86520', 'JVASP-85921', 'JVASP-48724']"
JVASP-43377,Li2VF6,"['JVASP-43793', 'JVASP-48888', 'JVASP-40704']"
JVASP-123497,LiU3,['JVASP-130727']
JVASP-122352,Li3Fe3O8,['JVASP-43175']
JVASP-143216,LiCr2S4,['JVASP-1474']
JVASP-136924,LiMgSb,['JVASP-110219']
JVASP-139307,Li2Br,"['JVASP-139308', 'JVASP-139310', 'JVASP-139311']"
JVASP-135390,Li2S,['JVASP-130712']
JVASP-136942,NaLiP,['JVASP-136943']
JVASP-78923,Li2CuGe,['JVASP-101638']
JVASP-42986,LiTiFeO4,"['JVASP-44357', 'JVASP-111922']"
JVASP-10192,LiAs,"['JVASP-61273', 'JVASP-62288', 'JVASP-63216']"
JVASP-31195,Li7BiO6,['JVASP-49855']
JVASP-52194,Li3Ti4O8,"['JVASP-48724', 'JVASP-100825', 'JVASP-18425']"
JVASP-121919,LiFeSi2O6,"['JVASP-48236', 'JVASP-45872', 'JVASP-144246']"
JVASP-144854,Li3Co4O8,"['JVASP-2017', 'JVASP-42834', 'JVASP-48257']"
JVASP-116246,LiAs,"['JVASP-61273', 'JVASP-62288', 'JVASP-63216']"
JVASP-145770,LiVSiO4,['JVASP-46719']
JVASP-106786,Li3Cu2O4,"['JVASP-15431', 'JVASP-93297', 'JVASP-50491']"
JVASP-48892,Li2CrP2O8,"['JVASP-111907', 'JVASP-140968', 'JVASP-144115']"
JVASP-40328,Li3In,['JVASP-125942']
JVASP-94408,LiMg5,"['JVASP-90585', 'JVASP-90586', 'JVASP-90587']"
JVASP-146119,LiVTe3O12,"['JVASP-44268', 'JVASP-119730']"
JVASP-144431,Li2FeP2O8,"['JVASP-44734', 'JVASP-142571']"
JVASP-109995,Tb3Li,['JVASP-107457']
JVASP-35986,LiB,"['JVASP-8661', 'JVASP-115185']"
JVASP-8726,Li5Sn2,"['JVASP-109989', 'JVASP-130717']"
JVASP-110831,NaLi3,['JVASP-130692']
JVASP-146616,LiV2OF7,"['JVASP-48918', 'JVASP-143975']"
JVASP-137220,Li3Fe3Sn2O10,['JVASP-145630']
JVASP-48262,Li2Fe3O6,"['JVASP-47769', 'JVASP-48101', 'JVASP-42576']"
JVASP-8725,LiPt7,"['JVASP-18740', 'JVASP-7725', 'JVASP-41774']"
JVASP-47757,Li12Mn2O9,['JVASP-46644']
JVASP-42725,Li3Fe2Si2O8,"['JVASP-47796', 'JVASP-48612', 'JVASP-47125']"
JVASP-34203,LiC2O2,"['JVASP-136221', 'JVASP-136223']"
JVASP-8640,LiMnO2,"['JVASP-52791', 'JVASP-103153', 'JVASP-7888']"
JVASP-122027,Li2FeB2O6,['JVASP-48959']
JVASP-43766,Li2FeF6,"['JVASP-43762', 'JVASP-43772', 'JVASP-43580']"
JVASP-115192,Li2I,"['JVASP-115199', 'JVASP-130682']"
JVASP-8021,LiIr,['JVASP-130683']
JVASP-44266,LiFe2OF5,"['JVASP-44773', 'JVASP-140713']"
JVASP-139393,LiP3,"['JVASP-98496', 'JVASP-86988', 'JVASP-89888']"
JVASP-140599,Li3Co2Ge2O8,['JVASP-46253']
JVASP-115200,LiI3,"['JVASP-8563', 'JVASP-56047', 'JVASP-54821']"
JVASP-143956,Li2CrP2O8,"['JVASP-111907', 'JVASP-140968', 'JVASP-144115']"
JVASP-143261,LiMn2P2O8,"['JVASP-52783', 'JVASP-43659', 'JVASP-91261']"
JVASP-50711,LiCuPO4,"['JVASP-49798', 'JVASP-50649', 'JVASP-52253']"
JVASP-61379,Li2NdAs2,['JVASP-8172']
JVASP-45767,LiMnF5,"['JVASP-48617', 'JVASP-42921', 'JVASP-141615']"
JVASP-38229,Rb3Li,"['JVASP-125999', 'JVASP-130707']"
JVASP-48204,LiMnC2O6,"['JVASP-46831', 'JVASP-143978', 'JVASP-146619']"
JVASP-8207,Li3Ga2,"['JVASP-18520', 'JVASP-79425', 'JVASP-38466']"
JVASP-43510,LiCoNiO4,"['JVASP-100454', 'JVASP-104729', 'JVASP-47550']"
JVASP-104851,Li2TlIn,['JVASP-111034']
JVASP-112762,Li2Mn3SbO8,['JVASP-42959']
JVASP-42660,Li2TiFe3O8,['JVASP-141233']
JVASP-44723,Li3MnO4,"['JVASP-44243', 'JVASP-144493', 'JVASP-146101']"
JVASP-42971,Li3Si2Ni2O8,"['JVASP-43149', 'JVASP-46765']"
JVASP-47613,LiVCoO4,"['JVASP-112820', 'JVASP-132870']"
JVASP-120593,LiVOF3,"['JVASP-42715', 'JVASP-45779', 'JVASP-46901']"
JVASP-138119,LiBeCl,"['JVASP-68454', 'JVASP-70889']"
JVASP-46711,LiMnP2O8,"['JVASP-48392', 'JVASP-47538', 'JVASP-40991']"
JVASP-50709,LiCuPO4,"['JVASP-49798', 'JVASP-50649', 'JVASP-52253']"
JVASP-12704,LiMo2O4,"['JVASP-7895', 'JVASP-13312', 'JVASP-149979']"
JVASP-144053,Li2Fe2CoO6,"['JVASP-47547', 'JVASP-145527']"
JVASP-112437,Li2Mn2SnO6,['JVASP-137298']
JVASP-52260,Li5CuF8,"['JVASP-52242', 'JVASP-52269']"
JVASP-143920,Li3Mn4O8,"['JVASP-48233', 'JVASP-91859', 'JVASP-52791']"
JVASP-116012,LiMnF4,"['JVASP-47990', 'JVASP-47996', 'JVASP-48001']"
JVASP-105793,LiTl3,"['JVASP-19904', 'JVASP-93824', 'JVASP-15799']"
JVASP-43597,LiMnF4,"['JVASP-47990', 'JVASP-47996', 'JVASP-48001']"
JVASP-143579,Li2MgCo3O8,['JVASP-44747']
JVASP-40656,Li4Co3NiO8,['JVASP-141042']
JVASP-66638,BaLiTl,"['JVASP-76785', 'JVASP-80947']"
JVASP-106549,LiHg3,"['JVASP-20277', 'JVASP-38473', 'JVASP-20545']"
JVASP-48234,LiCrSiO4,"['JVASP-48281', 'JVASP-47889']"
JVASP-140659,Li3Co2Si2O8,"['JVASP-48881', 'JVASP-48882', 'JVASP-48715']"
JVASP-52250,Li2CuF4,"['JVASP-50720', 'JVASP-52200']"
JVASP-146930,Li2Co3O6,"['JVASP-2017', 'JVASP-42829', 'JVASP-42834']"
JVASP-147167,Li2CrP2O8,"['JVASP-111907', 'JVASP-140968', 'JVASP-144115']"
JVASP-45891,Li3Fe2Si2O8,"['JVASP-47796', 'JVASP-48612', 'JVASP-47125']"
JVASP-59191,LiFeP2O7,"['JVASP-42631', 'JVASP-122302', 'JVASP-122504']"
JVASP-42989,Li2MnV3O8,"['JVASP-48391', 'JVASP-48574', 'JVASP-40688']"
JVASP-48125,LiV3O8,"['JVASP-45236', 'JVASP-116516', 'JVASP-146722']"
JVASP-136369,LiVCl4,"['JVASP-52665', 'JVASP-142574']"
JVASP-47922,LiMnF4,"['JVASP-47990', 'JVASP-47996', 'JVASP-48001']"
JVASP-143577,Li2NbCo3O8,['JVASP-145631']
JVASP-100440,LiO8,"['JVASP-86322', 'JVASP-87063', 'JVASP-94345']"
JVASP-122401,Li2MnO3,"['JVASP-44701', 'JVASP-147682']"
JVASP-43225,Li2MnCr3O8,"['JVASP-48903', 'JVASP-141847']"
JVASP-43157,Li5CoO4,['JVASP-55327']
JVASP-113239,Li7Cr2O8,"['JVASP-44441', 'JVASP-46267', 'JVASP-44470']"
JVASP-145608,LiMnO2,"['JVASP-52791', 'JVASP-103153', 'JVASP-7888']"
JVASP-113201,Li2Co3NiO8,"['JVASP-40656', 'JVASP-45862', 'JVASP-117292']"
JVASP-48360,Li2FeCo3O8,"['JVASP-47982', 'JVASP-45861', 'JVASP-44706']"
JVASP-128947,LiAg3,"['JVASP-79464', 'JVASP-39803', 'JVASP-14547']"
JVASP-119364,LiV3O8,"['JVASP-45236', 'JVASP-116516', 'JVASP-146722']"
JVASP-147331,LiFeF6,"['JVASP-43762', 'JVASP-43766', 'JVASP-43772']"
JVASP-45183,LiNi2O4,"['JVASP-18433', 'JVASP-42629', 'JVASP-85546']"
JVASP-52738,Li3V4O8,"['JVASP-92257', 'JVASP-1870', 'JVASP-78960']"
JVASP-52262,LiAg2F4,"['JVASP-22698', 'JVASP-50760', 'JVASP-52561']"
JVASP-150095,LiHg3,"['JVASP-20277', 'JVASP-38473', 'JVASP-20545']"
JVASP-48089,Li2VGa3O8,['JVASP-44354']
JVASP-137591,LiVF4,"['JVASP-100067', 'JVASP-102253', 'JVASP-48544']"
JVASP-50909,Li2CuS2,"['JVASP-50791', 'JVASP-50800', 'JVASP-50801']"
JVASP-118892,Li2F,['JVASP-120283']
JVASP-146076,Li5Mn4O8,"['JVASP-52791', 'JVASP-103153', 'JVASP-7888']"
JVASP-1240,LiNbO3,"['JVASP-42354', 'JVASP-135307']"
JVASP-119397,LiMn2B2O6,"['JVASP-42744', 'JVASP-11785', 'JVASP-46292']"
JVASP-36755,LiAuO2,['JVASP-120397']
JVASP-48888,Li3VF6,"['JVASP-40704', 'JVASP-40658', 'JVASP-40689']"
JVASP-48260,Li3Fe4O8,"['JVASP-47769', 'JVASP-48101', 'JVASP-42576']"
JVASP-141853,Li2Ni3O6,"['JVASP-18433', 'JVASP-42629', 'JVASP-85546']"
JVASP-78562,LiMg,"['JVASP-90587', 'JVASP-90589', 'JVASP-90759']"
JVASP-44441,Li4CrO4,['JVASP-44470']
JVASP-43529,LiV2F7,"['JVASP-47015', 'JVASP-45858', 'JVASP-47061']"
JVASP-42794,Li4VCr3O8,"['JVASP-48504', 'JVASP-140640']"
JVASP-118638,Li2Sb,"['JVASP-1366', 'JVASP-8152', 'JVASP-120313']"
JVASP-122265,LiVO2,"['JVASP-45239', 'JVASP-43067']"
JVASP-89888,LiP,"['JVASP-86988', 'JVASP-86319', 'JVASP-125959']"
JVASP-148378,LiFeCo3O8,"['JVASP-47982', 'JVASP-43359', 'JVASP-48360']"
JVASP-44908,LiCrC2O6,['JVASP-146732']
JVASP-136941,NaLiP,['JVASP-136943']
JVASP-11158,Li2PdF6,['JVASP-108840']
JVASP-128891,BaLi,"['JVASP-98010', 'JVASP-130657']"
JVASP-19665,LiGa,"['JVASP-18520', 'JVASP-79425', 'JVASP-38466']"
JVASP-120580,Li4Ti3V3O12,"['JVASP-46343', 'JVASP-45243', 'JVASP-48218']"
JVASP-116310,LiSe,"['JVASP-1381', 'JVASP-116300', 'JVASP-116301']"
JVASP-106959,LiMg,"['JVASP-90587', 'JVASP-90589', 'JVASP-90759']"
JVASP-137384,LiCo2O4,"['JVASP-2017', 'JVASP-42829', 'JVASP-42834']"
JVASP-48902,Li2Co3O6,"['JVASP-2017', 'JVASP-42829', 'JVASP-42834']"
JVASP-43068,Li2Cr3FeO8,"['JVASP-42792', 'JVASP-40982', 'JVASP-46888']"
JVASP-107791,LiMnO2,"['JVASP-52791', 'JVASP-103153', 'JVASP-7888']"
JVASP-154099,Li2HN,"['JVASP-13813', 'JVASP-151214', 'JVASP-152501']"
JVASP-47603,Li2VCo3O8,['JVASP-144417']
JVASP-19002,LiP5,"['JVASP-98496', 'JVASP-86988', 'JVASP-89888']"
JVASP-119319,LiNiO2,"['JVASP-108189', 'JVASP-7881', 'JVASP-30393']"
JVASP-94410,Li2Mg,"['JVASP-90587', 'JVASP-90589', 'JVASP-90759']"
JVASP-119348,LiCoNiO4,"['JVASP-100454', 'JVASP-104729', 'JVASP-47550']"
JVASP-20607,Li2Pt,"['JVASP-38551', 'JVASP-40329']"
JVASP-46794,LiMnO2,"['JVASP-52791', 'JVASP-103153', 'JVASP-7888']"
JVASP-44662,Li2Mn3O6,"['JVASP-48233', 'JVASP-91859', 'JVASP-52791']"
JVASP-135393,LiS2,"['JVASP-1288', 'JVASP-8755', 'JVASP-78363']"
JVASP-50745,LiSbTe3O12,['JVASP-43419']
JVASP-154102,Li2MnF5,"['JVASP-48617', 'JVASP-144783']"
JVASP-43010,Li3Mn4O8,"['JVASP-48233', 'JVASP-91859', 'JVASP-52791']"
JVASP-102252,LiAl2FeO6,"['JVASP-44912', 'JVASP-44442']"
JVASP-146334,LiCrP2O7,"['JVASP-43820', 'JVASP-119542', 'JVASP-133673']"
JVASP-46918,LiVF4,"['JVASP-100067', 'JVASP-102253', 'JVASP-48544']"
JVASP-145589,LiMnVO4,"['JVASP-46741', 'JVASP-116856']"
JVASP-13974,LiTi3Se6,['JVASP-109108']
JVASP-127336,LiCr,['JVASP-38464']
JVASP-106186,LiFe3O6,"['JVASP-47765', 'JVASP-47769', 'JVASP-48101']"
JVASP-143933,Li3Fe2Si2O8,"['JVASP-47796', 'JVASP-48612', 'JVASP-47125']"
JVASP-44900,LiMn2O4,"['JVASP-48233', 'JVASP-91859', 'JVASP-52791']"
JVASP-145526,Li2TiV3O8,"['JVASP-48396', 'JVASP-46671', 'JVASP-146096']"
JVASP-78363,LiS,"['JVASP-1288', 'JVASP-9077', 'JVASP-34678']"
JVASP-40271,LiIn3,"['JVASP-93406', 'JVASP-8484', 'JVASP-18217']"
JVASP-132469,LiS31,"['JVASP-1288', 'JVASP-8755', 'JVASP-78363']"
JVASP-43598,LiMnF3,['JVASP-116017']
JVASP-141147,Li3Ti2Ni2O8,"['JVASP-48440', 'JVASP-43671', 'JVASP-117083']"
JVASP-115183,LiB3,"['JVASP-62691', 'JVASP-105282', 'JVASP-8661']"
JVASP-126657,LiTm,['JVASP-102519']
JVASP-52232,Li3Cu4O4,"['JVASP-50229', 'JVASP-9699', 'JVASP-36290']"
JVASP-91590,LiSbS2,['JVASP-144452']
JVASP-137751,LiVCrO4,"['JVASP-43435', 'JVASP-42641', 'JVASP-48345']"
JVASP-112755,LiCo4O8,"['JVASP-2017', 'JVASP-42829', 'JVASP-42834']"
JVASP-47126,LiCrSiO4,"['JVASP-48281', 'JVASP-47889']"
JVASP-47967,LiVC2O6,"['JVASP-46669', 'JVASP-45841', 'JVASP-46850']"
JVASP-142546,Li2FeCo3O8,"['JVASP-47982', 'JVASP-45861', 'JVASP-44706']"
JVASP-79464,LiAg,"['JVASP-39803', 'JVASP-38577', 'JVASP-118600']"
JVASP-141033,Li2Co3SbO8,['JVASP-119367']
JVASP-118981,Li2CoO3,"['JVASP-48267', 'JVASP-40701', 'JVASP-122393']"
JVASP-146623,LiVP2HO8,"['JVASP-42243', 'JVASP-43565', 'JVASP-44143']"
JVASP-50769,Li3CuF6,['JVASP-50723']
JVASP-143980,Li4Fe5O10,"['JVASP-48101', 'JVASP-42576', 'JVASP-42763']"
JVASP-66227,BaLiBi,['JVASP-69357']
JVASP-91809,LiRuF6,['JVASP-38675']
JVASP-44787,LiFe3O2F6,"['JVASP-48686', 'JVASP-141568']"
JVASP-147712,Li2MnO2F,"['JVASP-48616', 'JVASP-133682']"
JVASP-45909,Li2Ti4VO8,['JVASP-116811']
JVASP-43732,LiMnF4,"['JVASP-47990', 'JVASP-47996', 'JVASP-48001']"
JVASP-50078,LiCuPO4,"['JVASP-49798', 'JVASP-50649', 'JVASP-52253']"
JVASP-123937,LiMg,"['JVASP-90587', 'JVASP-90589', 'JVASP-90759']"
JVASP-106261,LiPb3,"['JVASP-18738', 'JVASP-1384', 'JVASP-18737']"
JVASP-25621,LiFe2F6,"['JVASP-43739', 'JVASP-43740', 'JVASP-43790']"
JVASP-57808,Li2MnF6,"['JVASP-48580', 'JVASP-48165', 'JVASP-110623']"
JVASP-109223,LiVF4,"['JVASP-100067', 'JVASP-102253', 'JVASP-48544']"
JVASP-45768,LiVF5,"['JVASP-46913', 'JVASP-147415', 'JVASP-145591']"
JVASP-48233,Li4Mn5O10,"['JVASP-91859', 'JVASP-52791', 'JVASP-43211']"
JVASP-43333,Li2Mn3CoO8,"['JVASP-47039', 'JVASP-112501', 'JVASP-112909']"
JVASP-42158,LiMnSiO4,"['JVASP-42276', 'JVASP-49137', 'JVASP-56663']"
JVASP-47635,LiSbTe3O12,['JVASP-43419']
JVASP-147648,LiCo3O6,"['JVASP-2017', 'JVASP-42829', 'JVASP-42834']"
JVASP-79795,LiNiO2,"['JVASP-108189', 'JVASP-7881', 'JVASP-30393']"
JVASP-137301,Li5Mn6O12,"['JVASP-91859', 'JVASP-52791', 'JVASP-43211']"
JVASP-141437,Li4Cd5Sb5,"['JVASP-78884', 'JVASP-17387']"
JVASP-107946,LiCa3,"['JVASP-56519', 'JVASP-38480', 'JVASP-16637']"
JVASP-45790,Li2VF6,"['JVASP-43793', 'JVASP-48888', 'JVASP-40704']"
JVASP-135359,LiSbS,"['JVASP-52357', 'JVASP-46817', 'JVASP-46780']"
JVASP-46194,LiMn4O8,"['JVASP-48233', 'JVASP-91859', 'JVASP-52791']"
JVASP-34279,LiNbO3,"['JVASP-42354', 'JVASP-135307']"
JVASP-102842,Li3MnO4,"['JVASP-44243', 'JVASP-144493', 'JVASP-146101']"
JVASP-118459,Li2HN,"['JVASP-13813', 'JVASP-151214', 'JVASP-152501']"
JVASP-59878,LiTi2S4,"['JVASP-16170', 'JVASP-50140', 'JVASP-35973']"
JVASP-147172,Li3V2Ni2O8,"['JVASP-47367', 'JVASP-137594', 'JVASP-100466']"
JVASP-142570,Li2FeP2O8,"['JVASP-44734', 'JVASP-142571']"
JVASP-50686,LiCuPO4,"['JVASP-49798', 'JVASP-50649', 'JVASP-52253']"
JVASP-142080,LiCoSiO4,"['JVASP-48671', 'JVASP-48881', 'JVASP-48882']"
JVASP-144018,LiCo2O4,"['JVASP-2017', 'JVASP-42829', 'JVASP-42834']"
JVASP-47597,Li2MnCo3O8,"['JVASP-47887', 'JVASP-40680', 'JVASP-112500']"
JVASP-48879,LiVTe3O12,"['JVASP-44268', 'JVASP-119730']"
JVASP-48280,Li3Mn4O8,"['JVASP-48233', 'JVASP-91859', 'JVASP-52791']"
JVASP-47273,Li4MnF8,"['JVASP-48782', 'JVASP-47274', 'JVASP-119593']"
JVASP-94261,Li3As,['JVASP-125912']
JVASP-136031,LiMgBi,['JVASP-109393']
JVASP-43527,LiVF4,"['JVASP-100067', 'JVASP-102253', 'JVASP-48544']"
JVASP-45798,Li3Mn3Fe2O10,"['JVASP-48316', 'JVASP-45799', 'JVASP-146610']"
JVASP-121787,Li3Mn4B4O12,"['JVASP-42744', 'JVASP-11785', 'JVASP-46292']"
JVASP-113252,LiMnOF2,"['JVASP-45877', 'JVASP-140997']"
JVASP-120310,LiSb,"['JVASP-1366', 'JVASP-8152', 'JVASP-118638']"
JVASP-48653,LiMnF4,"['JVASP-47990', 'JVASP-47996', 'JVASP-48001']"
JVASP-78567,LiMg,"['JVASP-90587', 'JVASP-90589', 'JVASP-90759']"
JVASP-47333,LiVF4,"['JVASP-100067', 'JVASP-102253', 'JVASP-48544']"
JVASP-142873,Li3MnFe3O8,"['JVASP-48349', 'JVASP-44692', 'JVASP-121748']"
JVASP-42994,LiVCrO4,"['JVASP-43435', 'JVASP-42641', 'JVASP-48345']"
JVASP-43951,LiFeF4,"['JVASP-42426', 'JVASP-43647', 'JVASP-43652']"
JVASP-119280,LiTiCoO4,['JVASP-47537']
JVASP-50661,Li2Ag3F6,"['JVASP-22698', 'JVASP-50760', 'JVASP-52561']"
JVASP-43602,LiFeF4,"['JVASP-42426', 'JVASP-43647', 'JVASP-43652']"
JVASP-92768,LiNO3,['JVASP-35166']
JVASP-47085,LiFeSi2O6,"['JVASP-48236', 'JVASP-45872', 'JVASP-144246']"
JVASP-142137,Li2CoO3,"['JVASP-48267', 'JVASP-40701', 'JVASP-122393']"
JVASP-78547,LiMg,"['JVASP-90587', 'JVASP-90589', 'JVASP-90759']"
JVASP-122357,Li2V2O5F2,"['JVASP-121758', 'JVASP-147711']"
JVASP-48548,Li3VO3F2,['JVASP-144051']
JVASP-50743,Li2CuF6,"['JVASP-50769', 'JVASP-50723', 'JVASP-52229']"
JVASP-119591,LiCo2P2O8,"['JVASP-43243', 'JVASP-47637', 'JVASP-55326']"
JVASP-119318,Li2CoNi3O8,"['JVASP-46864', 'JVASP-122362', 'JVASP-143293']"
JVASP-50405,Li2V3S6,"['JVASP-49843', 'JVASP-15824', 'JVASP-141235']"
JVASP-146733,Li2MnO2F,"['JVASP-48616', 'JVASP-133682']"
JVASP-144254,LiMn3CrO8,"['JVASP-112512', 'JVASP-111917', 'JVASP-112847']"
