jid,formula,max_voltage,voltages
JVASP-98225,KBi,1.2528040456848144,[-1.3951441597862244, -1.0913103175086976, -1.2848371219558716, -0.9282363605422974, -1.2270208549423218, -0.8400499772949219, -0.8059256625099183, -0.7301221442146302, -0.6375093412322999, -0.10520779608917241, -0.19954233884048467, -0.322458560459137, -0.7964797568244935, 0.0330118584709167, 0.6375492858963012, 1.2528040456848144]
JVASP-97499,K4MnMo4O15,2.0883939313964843,[0.0892908620910644, 0.3478663015441894, 0.5970804739074707, 0.8151648092346191, 1.238532786376953, 1.7176005888061523, 2.0883939313964843, 1.8245399046020507]
JVASP-64129,KBaZn,-2.7094078016204834,[-2.7094078016204834]
JVASP-98798,KMoP2O8,3.198678736694336,[1.8557503271179199, 1.857858901031494, 2.916604762084961, 3.198678736694336]
JVASP-3828,K2TcCl6,3.2412495660858154,[1.2545220899658203, 3.2412495660858154]
JVASP-64315,KBaNb,-2.6958292674942017,[-2.6958292674942017]
JVASP-52881,K3CaP2HO8,4.46502185345459,[0.6872775602416992, 4.46502185345459, 3.561826472290039]
JVASP-65063,K4SrBe,-1.809680218688965,[-2.247907872192383, -2.093859906188965, -1.9800450754089356, -1.809680218688965]
JVASP-98090,K2MnP2O7,4.369938616760254,[0.318293814666748, 0.30995488644409175, 1.5166695165710449, 2.058892493255615, 2.7713825750427246, 3.2602951574401855, 3.1805856275634765, 4.369938616760254]
JVASP-97379,KGaCl4,2.9773688364105224,[1.2598044920043945, 1.8714702177124023, 1.873931889541626, 2.9773688364105224]
JVASP-85785,KH2I3O,2.112156872756958,[1.317244534500122, 2.112156872756958]
JVASP-90429,K3Sb,1.784498934753418,[-0.6351752233428956, -1.5188813161773682, -1.148116703025818, -1.6929560851974488, 0.26310873509216304, 1.784498934753418]
JVASP-38181,KInO3,3.9690101194458007,[3.9690101194458007]
JVASP-39244,KBaO3,-0.23278069018554692,[-0.23278069018554692]
JVASP-43427,K2O,21.652107481964112,[-0.6726800155563355, 0.9976455020980834, 1.404484992034912, 21.652107481964112]
JVASP-3396,K3CrO4,2.6986777830200195,[-1.009176487915039, 0.4244496870117187, 2.6986777830200195]
JVASP-98445,KAl2NiP3H4O14,1.0102040815429687,[0.9840991544799804, 1.0102040815429687]
JVASP-50936,KNdO2,0.18852973461914058,[0.18852973461914058]
JVASP-50811,KTmO2,0.5637123632507324,[0.5637123632507324]
JVASP-38492,K3Rh,2.605063204772949,[-2.2014867019577027, -1.9311500739974976, -0.6049668741149903, -1.5966811132354737, -0.7367126893920899, 2.605063204772949]
JVASP-97684,KCrPO4F,2.333538298614502,[0.9604651975708007, 1.0924718427734375, 1.025212531097412, 1.2319462347106933, 2.018946890838623, 2.0135462331848144, 2.320746665008545, 2.333538298614502]
JVASP-43432,K2O,70.64253581047821,[-1.3307212543411255, -0.9700385284347535, -0.721957797996521, 0.29319203377532954, 1.513283615119934, -0.0923269939346314, 0.7988045263366699, 0.019694094665527295, 1.1585161733703613, 3.8600266027526855, 0.5257400322036743, 1.7115331935958862, 1.932907764919281, 8.482636992938996, 2.634544019706726, 70.64253581047821]
JVASP-22620,KNiF3,2.627559428222656,[2.627559428222656]
JVASP-98451,K2Ca4Si8O21,2.754340415008545,[0.7216260480957031, 2.754340415008545]
JVASP-64390,KBa4Ru,-1.203692908279419,[-1.203692908279419]
JVASP-91849,KCoO2,1.7726976919250488,[1.1925532865600585, 1.7726976919250488]
JVASP-98802,K2CrSO7,3.203270678527832,[1.7393434095458984, 2.37150264263916, 2.827483897216797, 2.463616137512207, 3.203270678527832, 2.8385064649658203, 2.846062426574707, 2.9268720197753906]
JVASP-97432,KCuBi2S4,0.6134305048065185,[0.480844502456665, 0.6134305048065185]
JVASP-39287,K3Sn,-0.26958870410156255,[-1.2852389764709473, -1.4351069879455567, -0.26958870410156255]
JVASP-85366,K2FeCuC6N6,0.8704068708496093,[-0.09580635546875005, 0.8704068708496093]
JVASP-86679,K2Ga3,-0.9120728921813965,[-1.6192736577911377, -1.3874401998443604, -0.9120728921813965, -1.670492405883789]
JVASP-36897,KHfO3,0.8545916128234863,[0.8545916128234863]
JVASP-97998,KPSe6,0.4925015020446777,[0.2378203916625976, 0.333306078918457, 0.33558679104614253, 0.4925015020446777]
JVASP-97442,K2NdP5O15,3.624091868408203,[1.8311212110595703, 2.401493792541504, 3.266875987060547, 3.624091868408203]
JVASP-98452,K2Ca3Si3O10,3.2901885557250976,[-0.27482437609863286, 2.120444064147949, 1.6188180494384765, 3.2901885557250976]
JVASP-86906,KTmI3,-0.9987842988891602,[-1.395982022277832, -0.9987842988891602]
JVASP-38515,KAgO3,2.5596121597366333,[2.5596121597366333]
JVASP-90441,KGaTe2,-0.06915074109268193,[-0.5681968283576966, -0.06915074109268193]
JVASP-64392,KBaV,-2.8207038593215943,[-2.8207038593215943]
JVASP-97443,K2Al2B2O7,6.981740717895508,[-0.2601993036193848, -0.10933136462402349, 2.179317240722656, 6.981740717895508, 5.126402621276855, 6.152639632232666]
JVASP-87109,K3CO3F,4.448480372436523,[0.02904677868652339, 0.36539054394531245, 4.448480372436523, 2.5557172346191406, 2.2901341962890625, 2.246080164916992]
JVASP-87220,K4CO4,1.9969785261230468,[-1.417719597808838, -0.3676197481079102, 1.9969785261230468, 1.6399123716430664]
JVASP-98623,KH3SO6,3.43304467678833,[1.588723902709961, 1.7558457899169921, 3.1270058202819824, 3.43304467678833]
JVASP-64278,KBaZr,-2.7368305873794556,[-2.7368305873794556]
JVASP-97816,K2Ta15O32,2.4736840772705078,[0.8300588178710937, 2.4736840772705078]
JVASP-97757,K2ZrCdH16C8O24,0.9194786596374511,[0.8511221456604003, 0.9194786596374511]
JVASP-98002,KMn6P7O24,1.244302992828369,[1.244302992828369, 1.221959357269287]
JVASP-63935,KBaMn,-2.652505929462433,[-2.652505929462433]
JVASP-64466,KBaMo,-2.6671045970840455,[-2.6671045970840455]
JVASP-97867,K4Nb11Al2O20F,1.420271639831543,[-0.2171208810729981, 0.5975210714416503, 0.6340739774780273, 1.420271639831543]
JVASP-64151,KBaIn,-2.5824127149505616,[-2.5824127149505616]
JVASP-98241,KAlO2,5.605505709655762,[-0.8066542100830079, -1.062720532409668, -1.1953155946655274, -1.0031530809326172, -1.1100294542236329, -0.6235830736083985, 5.605505709655762, 3.08391833782959, 4.127308611877441, 3.1665236997680664, 4.043801550872803, 1.2750284719543457, 1.9490745115356445, 5.192229990966797, 4.534120802886963, 4.356922392852783]
JVASP-64397,KBaHf,-2.7762951207084656,[-2.7762951207084656]
JVASP-97395,K5SnSb3,-0.22538792609405522,[-1.5064200115127564, -1.3692862939758301, -1.2433452558441163, -1.3853837203903199, -1.214524502746582, -0.9116669845504761, -0.6778047633094788, -0.7854309630317688, -0.6124398064537049, -0.2348939728660584, -0.8237681341094971, -0.6407517146987916, -0.5413450550956727, -0.31348269700241094, -0.7379473400039673, -0.46655225276184087, -0.22538792609405522, -0.2352662038726807, -0.6652623367233277, -0.49653458117675786]
JVASP-52553,K2SnO2,2.5125911283569335,[-0.6877877664489747, -0.10039686679077153, 0.8871262121276855, 1.4520676183776855, 1.392808203704834, 2.1199519682006835, 2.5125911283569335, 1.8837206411437988]
JVASP-98510,KNO3,5.713289980895996,[1.3014428663330078, 1.610379939086914, 2.564282183654785, 5.713289980895996]
JVASP-64284,KBa4W,-1.7770384502334595,[-1.7770384502334595]
JVASP-97511,KCuCl3,2.5729384470062255,[2.4264073419647216, 2.4253888177947998, 2.5729384470062255, 2.550809865005493]
JVASP-88720,K11LiMn4O16,3.9453532743530273,[-0.46685671328735356, -0.12133574008178716, 0.01702619076538081, 0.3790533590393066, 0.9402778196411132, 1.1277673292236328, 1.0766403722839355, 2.1840832281188964, 2.6255338239746093, 1.8363912153320312, 3.9453532743530273]
JVASP-65081,K4BeW,-0.7172326993865967,[-2.202434296600342, -1.5740773630065918, -0.7172326993865967, -1.7931971502227784]
JVASP-98841,KNa2AlH6,-0.8503661107940674,[-1.1370854329986573, -0.8503661107940674]
JVASP-64155,KBaTa,-2.7943586659355164,[-2.7943586659355164]
JVASP-63988,KBaSn,-2.6654196929855347,[-2.6654196929855347]
JVASP-87920,K3InP2,1.0616250085906982,[-1.1830034208221436, -1.5357410859985352, -0.1006519746704102, 1.0616250085906982, 0.7943520593719482, 0.010993485458373975]
JVASP-97934,KMnH24C14N8,0.02435946942138667,[0.02435946942138667]
JVASP-98194,KNaLi2S2O8,1.4058759260253906,[1.4058759260253906, 1.3946778822021484, 1.313591723449707, 1.3363845396118164]
JVASP-97819,KSn2Se4,0.8850430297927856,[0.12514889717864985, 0.8850430297927856]
JVASP-98842,K2CuH8C4O12,1.415971045501709,[0.8129174757080078, 1.2279202985839843, 0.9267618703918457, 1.415971045501709]
JVASP-64830,KBaCr,-2.4548582386894227,[-2.4548582386894227]
JVASP-90450,KMg6Nb,-2.4586563062591553,[-2.4586563062591553]
JVASP-64565,KBaCl,-3.190151805870056,[-3.190151805870056]
JVASP-98011,KCeGeSe4,0.6924529123382568,[0.07478237629699702, 0.6924529123382568]
JVASP-98305,K2MnSnSe4,0.8568682718353271,[-0.5008900117797852, -0.43420052050781255, -0.40882610797119145, -0.1364643526000977, 0.5346152830200195, 0.3676841306762695, 0.8568682718353271, 0.6249208498077392]
JVASP-64769,KBa4Os,-1.9648706865234375,[-1.9648706865234375]
JVASP-85286,K2TcI6,1.4804517078475952,[0.15845716477203364, 0.7629557895736694, 0.7507208633499145, 1.4804517078475952]
JVASP-98376,K2PdSe10,0.6099700975494384,[0.32938099385070796, 0.48364401341247554, 0.22843218327331538, 0.2464265871124267, 0.18543053150939937, 0.6099700975494384, 0.5729808855133056, 0.5175905275421142]
JVASP-88021,K4Rb2Co2O5,2.077216391571045,[-0.867889161102295, -1.435685391418457, -1.3738865804595948, -0.18035983561706548, 0.004471783645629834, -0.32992314814758306, 0.9993388700561523, 2.077216391571045]
JVASP-97642,KBiP2Se6,0.8718504953460693,[0.21996331692504878, 0.41473460675048823, 0.48711252690124507, 0.8718504953460693]
JVASP-64569,KBa4Mn,-0.7723613929672242,[-0.7723613929672242]
JVASP-64174,KBaCd,-2.6542413186950684,[-2.6542413186950684]
JVASP-90451,KMg6Nb,-2.6168780279083252,[-2.6168780279083252]
JVASP-98759,KAgCO3,2.203749899871826,[0.36166978359985347, 0.661184554107666, 1.7901241827087402, 2.203749899871826]
JVASP-97400,K6Na3AlSb4,0.09859890223312373,[-1.67002510546875, -1.512903923980713, -1.227023715965271, -1.2001866054458619, -0.897504205696106, -0.6097155761642457, -0.08193361281585698, -0.33867060660552983, -0.9450865936203003, 0.010985736854553174, 0.09859890223312373, -0.30156868218612676]
JVASP-64776,KBaHg,-2.7011980962677002,[-2.7011980962677002]
JVASP-64509,KBa4Ir,-1.8778054666442872,[-1.8778054666442872]
JVASP-64845,KBaTl,-2.4718000841064454,[-2.4718000841064454]
JVASP-64418,KBaTi,-2.756107563964844,[-2.756107563964844]
JVASP-65215,K4TaBe,-1.0523813915176392,[-2.020573134414673, -1.8946757268829346, -1.0523813915176392, -1.4384332847518921]
JVASP-98386,K2CoH12S2O14,1.6968419599609375,[1.1262719678955078, 1.188469653137207, 1.6968419599609375, 1.689197306640625]
JVASP-85297,K2Ag4Se3,1.1337325620727539,[-0.021214599601745654, 0.5462875413970947, 0.9290931272583007, 1.1337325620727539]
JVASP-48318,KCo2O4,2.4156129407958984,[1.5443170118408203, 1.2279012250976562, 1.9866464185791015, 2.4156129407958984]
JVASP-98870,KC2N3,1.7675068426208496,[0.40978026867675776, 0.6720960187988281, 0.8802855062561035, 1.7675068426208496]
JVASP-65046,KBeBi4,0.17058569670486445,[0.17058569670486445]
JVASP-4918,K3VO4,1.8381331014709472,[-0.9123437356872559, 1.8381331014709472, 1.4302423048095703]
JVASP-98466,K3SmP2O8,3.2859976339416503,[-0.12318491458129888, 3.2859976339416503, 3.2165796804504394, 2.724431281097412, 2.0616705465393066, 1.841085677154541]
JVASP-98637,K2P2H2O7,5.210557227142334,[1.1134402799682617, 2.162025218017578, 3.4436776685791015, 4.001402621276855, 2.7521607923583984, 2.7897698927001953, 3.6444456625061035, 5.210557227142334]
JVASP-3834,K2PtBr6,3.130074386604309,[1.5384048271255493, 3.130074386604309]
JVASP-86163,K2FeCuC6N6,0.8681848096923828,[-0.10055279254150395, 0.8681848096923828]
JVASP-86108,K2NbCl6,3.0420005369262695,[0.08563638211059565, 1.1254985380249023, 1.4876315641479492, 3.0420005369262695]
JVASP-3180,KAuF6,5.125794832714081,[5.125794832714081]
JVASP-86789,K2SnHgSe4,0.8848923492507934,[-0.2716170501632691, 0.8848923492507934]
JVASP-65220,K4BeSb,-0.8395127010269166,[-2.66916799067688, -1.5862250280303956, -0.8395127010269166, -0.906945819847107]
JVASP-97953,K2P2H2O7,4.881408457763672,[1.122962718017578, 1.4302833128051757, 3.7221624898986816, 4.597507720001221, 2.698742632873535, 4.113810305603027, 4.881408457763672, 3.7812745618896484]
JVASP-98774,KGe2BO6,3.8245441961364746,[1.0924923467712402, 1.218257193572998, 2.2247040319519042, 3.8245441961364746]
JVASP-64312,KBa4Re,-1.7104471874160767,[-1.7104471874160767]
JVASP-98874,Yb3KF10,3.18632197857666,[2.9213712263183593, 3.18632197857666]
JVASP-91755,KNa3H4,-1.5381145429534913,[-1.5381145429534913]
JVASP-88588,K3SbN3O9F3,3.869974379547119,[1.551250939376831, 1.857083802230835, 1.9560179758148193, 2.697518830307007, 2.998063807495117, 3.869974379547119]
JVASP-97696,K3BiSe3,3.172198181159973,[-0.2657785367889405, -0.2830064248962403, 0.006487731941223096, 0.10628498078155513, 0.3950823593215942, 0.6725848960952758, 1.8202911663131713, 0.9488536167221069, 1.6424365091400146, 2.066751008041382, 1.0501261997299194, 3.172198181159973]
JVASP-89986,K2PtS6,1.4267959642486572,[0.5709087896423339, 1.4267959642486572]
JVASP-97459,KVSO6,3.220010523803711,[1.9718401479797363, 2.342820410736084, 2.643317942626953, 3.220010523803711]
JVASP-21524,K4Sn3Se8,1.889501934059143,[-0.09209239005279546, -0.1262928199691773, 0.43120921135711665, 0.8005858707504272, 0.39163852215576167, 1.2951722192840576, 1.658263330467224, 1.889501934059143]
JVASP-97887,K4V5CuClO15,2.3824360418395996,[0.7921536016540527, 1.2204020071105957, 1.7220480489807128, 2.3824360418395996]
JVASP-65298,K4ZrBe,-0.732689375869751,[-2.182471508972168, -1.636728043548584, -1.7992544126434327, -0.732689375869751]
JVASP-64897,KBeHg4,-0.8605871152801514,[-0.8605871152801514]
JVASP-22589,KVF3,-0.29002022265625005,[-0.29002022265625005]
JVASP-65190,KBeIn4,-1.029623265258789,[-1.029623265258789]
JVASP-65223,K4BePd,-1.1268937539978028,[-2.5712534141464234, -2.0378864955825806, -1.2217156839294434, -1.1268937539978028]
JVASP-65150,K4BeRh,-0.6622643423004151,[-2.936025853149414, -2.216554398529053, -0.6622643423004151, -1.054997439376831]
JVASP-60893,K2NaAlP2,0.031240229614257764,[-1.8200778913421631, -1.3117923688812256, 0.031240229614257764, -0.6240651559753418]
JVASP-85723,K2MgMo2H4O10,1.7053277540283203,[0.6500580358581542, 1.7053277540283203]
JVASP-86612,KEuSiS4,1.05379343510437,[0.3521995592193603, 1.05379343510437]
JVASP-91951,KMg3O4,-2.7037618112487793,[-2.7037618112487793]
JVASP-86219,K2OsNCl5,3.4827938127593994,[1.37530279637146, 1.9847011613922119, 2.8771848726348876, 3.4827938127593994]
JVASP-85301,KC4N3,2.3237979459838867,[1.2173974561767578, 2.3237979459838867]
JVASP-3843,KTlO,1.5803200054244995,[-0.686965818397522, 1.5803200054244995]
JVASP-61253,K2Al2B2O7,7.594064002044678,[-0.3792045068664551, -0.025323624603271533, 3.6449320364074707, 7.594064002044678, 3.4183132696228027, 6.2200424718933105]
JVASP-60910,K3Ge4Au,0.8262499022560119,[-1.3294166874809266, -1.4104573082847596, -0.19020831107330327, -0.024763579360961963, 0.8262499022560119, 0.0589668202476501]
JVASP-62899,K2BC3N3,1.7677805471496582,[-0.5729095888061524, -0.3576357316894532, -0.05114244937133794, 1.7677805471496582]
JVASP-91666,K3Co,3.5884759473876953,[-1.8882092189712525, -2.113650436393738, -1.3245320272369385, -1.9400458288116456, -1.7442371797485352, 3.5884759473876953]
JVASP-97366,KTlBr4,1.8482862758712768,[1.5655088472442626, 1.8429629850463867, 1.7536608028488159, 1.8482862758712768]
JVASP-98783,KMnF4,5.216810946472168,[2.016576056488037, 3.9781715917663574, 5.216810946472168, 4.309556727416992]
JVASP-49788,K4TiO4,5.0109946775512695,[-2.1218388032836915, -1.8312027406616211, 0.2181184339599609, 1.561572794921875, 5.0109946775512695, 3.157788043029785, 3.006394629486084, 4.364932303436279]
JVASP-98130,K4Co7O14,2.692000632293701,[0.4599740552978515, 0.5450694608764648, 0.9899280119018554, 1.4980161237792968, 0.7952864217834472, 2.150358443267822, 2.28350854397583, 2.692000632293701]
JVASP-3540,K2ReCl6,2.795250658996582,[0.9456095743255615, 2.795250658996582]
JVASP-98536,KCN3O2,4.3203303861694335,[1.183939223297119, 1.9182875204162597, 2.3762433576660156, 4.3203303861694335]
JVASP-98415,KAlH2CO5,1.8259503889160156,[0.2513682890014648, 1.8259503889160156]
JVASP-88400,KGe2P3O12,1.9566662359313964,[1.9566662359313964, 1.7386038351135253]
JVASP-98785,K2CS2O6F2,3.4302337217407226,[1.5467727232055664, 2.11159110546875, 2.1137306737976074, 1.9271214056091308, 2.2200465250091552, 2.5115108537750244, 3.4152991819458007, 3.4302337217407226]
JVASP-85302,K2SnBr6,3.0062729764060974,[0.7067654180603027, 1.0942134904937744, 1.7854962992744445, 3.0062729764060974]
JVASP-98786,KLuP2O7,5.014576678283691,[1.3880989599304199, 2.0931150960998535, 4.673414950378418, 5.014576678283691]
JVASP-86991,KZnAs,0.8558112430648803,[-1.7256144237442017, 0.8558112430648803]
JVASP-88739,KLaSiS4,0.9645867395477294,[0.11024284840393062, 0.9645867395477294]
JVASP-64904,KTaBe2,-4.679950947753906,[-4.679950947753906]
JVASP-86518,KCBrN2O4,2.275667910583496,[1.3961837339477539, 2.275667910583496]
JVASP-22593,K2MnF6,4.287063126571655,[3.631235127456665, 4.287063126571655]
JVASP-86866,KIn9Ni2,-1.5732221555633545,[-1.5732221555633545]
JVASP-90642,KCoO2,2.2351491499023437,[0.49940848828124995, 2.2351491499023437]
JVASP-97328,KSiSbO5,2.485752825744629,[1.296684985168457, 1.5149743604736328, 1.5495307493286132, 1.8998639631347656, 2.2308433103637695, 2.403499369628906, 2.0581071424560546, 2.485752825744629]
JVASP-88209,K3AlH6,3.152060275085449,[-0.8587956380767823, -0.9924421262664795, 0.968099837310791, 0.9847204732971191, -0.9526021432800293, 1.600776438720703, 3.152060275085449, 1.5974257040100097, 2.3345024633483886, 2.512219195373535, 0.6530888128356933, 1.4623162794189453]
JVASP-22672,CsK2Sb,-1.0192232084197999,[-1.1866648149414063, -1.0192232084197999]
JVASP-60924,K2PAuS4,0.8081452894287109,[0.19265723706054683, 0.8081452894287109, 0.580151085861206, 0.7448787736968994]
JVASP-91860,KFeO2,2.134429697998047,[0.5294797468261718, 2.134429697998047]
JVASP-98788,KTeOF3,3.4137587595062255,[1.52185082913208, 1.5730717229919433, 1.8326194334106445, 1.6882455396728515, 3.137078051574707, 2.778834109313965, 3.4137587595062255, 3.2496938753204345]
JVASP-3546,K2PdCl4,2.0701632547454833,[1.7746462869720458, 2.0701632547454833]
JVASP-86112,KNaB2H8,-0.9017031145019532,[-0.9017031145019532]
JVASP-60927,K3AsSe4,1.3716299581604003,[-0.31551813601684575, -0.44669818400573735, -0.08510064601135259, -0.08648848056030278, 0.2273361730651855, 0.4073929834442138, 0.40959716320800776, 0.7351555872039794, 0.9348251867370605, 0.7833955335693359, 0.8088328886108398, 1.3716299581604003]
JVASP-97479,K2HgCl4,4.905360703475952,[1.7413562583999633, 2.042814259536743, 1.9053003835754394, 3.5949848938064575, 1.7073185491638183, 3.022878890045166, 3.3633346605377197, 4.905360703475952]
JVASP-86519,KNaNdNbO5,2.723196272857666,[-0.4585282754821778, 2.723196272857666]
JVASP-65587,KBaCr2,-1.9625108194274903,[-1.9625108194274903]
JVASP-98150,KH3Se2O6,2.69537115574646,[0.9971594858245849, 1.0261716890411376, 2.5702600526885986, 2.69537115574646]
JVASP-86113,KNaB2H8,-0.9165666055603028,[-0.9165666055603028]
JVASP-97333,KBaPS4,0.12482023716735835,[-0.2581672620697022, -0.3066325139923096, 0.026232724197387647, 0.12482023716735835]
JVASP-61527,K4Nb11Al2O20F,1.423004393585205,[-0.1579177331848145, 0.23172116757202144, 1.0187790441589355, 1.423004393585205]
JVASP-3549,KBrO3,2.658463721282959,[2.658463721282959]
JVASP-86993,KCuTe,0.7728140401916503,[-0.9002208661956788, 0.7728140401916503]
JVASP-91808,KAs,-0.19622444628906255,[-1.8049658489151001, -1.1828654956741333, -0.22743939875793462, -0.19622444628906255]
JVASP-87261,K2NiN4O12,4.584414248474121,[1.5568425703125, 2.157539134033203, 2.8271024274902343, 4.584414248474121]
JVASP-97619,K3FeO4,2.39601231098938,[-0.06164025782775884, 0.49554968357849116, 0.7105228948669433, 0.948566203125, 2.218705658920288, 2.020503525741577, 2.2319934415893554, 1.9555380392150878, 2.39601231098938, 1.368847374923706, 2.0494849729614257, 1.0530221510009765]
JVASP-69033,KBaTl2,-1.889122242919922,[-1.889122242919922]
JVASP-98278,KW3Cl9,1.0402410078125,[0.8316290426330566, 1.0402410078125]
JVASP-86994,KZnSb,1.7645928907470703,[-1.563718075744629, 1.7645928907470703]
JVASP-65702,K2BaPb,-0.6856713247222901,[-2.250065321914673, -0.6856713247222901]
JVASP-18870,K2Hg7,-0.8848211717529297,[-1.6528322648925782, -0.8848211717529297]
JVASP-98426,KB5H8O12,0.8911869573669433,[0.8061649847106933, 0.8911869573669433]
JVASP-3270,K3Sb,1.6609894085006713,[-1.7253050756378174, -0.5867574167175293, -0.7338707399291993, -1.0781769704742432, -0.5436688613815308, 1.6609894085006713]
JVASP-89326,K4CO4,1.876265292175293,[-1.4306137514038086, -0.4525358629150391, 1.876265292175293, 1.8414900350646972]
JVASP-69196,KBa2Ni,-2.4848105859680176,[-2.4848105859680176]
JVASP-68953,KBaLi2,-1.7938258600158692,[-1.7938258600158692]
JVASP-97423,K4GeS4,2.596363668449402,[-0.5066217136306763, -0.4424389552993775, -0.29839288710784917, -0.186275596611023, -0.44940840720367436, -0.11512243270111089, 0.017402415283203077, -0.2375223588867188, 0.2106660652236938, 0.31010926247406, 0.08107877255249019, -0.04009794711303716, 0.22528481961059565, 1.5031511831359863, 0.5977437543945312, 1.070829157836914, 0.9025542783813476, 0.3340594816284179, 1.5311341333465576, 1.904566769607544, 0.9941929626541137, 1.934184198387146, 1.239196782119751, 1.1273412752227783, 1.795439844139099, 1.5128582763748168, 2.195374851234436, 2.596363668449402, 1.3947521495895385, 1.352331285484314, 1.525193696029663, 2.0076167631225585]
JVASP-65740,K2BaTi,-2.0498552274627686,[-2.0498552274627686, -2.5388686609191895]
JVASP-69361,K2BaFe,-0.23279642581176763,[-2.6962077569885254, -0.23279642581176763]
JVASP-91626,KGa,-0.2402067136688233,[-1.1848773908538819, -0.7456765127105713, -1.8558573675079346, -0.2402067136688233]
JVASP-3273,K3As,1.463322882659912,[-1.7749203395767212, -0.878057355873108, -0.6536350202484131, -0.8589441728515625, -0.6830899667663575, 1.463322882659912]
JVASP-62314,K5CuAs2,0.3594310331420898,[-1.6026899766845704, -1.5504722547454834, -1.2239684414787293, -0.9504559588356019, -0.4734324169082642, -0.29664015292358403, -0.20012819289398198, -0.3644006204528809, 0.3594310331420898, 0.2869083929138183]
JVASP-87941,KBi2,0.3830952692108154,[-0.5791675996704102, 0.3830952692108154]
JVASP-65593,K2BaSe,-2.2070759487075806,[-2.2070759487075806, -2.415135974876404]
JVASP-98155,K4P4H6O15,6.099347357757568,[1.068537955291748, 1.2618143606262207, 1.4877822446899414, 2.1402013349609375, 4.858811621673584, 6.099347357757568, 5.418189768798828, 4.529813532836914]
JVASP-97724,KEuP4O12,1.400064711578369,[1.400064711578369, 1.0325396108703613]
JVASP-87845,KTlC4N4,2.1127703237609863,[0.6819450903015136, 2.1127703237609863]
JVASP-98283,KSn6Au4,-0.8831034850997925,[-1.126043195716858, -0.8831034850997925]
JVASP-2190,KO,3.8150396394805908,[-0.15669106959533696, 0.29552126408386226, 1.2389626550750732, 3.8150396394805908]
JVASP-62325,K2AsAuS4,1.273967986114502,[0.37317204953002925, 1.0241854238586425, 1.1005222845153808, 1.273967986114502]
JVASP-91810,KI,11.741361265190125,[-0.46238684176635747, 3.070660595901489, 1.3423935222702026, 11.741361265190125]
JVASP-65596,K2BaP,-2.221424455635071,[-2.221424455635071, -2.2409874153060914]
JVASP-97427,K5LiGe2O7,3.9428000497894287,[-0.7206690263671875, -0.7319619607849122, -0.41380023478698735, -0.368459696762085, -0.22953104495239263, 0.6797430563049316, 1.8043744611816406, 1.2250554609375, 2.8839011240081787, 3.841578488357544, 3.306953434951782, 2.7583508539276123, 3.459186797149658, 2.7937095213012695, 3.137077574737549, 3.642160182006836, 2.5227766084747314, 3.5533738184051513, 3.9428000497894287, 3.813854222305298]
JVASP-69278,KBaCr2,-1.9463520002288819,[-1.9463520002288819]
JVASP-69279,KBaMn2,-2.4868850660247803,[-2.4868850660247803]
JVASP-69081,K2BaMn,-2.0428401780052186,[-2.0428401780052186, -2.671234662525177]
JVASP-65530,KBaCd2,-1.9215018701477051,[-1.9215018701477051]
JVASP-86062,KNiAu3C6N6,0.5206549215393066,[0.5206549215393066]
JVASP-92220,KBiSe2,0.9118633318023681,[-0.027675147048950244, 0.9118633318023681]
JVASP-66285,KBaFe,-2.734661097518921,[-2.734661097518921]
JVASP-69162,KBaMg2,-1.88220190524292,[-1.88220190524292]
JVASP-69369,K2BaZn,-2.1744797182006836,[-2.1744797182006836, -2.4323742341918946]
JVASP-98162,K2FeH4S2O10,2.3412468481140136,[1.1993520307617187, 1.757998232849121, 1.8166821050720214, 2.3412468481140136]
JVASP-98433,K4TeP4H10O20,5.515237097747803,[0.7194035101013183, 0.7760355520324707, 1.5440337705688476, 1.5425670194702148, 2.8141067075805664, 2.934777026184082, 4.453118567474365, 5.515237097747803]
JVASP-86173,KCoAu3C6N6,0.4460523176269531,[0.4460523176269531]
JVASP-3339,KAgSe,0.7527187514381408,[-0.21090393780899053, 0.7527187514381408]
JVASP-65178,K4BeNb,-1.2109399986190796,[-2.319549555770874, -1.6651663732452393, -1.2109399986190796, -1.2770987701339722]
JVASP-87000,K2Ag4S3,1.3840843486862182,[-0.12700747966003423, 0.5661310005264282, 0.9449564266281127, 1.3840843486862182]
JVASP-65292,K4BeP,-0.378455395690918,[-2.852245087615967, -2.0382091951293946, -0.8531744432373047, -0.378455395690918]
JVASP-69211,KBaBi2,-1.4150166463775635,[-1.4150166463775635]
JVASP-98559,K2NiH12C4O14,1.2409923124389648,[0.5875794935302734, 0.6157777357177734, 1.1347672987060546, 1.2409923124389648]
JVASP-87042,KN3,1.2038314390258789,[-0.4373209428710938, 1.2038314390258789]
JVASP-97578,KMoPO6,2.911813502319336,[1.1599485921936035, 1.3940708684997558, 2.2164952802734375, 2.911813502319336]
JVASP-98297,KSbMo2O8,1.7345612096862792,[1.1882526922302246, 1.7345612096862792]
JVASP-3102,K2CN2,0.6635243940429687,[-0.8266937684936524, 0.6635243940429687]
JVASP-52890,KGaH4,0.5631661462860107,[-1.2827017259521485, -0.960787053100586, -0.1556119871063233, 0.5631661462860107]
JVASP-90858,KCd4P3,0.00219452858734126,[0.00219452858734126]
JVASP-88927,K2Hg3Ge2S8,0.7737356472091674,[0.29229605675506587, 0.7737356472091674]
JVASP-69214,KBaMg2,-1.767747158996582,[-1.767747158996582]
JVASP-65535,K2BaV,-2.040627653591156,[-2.040627653591156, -2.5401533198280335]
JVASP-86175,K2WCl6,1.832005505569458,[0.748471980102539, 1.832005505569458]
JVASP-65603,K2BaBi,-0.8140714120788575,[-2.090609307281494, -0.8140714120788575]
JVASP-65682,KBaSe2,-0.6215980005187989,[-0.6215980005187989]
JVASP-85491,KEuCu2Te4,-0.1896555375976563,[-0.1896555375976563]
JVASP-63577,KNiAu3C6N6,0.5247876691894531,[0.5247876691894531]
JVASP-62522,KAs2F7,3.241880183227539,[1.4615349817352294, 2.0872998285369873, 2.4402153539733886, 3.241880183227539]
JVASP-88425,K2CdN12,0.32520080090332026,[0.10124707699584956, 0.32520080090332026]
JVASP-65684,K2BaV,-2.0139158916397095,[-2.0139158916397095, -2.571982974998474]
JVASP-65641,KBaIn2,-1.803663964263916,[-1.803663964263916]
JVASP-66618,KBaSe,-3.8794977021141053,[-3.8794977021141053]
JVASP-87003,KAsF6,3.820431952484131,[3.820431952484131]
JVASP-66619,KBaSi,-2.499581272594452,[-2.499581272594452]
JVASP-69171,KBaTl2,-1.8865506601257325,[-1.8865506601257325]
JVASP-66431,KBaGe,-2.508696432106018,[-2.508696432106018]
JVASP-69055,KBa2Si,-2.107838506690979,[-2.107838506690979]
JVASP-63450,KAuSe2,1.6267404604034423,[0.33569813252258296, 1.6267404604034423]
JVASP-65688,KBaHg2,-1.6566686582489014,[-1.6566686582489014]
JVASP-69100,K2BaGa,-1.2593653154296875,[-1.953213925354004, -1.2593653154296875]
JVASP-69057,K2BaBe,-0.5110244703216553,[-1.8347334813995362, -0.5110244703216553]
JVASP-66686,KBaBi,-2.0484527897758484,[-2.0484527897758484]
JVASP-3888,K2TiCl6,4.57031810761261,[1.055655007369995, 4.57031810761261]
JVASP-61626,KAlH6O2F6,1.342261796005249,[1.0034964132385253, 1.074190859802246, 1.2340245294647216, 1.342261796005249]
JVASP-66591,KBaTc,-2.602200741760254,[-2.602200741760254]
JVASP-66182,KBaCu,-2.938105101577759,[-2.938105101577759]
JVASP-66084,KBaBe,-2.964364762298584,[-2.964364762298584]
JVASP-3192,KAg2PS4,0.6103501367645263,[0.6103501367645263]
JVASP-22674,K2NiF6,6.124887769229889,[4.193337922103882, 6.124887769229889]
JVASP-62177,KAuN12,1.9406182813720703,[0.6283252286987304, 1.9406182813720703]
JVASP-69346,K2BaMg,-1.1141610097808838,[-2.1039342832489014, -1.1141610097808838]
JVASP-69262,K2BaMn,-2.0447519373817444,[-2.0447519373817444, -2.67242806672287]
JVASP-68986,KBa2Pd,-2.8966102552337647,[-2.8966102552337647]
JVASP-69104,K2BaBe,-0.5204422426147461,[-1.8280441713256836, -0.5204422426147461]
JVASP-86936,K2La2Ti3O10,4.949087386138916,[2.475642924316406, 4.949087386138916]
JVASP-86303,KTmI3,-0.9995732259674073,[-1.3934738588256836, -0.9995732259674073]
JVASP-63459,K3AsS3,2.233372931488037,[-0.7145307016296387, -0.571237320892334, -0.4225089502258301, -0.38835024356079106, 0.8032267141418457, 1.091576342590332, 0.8873021650390625, 1.0029337453918457, 2.233372931488037, 2.0097158002929687, 1.5878925371246337, 1.6714611101226806]
JVASP-65580,K2BaSe,-2.2019212198181153,[-2.2019212198181153, -2.4176711988372803]
JVASP-62970,KLi2As,0.3945875215606689,[-1.62207006930542, 0.3945875215606689]
JVASP-62179,KAlH6O2F6,1.3434367227630615,[0.9892664003448486, 1.1070265817718505, 1.2247724580841064, 1.3434367227630615]
JVASP-68988,K2BaZn,-2.1728315305633545,[-2.1728315305633545, -2.4337725591583252]
JVASP-87971,K4ZnO3,6.653257613189697,[-1.3309439372940064, -1.1730652999801636, -0.26652287959289556, -0.26266240596008306, -0.038690562240600634, 2.6135106134490966, 1.9380059290008544, 2.680866246231079, 1.999859099395752, 1.8039588975982666, 2.486760382659912, 2.2372851419525146, 1.6293925094680786, 2.773058538444519, 3.8908140707092285, 6.653257613189697]
JVASP-89420,K3U3Si2O13,4.552335028656006,[-0.24845051287841802, -0.4631693315429688, 0.04879451275634761, 0.5549399900512695, 0.7402117300109863, 4.552335028656006]
JVASP-65615,KBaCd2,-1.9199252080841065,[-1.9199252080841065]
JVASP-62190,K6Na3AlSb4,0.3035838651733398,[-1.614546830646515, -1.7080205035133362, -1.0088589143676758, -1.1643294048233033, -1.022057826511383, -0.8009154152793885, -0.08942961215209966, 0.3035838651733398, -1.2229397845191956, -0.04317408322525029, 0.05994624377059932, -0.48498779057693486]
JVASP-69065,KBaV4,-1.2215213727874756,[-1.2215213727874756]
JVASP-65653,KBaCu2,-1.051302189819336,[-1.051302189819336]
JVASP-61646,K3AlF6,7.979980115898132,[0.11348152638244624, 7.076006894119263, 7.979980115898132]
JVASP-61913,KAu5,0.30378383875656123,[0.30378383875656123]
JVASP-91683,KCo,1.6864376115875244,[-2.0456716966552735, -0.9246327829284668, -0.37356376170349126, 1.6864376115875244]
JVASP-61148,KAu5,0.2965108203964233,[0.2965108203964233]
JVASP-68108,KBeZn2,-1.3981800031585694,[-1.3981800031585694]
JVASP-5275,K3AlH6,2.839410071380615,[-1.6451539945526124, -0.5845990133209229, 2.839410071380615]
JVASP-92176,KZn4P3,-0.43908118724060063,[-0.43908118724060063]
JVASP-67966,KTi2Be,-1.0869777154846192,[-1.0869777154846192]
JVASP-85689,K2H6PbO6,1.5926215696411132,[0.32252741337585444, 1.5926215696411132]
JVASP-53573,KBi2F7,3.5479462194519042,[3.5479462194519042]
JVASP-67582,KBePb2,-1.567420775882721,[-1.567420775882721]
JVASP-68296,KTa2Be,-2.896268124572754,[-2.896268124572754]
JVASP-86939,KNbCu2Se4,0.28424382687377925,[-0.14158606051635747, 0.28424382687377925]
JVASP-90027,K2OsO6,8.748533968933106,[2.7475924539642333, 8.748533968933106]
JVASP-85340,KUCuSe3,0.6857276010589599,[0.09268570423889155, 0.6857276010589599]
JVASP-63245,KBe2B3O7,0.7790110158996582,[0.2317631292419433, 0.7790110158996582]
JVASP-67972,KBeRu2,-3.065945620529175,[-3.065945620529175]
JVASP-87080,KCu4As2,-0.5712698054237366,[-0.5712698054237366]
JVASP-86130,KHgC2IN2,0.6313998746948242,[0.6313998746948242, 0.5546138334350585]
JVASP-91776,K3Mn,5.393536095626831,[-2.222263808242798, -2.2285306405944825, -2.2809446406288147, -1.5199798893852234, -2.7043700170440674, 5.393536095626831]
JVASP-62989,KBe2BO3F2,3.890886073120117,[3.890886073120117]
JVASP-63256,K3NdAs2S8,1.7607996511535644,[0.20922112942504878, 0.4854061651306152, 0.30237174511718745, 0.77736258984375, 1.049393897064209, 1.7607996511535644]
JVASP-67705,KHfBe,-2.9196298074645997,[-2.9196298074645997]
JVASP-86765,K2FeCuC6N6,0.8650825071411132,[-0.09555840014648442, 0.8650825071411132]
JVASP-86079,K2Ga3,-0.9664988470001221,[-1.5983536195678711, -1.371407980911255, -0.9664988470001221, -1.6560554456634522]
JVASP-63504,KAuF6,5.106980328567505,[5.106980328567505]
JVASP-68369,KBe2Te,-1.5112609219474793,[-1.5112609219474793]
JVASP-67822,KBeTc,-2.80552315234375,[-2.80552315234375]
JVASP-67864,KBeCd,-2.0944602441711426,[-2.0944602441711426]
JVASP-63271,KAuC2N2,1.388413672454834,[-0.24464582919311528, 0.0002644109802245609, 1.388413672454834]
JVASP-68490,K2Be2Co,-0.18608951091003423,[-1.7584657621307374, -0.18608951091003423]
JVASP-89179,KPd2F5,3.1826952743606567,[2.7377153682785034, 3.1826952743606567, 2.3140560436325073, 2.8915804672317504]
JVASP-67553,K4BePb,-1.2587368440551758,[-2.550632948867798, -1.6145009946746827, -1.2587368440551758, -1.357653851501465]
JVASP-86709,K2NbCl6,3.042729859359741,[0.06739497662353511, 1.2066056776123046, 1.4220686006622314, 3.042729859359741]
JVASP-68046,KSc2Be,-2.6764936399383545,[-2.6764936399383545]
JVASP-63516,KZnAs,0.8547104644851684,[-1.7648552608413697, 0.8547104644851684]
JVASP-90889,KRhF6,3.33298421383667,[3.33298421383667]
JVASP-68431,KBe2Tc,-3.1140422773284913,[-3.1140422773284913]
JVASP-74003,KBeTe2,-0.4715630960388184,[-0.4715630960388184]
JVASP-5278,KHCO3,1.466916804321289,[0.8123633909301757, 1.466916804321289]
JVASP-90843,KSe3,0.881482725151062,[0.1382321167068481, 0.881482725151062]
JVASP-85696,KHCO2,1.8804428625183105,[0.12816644192504878, 1.8804428625183105]
JVASP-42628,K6Cr2O9,4.0847203779296875,[0.021853213317871045, 0.05010104656982417, 0.6062686491088867, 1.6001427221374511, 2.8608458089904785, 4.0847203779296875]
JVASP-68318,KBeW,-3.856579060546875,[-3.856579060546875]
JVASP-74008,KBeSi2,-1.8260979604644776,[-1.8260979604644776]
JVASP-90423,K2SnN6,8.151493434913636,[3.192967658050537, 8.151493434913636]
JVASP-88787,KSbO2,1.91544795513916,[-0.1838886690063477, 1.91544795513916]
JVASP-75573,KBAs4,1.543067460067749,[1.543067460067749]
JVASP-88299,KCuC2N2,1.4277966070251464,[-0.22051929949951177, 0.15960669995117183, 0.2286808538513183, 1.4277966070251464]
JVASP-85968,K3Pd2O4,2.3939249563293457,[-0.05527042864990239, -0.04602646350097661, 1.6002676534729003, 2.3939249563293457, 2.279484753616333, 2.162433152206421]
JVASP-68054,K2BeCo,0.4257898378448486,[-2.113329882614136, 0.4257898378448486]
JVASP-89184,KLi2As,0.38108993054199214,[-1.624014134399414, 0.38108993054199214]
JVASP-68198,K2BeGa,-0.05726003169250493,[-1.849895472518921, -0.05726003169250493]
JVASP-88076,KTaB2O6,3.316222910888672,[1.0920617628173828, 3.316222910888672]
JVASP-3684,K2PtCl6,4.27547723532486,[2.050386910446167, 4.27547723532486]
JVASP-86187,K2SnHgSe4,0.8848915147857666,[-0.27161621569824224, 0.8848915147857666]
JVASP-68616,KLi2Be,-2.0408799004478455,[-2.0408799004478455]
JVASP-86949,KCaCO3F,1.1577589559631347,[1.1577589559631347]
JVASP-90103,K2TcF6,4.034770731933594,[1.2743737745361328, 4.034770731933594]
JVASP-91552,K2CdSnSe4,1.3399771499710083,[-0.37972008704376226, 1.3399771499710083]
JVASP-3582,K2ReBr6,1.8014719533996582,[0.750028376586914, 1.8014719533996582]
JVASP-85764,K2PbS2O8,3.2194111394958496,[3.2194111394958496, 2.6897168207244873]
JVASP-91830,KMg6W,-2.6662306737823487,[-2.6662306737823487]
JVASP-67935,KBeNb2,-4.650199646942139,[-4.650199646942139]
JVASP-74089,KBeP2,-1.4603416871948243,[-1.4603416871948243]
JVASP-63285,K2AgAs,0.8104605126457214,[-1.614929194442749, -0.8898131799621583, 0.0348506617622375, 0.8104605126457214]
JVASP-86821,K2OsNCl5,3.4887995767669677,[1.3663346815185546, 1.9882404851989746, 2.883152966506958, 3.4887995767669677]
JVASP-3762,K2PdBr4,1.4091802883224487,[1.2343556928710937, 1.4091802883224487]
JVASP-91931,K3NaH4,2.916537289627075,[-1.352172846786499, 2.916537289627075, 1.0982771563606262]
JVASP-88687,K3SmB2O6,4.898682837493896,[-0.9389407586975098, -0.9271085214538575, -0.19949984072875981, 2.6088335561828613, 2.088930850036621, 2.6358563947753906, 4.898682837493896, 1.2859261083679199, 2.2828638601379394, 1.9938194799499511, 1.8797743368225097, 2.664759879119873]
JVASP-86264,KIn9Ni2,-1.5732221555633545,[-1.5732221555633545]
JVASP-91884,KMg7,-2.658697838775635,[-2.658697838775635]
JVASP-89017,K3NbS4,4.511667733200073,[-0.21162437915039067, -0.28355288027954106, -0.02899288653564458, 0.024665122039794873, 0.5583126592712402, 0.900510554321289, 1.8676576662139892, 2.0807199525909423, 2.1524813222961425, 1.975203280456543, 1.9718833017425537, 4.511667733200073]
JVASP-86713,KNaB2H8,-0.9008753251953125,[-0.9008753251953125]
JVASP-68002,K2BeFe,0.3122466850357055,[-1.9924100589675904, 0.3122466850357055]
JVASP-3591,K2SeBr6,3.3813437271194458,[1.2341477918701171, 3.3813437271194458]
JVASP-72730,KTiBe2,0.34073353291320796,[0.34073353291320796]
JVASP-87091,K3NaSe2O8,4.012559180267334,[1.884866480834961, 2.601496939666748, 4.012559180267334]
JVASP-68206,KBeTc2,-3.1349847268981934,[-3.1349847268981934]
JVASP-88474,K4UP2O10,3.8459765958862304,[0.42566085339355464, 2.633176569946289, 3.8459765958862304, 1.9332177686767578, 3.5734641599731445, 2.699990992553711, 1.6586558866577148, 1.80851436138916]
JVASP-67802,KBe2Si,-2.3915128660125733,[-2.3915128660125733]
JVASP-67565,KBeIr,-2.3798997354431153,[-2.3798997354431153]
JVASP-22713,K4I2O,6.848313813217163,[-0.2796223115844727, 1.5623223829345703, 1.7754702615814208, 6.848313813217163]
JVASP-86714,KNaB2H8,-0.9116074991149903,[-0.9116074991149903]
JVASP-67685,KBeHg,-1.9820340824050904,[-1.9820340824050904]
JVASP-86661,KNiAu3C6N6,0.5122630643920898,[0.5122630643920898]
JVASP-90335,K2CuCl4O2,3.4618746090011596,[1.311824326522827, 3.4618746090011596]
JVASP-3774,K2MgCl4,3.8012499857025146,[0.9206715869979858, 3.8012499857025146]
JVASP-69638,KCaBe2,-2.784765417568207,[-2.784765417568207]
JVASP-88480,K4SrSi3O9,4.1957585859375,[-0.7311756563110352, -0.21726250170898442, 2.903538470275879, 3.0192325162963867, 4.1957585859375, 1.937537913330078, 3.531522994049072, 3.199286704071045]
JVASP-68071,KBeOs2,-3.347162957183838,[-3.347162957183838]
JVASP-87029,KMo3S3,0.9082458067016601,[-0.4354326677246094, 0.9082458067016601]
JVASP-68522,KBeTe2,-0.7677593183441163,[-0.7677593183441163]
JVASP-14923,KSnS2,0.44162297726440425,[0.44162297726440425]
JVASP-67606,KBeSe2,-0.2545216035766602,[-0.2545216035766602]
JVASP-67570,KMn2Be,-2.9219810914916993,[-2.9219810914916993]
JVASP-68705,KSr2Be,-2.824324126235962,[-2.824324126235962]
JVASP-67729,KBeBi,-1.3539016199035645,[-1.3539016199035645]
JVASP-76197,K3Pd,1.2850830602722167,[-2.2059988927764893, -1.3735341977996827, 1.2850830602722167]
JVASP-1852,KYTe2,0.2364757108764648,[0.2364757108764648]
JVASP-87095,K2MnSe2,2.273869757659912,[-0.8499228906555176, 0.08811784268188472, 2.273869757659912, 0.9518487501220703]
JVASP-86775,KCoAu3C6N6,0.4553973722534179,[0.4553973722534179]
JVASP-86427,K2UO4,3.2332356023864746,[0.19747090817260737, 3.2332356023864746]
JVASP-91557,K2CdSn,-0.2981460046691895,[-1.543355698577881, -0.2981460046691895, -1.1575322103424073, -0.8749370527191163]
JVASP-67691,KBeTc2,-3.6946279954833985,[-3.6946279954833985]
JVASP-88488,KV2CrO7,2.4564411687927246,[1.1864397573547363, 2.4564411687927246]
JVASP-39306,KV5Se8,-0.1844360780639649,[-0.1844360780639649]
JVASP-3294,K3Cu3As2,3.029331092842102,[-1.6215184879226685, -1.2377064180297852, 3.029331092842102]
JVASP-3786,K2MnCl6,4.464689497955322,[2.026947503097534, 4.464689497955322]
JVASP-90704,K2BiAu,-0.004299755088806201,[-1.1869398307724, -0.004299755088806201, -0.24807881831359868, -0.11042904376220708]
JVASP-22680,K2H4Pd,3.2187068510131835,[-1.1060831499023438, 3.2187068510131835]
JVASP-67896,KBeNi2,-1.8351657342834473,[-1.8351657342834473]
JVASP-68531,KSrBe2,-1.8561800074501038,[-1.8561800074501038]
JVASP-85775,K2CoH2Se2O10,3.326940064437866,[2.791269783981323, 3.326940064437866]
JVASP-94073,KMg6V,-2.875523324005127,[-2.875523324005127]
JVASP-85658,K2Si2Pb2O,-0.3739850473327637,[-2.8812243890686036, -0.3739850473327637]
JVASP-1339,K2Te,1.0975732851104736,[0.2561782050209045, 1.0975732851104736]
JVASP-3297,K3Ag3As2,1.2554624128417968,[-1.1823986720962525, -1.05097472190094, 1.2554624128417968]
JVASP-86777,K2WCl6,1.8320074129180908,[0.7380738306121826, 1.8320074129180908]
JVASP-68218,KBeW2,-3.3423936319274903,[-3.3423936319274903]
JVASP-85919,KCBrN2O4,2.2747504758911132,[1.3972737836914062, 2.2747504758911132]
JVASP-86321,KN3,1.2038314390258789,[-0.43449043750000005, 1.2038314390258789]
JVASP-68837,KBe2Pt,-2.768150563232422,[-2.768150563232422]
JVASP-105611,KRb2ScI6,-0.7838473272247315,[-0.7838473272247315]
JVASP-70583,KBe2V,-0.09289443015289311,[-0.09289443015289311]
JVASP-95821,KSbF6,2.8698151159362792,[2.426831011779785, 2.5768168020324707, 2.8331830549316406, 2.8698151159362792]
JVASP-71024,KBeRe2,-3.097026581756592,[-3.097026581756592]
JVASP-71094,KBe2Rh,-2.9237000894470215,[-2.9237000894470215]
JVASP-3423,KInTe2,1.1074788618164062,[-0.6114078712387085, 1.1074788618164062]
JVASP-70879,KBe2Pt,-3.3916442346496583,[-3.3916442346496583]
JVASP-69752,KBe2Re,-3.602897877685547,[-3.602897877685547]
JVASP-85660,K3MnH5,3.2961394834594726,[-1.624800200454712, -1.471003527633667, 1.029146676071167, 1.231330399520874, 0.7816546011047363, 3.2961394834594726]
JVASP-87097,K2MnTe2,1.6010246324615478,[-0.973273510925293, 0.06262517453002925, 1.6010246324615478, 0.18236017704772944]
JVASP-69960,KBe2Cr,-2.8821799707336426,[-2.8821799707336426]
JVASP-3612,K2PdCl6,3.1159889149742126,[2.048941974647522, 3.1159889149742126]
JVASP-85920,KNaNdNbO5,2.71976399899292,[-0.3834598016662598, 2.71976399899292]
JVASP-93177,KMg6Bi,-2.1414997529907227,[-2.1414997529907227]
JVASP-105612,K2RbScF6,4.9608566808776855,[-0.2810585451049805, 4.9608566808776855]
JVASP-86014,KEuSiS4,1.0540530729370117,[0.35183787823486323, 1.0540530729370117]
JVASP-69894,KBe2Bi,-1.7148807001037598,[-1.7148807001037598]
JVASP-67901,KBeMo2,-3.06541084765625,[-3.06541084765625]
JVASP-71391,KBe2P,-2.383457894317627,[-2.383457894317627]
JVASP-69895,K4BeOs,0.25759888172912593,[-2.8144148540420533, -2.288960094444275, 0.25759888172912593, -0.18523978709411626]
JVASP-71241,KScBe2,-2.281083340637207,[-2.281083340637207]
JVASP-93180,KMg6Sb,-2.101404900543213,[-2.101404900543213]
JVASP-92436,KFeF3,1.698695425994873,[1.698695425994873]
JVASP-105613,K2NaAuCl6,3.1041351604537963,[1.0216835784988403, 3.1041351604537963]
JVASP-94219,KMg6Cu,-2.7445306730194092,[-2.7445306730194092]
JVASP-90854,KCd4As3,-0.16542803763580327,[-0.16542803763580327]
JVASP-92506,KO2,1.6562950658874511,[0.6725990820007324, 1.6562950658874511]
JVASP-85360,KCSN,1.0452067899780273,[-0.14210009097290044, 0.24140191555786128, 1.0452067899780273, 0.9682014036254882]
JVASP-71644,KBeTc,-3.8454748344345093,[-3.8454748344345093]
JVASP-70773,KNaBe,-1.6853697252197266,[-1.6853697252197266]
JVASP-71207,KTa2Be,-2.707105870239258,[-2.707105870239258]
JVASP-70297,KZrBe2,-3.1707332086486817,[-3.1707332086486817]
JVASP-105614,K3YCl6,3.911403183944702,[-0.6426598977966309, 3.8844921636657714, 3.911403183944702]
JVASP-93181,KMg6Cd,-2.6944568109436036,[-2.6944568109436036]
JVASP-70135,KBe2Hg,-2.2228652191085816,[-2.2228652191085816]
JVASP-71068,KBe2Bi,-2.0404545020980835,[-2.0404545020980835]
JVASP-70998,KBe2Te,-1.6501989316864014,[-1.6501989316864014]
JVASP-93261,KAlH3,-0.8104865503234864,[-0.8104865503234864]
JVASP-105615,K3SmCl6,3.76796842098999,[-0.684079403869629, 3.76796842098999, 3.1291534948425292]
JVASP-71592,KBe2P,-2.3842661333007813,[-2.3842661333007813]
JVASP-71710,KBe2Pt,-2.7680299234313965,[-2.7680299234313965]
JVASP-93182,KBaMg6,-2.024367089263916,[-2.024367089263916]
JVASP-105617,K2RbLuCl6,4.1883699941711425,[-0.36762737750244145, 4.1883699941711425]
JVASP-70857,KBe2Pd,-3.2647820663375855,[-3.2647820663375855]
JVASP-71403,KBe2Sb,-1.732069487564087,[-1.732069487564087]
JVASP-93183,KMg6Ga,-2.5270793390197754,[-2.5270793390197754]
JVASP-87100,K2TeO3,4.612292771347046,[0.4233996915893554, 0.5256087827758789, 2.153554921157837, 4.612292771347046]
JVASP-105618,K2RbGaBr6,1.917087678916931,[0.17524302483367915, 1.917087678916931]
JVASP-90899,KSi2BO6,2.6732471036987304,[0.37721896649169917, 1.006300692565918, 1.8960559415893554, 2.6732471036987304]
JVASP-95175,KNOF2,5.092670922286987,[2.323702101715088, 3.889860396392822, 3.6927433061676025, 5.092670922286987]
JVASP-70396,K2Ca2Be,-1.3604609918518067,[-1.3604609918518067, -1.381568188659668]
JVASP-91474,K2Hg2SCl4O3,2.422094230659485,[1.2582993555145263, 1.4944613027648925, 2.2838138389663696, 2.422094230659485]
JVASP-70687,KBe2Fe,-1.6027648401184083,[-1.6027648401184083]
JVASP-69512,KBe2Ga,-1.5595600557250977,[-1.5595600557250977]
JVASP-85708,K2CoH4Se2O10,2.7823283720092773,[1.789762263305664, 2.7823283720092773]
JVASP-92641,K2PdC2,2.734018569000244,[-0.9123032045288086, 2.734018569000244]
JVASP-74169,K2BeZn,-0.6934316110534668,[-1.5597002458496094, -0.6934316110534668]
JVASP-85664,KH3C2O3,0.9590876150207519,[0.3586666631774902, 0.9590876150207519]
JVASP-71599,KBeNb2,-3.051095719329834,[-3.051095719329834]
JVASP-105619,K2NaNdCl6,3.704796557434082,[-0.39583801745605474, 3.704796557434082]
JVASP-71719,KBeNb,-3.6697784614486695,[-3.6697784614486695]
JVASP-93184,KMg6Cr,-2.3505980920715333,[-2.3505980920715333]
JVASP-71878,KZrBe,-2.754475231163025,[-2.754475231163025]
JVASP-71183,KBeCo4,1.107598071105957,[1.107598071105957]
JVASP-71984,KZrBe2,-2.011042590133667,[-2.011042590133667]
JVASP-92805,KNi2Se2,-0.03801702975463872,[-0.03801702975463872]
JVASP-105621,K3VF6,5.024875884063721,[0.39987779141235347, 1.886636500366211, 5.024875884063721]
JVASP-70783,KZrBe2,-1.9570209932250977,[-1.9570209932250977]
JVASP-74301,K2TiBe,-0.40180485963058477,[-1.7296765398902894, -0.40180485963058477]
JVASP-72284,K2BeTc,0.4219038534240722,[-3.921466584197998, 0.4219038534240722]
JVASP-71114,KMgBe2,-1.899206037513733,[-1.899206037513733]
JVASP-20067,KB6,0.6382911253051757,[0.6382911253051757]
JVASP-3690,KMgH3,-0.24082135676574712,[-0.24082135676574712]
JVASP-93185,KSrMg6,-2.073502297393799,[-2.073502297393799]
JVASP-91475,KPO2F2,4.39597774029541,[1.1215875196533203, 1.282294993408203, 3.685234789855957, 4.39597774029541]
JVASP-70705,KBe2Te,-1.8090810727996827,[-1.8090810727996827]
JVASP-105690,KRb2AsCl6,0.5893611955718994,[0.5893611955718994]
JVASP-71304,KBe2Mo,-2.634457821838379,[-2.634457821838379]
JVASP-86567,K3Pd2O4,2.394376521118164,[-0.036606068603515673, -0.04683756350708013, 1.6003172445373535, 2.394376521118164, 2.294323925979614, 2.1349430131988525]
JVASP-74306,KBe2P,-1.80352758883667,[-1.80352758883667]
JVASP-70897,KBe2Cd,-2.5394597005767823,[-2.5394597005767823]
JVASP-70082,KYBe2,-3.265777344696045,[-3.265777344696045]
JVASP-105691,K2RbPrF6,5.3184404420928955,[-0.986778731338501, 5.3184404420928955]
JVASP-70835,KBe2Br,-1.4119601201934815,[-1.4119601201934815]
JVASP-71305,KTiBe2,-2.1784460496826172,[-2.1784460496826172]
JVASP-69790,KBe2Cu,-1.448498840324402,[-1.448498840324402]
JVASP-105624,K2RbAuF6,3.4455812025146484,[1.2872514772491455, 3.4455812025146484]
JVASP-18467,K2MoCl6,2.58912754536438,[0.9810562181549072, 2.58912754536438]
JVASP-74384,K2BeTl,-0.979407544128418,[-1.5709693384094239, -0.979407544128418]
JVASP-71608,K2Be2Si,0.30789667845535273,[-2.4296488714141846, 0.30789667845535273]
JVASP-71416,K2BeFe,-1.933303709022522,[-2.7873011779708863, -1.933303709022522]
JVASP-71490,KBePt,-0.7044503641052247,[-0.7044503641052247]
JVASP-70794,KBeRe2,-3.097120995513916,[-3.097120995513916]
JVASP-71016,KBe2Tl,-2.0482842874450684,[-2.0482842874450684]
JVASP-92600,KMoO3,1.5826623487548828,[1.5826623487548828]
JVASP-70631,KBe2Co,-2.743217940322876,[-2.743217940322876]
JVASP-71045,KBe2Pb,-1.6119835328979493,[-1.6119835328979493]
JVASP-70869,KCaBe2,-1.8885385942382813,[-1.8885385942382813]
JVASP-72377,K2BeMo,0.4349113750534057,[-4.024342412940979, 0.4349113750534057]
JVASP-70939,K4YBe,-1.5074262571258545,[-2.2520112943573, -1.8993854474945069, -1.5074262571258545, -1.7319579076690674]
JVASP-74181,K2TaBe,0.5439690399246215,[-3.0902820777816773, 0.5439690399246215]
JVASP-74657,KBeIn2,-1.8162121725006104,[-1.8162121725006104]
JVASP-105625,K2NaMoI6,0.6906670379714965,[-0.5146182727737427, 0.6906670379714965]
JVASP-70717,KBe2Sn,-2.4178905439300538,[-2.4178905439300538]
JVASP-93190,KMg6Cr,-2.7893054437561036,[-2.7893054437561036]
JVASP-74615,K2NaBe,-1.2239410829467774,[-1.756368393890381, -1.2239410829467774]
JVASP-74438,KBe2Si,-0.9377611827774048,[-0.9377611827774048]
JVASP-63911,KBaPb,-2.3902472209854126,[-2.3902472209854126]
JVASP-71315,KBeSi,-0.4752676439208985,[-0.4752676439208985]
JVASP-93192,KLiMg6,-2.7730724763793946,[-2.7730724763793946]
JVASP-71200,KBe2Ge,-2.539450521461487,[-2.539450521461487]
JVASP-74938,K2LaBe,0.01269954920577998,[-3.2131897759361268, 0.01269954920577998]
JVASP-74887,K2YBe,-1.198367471687317,[-1.9899113130493165, -1.198367471687317]
JVASP-71226,KBe2W,-2.9710514497680665,[-2.9710514497680665]
JVASP-70761,KNa2Be,-1.9967207860870362,[-1.9967207860870362]
JVASP-71539,KTiBe2,-2.1790916871948243,[-2.1790916871948243]
JVASP-74998,K2TiBe,-1.2728348922653199,[-2.052235479347229, -1.2728348922653199]
JVASP-52810,KMn4O8,1.6277782964782714,[1.6277782964782714]
JVASP-74480,KBe2Cd,-1.4834322881622315,[-1.4834322881622315]
JVASP-95353,K2BaCoN6O12,1.3841254758911132,[0.47104526043701167, 1.3841254758911132]
JVASP-74316,K2BeTe,1.4529317069129943,[-1.2735884737892151, 1.4529317069129943]
JVASP-72097,KBeIr2,-3.0608882856292725,[-3.0608882856292725]
JVASP-91480,K3Sb7S3O9,1.0210049200134277,[0.521254544265747, 0.6086597490386962, 0.6657636213378906, 0.8242170858459472, 0.7596194791870117, 1.0210049200134277]
JVASP-74891,K2BeSi,0.07445341826248164,[-1.776029641620636, 0.07445341826248164]
JVASP-71583,K2BeGa,-2.236658568374634,[-2.4135587167663575, -2.236658568374634]
JVASP-92743,KFe2Se2,-0.3896257829589844,[-0.3896257829589844]
JVASP-71499,K2BeGe,-2.121742005340576,[-2.4112460565490723, -2.121742005340576]
JVASP-18842,K2TaCl6,1.4995348501281738,[0.2759234953002929, 1.4995348501281738]
JVASP-70909,KBe2Bi,-2.040757651321411,[-2.040757651321411]
JVASP-75001,K2BeMo,-0.39478897570800786,[-1.4822362613601685, -0.39478897570800786]
JVASP-105627,K2LiAuCl6,3.4439196634368896,[1.0983805704193115, 3.4439196634368896]
JVASP-3309,K2CuAs,1.5286786604003906,[-1.895546550743103, -1.1521025848312378, 0.40201235295104976, 1.5286786604003906]
JVASP-72426,K2BeRu,1.2745583105163574,[-3.949694867126465, 1.2745583105163574]
JVASP-105628,K3ScI6,1.9740788388328552,[-0.6905220699234009, 0.19290817261505122, 1.9740788388328552]
JVASP-92744,K3CO,8.954657201774598,[-0.4207172346038819, 0.2789968299942016, 8.954657201774598]
JVASP-93194,KMg6Nb,-2.4623701524658204,[-2.4623701524658204]
JVASP-91262,K2W2O7,3.1861918020324707,[1.1285007047729492, 1.308276896484375, 3.1861918020324707, 2.753935103424072]
JVASP-92393,KCo2S2,-0.49413871287536626,[-0.49413871287536626]
JVASP-75003,KBe2Pt,-2.3653809976501465,[-2.3653809976501465]
JVASP-71163,KNaBe2,-2.7398064088745118,[-2.7398064088745118]
JVASP-105630,K2HgPdF6,3.3376836824493408,[1.3073744821624755, 3.3376836824493408]
JVASP-91422,KOs2O6,2.1664183187561035,[1.1041710424499511, 2.1664183187561035]
JVASP-74446,KBeHg2,-1.321225638381958,[-1.321225638381958]
JVASP-43091,KLiZnS2,0.5431189584808349,[0.5431189584808349]
JVASP-93196,KHfMg6,-2.4927775812072754,[-2.4927775812072754]
JVASP-74757,K2BeNb,-0.4380913925094605,[-1.6316283893508912, -0.4380913925094605]
JVASP-96781,K2SeO4,4.017358307846069,[1.5298540639953613, 2.022956614501953, 1.8599095392303466, 2.4506640482025146, 4.017358307846069, 3.6823086786346435, 3.405168299682617, 3.359915022857666]
JVASP-72153,K2BeTc,0.32284904003906245,[-3.826319689743042, 0.32284904003906245]
JVASP-92275,KMoO3,1.044748072631836,[1.044748072631836]
JVASP-87192,K2Li3FeO4,1.8811595487670898,[-1.213660473815918, -1.020317311279297, -0.8241727304382325, 0.30661511898803706, 0.42802834988403315, 1.547556166656494, 0.901888613708496, 1.8811595487670898]
JVASP-105634,K2IrAuF6,3.892087225921631,[1.3690011549072265, 3.892087225921631]
JVASP-106058,KRbCl2,1.8722959804611206,[1.8722959804611206]
JVASP-71905,K2Be2Se,0.051928167350768994,[-0.691825563899994, 0.051928167350768994]
JVASP-75006,KCa2Be,-2.887073512069702,[-2.887073512069702]
JVASP-99069,KZr2P3O12,0.8667175817565917,[0.8667175817565917, 0.7368404913024902]
JVASP-105635,K2AsAuCl6,2.6615444469528198,[0.6580833244400024, 2.6615444469528198]
JVASP-95362,K3NO4,8.374037508972169,[-1.0768511247558594, -0.5858237695617676, -1.1339635801239014, 0.1076316881256103, 0.306391959197998, 0.4007108259277343, 0.39243197918701167, 2.3050711202697753, 2.3840580034332275, 5.350849633224487, 3.9229590940551757, 8.374037508972169]
JVASP-74905,K2BeOs,0.3325753259735107,[-1.8784925889892579, 0.3325753259735107]
JVASP-106060,K2MgCuF6,4.745873217590332,[2.5852720785217285, 4.745873217590332]
JVASP-105636,K2InAuI6,2.230255370147705,[0.13624787808227534, 2.230255370147705]
JVASP-74191,K2BeRe,0.10936880589294429,[-1.7511327218933106, 0.10936880589294429]
JVASP-92605,KCuF3,3.1196117448883056,[3.1196117448883056]
JVASP-92467,KTiO3,2.3857266950683593,[2.3857266950683593]
JVASP-74763,KBeBr2,0.9103148031311035,[0.9103148031311035]
JVASP-74590,K2BePb,-0.6490205478591919,[-1.6796308708114625, -0.6490205478591919]
JVASP-15271,KFeS2,0.7680563974456787,[-0.28943824290466313, 0.7680563974456787]
JVASP-105638,K2AgAuCl6,3.4804084348754882,[1.2344042110519409, 3.4804084348754882]
JVASP-22715,KCaBi,-1.7202433299942017,[-1.8075239610595704, -1.7202433299942017]
JVASP-96077,K6Pb2O5,4.171121840484619,[-0.9776635122222901, -1.1596574735565186, -0.7731800031585694, -0.5892615270538331, 2.6688997793273925, 4.171121840484619, 3.489567523010254, 3.1891679811553955, 1.1248799610214233, 0.9696494388656616, 2.4215567159729003, 1.160074000366211]
JVASP-74963,KBeIn2,-1.429701323501587,[-1.429701323501587]
JVASP-106067,K2SnHgTe4,1.1348321485595703,[-0.6916279745025635, 1.1348321485595703]
JVASP-3720,K2MgH4,1.9523160505371093,[-1.4082760763092042, 1.9523160505371093]
JVASP-91344,K3NO3,6.167876725204468,[-0.38947987078857427, 0.5513932752685546, 0.42927623272705073, 1.4353559064941406, 2.3339405107574462, 6.167876725204468]
JVASP-105642,K2ScAuF6,2.6303279447631835,[0.098567252166748, 2.6303279447631835]
JVASP-74416,KBe2Br,-0.5032933902664185,[-0.5032933902664185]
JVASP-74678,K2BeW,0.4497034597473144,[-1.529641861907959, 0.4497034597473144]
JVASP-92607,KCoF3,2.9774048376159667,[2.9774048376159667]
JVASP-22732,CsK2Bi,-0.8612186860961915,[-0.8612186860961915, -1.4668610048217774]
JVASP-99089,K2MnP2S6,2.590902333267212,[0.3143601465301513, 0.4249830293731689, 1.4219274568634033, 2.590902333267212]
JVASP-91431,KUCrO6,2.838513140686035,[1.172926669128418, 2.217716937072754, 1.784285311706543, 2.838513140686035]
JVASP-74868,KBeGe2,-1.7833309125823975,[-1.7833309125823975]
JVASP-74726,KBe2Os,-1.2469394159240723,[-1.2469394159240723]
JVASP-74777,KBe2Co,-1.2805907678527833,[-1.2805907678527833]
JVASP-49962,KHoO2,0.25416636944580073,[0.25416636944580073]
JVASP-1798,KNa2Sb,-1.1215094876213074,[-1.1215094876213074]
JVASP-99090,KClO4,2.948194985397339,[2.948194985397339]
JVASP-95230,KH3Se2O6,2.353447203643799,[1.0833265829162597, 1.0934293317871093, 2.353447203643799, 2.342315440185547]
JVASP-92286,K2PdS2,1.172487978942871,[-0.20792483805847173, 1.172487978942871]
JVASP-74970,K2BePd,0.6916298317985534,[-1.7361049008293152, 0.6916298317985534]
JVASP-96792,K6NaAu2IO8,2.895961050994873,[0.7458694028930664, 0.8939721632080078, 1.043968920715332, 0.9593560743408203, 1.0626561689453125, 1.2499873685913085, 2.336982493408203, 2.75349784375, 2.354208235748291, 2.895961050994873, 2.8937130022125244, 2.2931370782928466]
JVASP-18468,K2OsBr6,2.624423031814575,[0.9259699630813598, 2.624423031814575]
JVASP-105706,K2Pd,0.45015454769897456,[-1.4910062503738404, 0.45015454769897456]
JVASP-74646,KBeGa2,-1.7078781080169678,[-1.7078781080169678]
JVASP-95380,Tb3KF12,2.7199249315338134,[2.7199249315338134]
JVASP-74873,KBeCd2,-1.5268418741149903,[-1.5268418741149903]
JVASP-93929,KAu5,0.21649063111114497,[0.21649063111114497]
JVASP-96089,K2CdP2O7,4.058795218475342,[1.6081836271362304, 3.4430511045532226, 4.058795218475342, 3.346660857208252]
JVASP-91349,K3AuSe13,0.8124327707366943,[0.40654254437255855, 0.22657728672790522, 0.8124327707366943, 0.1352338838653564, 0.4489210891799926, 0.48768198967742915]
JVASP-93279,KVF3,0.23293257237243647,[0.23293257237243647]
JVASP-98974,K6CoSe4,1.0972816991882324,[-1.0083216380996705, -0.3183277797622681, -0.2056302976531983, 0.615490441329956, 0.6219046163635253, 0.8884198713378906, 0.7214229154663085, 1.0972816991882324, 0.2590739774780273, 0.39690137387084956, 0.8808330345230102, 0.4182030010299682]
JVASP-95008,K3CrF3,4.176785712249756,[-1.6160328340454102, -0.6239345025939942, 4.176785712249756]
JVASP-74930,K2LiBe,-0.6198151063842774,[-1.446737046234131, -0.6198151063842774]
JVASP-105785,KCa3,-1.9288666200561524,[-1.9288666200561524]
JVASP-92568,KFe2Te2,-0.7458374452514649,[-0.7458374452514649]
JVASP-93209,KNaMg6,-2.6073639345092774,[-2.6073639345092774]
JVASP-92705,KFe2S2,-0.4798352670593262,[-0.4798352670593262]
JVASP-96795,KNaS2O7,3.756037955291748,[2.731443648345947, 3.756037955291748]
JVASP-74556,KSrBe2,-2.6219367337150574,[-2.6219367337150574]
JVASP-93227,KNi2Se2,-0.025638217918396045,[-0.025638217918396045]
JVASP-2011,KH,1.2998706746177673,[1.2998706746177673]
JVASP-3369,K3MnO4,2.7066099691467285,[-0.4892046403808594, 0.7759034681396484, 2.7066099691467285]
JVASP-96987,KCdCl3,5.4121259498672485,[0.7110328722076416, 1.804368262298584, 5.4121259498672485, 3.954882507331848]
JVASP-74979,K2BeTe,1.960644488342285,[-0.45014881610107427, 1.960644488342285]
JVASP-94881,KCu4Sb2,-0.8301633548660279,[-0.8301633548660279]
JVASP-74983,K2BePd,-0.594275708190918,[-1.726644749633789, -0.594275708190918]
JVASP-108112,KRbMnF6,3.6789629507141113,[3.6789629507141113]
JVASP-108114,KIO3,2.8056304502563476,[2.8056304502563476]
JVASP-74563,KBeGa4,-1.479028339378357,[-1.479028339378357]
JVASP-94797,KO2F,4.3295207071380615,[4.3295207071380615, 4.067732815750122]
JVASP-74430,K2BeSe,1.6096938300209045,[-1.0179904055519104, 1.6096938300209045]
JVASP-108116,K2NaNbO2F4,3.0066592741088867,[0.6083581495361328, 3.0066592741088867]
JVASP-74564,K2BeTe,1.1614980149345397,[-1.3978480648918152, 1.1614980149345397]
JVASP-93451,KBF4,2.303313975341797,[2.303313975341797]
JVASP-92764,KVO3,2.761200194366455,[2.761200194366455]
JVASP-74836,K2BeRh,0.3713753271179199,[-1.5124614190979004, 0.3713753271179199]
JVASP-92615,KCo2Se2,-0.37321185588073735,[-0.37321185588073735]
JVASP-96560,KBC4N4,1.6028459119873046,[0.2696912336425781, 1.6028459119873046]
JVASP-105673,KNa2GaF6,1.36549735546875,[1.36549735546875]
JVASP-74882,K2YBe,0.044663434036254834,[-3.3009839010162354, 0.044663434036254834]
JVASP-91356,KAuI4,1.4639420557098388,[1.112462048538208, 1.4639420557098388, 1.3436558294372558, 1.416788344390869]
JVASP-74697,K2BeSb,0.4657833027915954,[-1.2857772660179139, 0.4657833027915954]
JVASP-74799,K2BeSe,1.7772385525779724,[-0.42113345383834844, 1.7772385525779724]
JVASP-91229,K2Pd3Se4,0.9953274774627685,[0.06070590496826167, -0.01931118487548833, 0.8355445909576416, 0.9953274774627685]
JVASP-3162,KSbS2,1.0118112611846923,[0.2699685144500732, 1.0118112611846923]
JVASP-74989,K2MnBe,1.3019543933944702,[-2.382033939353943, 1.3019543933944702]
JVASP-96871,K4GeH4N2O3,7.207852606781006,[-1.0703113031311036, -0.9755561304016114, -0.892946476928711, -0.7169744920654297, -0.624767537109375, -0.7337171983642579, 0.04464173794555659, 0.4824602651672363, 1.3371319818572998, 3.1382980394439697, 5.285216574676514, 7.207852606781006, 4.000915532119751, 3.7338433313446044, 3.702785258300781, 3.4060962247924804]
JVASP-96803,KCa12Si4S2O26F,0.8105075407104492,[0.8105075407104492]
JVASP-3819,K2AgBi,-0.13846706866455083,[-1.6896939229888917, -0.2766737890167237, -0.4671661806030274, -0.13846706866455083]
JVASP-3165,K4ZnP2,0.048854117401123,[-0.8908594798965455, -0.22485750436019902, -0.2974629950447083, 0.048854117401123]
JVASP-74843,K2NaBe,-1.6680135679168702,[-1.9246287298126221, -1.6680135679168702]
JVASP-93793,KCN,0.11835504055786128,[-0.7957618188781739, 0.11835504055786128]
JVASP-94805,KMg6Sn,-2.139261002532959,[-2.139261002532959]
JVASP-93838,K2Zr,1.0293972539978027,[-2.302482600204468, -1.7643728208465577, -1.6943471383972168, 1.0293972539978027]
JVASP-91234,KC10,0.7640011358337402,[-2.3659355592651368, -2.4776155900878907, -2.0896236848754883, -2.1694061708374024, -0.8580396127624512, 0.7640011358337402]
JVASP-105678,K2RbMoCl6,2.0686051893310546,[0.2754433202819824, 2.0686051893310546]
JVASP-94806,KSrMg6,-2.20923351763916,[-2.20923351763916]
JVASP-92670,K2PdSe2,0.9435933876113891,[-0.30911695479583745, 0.9435933876113891]
JVASP-1744,KNdTe2,0.10651231289672847,[0.10651231289672847]
JVASP-91237,K3SbO3,4.190990214355469,[-1.067147965423584, -0.6933586549682618, 0.01539326191711421, 0.5549049425201416, 1.786109452255249, 0.6918387460784912, 2.341867690093994, 4.190990214355469, 3.878368620880127, 2.8725440549926757, 2.3340470838623046, 2.2466204214172363]
JVASP-16123,KPdF3,2.8931262540893554,[2.8931262540893554]
JVASP-95085,K2BiMoPO8,3.709477667816162,[0.8766048002319335, 2.0341899442749023, 1.386646037109375, 1.4167382764892578, 1.2809484052734375, 3.0553948927001953, 3.709477667816162, 3.596678023345947]
JVASP-96808,K2SbPO6,4.581984763153076,[1.1863963651733398, 2.229060893066406, 2.8753159093933105, 3.1840031194763183, 4.0367491293029785, 4.581984763153076, 3.2359254407958984, 3.3250768232421875]
JVASP-96877,K2LiAlF6,35.94409084797668,[1.6829876947479248, 2.6160039949493408, 2.896912162311554, 1.6742096591072082, 12.96370566368866, 35.94409084797668]
JVASP-96742,K3Cu8S6,0.5878674435691833,[-0.28090369223785405, 0.1472325968818664, 0.5878674435691833]
JVASP-96183,KZrCuS3,0.712900166519165,[-0.15098428248596196, 0.712900166519165]
JVASP-99522,K2ScTlCl6,1.2662880468444824,[-0.4693915796203614, 1.2662880468444824]
JVASP-96184,KZrCuSe3,0.645658259399414,[-0.09859489916992192, 0.645658259399414]
JVASP-92434,KCrF3,0.42033744335937495,[0.42033744335937495]
JVASP-99697,K2CuSbI6,1.4538956928329467,[-0.006624813072204638, 1.4538956928329467]
JVASP-92435,KMnF3,3.3045427846984863,[3.3045427846984863]
JVASP-105944,KIn2Ga2,-1.3825294923706055,[-1.3825294923706055]
JVASP-99525,K2DyCuCl6,1.9444105672912597,[-0.019545073501586963, 1.9444105672912597]
JVASP-99567,K2CuMoI6,1.5036656904296875,[-0.2608067941589356, 1.5036656904296875]
JVASP-96258,K3B12H12Br,2.0501067686157226,[-0.48621677874755864, 0.3218829679565429, 2.0501067686157226]
JVASP-1993,KBr,9.57931972027588,[9.57931972027588]
JVASP-99698,K2GaAuBr6,2.3474406647758483,[0.5448206114845275, 2.3474406647758483]
JVASP-99476,TbK2LiCl6,4.197517638214111,[-0.04401182650756841, 4.197517638214111]
JVASP-93844,KLiS,3.015958552368164,[-1.1319773149414063, 3.015958552368164]
JVASP-1804,KPrS2,0.8449499654846191,[0.8449499654846191]
JVASP-15230,KTeAu,1.2643140006141662,[-0.2660589766426087, 1.2643140006141662]
JVASP-99568,K2InSbBr6,1.647797410495758,[-0.06141238927078252, 1.647797410495758]
JVASP-99699,K2YAgI6,0.8716421175079345,[-0.6226341676635743, 0.8716421175079345]
JVASP-99477,K2PrCuI6,0.8023632812576293,[-0.49307500838470464, 0.8023632812576293]
JVASP-99702,KAuCl3,2.6076817560272216,[2.6076817560272216]
JVASP-99478,KInBr3,1.6927716779785156,[-0.009093399040222216, 1.6927716779785156]
JVASP-93896,KMnCl,0.07040262699890132,[-1.7441399049682618, 0.07040262699890132]
JVASP-1807,KSmS2,0.8106384325103759,[0.8106384325103759]
JVASP-99127,KLi2BO3,5.731015925415039,[-1.263479466430664, 0.773648982055664, 2.308641200073242, 5.731015925415039]
JVASP-95427,K4CO4,2.981755023010254,[-1.4900641393585206, -0.7877018403930665, 2.981755023010254, 1.7801668691711425]
JVASP-99479,K2CuSbCl6,2.2720145034866333,[0.44127762795257564, 2.2720145034866333]
JVASP-99703,K2LaAuCl6,2.2924717712478637,[-0.14528500556182866, 2.2924717712478637]
JVASP-95591,KHI2F12,4.09199607849884,[4.09199607849884, 3.7475229549484252]
JVASP-1813,KDyS2,0.5321776914672851,[0.5321776914672851]
JVASP-99382,KRb2InI6,-0.05065106867980962,[-0.05065106867980962]
JVASP-99705,K2AlAuCl6,2.8895989704208374,[0.4555434036331176, 2.8895989704208374]
JVASP-99530,KMnF3,4.715205674179077,[0.15950108052062983, 4.715205674179077]
JVASP-99706,K2NdAgF6,4.423360114105225,[0.266080622680664, 4.423360114105225]
JVASP-100122,K2RbNdBr6,0.7339330959396362,[-0.7730256271286011, 0.7339330959396362]
JVASP-1816,KHoS2,0.5015504407958984,[0.5015504407958984]
JVASP-99143,K3SbTe3,1.6229023981170654,[-0.7992424917144776, -0.6521606397552491, -0.606873626701355, -0.7256344509048462, 0.14211869717407222, 0.10019374371337886, 0.860058312423706, 0.3697171259002685, 1.564844017036438, 1.6229023981170654, 0.6004064130859375, 0.5803622055130004]
JVASP-96825,K17Fe5O16,4.52811885357666,[-0.49514412402343755, -0.9967267465515137, -0.4134998273773194, -0.42558240412902837, -0.6368994665069581, -0.23230933665466313, 1.1965649175720214, -0.08314346789550786, 1.013843541152954, 2.2351598787384033, 2.6217026758270263, 2.3042807626800537, 4.452620749481201, 4.52811885357666, 3.4452900934295654, 1.5528507280426025, 2.1108174371795654]
JVASP-95439,K2S2NO7,2.811889414794922,[1.982973818786621, 2.1733863401489257, 2.1682164716796875, 2.811889414794922]
JVASP-100125,K2RbNdCl6,3.7037813711242675,[-0.5972120714111329, 3.7037813711242675]
JVASP-99485,KSe3,0.6856544065551757,[0.25299335003662105, 0.6856544065551757]
JVASP-95602,K2SnBr6,2.374768261917114,[0.6336454200820922, 1.4710067558364868, 1.7955511856155395, 2.374768261917114]
JVASP-3384,K2NiO2,2.304314856536865,[0.6400315809326171, 2.304314856536865]
JVASP-97012,KScAs2H2O8,1.72621512890625,[1.72621512890625, 1.7002809095458984]
JVASP-52829,K2ZnH4,2.945353393562317,[-1.5086135816497803, -1.603156085006714, -1.4774293851776124, -1.4431095075531006, -1.050590748779297, 0.7499454069213867, 0.07356417656707759, 2.945353393562317]
JVASP-95603,KSiHO3,6.486443762786865,[-0.1549560975952149, 0.16396213055419917, 0.23637462139892573, 0.6964614439086914, 3.064826254852295, 6.486443762786865, 4.324828391082764, 2.17855191708374]
JVASP-105595,K2ScInCl6,1.0241189050750732,[-0.5614821863098145, 1.0241189050750732]
JVASP-105597,TbK2AuCl6,2.6265485334472656,[0.06965542317199702, 2.6265485334472656]
JVASP-3930,K5CuSb2,0.2926306772308349,[-1.8422362756652833, -0.7426609945220948, 0.2926306772308349, -1.038649315826416, -0.15588235377502446]
JVASP-105599,K2YAgBr6,1.756852393157959,[-0.3968238782806397, 1.756852393157959]
JVASP-105604,K2TlCuF6,3.7749626684265136,[0.9702198553161621, 3.7749626684265136]
JVASP-93960,KMnP,-1.5884013128204346,[-1.7272906255645752, -1.5884013128204346]
JVASP-99535,KHg3,-1.0180203866882325,[-1.0180203866882325]
JVASP-91459,K2CaN4O8,1.6491448927001953,[0.930819277770996, 1.6491448927001953]
JVASP-1501,KPrTe2,0.16730523587036128,[0.16730523587036128]
JVASP-105605,K2PrCuCl6,2.3198206472473144,[-0.2136418771667481, 2.3198206472473144]
JVASP-95318,KAsOF4,4.429670577056885,[2.606239085205078, 4.0715811300354, 3.1156165647583007, 4.429670577056885]
JVASP-94901,K2CuF4,4.837368254669189,[2.464277749069214, 4.837368254669189]
JVASP-99620,KNbO2F,0.0817668485717773,[0.0817668485717773]
JVASP-99583,K4NaCl5,10.129546825893403,[-0.020895714752197314, 4.96511722088623, 2.6382959532814025, 10.129546825893403]
JVASP-102856,K2LiTiF6,3.3814501810150146,[-0.06704616069030767, 3.3814501810150146]
JVASP-2334,KUO3,0.4096624898986816,[0.4096624898986816]
JVASP-93715,KPtN,2.573786740310669,[0.8748273897247314, 2.573786740310669]
JVASP-99191,KPPbS4,1.2275500345306396,[0.16209578991699214, 0.13851190090942378, 0.9335761118011474, 1.2275500345306396]
JVASP-102858,K2LiErCl6,3.916323189743042,[-0.06550883769226079, 3.916323189743042]
JVASP-103198,K3RhF6,4.929887299545288,[1.0747625875549316, 3.720261816986084, 4.929887299545288]
JVASP-2523,KAuS,1.150002365119934,[0.04395640373992915, 1.150002365119934]
JVASP-102203,KZnCuTe2,-0.33306478976440435,[-0.33306478976440435]
JVASP-103204,KRb2AuBr6,0.3904374289588928,[0.3904374289588928]
JVASP-100472,K2NaYBr6,1.0359530496673583,[-0.60197090625, 1.0359530496673583]
JVASP-96774,K2Mo2O7,2.4332544851379394,[0.39369512081909175, 1.0411245870666503, 1.4302761602478027, 2.4332544851379394]
JVASP-2526,KMgSb,-1.0728654813690186,[-1.406903619758606, -1.0728654813690186]
JVASP-102864,K2LiInF6,5.6616342115478515,[1.9205634641723632, 5.6616342115478515]
JVASP-107800,K2NaLaCl6,2.4563167142944335,[-0.48473667620849614, 2.4563167142944335]
JVASP-100276,K5Bi4,-0.011814231864929248,[-1.4132458519859314, -0.9457809281272889, -0.3697004866523743, -0.9789820861740113, -0.011814231864929248]
JVASP-100473,K2CuBiBr6,1.8066288876609802,[0.5263169455604553, 1.8066288876609802]
JVASP-107802,K3AsI6,1.3432170796470642,[0.11553556204605098, 1.3432170796470642, 0.9298282909469604]
JVASP-99630,K2YHgBr6,1.2578357505874633,[-0.47678267478179936, 1.2578357505874633]
JVASP-107803,K2TlAsI6,1.9936978864746093,[0.19827080250549312, 1.9936978864746093]
JVASP-99736,K2O,24.524180536277772,[-0.47104060172271733, 1.4474598217086792, 1.0151184845046997, 24.524180536277772]
JVASP-102946,K3Ge,-0.35835051058959966,[-1.6327248763961792, -1.6758121204299927, -0.35835051058959966]
JVASP-107804,K2RbSbBr6,1.7156240987854003,[0.17798614979553218, 1.7156240987854003]
JVASP-100602,K3Li,-1.908538813583374,[-1.9254832220001221, -1.908538813583374, -2.563504929534912]
JVASP-101264,K2SbAu,0.47463864565658564,[-1.4760225963516236, -0.2888277721328736, 0.12397009611892695, 0.47463864565658564]
JVASP-99633,KRb2DyCl6,-0.2011454057617188,[-0.2011454057617188]
JVASP-107806,K2LiLaCl6,2.677635436065674,[-0.10644030093383794, 2.677635436065674]
JVASP-100479,KCu2GeS4,-0.2429847669525147,[-0.2429847669525147]
JVASP-107808,K2TlAsBr6,2.2082000422554016,[0.20753378153610225, 2.2082000422554016]
JVASP-99674,K3GaBr6,3.3011746454315185,[0.1458298015670776, 1.9678789424972534, 3.3011746454315185]
JVASP-102947,KRbAu2,0.23343015194702144,[0.23343015194702144]
JVASP-102867,TbK2CuCl6,2.5611848878936767,[-0.0014755678100586422, 2.5611848878936767]
JVASP-107809,K2RbAlI6,1.157966380126953,[-0.2701020193023682, 1.157966380126953]
JVASP-99675,KTlBr3,2.0500062155799865,[0.28776938200759883, 2.0500062155799865]
JVASP-99449,KNaMg2F6,1.1684849309997558,[1.1684849309997558]
JVASP-103210,KRb2RuF6,1.1277949857788085,[1.1277949857788085]
JVASP-107810,K2NaNdF6,3.310124640472412,[3.310124640472412, 2.4995973157958984]
JVASP-99676,K3NdI6,0.6287745285110473,[-0.6989870023651124, 0.27174878598022456, 0.6287745285110473]
JVASP-4077,K4HgAs2,0.5262022066192626,[-1.0730642628593445, -0.45749878405761724, -0.31130742549133306, 0.5262022066192626]
JVASP-107813,K2RbAsCl6,2.7946929979400634,[0.38959050656127925, 2.7946929979400634]
JVASP-102870,K2ScAuCl6,2.9423128414230346,[0.1559623527603149, 2.9423128414230346]
JVASP-99677,K2TlGaI6,1.192127232559204,[0.07205009938049312, 1.192127232559204]
JVASP-22716,K2GeF6,5.163151149757385,[3.1739046621398925, 5.163151149757385]
JVASP-107815,K2YAuBr6,1.7236897993164062,[-0.17993306636047368, 1.7236897993164062]
JVASP-1942,KI,2.8861771869735717,[2.8861771869735717]
JVASP-102871,K2PrAgCl6,2.7427539873199462,[-0.22196220874023442, 2.7427539873199462]
JVASP-99591,K2RbBiF6,2.4352500486450195,[-0.08524345874023442, 2.4352500486450195]
JVASP-107816,K2ErCuCl6,1.7842233228759765,[-0.06892370700073247, 1.7842233228759765]
JVASP-99678,K2RbInBr6,1.9494777965621948,[0.03483260155487056, 1.9494777965621948]
JVASP-99547,KAs2Ir2,-1.033468480102539,[-1.033468480102539]
JVASP-103212,KCuH3,2.19876790524292,[-1.3400371026916504, 2.19876790524292]
JVASP-100828,KBiS2,0.883939509399414,[0.883939509399414]
JVASP-97029,KFe2As2,-0.7155945253295899,[-1.052375073425293, -0.7155945253295899]
JVASP-102281,KMg3,-1.6118931722564698,[-1.6118931722564698]
JVASP-100185,K3Mg,-1.5726611566467286,[-1.9943060827178956, -2.135437006942749, -1.5726611566467286]
JVASP-99679,K2RbDyCl6,3.883251194961548,[-0.5956854772491456, 3.883251194961548]
JVASP-99592,K2HgAsBr6,1.7661409425811767,[0.2826100635604858, 1.7661409425811767]
JVASP-102873,K2AlInBr6,1.0193824815826416,[-0.23951649188232427, 1.0193824815826416]
JVASP-100076,K3GaCl6,4.187695865638733,[0.49373949051666255, 3.3062259006576538, 4.187695865638733]
JVASP-100829,K5Sb4,-0.17715000628662114,[-1.2426918697280884, -0.8354579162521363, -0.39866137026977544, -0.7400635433120728, -0.17715000628662114]
JVASP-97030,KFe2Se2,-0.46584820269775395,[-0.46584820269775395, -0.5829808664245606]
JVASP-99680,K2NaTaI6,0.2514375495986938,[-0.7721937847061158, 0.2514375495986938]
JVASP-102333,KFeSeS,0.5865113782958984,[-0.39773296832275395, 0.5865113782958984]
JVASP-96966,K3NaSn3Se8,2.317065124519348,[-0.12186908244323735, 0.5608468103485107, -0.07600330828857427, 1.1594023752288818, 0.5063060569839477, 2.317065124519348]
JVASP-99593,K2YAuF6,2.610015635498047,[-0.07147907733154302, 2.610015635498047]
JVASP-100077,K3SbI6,1.0377795744018554,[-0.24126249074172978, 0.944038455493927, 1.0377795744018554]
JVASP-99334,KU2P3O12,1.082174544342041,[1.082174544342041, 0.7711956548767089]
JVASP-102874,K2HgAsCl6,2.021467094429016,[0.5919231224136352, 2.021467094429016]
JVASP-101479,KNa2AlF6,0.663663630493164,[0.663663630493164]
JVASP-99681,K2LiSmCl6,3.9780430841522216,[-0.10791158198547368, 3.9780430841522216]
JVASP-100078,K3AlBr6,3.378466491706848,[0.03851628781127925, 1.916422133453369, 3.378466491706848]
JVASP-96912,KSb2F7,2.388152842529297,[1.5828087377624511, 1.9517395544128417, 2.325585131652832, 2.388152842529297]
JVASP-100187,KYO3,2.9468610334472656,[2.9468610334472656]
JVASP-100079,K2LiEuCl6,3.924588923461914,[-0.09210514544677739, 3.924588923461914]
JVASP-102875,K2TlCuBr6,2.149125819213867,[0.5134044933395385, 2.149125819213867]
JVASP-99595,K2RbBiI6,0.7274487066345214,[-0.21792077540588384, 0.7274487066345214]
JVASP-101481,K3GaF6,9.590130572326661,[0.4427712011413574, 4.8731114912109375, 9.590130572326661]
JVASP-99978,KRb2WO3F3,0.26043963909912105,[0.26043963909912105]
JVASP-1615,KSmTe2,0.05510306835937495,[0.05510306835937495]
JVASP-100673,K2LiSbI6,1.4489663291053771,[-0.3179526877326966, 1.4489663291053771]
JVASP-101482,K3PdF6,5.958831672676086,[1.424999718673706, 3.9311838197784423, 5.958831672676086]
JVASP-100189,Yb3K,-1.3963212919158936,[-1.3963212919158936]
JVASP-99793,KNpO3,-0.18475174426269536,[-0.18475174426269536]
JVASP-100081,K3TaCl6,0.6762566614227294,[-0.476569409362793, 0.2015340375976562, 0.6762566614227294]
JVASP-100674,K2NaSbCl6,2.278797750480652,[0.09105790139007564, 2.278797750480652]
JVASP-102878,K2AgSbBr6,1.917915647037506,[0.28925794840621943, 1.917915647037506]
JVASP-107858,K2NaTaCl6,0.7923922586517333,[-0.5056405019683838, 0.7923922586517333]
JVASP-3963,K2PdF4,4.661294703491211,[2.0483367490844726, 4.661294703491211]
JVASP-99457,KNa2RhF6,1.718393330581665,[1.718393330581665]
JVASP-101484,K3LaCl6,3.9908819246368408,[-0.8612916421813965, 1.2226860570983886, 3.9908819246368408]
JVASP-99794,KCa3,-1.981259579650879,[-1.981259579650879]
JVASP-100082,K3LuCl6,4.124690299041748,[-0.4423882913513184, 4.124690299041748, 3.1582446146087646]
JVASP-100675,K2PrAgF6,4.3128323602752685,[0.21578884602355952, 4.3128323602752685]
JVASP-101486,K2RbAuBr6,1.2919707942085266,[0.5691075968818664, 1.2919707942085266]
JVASP-100677,K2InAgCl6,3.1764586019592285,[0.6537010717468261, 3.1764586019592285]
JVASP-100083,K3CeI6,0.57903016091156,[-0.6049635362548829, 0.5057852315979003, 0.57903016091156]
JVASP-3966,K3BrO,9.153568034179688,[-0.589425797454834, 1.9104840803222656, 9.153568034179688]
JVASP-101487,K2LiAsF6,5.664361720092773,[0.4640119123535156, 5.664361720092773]
JVASP-100193,KBa3,-1.2179841947479249,[-1.6179060888214112, -1.2179841947479249]
JVASP-99459,K2InAsI6,1.6615641164855957,[-0.0691564035339356, 1.6615641164855957]
JVASP-100679,K2YAuCl6,3.317110543258667,[-0.04758834361267095, 3.317110543258667]
JVASP-100084,K3AuCl6,3.8763434934692382,[1.119995896823883, 2.3307597088890075, 3.8763434934692382]
JVASP-99686,K2RbAlF6,6.674677138336182,[0.09866357327270503, 6.674677138336182]
JVASP-99412,K2RbTlBr6,1.9389206814842224,[0.1821822571830749, 1.9389206814842224]
JVASP-4095,K4BeAs2,0.7914017486648559,[-1.5008788657112122, -0.0652729225082398, 0.026104574211120557, 0.7914017486648559]
JVASP-101489,K2ScHgBr6,0.9951453256683349,[-0.2990446042938233, 0.9951453256683349]
JVASP-99687,K2NaTmCl6,4.076293473251343,[-0.3414077711029053, 4.076293473251343]
JVASP-3969,K3IO,5.102923874862671,[-0.7667243432922364, 2.1463379907684326, 5.102923874862671]
JVASP-99460,K2EuAuCl6,2.581449751861572,[0.28483605862426753, 2.581449751861572]
JVASP-106206,K2InAgI6,1.7780263471679687,[0.10828912735748286, 1.7780263471679687]
JVASP-100086,K2LiRuF6,3.210975174911499,[0.948460583694458, 3.210975174911499]
JVASP-101490,K2ScInBr6,0.8441916751937866,[-0.7303379726333619, 0.8441916751937866]
JVASP-99688,K2NaLuCl6,4.7367897081451416,[-0.24772309779357915, 4.7367897081451416]
JVASP-99464,K2LiTaCl6,0.4695408392028808,[-0.6386072587890625, 0.4695408392028808]
JVASP-100088,K2ScHgI6,0.7014213848190307,[-0.7022072029037476, 0.7014213848190307]
JVASP-106208,K2HgRhF6,3.015538220413208,[0.6526479768829345, 3.015538220413208]
JVASP-101494,K2InGaBr6,1.71429068327713,[-0.0731595110816956, 1.71429068327713]
JVASP-96978,K2VO2F3,4.871209864624023,[0.4223725843505859, 0.7372777509765625, 0.9252669859008789, 1.6524856138305664, 3.4092919874267578, 4.80715823651123, 3.9151923704223632, 4.871209864624023]
JVASP-3525,K2PtCl4,2.3430947113113403,[1.5324631977157592, 2.3430947113113403]
JVASP-99414,K2PrAgI6,0.681937282093048,[-0.5633147311134339, 0.681937282093048]
JVASP-100879,K2LiAuF6,4.22490692616272,[2.254796509750366, 4.22490692616272]
JVASP-100089,K2CuMoBr6,1.3592132377700805,[0.16579473496246333, 1.3592132377700805]
JVASP-101495,K2InHgCl6,1.9048209238128662,[0.21037602902221675, 1.9048209238128662]
JVASP-100557,KCeF4,1.5890867757873535,[1.5890867757873535]
JVASP-100880,K2YInF6,1.033513073928833,[-0.8980765294952393, 1.033513073928833]
JVASP-96979,K2MnSO4F3,5.83454728604126,[1.6049530553894042, 2.0039870786743164, 1.8968219804840087, 2.4023361253814697, 3.385692601211548, 5.35584593296814, 5.83454728604126, 5.5280258703308105]
JVASP-100094,K2GaHgI6,1.56431270123291,[-0.04756140231323247, 1.56431270123291]
JVASP-101496,K2ErAgCl6,2.7827935266571044,[-0.10582065104675298, 2.7827935266571044]
JVASP-2166,KTe,0.7697156119422912,[0.027812545307159375, 0.03944236517715449, 0.2697141814308166, 0.7697156119422912]
JVASP-100881,K2NaGaCl6,3.8595444011764526,[0.4369224357681274, 3.8595444011764526]
JVASP-2544,KNbO3,2.1611502218322753,[2.1611502218322753]
JVASP-100559,K2PtBr6,2.060449724205017,[1.0471194434242248, 2.060449724205017]
JVASP-101499,K2InBiF6,1.5986533212738037,[-0.07897090434265142, 1.5986533212738037]
JVASP-99693,K2NaTlBr6,2.1747493791656494,[0.36141431809234614, 2.1747493791656494]
JVASP-100882,K2TlSbBr6,2.1633779454307556,[0.09358805895614619, 2.1633779454307556]
JVASP-106224,K2TiCuF6,1.6622335958557128,[0.14671254635620112, 1.6622335958557128]
JVASP-101500,K2AlAuF6,3.951212172515869,[1.034923796661377, 3.951212172515869]
JVASP-22568,KIO3,2.7725322294311523,[2.7725322294311523]
JVASP-99694,K2NaIrF6,3.250951056488037,[1.0325462865905761, 3.250951056488037]
JVASP-100885,TbK3Cl6,4.031841044433594,[-0.5419313859863282, 4.031841044433594, 2.996061329849243]
JVASP-101709,KNaMg2F6,0.4881990003662109,[0.4881990003662109]
JVASP-103608,K3Ca,-1.718104119293213,[-1.718104119293213, -2.012126679412842, -2.335902447692871]
JVASP-99695,K2LuAgCl6,2.9413617897109985,[0.0004187870101928226, 2.9413617897109985]
JVASP-2682,K2PtS2,1.1758570718841552,[-0.13955330371093755, 1.1758570718841552]
JVASP-99696,K2AlAuBr6,2.1675225544052124,[0.2472564029769897, 2.1675225544052124]
JVASP-100389,K4NaCl5,17.748187308319093,[-0.017024273864746142, 5.498860602386475, 7.402762656219482, 17.748187308319093]
JVASP-102369,K3BiI6,1.4552446651535034,[-0.20199977873992925, 1.1363380003051757, 1.4552446651535034]
JVASP-102370,K2RbScBr6,1.85201120854187,[-0.4402668428344727, 1.85201120854187]
JVASP-100571,KNa2ScF6,0.8821067857818603,[0.8821067857818603]
JVASP-100888,K3CeBr6,2.9154956388549804,[-0.6831667375488282, 1.0884201574401855, 2.9154956388549804]
JVASP-103610,KMnO3,1.734072451599121,[1.734072451599121]
JVASP-102059,K2LiCeBr6,1.2837681818084716,[-0.3794422101898194, 1.2837681818084716]
JVASP-100889,K3BiCl6,3.733208661087036,[0.117840294845581, 2.4730920839385986, 3.733208661087036]
JVASP-102371,K2LiRhF6,4.074101691253662,[1.6223013448791503, 4.074101691253662]
JVASP-102060,K3ScCl6,3.729154353149414,[-0.3396532487792969, 3.729154353149414, 3.1358280229644775]
JVASP-100573,K2RbScCl6,3.346541171081543,[-0.23459076403808599, 3.346541171081543]
JVASP-102372,K2LiTaBr6,0.7009153413848876,[-0.5427083921356202, 0.7009153413848876]
JVASP-18559,K5Sb4,-0.1916236829681397,[-1.2269132089538575, -0.8576925945205689, -0.4198721599502564, -0.7137258005065918, -0.1916236829681397]
JVASP-101766,KCrF6,4.423445467956543,[4.423445467956543]
JVASP-102062,K2TlAsF6,2.229307179458618,[0.3116231012420654, 2.229307179458618]
JVASP-102375,K2InGaCl6,2.148030643470764,[-0.015112514488220263, 2.148030643470764]
JVASP-100893,K2AlTlCl6,1.63643503666687,[0.07610917568969722, 1.63643503666687]
JVASP-102063,K2NaTlCl6,2.858121399887085,[0.8387229490356445, 2.858121399887085]
JVASP-100574,K2TlGaCl6,2.354967241294861,[0.3507250595169067, 2.354967241294861]
JVASP-101179,KTlCo4Se4,-0.25031375407409673,[-0.25031375407409673]
JVASP-104499,KNaSe,-0.39628874777984624,[-0.39628874777984624]
JVASP-4098,K4CdAs2,-0.2819557142181397,[-0.8754668784065247, -0.297135348312378, -0.5906474542541504, -0.2819557142181397]
JVASP-102377,K2NdCuI6,0.802513842590332,[-0.5059008550567627, 0.802513842590332]
JVASP-100894,K2RbAsI6,0.8216806697921752,[0.1032209444122314, 0.8216806697921752]
JVASP-1483,KErS2,0.45285392285156245,[0.45285392285156245]
JVASP-103554,K2TiAgF6,1.9027440595703125,[0.3504259634094238, 1.9027440595703125]
JVASP-100575,K2NaMoBr6,0.9722275781707763,[0.014924530990600537, 0.9722275781707763]
JVASP-102064,K2NaBiF6,5.693671946533203,[0.5051381635742187, 5.693671946533203]
JVASP-2235,KSnAs,-0.8942012739105225,[-1.0194804620666504, -0.8942012739105225]
JVASP-100629,KRb2InF6,1.7536490011291503,[1.7536490011291503]
JVASP-102745,K2NaMoO3F3,3.3883769559936523,[0.6048061895446777, 3.3883769559936523]
JVASP-101182,KRbCl2,1.36755133152771,[1.36755133152771]
JVASP-102381,K2InAsF6,1.5161366510467529,[-0.056047434799194384, 1.5161366510467529]
JVASP-100895,K2NaScBr6,2.8736389923171997,[-0.48878943442535405, 2.8736389923171997]
JVASP-101769,K2MnF4,6.410172228820801,[0.532919173248291, 6.410172228820801]
JVASP-102065,K2BiAuCl6,2.6263163137512207,[0.6798634576873779, 2.6263163137512207]
JVASP-102382,K2TaHgF6,0.8092806387023925,[-0.05073523043823247, 0.8092806387023925]
JVASP-101378,K2AgSbI6,1.1787083196716308,[0.00022912503051752964, 1.1787083196716308]
JVASP-100897,K2CuAuF6,3.8881757307128906,[2.144366984375, 3.8881757307128906]
JVASP-104501,K2NaYCl6,4.159651522644043,[-0.37397694110107427, 4.159651522644043]
JVASP-103341,KSrI3,1.143957262046814,[-0.08263527869415288, 1.143957262046814]
JVASP-102066,K2TaAgCl6,1.5444672155456542,[0.17581773281860347, 1.5444672155456542]
JVASP-102383,K2InHgF6,2.1428451585845947,[0.3767652559356689, 2.1428451585845947]
JVASP-100579,K2ScInF6,1.1606099653320312,[-0.6149275255126954, 1.1606099653320312]
JVASP-52843,K2CuH4Cl4O2,2.940383200653076,[0.17199945927429194, 0.655384068496704, 1.1176884222106933, 2.940383200653076]
JVASP-104502,K2NaCeCl6,1.74381447315979,[-0.39770507334899907, 1.74381447315979]
JVASP-102067,KAuBr3,2.2241288471298217,[2.2241288471298217]
JVASP-102384,K2RuAuF6,3.3851614046173095,[1.022951607711792, 3.3851614046173095]
JVASP-100898,K2HgAsI6,1.4076120901184082,[0.11720836640167231, 1.4076120901184082]
JVASP-18716,KHg2,-0.9400405836029053,[-1.5356297445220948, -0.9400405836029053]
JVASP-101523,KRb2AsBr6,0.20920372486877437,[0.20920372486877437]
JVASP-104503,K2RbYF6,4.878844981201172,[-0.8603002977294922, 4.878844981201172]
JVASP-101383,KRb2InBr6,0.25864243984985347,[0.25864243984985347]
JVASP-102501,K2CdAu,0.8012683439331054,[-0.9697782945556641, 0.8012683439331054]
JVASP-100900,K2YHgF6,1.3809778738098144,[-0.32195877551269536, 1.3809778738098144]
JVASP-104505,K2LiNdF6,3.8193743276672363,[3.8193743276672363, 2.8716919469909667]
JVASP-21540,KSbF4,4.615071063049316,[1.5954554128723144, 1.6191551733093261, 1.677182917602539, 1.6859386015014648, 3.113431935317993, 3.058415417678833, 3.7881948995666503, 4.615071063049316]
JVASP-103560,K2CeAgCl6,2.099562411315918,[-0.2873120260162354, 2.099562411315918]
JVASP-2922,K3AuO,12.095969443328858,[-0.5815738391799927, 1.1808078336791992, 12.095969443328858]
JVASP-103349,K3HoCl6,3.8474321413116455,[-0.5795981836242676, 3.2341558981018066, 3.8474321413116455]
JVASP-100588,KNa2TiF6,-0.4905164194030762,[-0.4905164194030762]
JVASP-100902,K2TlAuCl6,2.8454737711029052,[0.833438758857727, 2.8454737711029052]
JVASP-103564,K2CuBiCl6,2.5124828863220214,[0.6756956625061035, 2.5124828863220214]
JVASP-104506,K2InHgI6,1.6492044973449707,[-0.2677195024414063, 1.6492044973449707]
JVASP-102254,K3TlF6,8.271568422325135,[0.7984886217193603, 4.334449296005249, 8.271568422325135]
JVASP-100904,K2ScAgF6,5.133580927856445,[0.2881109762268066, 5.133580927856445]
JVASP-102504,K3Ba,-1.8695390176696778,[-1.8695390176696778, -2.1618568849487305, -2.3831348371429444]
JVASP-100590,KRb2AsF6,0.8366172361450195,[0.8366172361450195]
JVASP-101438,KThTi2O6,0.6236798811035156,[0.6236798811035156]
JVASP-102258,K2HgSbI6,1.1440401125030517,[-0.016829485885620166, 1.1440401125030517]
JVASP-104514,TbK2AgCl6,2.895021085746765,[-0.1215780925674439, 2.895021085746765]
JVASP-103160,K2NaInCl6,4.051038270004272,[0.36612415791320796, 4.051038270004272]
JVASP-103573,K2InCuCl6,2.6129770326690673,[0.5499391603546142, 2.6129770326690673]
JVASP-102259,K2AgRuF6,2.9459002065734863,[1.0094883489685058, 2.9459002065734863]
JVASP-103162,K2RbErCl6,4.107816939361572,[-0.5212418985290528, 4.107816939361572]
JVASP-103083,KBaLiZnF6,0.45827198506164546,[0.45827198506164546]
JVASP-103164,K2LiNdBr6,2.485539679534912,[-0.4432561349792481, 2.485539679534912]
JVASP-103167,K2RbRhF6,3.658506636627197,[1.16278100491333, 3.658506636627197]
JVASP-103575,KRb2AuCl6,0.8074015426712036,[0.8074015426712036]
JVASP-105485,K4NaCl5,4.674068098075867,[-0.28238915919494634, 4.355214600570679, 3.9458147335128784, 4.674068098075867]
JVASP-102265,KRb2ScCl6,-0.37011217593383794,[-0.37011217593383794]
JVASP-3981,K4CdP2,-0.05393766879272466,[-1.2013978910369874, -0.05393766879272466, -0.37441968440246587, -0.5350161147041321]
JVASP-103168,K2ScHgF6,1.617070441253662,[-0.11440920352172856, 1.617070441253662]
JVASP-1648,KErTe2,-0.011509175292968798,[-0.011509175292968798]
JVASP-2238,KSnSb,-0.9158605885429383,[-0.9525240015907288, -0.9158605885429383]
JVASP-103172,K2InGaI6,1.7272592830734252,[-0.3779741477890015, 1.7272592830734252]
JVASP-102268,K2RbTaBr6,0.5362690734939575,[-0.4737523746414185, 0.5362690734939575]
JVASP-15625,K2CuF4,5.3367732811050415,[2.3956947374420166, 5.3367732811050415]
JVASP-102412,KRb2AlF6,0.2766411352233886,[0.2766411352233886]
JVASP-103174,K2DyAuCl6,2.461682920463562,[0.07933056832122798, 2.461682920463562]
JVASP-2937,K3Sb2Au3,1.1254414963798522,[-1.1081182908935547, -0.28851174830627446, 1.1254414963798522]
JVASP-16001,K2RhF6,3.967401866920471,[3.254852299697876, 3.967401866920471]
JVASP-105002,K2TlGaBr6,1.885635201938629,[0.22185200930404658, 1.885635201938629]
JVASP-102413,KRb2IrF6,1.3681905317382812,[1.3681905317382812]
JVASP-101570,K3Ca,-1.8493988466186524,[-1.8493988466186524, -2.140711541168213, -1.9018168401641846]
JVASP-106304,K2Ag,-0.901221508972168,[-2.3731059980316163, -0.901221508972168]
JVASP-101571,K3Ba,-1.752326006881714,[-1.752326006881714, -2.1137676191253663, -2.2828643274230958]
JVASP-105008,KTlCl3,2.386239175804138,[0.43140054226684565, 2.386239175804138]
JVASP-100983,K3Na,-2.044461960784912,[-2.082972760192871, -2.1423275422973633, -2.044461960784912]
JVASP-22570,K3MoF6,3.0868432569580078,[0.019474272735595655, 1.2393972921447753, 3.0868432569580078]
JVASP-105010,K3AsF6,7.2161033201293945,[0.29183960438537593, 4.060442452438354, 7.2161033201293945]
JVASP-2349,KLiTe,0.9866718101577758,[-0.9354695033950806, 0.9866718101577758]
JVASP-105012,K2NaSbF6,3.163278107650757,[0.4951129007415771, 3.163278107650757]
JVASP-104536,KRb2LuCl6,-0.2637638997955323,[-0.2637638997955323]
JVASP-104537,KRb2TlCl6,1.2091586637573242,[1.2091586637573242]
JVASP-1486,KPrO2,0.4888451147155761,[0.4888451147155761]
JVASP-105016,K2ScAgBr6,2.326031689651489,[-0.09866356372070317, 2.326031689651489]
JVASP-106458,K2RbPrCl6,3.344226603515625,[-0.5746910524291993, 3.344226603515625]
JVASP-15801,KHgAs,0.9123337316589355,[-1.1403005075378418, 0.9123337316589355]
JVASP-104953,KBaFe4As4,-1.392362112991333,[-1.392362112991333]
JVASP-105018,K2HgBiCl6,1.7166261720733642,[0.28939426422882075, 1.7166261720733642]
JVASP-106459,K2RbYI6,0.08568418503570552,[-0.8635729503555298, 0.08568418503570552]
JVASP-104787,KNiIO6,3.1877038526611328,[3.1877038526611328]
JVASP-102421,K2RbPrI6,0.2919755029754638,[-0.7342871379776001, 0.2919755029754638]
JVASP-105021,K2TaAgBr6,1.3231101083831787,[-0.2344260167999268, 1.3231101083831787]
JVASP-3021,K2ZnF4,6.138670151241302,[1.8605313348846435, 6.138670151241302]
JVASP-2559,KCuSe,0.8121261048393249,[-0.76357477425766, 0.8121261048393249]
JVASP-105025,K2ScCuCl6,2.36881447315979,[0.19821382046508784, 2.36881447315979]
JVASP-107110,KTlI3,1.5627474832611083,[-0.36483454226684575, 1.5627474832611083]
JVASP-13388,K2TeSe3,0.6627589511947631,[0.1738696146087646, 0.3614730882720947, 0.2567415285186767, 0.4534111070709228, 0.29382145882415767, 0.4794467735366821, 0.4876593399124145, 0.6627589511947631]
JVASP-107056,K3I2Br,14.806474452026368,[0.28792989731597896, 2.5640023994522094, 14.806474452026368]
JVASP-102423,TbKRb2Cl6,-0.15525960444641118,[-0.15525960444641118]
JVASP-2694,KNbS2,-0.22975277423095708,[-0.33434795855712895, -0.22975277423095708]
JVASP-1600,KYO2,0.6917917776184082,[0.6917917776184082]
JVASP-107111,K2RbIrF6,3.365133528717041,[0.4700691747741699, 3.365133528717041]
JVASP-2565,KZnP,1.0209115195350646,[-1.6901010823173523, 1.0209115195350646]
JVASP-105026,K2AlHgF6,1.9137961912231445,[0.5297672796325683, 1.9137961912231445]
JVASP-2571,K3Cu3P2,2.357047145374298,[-1.5027879428787232, 0.12416935444641108, 2.357047145374298]
JVASP-107112,K2AlInI6,1.0365739512519836,[-0.19934838532638555, 1.0365739512519836]
JVASP-107114,K2TmCuCl6,2.5478240299301147,[-0.07853543280792241, 2.5478240299301147]
JVASP-106669,K2CoF6,5.421571021087646,[4.082778458602905, 5.421571021087646]
JVASP-54955,KMnAg3C6N6,0.8281748342590332,[0.8281748342590332]
JVASP-104732,KTiO2F,2.582301859863281,[2.582301859863281]
JVASP-107115,K2NdCuCl6,2.363583450325012,[-0.14666735648345952, 2.363583450325012]
JVASP-107387,K2CoF4,4.562522654541016,[1.8034985113220214, 4.562522654541016]
JVASP-107117,K2InAgF6,4.151103739746094,[0.8813483762817382, 4.151103739746094]
JVASP-2475,K2HgO2,3.9476208734588623,[0.7078797864990234, 3.9476208734588623]
JVASP-106953,KDyO3,2.2635681676940917,[2.2635681676940917]
JVASP-2478,KZnF3,3.8235966014938354,[3.8235966014938354]
JVASP-107389,KRb2CoF6,2.188633685119629,[2.188633685119629]
JVASP-107118,K2AgAuF6,3.9253028678970336,[2.2120293426589965, 3.9253028678970336]
JVASP-107119,K2AgAsF6,2.6783464002685546,[0.6981942701416015, 2.6783464002685546]
JVASP-106899,K2NaPrF6,3.5970664072113037,[3.5970664072113037, 2.1679229784088134]
JVASP-102432,K2ZnS2,2.3819745826797485,[-0.5939627838058472, 1.2356516170578002, 2.3819745826797485, 1.2805055427627563]
JVASP-104584,K3Zn,-1.5119850587768555,[-2.023026223175049, -2.1504132699890137, -1.5119850587768555]
JVASP-102433,K3VSe4,0.9429352331237792,[-0.8887610387725831, 0.3495469141082763, 0.9429352331237792]
JVASP-106901,K2RbSbCl6,2.4295198965148925,[0.07497549534606929, 2.4295198965148925]
JVASP-53554,KFe2As2,-0.8891799402160645,[-0.8891799402160645]
JVASP-104585,K3Rb,-1.9805026006622315,[-1.9805026006622315, -2.1606435727996827, -2.577000136367798]
JVASP-107179,K2HgAu,0.5973162698822021,[-0.9369811963958741, 0.5973162698822021]
JVASP-106902,K2LiPrI6,0.5431489992218017,[-0.6910681676788331, 0.5431489992218017]
JVASP-107180,K3Na,-1.9435365152282715,[-1.9435365152282715, -2.091461415283203, -2.4185948324127198]
JVASP-104798,K2LiPrCl6,3.9568872499542236,[-0.19578694819641118, 3.9568872499542236]
JVASP-106903,K2RbAlCl6,3.057870392807007,[0.09874773503112788, 3.057870392807007]
JVASP-107627,K2RbNdF6,5.618063693054199,[-0.8453948450012208, 5.618063693054199]
JVASP-104800,K3InI6,3.338895802505493,[-0.2356818866653443, 1.143980865486145, 3.338895802505493]
JVASP-107628,K2RbMoI6,0.35132611275482173,[-0.21865140914154058, 0.35132611275482173]
JVASP-1603,K2Se,1.2810940790252685,[0.16350120783615107, 1.2810940790252685]
JVASP-104639,KTl2CrF6,1.1110854196624755,[1.1110854196624755]
JVASP-104801,K3ErCl6,3.6685173559265136,[-0.5503642511291504, 3.6685173559265136, 3.236044650085449]
JVASP-106906,K2CeAgI6,0.8906390118675231,[-0.6430218768043519, 0.8906390118675231]
JVASP-105080,KRb2AlBr6,-0.11281144141387944,[-0.11281144141387944]
JVASP-107182,KAlO3,2.8957221555786132,[2.8957221555786132]
JVASP-106907,K2AlInCl6,1.396548037536621,[-0.06342863558959966, 1.396548037536621]
JVASP-105081,KRb2AlCl6,-0.07108091830444341,[-0.07108091830444341]
JVASP-106473,KLiSnO2,0.7796502161102294,[-0.399864668838501, 0.7796502161102294]
JVASP-106908,K2HgBiBr6,1.602514629371643,[0.32876778126525874, 1.602514629371643]
JVASP-104803,K2LiSbF6,3.320181374557495,[0.46400499821472163, 3.320181374557495]
JVASP-3030,K2PAu,0.33293366909790034,[-1.434116001121521, -0.5631879520339966, 0.16055751324462886, 0.33293366909790034]
JVASP-104641,KCaI3,0.46783805371093745,[-0.19999575137329106, 0.46783805371093745]
JVASP-106909,K2GaHgF6,1.8968024301605224,[0.6851100969390869, 1.8968024301605224]
JVASP-1264,K2O,8.578006510742188,[-0.2843100976867676, 8.578006510742188]
JVASP-107397,KNa2RuF6,0.9624321508483886,[0.9624321508483886]
JVASP-105088,KCuIO6,3.008645777709961,[3.008645777709961]
JVASP-104804,K2TlAuF6,3.4848671007232666,[1.5143797445373535, 3.4848671007232666]
JVASP-106910,K2HgBiF6,2.2656338262634277,[0.22897792340087886, 2.2656338262634277]
JVASP-107137,K2NaRuF6,2.8974156427459716,[0.9240999269561767, 2.8974156427459716]
JVASP-4143,KBiO2,3.072348361022949,[0.2667653608398437, 3.072348361022949]
JVASP-104805,K2NaAuF6,4.016033296592712,[2.098481302268982, 4.016033296592712]
JVASP-106794,KNbCl6,1.93111277104187,[1.93111277104187]
JVASP-107184,KPb3,-1.6151947927398682,[-1.6151947927398682]
JVASP-107399,K2NaErCl6,3.870418314941406,[-0.33244251727294927, 3.870418314941406]
JVASP-104808,K2CeAgBr6,1.6446601200180053,[-0.38867818831634526, 1.6446601200180053]
JVASP-106408,K3SbBr6,2.138711695678711,[0.19906926632690425, 2.138711695678711, 1.6017604518013]
JVASP-49856,K2Be2O3,29.933701281555177,[-0.6235735368652344, 3.1987712431030273, 4.9941794920043945, 29.933701281555177]
JVASP-104810,K2LaCuCl6,1.7071279335098266,[-0.17021834372711186, 1.7071279335098266]
JVASP-19081,KBO2,5.4205477285461425,[-0.8055932474060059, 0.23400140286254878, 3.0306360769348144, 5.4205477285461425, 4.002350573547363, 4.135707621582031]
JVASP-106409,K3InCl6,5.473029856689453,[0.384836201675415, 3.2989420938568115, 5.473029856689453]
JVASP-2817,K4IrO4,6.417286639221191,[-0.29018210887146, 1.6964499998168945, 2.8090531873779296, 6.417286639221191]
JVASP-105292,K2SnF6,5.607037906654358,[2.440272097595215, 5.607037906654358]
JVASP-106411,K3AsBr6,2.07653832913208,[0.3172376203613281, 2.07653832913208, 1.4478979158477783]
JVASP-107141,K2RbMoBr6,1.3633509922103881,[0.24180472374725337, 1.3633509922103881]
JVASP-106412,K2NaBiBr6,2.216606860168457,[0.11409569264221187, 2.216606860168457]
JVASP-107402,K2BiAuBr6,2.184460406311035,[0.6104445505218505, 2.184460406311035]
JVASP-107403,K2AgAsBr6,2.039125626094818,[0.46680552244949336, 2.039125626094818]
JVASP-106413,K3GaI6,2.1104800748901367,[-0.0966733050270081, 0.9320703196601867, 2.1104800748901367]
JVASP-2820,KLiS,0.9459302473144531,[-0.34972881793212895, 0.9459302473144531]
JVASP-2823,K2CuP,1.717098836906433,[-1.8779460143966675, -1.0627411556167603, 0.9431699562149047, 1.717098836906433]
JVASP-22734,KNbO3,2.890482192047119,[2.890482192047119]
JVASP-106415,K3NdCl6,3.805598740585327,[-0.7280526113433838, 3.805598740585327, 3.0346956300811767]
JVASP-13346,K6Fe2O5,3.069519047744751,[-1.415895695678711, -1.8360731553955079, -0.16654467105102544, 3.069519047744751, 2.413459782608032, 2.8294968652801513]
JVASP-106800,K3SO4F,4.682653193481445,[0.9095211076812744, 4.682653193481445, 3.923293356903076]
JVASP-102734,KLiZn3O4,0.2855489301757812,[0.2855489301757812]
JVASP-1564,KLaO2,-1.0664150667114258,[-1.0664150667114258]
JVASP-4008,K4Br2O,20.928107504852296,[-0.2296265315933228, 1.488574748046875, 2.4077751684265136, 20.928107504852296]
JVASP-106417,K2RbTiF6,0.7866363573150634,[-0.3777961683197022, 0.7866363573150634]
JVASP-102634,K2TaNbO6,4.7615158605651855,[-0.11016058444213872, 4.7615158605651855]
JVASP-1567,KErO2,0.2978351163940429,[0.2978351163940429]
JVASP-52226,KIO2F2,4.4522671747283935,[2.201636796005249, 2.6524829912261962, 3.755897049911499, 4.4522671747283935]
JVASP-106420,K2NaMoCl6,1.554786448486328,[0.05978084088134761, 1.554786448486328]
JVASP-106423,K2AgMoBr6,1.5974965143280029,[0.19045305729675288, 1.5974965143280029]
JVASP-106424,K2AlAgBr6,2.3439092683868408,[0.1870245981292724, 2.3439092683868408]
JVASP-13418,KSiH3,0.22540450573730464,[-0.9412450742645264, -0.9536962461395264, -0.05116533755493169, 0.22540450573730464]
JVASP-2610,K2AgAs,0.8472295451240539,[-1.6575071763916016, -0.8464841794891358, -0.0015523981971741208, 0.8472295451240539]
JVASP-106428,K2LuCuCl6,1.7710529613571167,[0.05088508606719966, 1.7710529613571167]
JVASP-107423,K2SrCl4,2.3422976780014038,[2.3422976780014038, 1.8238461065368652]
JVASP-102737,K4NaCl5,13.474431519515992,[1.881962780960083, 3.6275489378051757, 13.474431519515992, 12.159693245895387]
JVASP-106430,K2AlAuI6,1.965894584663391,[-0.14427673339080815, 1.965894584663391]
JVASP-45381,KCdF3,7.753091340072632,[0.8155112314300537, 7.753091340072632, 3.8930439996795654, 3.3960895586090087]
JVASP-2613,K2AgSb,0.5623665499763488,[-1.7225572419090271, -0.5837916684074402, -0.13406985520553594, 0.5623665499763488]
JVASP-2709,K2PdF6,4.656601433761597,[3.600179915435791, 4.656601433761597]
JVASP-102739,K2Zn3GeAs4,-0.10856264352035527,[-0.9371007037086487, -0.10856264352035527]
JVASP-3045,K2AgP,0.7877168107109069,[-1.6115153980178833, -0.27482902526092534, -0.0321044278068543, 0.7877168107109069]
JVASP-105473,KNa4Cl5,1.1798501062469482,[1.1798501062469482]
JVASP-105474,K2BrCl,19.516114358909608,[1.6508611488418579, 19.516114358909608]
JVASP-2712,KOsF6,3.2404513406829833,[3.2404513406829833]
JVASP-2715,KRuF6,3.7541186857299804,[3.7541186857299804]
JVASP-106637,K2NaPdF6,4.111034159667969,[2.0056445646362304, 4.111034159667969]
JVASP-55514,K4BaU3O12,3.6966631460266113,[-1.0137412500305176, 0.04134583950805659, 3.1005165624694824, 3.6966631460266113]
JVASP-51277,KBIr2,-0.894894833557129,[-0.894894833557129]
JVASP-104882,KMnF3,4.519927506454468,[0.11564350605773921, 4.519927506454468]
JVASP-105179,K3Li,-1.9656028699798584,[-2.0395145368499756, -2.1203253221435547, -1.9656028699798584]
JVASP-104883,KVCl3,1.0815167474822998,[-0.4487009000701905, 1.0815167474822998]
JVASP-2838,K2PtSe2,1.2279846716003417,[-0.34540473937225347, 1.2279846716003417]
JVASP-105181,K3Ga,-1.2756202173156739,[-1.726419205657959, -1.8288295221252442, -1.2756202173156739]
JVASP-58872,K2TeSe3,0.6658580350952148,[0.17005026818084712, 0.35789311409759517, 0.25827968598175044, 0.4568785476760864, 0.2936630296783447, 0.47871804714965815, 0.4813342142181396, 0.6658580350952148]
JVASP-106534,K3Ga,-1.1691605997009278,[-2.0268778753204346, -1.6189327192230225, -1.1691605997009278]
JVASP-105327,K2CrF6,4.345431571014404,[3.068155531890869, 4.345431571014404]
JVASP-105182,K3Ga,-1.1666982126159668,[-1.9626405191345215, -1.8168704461975098, -1.1666982126159668]
JVASP-3060,K4BeP2,0.7070641565399169,[-1.1470025730056763, 0.06105244637298579, -0.305291767112732, 0.7070641565399169]
JVASP-106536,KTmO3,1.4161860990600585,[1.4161860990600585]
JVASP-105186,KMg3,-1.6765520524902344,[-1.6765520524902344]
JVASP-19086,K2CO3,3.76891589642334,[-0.45463346957397466, -0.12621759890747075, 1.829460864074707, 3.76891589642334, 2.9241888570861816, 2.3093864965515136, 1.3177669096069335, 0.09591746807861323]
JVASP-3063,KAuSe,1.0686640787200927,[0.08681130886840815, 1.0686640787200927]
JVASP-106538,KSr3,-1.7833888482971192,[-1.7833888482971192]
JVASP-58881,KInBr3,2.0525178957061767,[0.5638377714233398, 1.0997824716644287, 1.6314947652893066, 2.0525178957061767]
JVASP-102358,K3MoBr6,1.19106948853302,[-0.07073366164398198, 1.19106948853302, 0.9244693565444946]
JVASP-2844,K2Te2Pt,0.6317311573104858,[-0.3560645532531739, 0.6317311573104858]
JVASP-102359,K3DyCl6,3.8221571493225097,[-0.584636921875, 3.8221571493225097, 2.6531333971099853]
JVASP-107660,K2RbBi,-1.0130674791259766,[-1.0392610979003907, -1.0130674791259766]
JVASP-106540,KCa3,-1.192333455078125,[-1.192333455078125]
JVASP-102360,K3CeCl6,4.1991965818481445,[-0.8519020032806397, 1.2888722467498779, 4.1991965818481445]
JVASP-106541,K3Zn,-1.5490472268981934,[-1.912806267730713, -2.210024590484619, -1.5490472268981934]
JVASP-4038,KSb2,-0.07379567145538335,[-1.030575151435852, -0.07379567145538335]
JVASP-106542,K3Rb,-2.179652447692871,[-2.2078044366760254, -2.179652447692871, -2.486067051879883]
JVASP-102361,K3AsCl6,2.921580200202942,[0.5167805004196167, 2.921580200202942, 2.2203145074920654]
JVASP-102362,K2ScTlBr6,0.8082785654144287,[-0.6631734323425293, 0.8082785654144287]
JVASP-107486,K2PdBr6,2.6238016533927917,[1.3947495269851684, 2.6238016533927917]
JVASP-102364,K2NaTaBr6,0.6825902509765625,[-0.6049997758789063, 0.6825902509765625]
JVASP-107101,K2NaYI6,0.47458172322082515,[-0.6931567144317627, 0.47458172322082515]
JVASP-58337,KY2Ti2S2O5,1.0999724912719726,[1.0999724912719726]
JVASP-107102,K2NaAsBr6,1.8988871622161865,[0.1301395940856933, 1.8988871622161865]
JVASP-102365,K2NaAuBr6,1.9919902134017944,[0.6704188633041381, 1.9919902134017944]
JVASP-58993,K3BiTe3,1.4165406274871826,[-0.7834945869369507, -0.6026579093856812, -0.46555947779846196, -0.308079476348877, 0.20099437714385981, 0.2591761398391723, 1.3929609108047485, 0.8891588497238159, 1.4165406274871826, 1.2053239393310546, 0.652769927986145, -0.2361735057754517]
JVASP-15428,KCo2Se2,-0.37328791140747075,[-0.37328791140747075]
JVASP-107105,K2TlInCl6,2.2096734094696044,[0.14869690419006343, 2.2096734094696044]
JVASP-102366,K3PrCl6,3.6256935644226074,[-0.7621605348510743, 3.6256935644226074, 2.7371052551345825]
JVASP-107106,K2NaNdI6,0.3670644807891845,[-0.6297316503448487, 0.3670644807891845]
JVASP-107716,K2NaCrCl6,4.301009421356201,[0.6356174993591308, 4.301009421356201]
JVASP-107107,K2LiSbCl6,2.662747626312256,[0.4039113569335937, 2.662747626312256]
JVASP-107598,K2NaInI6,1.4417436766700744,[-0.17471533536148076, 1.4417436766700744]
JVASP-5299,KBH4,1.3607983636932373,[-1.9226345968170167, -1.7774696302337647, -0.32634925364685063, 1.3607983636932373]
JVASP-1585,KTlO2,1.9426825094299316,[1.9426825094299316]
JVASP-107108,K2LiCeI6,0.5100929784851074,[-0.625859017364502, 0.5100929784851074]
JVASP-107599,K2NaCeBr6,0.9451249885635375,[-0.6344605636520386, 0.9451249885635375]
JVASP-49361,K6CdTe4,1.772751514919281,[-1.1662930202407837, -0.799025053970337, -0.6573546481056214, -0.45240646123123174, -0.2366538000030518, 0.24520600319671626, -0.057438309185028125, 1.772751514919281, 1.4320138740615844, 0.4776467132644653, 0.6756079244689941, 1.0553104925231933]
JVASP-107109,K2LiCeCl6,2.698436980255127,[-0.15737080096435552, 2.698436980255127]
JVASP-107601,K2RbAsBr6,1.872463827140808,[0.278046970375061, 1.872463827140808]
JVASP-107602,K2NaAlCl6,4.100155119903564,[0.17355275631713862, 4.100155119903564]
JVASP-7679,KHgSb,0.9492862272338867,[-1.2950260591430665, 0.9492862272338867]
JVASP-15342,KMnSb,0.7059366750793457,[0.7059366750793457, -1.9711353731079102]
JVASP-107606,K2ScAgI6,1.115814452178955,[-0.53078269480896, 1.115814452178955]
JVASP-107608,K2AgSbF6,2.582573180206299,[0.3771359968261718, 2.582573180206299]
JVASP-8576,K2OsCl4O2,4.396186594970703,[1.7317655134277343, 4.396186594970703]
JVASP-1270,K2S,1.7412517118530273,[0.19250917912292476, 1.7412517118530273]
JVASP-107609,K2AgBiCl6,2.534966235168457,[0.5646543550567626, 2.534966235168457]
JVASP-58905,KSiH3,0.2253968763427734,[-0.9412448358459473, -0.9536960077209473, -0.05116104602050786, 0.2253968763427734]
JVASP-2859,K4HgP2,0.5127124834136962,[-1.061369533531189, 0.022149329193115186, -0.6909996223373414, 0.5127124834136962]
JVASP-107610,K2LaAgCl6,2.1642425108032226,[-0.3606774759216309, 2.1642425108032226]
JVASP-7638,KAgC2,0.2731921720581054,[0.2731921720581054]
JVASP-1594,KScO2,1.0876243162231445,[1.0876243162231445]
JVASP-2862,KLiSe,0.8652751493530273,[-0.38812255381774907, 0.8652751493530273]
JVASP-7639,K3Sb,0.3625731515960693,[-1.5551576566619874, -0.5862221670074463, 0.3625731515960693]
JVASP-2289,K2PtF6,5.014112954147339,[2.6326684999542236, 5.014112954147339]
JVASP-51747,K3ZnH5,3.4959360408859252,[-1.5548413944168091, -1.5328925800247193, 0.13633311272430415, -0.2025262069625855, 2.0988119888381958, 3.4959360408859252]
JVASP-107328,KBiS2,1.159540061958313,[1.159540061958313]
JVASP-7640,KZnSb,-0.08401476859283452,[-0.08401476859283452]
JVASP-38273,KRhO3,1.7021098184661865,[1.7021098184661865]
JVASP-22577,KMnF3,-0.29708361148071294,[-0.29708361148071294]
JVASP-51325,KCaNi2,-1.7546619129104615,[-1.7546619129104615]
JVASP-107332,K2NbO3F,4.571094279296875,[0.28270125866699214, 4.571094279296875]
JVASP-4044,KAuSe2,1.6858855533676147,[0.2472113418655395, 1.6858855533676147]
JVASP-8586,KCl,10.39124632359314,[10.39124632359314]
JVASP-8651,K2PtBr4,1.5863415050582885,[1.1993911314086914, 1.5863415050582885]
JVASP-2652,K2ReF6,3.4586994695739746,[0.7764451551513671, 3.4586994695739746]
JVASP-13104,KAsO2,2.777855639465332,[0.2046625661926269, 0.8842222738342285, 1.645486598022461, 2.777855639465332]
JVASP-51254,KBa2Re,-1.7765523147506714,[-1.7765523147506714]
JVASP-58410,K2CoSe2,0.881434683807373,[-0.4640541028900147, 0.07155490399169917, 0.59539819241333, 0.881434683807373]
JVASP-7642,KAlTe2,0.5720466423110961,[-0.8952301692886353, 0.5720466423110961]
JVASP-5086,KO2,2.947979931838989,[0.3875651407318115, 2.947979931838989]
JVASP-7644,KCdF3,4.051767592437744,[4.051767592437744]
JVASP-8056,KAsF6,3.6774299192504882,[3.6774299192504882]
JVASP-2307,K2TiF6,6.6353304433898925,[2.0748567628936767, 6.6353304433898925]
JVASP-51750,K2H6Pt,4.028766160018921,[-0.34495043276977544, 4.028766160018921]
JVASP-8057,KNbO3,2.414591078765869,[2.414591078765869]
JVASP-51378,KH4F5,4.554779295928955,[1.4313108968811035, 4.554779295928955]
JVASP-51216,KBePt,-0.1544905853195191,[-0.1544905853195191]
JVASP-52410,KAlP4H4O14,1.5622246313171386,[1.5622246313171386]
JVASP-10677,K2UTe3,0.8643677282409667,[-0.6931528997344971, -0.05711650370788579, 0.8643677282409667, 0.53564477444458]
JVASP-7812,KZnAs,-0.444334621421814,[-0.444334621421814]
JVASP-8594,K2SnCl6,3.059932475097656,[1.3755775737838745, 3.059932475097656]
JVASP-8595,K2TeBr6,2.6584423232154846,[0.8799344348983764, 2.6584423232154846]
JVASP-8149,K3P,0.9750090885238647,[-1.5658540677947999, -0.8066153478546143, -1.2451510977668763, -0.26175969361495977, -0.08629667281341558, 0.9750090885238647]
JVASP-52867,KPH2O4,2.3487346220092773,[1.3822600889282226, 2.3487346220092773]
JVASP-14276,K3N,0.08145273209381099,[-1.53786015032959, -1.59588598727417, -0.7695612263603211, -1.0429022860450745, 0.08145273209381099, -1.8625551414413453]
JVASP-11169,K3NbO8,3.537278895385742,[0.834994082458496, 1.8608567762451171, 3.537278895385742]
JVASP-60695,KV3Se2O12,1.865011458404541,[1.7693970251159667, 1.865011458404541]
JVASP-7651,K2CuSb,0.5584492731170654,[-1.647682006351471, -0.8337146592063904, 0.23498678684997554, 0.5584492731170654]
JVASP-12948,KRbS,1.5584611940460205,[-0.7727993678970337, 0.26528490067291255, 1.5584611940460205, 0.5578942346649169]
JVASP-12949,K2TiS3,2.815248732574463,[-0.42375158786010747, 0.8356988477783203, 1.6540467786865234, 2.815248732574463]
JVASP-9106,KGa3,-0.7696165990753174,[-1.4854583692474366, -0.9508871984405518, -0.7696165990753174]
JVASP-22579,KMnF3,-0.8412358713073731,[-0.8412358713073731, -0.8809583139343262]
JVASP-7654,KAuC2,1.3247897672729492,[1.3247897672729492]
JVASP-8812,KNO2,2.072949175842285,[2.072949175842285]
JVASP-8151,KNbSe2,-0.45531868457031255,[-0.45531868457031255, -0.5143005800170899]
JVASP-1462,KCrS2,0.10743642330932612,[0.10743642330932612]
JVASP-7863,KCoO2,2.313246493347168,[0.29327559948730464, 2.313246493347168]
JVASP-11793,K2Mn2O3,0.3377811956481933,[-2.3960840654296875, 0.3377811956481933, -1.6490104150695801, -1.3116795968933106]
JVASP-12469,K2TeBr6,2.5747448253707885,[0.8391962099151611, 1.6188278246002197, 1.5534813451843261, 2.5747448253707885]
JVASP-22580,K3WF6,3.285635237701416,[-0.7632243585510254, -0.4865906190795899, 3.285635237701416]
JVASP-7732,KAg2AsO4,1.2829783010559082,[1.2829783010559082]
JVASP-8115,KNaO,0.7376710224227905,[-0.6726986122055054, 0.7376710224227905]
JVASP-51266,KHg2B,-0.9226531934661866,[-0.9226531934661866]
JVASP-56758,KC2IN2,0.6719367551879882,[0.6719367551879882]
JVASP-4912,K2Se5,1.0696275281982421,[-0.17347919463348394, 0.23656952858734126, -0.08096622943115239, 0.2156956243591308, 0.7473385381774902, 0.7183959531860351, 1.0696275281982421, 0.9869201231079101]
JVASP-76260,K2RbPt,0.4430998611526489,[-1.7707289409561158, -1.7211061668319703, -1.8812020969314576, 0.4430998611526489]
JVASP-8607,KH2N,2.2082669782714843,[-1.272514576904297, 2.2082669782714843]
JVASP-8124,KCeS2,0.46617389202880855,[0.46617389202880855]
JVASP-19111,K2B2S7,0.6836051988677978,[0.16204715252685542, 0.5072758245544433, 0.237924580581665, 0.6836051988677978]
JVASP-55752,K2CoPbN6O12,0.9544298696594238,[0.7403194952087402, 0.9544298696594238]
JVASP-12523,K2TeBr6,2.453097109802246,[0.7645896720962524, 0.9016262340621948, 2.3814728307800292, 2.453097109802246]
JVASP-53229,KCaNb2O6F,2.1171658086853027,[0.4985649633483886, 2.1171658086853027]
JVASP-13114,KPt2S3,0.1869623708801269,[-0.1850187730712891, 0.1869623708801269]
JVASP-8662,KCu4S3,0.3054250526504516,[0.3054250526504516]
JVASP-8127,K2Sn2O3,0.3700032281951904,[-0.4560875844879151, 0.3700032281951904]
JVASP-11129,KPrSiSe4,0.4877429056243896,[-0.02734946726989751, 0.4877429056243896]
JVASP-11006,KAlO2,5.304201369293213,[-1.3700344514770508, -0.2573435258789063, 4.466840987213135, 5.304201369293213]
JVASP-45330,KInGe2O6,1.3544161367492675,[0.41615510464477534, 1.3544161367492675]
JVASP-9172,KAs,0.3093955564575195,[-1.5607823085708619, -1.4947973442001343, -1.182248349182129, -1.1923043680114747, -0.010276074401855517, 0.3093955564575195, -0.6237161111755372, -0.4576885652465821]
JVASP-45407,K3Ta3B2O12,5.862816100128174,[-0.05043100833129888, 1.9775469350891113, 5.862816100128174]
JVASP-10088,KCrP2S7,0.8343079137878417,[0.8343079137878417]
JVASP-10297,K2ZrB2O6,2.0418670225219726,[-0.34181189059448247, 2.0418670225219726]
JVASP-10230,K2P3,0.5634684610443115,[-0.9088957261962891, 0.18293738842773433, -0.0019254636688232907, 0.5634684610443115]
JVASP-10298,K2VAgS4,1.7906248617248535,[-0.0167736959381104, 0.5265884447174072, 1.0255301046447753, 1.7906248617248535]
JVASP-8564,KI,1.71835482598114,[1.71835482598114]
JVASP-10089,K2SrTa2O7,3.3019182729797363,[-0.13447546481323247, 3.3019182729797363]
JVASP-58913,K2Bi8Se13,0.5410568761901855,[0.5242652940826416, 0.5410568761901855]
JVASP-11141,K3GaO3,4.17885447026062,[-1.4144465875549317, -0.5560619783325196, 2.359255318649292, 3.971611981399536, 4.17885447026062, 3.223248486526489]
JVASP-10302,K2GeAs2,1.1920865821914672,[-1.3689627599639893, -1.061206574432373, 0.5171853351669311, 1.1920865821914672]
JVASP-11373,K2VCuS4,1.8698771047668457,[-0.062253231994628955, -0.027794117919921923, 0.9513876485900878, 1.8698771047668457]
JVASP-10231,KNa2BO3,3.590430979736328,[-1.1800696802062989, 3.590430979736328]
JVASP-11375,K2NbAgS4,1.7046883153991699,[0.10887170315551753, 0.5059225606994628, 1.0246861028747558, 1.7046883153991699]
JVASP-8083,KNbO3,2.1534979391174316,[2.1534979391174316]
JVASP-11143,K2NaCuF6,3.7694205093460083,[2.656004791267395, 3.7694205093460083]
JVASP-11108,K2NaTlF6,4.608275179870605,[1.2725703764038085, 4.608275179870605]
JVASP-11376,K2TaAgS4,2.3303089189605712,[-0.060127491943359423, 0.4999787855224609, 0.8795886087493896, 2.3303089189605712]
JVASP-10232,KPS3,0.8686497259216308,[0.3766424703674316, 0.8686497259216308]
JVASP-8084,KCuC2,1.416926388748169,[-1.6723694753570557, 1.416926388748169]
JVASP-51402,KHCO3,1.4664228010253906,[0.7756621885375976, 1.1313388395385742, 1.0677640485839843, 1.4664228010253906]
JVASP-11380,K2VCuSe4,0.696078066833496,[-0.5773193788452149, 0.040548090942382764, 0.08613753796386714, 0.696078066833496]
JVASP-58923,K2HgS2,2.3458696651535034,[-0.42722528695297246, 0.13555390120315547, 0.6219090271072387, 1.8804338026123046, 1.7112757611351013, 2.0170103955345153, 1.5985431718902587, 2.3458696651535034]
JVASP-10189,KCuO,2.633690600402832,[-0.4685152721328736, 0.06563628197479243, 2.186511521347046, 2.633690600402832]
JVASP-56689,KMoPClO5,1.2639968442993164,[0.7239329862670898, 1.2639968442993164]
JVASP-9403,K2SbF5,4.941340928085327,[0.8093860197143554, 2.2805817174987792, 3.6007285165863037, 4.941340928085327]
JVASP-56435,K2SnCl6,3.2546085167007446,[0.9363495159225463, 1.6885045814590454, 2.88952661038208, 3.2546085167007446]
JVASP-12578,KLi2H3O3,0.8793048906402587,[0.05733633518981929, 0.8793048906402587]
JVASP-10537,K3BP2,1.2541649389343261,[-0.3693592500610352, 0.4575622129516601, -0.5656983804626465, 1.2541649389343261, -0.07114624499511724, 0.5055635023193359]
JVASP-19057,KAuS5,0.7814617204742431,[0.3145868825988769, 0.5358059454040527, 0.7814617204742431, 0.4319539117889404]
JVASP-10138,K2P2Pd,0.7424395132141113,[-1.5062358331604004, -0.8476765108032227, 0.7272098112182617, 0.7424395132141113]
JVASP-10471,K2TaCuSe4,0.9064528989868164,[-0.2821681451721192, -0.1451013040466309, -0.019644970886230517, 0.9064528989868164]
JVASP-11184,K2RbPdF5,4.8230745840148925,[1.9666309404449462, 3.4127936410980224, 4.6918747472839355, 4.8230745840148925]
JVASP-10538,K3BAs2,1.3789818334655761,[-0.735804553024292, -0.7365832281036377, -0.27043079852294927, 0.5021522092895507, 0.23807645321655269, 1.3789818334655761]
JVASP-8793,K2NaAs,0.21645236492919917,[-1.7670382809562684, -0.32023792981338506, -1.2588248205108643, 0.21645236492919917]
JVASP-9085,KS,1.1690518903808593,[-0.4474358510894776, -0.16099118708801274, 0.6568856287078857, 0.35359669209289546, 1.1690518903808593, 1.0826318311767578]
JVASP-8748,KClO2,2.4028167772369384,[0.9760575342254638, 2.4028167772369384]
JVASP-10539,K2NaGaP2,0.1236606884078979,[-1.610163445465088, -0.7861697626037598, 0.1236606884078979, -0.612695331565857]
JVASP-51407,KHS,1.9761560010986328,[-0.3152010393066407, 1.9761560010986328]
JVASP-13397,KInBr3,2.0524566817359924,[0.5715311813430786, 1.0929062414245605, 1.6334710764961242, 2.0524566817359924]
JVASP-10541,K2NiP2,0.6167860078887939,[-1.7303671789093018, -1.0002424669189454, 0.5092434930877685, 0.6167860078887939]
JVASP-10475,K2NbCuSe4,0.4643387842254638,[-0.2024104547424317, -0.2586390924377442, 0.04503536701965327, 0.4643387842254638]
JVASP-10688,KVP2S7,0.6389331865386962,[0.6389331865386962]
JVASP-10542,K2NiAs2,0.9029033231811523,[-1.7537107419891358, -1.4306256723327637, 0.2579164552764892, 0.9029033231811523]
JVASP-56914,K2NaBP2,1.0073556947784423,[-0.7677080583496094, 0.09451079846191401, 0.8097081232147216, 1.0073556947784423]
JVASP-10544,K2NaGaAs2,0.3291404295043945,[-1.520041580192566, -1.3710211467666626, 0.3291404295043945, -0.5356118631286622]
JVASP-34197,KNO2,2.065798525817871,[2.065798525817871]
JVASP-8796,KAs2Rh2,-0.7781283807678223,[-0.7781283807678223]
JVASP-10545,K2GeSe3,1.4273715066986083,[-0.21802520274353032, 0.46873808384704585, 1.4273715066986083, 0.3524003076629638]
JVASP-34651,KSbF6,3.0640413808898925,[2.92541528225708, 3.0640413808898925]
JVASP-10478,KLi6TaO6,-1.3831217241210938,[-1.3831217241210938]
JVASP-34544,KCuF3,3.6918429184036254,[2.252869730003357, 3.6918429184036254]
JVASP-34652,KFeF3,1.698695425994873,[1.698695425994873]
JVASP-57540,K3Na2LiTeO6,4.3843984651641845,[-0.8422188711090088, 0.10311699391174312, 1.0938732671813964, 2.9151155996398925, 4.3843984651641845, 4.333786492355347]
JVASP-10546,K2SnSe3,1.2884024429397583,[-0.06170808791351323, 0.400558595664978, 1.2884024429397583, 0.9800330448226928]
JVASP-57480,KLiMnO2,0.5308382558898925,[-1.2272131395263672, 0.5308382558898925]
JVASP-34550,KClO3,3.0390238809661865,[1.694026236541748, 2.1135666418151855, 2.340682034500122, 3.0390238809661865]
JVASP-34313,K2CO3,3.5336759138183593,[-0.12718843936157231, 1.27752709866333, 3.5336759138183593, 1.339853053100586]
JVASP-34452,KTeHOF4,2.078284983642578,[1.5294110822753906, 2.078284983642578]
JVASP-34785,KNaB2H8,-1.0097548913879395,[-1.0097548913879395]
JVASP-12832,KBO2,5.497467761047363,[-0.6786906671447754, 0.10023427487182612, 2.8010900068359375, 5.497467761047363, 4.174163584716797, 3.9400622892456054]
JVASP-11193,K3GeS3,2.741572861679077,[-0.7798712205810547, -0.05239820002746587, 0.7776465463714599, 1.7457616376953125, 2.741572861679077, 0.855098013885498]
JVASP-57147,KCoF3,2.2671878385620117,[2.2671878385620117]
JVASP-34794,KB3H3,-0.23746704577636724,[-1.7841217470092774, -0.23746704577636724]
JVASP-57215,KVS2O8,1.9049484777526855,[1.9049484777526855]
JVASP-11194,K3GeSe3,1.8650085973815917,[-0.750514025680542, -0.2581689309997559, 0.4392906475143432, 1.2472981262283325, 1.8650085973815917, 1.086637263305664]
JVASP-12833,K2B2S7,0.6836051988677978,[0.16204715252685542, 0.5072758245544433, 0.237924580581665, 0.6836051988677978]
JVASP-34262,K4CO4,1.8893277692871093,[-1.5698180150909424, -0.12204193591308599, 1.8893277692871093, 1.3022735166625976]
JVASP-12839,K3GaS3,3.214823250778198,[-0.9109990549011231, -0.8256900262756348, -0.6510237407608033, -0.4481617164535523, 0.5126261758880615, 0.7796387720184326, 2.549411182411194, 3.209363584526062, 3.214823250778198, 1.845327858932495, 1.8251293945388793, 1.8107844638900756]
JVASP-78396,KP,0.8707108545379638,[0.8707108545379638]
JVASP-31597,K2ReH9,5.709382300384521,[-1.432950253479004, -0.9367496919555665, -1.132405991546631, 2.5368549871520996, 3.3870904493408203, 5.709382300384521]
JVASP-36003,KNaICl,2.164811377532959,[2.164811377532959]
JVASP-78411,KN,0.6360788393096923,[0.6360788393096923]
JVASP-77152,K2RbAs,0.7114229250030517,[-2.459155077926636, 0.7114229250030517]
JVASP-78418,KSi,0.2129027891235351,[0.2129027891235351]
JVASP-10461,K2NaAlP2,0.13391519070434565,[-1.9749534082336426, -1.286069149963379, 0.13391519070434565, -0.5981423807067872]
JVASP-24554,K5ThF9,5.94759488583374,[-0.06535362719726567, 0.2014133977966308, 2.2774369764404296, 2.860405211456299, 5.8367018747406005, 4.961424355514526, 4.410187964447021, 5.94759488583374, 4.272125248916626, 4.546166901596069]
JVASP-10583,KHfCuS3,0.7711014795379638,[-0.37226199626159673, 0.7711014795379638]
JVASP-52621,K5As4,-0.20498656748962407,[-1.6110238981170655, -1.1440571498794556, -0.4857741546554566, -0.4682540845794678, -0.20498656748962407]
JVASP-85028,KBaHg2,-1.7408378076477051,[-1.7408378076477051]
JVASP-10585,KCu3S2,0.550558333404541,[-0.27095186232757573, 0.550558333404541]
JVASP-10481,K2NaAlAs2,-0.3556294393463135,[-1.910513157836914, -1.1272408914489747, -0.3556294393463135, -0.8052821111602784]
JVASP-57374,K3VSO3,2.5346200513916015,[-0.7858011674804688, -0.21110367297363286, 0.7646353292541503, 1.892613654144287, 2.479698901184082, 2.5346200513916015]
JVASP-85074,KRb2Na,-2.066303009979248,[-2.066303009979248]
JVASP-78536,KN,0.9604630518035888,[0.9604630518035888, -0.06291818141174321]
JVASP-78426,KGe,-0.3353955697937012,[-0.3353955697937012]
JVASP-57488,K2Li4UO6,2.6249806928710937,[-1.1990139436645508, 2.6249806928710937]
JVASP-78537,KC,5.5930213975982666,[-1.1890616369171143, 5.5930213975982666]
JVASP-49177,KPO3,4.524397616394043,[1.7557933378295898, 4.524397616394043, 3.9022181081848144, 3.502843146331787]
JVASP-57380,KNaMnO2,1.5414607572631835,[-1.6612176847381592, -1.60473870753479, -0.701993222229004, 1.5414607572631835]
JVASP-49179,KMgP3O9,1.821732764251709,[1.478739027984619, 1.821732764251709]
JVASP-78434,KSe,1.2431042242126464,[1.2431042242126464]
JVASP-24591,K2TeI6,1.9866550016479492,[0.5448960113601684, 1.061576251991272, 1.0504074144439697, 1.9866550016479492]
JVASP-57095,KRb2FeF6,1.519369368560791,[1.519369368560791]
JVASP-57827,Yb2KF7,3.568796401031494,[3.568796401031494]
JVASP-78440,KB,0.08194852352905269,[0.08194852352905269]
JVASP-57626,KCrF3,0.5894928026275634,[0.5894928026275634, 0.4430322694854736]
JVASP-57491,K2S,2.0482560443954467,[-1.0373576831741333, 0.7515851306991577, 1.0097261715011596, 0.5192018795089721, 0.6021547365264892, 0.9843820381240844, 2.0482560443954467, 2.0432896661834716]
JVASP-78841,KNO2,1.9004857587890625,[1.9004857587890625]
JVASP-52630,K2O,24.64502501965332,[-0.4631327342910767, 1.1831735420303344, 1.3068201589660644, 24.64502501965332]
JVASP-79123,K3Hg,-1.345299000732422,[-1.841540808670044, -2.1347293805999756, -1.345299000732422]
JVASP-78628,KCN,-0.1686613511962891,[-0.1686613511962891]
JVASP-79233,YbKSe2,0.3497607755737304,[0.3497607755737304]
JVASP-10883,TbKGeS4,0.931283955581665,[0.16677809239196772, 0.931283955581665]
JVASP-34227,K4CO4,2.4354236173706054,[-1.3141024064941407, 0.3241355466918945, 2.4354236173706054, 1.405912165649414]
JVASP-78632,KHS,0.6250507879333496,[0.6250507879333496]
JVASP-50168,KRbO,-0.44510423659515386,[-1.2819708537979126, -0.44510423659515386]
JVASP-11788,K2MnSe2O6,1.876155142791748,[0.6395628500061035, 1.876155142791748]
JVASP-10884,KPrGeSe4,0.6315062093811035,[0.010677580841064405, 0.6315062093811035]
JVASP-10486,K3AlO3,4.478182797439575,[-2.0842416238708497, -0.09176945208740239, 2.1426847028808593, 2.0772254514770507, 4.354097847946167, 4.478182797439575]
JVASP-78819,K2S,1.753326659210205,[0.05589128018188472, 1.753326659210205]
JVASP-36014,KZrS2,-0.6021978807373047,[-0.6021978807373047]
JVASP-10693,K3SbO4,3.8514773893432617,[-0.9266011667175293, 0.6360528516845703, 3.240213637359619, 3.8514773893432617, 2.3034732389526367, 2.4684908437805175]
JVASP-12935,KNaSe,1.1693140912132263,[-0.9279915046615601, 1.11019790650177, 0.8550816226081848, 1.1693140912132263]
JVASP-76783,KHg2Bi,-1.271836514465332,[-1.271836514465332]
JVASP-55596,K4SrU3O12,4.103814368255615,[-1.200063462249756, 0.169215445526123, 4.103814368255615, 2.4119398641662597]
JVASP-12633,KFeS2O8,2.684338335998535,[2.684338335998535]
JVASP-11202,K5CuAs2,0.30566692829895015,[-1.6325017166061402, -1.5576558065338135, -1.014033312789917, -0.7754505824966431, -0.9014107537193299, -0.6880641531867981, 0.24796379090118403, 0.020082836158752393, 0.30566692829895015, 0.09416866780090327]
JVASP-79202,KCeS2,0.4634950208740234,[0.4634950208740234]
JVASP-79290,KSi2Hg,-0.19360333203506475,[-0.19360333203506475]
JVASP-9785,KVCu2S4,0.32754683972167964,[0.19053912640380855, 0.32754683972167964]
JVASP-9709,KAuF4,5.71987796307373,[3.0291883993225097, 5.71987796307373]
JVASP-22536,KSc2F7,3.6328213262634277,[3.6328213262634277]
JVASP-34609,KBrF4,3.0197948265151977,[2.883261804588318, 3.0197948265151977]
JVASP-79528,K3Pd,1.2850830602722167,[-2.2059988927764893, -1.3735341977996827, 1.2850830602722167]
JVASP-79765,KLaTe2,0.1191813993530273,[0.1191813993530273]
JVASP-34632,K2NaNiF6,3.836339240081787,[2.4900295782165527, 3.836339240081787]
JVASP-57772,KOs2O6,1.8326141882019042,[0.10646653652954097, 1.8326141882019042]
JVASP-79211,KPrS2,0.8530261564331054,[0.8530261564331054]
JVASP-55621,K3NaFeCl6,5.334548358924866,[0.23340654850769038, 0.5758407163696289, 0.8397978591995239, 2.519245748527527, 5.334548358924866, 4.410283689506531]
JVASP-34241,KClO3,2.6860854673461914,[2.6860854673461914]
JVASP-79772,KLaS2,0.7820785093383789,[0.7820785093383789]
JVASP-79532,KN,0.6809067773895263,[0.6809067773895263, 0.24673796177673335]
JVASP-10464,KVCu2Se4,-0.06493830203247075,[-0.3363349389953614, -0.06493830203247075]
JVASP-10149,KTcO4,2.3628180074768066,[0.9926016378479003, 2.3628180074768066]
JVASP-79441,YbKS2,0.7973685312347412,[0.7973685312347412]
JVASP-80548,K2NaCd,-2.168224091522217,[-2.334821934692383, -2.168224091522217]
JVASP-10701,K2CO3,3.2782399702148437,[0.05764461041259761, 2.24503779888916, 3.2782399702148437, 1.3180367994384765]
JVASP-34250,K4CO4,2.1770403432922363,[-1.5459234666748047, -0.15627932070922856, 2.1770403432922363, 1.7685401487426757]
JVASP-10150,KSO4,3.6222503233032226,[2.6265108633117675, 3.6222503233032226]
JVASP-10888,K3NaRu2O8,1.741452937133789,[0.27012944699096675, 1.1960799741821289, 1.741452937133789]
JVASP-49185,K2Na4Be2O5,1.5269057798461914,[-1.7376460981292725, -1.328983778945923, -0.4085290384216309, 1.5269057798461914]
JVASP-85153,KEuS2,0.9333245802001953,[0.9333245802001953]
JVASP-79515,KC,5.177437667854309,[-0.7680944156570435, 5.177437667854309]
JVASP-79596,K3Re,-0.05832135199737554,[-1.5849180173797608, -1.7676477384490967, -0.05832135199737554]
JVASP-80612,KNa2Cd,-1.7922239255828858,[-1.7922239255828858]
JVASP-10152,K3SiTe3,1.1301244545059204,[-0.9359968852920533, -0.6187795352859498, -0.06608747958374028, 0.7183806943969726, 1.1301244545059204, 0.9150501537399292]
JVASP-10890,KCr5S8,0.8633787679748535,[0.8633787679748535]
JVASP-57506,K2NClO3,3.581031804092407,[0.516474967010498, 1.355581526763916, 1.6687657880859375, 1.2599237012939453, 1.356842284210205, 1.799065356262207, 2.572212224014282, 3.581031804092407]
JVASP-22539,K2MgF4,4.494543676383972,[3.3177931356506347, 4.494543676383972]
JVASP-80202,K2HgSe,1.3789111423568725,[-0.14156209944915776, 1.3789111423568725]
JVASP-80697,K2NaHg,-1.7430567693634034,[-1.7430567693634034, -2.068912978164673]
JVASP-10153,K2S3,1.3107075738983154,[-0.19224190234375005, 0.2657587575988769, 1.3107075738983154, 1.1722536134796142]
JVASP-11203,K5P2Au,0.826518182762146,[-1.4967918944282532, -1.1700481724662781, 0.2778645205574035, -0.9620533537788392, -0.5506456446571351, -0.9291731667442322, 0.826518182762146, -0.5307542037887574, -0.5250720930023194, -0.23321365832519536]
JVASP-10565,KAg3Se2,0.9320970821456909,[0.1021758365707397, 0.9320970821456909]
JVASP-10704,K2SnAs2S6,0.770430569656372,[0.20541525364685054, 0.770430569656372]
JVASP-10154,K2Se3,0.7724467563705444,[-0.1320601653976441, 0.3754936504440307, 0.7724467563705444, 0.48496449471282954]
JVASP-81768,KNa2P,-0.7978713464660645,[-0.7978713464660645]
JVASP-81666,K2RbAs,-1.0367792200965882,[-1.3279361081047059, -1.0367792200965882]
JVASP-9794,K2LiAlP2,0.12013292790222163,[-2.2113797616882325, -1.3662135553283692, 0.12013292790222163, -0.3428726148529053]
JVASP-80254,K2RbBi,-1.6828489255828858,[-1.6828489255828858, -2.3230667066497803]
JVASP-79608,K3Rh,1.061561112411499,[-2.00254463671875, -1.2688894224090577, 1.061561112411499]
JVASP-11205,K2VAgSe4,0.7116549062805175,[-0.36431669711303716, 0.2583110380249023, 0.3466947126464843, 0.7116549062805175]
JVASP-57777,KCaF3,3.136336092956543,[3.136336092956543]
JVASP-34477,K2ThCu2S4,0.6028924036102294,[-0.5310440015716553, 0.6028924036102294]
JVASP-9428,KCuF3,4.852165465362549,[1.9271025705413818, 4.852165465362549]
JVASP-80132,KNa2As,-1.2808878970069886,[-1.2808878970069886]
JVASP-57834,KNi2S2,0.153790001876831,[0.153790001876831]
JVASP-1145,KCl,11.111865048416139,[11.111865048416139]
JVASP-4891,K2S5,1.6710403013305664,[0.11061525822448726, 0.12441730976867671, 0.21836877346801753, 0.32487798214721675, 0.8615424680786132, 1.386263613708496, 0.9204185056762695, 1.6710403013305664]
JVASP-50864,KLiMnS2,0.21513224125671382,[0.21513224125671382]
JVASP-85242,KSn3Au3,-1.0144281339569092,[-1.2663884115142823, -1.0144281339569092]
JVASP-12437,KInP2S7,0.5634944486694335,[0.5634944486694335]
JVASP-10969,KThCuS3,0.8709707307891845,[0.38695335865783687, 0.8709707307891845]
JVASP-9975,K2CaC2O6,0.7933380651550292,[0.3690311956481933, 0.7933380651550292]
JVASP-81859,K2AgAu,1.49106789112854,[-0.7055044126434327, 1.49106789112854]
JVASP-50442,K2Sr2O3,2.8141658353881835,[-1.5683793973846436, -0.6808085393829346, 2.8141658353881835, 1.0250046300964355]
JVASP-81504,KFe,-1.1294597339553833,[-1.8565646362228394, -1.1294597339553833]
JVASP-11212,KAsSe2,0.8890373754577636,[0.010705714233398389, 0.8178765821533203, 0.20756745816040034, 0.8890373754577636]
JVASP-9978,KCSN,0.8756725835876464,[0.0034892606811522953, 0.542605166442871, 0.8756725835876464, 0.652944808013916]
JVASP-34480,KRb2NiF6,2.0343198824005126,[2.0343198824005126]
JVASP-34370,K3Sb2N2O6F7,3.178387169845581,[1.9541337537841796, 2.5978777456359863, 3.178387169845581]
JVASP-51438,KN3,1.1284153509216308,[1.1284153509216308, 0.3962519216613769]
JVASP-35980,KCoCl3,2.856515889175415,[1.3791487264709472, 2.856515889175415]
JVASP-11362,KPt2Se3,-0.16773914813232427,[-0.38793777941894536, -0.16773914813232427]
JVASP-9983,KSO2F,3.0984580564575195,[1.4323165464477539, 3.0984580564575195]
JVASP-51015,KHO,3.132518773086548,[0.8895707178192138, 3.132518773086548]
JVASP-10570,KSb2Se4,0.6903035688476562,[0.1762511777954101, 0.6903035688476562]
JVASP-35692,KInO2,1.1758163023071289,[1.1758163023071289]
JVASP-1127,KTaO3,3.176858668334961,[3.176858668334961]
JVASP-57852,KNaSO4,4.16170621395874,[1.6354248571472167, 4.16170621395874]
JVASP-57254,K2S2O7,4.335235362060547,[1.843189005859375, 3.1297509718017578, 4.335235362060547, 3.3805058050231933]
JVASP-11161,KRb2RhF6,1.8061535406188964,[1.8061535406188964]
JVASP-57256,KLiCO3,2.827482466705322,[0.018896346099853467, 0.5157969045715332, 1.4714796590881347, 2.827482466705322]
JVASP-11164,K2NaRhF6,3.5499725389556884,[1.7836852121429443, 3.5499725389556884]
JVASP-52150,KY3F10,5.3825767088012695,[5.3825767088012695]
JVASP-11165,K2FeNiC6N6,0.6537296819763183,[-0.7538363885803223, 0.6537296819763183]
JVASP-57564,KSb4F13,2.1370155859069824,[2.1370155859069824]
JVASP-34492,KNaSO4,3.9069743204193115,[1.254970078475952, 3.9069743204193115]
JVASP-10991,K2ZnTe2,1.2893415737228393,[-0.8142725181503296, -0.08932291983795171, 1.1788171577529907, 1.2893415737228393]
JVASP-57512,KLiO,2.1022374677734375,[-0.7410359334869385, 0.10566902638244624, 1.8711020994262695, 2.1022374677734375]
JVASP-35829,KCdSb,-0.42222213267517095,[-1.1273832273406983, -0.42222213267517095]
JVASP-12452,K2PbO3,3.1554882574157714,[0.5226013708190917, 2.04427457333374, 3.1554882574157714, 3.0757486867980957]
JVASP-57783,K2CoS2,0.9532020139770507,[-0.6285631608886719, -0.06408047198486333, 0.6911280202941894, 0.9532020139770507]
JVASP-57632,KPrPdO3,1.850029711730957,[-0.2711098146362305, 1.850029711730957]
JVASP-11450,K2Ni3S4,1.5804014253692626,[0.295969014175415, 0.6273765611724853, 1.5804014253692626, 1.4986462640838623]
JVASP-9101,KO3,7.384228472717285,[0.7511651563720703, 1.5505664396362304, 2.109382395751953, 7.384228472717285]
JVASP-42296,KLi2Mn2O4,0.8177735853271484,[-0.058797116271972705, 0.8177735853271484]
JVASP-41730,KNdGeS4,0.9259874868469238,[0.22372889996337886, 0.9259874868469238]
JVASP-56060,K2SnBr6,2.3954930353240966,[1.0684788274841308, 2.3954930353240966]
JVASP-57571,K2MnF6,4.418483262069702,[3.753474955566406, 3.629589800842285, 4.418483262069702, 3.810070996292114]
JVASP-22668,K4ZnAs2,0.06206214905548091,[-1.3137255859298707, 0.06206214905548091, -0.42750775336456304, 0.044509654052734327]
JVASP-41787,KNaPrTaO5,3.7053873586730957,[-1.0561349344177247, 3.7053873586730957]
JVASP-35704,KTiS2,-0.5847885560913086,[-0.5847885560913086]
JVASP-56828,KMnCl3,3.9799566316680908,[0.6897447156982421, 1.1659696149902343, 3.9799566316680908, 3.6199021387176513]
JVASP-41798,KNaSmTaO5,4.637833838470459,[-0.9861724328918458, 4.637833838470459]
JVASP-57039,KCO2,4.555076842315674,[0.08837771893310542, 0.8954436826782226, 2.6268932867126464, 4.555076842315674]
JVASP-56110,K3Bi,0.25889850140380855,[-1.1810233545227051, -1.1416466188354493, 0.25889850140380855]
JVASP-14104,KInBr4,2.04422688961792,[1.1942402172164917, 2.04422688961792, 1.4763792800979614, 1.711447005279541]
JVASP-35658,KMgH3,-0.7031972360534668,[-0.7031972360534668]
JVASP-58423,KRb2ScF6,0.25660992146301265,[0.25660992146301265]
JVASP-57600,Rb2KCoF6,2.193328862197876,[2.193328862197876]
JVASP-56208,KCo2As2,-0.603062386505127,[-0.603062386505127]
JVASP-21946,KAgF3,4.9566277313308715,[1.8030287075119018, 2.2561219978408813, 4.270650033958435, 4.9566277313308715]
JVASP-58424,KRb2ScF6,0.11359429837036128,[0.11359429837036128]
JVASP-56211,K2SrNb6Cl18,0.9904649305419921,[0.43620348454284663, 0.9904649305419921]
JVASP-59622,K3IrN6O12,7.282012705810547,[2.2616355466918945, 0.2874248075561523, 7.282012705810547]
JVASP-57049,K6CuSi2O8,3.6136698770599365,[-0.2948508214874268, 2.1217644262390136, 2.346733336456299, 2.651808743484497, 3.6136698770599365, 2.6872260618286132]
JVASP-57050,K2GeI6O18,3.1783251810150146,[2.8467443037109375, 3.1783251810150146]
JVASP-22911,K7TaS6O24,5.487083678253174,[1.306471591003418, 2.0976531553344726, 2.8168509054260253, 3.1429626989440917, 4.829661135681152, 4.805128817565918, 5.487083678253174]
JVASP-55008,KTiPSe5,0.2017633962707519,[-0.09240698336791997, 0.2017633962707519]
JVASP-57054,KNaTiO3,3.535123591430664,[-1.236804242126465, 3.535123591430664]
JVASP-35723,KTiS2,-0.6171605539245606,[-0.6171605539245606]
JVASP-21391,K2ZrSi3O9,3.5708353567199707,[0.5212547826843261, 1.178675894744873, 1.7965147543029785, 3.5708353567199707]
JVASP-22923,K7NbS6O24,5.580125575073242,[1.6139180708007812, 2.18562675, 2.983422045715332, 3.414397959716797, 4.315617327697754, 5.580125575073242, 4.46837878704834]
JVASP-57159,KAlF4,8.757736687667848,[2.2285451936798095, 8.757736687667848, 4.29763675213623, 5.67324710369873]
JVASP-56337,K2P3,1.2289190340118408,[-1.0927560281677247, -0.9147927713317872, -0.2894294214172364, 0.03413892269897456, 0.3498473215179443, 1.2289190340118408, 0.4686243581848144, -0.25930571078491216]
JVASP-21878,KUCuS3,0.7374582338409423,[0.00017166615295405308, 0.7374582338409423]
JVASP-22973,K2Li3GaO4,4.688899760253906,[-1.4439680528564454, -1.3179409456176758, -1.1581733179016114, -0.8562543344421387, 2.223029856689453, 4.688899760253906, 2.0619406747894287, 2.278874402053833]
JVASP-56832,KIn6Au4,-1.198972220413208,[-1.198972220413208]
JVASP-23095,KAlTe2,0.12393355847167964,[-0.6945632648391724, -0.748059625617981, -0.6837811422271729, -0.1331231546325684, -0.2863175821228028, -0.22172259806823735, 0.049653058059692334, 0.12393355847167964]
JVASP-22977,K2Hg3Ge2S8,0.72971535206604,[0.35707867623138423, 0.4845486927108764, 0.519855504043579, 0.72971535206604]
JVASP-22989,Tb3KF10,0.9979393529968261,[0.2388403463439941, 0.9979393529968261]
JVASP-36112,KNdS2,0.8728036928253173,[0.8728036928253173]
JVASP-23114,KEr3F10,1.0672709989624023,[0.17923236370849605, 1.0672709989624023]
JVASP-57167,KAuS2O8,3.194098954208374,[2.3443942117767333, 3.194098954208374]
JVASP-36115,KYS2,0.9902045774536132,[0.9902045774536132]
JVASP-22864,K2Li14Zr3O14,-1.6987545442504883,[-1.8997876596374512, -1.6987545442504883]
JVASP-58400,K2HfF6,7.8891286897735595,[1.025505785949707, 7.8891286897735595]
JVASP-21981,KRuO4,1.108405833251953,[0.8165967512207031, 1.108405833251953]
JVASP-36116,KSmSe2,0.5753583955841064,[0.5753583955841064]
JVASP-36117,KLuS2,0.5552828359680175,[0.5552828359680175]
JVASP-58403,KF,5.176090483673096,[5.176090483673096]
JVASP-22042,KLi6IrO6,-0.08079599856567388,[-0.08079599856567388]
JVASP-40945,KNa2Bi,-1.0182437848968506,[-1.0182437848968506]
JVASP-36118,KNaH2,1.110159401901245,[1.110159401901245]
JVASP-40946,KPuO3,-0.6967680406494141,[-0.6967680406494141]
JVASP-14063,KHgF3,4.53240728855896,[0.9500341463165283, 1.6083494472579956, 1.6996578025894165, 4.53240728855896]
JVASP-52768,K2NaVOF5,3.9439504194335937,[0.7127625989990234, 3.9439504194335937]
JVASP-40948,KAcTe2,-0.4540302705688477,[-0.4540302705688477]
JVASP-35908,KCdAs,0.01665431738662715,[-1.158204729549408, 0.01665431738662715]
JVASP-58319,K2HgC4N4,2.090184454925537,[-0.4677197885437012, -0.12292551516723638, 0.5320427465515136, 2.090184454925537]
JVASP-57178,KNaMg2Si4O10F2,0.052758460052490186,[0.052758460052490186]
JVASP-35909,KMgP,-0.9256735992355347,[-1.4335046958847046, -0.9256735992355347]
JVASP-35911,KMnBi,0.4911150980072021,[-1.4411616277618409, 0.4911150980072021]
JVASP-23802,K3NaS2O8,4.255651001937866,[1.3394827890472412, 3.8948683786468505, 4.255651001937866]
JVASP-54374,K2Ge2Pb2O7,1.3433201360778808,[0.4788641977386474, 1.3433201360778808]
JVASP-58322,KLiSO4,3.905997042663574,[1.5319888639526367, 3.905997042663574]
JVASP-35057,KMgAs,-1.0593106698913575,[-1.5042582702560425, -1.0593106698913575]
JVASP-58324,KLiSO4,4.186200385101318,[1.4660093832092285, 4.186200385101318]
JVASP-21858,KRb2GaF6,0.723851208694458,[0.723851208694458]
JVASP-35371,K2PuO4,2.347966437347412,[-0.21258043765258794, 2.347966437347412]
JVASP-23725,KFe2S3,1.130345349319458,[0.16645670414733882, 1.130345349319458]
JVASP-58327,K2ZnC4N4,1.021552805908203,[-0.44735455035400395, -0.00705074786376958, 0.5784690427856445, 1.021552805908203]
JVASP-14253,KAlS2O8,2.639596705444336,[2.639596705444336]
JVASP-23534,KIn2Au4,-0.066860313407898,[-1.256478781692505, -0.066860313407898]
JVASP-23980,KHF2,7.7068822431640625,[0.8299100446777343, 7.7068822431640625]
JVASP-54433,KTeOF3,2.530191664703369,[1.627396826751709, 2.530191664703369]
JVASP-23988,KPH2O4,5.882106547363281,[1.1431376981811523, 5.882106547363281]
JVASP-21866,K3YF6,5.798691277511597,[-0.47890829562377935, 5.546319727905273, 5.798691277511597, 4.088967804916382, 4.115880255706787, 4.6384007978515625]
JVASP-23542,KPb2,-0.36954056739044194,[-1.0031734657211304, -1.3192204189224244, -1.1782232475204468, -0.36954056739044194]
JVASP-52780,K3ReH6,2.3427469778137207,[-1.51037573336792, -0.5417554330749512, 2.3427469778137207]
JVASP-21477,KBePO4,4.335116629608154,[1.5251057195739746, 4.335116629608154, 3.3700578260498046, 3.3605334806518554]
JVASP-24023,KB6H6,1.1756560850219726,[-0.8660385560913086, 1.1756560850219726]
JVASP-35374,K2NpO4,3.532038931854248,[1.7930257368164062, 3.532038931854248]
JVASP-42082,KPAuSe3,0.708101992614746,[0.26722741604614253, 0.708101992614746]
JVASP-21028,K2NbF7,7.245239977844238,[1.399696116455078, 1.4749362516479492, 2.4200220155792236, 2.4707512903289794, 4.740257983215332, 5.394778018005371, 6.870626215942383, 7.245239977844238]
JVASP-30990,KAlH4,-0.11095785617065435,[-1.5512654733581543, -1.108548398010254, -0.5078413438720704, -0.11095785617065435]
JVASP-13969,KSnS2,0.46539712429809565,[0.46539712429809565]
JVASP-23622,K5Pb24,-0.24881708144378667,[-0.6593123626632691, -1.2425286722106934, -1.380171532623291, -1.3162792873306275, -0.24881708144378667]
JVASP-51552,K3VO4,1.9334237623291015,[-0.6108972978515625, 1.9334237623291015, 1.477076773651123]
JVASP-35642,KWO3,0.6009681272583007,[0.6009681272583007]
JVASP-20218,KO2,1.1675503301696777,[1.1675503301696777]
JVASP-26352,KSbO3,3.5927608060913085,[0.8426792669372558, 3.5927608060913085]
JVASP-25641,K5V3F14,5.5258591222839355,[0.23759913922119136, 0.7337887334899902, 1.1280629682617187, 2.623955969818115, 0.4462654638366699, 1.0563628721313476, 1.7420988130645751, 2.9109907198028564, 5.5258591222839355, 5.450047736175537]
JVASP-23881,K4Al3Si3ClO12,6.2668869543151855,[0.3821547079162597, 0.27453637600708003, 1.5807154226379394, 6.2668869543151855, 3.795948271759033, 1.8767082738952636, 4.06821895123291, 3.7543094205932617]
JVASP-35067,KMgBi,-1.0339743447227479,[-1.4403896880073548, -1.0339743447227479]
JVASP-24992,K2RbMn2F7,5.166571621902466,[0.43072557926940913, 5.166571621902466]
JVASP-25601,KCu4AsS4,0.3209304857330322,[0.007319693572997998, 0.3209304857330322]
JVASP-42046,K2InP2S7,1.2772362279968261,[0.31704783917236323, 0.34143233776855464, 1.024242644317627, 1.2772362279968261]
JVASP-25602,KNiIO6,3.071289544113159,[3.071289544113159]
JVASP-54839,K2MnNb6Cl18,0.9311299371795654,[0.375864033706665, 0.9311299371795654]
JVASP-25806,K5V3O10,3.740837340362549,[-0.27961420535278325, -0.08163713931274419, -0.10065292834472661, 0.1905772733764648, -0.1949193429870606, 0.5400793600158691, 0.4556677389221191, 1.39782739163208, 0.4525530386047363, 1.802297835357666, 1.5165894079284667, 2.2570812749938964, 2.0161850500183105, 3.740837340362549, 3.233489756591797, 1.5235021162109375, 3.0253989744262695, 1.4156043577270507, 2.242575411804199, 2.7286078977661132]
JVASP-25605,KCaAl2F9,4.730917935379028,[0.8454880762176513, 1.8982524919586181, 0.891352896697998, 4.0698044347839355, 2.1038413095550537, 4.730917935379028]
JVASP-25807,K2Si3SnO9,2.005979304321289,[0.6307957220153808, 1.4038527059631347, 1.4831416654663085, 2.005979304321289]
JVASP-23940,K3B6BrO10,4.1119444418029785,[-0.15111612796020513, 2.03121304989624, 4.1119444418029785]
JVASP-23021,K3PS4,1.1446456956939697,[-0.6054351282043458, -0.6807181787414551, -0.22550844668579106, -0.24366068362426763, 0.6645083475189208, 1.0170316743927001, 0.6178815412597656, 1.1384551572875976, 1.0455179262237548, 0.9453930902557373, 0.9133935022430419, 1.1446456956939697]
JVASP-21127,KRb2TiF6,-0.2760794114990235,[-0.2760794114990235]
JVASP-4507,KNO3,3.0452406454162597,[3.0452406454162597]
JVASP-14049,KAuBr4,2.5463130521850585,[1.681035583026886, 1.6417468237953186, 2.2442439842300415, 2.5463130521850585]
JVASP-42048,KTl3,-1.5947611284179688,[-1.5947611284179688, -1.6796696138305665]
JVASP-26362,KNb4O5F,0.9379150915222167,[0.9379150915222167]
JVASP-41550,KSrCO3F,1.1767051267700195,[1.1767051267700195]
JVASP-54849,KSnSe2,0.5161335516052246,[-0.48374700068664556, 0.5161335516052246]
JVASP-59670,K2CdC4N4,1.0160539197998046,[-0.39760994433593755, -0.2433826875610352, 0.4965350675659179, 1.0160539197998046]
JVASP-25609,K3PO4,4.332061057098389,[-0.577824349395752, -0.2647321176452637, 0.4150960493164062, 2.2929303693847656, 4.034584288604736, 4.332061057098389, 3.2666456747131347, 2.8621838140563964, 2.850109343536377, 3.0408031988220214, 1.585569148071289, 0.84352469921875]
JVASP-40929,KZn4Sb3O12,1.7396283197479248,[1.7396283197479248]
JVASP-21161,KLiBeF4,4.702883486755371,[0.7803881216125488, 4.702883486755371]
JVASP-25611,KBa4Sb3O,-1.177051062576294,[-1.177051062576294, -1.5889801931304932]
JVASP-57080,K2NaTlO3,2.8065292882995605,[-0.646493668548584, -0.16070198535156255, 0.03289509297180171, 0.8849716234283447, 2.8065292882995605, 2.6027567434387207, 2.1297240305023193, 2.0560884523468017]
JVASP-25722,K2SnAu2S4,1.2838249254302978,[0.3349757242279052, 0.6242845106201171, 0.8069329309539794, 1.2838249254302978]
JVASP-57083,KTl2MoF6,0.42806077481079097,[0.42806077481079097]
JVASP-25743,KVF3,0.19170094013977046,[0.19170094013977046]
JVASP-40624,K2Rh2O5,1.8908414888458251,[0.8642404127197265, 1.8908414888458251]
JVASP-39265,K3Sc,-1.377427096359253,[-1.6229534101409913, -1.377427096359253, -2.2665789079589844]
JVASP-25773,K2MnF6,4.1998398351745605,[3.6077215719299316, 4.1998398351745605]
JVASP-57085,K3SmAs2S8,1.706162695892334,[0.18158722401428218, 0.39306784153747554, 0.6725273180084228, 0.6798090982513427, 0.8991863775329589, 1.706162695892334]
JVASP-25616,K2ScSi4O10F,5.016498808868408,[0.4370186376647949, 1.6286156225280761, 3.869741683013916, 5.016498808868408]
JVASP-39425,KSiO3,2.7374579954223632,[2.7374579954223632]
JVASP-39426,KTm,-2.5390541505737305,[-2.5390541505737305]
JVASP-40422,KYSiS4,0.6526868391113281,[0.012464766510009717, 0.6526868391113281]
JVASP-24905,K2CdAu4S4,0.8307427215652465,[-0.12954806803894048, 0.32348728657531733, 0.6212400245742797, 0.8307427215652465]
JVASP-38213,KPtO3,1.1383612203674316,[1.1383612203674316]
JVASP-26431,K3MoF6,3.3011233854370117,[0.03907180310058589, 1.2459714460449218, 3.3011233854370117]
JVASP-25619,KSnSO4F,2.44118619442749,[1.3459112691955566, 2.44118619442749]
JVASP-40428,KYGeS4,0.8087437200622558,[0.19187903881835933, 0.8087437200622558]
JVASP-40047,KTl2Bi,-1.1208114576263428,[-1.1208114576263428]
JVASP-57086,KTiPS5,0.8444542932586669,[0.31911373616027827, 0.8444542932586669]
JVASP-38169,K3Tl,-1.20652412890625,[-1.5123636674804688, -1.943953270904541, -1.20652412890625]
JVASP-25015,K4SnSb2F14,3.9711382436828613,[1.3090105104522705, 2.306634192474365, 3.021764044769287, 3.9711382436828613]
JVASP-31013,K2MgF4,4.475204472549438,[3.317112689025879, 4.475204472549438]
JVASP-40367,K4P2PdS8,0.9384872961120605,[0.31134701252746577, 0.4031941938476562, 0.8885185766296386, 0.9384872961120605]
JVASP-25017,KNaPrNbO5,3.149578337677002,[-0.6292560052795411, 3.149578337677002]
JVASP-39273,K3Sm,-1.636542553894043,[-2.1430861902160645, -1.636542553894043, -2.3787028741760254]
JVASP-39230,KBeO3,0.7674534368591308,[0.7674534368591308]
JVASP-40429,K2SbAu,0.4502562332229614,[-1.476178283683777, -0.4282078695220948, 0.2765116739349365, 0.4502562332229614]
JVASP-39194,KLu,-2.459389920227051,[-2.459389920227051]
JVASP-25021,K5AuI2O2,3.8234665441589355,[-0.7296261739654542, -0.17240809916687017, -0.37100564955902104, 1.020755414970398, 1.9232447195129394, 2.3718557405548095, 2.2802135396080017, 3.710487668521881, 3.8234665441589355, 3.3473928022460937]
JVASP-25623,K3NaUC3O11,2.424530272491455,[0.2201201963500976, 1.3063666868286132, 0.7675926733093261, 1.723710303314209, 2.424530272491455, 1.357370619781494]
JVASP-23195,K2SrV4O12,1.4352166700439453,[0.7307989645080566, 0.6695311117248535, 1.4352166700439453, 1.3236491727905273]
JVASP-38178,K2H4Pt,5.061067585952759,[-1.768535609237671, 2.2871480035858154, 0.40665007115173335, 5.061067585952759]
JVASP-38534,KTi2F7,0.933565859802246,[0.933565859802246]
JVASP-38655,K2PtC2,3.82834554196167,[-0.6766560029907227, 3.82834554196167]
JVASP-39199,K3Zr,-1.5965897989196778,[-1.5965897989196778, -1.6162345361633301, -1.694690461151123]
JVASP-23785,KCeSe4,0.09197926998901362,[-0.2497293901367188, 0.09197926998901362]
JVASP-15876,KCu4Se3,0.12217110873031611,[0.12217110873031611]
JVASP-39434,KH8N3,0.6923348951416015,[-0.48261475085449224, 0.6923348951416015]
JVASP-26485,K3Mn2F7,6.351578955657959,[0.23069119931030269, 5.380368475921631, 6.351578955657959]
JVASP-26494,KRb2MoF6,0.058022503860473584,[0.058022503860473584]
JVASP-38429,K3Ir,2.8934881734924316,[-2.1839840364379883, -1.7872443151397706, -0.29007279395294194, -1.4512914371414185, -0.06648182391357427, 2.8934881734924316]
JVASP-26510,K2NaCrF6,4.063724999435425,[1.0345921564178466, 4.063724999435425]
JVASP-39201,KTcO3,1.009005312927246,[1.009005312927246]
JVASP-39242,K3V,-1.431980843536377,[-3.0931761217041016, -1.431980843536377, -1.5696430158538819]
JVASP-26654,K2ZnSi2O6,3.006486659057617,[0.8803045797424316, 2.4800875234680175, 3.006486659057617, 1.9489991712646484]
JVASP-39243,K3W,-0.9074134778900147,[-2.0916316461486817, -0.9074134778900147, -2.4712910604400635]
JVASP-59567,K3Fe2O4,3.4252407598571777,[-0.2383179616851807, -0.1073956441802979, 0.029981141098022412, 0.45952415943908687, 1.4810679006652832, 3.4252407598571777]
JVASP-38436,K3Pr,-1.6369843435211182,[-1.6369843435211182, -2.6032819700164795, -1.9057438325805665, -2.5903308343811036, -2.1245741796417237, -1.7997169446868897]
JVASP-35231,K2Sn,0.2159998464660644,[-1.5471383285446167, 0.2159998464660644]
JVASP-39396,KRuO3,1.4179732847290039,[1.4179732847290039]
JVASP-39397,KScO3,3.072512393005371,[3.072512393005371]
JVASP-39204,K3Y,-1.3471319627685547,[-2.0701491784973145, -1.3471319627685547, -2.2228156280441285]
JVASP-25625,KRb2VF6,-0.4401617002410889,[-0.4401617002410889]
JVASP-38502,K2RbSb,-0.7009801816864014,[-0.7009801816864014, -1.139822001449585]
JVASP-26666,K3WF6,3.684230332382202,[-0.6934764337463379, -0.5554282617492676, 3.684230332382202]
JVASP-39289,K3Sr,-1.839871640197754,[-2.006115193359375, -1.839871640197754, -2.618649716369629]
JVASP-39206,KSr3,-0.7624361467285157,[-0.7624361467285157]
JVASP-38597,K3Co,2.8054479408340454,[-2.2849364232940674, -2.1609411191864014, -0.7280187559051514, -2.2072014760894776, -1.5241507244033814, 2.8054479408340454]
JVASP-26682,K3Co2F7,5.715734009750366,[1.6759579229431152, 2.8586065816955566, 5.715734009750366]
JVASP-40430,K2SrCdSb2,-0.65535944222641,[-1.5233147692604065, -1.5609007430000306, -0.65535944222641, -0.9148356270713807]
JVASP-38182,KSr3,-1.9567201089782715,[-1.9567201089782715]
JVASP-26688,K3YB2O6,4.558197264678955,[-0.7236483049316407, 0.06336665631103511, 4.558197264678955, 3.819277052886963, 2.062826876647949, 4.292466883666992]
JVASP-39509,KBaSn,-2.363006825439453,[-2.363006825439453]
JVASP-15956,KMnTe2,-0.12807726382446294,[-0.12807726382446294]
JVASP-56862,KCu2Se2,0.2627998042182922,[0.2627998042182922]
JVASP-39479,K2Al2O3F2,5.509471659667969,[-0.054783577911377, 5.257099394805908, 3.142371897705078, 5.509471659667969]
JVASP-39402,KNaO3,0.9548535394744873,[0.9548535394744873]
JVASP-38604,K3Ag,-1.282043452255249,[-2.199263329498291, -1.7325527620239258, -1.282043452255249]
JVASP-39293,K3Sr,-1.7701637697143555,[-1.9358551454467774, -1.7701637697143555, -2.362044091217041]
JVASP-39405,K3Mo,-1.0439245653076172,[-2.466918463699341, -1.0439245653076172, -2.0568090629501343]
JVASP-39254,KReO3,0.5472424078063964,[0.5472424078063964]
JVASP-38513,K3Sm,-1.633246417037964,[-1.6825783204956055, -2.538242573730469, -1.939579958908081, -2.5955376577301026, -2.0765719365997315, -1.633246417037964]
JVASP-38192,KBeH3,-0.5832073640747071,[-1.6200931024475098, -1.1253879022521973, -1.5996143770141602, -0.5832073640747071]
JVASP-26176,K2PaF7,4.0857627439575195,[0.8052542257385253, 1.5342600393371582, 3.704494242675781, 4.0857627439575195]
JVASP-39343,KErO3,1.9055440473632812,[1.9055440473632812]
JVASP-21373,KRb2ScF6,0.5449693250732421,[0.028285269744873, 0.5449693250732421]
JVASP-37014,K2O,14.87111282826233,[-1.3493469905776978, 0.5367852497177124, 2.306544308670044, 14.87111282826233]
JVASP-37015,K2O,15.010863904960633,[-1.2329139661712647, 0.613605504043579, 2.1547755050735473, 15.010863904960633]
JVASP-37016,KO2,2.4513824033813476,[0.4060618925170898, 0.6590344953613281, 1.0499770689086914, 2.4513824033813476]
JVASP-39489,K4Hf5O12,3.6155178594665527,[-1.056647534362793, -0.41944384097290044, 3.6155178594665527, 2.4987051534729003]
JVASP-36973,KGeBr3,1.5519776392059326,[0.49921203137207026, 1.5519776392059326]
JVASP-38514,K3Sr,-1.7799355935974122,[-1.7799355935974122, -2.2345397424621583, -2.003972048751831, -2.185288901321411, -2.363969321243286, -1.7930006933135987]
JVASP-37017,KO,4.847497706420898,[-0.4371967267913819, 0.1561999368743896, 0.779895548828125, 1.292945628173828, 1.766427760131836, 4.847497706420898]
JVASP-40432,K2BaCdSb2,-0.5883371782226563,[-1.5304086160583497, -1.611686940185547, -0.5883371782226563, -1.0035664987487793]
JVASP-38567,K3Y,-1.2268577766342164,[-1.328119153968811, -2.468664283744812, -2.0051047754211426, -2.1243736696166993, -1.9453283500595093, -1.2268577766342164]
JVASP-12846,K2B2Se7,0.3047716665344238,[-0.021506066314697314, -0.1304347467346192, 0.19102788449096675, 0.3047716665344238]
JVASP-57800,KCuF3,4.774728302963257,[2.140754227645874, 4.774728302963257]
JVASP-51026,KHO,2.963024859436035,[0.9137208509521484, 2.963024859436035]
JVASP-57802,KFeF4,4.918477301605225,[3.657647376068115, 4.918477301605225]
JVASP-78360,KS,1.8599182415084838,[1.8599182415084838]
JVASP-12800,K3AlTe3,1.5776991891937255,[-1.1026711416168213, -0.7440030527038575, -0.8559178066177369, -0.846166486732483, 0.31608844281005855, 0.0814018297271728, 0.4271938848571777, 1.1412992525177001, 1.2435171651916503, 0.9262969541625976, 1.5776991891937255, 1.4456000375823974]
JVASP-10105,K3NaP2O6F2,5.073580031402588,[1.2535231161193847, 3.479264502532959, 5.073580031402588]
JVASP-10106,K4SnO4,4.566548113830566,[-0.9589426469726563, -0.502356762878418, 1.3297202634887695, 3.895110850341797, 2.7920148420410156, 3.6574628400878906, 3.918110136993408, 4.566548113830566]
JVASP-77270,K2AgAu,1.49106789112854,[-0.7055044126434327, 1.49106789112854]
JVASP-78382,KP,0.8704862642364501,[0.8704862642364501]
JVASP-78391,KS,7.7469213056640625,[7.7469213056640625]
JVASP-11683,KScMo2O8,1.282938246734619,[1.282938246734619]
JVASP-57814,K2YNb5O15,1.3254969167785644,[1.131770377166748, 1.3254969167785644]
JVASP-37690,KBiO3,2.846444849975586,[2.846444849975586]
JVASP-38635,KF2,6.4915838885383605,[3.398662750728607, 6.4915838885383605]
JVASP-38209,KPr3,-3.245694632522583,[-3.245694632522583]
JVASP-5011,KMnP,-1.5814380597991944,[-1.7315072965545655, -1.5814380597991944]
JVASP-37759,KCaO3,0.6646206426696777,[0.6646206426696777]
JVASP-35212,KLiICl,2.0607248592453002,[2.0607248592453002]
JVASP-14056,KAuSe5,0.5887951898651123,[0.3526827144699096, 0.23461235047149653, 0.16360283375549312, 0.5887951898651123]
JVASP-38578,K3Nb,0.16903406859207148,[-2.0871448469085694, -2.2939512681884766, -1.908474082939148, -2.1171163272781373, -1.8547868084831238, 0.16903406859207148]
JVASP-37627,TbKO3,2.0676095533447265,[2.0676095533447265]
JVASP-36725,KCaSiHO4,3.108854537017822,[3.108854537017822, 1.8084290075378417]
JVASP-37768,K3Cd,-1.4637677621765137,[-1.8410966348571778, -2.14563488482666, -1.4637677621765137]
JVASP-36728,KBaSiHO4,3.4209935712890625,[0.1568257856445312, 3.4209935712890625]
JVASP-40763,KBaP,-2.5306432199401856,[-2.5306432199401856]
JVASP-36788,KAuO2,3.701871161468506,[1.349332575805664, 3.701871161468506]
JVASP-35179,KNO3,5.252849345214844,[1.3404696035461425, 1.9661123800354003, 2.8292548704223632, 5.252849345214844]
JVASP-35258,K2CuCl2F2,4.772103195198059,[1.3078131723480224, 3.082876210220337, 2.715156559951782, 4.772103195198059]
JVASP-37699,KNd3,-3.2641905498428345,[-3.2641905498428345]
JVASP-36957,KAgBr3,1.6203365373687744,[1.6203365373687744]
JVASP-40166,KPPdS4,0.8499319601135253,[0.44658303738403315, 0.6193277883605957, 0.8499319601135253, 0.7959959554748535]
JVASP-36842,KAgO2,3.4768511104660034,[1.8882027912216186, 3.4768511104660034]
JVASP-36961,KCaBr3,3.821310286529541,[0.4062902975158691, 3.821310286529541]
JVASP-36962,KCaCl3,1.5791494894104003,[1.5791494894104003]
JVASP-37013,KO3,2.9333486604766845,[2.9333486604766845]
JVASP-36899,KGeCl3,1.0392987775878906,[1.0392987775878906]
JVASP-37751,K3Cd,-1.2230336618347168,[-2.148288960449219, -2.050764317504883, -1.2230336618347168]
JVASP-36925,KCrCl3,1.244154696472168,[0.23752284527587886, 1.244154696472168]
JVASP-37073,TbKS2,0.6754505682067871,[0.6754505682067871]
JVASP-4471,KPF6,3.629561190612793,[3.629561190612793]
JVASP-36927,KGeBr3,0.7802448916511535,[0.7802448916511535]
JVASP-36991,KCaBr3,0.29547477246093745,[0.29547477246093745]
JVASP-14011,KCN,-0.25365662097167974,[-0.25365662097167974]
JVASP-36992,KAgCl3,3.10247564793396,[1.317070727355957, 3.10247564793396]
JVASP-34675,K3ReClF6,3.9800474691467285,[0.1101329374389648, 1.3315465498046875, 1.7327776002960205, 2.0471129465179443, 2.8452189016418457, 3.9800474691467285]
JVASP-27542,KInGe2O6,1.3549411344604492,[0.41565061093139644, 1.3549411344604492]
JVASP-49344,K3SbSe3,1.8698885488586425,[-0.5624757957382203, -0.23773467063140874, -0.25103711604309087, 0.04895639897155757, 0.1620123434143066, 0.6543662595825195, 0.5400871086196899, 0.9939247417526245, 1.1672239351348876, 1.8698885488586425, 1.143255596168518, 1.492843990333557]
JVASP-49218,KBS2,1.3779923963623046,[-0.20835995196533208, 0.00820041180419917, 0.3830089616851806, 0.6945710229949951, 1.3779923963623046, 1.263970141418457]
JVASP-59016,K3BiO3,4.633800272949219,[-0.4548189592285157, -0.5129640054626465, -0.2335560274047852, 0.740657095916748, 0.9718396711425781, 3.215824847229004, 3.2695510435180664, 3.7484872388916015, 2.4297363805847167, 2.4906909513549804, 2.996068243988037, 4.633800272949219]
JVASP-39259,KRb3,-2.1614580106658936,[-2.1614580106658936]
JVASP-55721,K3B12H12I,1.9680917310791015,[-0.7059471559448243, -0.04811787127685552, 1.9680917310791015]
JVASP-10240,KAlSiO4,2.075080637939453,[2.075080637939453, 1.5673072385864257]
JVASP-10273,K2MnS2,2.2075343179779052,[-0.8716742944641114, 0.2927382040100097, 1.91691017628479, 2.2075343179779052]
JVASP-55939,K4Zr5O12,2.9333245802001953,[-0.823577637664795, 2.9333245802001953, 2.0057036924438476, 1.1240203428344726]
JVASP-10271,K3SbSe4,1.5492398786621093,[-0.30450736998748784, 0.19977486611175532, 0.45626879216003413, 0.12359619618225093, 0.9147579717712402, 1.5492398786621093]
JVASP-12540,K2ZnBr4,2.945405130393982,[0.4235891151504516, 2.3654980707244873, 2.945405130393982, 2.4601982879714965]
JVASP-34405,KTe3O6F,1.951411252029419,[1.379671578414917, 1.951411252029419]
JVASP-10794,KSmGeSe4,0.48549199581909175,[-0.1686885309143067, 0.48549199581909175]
JVASP-12539,KSn2I5,0.6532579708175659,[0.20675528527069087, 0.6532579708175659]
JVASP-11475,K3NaFe2O8,2.006561522491455,[1.5013647127227783, 1.1804838228302001, 2.006561522491455]
JVASP-49211,K6CoS4,1.9452728080825805,[-0.8553000640792847, -0.489484186164856, -0.07492279528808599, 0.6292231130676269, 0.5260064649658203, 0.5626914548950195, 0.8575412082748413, 0.637112026222229, 1.2638659524993896, 0.24559069157409663, 1.9452728080825805, 1.5839208412246704]
JVASP-34668,K3SO4F,4.890003447540283,[0.969198470123291, 2.6998016882019042, 4.731977467544556, 2.3402319002227783, 3.1694886732177734, 4.890003447540283]
JVASP-14410,K2HfF6,9.217580800064088,[0.2566173124389648, 1.8698365736083984, 9.217580800064088, 5.02335024357605]
JVASP-10792,KHo2CuS4,0.0041251230316161625,[0.0041251230316161625, -0.11752986430358892]
JVASP-55711,K3AlH6,4.801997427947998,[-1.9514944505615235, -2.0349628877563477, -1.244105095855713, 1.3743813085632324, 2.538602595336914, 4.801997427947998]
JVASP-10791,Tb2KCuS4,0.047631268508911084,[0.047631268508911084, -0.060870642654418994]
JVASP-37022,K2O,41.48204184056091,[-1.5131756019515992, 0.3006379652099609, 0.3739728975372314, 2.0750244903640747, 2.349460248954773, 41.48204184056091]
JVASP-12487,KAs4BrO6,1.3257005262451171,[1.3257005262451171]
JVASP-12902,K3Al2As3,1.7474989938812255,[-1.527007813446045, -1.8101742219848633, -0.8989798974914551, -0.5851929140014649, -0.13476466654968267, 1.7474989938812255]
JVASP-77365,K2HgTe,1.466585879333496,[-0.22106718539428716, 1.466585879333496]
JVASP-55692,K2LiAlH6,1.2897071886138916,[-1.7120394658966065, -1.5338168096466065, -0.2530412626190186, 1.2897071886138916]
JVASP-25518,K4Au6S5,2.2365429449157714,[-0.03409111022186284, -0.052502984992981006, 0.1679734039382934, 0.3273206996994018, 0.8336157846527099, 1.4641017961578369, 1.7164387750701904, 2.2365429449157714]
JVASP-8205,KAg2SbS4,0.6491950798110961,[0.6491950798110961]
JVASP-53363,K3ClO,15.107386116989137,[-1.284379239074707, 0.3552212762908935, 1.6524860906677246, 2.264420752532959, 2.227389340408325, 15.107386116989137]
JVASP-39261,K3Si,-0.38622879504394536,[-1.4345085573120118, -1.3920462083740235, -0.38622879504394536]
JVASP-9590,K2S2O5,3.8999431181030273,[1.063274626739502, 1.5115540075378417, 2.284426455505371, 3.8999431181030273]
JVASP-46044,KNdO2,0.9388434934692382,[-0.7323028993530274, 0.9388434934692382]
JVASP-43418,K2O,51.99441338063049,[-1.342296595565796, -0.7545626115722657, 0.7006388950424194, 0.23424780846405024, 1.7623460340576171, 1.2379453229980468, -0.0700801563186646, 0.9171327400283813, 1.9299256849365234, 0.8872461366729736, 0.18156815052795405, 1.6085588979797363, 2.0965466547088623, 3.2722667503433227, 25.34148419380951, 51.99441338063049]
JVASP-55652,K4CdCl6,5.409460668571472,[0.153429632194519, 0.6006513881759643, 2.5233166265563964, 5.409460668571472, 3.3930494833068847, 3.1710275459365844, 3.394654636390686, 5.379506711967468]
JVASP-12231,KFeMo2O8,2.1232569265441894,[2.1232569265441894]
JVASP-98617,K3UO2F5,5.422909502990723,[-0.026606793395996142, 0.16378570080566401, 0.7995927381591796, 0.9779155302124023, 1.0338037061767578, 1.4314849424438476, 2.0650641965942382, 3.676440958984375, 4.947323088653564, 5.286661391265869, 5.386516337402344, 5.422909502990723]
JVASP-98298,K2Fe2As2O9,3.3548457670288085,[1.3704526472167968, 1.9952056455688476, 2.7640655088500976, 1.4834497022705078, 1.8459632444458007, 3.3548457670288085, 2.8489129591064453, 2.719062571533203]
JVASP-98230,KBF4,3.942765955932617,[1.8554322767333984, 3.5185754346923828, 3.569145922668457, 3.942765955932617]
JVASP-98449,K2Al2Si3O10,4.295919184692383,[0.11010671139526362, 1.1822397756652832, 3.7894275236206054, 4.295919184692383]
JVASP-63963,KBaW,-2.707663352481842,[-2.707663352481842]
JVASP-107778,KCr2S4,0.0020890283660888187,[0.0020890283660888187]
JVASP-44365,KLi4CrO5,0.8340508985595703,[-0.32024597644042974, 0.8340508985595703]
JVASP-9382,K3Zn2F7,6.883812074668884,[1.7962974357681274, 6.883812074668884, 4.222854738243103]
JVASP-9753,KTaCu2Se4,0.18579769612121577,[-0.14710950373840337, 0.18579769612121577]
JVASP-12535,K2ZnBr4,3.218728785522461,[0.3204937028961181, 2.2800649452285766, 3.218728785522461, 2.463169817932129]
JVASP-18368,K2OsCl6,3.418268089302063,[1.3511834192352294, 3.418268089302063]
JVASP-10267,K5As2Au,0.2578072595672607,[-1.4505835127754212, -1.4686581444664002, -1.2858338308258057, -0.8990230512542725, -0.27920639037323003, -0.2898590516967774, 0.2578072595672607, -0.04594361304473882, -0.07567184685897832, 0.07154363871383662]
JVASP-9674,K3TaO8,4.0811827230529785,[0.9684703397827148, 1.9517829465942382, 4.0811827230529785]
JVASP-9380,KAgO,2.8120274591522216,[0.030402426727294873, 1.126223330505371, 1.8432226228790283, 2.8120274591522216]
JVASP-51100,KFeP,-0.4159283590240479,[-0.4159283590240479]
JVASP-51719,KPH2SO3,1.9929006147460937,[1.9929006147460937]
JVASP-46823,KNbPCO7,1.4392955350952148,[0.8327510404663085, 1.4392955350952148]
JVASP-9096,KSb,0.25553262711334224,[-1.2242132377548218, -1.0765093517227173, -1.122561807624817, -0.8592268180770875, -0.1200594854278565, -0.11189341067504888, -0.5673242759628296, 0.25553262711334224]
JVASP-53187,K2SO4,4.7453627634124755,[0.9123179960327148, 3.156921153076172, 4.7453627634124755, 4.313790326126099]
JVASP-46065,K2Mg2O3,2.6898460435943603,[-1.4680869531555176, -0.39684891223144536, 2.6898460435943603, 2.0867891359405517, 0.5856511640625, 1.5274198103027343, 0.24798393727111812, 2.4843907404022216]
JVASP-54931,K2CoCl4,3.1912832307891845,[1.1125252294616699, 1.753850226409912, 2.777459149368286, 3.1912832307891845, 2.4281578111724853, 2.7845101404266357, 2.432176713951111, 1.6473211097793579]
JVASP-54976,K2CuBr3,2.477106456764221,[0.15432590723800654, 1.0390895056800842, 1.5919535207824707, 1.9341588068084716, 2.113053863056183, 2.2503880906181335, 2.0036197948532104, 2.477106456764221]
JVASP-10008,K2NaAg3C6N6,0.49515033245849605,[-0.06256126879882817, 0.49515033245849605]
JVASP-55307,KVO3,2.385084872253418,[0.2819621610717773, 0.6334474134521484, 1.2297418165283203, 2.385084872253418]
JVASP-59126,KAuI3,2.391177539833069,[0.6427002000885009, 1.386418347366333, 1.7102609920578002, 2.391177539833069]
JVASP-55239,K7NbAs4,1.908837084777832,[-1.9291051578445435, -1.6643537235183716, -1.3519798469467164, -1.5511289787216187, -1.1798585605545044, -1.263078804008484, -0.5967831563873292, 0.5883970308380126, 0.47461057186889644, 0.4194171476440429, -0.08369373797607427, 0.12632966519165034, -0.19146894931030278, 1.908837084777832]
JVASP-49227,K3Nb3B2O12,5.436025385864258,[0.23923421383666987, 2.198500876434326, 5.436025385864258]
JVASP-34752,KCdN3O6,1.2736735391693115,[1.2736735391693115]
JVASP-25515,KH3F4,6.5451791334228515,[1.2929256010131835, 6.5451791334228515]
JVASP-10119,KAgF4,6.446174983985901,[2.8811768341140747, 6.446174983985901]
JVASP-34691,K4Re2Cl10O,2.510293726928711,[0.40943980694580073, 1.0414974737243652, 1.691641097076416, 2.510293726928711]
JVASP-11696,K3CrO8,3.6398606348114013,[0.990044360168457, 2.105964427001953, 3.6398606348114013]
JVASP-13047,K4Sb2O3,2.6917731809692382,[-0.8593933534545899, 0.2046449232177734, -0.7190239381713868, 0.917135481842041, 2.490978960998535, 0.5505306768493652, 0.8561036634521484, 2.6917731809692382]
JVASP-34683,KSmPdO3,1.9863278913574218,[-0.18145775317382817, 1.9863278913574218]
JVASP-34677,KCoO2,2.2800395536499023,[0.43420863629150386, 2.2800395536499023]
JVASP-53552,KPF6,3.2135796594696044,[3.2135796594696044]
JVASP-35154,K3LiP2O7,5.7341182279663085,[0.16118550778198237, 0.32774949551391597, 5.7341182279663085, 4.211399798400879, 3.558967356689453, 3.9822309064941406]
JVASP-44555,KSiPCO7,1.849743132598877,[1.1816294241027832, 1.849743132598877]
JVASP-52430,K4Na2FeH3F12,6.024237875946045,[0.6468894529418945, 1.4035360860900878, 4.5860397863464355, 6.024237875946045]
JVASP-35155,K4P2O7,3.835951571472168,[1.7058875608520507, 3.1149423170166015, 2.110936408050537, 2.2391960668640136, 3.835951571472168, 3.3595502424316406, 2.1040222692565917, 2.0160963583068847]
JVASP-10251,K2SO3,3.8427987146453857,[0.029732947357177686, 0.506824259765625, 2.2360501337127685, 3.8427987146453857]
JVASP-44556,KTiPCO7,2.2052881765441894,[1.0405781316833496, 2.2052881765441894]
JVASP-34439,KCrF3,0.39758491993713374,[0.39758491993713374]
JVASP-35156,K8NO3,23.46234477043915,[-1.4219969463272095, -1.130379314414978, 0.3553245115356445, 0.9433066892700195, 0.27549326897430415, 2.9147173214035034, 1.7007399845199584, 23.46234477043915]
JVASP-35157,K8N3O,2.0706104087905883,[-1.580146069519043, -1.3352131795806885, -0.7795839261932374, 0.045833830841064405, -0.2568501186294556, 2.0706104087905883, 1.8997434425430297, -1.3102892589492798]
JVASP-38164,K3Tl,-0.7892558526916504,[-2.0902910184783936, -1.6525034856719971, -0.7892558526916504]
JVASP-35158,K8PO3,13.936640028961182,[-1.5784434032363892, -1.2046736431045533, -0.21194946288299565, 0.4141119766311645, -0.060660119049072314, 2.679059033401489, 1.2568659830169677, 13.936640028961182]
JVASP-38165,K3Tm,-1.6553075265808106,[-1.8679773759765625, -1.6553075265808106, -2.6661832284851075]
JVASP-35159,KNa2BN2,-1.970555062286377,[-1.970555062286377]
JVASP-12390,K2NaInP2,0.3324537324981689,[-1.5668737840576172, -1.0275468778533936, 0.3324537324981689, -0.5930564355773926]
JVASP-52432,K2MnH2OF5,9.385885481842042,[0.7071130323486328, 1.2971770811157226, 3.1577332067565917, 9.385885481842042]
JVASP-18366,K2RuCl6,3.3976101923065185,[1.8495733785705566, 3.3976101923065185]
JVASP-44558,K3ZnPCO7,3.747978930480957,[-0.2003982019348145, 0.4574663686828613, 3.747978930480957, 3.7394206571655273, 3.5731170225219726, 2.4891765165405273]
JVASP-12331,K2Pb2O3,2.877471690185547,[-0.11401962756347661, 0.4594409513549804, 1.4064090299682617, 2.877471690185547]
JVASP-12755,KTlCl4,2.140208308704376,[1.5256164717750549, 2.140208308704376]
JVASP-12548,KLi6BiO6,0.4920427846984863,[0.4920427846984863]
JVASP-5407,K4MnCl6,5.097925667770386,[-0.1734652471466065, -0.18840789317321782, 0.7638425874786376, 1.1359877634124755, 2.9313955354766845, 5.097925667770386, 2.1183306026535034, 3.0363634872512817]
JVASP-10773,KPrTe4,-0.09335422038269048,[-0.09335422038269048, -0.2066402387542725]
JVASP-43037,K3CrO4,3.971208338745117,[-1.26851200579834, -0.6780340623779297, 0.2820556211547851, 0.6275289106445312, 1.3977258253173828, 3.971208338745117]
JVASP-34427,K2Al2Sb2O7,1.7604119825439453,[0.5757906484680175, 1.7604119825439453]
JVASP-11816,K3NaCr2O8,1.966987376220703,[0.6762712049560546, 1.467247729309082, 1.966987376220703]
JVASP-12907,KNaS,1.4421355772094726,[-1.1520057868881226, 1.3691226291732788, 1.4421355772094726, 0.8173835325317382]
JVASP-12602,K2HBrO,3.0821991014556884,[-0.4152417135162354, 3.035983090408325, 3.0101196813659667, 3.0821991014556884]
JVASP-12389,K2NaInAs2,-0.20015048503112798,[-1.5365719151420594, -0.5956814837379456, -0.20015048503112798, -0.5653023672027588]
JVASP-19035,KAuSe5,0.5653297948913574,[0.3530859994964599, 0.23271179676818843, 0.16782975674438472, 0.5653297948913574]
JVASP-10726,K2TeOF4,3.3064911413269042,[1.2285835790710449, 1.8488686132507324, 3.021147017486572, 3.3064911413269042]
JVASP-18124,KMnAs,-1.742304558746338,[-1.742304558746338, -1.9288690042419434]
JVASP-10244,K2CuF4,5.852900033004761,[1.2379896688537597, 3.289581065185547, 5.055887703903198, 5.852900033004761]
JVASP-21265,K6HgS4,3.3725719499664306,[-0.9432678174896241, -0.5809729051513672, 0.0753431367950439, 0.7608301687316894, 0.6422843980865478, 0.7459895658569335, 1.7296491909103393, 2.005117897994995, 1.5135687637405395, 1.1429972696380615, 1.0011329698638916, 3.3725719499664306]
JVASP-53146,KNO3,3.2787578153686523,[3.2787578153686523]
JVASP-12905,K2Zn3O4,5.160897498138428,[-0.3272745561523438, 0.3846204328613281, 5.160897498138428, 1.4010283994750976]
JVASP-10209,K2As2Pd,0.840752367980957,[-1.5333259057922364, -1.0639095258636475, 0.06604266644287105, 0.840752367980957]
JVASP-10207,K2MgC2O6,1.2235877561645507,[0.534543757446289, 1.2235877561645507]
JVASP-12600,KHSeO3,3.0699973154144287,[1.2046818780975341, 3.0699973154144287]
JVASP-9122,KC,3.9411428022460937,[-1.7341721010131836, -1.1837089013977051, 0.5201420831756591, 1.8387398767547607, 1.3745105314331054, -0.37916016101074224, 0.1500194120483398, 3.9411428022460937]
JVASP-10724,KNdTe4,-0.061131949417114306,[-0.18540429591369634, -0.061131949417114306]
JVASP-10225,K2SiP2,0.6884295988159179,[-1.357078785888672, -0.7209980440063477, -0.5513255548400879, 0.6884295988159179]
JVASP-12547,KBa4Bi3O,-1.3048778724594117,[-1.3048778724594117, -1.6565567207260132]
JVASP-12546,KIO4,2.470115904815674,[1.973557715423584, 2.470115904815674]
JVASP-51693,KCu2P2H3O8F2,1.6839559125976562,[1.6839559125976562]
JVASP-8217,K3SbS4,1.660604720123291,[-0.031398291580200244, 1.12314796925354, 1.660604720123291]
JVASP-12496,KAs4IO6,1.2081596899108886,[1.2081596899108886]
JVASP-55814,K2NiPbN6O12,0.9764545011596679,[0.9764545011596679, 0.6789243269042968]
JVASP-24821,KScF4,7.800084834106445,[1.6605231809692382, 7.800084834106445, 4.9651689577178955, 4.934564118392944]
JVASP-57298,K2FeC4O4,1.2466604757385253,[-0.9395954561157227, -0.24225925921630864, 0.20923257351684565, 1.2466604757385253]
JVASP-57300,K2NaFeO3,3.7837002325134277,[-0.841299052230835, -0.6016707372589112, -0.17344688891601567, 3.7837002325134277]
JVASP-21990,K2HfF6,7.335552458770752,[0.14008403302001948, 2.3709094572143554, 7.335552458770752, 4.794506316192627]
JVASP-21994,K2GeF6,6.82446837902832,[1.6450741338806152, 2.651993994720459, 6.82446837902832, 5.399591212280273]
JVASP-25784,KZrF5,3.3635480451660156,[0.5252783346252441, 1.0265495824890136, 1.3651044416503906, 2.175225024230957, 2.48858142376709, 3.3635480451660156]
JVASP-25792,K2TiSi3O9,3.685688261993408,[0.261897330291748, 0.7187702703552246, 1.980755095489502, 3.685688261993408]
JVASP-25797,KNaThF6,2.592038874633789,[0.8270824003295898, 2.592038874633789]
JVASP-14385,K2Hg7,-0.9103801202697754,[-1.628516192428589, -0.9103801202697754]
JVASP-86732,KHgC2IN2,0.6410818147735595,[0.6140379953460693, 0.6410818147735595]
JVASP-22558,KAlF4,4.508552794464111,[4.508552794464111]
JVASP-87105,KNaTe,1.1660881686286926,[-1.0168676328582764, -0.0874214124603272, 1.1199039864616394, 1.1660881686286926]
JVASP-4597,K2HfF6,5.959398751266479,[1.6145055341796875, 5.959398751266479]
JVASP-92199,KMg6Ti,-2.8205302905960083,[-2.8205302905960083]
JVASP-57335,K4V2O7,2.2384040403442382,[-0.4470522355957032, 1.1743829298095703, 2.2384040403442382, 2.1412203359680175]
JVASP-25632,KBiP2S6,1.12742043019104,[0.7224626588897705, 1.12742043019104]
JVASP-25633,KAuI4O12,2.7653422403411865,[2.7653422403411865]
JVASP-21002,K2SO4,5.553258900650024,[1.3503480005340576, 2.311328415878296, 2.1747427034454345, 2.3558321046905517, 5.553258900650024, 4.115038399703979, 4.180750374801636, 5.027606015213013]
JVASP-57343,KMnSe2O8,2.559821848876953,[2.559821848876953]
JVASP-16547,KHg,-1.2142114591522217,[-1.7790985059661866, -1.4592342328948975, -1.5530166578216553, -1.2142114591522217]
JVASP-25643,K2Be2Si3O9,5.465067152984619,[-0.025148148529052783, 0.27587914944458003, 0.5326612043457031, 1.0231902647094726, 2.320342783935547, 2.1950433302001953, 5.465067152984619, 4.996920828826904]
JVASP-20309,KF,6.875088934906006,[6.875088934906006]
JVASP-21013,KTeF5,3.195653204925537,[2.9246723699645996, 3.195653204925537, 2.432403330810547, 2.576402430541992]
JVASP-54805,K2Ag2SnSe4,1.129875903137207,[-0.05326997756195073, 0.1715117740707397, 0.5349361944274902, 1.129875903137207]
JVASP-20479,KO2,1.1675503301696777,[1.1675503301696777]
JVASP-25662,K3LuSi2O7,3.845522646911621,[0.31432033062744136, 2.752739672668457, 1.2372057485656738, 1.1266186285095214, 3.4270713377075195, 3.845522646911621]
JVASP-54807,KBr,9.533273463256837,[9.533273463256837]
JVASP-12359,K2PbS2O8,3.354393725402832,[1.5082595396118164, 3.354393725402832]
JVASP-52495,K3NaFeCl6,4.2687965679244995,[0.23509717465209956, 1.5862866687850952, 4.2687965679244995]
JVASP-25667,K3ScSi2O7,4.34483552456665,[1.1522080946044921, 2.569160227783203, 1.861595873840332, 2.0772578764038085, 1.4100182104187011, 4.34483552456665]
JVASP-40171,KSiBiS4,0.8001401472167968,[0.5330743837432861, 0.5606160211639404, 0.8001401472167968, 0.7281081724243164]
JVASP-25569,K4BaGe3O9,4.687558417327881,[-0.4681875657958985, 0.8789780187683105, 0.827153210647583, 1.6769347238616943, 2.071369414337158, 4.687558417327881, 3.620854859359741, 4.2700700807647705]
JVASP-40176,K3TaF8,7.700989251144409,[1.2239246416168212, 2.148472790725708, 3.2984023141937255, 5.636430268295288, 6.074629788406372, 7.700989251144409]
JVASP-40183,K2CrH2F8,5.449018721588135,[2.232776646621704, 3.482398514755249, 4.1994688558654785, 5.449018721588135]
JVASP-25573,K3NpH6O8,5.896001105316162,[0.20679116726684565, 0.49856591702270503, 2.279799227722168, 1.851907496459961, 1.2121851492004394, 5.896001105316162]
JVASP-108982,K2NdAgI6,0.6284670877532958,[-0.6331888389511109, 0.6284670877532958]
JVASP-108986,K2TiHgF6,1.3162906217651367,[0.4237821149902343, 1.3162906217651367]
JVASP-99290,K3VS2O2,3.112978701599121,[-0.7854235124511719, -0.5849049043579102, -0.2853765439910889, -0.28805207728576665, -0.053776974670410205, 0.8797719526367187, 0.9796464490966796, 2.097098116882324, 2.2388360548095703, 2.644151453979492, 1.9077670621948242, 3.112978701599121]
JVASP-109001,K2NbHgF6,1.131228213317871,[0.05996633053588862, 1.131228213317871]
JVASP-109004,KRb2SmCl6,-0.07236790179443364,[-0.07236790179443364]
JVASP-22176,K2LiAlF6,8.9755437421875,[0.4529340314941406, 1.8240072774963378, 8.9755437421875, 6.977785353668213]
JVASP-101291,K2Mn3S4,2.145049815185547,[-0.35876130580139165, -0.13131474971008306, 2.145049815185547, 1.0239832449035644]
JVASP-101368,KAlSiO4,1.9344923544006347,[1.9344923544006347, 1.7006857442932128]
JVASP-22878,K3NbSe4,1.9199988889770507,[-0.3386704873962403, -0.40151762484741216, 0.03053451062011714, 0.14862227917480464, 0.10298085690307612, 0.5040991354064941, 1.286344294555664, 1.882012133605957, 0.5366604375915527, 1.5680811452941894, 0.8933064985351562, 1.9199988889770507]
JVASP-106199,K3CoF6,7.7846598672943115,[1.9304349470214843, 3.854318385131836, 7.7846598672943115]
JVASP-106201,K2LiDyCl6,3.516834025390625,[-0.07564568041992192, 3.516834025390625]
JVASP-106205,K2HgSbBr6,1.6114168810920715,[0.18254155398178096, 1.6114168810920715]
JVASP-106226,K2RbCeCl6,1.1894152212219238,[-0.8629472207946778, 1.1894152212219238]
JVASP-106295,KDyI3,-1.037959094039917,[-1.3815879774017334, -1.037959094039917]
JVASP-22883,K2Hg3Ge2Se8,0.2574182796554565,[0.07254255295562739, 0.2574182796554565, 0.19468749047088618, 0.24836385727691646]
JVASP-25577,K2LiBO3,3.775114302642822,[-1.3704893541259766, 1.9682443189697265, 2.2807180929260253, 3.775114302642822]
JVASP-106361,K3BrCl2,22.194603686340333,[0.6607298898773193, 9.45488739491272, 22.194603686340333]
JVASP-107799,K2RbNbF6,-0.531993861190796,[-0.6995530080718995, -0.531993861190796]
JVASP-107805,K2NaPrCl6,3.7732930231170654,[-0.3530163717193604, 3.7732930231170654]
JVASP-107819,K2AgSbCl6,2.325544838912964,[0.41620254994201655, 2.325544838912964]
JVASP-25580,K2CeSi6O15,4.017270331390381,[1.0974009084777832, 1.8620998907165527, 3.2759764242248535, 4.017270331390381]
JVASP-110229,KPO3,3.259796385772705,[3.259796385772705, 3.203231101043701]
JVASP-109856,K2GaAgCl6,3.1381800222473144,[0.7204992818908691, 3.1381800222473144]
JVASP-63967,KBaTe,-3.4088168692512513,[-3.4088168692512513]
JVASP-85716,KAlH4,-0.2028257799072266,[-1.3838736963195801, -0.2028257799072266]
JVASP-88151,KLaSiC4N8,0.2824842977600097,[-0.02545141696166997, 0.2824842977600097]
JVASP-64679,KBa4Mo,-1.3784297656936646,[-1.3784297656936646]
JVASP-98450,K2Ca3Si3O10,5.546914820678711,[-0.5635430765075684, -0.3950107049865723, 0.28081107617187495, 5.546914820678711]
JVASP-107782,KSnN,-0.6050641488952637,[-1.4993522119445801, -0.6050641488952637]
JVASP-97996,K2WSe4,1.5999634313659667,[-0.6674363565368653, -0.26272558688354497, -0.221134896270752, 0.1741440343933105, 0.19310737133789058, 0.70265555859375, 0.8998816061096191, 1.5999634313659667]
JVASP-109841,K2InSbI6,1.2437892007904052,[-0.09245585917663579, 1.2437892007904052]
JVASP-110230,KCNO,1.5184886503295898,[0.22752261639404292, 1.5184886503295898]
JVASP-108582,K2ScAuI6,1.211178188331604,[-0.6069586229248047, 1.211178188331604]
JVASP-26741,K2PO4,3.467971091278076,[2.208479647644043, 2.7973382520751953, 2.6204984235839843, 2.285435442932129, 3.467971091278076, 2.615589385040283, 2.6167409467773437, 2.2444474744873046]
JVASP-59030,KMnBr3,3.2399351644592285,[0.25763059140014644, 0.6340630102233886, 2.577503447540283, 3.2399351644592285]
JVASP-110232,K3SnSb3,0.1776145744400024,[-1.0541604113502503, -0.46895062445831304, 0.1776145744400024]
JVASP-12892,KCuS,1.7392594862060546,[0.03674602986145015, 0.5769579458312988, 0.8641567277984619, 1.7392594862060546]
JVASP-58437,YbKC2O6,3.045781378753662,[3.045781378753662, 2.2728617239074707]
JVASP-56714,KNiP3O9,2.1835739660339355,[2.1835739660339355]
JVASP-109972,K3Ba,-1.6625215959472657,[-2.0236074876708985, -1.6625215959472657, -2.470214838973999]
JVASP-109842,K2PrCuBr6,1.5178866434173583,[-0.22134184359741216, 1.5178866434173583]
JVASP-24329,K2ZrSi2O7,3.0811164426879882,[-0.020114655487060595, 2.483753447540283, 2.763526682861328, 3.0811164426879882, 2.974410300262451, 1.6882717657165527, 1.45567012310791, 2.3443143415527343]
JVASP-109859,K2GaAuF6,2.7963550138549804,[1.1128876257019042, 2.7963550138549804]
JVASP-51695,KHO,3.062438731201172,[-0.07108354090881353, 2.4692626047210693, 3.062438731201172, 2.908632521636963]
JVASP-57703,KAlF4,8.250930314071656,[0.6108040857391357, 8.250930314071656]
JVASP-108583,K2AlHgCl6,1.4839987802581787,[0.03880620480346675, 1.4839987802581787]
JVASP-21122,K2NaScF6,5.703646187789917,[0.09337282658386226, 5.703646187789917]
JVASP-24961,K4BaV2S8,2.1724958467559814,[-0.03996896266174321, -0.06045245646667485, 0.21797371388244624, 0.409980301864624, 1.2643666315155029, 0.9331693697052001, 1.1011228609161376, 2.1724958467559814]
JVASP-59031,K4MnBr6,4.674114232070923,[-0.3767994594497681, -0.15608822821807866, 0.7032623338775634, 1.418557887084961, 4.374031310089111, 4.674114232070923, 3.6320160079078674, 4.252856795795441]
JVASP-55265,KAg3S2,1.206901197441101,[-0.11560868739318853, 0.35640168667602534, 0.9376784610824584, 1.206901197441101]
JVASP-109437,K2YTlBr6,0.7515617656784057,[-0.6988080692214966, 0.7515617656784057]
JVASP-109396,KRb2MoO3F3,0.6427862691955566,[0.6427862691955566]
JVASP-108844,TbK2RbCl6,4.195704703338623,[-0.472813363067627, 4.195704703338623]
JVASP-11489,K3V3O8,1.1272900152282714,[-0.36371874331665044, 0.6736071157531738, 1.1272900152282714]
JVASP-108981,K2LuAuCl6,2.4595065164642333,[0.2897169637756347, 2.4595065164642333]
JVASP-109449,K2GaHgCl6,1.8144444871025085,[0.31446201086807246, 1.8144444871025085]
JVASP-38434,K3Mg,-1.1522839021606446,[-1.9071476411743165, -2.091859574310303, -2.032874579421997, -2.299786086074829, -2.263166661254883, -1.1522839021606446]
JVASP-109176,K2ThF6,4.607352023132324,[1.1687185812072753, 4.607352023132324]
JVASP-108769,K5As4,0.08465719700622554,[-1.3115918588562012, -0.8161656808776856, -0.6924421739501954, -0.8885369253082276, 0.08465719700622554]
JVASP-25918,KZrSnF7,1.3077313947753906,[0.5909886407928466, 1.0540814447479248, 0.7191584158020019, 1.3077313947753906]
JVASP-109843,K2ErAuCl6,2.3420214700775146,[0.16111684323120112, 2.3420214700775146]
JVASP-109894,KRb2AsI6,-0.1747268986625672,[-0.1747268986625672]
JVASP-110237,K2Zn3SiAs4,-0.20591735362243657,[-1.1126713704986573, -0.20591735362243657]
JVASP-22906,KSmP4O12,1.268350367553711,[1.2406528043823242, 1.268350367553711]
JVASP-21706,KCaP3O9,1.841059927947998,[1.7161591100769042, 1.841059927947998]
JVASP-22892,K2Na3TlO4,1.6840522337036132,[-0.5872967195434571, -0.8214499902648926, -0.49093245982360845, -0.3132944059295655, 0.4640600729064941, 0.7156317281799316, 1.6579129743652343, 1.6840522337036132]
JVASP-108903,K3UF6,1.5864675092773437,[-1.639836306564331, 0.10231304646301265, 1.5864675092773437]
JVASP-34422,Rb2KBiF6,0.984011416442871,[0.984011416442871]
JVASP-51696,K3H5Pt,3.209141736038208,[-1.0400803041381836, 0.24467349530029292, 1.0673871088104248, 1.9322986650543212, 3.028346543319702, 3.209141736038208]
JVASP-108584,K2AgBiBr6,1.9859287786560058,[0.32357907772827144, 1.9859287786560058]
JVASP-56687,KNa3WO5,0.6699349927978515,[-0.6039621782226563, 0.6699349927978515]
JVASP-109492,KNiTeO6,3.348644499786377,[3.348644499786377]
JVASP-58849,KH3O2,2.5400397825317382,[-0.0775179815216065, 0.3592615175323486, 0.9527499723510742, 2.5400397825317382]
JVASP-27065,K3Mn2O8,4.509297614105225,[1.3040339994506835, 1.6432483244018554, 1.5696141767578125, 2.999194865234375, 2.424410109527588, 4.509297614105225]
JVASP-109438,K2NaSbBr6,1.756757383354187,[0.06251252175140376, 1.756757383354187]
JVASP-110091,KCo2P2,-0.6940514993591309,[-0.6940514993591309]
JVASP-58438,K2LiAlF6,7.071799521453857,[0.7664225149230957, 7.071799521453857]
JVASP-109623,KBa2IO6,0.48253369808959956,[0.48253369808959956]
JVASP-108845,K2NaCeI6,0.2560498762207031,[-0.6323423337860108, 0.2560498762207031]
JVASP-54966,KNaB2H8,-0.719005818359375,[-0.719005818359375]
JVASP-37736,K3In,-0.7892253351135254,[-1.9255521249694825, -1.598092789642334, -0.7892253351135254]
JVASP-109452,K2GaAuI6,1.9678590345458984,[0.08737922192382808, 1.9678590345458984]
JVASP-109895,KRb2TmCl6,-0.3842046213073731,[-0.3842046213073731]
JVASP-23045,K4SnSe4,2.1125593233184814,[-0.6997443389816285, -0.30785262107086186, -0.14727818488311772, -0.08164083480072026, 0.11420524597930903, 0.7574473667221069, 0.6603740501480102, 0.42237341881561274, 0.6271740245895385, 1.2163673687057495, 1.0638535070495605, 1.6616854715423583, 2.1125593233184814, 1.3754644441680908, 1.2137205648498535, 2.0785274553375244]
JVASP-109844,K2TlAgCl6,2.6144460487442016,[0.8321019458847045, 2.6144460487442016]
JVASP-39140,KPdO3,1.5145773935394287,[1.5145773935394287]
JVASP-10123,KP,-0.06046270846557622,[-1.2992775392456055, -0.877025837890625, -1.0681476545257569, -0.8921809148712159, -0.06046270846557622, -0.7120201539916993, -0.14571308612060552, -1.2436377954406739]
JVASP-20924,K3AsS4,1.9627397108154296,[-0.36490940570068364, -0.13253521441650395, 0.34762931347656245, 0.11462569714355464, 0.8291370916442871, 1.030217413909912, 1.2519846010284423, 1.0146498727874755, 1.2149193334655761, 1.4602057981567382, 1.9627397108154296, 1.5449440527038574]
JVASP-38524,KTi5Se8,-0.2991039705200196,[-0.2991039705200196]
JVASP-57391,KCr2FeO8,2.0116469907836914,[2.0116469907836914]
JVASP-59033,K2TeS3,1.841620926864624,[0.4287846136169433, 0.5524337339477539, 0.446453576095581, 0.530750279434204, 1.841620926864624, 1.5353634405212402, 1.4003033685760498, 1.5850727605895996]
JVASP-109439,K2NaSbI6,1.2035142231063842,[-0.3024218034667969, 1.2035142231063842]
JVASP-56667,KCrF3,0.705453877456665,[0.705453877456665, 0.4031968164520263]
JVASP-49241,K4CaU3O12,3.4167869138793945,[-1.098609204284668, 0.8645436811523437, 3.4167869138793945, 2.7042748975830078]
JVASP-108861,K2CuAsF6,2.9799234914855957,[0.600921874053955, 2.9799234914855957]
JVASP-109454,K2NdCuBr6,1.4089808511810302,[-0.22457026957702642, 1.4089808511810302]
JVASP-109845,K2PrAgBr6,1.6996159601287841,[-0.29948162554931645, 1.6996159601287841]
JVASP-108961,KCoF3,2.9610886621551513,[2.9610886621551513]
JVASP-51066,KSrVO4,1.9877708005981445,[-0.4754664850158692, -0.238743538848877, 0.5395429182128906, 1.9877708005981445]
JVASP-109833,K2NaTlI6,1.2916959571914672,[-0.09551417350006108, 1.2916959571914672]
JVASP-108973,K3RuF6,4.48624611378479,[0.7911045599060058, 2.4931442785339355, 4.48624611378479]
JVASP-108771,K5Bi4,0.014280800827026319,[-1.4161578369064332, -0.9597088050765992, -0.5549577426834107, -0.7888688993377686, 0.014280800827026319]
JVASP-25596,K4Na2TeO6,3.9249584722595214,[-1.0257046174926758, -0.46845364093017583, -0.02462267398071294, 2.5630576658325195, 3.9249584722595214, 3.4294354963378906, 2.4470489072875976, 3.0300052213745117]
JVASP-109459,K2InGaF6,2.7154462385253906,[0.4038512754516601, 2.7154462385253906]
JVASP-109897,KRb2GaCl6,0.5711529302673339,[0.5711529302673339]
JVASP-109846,K2NdAgCl6,2.642092471130371,[-0.26891445635986333, 2.642092471130371]
JVASP-108113,KNaNb2O6,0.964834456451416,[0.964834456451416]
JVASP-108574,K2LiNdI6,0.6150064516143798,[-0.6794018697662354, 0.6150064516143798]
JVASP-109483,KNa2IrF6,1.3690216589050292,[1.3690216589050292]
JVASP-108974,K2LiScF6,5.9707069444732666,[0.4127764749603271, 5.9707069444732666]
JVASP-109441,K3YF6,6.762794260986328,[-0.7471117925567627, 5.50821877003479, 6.762794260986328]
JVASP-109834,K2LiYI6,0.8061286258773803,[-0.6753905963821412, 0.8061286258773803]
JVASP-108848,K2LiPdF6,3.7247188139038085,[1.9833896207885742, 3.7247188139038085]
JVASP-25890,K2PbO2,3.85779095173645,[-0.9820535135192872, -0.7700526666564942, 0.8144762563781738, 2.7384560155944824, 3.85779095173645, 2.2297802019195556, 2.2560300874786376, 1.6347818422393798]
JVASP-109731,KBiSe2,0.6677418994979858,[0.6677418994979858]
JVASP-59035,KAuBr4,2.5306355404930114,[1.681058948047638, 1.6742164540367126, 2.227462832935333, 2.5306355404930114]
JVASP-109229,K2LiBiCl6,3.811995272644043,[0.6507976102905273, 3.811995272644043]
JVASP-55269,K3AsSe3,1.7922760295944213,[-0.6274174404067994, -0.5254217338485718, -0.47248816012573247, -0.5110976648254395, 0.3514434146957397, 0.7164999294357299, 0.4127265262680053, 0.4189645099716186, 1.7922760295944213, 1.330781345375061, 0.7555735158996582, 1.2341973829345703]
JVASP-109849,K2InCuBr6,1.9943795847969055,[0.37585491419601436, 1.9943795847969055]
JVASP-108115,K5Br4Cl,39.38664675236511,[-0.20070623873901372, 0.9641735601501464, 5.377102200992584, 3.066351358898163, 39.38664675236511]
JVASP-109484,KNa2AsF6,1.305819277770996,[1.305819277770996]
JVASP-108975,K2RbSbF6,2.000476841934204,[-0.06590318202209478, 2.000476841934204]
JVASP-108774,K2PdBr3Cl,1.594364290245056,[1.4037776041107177, 1.594364290245056]
JVASP-16387,YbKSe2,0.3503360796051025,[0.3503360796051025]
JVASP-108575,K3MoI6,0.7885330963211059,[-0.46858942031097417, 0.7885330963211059, 0.3327778029518127]
JVASP-108849,K2TlHgBr6,1.8001540947036743,[0.21474278450775142, 1.8001540947036743]
JVASP-109732,K2NaCl3,11.982321267135621,[1.5970511484222412, 11.982321267135621]
JVASP-109230,K2LiBiBr6,2.555697207458496,[0.32272720814514155, 2.555697207458496]
JVASP-38458,KNaMoO2F4,3.810234551437378,[1.6901378679351806, 3.810234551437378]
JVASP-109851,K2InHgBr6,1.6779801297264099,[0.05590504885482783, 1.6779801297264099]
JVASP-16720,KCo2S2,-0.48917483805847173,[-0.48917483805847173]
JVASP-21545,K6Ge2O7,4.686174635894775,[-1.2185866784973145, -0.7805092286987305, -0.12129401683044438, 0.03075266361999507, 2.481060986526489, 2.534930710800171, 4.605070595748901, 4.2473979044036865, 3.324083094604492, 3.05905843258667, 4.686174635894775, 4.386944060333252]
JVASP-37737,K3In,-0.4816458177490235,[-2.065133805267334, -1.6559674692077637, -0.4816458177490235]
JVASP-108976,K3IrF6,5.24502730847168,[0.63856864453125, 3.492575411804199, 5.24502730847168]
JVASP-108775,K4NaCl5,14.348568444259644,[1.808673863418579, 9.958207612045289, 10.104546551712037, 14.348568444259644]
JVASP-108851,K2SmCuCl6,2.2181127119140625,[-0.06349277018737798, 2.2181127119140625]
JVASP-108865,KRb2GaBr6,0.177818481929779,[0.177818481929779]
JVASP-108576,K3AuF6,6.133719687469482,[1.5429914045410156, 3.5926265764312744, 6.133719687469482]
JVASP-108824,KFe2As2,-0.8716037225646973,[-0.8716037225646973]
JVASP-109853,K2AsAuI6,1.847478990562439,[0.1589409160690307, 1.847478990562439]
JVASP-108977,K2TlRuF6,2.0888779211120605,[0.5394322919921875, 2.0888779211120605]
JVASP-108607,KDyO2,0.32402539730834956,[0.32402539730834956]
JVASP-108852,K2TlAuI6,1.6450929689483642,[0.2421820211486816, 1.6450929689483642]
JVASP-109112,KP2Ir2,-0.7087700319213868,[-0.7087700319213868]
JVASP-108699,K3Bi2,0.027930860527038526,[-1.4530795764846802, -1.1007696342391968, -0.6441299867553711, -1.1692618083877564, -0.6245484304351807, 0.027930860527038526]
JVASP-109444,K2AlTlBr6,1.2396930503921508,[-0.058935995094299365, 1.2396930503921508]
JVASP-109232,K2RbInF6,4.882450585372925,[0.22522402287292476, 4.882450585372925]
JVASP-108578,K2TlBiF6,2.0561389970855712,[0.10076189518737788, 2.0561389970855712]
JVASP-109838,K2RbGaCl6,3.051798348434448,[0.5224738168792724, 3.051798348434448]
JVASP-109854,K2YAgF6,4.6456663656311035,[0.16554189205932612, 4.6456663656311035]
JVASP-108978,K2LiTlF6,4.1162755537109375,[2.0276930379943847, 4.1162755537109375]
JVASP-110098,KTl2GaF6,1.263016943939209,[1.263016943939209]
JVASP-108853,K2AgAsCl6,3.0797396946029663,[0.7412511158065795, 3.0797396946029663]
JVASP-109800,K2ZnSe2,1.8009727048950195,[-0.681567664138794, 0.7109026956634521, 1.8009727048950195, 1.311120038040161]
JVASP-109445,K2RbRuF6,2.1727702665405273,[0.6928374815063476, 2.1727702665405273]
JVASP-24985,K9U6BiO24,6.636146788604736,[0.8369271802978515, -0.9381725740356446, -1.0193917703552247, 2.505460982330322, 0.6624848890380859, 1.8326737928466796, 4.279092078216553, 6.636146788604736, 3.145570998199463]
JVASP-109233,K2NaTiF6,4.163779263504028,[-0.19230746745300298, 4.163779263504028]
JVASP-109840,K2LiTlCl6,3.265909676559448,[1.3288707780914306, 3.265909676559448]
JVASP-24465,K2SrP4O12,3.715041403778076,[1.2905137586669921, 3.715041403778076]
JVASP-10018,K2SiAs2,0.5744993734436035,[-1.5884716463012696, -1.1922900628967286, -0.6489822816772461, 0.5744993734436035]
JVASP-109855,K2AgPdF6,4.3682793426589965,[1.7438291359024047, 4.3682793426589965]
JVASP-25880,KNaSmNbO5,3.128875975616455,[-0.5007760476989747, 3.128875975616455]
JVASP-109545,KPbO3,2.5583436536865234,[2.5583436536865234]
JVASP-109172,KBH4,-0.3304922532958985,[-0.3304922532958985]
JVASP-109446,K2LiInCl6,3.7070900249557495,[0.7593015480117797, 3.7070900249557495]
JVASP-109234,K2AgAuBr6,2.9053021717147827,[0.8796299743728637, 2.9053021717147827]
JVASP-109981,K3Tl,-1.4020636033935547,[-2.0449559640808106, -1.6293609094543458, -1.4020636033935547]
JVASP-109477,K3YI6,1.8913195777015686,[-0.708404297821045, 0.2157414007263183, 1.8913195777015686]
JVASP-20891,K3VS4,4.488399510391235,[-0.40937304019165044, -0.17510771273803716, -0.30045532702636724, -0.014354939453125048, 0.07569599629211421, 0.4308123636322021, 0.9452450323181152, 2.4376232671813964, 1.6589360284881591, 2.0083255815582275, 2.0162177133636474, 4.488399510391235]
JVASP-108580,K2NaAsCl6,2.82606602192688,[0.42955470562744136, 2.82606602192688]
JVASP-108980,K2HgAuBr6,2.7165368843154907,[0.7179782438354492, 2.7165368843154907]
JVASP-109448,K2TlCuCl6,2.6266599941329956,[0.7912274646835327, 2.6266599941329956]
JVASP-108841,K2NaGaF6,5.7488791990356445,[0.9221928167419433, 5.7488791990356445]
JVASP-109254,K2RbTaI6,0.08702946186828608,[-0.35908340930175786, 0.08702946186828608]
JVASP-109236,K2HgSbF6,1.6107499647216796,[0.3045747327880859, 1.6107499647216796]
JVASP-109435,K2NaAsF6,5.945304636962891,[0.6394736814575195, 5.945304636962891]
JVASP-109174,K2BaSnTe4,-0.13209437846374517,[-0.7351989698333741, -0.13209437846374517]
JVASP-108767,KNa4Cl5,1.635921006210327,[1.635921006210327]
JVASP-108842,K3ScBr6,2.9417951154785156,[-0.37978815554809575, 1.9560883092956542, 2.9417951154785156]
JVASP-109237,K2AsAuF6,2.985825781829834,[0.6409657049255371, 2.985825781829834]
JVASP-24924,KGaAs2O7,1.9385678815917968,[1.9385678815917968, 1.7911717939453125]
JVASP-109175,K3ClO,9.60501301766205,[-0.11229919909667974, 1.3504141616897583, 9.60501301766205]
JVASP-21446,KBe2BO3F2,3.783330206878662,[3.783330206878662]
JVASP-108768,KNa4Cl5,0.22607255459594722,[0.22607255459594722]
JVASP-108843,K3MoCl6,2.3475204753952026,[0.09721875668334956, 2.031799082763672, 2.3475204753952026]
JVASP-109283,KRb3,-2.1115827512664795,[-2.1115827512664795]
JVASP-109549,K3In,-0.5363876771850586,[-1.5808775377197266, -1.9806864213867188, -0.5363876771850586]
JVASP-25587,K3Sn5Cl3F10,2.637146477706909,[0.8714587736206054, 1.9015376615600585, 1.8268711614685058, 1.1072933721618652, 2.637146477706909, 2.550729756362915]
JVASP-110228,KSO2F,3.134697203643799,[1.4234497594909667, 3.134697203643799]
JVASP-54959,KC2N3,1.4612276601867675,[0.00014138699340815464, 0.49246335507202144, 0.5169365453796386, 1.4612276601867675]
JVASP-22903,KHfPdF7,2.6193716573791503,[1.822827105529785, 2.102236514099121, 1.9272310781555175, 2.6193716573791503]
JVASP-56608,KNa2,-1.4476940584106446,[-1.4476940584106446, -1.9553029489440918, -2.014758343688965, -2.129988427154541]
JVASP-22944,KGaS2,1.9568355131225585,[-0.44925951480102544, -0.2820804071350098, 0.33685923100280757, -0.1830024671478272, 1.033548598297119, 0.36668992520141597, 1.7410104322509765, 1.9568355131225585]
JVASP-22958,KSmF4,5.170831208236694,[2.6227636385040283, 5.170831208236694, 4.147777800567627, 2.6505606222229003]
JVASP-23038,K2Cd3S4,4.289151375301361,[-0.043021197311401416, 0.31587625027465815, 0.4474393177108764, 0.6663013744430542, 3.0909634876327514, 2.746450071342468, 4.289151375301361, 3.577529017932892]
JVASP-22421,K2AlF5,6.029227261550903,[2.475846772201538, 6.029227261550903]
JVASP-26755,KCuCO3F,3.2253692197875976,[1.6655399847106933, 3.2253692197875976]
JVASP-22904,K2SmF5,10.546695952423097,[-0.2712774228973389, 0.2173123407440185, 1.5985729742126464, 10.546695952423097, 4.585411076553345, 4.312459473617554, 3.309633975036621, 3.7021758604125976]
JVASP-25831,KAs4ClO6,1.5530407476501464,[1.5530407476501464]
JVASP-40423,K2ZnH4I4O14,2.622119431503296,[1.7331841039733886, 2.622119431503296]
JVASP-34878,K2Zr7Cl18,-0.010279173843383838,[-0.19643830775451665, -0.010279173843383838]
JVASP-24872,K2MnF4,6.4117772626953125,[0.49383569241333003, 6.4117772626953125]
JVASP-55135,KSrNb2O6F,1.173593287475586,[-0.02979874133300786, 1.173593287475586]
JVASP-17324,YbKS2,0.7926104116516113,[0.7926104116516113]
JVASP-25843,KRb2CrF6,1.1714630174713134,[1.1714630174713134]
JVASP-24396,K2NaFeF6,3.7165234136657714,[1.1699450063781738, 3.7165234136657714]
JVASP-25903,K2NiF4,4.375904564865112,[2.0102579641418457, 4.375904564865112]
JVASP-20944,K7LiSi8,2.841971163757324,[-1.645521874420166, -1.7077321958465577, -1.4065738868637085, -1.3708301734848023, -1.9715146970672608, -1.2895042848510743, -1.8870549154205323, -0.9242193651123047, -0.2728774499816895, -0.9357993554992676, -0.38032125949096685, -0.4489810419006348, 0.20856476307678218, 0.5321393060760498, 0.6345813322143554, -0.38348125933837895, 1.070864205368042, -0.1558113050384522, 0.20793796063232417, -0.34293484210205083, 0.24958825588989253, 0.18874097348022456, 0.6948015737609863, 0.701406722076416, 1.5813205289916992, 2.841971163757324, 1.3753960180358886, 2.537398581512451]
JVASP-21494,KNbF6,1.7270703363494873,[1.646982197769165, 1.7270703363494873]
JVASP-36952,KAgBr3,2.3613073277549743,[0.9301320958213806, 2.3613073277549743]
JVASP-21073,KRu4O8,0.9798066663818359,[0.9798066663818359]
JVASP-21101,KCaF3,10.444622044570924,[-0.3635566186828614, 0.407865290649414, 10.444622044570924, 1.7343454408721923]
JVASP-12821,K3BS3,2.375148539550781,[-0.7417678785247803, -0.6811437559051514, -0.5422460985107422, 0.18069291592407222, 0.25891304493713374, 0.7611880350189208, 0.5132598924713134, 0.5713610696868896, 2.2347285795288085, 2.375148539550781, 2.0320582437591552, 0.5136823701934814]
JVASP-38488,K3Rb,-1.9374444436950684,[-1.9374444436950684, -2.2860772561950684, -1.9880592775268555, -2.371462101928711, -2.435675616256714, -2.4548625898284913]
JVASP-59696,K3Cu2F7,5.049616818435669,[2.4340362596588134, 5.049616818435669, 4.280905489929199]
JVASP-16658,K3N,0.08145189762878413,[-1.537860627166748, -1.5958856296463013, -0.7695615839881897, -1.0429025244636536, 0.08145189762878413, -1.8625540685577393]
JVASP-44537,K2ScPCO7,4.479896788604736,[0.40656018734741206, 4.479896788604736, 2.395530943878174, 2.080502753265381]
JVASP-16409,K2IrF6,4.645847206123352,[2.381805663116455, 4.645847206123352]
JVASP-36953,KAgCl3,2.0881190347747802,[2.0881190347747802]
JVASP-21453,KRb2YF6,0.30925035954284663,[-0.16668796061706548, 0.30925035954284663]
JVASP-54609,K3NaMo2O8,2.006773238189697,[-0.15124392031860356, 0.38775945187377925, 1.5429770994262695, 1.775979762084961, 0.5943529653625488, 2.006773238189697]
JVASP-20948,K2TaF7,7.8284690427856445,[1.033729319580078, 1.0927355337219238, 1.9186012792663574, 1.8980119276123046, 4.752920632369995, 6.454235558517456, 7.8284690427856445, 7.3335068273620605]
JVASP-16733,KP2Rh2,-0.4675495576782227,[-0.4675495576782227]
JVASP-44539,K3SrPCO7,3.5131361532287597,[-0.21188377856445317, 0.6657521772460937, 3.5131361532287597, 3.0362675237731933, 2.208982234008789, 1.859830622680664]
JVASP-24953,KNaGeO3,4.454691414840698,[-0.13602494715881353, 1.1953697252349853, 1.4370021867828369, 4.454691414840698]
JVASP-9097,KTe,0.7874276089744567,[-0.49366181611251836, -0.2905244183464051, 0.30393296957778926, -0.09838002442550664, 0.7874276089744567, 0.6452536034660339]
JVASP-22891,K2ErF5,10.716839079864503,[-0.197561259262085, 0.3713183450775146, 3.7244322347717285, 10.716839079864503, 3.1103813695983886, 3.759470229156494, 3.5605125475006103, 3.5480084467010498]
JVASP-44540,KHfPCO7,1.057263140686035,[0.6853807020263671, 1.057263140686035]
JVASP-34754,K2FeCoC6N6,0.9864280271606445,[-0.908205265991211, 0.9864280271606445]
JVASP-24955,KLiSi2O5,3.8809316206054687,[0.7130086469726562, 3.8809316206054687]
JVASP-38128,K2BrCl6F,3.3877042579727172,[2.2874937105255126, 3.3877042579727172]
JVASP-44541,K3BePCO7,3.5226357030944824,[0.4198124456481933, 3.5226357030944824, 3.0028250265197753, 3.041078810699463, 2.7153174924926757, 2.5281388807373046]
JVASP-24483,KNa2AuO2,0.5661008405761718,[-0.32333254336547856, 0.5661008405761718]
JVASP-23053,K3TaS4,3.045255188949585,[-0.4827134561462403, -0.461824650756836, -0.35439753054809575, -0.13177704333496099, 0.1721136617736816, 0.1807348775939941, 1.3847816038208007, 1.859454875, 2.6740140962677, 2.6192593622283935, 3.045255188949585, 2.207177166946411]
JVASP-30482,K2Dy4Cu4Se9,-0.038852448455810595,[-0.038852448455810595, -0.2129270982666016]
JVASP-31243,K2NaTiOF5,5.552046065338135,[0.5247824239807128, 5.552046065338135]
JVASP-49247,KSbO3,1.688328986175537,[0.7092635679321289, 1.440650706298828, 1.6508705663757324, 1.688328986175537]
JVASP-57135,K2PbO3,5.051586394317627,[0.12311387539672847, 2.227894072540283, 0.20826793194580073, 3.190556292541504, 2.9373459863739013, 1.9963979768829345, 3.0656511831359863, 5.051586394317627]
JVASP-57529,KHg2SCl3O3,2.1359596300201416,[1.3935704279022216, 2.1359596300201416]
JVASP-24241,KLi3PbO4,1.7405102300720214,[-0.03950666903686528, 1.7405102300720214]
JVASP-21551,K2BeF4,9.901213412292481,[0.17918849468994136, 1.0827362585144042, 4.247397665985107, 9.901213412292481, 5.790876631744385, 5.150108580596924, 5.512380843170166, 6.00312638760376]
JVASP-21387,K2NaAlF6,6.899942641265869,[0.5770528364257812, 6.899942641265869]
JVASP-57109,K2Ge2PbS6,0.9239804792480468,[0.3431677866058349, 0.5725345659332275, 0.9226415205078125, 0.9239804792480468]
JVASP-31183,KBH4,0.4938807535247802,[-1.2731475782318116, 0.4938807535247802]
JVASP-24426,KHoBeF6,2.4288370657043457,[0.6442291784362792, 2.4288370657043457]
JVASP-11393,K3AuSe2,1.8428511071281433,[-0.6187595081253052, -0.41149079322052007, 0.5100773620681762, 1.2180808830337524, 1.8428511071281433, 1.541487996585846]
JVASP-59070,K3BS3,1.9078943777160644,[-0.7287826490325928, -0.46679353236389165, -0.193760628692627, 0.39342046261596675, 0.5582404184417724, 0.4096598672943115, 1.1772496748046875, 1.9078943777160644, 0.5753181028442382, 1.4145114469604492, 1.8253696012573242, 0.6284472990112304]
JVASP-44547,KSnPCO7,1.7051570463256835,[1.1386630582885742, 1.7051570463256835]
JVASP-10013,KGeNO,5.15576458454895,[-0.4559643220825196, 0.7567617940979003, 3.9991865205841064, 5.15576458454895]
JVASP-34723,KBiF6,3.881220822341919,[3.881220822341919, 3.2650585222320556]
JVASP-10263,K2Sn2O3,1.8305935907440185,[-0.09603237628173833, -0.29899477481079106, 0.6202192354278564, 1.8305935907440185]
JVASP-21407,K2NaInF6,6.134981875427246,[0.8434436369018554, 6.134981875427246]
JVASP-34761,KClO3,2.9055187749938964,[1.7004730749206542, 2.9055187749938964]
JVASP-20835,K2SiF6,6.823280100830078,[2.7170584249572753, 6.823280100830078]
JVASP-25886,K2NaMoF6,1.4295404005126953,[0.4775788831787109, 1.4295404005126953]
JVASP-21436,KLiSO4,3.8269507932739257,[1.5249507474975585, 3.8269507932739257]
JVASP-57396,KNdW2O8,1.4286201047973632,[0.5643823194580078, 1.4286201047973632]
JVASP-54916,KIn9Co2,-1.8589529943389893,[-1.8589529943389893]
JVASP-56696,KVOF4,2.6265223074035644,[1.9444243955688476, 2.2969157743530273, 2.20117211819458, 2.6265223074035644]
JVASP-57404,K2LiVO4,3.58742118359375,[-0.9853970956726075, -0.2269179773254395, 1.9787499952392578, 3.58742118359375]
JVASP-14242,KAuI3,2.3167595911102294,[0.6481519985275268, 1.437745695121765, 1.653463606842041, 2.3167595911102294]
JVASP-31311,K2Li14Pb3O14,-0.37698268412780767,[-0.8934986543579102, -0.37698268412780767]
JVASP-34968,K5Dy3I12,-0.15328454493713384,[-0.8842995119018555, -0.7865698289794922, -0.47238862036895757, -0.1764947128219605, -0.15328454493713384]
JVASP-56655,K4Fe2O5,4.242312674530029,[-0.8119609308166504, -0.23752951144409185, 1.1021392393188476, 1.0552403974609375, 1.4250164079742431, 1.6497530984954833, 3.4960510778503417, 4.242312674530029]
JVASP-57449,KSnS2,0.5593897152023315,[0.5593897152023315]
JVASP-56700,K3VCO8,3.14443326473999,[1.1488091993408203, 1.954416518218994, 3.14443326473999]
JVASP-56367,K3Bi,1.8387868452148437,[-1.6136505556030274, -0.7962863397521973, -1.1260709714813233, -1.5638251256866456, -0.8326690149230958, 1.8387868452148437]
JVASP-27155,KTaGe3O9,1.219208006866455,[1.219208006866455, 1.1691248464660644]
JVASP-56369,K2AgI3,2.8117528009490966,[0.21254635334777827, 0.7445334243850708, 0.3332462358551025, 0.9909945774154663, 1.5073038387374877, 1.5377513218002319, 2.3432977247314453, 2.8117528009490966]
JVASP-11084,K2TiO3,5.205414061553955,[-1.1275379609985352, 0.7933509397583007, 5.051276450164795, 5.205414061553955]
JVASP-57410,KCrF3,0.5933287191467285,[0.5933287191467285]
JVASP-56370,K2CuCl3,3.547832195766449,[0.32497990608978267, 1.085166578300476, 1.30508715391922, 3.547832195766449, 2.902013664253235, 3.0385252285079956, 2.3039556789474487, 3.244305973060608]
JVASP-38599,KP2AuS7,0.831151013381958,[0.7035765695648193, 0.831151013381958]
JVASP-54980,K2SnCl6,3.4344687509613037,[1.0771505880432128, 1.9728505659179687, 2.339993720062256, 3.4344687509613037]
JVASP-55274,K8SnSb4,1.0006118464546203,[-1.6668986034317017, -1.258789057723999, -1.3602344345970154, -1.267700726978302, -0.9310643625183106, -1.1666035604400635, -1.0258023691101075, -0.709054703704834, -0.8916772556228638, -0.5293184471054078, -0.9859222721977234, -1.69008844613266, -1.942084307662964, -0.1626421165390015, -0.3879449915809632, 1.0006118464546203]
JVASP-54924,KTaAg2Se4,0.4590740251617431,[0.043815140731811475, 0.4590740251617431]
JVASP-21486,K2Be2PbF8,5.137042527206421,[0.9755966711120605, 5.137042527206421]
JVASP-38432,K3Nd,-1.6158862066192627,[-1.6158862066192627, -2.621206278793335, -1.8942060422821045, -2.601426596633911, -2.1220858049316407, -1.7789175462646485]
JVASP-56730,KNbAg2Se4,0.26571918011474605,[0.26571918011474605, 0.23179603100585933]
JVASP-55806,KMnPH2O5,2.0619232702331542,[0.5412266302185058, 2.0619232702331542]
JVASP-45297,K6MgO4,3.5678858804779052,[-1.252910609237671, -0.6598305654449463, 0.03820825100708003, 0.2859485197143554, 0.9224519777374267, 0.7113800096588134, 1.9924831438140869, 1.9435105371551513, 1.8688359308319091, 1.6375103044586181, 3.5678858804779052, 3.051525597579956]
JVASP-37782,KH4O2F,1.8087496805267333,[1.0893516588287353, 1.8087496805267333]
JVASP-20882,KMgF3,4.3281381177978515,[4.3281381177978515]
JVASP-56631,K3Mo2BrO7,2.2330310392456054,[0.6706435728149414, 1.6602370786743164, 0.6026408720092773, 1.9215695905761718, 1.8254849958496093, 2.2330310392456054]
JVASP-56681,KNiAsO4,3.1496124315338134,[1.5641722726898193, 3.1496124315338134]
JVASP-57137,K3LiIrO4,4.019524340637207,[-0.2590398740692139, 0.21658373356628413, 1.6508588838653564, 3.2310714769439697, 3.3573648977355957, 4.019524340637207]
JVASP-51669,KPH2O2,2.1985256719665527,[0.33615518093872065, 2.1985256719665527]
JVASP-36974,KGeCl3,2.3200515556411743,[0.45430768013763423, 2.3200515556411743]
JVASP-57456,K3Nb3B2O12,5.10498595715332,[0.3014662313537597, 2.460235838897705, 5.10498595715332]
JVASP-55253,K6MnSe4,1.7661402273254394,[-1.4764386367721558, -0.9368637752456666, -0.6407296609802247, -0.394751782409668, 0.7775667953567504, 1.7072230625228881, 0.7014048147277832, 1.7272234010772705, 1.3592867899017333, 1.7661402273254394, 1.304975156791687, 1.5975860405044555]
JVASP-20821,KY3F10,0.5066592741088867,[0.18532443524169917, 0.5066592741088867]
JVASP-57457,KNdPdO3,1.91196895123291,[-0.32122539996337895, 1.91196895123291]
JVASP-37786,K3Hg,-1.3213064622802735,[-2.1551709127349854, -2.006040091506958, -1.3213064622802735]
JVASP-55212,KBiF4,4.705963616378784,[1.5269336748199462, 4.705963616378784, 4.551049952514648, 3.9442079114990234]
JVASP-57120,KCrF6,4.461217169769287,[4.461217169769287]
JVASP-10590,K2Pd3S4,1.3926851797180175,[0.506190543182373, 0.7935106802062988, 1.3926851797180175, 1.307028059967041]
JVASP-57284,K2SO4,3.018256669052124,[-1.2885491800231934, 0.04823661328124995, 2.8648932027893066, 3.018256669052124]
JVASP-57458,KIO3,3.7672979879455566,[1.2939903783874511, 1.985738997467041, 3.7672979879455566, 3.745006804473877]
JVASP-12887,K2PtI6,2.4045302319602966,[0.5712934780197143, 1.113726501472473, 1.8466659236030578, 2.4045302319602966]
JVASP-36935,KCaCl3,5.698362116821289,[-0.0035207223815918454, 5.698362116821289]
JVASP-57620,K4Ru2Cl10O,3.6886383342819213,[0.877234940536499, 1.8065700578765869, 2.849536423690796, 3.6886383342819213]
JVASP-55644,KFeBr3,1.9360162067489624,[0.5692971992568969, 0.8441094207839965, 1.519961957939148, 1.9360162067489624]
JVASP-21056,K2ZrF6,6.004196648605347,[0.14380145550537105, 2.3812906789855957, 6.004196648605347, 5.329048161514282]
JVASP-26937,K2SnH6O6,1.219247584350586,[0.09997272969055171, 1.219247584350586]
JVASP-12544,KBrF4,4.788140778549194,[2.9693334150390625, 4.788140778549194]
JVASP-40964,KTl,-1.0828540277404786,[-2.1059503507537842, -1.748143191329956, -1.7511088800354004, -1.467521901123047, -1.1582210016174317, -1.6942422342224122, -1.8574445199890137, -1.581690545074463, -1.3396701764984131, -1.897974963180542, -1.3413212251586915, -1.0828540277404786]
JVASP-54556,K3Mo2Cl9,2.1747264909820556,[0.34472823620605464, 1.3228185224609375, 0.35147643566894526, 1.2424829053955078, 2.1152730035858154, 2.1747264909820556]
JVASP-37735,K3Ho,-1.5475404214782715,[-1.5475404214782715, -1.6220624399108887, -3.59519075869751]
JVASP-59047,K2SnTe3,1.4078656482772827,[-0.8369066667480469, -0.7776415300292969, -0.2957317781372071, -0.32139420031738286, 0.0071234750823974125, 1.0796237039642333, 1.4078656482772827, 1.1597822952346801]
JVASP-12542,KSn2Cl5,1.5187153863983154,[0.6936559724884033, 1.5187153863983154]
JVASP-12543,KSn2Br5,0.9769243049697875,[0.5321017551498413, 0.9769243049697875]
JVASP-26919,K2NaInSb2,0.182174270160675,[-1.4224371862335206, -1.3264687013549805, -1.1147829246444703, -1.214095945350647, -0.26276486634445195, 0.182174270160675, -0.49622046469879155, -0.744987959854126]
JVASP-55732,K2LiAlH6,1.9057486105041503,[-1.4571950387878418, -1.4657142114562989, -0.5703723382873536, 1.9057486105041503]
JVASP-55733,K2NaAlH6,1.9638221311645507,[-1.6251909685058594, -1.014390225402832, -1.1215403032226563, 1.9638221311645507]
JVASP-54593,K2RbBiSe3,1.5636837530212402,[-0.3870928239746094, -0.1601753187103272, -0.047525401107788134, -0.17574858187866216, 0.3894751119689941, 1.5636837530212402, 0.7054739046173095, 0.7646498727874755]
JVASP-110659,K2RbYBr6,0.523663048751831,[-0.6725196790618897, 0.523663048751831]
JVASP-110660,K2NaNdBr6,0.976628308303833,[-0.6756949376983643, 0.976628308303833]
JVASP-109850,K2YHgCl6,1.1849863576965332,[-0.5975320291442872, 1.1849863576965332]
JVASP-110661,K2LiSbBr6,2.025296931274414,[0.18643546582031245, 2.025296931274414]
JVASP-110662,K2LiNdCl6,4.225311999328613,[-0.1780431222839356, 4.225311999328613]
JVASP-110665,K3InF6,10.279931609638215,[0.24065232754516597, 5.719128851898193, 10.279931609638215]
JVASP-110668,K2LiMoBr6,1.6306878376083374,[-0.08675610541534429, 1.6306878376083374]
JVASP-110669,K3CrF6,5.122349982269287,[0.8665401983337402, 3.866093878753662, 5.122349982269287]
JVASP-110673,K2ScInI6,0.7232627916412353,[-0.7490602683944703, 0.7232627916412353]
JVASP-110674,K2YAuI6,0.8958300399856567,[-0.4702430915756226, 0.8958300399856567]
JVASP-110678,K2InAsCl6,2.0618228960113525,[0.2553818273620605, 2.0618228960113525]
JVASP-110680,K2GaAgBr6,2.12272871018219,[0.4429937648849487, 2.12272871018219]
JVASP-110708,KNa2SbF6,0.8413295793609619,[0.8413295793609619]
JVASP-110710,KRb2TlF6,2.414967899330139,[2.414967899330139]
JVASP-110713,KRb2LaCl6,-0.252396578781128,[-0.252396578781128]
JVASP-111039,KSrBi2O6,1.0850470113830566,[1.0850470113830566]
JVASP-110918,K2Te2Pd,0.7444889593200683,[-0.3275687646789551, 0.7444889593200683]
JVASP-110353,K2SbAuCl6,2.476052169807434,[0.44265091896820064, 2.476052169807434]
JVASP-110354,K2TlAgI6,1.5167945671157836,[0.18508780480194087, 1.5167945671157836]
JVASP-110806,K3Mg,-1.7991373491210938,[-1.9496121358795167, -2.1199092817230225, -1.7991373491210938]
JVASP-110356,K2AgBiI6,1.3868486929016113,[-0.04892110346984868, 1.3868486929016113]
JVASP-110357,KAuF3,3.7048486518936157,[3.7048486518936157]
JVASP-110359,K2TlAgF6,3.871708636291504,[1.3033905077056884, 3.871708636291504]
JVASP-110436,KHoO3,1.812326197631836,[1.812326197631836]
JVASP-110672,K2AlAgCl6,3.5618447113113403,[0.343828802116394, 3.5618447113113403]
JVASP-110677,KInCl3,2.111508255012512,[0.13877761841583247, 2.111508255012512]
JVASP-110442,KRb3,-2.1145286512298584,[-2.1145286512298584, -2.15187644480896]
JVASP-110500,YbKI3,2.746664230831146,[-0.1629027676506043, 2.746664230831146]
JVASP-110381,KRb2TlI6,0.5504638004379272,[0.5504638004379272]
JVASP-110338,K2LiGaF6,6.34202266217041,[1.0394065427856445, 6.34202266217041]
JVASP-20993,TbK2F6,4.344640021331787,[1.4797041463928222, 3.734244112976074, 4.344640021331787, 3.087693934448242]
JVASP-110340,K2LiCoF6,4.377020602233887,[2.4870879697875976, 4.377020602233887]
JVASP-110341,K3YBr6,4.691929583557129,[-0.708177919380188, 0.5545934486465454, 4.691929583557129]
JVASP-110342,K2NaSmCl6,3.6934430646972656,[-0.40353369235229497, 3.6934430646972656]
JVASP-110343,K3TlI6,2.816317086227417,[-0.22612642764282231, 1.0870657014923095, 2.816317086227417]
JVASP-110344,K3PrBr6,4.395371084220886,[-0.7802131128234864, 0.898094897277832, 4.395371084220886]
JVASP-110575,KTi2BiO6,0.9012191343383789,[0.9012191343383789]
JVASP-110345,K2TlInF6,2.2007246065216064,[0.2671480226593017, 2.2007246065216064]
JVASP-110577,K2CaPrO4,1.2269575643615722,[0.21939588070678706, 1.2269575643615722]
JVASP-110346,K2TlAsCl6,2.570359711654663,[0.40036106587219233, 2.570359711654663]
JVASP-110348,K2LiMoCl6,1.9311137247161865,[0.11303043843078608, 1.9311137247161865]
JVASP-110352,K2InSbCl6,1.582402234085083,[-0.03475427149963384, 1.582402234085083]
JVASP-106204,K3AlCl6,4.133316760070801,[0.1024812507705688, 3.355162744529724, 4.133316760070801]
JVASP-106253,KLi3,-1.7590243768615723,[-1.7590243768615723]
JVASP-106200,K2RbGdCl6,4.115875248916626,[-0.5279993963165284, 4.115875248916626]
JVASP-114319,KAg,-0.12636851786804204,[-1.2447352361602784, -0.12636851786804204]
JVASP-114320,KZn,-2.131570572845459,[-2.131570572845459]
JVASP-114321,KZn,-1.896509881011963,[-1.896509881011963]
JVASP-114322,KZn,-1.9575517129821778,[-1.9575517129821778]
JVASP-112492,KPH2O4,6.7189791250305175,[1.076080565460205, 6.7189791250305175]
JVASP-111683,K2Se2O7,3.2066359567718505,[1.9708354520874023, 2.8734571981506347, 3.2066359567718505, 2.9573426294403076]
JVASP-112526,K2TiO2F4,6.574806456573486,[1.9951176691131591, 3.497131829269409, 5.048030142791748, 6.574806456573486]
JVASP-112584,KTmMo2O8,1.2888104963378906,[0.7904317426757812, 1.2888104963378906]
JVASP-112676,K4BaNb5O15,3.602593665130615,[-0.7547614526672364, 0.7160375166015625, 1.662255053527832, 3.602593665130615]
JVASP-116525,KHgBr3O,2.262105350502014,[1.847580080039978, 2.262105350502014]
JVASP-112771,KNiPO4,3.6970017004089355,[1.4270055341796875, 2.133910899169922, 2.471060042388916, 3.6970017004089355]
JVASP-116694,KBa3Y2Co6O16,0.10181546688842769,[0.10181546688842769]
JVASP-116697,K4PSe3O16,2.961770539291382,[2.7594099092559814, 2.961770539291382, 2.3227150487976074, 2.5696423101501464]
JVASP-112879,K2MoS2O2,1.4079701948242187,[-0.07065081118774419, 0.7181694555358886, 1.0357186842041015, 1.4079701948242187]
JVASP-115161,KTe,0.44270003319549556,[0.1457876014785766, 0.44270003319549556]
JVASP-115165,K2Te,0.8839225816802978,[-0.08122825144958501, 0.8839225816802978]
JVASP-115166,KTe2,-0.0694017362518311,[-0.0694017362518311]
JVASP-115167,K2Te,0.8799198913650512,[-0.062193865768432666, 0.8799198913650512]
JVASP-116786,K2VH2OF5,2.257049326904297,[0.3769512224273681, 0.7845125246124267, 2.14878011227417, 2.257049326904297]
JVASP-116792,K2CoO2,2.057413344390869,[-0.8572447252197266, -0.7598082971496583, 0.9272916364746093, 0.9602472829895019, 1.870213751800537, 1.720898394592285, 1.8874414014892578, 2.057413344390869]
JVASP-112927,KLi2FeO3,-0.13833593844604497,[-0.9511282396240235, -0.3912575197143555, -0.28845095156860356, -0.13833593844604497]
JVASP-116797,KVPbO4,1.8936827230529785,[0.05138469219970698, 0.6368625211791992, 1.0357677984313964, 1.8936827230529785]
JVASP-116804,K3Mo2BrO7,2.3307464170532226,[0.627927546508789, 1.5678308057861328, 0.6519372510986328, 1.943336253173828, 1.7187907743530273, 2.3307464170532226]
JVASP-112985,K2MoS3O,1.7567451047973632,[0.5371649313049316, 0.5814607191162109, 0.629206900604248, 0.8205077695922851, 1.7567451047973632, 1.6443870115356445, 1.2093684721069335, 1.2932956266479492]
JVASP-112986,K3LuP2O8,4.207309966094971,[0.07834268093872065, 4.207309966094971, 3.2007763433532714, 2.0757248449401855, 2.2140514898376464, 2.226999526031494]
JVASP-113019,KCdP3O9,1.9853971052246093,[1.9853971052246093, 1.9478375959472656]
JVASP-113094,K8LaP4Se16,0.9797749567108154,[-0.3188693475646973, -0.15129804133605962, -0.1809725713653565, -0.07107328890991216, 0.2421996641235351, 0.25546789646911616, 0.9797749567108154, 0.6939141798095703]
JVASP-113187,KMnSe2O8,2.837069277770996,[2.2290737676696777, 2.837069277770996]
JVASP-113189,KSrVO4,1.737771754272461,[-0.4535105180664063, -0.24223064898681645, 0.533684496887207, 1.737771754272461]
JVASP-113197,K4Na2FeH3F12,6.1459856081085205,[0.6324603605346679, 1.3851659345703125, 4.526696209915161, 6.1459856081085205]
JVASP-105003,K3TmCl6,3.7777838754730224,[-0.4961719465179444, 3.7777838754730224, 3.07152820111084]
JVASP-105005,K2RbTmCl6,4.259531741149902,[-0.49012588977050786, 4.259531741149902]
JVASP-105020,K2SbAuI6,1.341382329471588,[0.13691610575485225, 1.341382329471588]
JVASP-116955,KGe3As3,-0.23760604380798345,[-1.060096020690918, -1.1253068399353028, -0.23760604380798345, -0.27459144114685063]
JVASP-106410,K3GdCl6,4.08420491696167,[-0.6565043878479004, 4.08420491696167, 2.560106043823242]
JVASP-106422,K2CuBiI6,1.233621840484619,[0.14717817784118647, 1.233621840484619]
JVASP-106904,K2NaEuCl6,3.712348465927124,[-0.4241671514434815, 3.712348465927124]
JVASP-117023,K4BaU3O12,4.192379240997314,[-0.3800532770080567, 0.47538877011108394, 4.192379240997314, 3.0897371816711425]
JVASP-108879,KBr3,1.9754244136886596,[1.9754244136886596, 1.8633211898880004]
JVASP-109488,KRb2GdCl6,-0.03817128657531743,[-0.03817128657531743]
JVASP-110658,K2LiLuCl6,3.9055230665283203,[-0.08388065814208989, 3.9055230665283203]
JVASP-110664,K3SbF6,7.6997013139801025,[0.036997561462402295, 2.263737444885254, 7.6997013139801025]
JVASP-110712,K2RbBiBr6,1.7203799533920288,[0.08707607270050044, 1.7203799533920288]
JVASP-110807,K3Li,-1.9233462762756348,[-1.9233462762756348, -1.9412538957519532, -2.5190081548614502]
JVASP-113654,KAg,-1.0110902738494874,[-1.0672516775054932, -1.0110902738494874]
JVASP-113655,KAg,-0.5562174272460938,[-0.5562174272460938]
JVASP-113657,KZn,-1.4431145143432618,[-1.4431145143432618]
JVASP-110908,K2CeCu2S4,0.7487204122619628,[-0.30815004824829106, 0.7487204122619628]
JVASP-117145,K2CuP2O7,3.9775049734191894,[1.8122274923400878, 3.9775049734191894, 3.641481642730713, 3.0148088979797363]
JVASP-117155,KAsO3,3.8738341379241943,[2.38143015385437, 2.9842214632110595, 3.440366749771118, 3.8738341379241943, 3.556694750793457, 2.7054717588500976]
JVASP-111042,KCSN,1.0862786817626953,[-0.06525825976562505, 1.0862786817626953]
JVASP-111204,K3ScF6,7.3447043943481445,[-0.21499633311462407, 5.182653431900024, 7.3447043943481445]
JVASP-111206,K2TlInBr6,1.765337829597473,[0.10086572647857661, 1.765337829597473]
JVASP-111207,K2ScHgCl6,1.4445587444381713,[-0.21132122992706304, 1.4445587444381713]
JVASP-111211,K2YCuI6,0.9510443258361816,[-0.40899812697601323, 0.9510443258361816]
JVASP-111213,K2GaAgI6,1.683300738342285,[-0.045719857208252, 1.683300738342285]
JVASP-111230,K2LiTaF6,0.005683426864623975,[-1.0915751409454346, 0.005683426864623975]
JVASP-111240,KSmO2,0.017156367309570264,[0.017156367309570264]
JVASP-117212,KLuTa2O7,4.1280415105896,[0.1323349523620605, 4.1280415105896]
JVASP-111274,KSn3,-0.5331157398147583,[-1.2752680730743409, -0.5331157398147583]
JVASP-111322,KPaO3,0.0187642622070312,[0.0187642622070312]
JVASP-111362,K2MgCuF6,4.983429913528442,[1.7833714532928466, 4.983429913528442]
JVASP-117344,K3SbS3,3.7605692195968627,[-0.5287070226593018, -0.41619300364685063, -0.33197998522949224, -0.2068049859924317, 0.8636910963134765, 1.6779320287780761, 1.5415573167877197, 0.5527849245147705, 3.7605692195968627, 2.0320786285476684, 1.4329474020080566, 2.213218932159424]
JVASP-117353,KAlCO5,2.2269890356140136,[1.8069384145812988, 2.2269890356140136]
JVASP-117382,K3Ti8O17,1.5839378881530761,[0.06337237835693355, 1.2747972059326171, 1.5839378881530761]
JVASP-117406,K3NdV2O8,5.813534979827881,[-0.62005590914917, 0.08214688778686519, 0.2844378995971679, 1.3834579038696289, 5.813534979827881, 1.8308022070007324]
JVASP-116214,KTe,-0.07459401606750493,[-0.07459401606750493]
JVASP-118971,KGdGeS4,0.9530258226470947,[0.25517607212829585, 0.9530258226470947]
JVASP-116576,KZn2P2O8,4.499782328613281,[4.499782328613281, 3.3116920042114257]
JVASP-119408,KCu2S2O10,3.3238487291412353,[3.3238487291412353]
JVASP-119411,K3CaP2O8,3.7958056974487304,[2.7314822721557617, 2.1230666685180664, 3.7958056974487304]
JVASP-116692,KLaTa2O7,1.5036394643859863,[1.5036394643859863]
JVASP-116693,KBa2Bi2O9,1.6839001226501464,[1.6839001226501464]
JVASP-119053,KHg6,-0.6263294172210694,[-1.2705695581359864, -1.1270954561157227, -0.8295516920013428, -0.6263294172210694]
JVASP-119065,KMnIO6,2.9321091222839355,[2.7054550695495605, 2.9321091222839355]
JVASP-119460,KLaF4,4.8271005201416015,[0.6638977575378417, 1.0400154638366699, 4.8271005201416015, 4.485220675476074]
JVASP-119461,KLaCuTe4,0.16187203408050532,[0.16187203408050532, -0.34974801062774663]
JVASP-119464,K2BaAs5,-0.5400969934387208,[-1.2391979646606446, -1.4074103784484864, -0.7324507188720704, -0.5400969934387208]
JVASP-119499,KMg3AlGe3O10F2,0.5508167791442871,[0.5508167791442871]
JVASP-119094,KMnP3O9,2.0058887052612304,[1.5795066404418945, 2.0058887052612304]
JVASP-119097,K3Mo3C3Se4N2,4.492707495697021,[-1.5153677415771485, 0.16969657421874995, 0.54644799710083, 4.492707495697021, 2.484123473175049, 4.477172141082764]
JVASP-119519,KCoO2,3.1761488962249755,[1.0355441618041992, 1.3684160757141113, 2.500196938522339, 3.1761488962249755]
JVASP-118575,KSe,1.758514409072876,[0.7486493635253906, 1.758514409072876]
JVASP-118576,KSe,0.6965574073867797,[-0.1727255535049439, 0.6965574073867797]
JVASP-118577,KSe2,0.36888719082641597,[0.36888719082641597]
JVASP-118578,K3Se,1.2391378927307128,[-1.697526509754181, -0.23887437104415898, 1.2391378927307128]
JVASP-118579,K2Se,1.2809019136505126,[0.1637319970207214, 1.2809019136505126]
JVASP-118581,KSn,-1.5025702667160035,[-1.5025702667160035]
JVASP-119177,KFe4Si3O12,1.4895036268310546,[1.4895036268310546]
JVASP-119179,K3Ag9Sb4S12,1.2764020013885498,[0.5081473636703491, 0.7897223281936645, 1.2764020013885498]
JVASP-119181,K2SO4,4.471203331954956,[1.119182829864502, 3.8609187650756835, 3.72328281880188, 4.471203331954956]
JVASP-119656,KIn5S8,0.6085069227294921,[0.6085069227294921]
JVASP-119657,KMn8O16,2.5919292020874023,[2.5919292020874023]
JVASP-119713,KCr2FeO8,2.1761200475769042,[1.8087036657409667, 2.1761200475769042]
JVASP-111638,K2NaNbO2F4,2.72656274319458,[0.05667186260986323, 2.1019904661254882, 2.3341705846862792, 2.72656274319458]
JVASP-120440,K2AlOF5,6.880382304199219,[1.9417431402282714, 2.916790251739502, 5.602633242614746, 6.880382304199219]
JVASP-120477,KLiAl2Si4O10F2,-0.19785284518432622,[-0.19785284518432622]
JVASP-120479,KDy3F10,0.6165082502441406,[-0.09837650775146489, 0.6165082502441406]
JVASP-120527,KNb4AgP2S20,0.6067659902648925,[0.6067659902648925]
JVASP-120528,KU2SbSe8,0.2353177118377685,[0.2353177118377685]
JVASP-120529,KMg3AlSi3O11F,2.7434585142211914,[2.7434585142211914]
JVASP-120530,K2Ag3Sb3S7,1.7868173170166015,[0.3540875959472656, 0.6022932577209472, 1.4334187555389404, 1.7868173170166015]
JVASP-118583,KSn,-0.6644489717407227,[-1.3743040513916016, -0.6644489717407227]
JVASP-120270,KSe,0.2663790631370544,[0.2663790631370544]
JVASP-120727,KLa2Ag3Te8,0.101840858467102,[0.101840858467102]
JVASP-121348,KBa3Bi4O12,0.1417357969360351,[0.1417357969360351]
JVASP-122442,KAgTeS3,1.409374718673706,[0.6022076654510498, 0.857713227279663, 1.409374718673706, 1.3171134042816162]
JVASP-121997,K4CaW3O12,2.168295149810791,[0.7841260480957031, 1.7158267545776367, 2.168295149810791, 1.014395003326416]
JVASP-122674,KGa3,-1.0991947603149415,[-1.0991947603149415]
JVASP-122863,KSm3,-2.642919654838562,[-2.642919654838562]
JVASP-123674,KSe2,0.5634992170410156,[0.5634992170410156]
JVASP-122080,KBe2B3O7,0.7910277891235351,[0.28494334698486323, 0.7910277891235351]
JVASP-122083,K4V2O9,3.16357446194458,[1.1872355985717773, 1.2962873029785156, 1.642716650970459, 2.16638207913208, 2.482663874633789, 2.169502024658203, 3.068147902496338, 3.16357446194458]
JVASP-122918,KV,-0.6262928199691773,[-0.6262928199691773]
JVASP-122118,TbKMo2O8,1.4296605634765625,[0.8941571760253906, 1.4296605634765625]
JVASP-122119,KV2AgO6,1.247633700378418,[0.7633168745117187, 1.247633700378418]
JVASP-122120,KSbCl6,2.217458968170166,[1.737025504119873, 2.217458968170166]
JVASP-122121,KMg2P2O8,2.5407617139892578,[2.5407617139892578, 2.2920682478027343]
JVASP-122123,K2RbYV2O8,3.2696735906677246,[-0.2259576272888184, 3.2696735906677246]
JVASP-123934,KMg,-2.1579511117858887,[-2.1579511117858887]
JVASP-123213,KEr3,-2.7925445985717774,[-2.7925445985717774]
JVASP-121902,K2NiPbN6O12,1.04703975201416,[1.04703975201416, 0.6504066038208007]
JVASP-121907,K4V2O7,2.2099487829284667,[-0.4425895166320801, 1.179544692047119, 2.2099487829284667, 2.117422823913574]
JVASP-122286,K3NaW2O8,2.445805315979004,[0.09830403805541987, 0.1864426183776855, 0.6284754324035644, 1.6146433401184082, 2.445805315979004, 2.371514086730957]
JVASP-122347,KLi4FeO5,0.4738271284179687,[-0.0809223604125977, 0.4738271284179687]
JVASP-122378,K2WO4,2.4296395826416015,[-0.3154532861633301, 0.07079434872436519, 0.22626519680786128, 2.18432641506958, 1.617378001220703, 1.4026496458129882, 2.4296395826416015, -0.3883278322143555]
JVASP-128344,Yb3K,-2.4328782510681153,[-2.4328782510681153]
JVASP-121489,KBaAsSe3,0.15790343762207026,[-0.6214368295593262, -0.2953836870117188, 0.05695081234741206, 0.15790343762207026]
JVASP-121496,KMnH3C3O6,0.9033420133666992,[0.33850455761718745, 0.9033420133666992]
JVASP-128504,KKr,-2.670017476074219,[-2.670017476074219]
JVASP-121547,K3HoF6,8.996252541549683,[0.3804009008483886, 1.4717028188781738, 8.996252541549683, 3.4344358491973876, 2.89534879208374, 4.513426070220947]
JVASP-121550,KAl4Fe3H2O12,1.759476904876709,[1.759476904876709]
JVASP-125781,KPm3,-2.6046889972610474,[-2.6046889972610474]
JVASP-128574,KXe,-2.743889088623047,[-2.743889088623047]
JVASP-125818,K3Ac,-1.7297327470703125,[-2.0049450349731446, -1.7297327470703125, -2.413013453475952]
JVASP-125819,K3Ag,-1.2786471795959473,[-2.3337206792755127, -1.604787821762085, -1.2786471795959473]
JVASP-125820,K3Al,-0.8774990987701417,[-1.873075003616333, -1.9357943487091065, -0.8774990987701417]
JVASP-125821,ArK3,-2.469890589706421,[-2.4699034643096924, -2.5245442342681885, -2.469890589706421]
JVASP-125822,K3As,0.16779232502746577,[-1.5309249710960389, -0.8526449751777649, 0.16779232502746577]
JVASP-125823,K3Au,0.32292843342590327,[-2.1098790121002198, -1.767932171813965, 0.32292843342590327]
JVASP-125824,K3B,-1.0570776414794922,[-2.1345643949432374, -1.7233076047821045, -1.0570776414794922]
JVASP-125825,K3Ba,-1.750443692199707,[-1.750443692199707, -2.1144702386779786, -2.2998390149993897]
JVASP-125826,K3Be,-1.3378231477661133,[-1.9319062185211182, -1.91070794581604, -1.3378231477661133]
JVASP-125827,K3Bi,0.17233443737792964,[-1.5215609025878907, -0.9875237893981934, 0.17233443737792964]
JVASP-125828,K3Br,1.853067164428711,[-2.1662557077331543, -2.2507145357055665, 1.853067164428711]
JVASP-125829,K3C,0.31712437153625483,[-2.013113255493164, -2.224179501525879, 0.31712437153625483]
JVASP-125830,K3Ca,-1.8483724546356202,[-1.8483724546356202, -2.142563815109253, -1.9009764146728516]
JVASP-125831,K3Cd,-1.216603989593506,[-2.1480400514526368, -2.0572798204345704, -1.216603989593506]
JVASP-125833,K3Cl,5.647370462425232,[-2.207304830543518, -2.2093896818084717, 5.647370462425232]
JVASP-125834,K3Co,0.7592124986724853,[-2.039220089904785, -1.6954927396697999, 0.7592124986724853]
JVASP-125835,K3Cr,-1.3756625604553223,[-2.0253148031158448, -1.908519978515625, -1.3756625604553223]
JVASP-125838,K3Dy,-1.7643654298706055,[-2.031258816711426, -1.7643654298706055, -2.4778616380615235]
JVASP-125839,K3Er,-1.628067965499878,[-1.9335322332305909, -1.628067965499878, -2.833822484008789]
JVASP-125841,K3F,3.732488756187439,[-2.2284755062980652, -1.9623464894218445, 3.732488756187439]
JVASP-125842,K3Fe,0.9875192689971923,[-1.9978489828033448, -1.6933767747802735, 0.9875192689971923]
JVASP-125843,K3Ga,-1.231579060546875,[-1.92401098727417, -1.7215611886901856, -1.231579060546875]
JVASP-125845,K3Ge,-0.9811863851470948,[-1.960714573852539, -1.2252662134094239, -0.9811863851470948]
JVASP-125846,K3H,-0.7237150621337891,[-2.1555559587402344, -2.1428723287506104, -0.7237150621337891]
JVASP-125847,HeK3,-2.2766661596221924,[-2.2766661596221924, -2.5856614065093995, -2.5634663057250977]
JVASP-125848,K3Hf,-1.2790444445533753,[-1.6968636464996338, -1.7027827453536988, -1.2790444445533753]
JVASP-125849,K3Hg,-1.428379769317627,[-2.180994744293213, -1.9408929300231934, -1.428379769317627]
JVASP-125850,K3Ho,-1.6064481687469483,[-1.954453463546753, -1.6064481687469483, -2.809211487762451]
JVASP-125851,K3I,1.144590144165039,[-2.2360868406219483, -2.2045445394439698, 1.144590144165039]
JVASP-125852,K3In,-0.48325848101806645,[-1.997422213546753, -1.7186469983978272, -0.48325848101806645]
JVASP-121614,KH2I3O9,2.617086653717041,[2.617086653717041, 2.4142849493103027]
JVASP-125853,K3Ir,1.9736716795043945,[-1.7827455949707032, -1.3674747896118165, 1.9736716795043945]
JVASP-125854,K3Kr,-2.397803301803589,[-2.397803301803589, -2.505253310195923, -2.468965764038086]
JVASP-125856,K3Li,-1.9649794053955079,[-2.03990077494812, -2.120473856918335, -1.9649794053955079]
JVASP-128664,KN3,2.3127334165649414,[2.3127334165649414]
JVASP-125858,K3Mg,-1.8001272630615235,[-2.0071203660888672, -2.060340638153076, -1.8001272630615235]
JVASP-125859,K3Mn,1.3600345897750854,[-2.1619274568481446, -1.6552787971420289, 1.3600345897750854]
JVASP-125860,K3Mo,-1.2735059213562012,[-1.818469758026123, -1.681408996574402, -1.2735059213562012]
JVASP-125861,K3N,0.40740424872207637,[-2.9710618209762574, -1.7510586929244996, 0.40740424872207637]
JVASP-125862,K3Na,-2.044736142150879,[-2.082885737411499, -2.142369265548706, -2.044736142150879]
JVASP-125863,K3Nb,-1.110097105495453,[-1.7092431735916138, -1.992728347770691, -1.110097105495453]
JVASP-125864,K3Nd,-1.647641415588379,[-2.0450851869506836, -1.647641415588379, -2.465833897583008]
JVASP-125865,NeK3,-2.3364832353515625,[-2.405599827758789, -2.4741623353881836, -2.3364832353515625]
JVASP-125866,K3Ni,3.833836321838379,[-2.1032605123443604, -2.012603278152466, 3.833836321838379]
JVASP-125867,K3O,7.669132952697754,[-2.4052661609573365, -1.6526857566757203, 7.669132952697754]
JVASP-125868,K3Os,0.722043757446289,[-2.2637362432403565, -1.6190428686065674, 0.722043757446289]
JVASP-125869,K3P,0.6497055339889526,[-1.1975518417282105, -1.13950752734375, 0.6497055339889526]
JVASP-125870,K3Pa,-1.683393950454712,[-2.2024002027435303, -1.683393950454712, -1.6873719644470215]
JVASP-125871,K3Pb,-0.10723375796508794,[-1.8588874292297364, -1.4265491914672852, -0.10723375796508794]
JVASP-125872,K3Pd,1.2403271246032714,[-2.155802125923157, -1.37722885131073, 1.2403271246032714]
JVASP-125873,K3Pm,-1.5945651483459473,[-2.122133965484619, -1.5945651483459473, -2.529033417694092]
JVASP-125875,K3Pr,-1.7046301317138672,[-2.0367529344482422, -1.7046301317138672, -2.344869847290039]
JVASP-125876,K3Pt,3.307373051651001,[-1.9595166397018433, -1.0566326332015992, 3.307373051651001]
JVASP-125879,RbK3,-1.9079630327148438,[-1.9079630327148438, -2.2238213968200684, -2.565781350128174]
JVASP-125881,K3Rh,0.7329547453002929,[-1.974644179336548, -1.2321324300689698, 0.7329547453002929]
JVASP-125883,K3Ru,-0.4310178708953858,[-2.0245702218933106, -1.6526870679779053, -0.4310178708953858]
JVASP-125884,K3S,1.6533803987579345,[-2.2829205942077637, -0.19877266406250005, 1.6533803987579345]
JVASP-125885,K3Sb,0.2520287084655761,[-1.4030182313842774, -0.7579162073059083, 0.2520287084655761]
JVASP-125886,K3Sc,-1.0298640680236817,[-1.7509616565628052, -1.9179080676956177, -1.0298640680236817]
JVASP-125887,K3Se,1.0281475830154418,[-2.2142202806396485, 0.04661405564117427, 1.0281475830154418]
JVASP-125888,K3Si,-0.27739881991577153,[-1.7908561181945801, -1.2174122285766602, -0.27739881991577153]
JVASP-125889,K3Sm,-1.6600913953704834,[-2.035491461746216, -1.6600913953704834, -2.3143928003234864]
JVASP-125890,K3Sn,-0.08681654452514653,[-1.7965011548919678, -1.1293396902008057, -0.08681654452514653]
JVASP-125891,K3Sr,-1.7740960073394776,[-1.7740960073394776, -2.1463861417694092, -2.2831518602294922]
JVASP-125892,K3Ta,-0.8888723802490235,[-1.8120208930892945, -1.6603214692993165, -0.8888723802490235]
JVASP-125893,TbK3,-1.622941250793457,[-1.85532783984375, -1.622941250793457, -2.7968316030426026]
JVASP-125894,K3Tc,-1.3052005720062256,[-1.9795678806228638, -1.6837316703720093, -1.3052005720062256]
JVASP-125895,K3Te,0.9944574880676269,[-2.004952902786255, -0.05296420573425298, 0.9944574880676269]
JVASP-125896,K3Th,-0.18223690509033208,[-2.449579710952759, -1.5642514181060792, -0.18223690509033208]
JVASP-125897,K3Ti,-1.1095211458129883,[-1.8377619934005738, -1.9712823581619263, -1.1095211458129883]
JVASP-125898,K3Tl,-0.8457744073791504,[-2.082092518798828, -1.643699879638672, -0.8457744073791504]
JVASP-125899,K3Tm,-1.6618311357421875,[-1.9024546098632813, -1.6618311357421875, -2.6230332803649903]
JVASP-125901,K3V,-0.8258552503509522,[-2.1615331125183106, -1.957812542907715, -0.8258552503509522]
JVASP-125902,K3W,-1.3744712424201966,[-2.07135647057724, -1.3744712424201966, -1.5679840993804932]
JVASP-125903,K3Xe,-2.310399050704956,[-2.310399050704956, -2.6591424894256592, -2.3879034471435547]
JVASP-125904,K3Y,-1.7055354070587159,[-1.9068453264160157, -1.7055354070587159, -1.8295609903259278]
JVASP-125905,YbK3,-1.6844296407623292,[-1.6844296407623292, -1.888481612197876, -2.1752469491882325]
JVASP-125906,K3Zn,-1.5087406587524415,[-2.026413674346924, -2.1515486192626954, -1.5087406587524415]
JVASP-125907,K3Zr,-0.6572265577239991,[-1.8964483690185547, -1.72043752192688, -0.6572265577239991]
JVASP-127333,KCr,-0.9143595647735596,[-0.9143595647735596]
JVASP-121704,K2LiVO4,3.562436347015381,[-0.9928953599853516, -0.21762966632080083, 2.003840689666748, 3.562436347015381]
JVASP-126233,KNa,-2.096621270172119,[-2.096621270172119]
JVASP-128888,KBa,-1.7367684793395997,[-1.7367684793395997]
JVASP-127413,KGe7,-1.739205534450531,[-1.739205534450531]
JVASP-122443,K3Au3I8,2.388070588119507,[0.5779971528129577, 1.1716728854255676, 0.6225478696899414, 1.2699267911987304, 2.2837867784576416, 2.388070588119507]
JVASP-126394,KPb3,-1.417103643409729,[-1.417103643409729]
JVASP-127753,KCd,-1.5761516046447754,[-1.5761516046447754]
JVASP-124263,KCl3,2.3966599750595092,[2.3966599750595092]
JVASP-129359,KNb,-1.217563266746521,[-1.217563266746521]
JVASP-124483,KI3,0.9954950857238769,[0.9954950857238769]
JVASP-124664,KSb5,-0.8174333524627686,[-0.8174333524627686]
JVASP-126654,KTm,-2.540674920074463,[-2.540674920074463]
JVASP-126745,KZn,-1.7428371858520508,[-1.7428371858520508]
JVASP-128254,KTa,-0.6244227838439942,[-0.6244227838439942]
JVASP-125033,Ar3K,-3.0647480440063477,[-3.0647480440063477]
JVASP-125213,KBr3,1.5682032156066894,[1.5682032156066894]
JVASP-125513,KAl3,-1.2717477035446167,[-1.2717477035446167]
JVASP-141782,K6MoN4,6.1099937009887695,[-2.92521309375, -2.4785005998535157, -2.2496530961914063, -1.5290372323913575, -1.9097258996887208, -1.2384645891113282, 0.09850955487060542, 1.6752002286987304, 2.956791644104004, 0.6704986143188476, 0.3500335264282226, 6.1099937009887695]
JVASP-140011,KLaTiO4,4.742286925323486,[-0.6561138582153321, 0.4943501997070312, 4.263340239532471, 4.742286925323486]
JVASP-143895,K2MnN2,1.6600849676208496,[-1.7502493810577393, -1.4994935941619874, 0.9498493719177246, 1.6600849676208496, 0.3549187231140136, 1.2460968542175292, -0.01930212496948247, 0.4713518667297363]
JVASP-143646,K5Pr4Si4O16F,5.027948145874023,[-0.5552561235351563, 1.6478822279052734, 5.027948145874023, 2.11608386517334, 0.6714050817565917]
JVASP-144359,K8Sb2Te,1.7887375402526855,[-1.6347321224136353, -1.2623854827804566, -0.21623277186584478, -0.23163210868072515, -0.4494727802200318, -0.4971473169250489, -0.7120299291534424, 1.7887375402526855]
JVASP-140021,KCr5Se8,0.17901635647583003,[0.17901635647583003]
JVASP-143166,K2TiCu2S4,0.24252295971679683,[-0.17693686007690435, 0.09952378750610347, -0.056773896209716845, 0.24252295971679683]
JVASP-144362,K6InP3,1.308528428085327,[-1.3943328213615418, -1.8711917948646546, -1.5733463716430665, -0.5089464139862061, -0.5359287214202881, -0.3859779786987305, 0.03898358822631831, 1.308528428085327, -0.19824414967727666, -0.6043648075981141, -0.17589556693267827, 0.25603759766387935]
JVASP-141560,KMnPO4,2.421942954071045,[0.7747371244506835, 1.2026736784057617, 1.3768770742492675, 2.421942954071045]
JVASP-140864,KBa2Nb3O9,0.22412324429321284,[0.22412324429321284]
JVASP-140865,KAlSi3Ni3H2O12,1.0646626997070312,[1.0646626997070312]
JVASP-142708,K3ScV2O8,2.6316406774597167,[-0.19300436495971685, 2.6316406774597167, 2.6307899999694824]
JVASP-144139,K3HoP2O8,3.3384535360412597,[-0.20134663104248052, 2.911426310546875, 3.3384535360412597, 2.749195342071533, 2.62015462399292, 1.8982040929870605]
JVASP-140866,K4Sr2SnAs4,0.9150537300186157,[-1.6247186613006592, -1.2101254415435792, -1.6084258508605958, -1.0550212812347413, -1.2654876661224366, -0.48205112933349614, 0.9150537300186157, -0.023740167610168506]
JVASP-141807,K2Nb4Fe2O13,0.9997808981018066,[0.5837070989685058, 0.9997808981018066]
JVASP-144149,TbK3F6,8.843641285903932,[0.8121352243499755, 8.843641285903932, 2.185270075805664, 2.9919440794067382, 3.4048826742248535, 5.513932471282959]
JVASP-144150,KAgTeS3,1.0591449785308837,[0.2466862249450683, 0.6874687719421386, 0.6345953989105224, 1.0591449785308837]
JVASP-143196,KBa2V2ClO7,0.23781180859374995,[0.044126276977539014, 0.23781180859374995]
JVASP-144618,KLuC2O6,1.1733286428527832,[0.5786497640686035, 1.1733286428527832]
JVASP-141125,K2La2Sb2S9,0.5554184961395263,[0.38998818875122065, 0.02026868344116206, 0.5554184961395263, 0.17066288471984858]
JVASP-144619,KCrC4O8,1.0593254613952636,[1.0593254613952636, 1.0365831899719238]
JVASP-144622,KNiBr3O6,2.450277571685791,[2.450277571685791, 2.281226878173828]
JVASP-142134,K6ZnSe4,1.5808876800613403,[-1.3239033174438477, -0.6935567808074952, 0.03168106556701655, 0.5033764886932373, 0.7421408939437866, 1.5808876800613403, 1.0808910179214477, 0.627850060470581, 0.9035786438064575, 1.0745894956665039, 0.5336158919410705, 0.44802970171737666]
JVASP-141364,KLaS2O8,1.9020040083007812,[1.9020040083007812, 1.8023717451171875]
JVASP-139783,K5BaTaP4,0.81843925,[-1.710730786315918, -1.2654221010131836, -1.652026886932373, -0.8799931955261231, 0.10484791279602046, 0.5153346109466552, 0.81843925, 0.7530744123535156, 0.8181374120788574, -0.9959237527770997]
JVASP-141369,K3Au3Br8,3.544102911956787,[0.9188111472206115, 1.4029430794792175, 0.9901956367568969, 1.5217880058364868, 3.544102911956787, 3.4361276674346923]
JVASP-140430,KMg3AlSi3H2O12,0.4008119154052734,[0.4008119154052734]
JVASP-140431,KAlSi3O9,2.809162383087158,[2.809162383087158]
JVASP-129858,KCa3,-1.9476425599975586,[-1.9476425599975586]
JVASP-140434,K3HSe2O8,3.8403289365844726,[1.957623009689331, 2.2068543481903076, 2.4270546484069824, 2.124549632080078, 3.8403289365844726, 3.8369534063415527]
JVASP-144185,KAlSi3O8,4.698142771728516,[0.9043881940917968, 4.698142771728516]
JVASP-144186,K2Nb3S6,1.5549733686523437,[-0.6527574014587403, 1.2063868093566894, -0.042595143310546923, 1.5549733686523437]
JVASP-132882,KTaF6,1.9015157270507812,[1.5235021162109375, 1.9015157270507812]
JVASP-143963,KMoPClO5,1.3053391027526855,[0.6754496145324707, 1.3053391027526855]
JVASP-133457,KYNb6Cl18,0.5421478796081542,[0.5421478796081542]
JVASP-132889,K2ZnSi3O8,2.651867632873535,[2.464263682373047, 2.651867632873535]
JVASP-133461,K2SrCl4,5.72720504284668,[-0.2781994295043946, 1.1377065229492187, 5.72720504284668, 2.150726084716797]
JVASP-142791,KBa4Fe10As10,-0.9622619104309083,[-0.9622619104309083]
JVASP-142792,K2ZrP2O8,3.521719698913574,[3.322995429046631, 3.521719698913574]
JVASP-122578,KSn7,-1.8276685428543091,[-1.8276685428543091]
JVASP-143716,KZnP3O9,2.2383339452819824,[1.7345097112731933, 2.2383339452819824]
JVASP-133128,KPO4,2.9306771802978515,[2.9306771802978515, 2.159987216003418]
JVASP-124353,KHg,-1.4067280244750977,[-1.4067280244750977]
JVASP-143720,KLuMo2O8,1.7126610326843261,[1.0757200765686035, 1.7126610326843261]
JVASP-143721,K2ThO3,4.1444737958984375,[-2.1613900613708497, -1.5968396615905762, -1.9370992135925293, -1.3568894815368653, -0.18610357760620122, 0.7203295278625488, 4.1444737958984375, 2.5191237974243164]
JVASP-143722,K2RbSmV2O8,2.8547122526245117,[-0.1552917909545899, 2.8547122526245117]
JVASP-143723,K3CeAs2O8,3.3236258077697753,[0.36514306546020503, 0.6696827459411621, 0.9296577024536132, 1.7525203275756835, 3.3236258077697753, 2.754758124359131]
JVASP-139831,K2HgCl4,3.6973370957450866,[1.4342851686553955, 2.3303635168151855, 3.4656577754096984, 3.6973370957450866, 2.068039898880005, 1.907404904373169, 2.3456642675476074, 2.5926053571777343]
JVASP-141186,K5C3N6,1.3390724706726074,[-1.0331165742797852, -0.6173794221801758, 0.39567828656005855, 0.6488654661254882, 1.3390724706726074]
JVASP-132898,K3MnCrO8,3.9334142255859375,[1.1700103330688476, 1.632303004272461, 3.9334142255859375]
JVASP-141188,KCo2Mo2O10,2.2564189481811523,[2.2564189481811523]
JVASP-140676,KV2FeAg2O8,0.8650705862121582,[0.8521244573669433, 0.8650705862121582]
JVASP-140681,K2PdO4,3.8611459779815673,[2.5370538282470703, 3.2031781721191406, 3.505518918045044, 3.8611459779815673]
JVASP-133507,KCr2S4,1.1613328504638671,[-0.9004528474731446, 1.1613328504638671]
JVASP-143520,K2AgF4,4.909018223293304,[3.3868165063934326, 2.707242732055664, 4.630042021282196, 4.909018223293304]
JVASP-133156,K2HgS4,1.0967294025497436,[-0.06364857672882085, 0.00012434006500239292, 1.0967294025497436, 0.40558946610260005]
JVASP-141912,K2SnS3,2.3071935224609375,[0.30159068585205073, 1.3216519403533935, 2.3071935224609375, 0.9260664033966064]
JVASP-132321,KNd3,-2.5613322210235596,[-2.5613322210235596]
JVASP-141207,K6ZnS4,2.7825820493774414,[-1.363240952484131, -0.6611735773010254, 0.256587271697998, 1.048213486679077, 1.336402659423828, 2.03706980229187, 1.1715418148117065, 0.6614707756118774, 1.0419591713027954, 1.3373335647659301, 1.8140139627532958, 2.7825820493774414]
JVASP-142838,KBaFeO3,1.565438990600586,[-0.314882512084961, 0.2597138929443359, 0.8047730970458984, 1.565438990600586]
JVASP-130684,KLi8,-2.6142911267204285,[-2.6142911267204285]
JVASP-139265,KLa,-2.1633318614883423,[-2.1633318614883423]
JVASP-141445,KNa2NiO2,-0.6379773569030762,[-1.411552662841797, -1.2343127679748536, -1.2609207582397461, -0.6379773569030762]
JVASP-141932,KO2,2.381875519760132,[0.6147558736877441, 0.8254358816223144, 0.9105348634796142, 2.381875519760132]
JVASP-139885,K2LiMn2O4,2.647824530609131,[-0.9737613153381348, 0.04590631008911128, 1.413299803741455, 2.647824530609131]
JVASP-131743,KDy8,-2.7760389995498658,[-2.7760389995498658]
JVASP-137657,KErC2O6,1.0547454404907226,[0.6367585706787109, 1.0547454404907226]
JVASP-140269,KMoO4,3.7469899702148437,[1.592698340423584, 2.894237761505127, 3.192168955810547, 3.7469899702148437]
JVASP-137658,K3ErF6,9.005521063812257,[0.40873909474182124, 1.4571819353179931, 9.005521063812257, 3.3514936018066406, 3.0554840612487792, 4.387954478271484]
JVASP-143541,K4MgCu3F12,5.980476741798401,[1.2323596525268554, 2.7485907125549316, 3.1497341442184448, 5.980476741798401]
JVASP-141448,KMnSn3O8,0.8632252264099121,[0.8632252264099121]
JVASP-135270,K3Pd,0.7608592557983398,[-2.0286011648101807, -1.2238278341217042, 0.7608592557983398]
JVASP-141451,K2PSO8,3.795377497680664,[2.5074164915161132, 2.470635180480957, 3.795377497680664, 2.954679255493164]
JVASP-140274,K2S2NO6,3.14440942288208,[1.7036306905822753, 3.14440942288208, 2.638937716491699, 2.6991002607421875]
JVASP-140978,KVOF4,2.5216825056152343,[1.931636099822998, 2.344235663421631, 2.1762502241210937, 2.5216825056152343]
JVASP-140979,KNa2NiO2,-0.6604294729156495,[-1.3973603200836182, -1.5193343114776612, -0.6604294729156495, -0.9174284887237549]
JVASP-142251,K3Se2O8,3.0146102953033447,[3.011299138076782, 2.2233972597198486, 2.6478755521850585, 2.711118941314697, 3.0146102953033447, 2.2267894792633056]
JVASP-140981,K2Cr2O7,3.593616251953125,[1.1613447713928222, 1.6886932897644042, 2.098111872680664, 3.593616251953125]
JVASP-140282,K2Ca2MgS4O18,2.334982638366699,[2.290008788116455, 2.334982638366699]
JVASP-141949,K6HgSe4,1.3417853164749145,[-0.8406549048347474, -0.40141564130020146, 0.21531641960906978, 0.5223997879104614, 0.3089076924400329, 1.117869203098297, 1.3417853164749145, 0.7980223941879272, 0.6094382453041076, 0.5329992222862243, 0.04729521752166743, 0.5292376327590942]
JVASP-140283,K2CS3O,0.8147442388610839,[0.23492217541503901, 0.5308945226745605, 0.21153617382812495, 0.589569334991455, 0.7770526456909179, 0.8147442388610839, 0.39735866070556636, 0.6135437536315917]
JVASP-142581,KInW2O8,1.25500512600708,[1.0205414342956542, 1.25500512600708]
JVASP-136888,KP,-0.947544808380127,[-0.947544808380127]
JVASP-136890,KP,-1.2142304134292603,[-1.2142304134292603]
JVASP-136892,KP,-1.5480024766845704,[-1.5580775690002442, -1.5480024766845704]
JVASP-137686,KOsNO3,2.1145203161315917,[0.8367846059875488, 2.1145203161315917]
JVASP-136894,KP,-0.36531745909881597,[-0.36531745909881597]
JVASP-141237,K3MnPCO7,4.5012266683654785,[-0.26145386218261724, 0.17765975476074214, 1.7435667562561035, 2.704824690826416, 3.6491053152160644, 4.5012266683654785]
JVASP-142590,KCo2O4,2.3540985632019042,[1.5521915006713867, 1.2461936521606445, 2.040027861602783, 2.3540985632019042]
JVASP-136895,K2P,0.37115574360656733,[-1.073243255607605, 0.37115574360656733]
JVASP-141238,K2AsPCO7,2.1507132101135253,[0.7403647947387695, 1.8218247938232421, 1.171051268585205, 2.1507132101135253]
JVASP-136896,KP2,-0.4461095285339356,[-0.4461095285339356]
JVASP-136897,KP3,-0.6221661519927979,[-0.6221661519927979]
JVASP-136898,K3P,0.5560027408676147,[-1.172632093421936, -1.2204469394607544, 0.5560027408676147]
JVASP-141678,KCaH3,-0.2937209558410645,[-1.833667511932373, -1.5360848855895997, -1.325159783355713, -0.2937209558410645]
JVASP-141972,K2RbTmV2O8,1.5744454908447265,[-0.18893074511718755, 1.5744454908447265]
JVASP-144742,K2NaFeO3,4.731986289031982,[-1.027601714126587, -0.7458977651519776, -0.7561745595855713, -0.46922254084777837, -0.489248270980835, 0.15757036686706538, 2.6015141058044433, 4.731986289031982]
JVASP-144275,KCuO,2.654891257293701,[-0.530225152961731, 0.04089081764984126, 2.2183313417510986, 2.654891257293701]
JVASP-132466,KS31,0.3862988996582031,[0.3862988996582031]
JVASP-130767,KHo8,-2.771841044418335,[-2.771841044418335]
JVASP-140765,KAg3Te2,0.38955224037933345,[-0.1952613544387818, 0.38955224037933345]
JVASP-132009,KLa3,-2.3746297311706543,[-2.3746297311706543]
JVASP-142313,KSmTiO4,4.070162539489746,[-0.666844124786377, 0.6483185339050292, 3.607631449707031, 4.070162539489746]
JVASP-133232,K3NaFeCl6,4.132528548248291,[0.2717711973266601, 1.638333802230835, 4.132528548248291]
JVASP-142316,KUSiHO6,2.039116148956299,[0.5254023122863769, 2.039116148956299]
JVASP-140326,KDyMo2O8,1.3594872999267578,[0.8409183073120117, 1.3594872999267578]
JVASP-140327,K2RbErV2O8,1.4570796537475585,[-0.2551958513183594, 1.4570796537475585]
JVASP-140328,KAlBr4,3.5301756906585693,[0.6336376714782714, 1.038677458770752, 1.7793631601409912, 3.5301756906585693]
JVASP-137726,K2CaNiN6O12,1.2545578527526855,[0.6594669866638183, 1.2545578527526855]
JVASP-140329,K6Na4Tl13,-1.09832739352417,[-1.455467696182251, -1.8245251130981446, -1.09832739352417, -1.5448062372131348, -1.4203164529724122, -1.2702319574279786]
JVASP-140330,K2Ge2O3,2.091572051055908,[-0.5719506692810059, -0.23281883715820317, 0.7004787969665527, 2.091572051055908]
JVASP-140331,K2CoI4,1.7757510590629577,[0.30774361372756953, 1.40039748431015, 1.7757510590629577, 0.6727810549812316]
JVASP-124863,KC3,-5.025038475982666,[-5.025038475982666]
JVASP-111740,KSmMo2O8,1.3987271833496093,[0.8993852186279296, 1.3987271833496093]
JVASP-130832,KP3,-0.633418078414917,[-0.633418078414917]
JVASP-130862,KTe2,0.30267668247985835,[0.30267668247985835]
JVASP-143848,KCu2H3S2O10,1.9208848524169921,[1.9208848524169921]
JVASP-143849,KMg3GaSi3H2O12,0.8500125455932617,[0.8500125455932617]
JVASP-143850,KCeMo2O8,0.9795572805480957,[0.9795572805480957]
JVASP-130065,Tb8K,-2.6575183820648194,[-2.6575183820648194]
JVASP-141729,KCu2BiS3,1.3738102960662841,[0.10935283184814448, 0.39996433735656733, 0.9109900045471191, 1.3738102960662841]
JVASP-144322,KDyTiO4,5.742550616271973,[-0.5389516305847168, 0.22740769863891597, 3.8059289503173828, 5.742550616271973]
JVASP-144323,KCrS2O8,2.816354517944336,[1.996406321533203, 2.816354517944336]
JVASP-141300,KNb2Cl11,2.590334420211792,[0.7673368501739501, 2.590334420211792]
JVASP-141302,KNaTeH6O6,0.5343458700256347,[0.45022750378417964, 0.5343458700256347]
JVASP-133280,KZnB3O6,5.428018336303711,[1.2374608564453125, 5.428018336303711]
JVASP-141740,YbKBr3,7.452019815452576,[-0.2645921659393311, 0.3196334886627197, 7.452019815452576, 2.73483694077301]
JVASP-123813,KBi5,-0.8164140534324646,[-0.8164140534324646]
JVASP-133286,KTeO4,2.4749608087615966,[2.4749608087615966, 2.391601567276001, 1.8488714742736816, 1.8873875188903808]
JVASP-141070,KSn2,-0.5694684338493348,[-0.624759848110199, -1.3231976580543519, -1.382556970111847, -0.5694684338493348]
JVASP-131066,KTl,-1.1384425115509034,[-1.1384425115509034]
JVASP-124943,KAc3,-2.411222751132965,[-2.411222751132965]
JVASP-144849,KFeI3,0.4101320552902221,[0.15276515961456294, 0.163783316619873, 0.4101320552902221, 0.3560311842041015]
JVASP-131154,KRb,-2.1670935106201172,[-2.1670935106201172]
JVASP-141317,KI3O9,3.2227304029541015,[2.6558711576538085, 3.2227304029541015]
JVASP-111995,KCu3As2O10,3.4105145979003906,[3.4105145979003906]
JVASP-121433,KAu2O4,3.851163153656006,[3.851163153656006, 3.2976229238586425]
JVASP-121434,K2Zn3S4,2.6778703975753784,[-0.4383573484344483, 0.10126710415649409, 1.5629946041183471, 2.6778703975753784]
JVASP-141760,KYTa2O7,3.357841734893799,[-0.33271574496459966, 3.357841734893799]
JVASP-141762,K2TiTe3O12,2.2093541669921875,[1.376655344970703, 2.2093541669921875]
JVASP-133320,K3NaOs2O9,3.391075854309082,[1.397257094390869, 1.4841816473083496, 2.075463061340332, 2.9574363279418945, 2.256382708557129, 3.391075854309082]
JVASP-144117,K2TlPCO7,3.133070712097168,[1.565404181488037, 2.5279905843811035, 2.534304385192871, 3.133070712097168]
JVASP-132820,K2BaV2ClO7,1.7199752378540039,[0.7761151838378906, 1.3718974638061523, 1.7199752378540039, 1.306161646850586]
JVASP-131365,KHf,-2.2301108789367676,[-2.2301108789367676]
JVASP-121549,K2Ca2MgH2S4O16,2.579892878540039,[1.902395491607666, 2.579892878540039]
JVASP-132827,K2MgZrMo4O16,1.4515755224304199,[0.688349967010498, 1.4515755224304199]
JVASP-133708,K2MnP2Se6,1.223947768218994,[-0.018514151565551806, 0.07466221333312983, 0.38768125057983394, 1.223947768218994]
JVASP-133354,KScW2O8,1.652123217590332,[1.652123217590332]
JVASP-133357,KCeS2O8,1.6620748090820312,[1.5348212766723632, 1.6620748090820312]
JVASP-132847,K3VSO3,2.540769343383789,[-0.7852361154479981, -0.21622728823852544, 0.7658546018676757, 1.895643954284668, 2.4364984083251953, 2.540769343383789]
JVASP-137235,KCaPO5,2.681108241088867,[1.6867368269042968, 2.681108241088867]
JVASP-137248,K2PtC4N4Cl2,1.0765330839233398,[0.07393575192260737, 0.6600678014831542, 0.9286773252563476, 1.0765330839233398]
JVASP-137264,K2CoO3,2.9024090814666748,[0.22229600430297847, 1.0403955030517578, 0.4142906713562011, 1.255810503967285, 2.6053667116241455, 2.9024090814666748, 2.120439295776367, 2.5655410337524414]
JVASP-137282,K2Na4Co2O5,-0.4347994279785157,[-0.9639713716430665, -0.77844213961792, -0.4875256967468262, -0.4347994279785157]
JVASP-145215,KHgI3,1.66173279763031,[0.4948704290466308, 0.7572178888397216, 1.5213981914596557, 1.66173279763031]
JVASP-154277,KSbSe2,0.7951233434753417,[-0.21281396865081792, 0.23521149636077876, 0.4316189336853027, 0.7951233434753417]
JVASP-146720,K2BaCoN6O12,1.4221022176818847,[0.5331747579650878, 1.4221022176818847]
JVASP-154463,KNd2CuS4,0.25562119961547847,[0.25562119961547847, 0.09993768215942378]
JVASP-147306,KYBeF6,2.671741728790283,[0.4545586156921386, 2.671741728790283]
JVASP-154898,KAgF3,4.74786925793457,[2.5182243633346557, 2.7512139129714965, 3.5736520338134765, 4.74786925793457]
JVASP-152943,K2MoSO3,1.9936444807128906,[-0.25690817355346685, 0.7688343572692871, 1.1500022459106445, 1.9936444807128906]
JVASP-133709,K2Y4Cu4Se9,0.11182332516479487,[0.11182332516479487, -0.19567846774291997]
JVASP-146361,KMgBO3,4.36447024822998,[3.172659640319824, 3.0973517942504882, 3.5122344541625976, 4.36447024822998]
JVASP-150445,K2UF6,2.361814265258789,[0.9877984571533203, 2.361814265258789]
JVASP-145459,KVH4O7,1.54765010357666,[1.157747988708496, 1.54765010357666]
JVASP-145984,KTe3Mo3,0.015119318969726514,[-0.3605349016113282, 0.015119318969726514]
JVASP-146180,K3FeS3,1.723734145172119,[-0.48785328387451177, -0.3711774301452637, -0.18544911860656743, -0.015206809036254931, 1.2113173055725097, 1.723734145172119, 0.7911498594360351, 0.7951619672851562, 1.1477158117370605, 0.7509634542541503, -0.5448939752502442, 1.5839407491760253]
JVASP-154037,KBiF6,3.7006001520233154,[3.7006001520233154, 3.4840266752319335]
JVASP-150932,K2CoSe2O6,1.7349612760620117,[0.6811072874145507, 1.7349612760620117]
JVASP-149201,KO2,2.981614832885742,[0.40503287792968745, 2.981614832885742]
JVASP-152745,K3FeO3,2.3479132700042724,[-1.0701541852874756, -0.013600821487426806, 1.5796637582855224, 2.3479132700042724, 2.172375683792114, 1.6407489824371337]
JVASP-141945,K3Zn2Cl7,3.610578124530792,[0.7333320427017211, 1.876533036239624, 3.2799163508491516, 2.8888128447608947, 3.610578124530792, 2.93177217722702]
JVASP-150457,KTh2Se6,0.33577085018920894,[0.33577085018920894]
JVASP-153166,K3SbS4,1.581702952392578,[-0.1380953740997315, 0.016868596084594678, 0.796807055480957, 1.581702952392578, 1.571467642791748, 1.5680506277160644]
JVASP-141973,KCoF4,4.687033896453857,[2.4879989671783447, 2.421880249984741, 4.650982146270752, 4.687033896453857]
JVASP-146195,K5Tm3I12,-0.16427206515502935,[-0.8352884006423951, -0.7527669620437623, -0.2699022245330811, -0.2503869485778809, -0.16427206515502935]
JVASP-154297,K5Te3,2.2160167741851806,[-0.9546936702651978, -0.1707557392044068, 0.48696047545242305, 0.37968653918075557, 0.3102695989685058, 0.527386193283081, 0.12773025513458247, -0.5658022117538453, 1.9043006944732666, 2.2160167741851806]
JVASP-141990,K4Ba2SnSb4,-0.6243414831085206,[-1.4754652929229737, -0.9875993680877686, -1.5836403322143555, -1.4527196836395264, -1.4400436830444336, -1.1144623708648682, -0.6243414831085206, -0.9754092645568848]
JVASP-155407,KAg2AsS4,0.6792285490112304,[0.6792285490112304]
JVASP-146196,K4H5Se4O16,4.221163754470825,[1.7896034765319824, 2.7342307615356445, 3.309647803314209, 4.221163754470825]
JVASP-151588,KCdN3O6,1.118896489151001,[1.118896489151001]
JVASP-155408,KAg2PO4,1.0966713476257324,[1.0966713476257324]
JVASP-155409,KCrAg2S4,0.4910662221984863,[0.4910662221984863]
JVASP-154519,KPuCO5,1.732961897857666,[0.9278547811584472, 1.732961897857666]
JVASP-150237,K2UF6,2.3673455762939453,[0.9835870313720703, 2.3673455762939453]
JVASP-149805,K2CdPb,-0.21082400798034673,[-1.4943289709014893, -0.21082400798034673, -1.547262425415039, -1.092581028930664]
JVASP-152554,KAlS2O8,2.7700936842041015,[2.7700936842041015]
JVASP-142015,KMnN,3.858062987335205,[-2.18622326373291, -2.0360557985229493, -1.1351516199035645, 3.858062987335205]
JVASP-155410,KFeAg2O4,0.39369702816772456,[0.39369702816772456]
JVASP-152968,K2WO4,1.9342572736816406,[-0.23650907992553716, 0.6489985036926269, 0.4464843320922851, 1.9342572736816406]
JVASP-155411,KLi2AsO4,0.8617966222839355,[0.8617966222839355]
JVASP-155412,KLi2PS4,0.3205955076293945,[0.3205955076293945]
JVASP-155413,KLi2SbS4,0.5184018659667968,[0.5184018659667968]
JVASP-155414,KMnAg2O4,0.4022009420471191,[0.4022009420471191]
JVASP-155415,KMnAg2S4,0.38650823117065425,[0.38650823117065425]
JVASP-155416,KTaAg2S4,0.18124962330627437,[0.18124962330627437]
JVASP-147518,KBaAsO4,2.9755218076782226,[0.31674361706542964, 0.807610278137207, 1.9554784345703125, 2.9755218076782226]
JVASP-149229,KO2,2.996307139404297,[0.4049041318969726, 2.996307139404297]
JVASP-147334,KAlNiF6,3.1244046735839843,[1.512063746459961, 3.1244046735839843]
JVASP-155417,KVAg2O4,0.20570588589477534,[0.20570588589477534]
JVASP-154527,K2SnTe5,0.9554780769424438,[-0.6391551446838379, -0.24160742282104497, -0.14453207968902593, 0.9554780769424438]
JVASP-155418,KVAg2S4,0.31624293804931636,[0.31624293804931636]
JVASP-143165,KMo2P4O14,1.7846767950134277,[1.7846767950134277]
JVASP-147335,KZr12Te16,-0.31211542605590825,[-0.31211542605590825]
JVASP-150480,K2UF6,2.3883073377685546,[0.9584500837402343, 2.3883073377685546]
JVASP-150039,KSnSe2,0.7403051900939941,[-0.4220612001342774, 0.7403051900939941]
JVASP-154941,KBiP2Se6,0.4423496770935058,[0.22989345074462886, 0.4423496770935058]
JVASP-149823,KTl,-0.9028813791198731,[-2.048828120223999, -1.9336371374053956, -1.202845330230713, -0.9028813791198731]
JVASP-151368,KCuF3,4.170818452842712,[1.9560781765060424, 4.170818452842712]
JVASP-153785,KTeP2,0.4847385931091308,[-0.45519566058349614, -0.19184755801391606, -0.09290909289550786, 0.4847385931091308]
JVASP-111469,K3SI,3.6140034246520996,[0.14293021441268916, -0.1037000965995789, 0.8204291510658264, 1.060363237865448, 0.966071074016571, 0.574426000125885, 0.7451826381759643, 0.387670879371643, 0.8135220456199646, 0.7616623091773986, 0.6088122177200317, 2.5434107828216552, 0.6735817241744995, 1.3006300973968505, 2.86445713520813, 3.6140034246520996, 3.5522103357391357, 1.8781406927185058]
JVASP-152175,K3Mn2Cl7,4.637720828063965,[0.9468650865631103, 1.8275456476287841, 4.637720828063965]
JVASP-111470,K2LuSbO7,4.877614502914429,[2.4305455732421875, 1.0821926641540527, 3.918541913040161, 4.877614502914429]
JVASP-150051,KAlO2,4.45340657711792,[-0.7719743204040528, 4.45340657711792]
JVASP-146400,KYC2O6,1.294525389678955,[0.6438133764343261, 1.294525389678955]
JVASP-144825,KNa2AlH6,-0.9590384912414551,[-1.6695582818908692, -0.9590384912414551]
JVASP-154949,KFeCl3,1.9460375356750488,[1.055816893585205, 1.4336769628601074, 1.7214891958312988, 1.9460375356750488]
JVASP-155282,KZn5,-1.4271042299194336,[-1.4271042299194336]
JVASP-152580,KAlMo2O8,1.1091058302001953,[1.1091058302001953]
JVASP-155633,KSi2Pt2,-1.1107585382385254,[-1.1107585382385254]
JVASP-155292,K2CeI6,1.9200366187171936,[-0.18716525553894048, 1.9200366187171936]
JVASP-149846,KFeO2,0.6154840040283203,[-0.7662231874389649, 0.6154840040283203]
JVASP-145299,TbKC2O6,0.9169790792541503,[0.68646264553833, 0.9169790792541503]
JVASP-155293,K2CrI6,1.365144138343811,[1.122788672454834, 1.365144138343811]
JVASP-155638,KAl2Ge2,-1.3826253366394043,[-1.3826253366394043]
JVASP-150747,Yb2KF7,3.9674794721679687,[3.9674794721679687]
JVASP-149263,KO2,2.998802666671753,[0.3759913492279052, 2.998802666671753]
JVASP-155294,K2IrI6,1.7279876518325805,[0.8395397114830017, 1.7279876518325805]
JVASP-145300,KSmC2O6,1.0314385938720703,[0.38789821148681636, 1.0314385938720703]
JVASP-111816,K6Mo6C5Se8N5,6.43556046963501,[-0.40373157977294927, 0.619413142211914, -1.7103908014221192, 2.407655959136963, 1.4884445715026855, 6.43556046963501]
JVASP-155295,K2RhI6,1.574298625,[0.6380543756561279, 1.574298625]
JVASP-145301,KTmC2O6,1.2448113012390136,[0.5827906179504394, 1.2448113012390136]
JVASP-146032,KHg5Cl11,2.044202451713562,[2.044202451713562]
JVASP-155296,K2SF6,5.131474022872925,[2.274223570831299, 5.131474022872925]
JVASP-155297,K2SI6,1.7802432823257446,[0.5993422913627624, 1.7802432823257446]
JVASP-153814,KNbF6,2.0031189966278076,[1.701655392654419, 2.0031189966278076]
JVASP-155298,TbK2I6,2.372335438735962,[-0.4120749187393189, 2.372335438735962]
JVASP-155642,KCu2As2,-0.38978385447692876,[-0.38978385447692876]
JVASP-153011,KLaGeSe4,0.6831309843139648,[0.10267615795898433, 0.6831309843139648]
JVASP-145305,KCaBr3,7.5875972557144165,[-0.3496863794250489, -0.03613066195678716, 0.9970508861618042, 7.5875972557144165]
JVASP-155299,K2VI6,1.106822674282074,[0.15621757984924312, 1.106822674282074]
JVASP-145306,K3PO5,2.995450978286743,[2.0132315206604003, 1.2034599828796386, 2.5852370309906005, 2.8017621088104248, 2.995450978286743, 1.7101011324005126]
JVASP-145308,KCaEr2CuS5,0.21776271343994136,[0.15045524121093745, 0.21776271343994136]
JVASP-145310,K2MnOF5,6.908686881072998,[2.2586572218017578, 3.7383582639770507, 4.476450686462402, 6.908686881072998]
JVASP-145311,KSi3As3,0.4819436121063232,[-1.0830280733032227, -1.0666673135681153, 0.41658354283142085, 0.4819436121063232]
JVASP-153015,KTe3Mo3,-0.034331078521728564,[-0.3129146051330567, -0.034331078521728564]
JVASP-145093,K8SbO3,24.84189433337021,[-1.395892615310669, -1.016422743789673, -0.4035781574172974, -0.5070468139572144, 0.09034824848937983, 2.1296191263275146, 1.256270711429596, 24.84189433337021]
JVASP-151826,KAgO,2.7376365709381103,[0.008859877593994092, 1.1173059988098144, 1.91332769871521, 2.7376365709381103]
JVASP-156252,KBeAs,0.27203393460083003,[-2.3332574319763184, 0.27203393460083003]
JVASP-156253,KZnBi,1.3263653564529418,[-1.6287344646377564, 1.3263653564529418]
JVASP-153824,K2H4OsO6,1.3729403066711425,[0.6846187162475585, 1.3729403066711425]
JVASP-155659,KZn2As2,-0.4191902828140259,[-0.4191902828140259]
JVASP-145542,K2V3O8,2.259424929626465,[0.5637962865905761, 0.9403832006530761, 1.3944461393432617, 2.259424929626465]
JVASP-155660,KGe2Ir2,-1.395744557373047,[-1.395744557373047]
JVASP-147555,KHoMo2O8,1.3462116766052246,[0.7299950170593261, 1.3462116766052246]
JVASP-154792,K2CoP2H6O8,1.4820396947937011,[0.6170718717651367, 1.4820396947937011]
JVASP-155322,K2CrBr6,2.567896013267517,[2.346695070274353, 2.567896013267517]
JVASP-147556,K4HfO4,12.05276656628418,[-1.8450095605773926, -1.3534724664611817, -0.21932386874389653, 2.058284049041748, 3.8694589185791015, 3.5643537092285156, 4.021725420959473, 12.05276656628418]
JVASP-155323,K2CrCl6,3.728457813270569,[2.831512694366455, 3.728457813270569]
JVASP-147559,K2Rb4Fe2O5,-1.2358229112548829,[-1.3086187791748047, -1.6601540994567872, -1.4203522157592774, -1.2358229112548829]
JVASP-152817,K2MoO4,2.0631210851745605,[-0.1400344324035645, 0.7939035940246582, 0.627803092010498, 2.0631210851745605]
JVASP-155324,K2IrBr6,2.932684307106018,[1.480856184967041, 2.932684307106018]
JVASP-155325,K2RhBr6,2.778857712753296,[1.4181315946655273, 2.778857712753296]
JVASP-153031,KCr5Se8,0.213923697479248,[0.213923697479248]
JVASP-155326,K2RhCl6,3.932885949619293,[2.131332998283386, 3.932885949619293]
JVASP-155327,K2SBr6,2.928381090171814,[1.5541873622016906, 2.928381090171814]
JVASP-155328,K2SCl6,4.098187928207397,[2.0239899206237792, 4.098187928207397]
JVASP-155329,K2VBr6,2.1225699234085083,[0.8701602268295288, 2.1225699234085083]
JVASP-155330,K2VCl6,3.5871143388824462,[0.9716575193481445, 3.5871143388824462]
JVASP-155673,KSn2Rh2,-1.3633028221054078,[-1.3633028221054078]
JVASP-156269,KBeSb,-0.05345081805419927,[-2.0653488588256836, -0.05345081805419927]
JVASP-133253,KUSiO7,1.917961840637207,[1.2559001493530273, 1.917961840637207]
JVASP-150108,KBe2BO3F2,4.032018427856445,[4.032018427856445]
JVASP-145879,KLiNiO2,2.113203530319214,[-0.30247425555419927, 0.31303859234619136, 0.0825758028106689, 2.113203530319214]
JVASP-145559,KFeBP2HO9,1.6898515272216796,[1.2376620817260742, 1.6898515272216796]
JVASP-155681,KGe2Rh2,-1.2783491563720704,[-1.2783491563720704]
JVASP-146983,KCr2Fe3O14,1.9848702001647949,[1.9848702001647949]
JVASP-145127,K2RuCl5O,4.8897507238464355,[1.650503640182495, 0.9941849756317138, 3.2191038179473876, 4.8897507238464355]
JVASP-147597,KNbWO6,1.4887588071899414,[0.4448821592407226, 1.4887588071899414]
JVASP-155485,KTlS2,2.3729772615509033,[0.6444578218536376, 2.3729772615509033]
JVASP-147600,K4Ba2SnBi4,-0.5647806477470398,[-1.4390214633865357, -1.0266419601364136, -1.4874019575042725, -1.6015150499267579, -1.321833367340088, -1.2968978834075928, -0.5647806477470398, -0.7174777340812684]
JVASP-152832,KV5S8,0.1414601850585937,[0.1414601850585937]
JVASP-155685,KAl2Si2,-0.7167940092010499,[-0.7167940092010499]
JVASP-133287,KVOF3,2.5041029501037597,[1.1652801084594726, 1.189319376953125, 2.0458433675842285, 2.5041029501037597]
JVASP-152639,K3NiO2,2.0960869836883544,[-1.4753100824279786, -0.18635010241699224, 0.561542515762329, 2.0960869836883544, 1.7624998140411376, 1.2581210184173583]
JVASP-155692,KAl2Ga2,-1.5671369385643006,[-1.5671369385643006]
JVASP-152042,KAg2,-0.37127017497253423,[-1.6005885553283692, -1.7915878248138428, -1.0674488496704102, -0.37127017497253423]
JVASP-149080,KHO,10.040704016693116,[-0.06108211993408208, 10.040704016693116]
JVASP-149705,K2AgAs,0.7686536359863281,[-1.6576505851669312, -0.8220620107574463, 0.058609848030090284, 0.7686536359863281]
JVASP-156685,KSr,-1.8640773248596192,[-1.8640773248596192]
JVASP-152844,TbK2RbV2O8,2.994933848388672,[-0.21494316577148442, 2.994933848388672]
JVASP-133353,YbKMo2O8,2.264317755706787,[1.659318213470459, 2.264317755706787]
JVASP-149913,K2CdSn,-0.3279738378448487,[-1.5349554967803956, -0.3279738378448487, -1.0871822786254883, -0.9330356073303223]
JVASP-150350,K2ThF6,3.8940324831085205,[1.6463353681640625, 3.8940324831085205]
JVASP-155174,K2SnCl4,2.4026118564682006,[0.9476770210342407, 2.4026118564682006]
JVASP-149095,KNa2CuO2,-0.669318432800293,[-0.669318432800293]
JVASP-149919,K2AgBi,-0.15006327151489263,[-1.704289193145752, -0.25765847682189946, -0.49666404246521, -0.15006327151489263]
JVASP-147403,K6Co2O5,3.6152198362426757,[-1.350684399597168, -1.355215306274414, -1.1121699762268067, -0.9117224168701172, 0.9634349393920898, 1.5525105047302246, 0.48652649403381343, 2.3458948183135986, 2.226121430404663, 2.659468178756714, 3.6152198362426757, 3.4428718137817382]
JVASP-153055,K3FeO3,2.3503389406280517,[-1.0699210119171143, -0.06474112986755376, 1.6290440607147216, 2.3503389406280517, 1.9186222601013183, 1.9000542211608886]
JVASP-151462,K2PdN2Cl2O4,2.3008415746765136,[1.0860419321136474, 2.3008415746765136]
JVASP-149720,KFeSe2,0.5891745138244628,[-0.3527600717468262, 0.5891745138244628]
JVASP-155182,K2VCl4,1.4306929159240722,[-0.0227248620910645, 1.4306929159240722]
JVASP-153059,KSn2Au4,0.0049853372650146,[-1.206909174911499, 0.0049853372650146]
JVASP-146632,KHgBr3O,2.4860546636657714,[1.6318931627349853, 2.4860546636657714]
JVASP-155183,K2VF4,2.5256648111419677,[-0.4676730585021973, 2.5256648111419677]
JVASP-152062,KFe2Se3,0.4757835912780761,[-0.13966536044311528, 0.4757835912780761]
JVASP-155187,K2ZnCl4,3.4490344572143554,[1.507357363708496, 3.4490344572143554]
JVASP-147213,K2BaFe6As6,-1.0223581743164063,[-1.470120663635254, -1.0223581743164063]
JVASP-148852,K2S,1.87693876505661,[-0.12775396823120122, 0.4026486921386718, 1.270867888935089, 1.87693876505661]
JVASP-154830,K2Ho4Cu4S9,-0.014560456268310595,[-0.014560456268310595, -0.15640902041625981]
JVASP-155194,K2TiCl4,0.7378265905456542,[-0.5118303251190186, 0.7378265905456542]
JVASP-146468,KZnH5S2O10,1.7683961439208984,[1.7683961439208984]
JVASP-154195,KNO2,4.211844210632324,[0.3134458112792968, 1.0637776899414062, 2.3829124021606445, 4.211844210632324]
JVASP-151713,KFe2Se3,0.6507771062927246,[-0.04309153079223638, 0.6507771062927246]
JVASP-150374,K2Ti2O5,4.784341578491211,[0.5291330862121582, 4.784341578491211]
JVASP-146469,KAlCo3Si3H2O12,1.4112446355895996,[1.4112446355895996]
JVASP-149483,K2Sn2O3,1.4134800481872558,[-0.40684198855590825, 1.4134800481872558]
JVASP-151886,K3Ni2F7,5.37597156048584,[1.8968045759277343, 4.412358288772583, 5.37597156048584]
JVASP-145719,K2FeI4,1.603865628250122,[-0.1022379350585938, 0.5647387552337646, 1.603865628250122, 1.0783040571289062]
JVASP-152873,KLaTiO4,3.2826807546691894,[0.6640112447814941, 3.2826807546691894]
JVASP-149152,KO2,2.9976747083740234,[0.4037168073730468, 2.9976747083740234]
JVASP-150383,K4CO4,3.2352187681274414,[-1.8964343023223877, -0.6072952699584961, 3.2352187681274414, 1.7960588979797363]
JVASP-146319,KBiF6,3.9229896116333007,[3.9229896116333007, 3.4480507421569824]
JVASP-152388,KAlS2O8,2.2410600233154296,[2.2410600233154296]
JVASP-152685,KCuS,1.6678965139465332,[0.04504168511199946, 0.45438588143157954, 1.1186862039642333, 1.6678965139465332]
JVASP-145401,KNb6S8,-0.2068836641235352,[-0.2068836641235352]
JVASP-145173,KTiO3,5.097599272735596,[2.0452711629943847, 2.5706827688293457, 5.097599272735596, 3.9971697378234863]
JVASP-145174,K3NaCr2O8,2.285649065979004,[0.23309350491333003, 0.3533165502624511, 1.2122561979370117, 1.1775596189575195, 2.047781710632324, 2.285649065979004]
JVASP-153907,K2FeCuC6N6,0.5788166570739746,[-0.9305970621032715, 0.5788166570739746]
JVASP-150399,K4CO4,2.1047277498321533,[-1.4460205984039307, -0.24574422358703618, 2.1047277498321533, 1.6017425108032226]
JVASP-154675,KY2CuS4,0.10394430638122554,[0.10394430638122554, -0.02077292918396001]
JVASP-151736,KSe,1.010159139640808,[-0.7164765548629761, -0.23561036109161382, 0.5682095336990356, 0.1314283657150268, 0.8142310428695678, 1.010159139640808]
JVASP-153911,KHo2CuSe4,-0.04786824702453618,[-0.04786824702453618, -0.1627244901580811]
JVASP-154676,K5Te3,2.216145401008606,[-0.7766615700645447, -0.30539303540420537, 0.5581268715934753, 0.2892456698493957, 0.30259383202362056, 0.6223819303588867, 0.07174742699432368, -0.5630879354400635, 1.904291276939392, 2.216145401008606]
JVASP-152095,KCr3O8,1.866981272705078,[1.866981272705078]
JVASP-153666,KEr2CuSe4,0.03531480313110347,[0.03531480313110347, -0.18128847598266606]
JVASP-133605,KNa2FeO3,-0.032277340881347705,[-0.8038542222900391, -0.48579048632812505, -0.6191036653442383, -0.032277340881347705]
JVASP-150409,K4CO4,2.11672068119812,[-1.4560110521240235, -0.22523116587829595, 2.11672068119812, 1.6345078992919921]
JVASP-154415,K3Sn4Au,0.18844664574432368,[-1.2259305667800904, -1.3896949243469239, -0.7032834243698121, -1.0907905054016114, 0.1401101398544311, 0.18844664574432368]
JVASP-152111,KSbP2O8,4.213281397827148,[4.213281397827148]
JVASP-146667,KLaMo2O8,1.4392578649597167,[0.8716480779724121, 1.4392578649597167]
JVASP-146502,K2H4IO5,2.9547207403259277,[0.9683377790527343, 1.1219441938476562, 2.336156134613037, 2.9547207403259277]
JVASP-150903,KCr3O8,1.8901269483642578,[1.8901269483642578]
JVASP-147069,KSr2Bi3O9,0.6992313909606933,[0.6992313909606933]
JVASP-152118,KAu2,1.1665731120185852,[-1.0116606902999878, -0.44327079772186284, 0.49541897059249873, 1.1665731120185852]
JVASP-154876,K2Y4Cu4Se9,0.08551288128662105,[0.08551288128662105, -0.21177052973937993]
JVASP-153986,K5CuAs2,0.49317467690277095,[-1.5911974859161377, -1.6264312219543458, -1.068023438446045, -1.2027063321990967, -0.3321651172561646, -0.2632094573898316, -0.2506284665985108, -0.17120122431945806, 0.49317467690277095, -0.03787385939788823]
JVASP-147085,K6OsN4,1.9915483045654296,[-2.66220736026001, -2.031649346343994, -2.216721768371582, -1.6202056360168458, -1.0102674913330079, -1.45379614352417, -0.30820679187011724, -0.6543371629638672, 1.9915483045654296, -1.2485487413330079, 0.05576920986938472, 1.2254059362487792]
JVASP-152929,KMo6S8,0.524538760192871,[0.524538760192871]
JVASP-153996,KCuPdSe5,1.132551913269043,[0.05719209194946284, 1.132551913269043]
JVASP-152931,K2AgF4,4.942136769302368,[3.4831589508132934, 2.863555078514099, 4.757152681358337, 4.942136769302368]
JVASP-153724,KSbSe2,0.7799971151428222,[0.030973558433532666, 0.30323184014129634, 0.31023121357727046, 0.7799971151428222]
JVASP-147461,K8BiO3,11.018026833541871,[-1.5451702427787781, -1.27839570759964, -0.5452020120544434, -0.2796833467407227, -0.20221864699554448, 2.2308006334381103, 0.935897951133728, 11.018026833541871]
JVASP-153383,KSbF6,3.0175135183410644,[2.8080546903686523, 3.0175135183410644]
JVASP-152934,KCeSiS4,0.9281170415954589,[0.10139728070068355, 0.9281170415954589]
JVASP-146694,KSmMo2O8,0.8914082098083496,[0.8914082098083496]
JVASP-146695,K4Gd2C3O9F4,6.248560671813965,[0.3140990781860351, 0.7935197401123046, 4.184192423828125, 6.248560671813965]
JVASP-147467,K2PdO4,6.307794098861694,[2.391674761779785, 3.6448733854370117, 3.7720730352478027, 6.307794098861694]
JVASP-153390,KSbSe2,0.7342011976318359,[-0.0263864946289063, 0.26887917996215815, 0.31046033383178706, 0.7342011976318359]
JVASP-147287,KCoP3O9,2.419369940765381,[2.301555876739502, 2.419369940765381]
JVASP-148217,K2BP2O8,4.6114022779541015,[2.9517667341308593, 4.6114022779541015, 3.853489642150879, 3.211010699279785]
JVASP-146781,KCu2H2S2O10,1.910815958984375,[1.910815958984375]
JVASP-146787,KMnF3,6.41699243069458,[0.2667505788879394, 0.7300999212341308, 1.345379118927002, 6.41699243069458]
JVASP-146807,K4Ti4I12O,0.6671302366333007,[-0.4904980611724854, -0.5084407281799317, -0.058319325439453173, 0.6671302366333007]
JVASP-152532,KCr3O8,1.9322526502685546,[1.9322526502685546]
JVASP-146843,K3VO8,2.8766448545532226,[0.9749736833648681, 1.8435616540985107, 2.8766448545532226]
JVASP-157714,K2MnH6,4.443379168518066,[-0.9039161157531739, 4.443379168518066]
JVASP-157660,K2CoH6,4.105542664535522,[-0.7956955385131836, 4.105542664535522]
JVASP-157726,K2FeH6,3.9888649034576416,[-1.107930893890381, 3.9888649034576416]
JVASP-155773,KTe2Pd2,-0.174678916923523,[-0.174678916923523]
JVASP-157616,K2FeF6,4.6447789716796875,[3.490941290863037, 4.6447789716796875]
JVASP-156328,K2IrCl6,3.8974785852508544,[1.9307825613098144, 3.8974785852508544]
JVASP-157589,K2NiH6,4.888564352996826,[-1.0222077321929932, 4.888564352996826]
JVASP-157702,K2H6Pd,4.107611184127808,[-0.7824013185424805, 4.107611184127808]
JVASP-155557,KInSeO,2.4279632616119384,[0.521815543182373, 2.4279632616119384]
JVASP-155768,KTl2Pb2,-1.2347695779724122,[-1.2347695779724122]
