jid,formula,v_tier1,v_tier2,v_label,partition,max_voltage_tier2
JVASP-47127,Li3SiNi3O8,3.496288776397705,4.177388429641724,3.523,train,4.86920952796936
JVASP-50689,Li4Ti3Cu3Te2O16,3.0853981971740723,3.897832155227661,3.086,train,4.685203790664673
JVASP-48119,LiMn2F5,3.4387454986572266,3.5818943977355957,3.406,train,4.025076389312744
JVASP-56286,LiZnP,0.5386926531791687,1.0514999628067017,0.55,train,2.1354856491088867
JVASP-122012,Li4MnCo2O7,3.511901617050171,4.173599481582642,3.522,train,5.829122304916382
JVASP-100924,Na2LiDyCl6,1.5081299543380737,2.029801607131958,1.529,train,2.4972126483917236
JVASP-24017,LiHF2,5.798913955688477,6.972553491592407,5.693,train,9.349112272262571
JVASP-44057,LiVBO3,1.719002366065979,2.084306478500366,1.744,train,2.29803729057312
JVASP-121708,Li3V4O5F7,3.4104955196380615,4.081424951553345,3.38,train,5.113151788711548
JVASP-41767,LiDy2Ir,0.13965553045272827,0.5447180271148682,0.229,train,1.5826146602630615
JVASP-141919,Li7Co5O12,3.71823787689209,4.332291296550205,3.735,test,5.687652826309204
JVASP-16407,LiRhF6,4.512703895568848,5.554483413696289,4.393,train,7.318403959274292
JVASP-154622,Li2MgIr,1.48432195186615,1.315189242362976,0.975,test,7.082434415817261
JVASP-42175,LiVF4,3.674574851989746,4.330078840255737,3.672,train,5.1544506549835205
JVASP-105804,YbLiPb2,-0.03044208139181137,1.3788611888885498,-0.054,train,3.162686347961426
JVASP-52271,LiAgF2,5.4241204261779785,6.2115742564201355,5.449,train,7.176040410995483
JVASP-66699,LiBe2Mo,-0.5525144934654236,0.703510046005249,-0.467,train,2.689438819885254
JVASP-41719,LiTl2Rh,1.224479079246521,0.8655510544776917,1.199,train,1.502752661705017
JVASP-119357,Li2Mn3TeO8,3.0619688034057617,3.2826836109161377,3.091,train,3.891479730606079
JVASP-136914,LiCl2,4.42500638961792,4.459685921669006,4.57,val,5.580553114414215
JVASP-47015,Li2V2F7,2.9064431190490723,3.329527974128723,2.907,train,4.146950721740723
JVASP-144807,Li7Mn2Co3O12,3.5575714111328125,4.213012456893921,3.56,test,6.099123239517212
JVASP-146711,Li2CoCuO4,3.4874069690704346,4.058518648147583,3.46,test,4.744894981384277
JVASP-145993,Li7Mn2Co3O12,3.3891983032226562,4.191887821469988,3.404,test,6.114236116409302
JVASP-112327,LiTiCoF6,3.9245376586914062,3.766986131668091,3.88,train,3.923414707183838
JVASP-80069,LiZn2Pd,1.4541709423065186,1.153214693069458,1.465,train,2.907984733581543
JVASP-11159,Li2PtF6,6.332232475280762,6.142515420913696,6.129,train,8.074183702468872
JVASP-133693,Li3MnNi3O8,3.482179880142212,3.7728922367095943,3.492,val,4.128913879394531
JVASP-46471,Li4Cr3NiO8,2.997983932495117,3.800893545150757,3.044,train,6.2636730670928955
JVASP-108106,LiLaTi2O6,2.077413558959961,3.398860216140747,2.105,train,6.2954490184783936
JVASP-142084,LiTi2O4,2.6227927207946777,2.625303030014038,2.622,train,2.9516236782073975
JVASP-81256,LiBe2Os,-0.13025414943695068,0.0433628559112548,-0.05,train,0.552656888961792
JVASP-82056,LiAl2Au,1.0575881004333496,-0.09798264503479,0.982,train,-0.09798264503479
JVASP-78433,LiN,4.240158557891846,4.894869446754456,4.139,train,16.895966410636902
JVASP-140321,LiNd2RuO6,1.6225005388259888,2.8944756984710693,2.286,val,3.1263587474823
JVASP-63322,LiAuF4,6.399867534637451,6.728357434272766,6.308,train,8.725526332855225
JVASP-146612,LiCoSnO4,3.1760096549987793,4.651413202285767,3.157,test,5.294450998306274
JVASP-111963,LiVF4,3.846355438232422,3.981115341186523,3.835,train,4.4953320026397705
JVASP-147481,Li7Co5O12,3.724860429763794,4.310804469244821,3.746,test,5.957971811294556
JVASP-43197,Li2MnCr3O8,3.1579599380493164,4.346750974655151,3.168,train,4.835285425186157
JVASP-142159,Li7Mn4CoO12,3.2472405433654785,3.98857045173645,3.272,train,6.335530996322632
JVASP-85235,Li2UI6,1.2007828950881958,1.954001545906067,1.233,train,2.4319121837615967
JVASP-111917,Li2Mn3CrO8,3.332750082015991,3.653714895248413,3.339,train,4.093747854232788
JVASP-44707,Li2TiMnO4,2.6334877014160156,2.8969762325286865,2.642,train,4.201881170272827
JVASP-45175,LiCr2O4,3.130631446838379,4.21856427192688,3.125,train,5.071753740310669
JVASP-48339,Li3Co2Ge2O8,3.393918991088867,4.4674341678619385,3.417,train,5.5072033405303955
JVASP-35933,Li3PrBi2,0.43610894680023193,0.98718523979187,0.496,train,2.598916530609131
JVASP-40709,Li3Ni2OF5,4.168837547302246,5.017293214797974,4.153,train,6.812405824661255
JVASP-42448,Li3V4O3F9,2.9216251373291016,2.9513997236887612,2.928,train,3.240762948989868
JVASP-16683,LiAlAg2,0.8670555353164673,1.2638654708862305,0.853,train,1.8282577991485596
JVASP-24949,LiMnF4,4.389040946960449,5.982055187225342,4.407,train,6.833331823348999
JVASP-10191,Li6TeO6,4.139959812164307,4.598863244056702,4.158,train,6.208141326904297
JVASP-146776,Li7Mn4CoO12,3.37869930267334,3.9979776995522633,3.397,test,5.760376214981079
JVASP-117319,Li4V3Cr3Fe2O16,3.0677733421325684,3.74426531791687,3.087,train,5.156350374221802
JVASP-121297,LiAuF4,5.995081424713135,6.042190849781036,5.863,train,6.741842269897461
JVASP-109161,LiTlO2,3.598858118057251,4.524059772491455,3.587,train,5.758348226547241
JVASP-116504,Li7Mn2Co3O12,3.5155868530273438,4.20467346055167,3.529,train,5.949973821640015
JVASP-12701,Li2MnPO4F,3.2506346702575684,4.528128385543823,3.279,train,6.9415905475616455
JVASP-40726,LiV2O3F,2.460753917694092,3.3048183917999268,2.501,train,3.972653150558472
JVASP-42305,LiCo4O8,3.7449278831481934,4.416751146316528,3.741,train,4.7328808307647705
JVASP-48001,Li2MnF4,4.409271717071533,5.311076045036316,4.404,train,6.483624696731567
JVASP-43011,Li2TiV3O8,2.8440566062927246,3.984632730484009,2.845,train,4.7076332569122314
JVASP-44589,Li2CrAsCO7,3.6545448303222656,4.286731004714966,3.648,train,5.308167219161987
JVASP-44371,Li2MnBPO7,3.1951208114624023,5.137156248092651,3.193,train,6.062615633010864
JVASP-124486,LiI3,3.85207200050354,2.684534072875977,3.735,train,3.011886954307556
JVASP-136920,Li2Cl,3.693173408508301,5.104005515575409,2.589,val,70.15527701377869
JVASP-8663,Li2Si,1.5633161067962646,1.6371351480484009,1.618,train,3.1996777057647705
JVASP-110445,LiSiAg2,1.0191898345947266,1.3875414729118347,1.068,train,2.3460038900375366
JVASP-102526,LiTe3,1.3132210969924927,1.6377382278442385,1.28,train,2.195552408695221
JVASP-146608,Li5Ni5Sb2O12,2.917346954345703,3.426387977600098,3.021,test,5.173203468322754
JVASP-133211,LiFeS2,2.4832935333251953,2.3041696548461914,2.333,val,3.630210876464844
JVASP-125999,RbLi,-1.535738229751587,-0.3322257995605469,-1.509,train,0.4988194704055786
JVASP-11388,Ba4LiCuC2O10,2.1853256225585938,3.066317319869995,2.213,train,3.3116629123687744
JVASP-147322,Sr2LiMgSi3,0.8251838684082031,0.7885849475860596,1.084,test,1.079366683959961
JVASP-100195,Li3Ho,0.11890599876642227,0.4844667911529541,0.134,train,4.522818684577942
JVASP-122327,LiFe7O3F9,2.8071954250335693,4.211038827896118,2.855,train,4.392193555831909
JVASP-105802,LiZrPd2,0.8894429206848145,1.151320457458496,0.838,train,3.297528028488159
JVASP-135310,Li3NbP2,0.8840116262435913,1.3871991634368896,0.751,val,3.1557648181915283
JVASP-106262,LiLuTl2,-0.04833170026540756,1.0736520290374756,-0.145,train,1.7074522376060486
JVASP-18738,Li7Pb2,0.30938729643821716,0.9977550506591796,0.299,train,2.4809027910232544
JVASP-8774,LiYS2,1.2522315979003906,3.218885660171509,1.247,train,9.243488550186155
JVASP-121736,LiV6O7F5,2.1793253421783447,1.862924337387085,2.138,train,1.9835498332977295
JVASP-45084,Li3Mn4VO8,2.6411638259887695,2.9438440799713135,2.635,train,3.967541456222534
JVASP-45864,Li3Fe2Ni2O8,3.3583033084869385,3.8217718601226807,3.389,train,4.062055826187134
JVASP-102905,Rb2LiPrCl6,1.7509770393371582,3.5512325763702393,1.735,train,7.927877426147461
JVASP-133692,Li7Fe3W2O16,3.4526937007904053,4.548665285110474,3.577,val,5.334724187850952
JVASP-47337,Li2Fe2SiO6,3.1483819484710693,4.175411701202393,3.139,train,5.475162744522095
JVASP-103702,LiSi,1.2534949779510498,0.815394401550293,1.307,train,4.621465682983398
JVASP-137217,LiVPO4,2.4838244915008545,2.540933847427368,2.453,val,2.873021364212036
JVASP-18768,LiAl2Rh,0.45173782110214233,0.8756508827209473,0.487,train,2.3708767890930176
JVASP-43772,Li3FeF6,4.416297435760498,5.282372713088989,4.424,train,6.2458789348602295
JVASP-134092,LiBeP,0.2375870645046234,1.2885849475860596,0.27,train,2.9348723888397217
JVASP-44219,LiCrCo2O6,3.9364233016967773,4.376596212387085,3.932,train,4.858581304550171
JVASP-100466,Li2VNiO4,3.018547773361206,3.5683653354644775,3.017,train,4.481567144393921
JVASP-15799,Li3Tl,0.06253550201654434,0.9787829717000326,0.003,train,5.602315187454224
JVASP-86307,LiSi,1.0927574634552002,2.0572330951690674,1.089,train,4.1587207317352295
JVASP-116303,Li2Se,3.051696538925171,3.3630363941192627,2.987,train,5.281277894973755
JVASP-42960,Li5V5Cr2O12,2.3198115825653076,2.764667558670044,2.321,train,4.29067063331604
JVASP-125216,LiBr3,4.234184741973877,3.5261512994766235,4.073,train,3.878866910934448
JVASP-115186,LiB,1.9846822023391724,1.4556639194488523,2.019,train,11.818637371063232
JVASP-93816,LiTiS2O2,3.631000280380249,3.497375726699829,3.48,train,4.5015785694122314
JVASP-43938,Li2VF4,3.074089765548706,3.9726442098617554,3.084,train,5.806591749191284
JVASP-112927,KLi2FeO3,2.355278730392456,3.609790682792664,2.358,train,5.877032041549683
JVASP-139403,SrLi,-0.5862529277801514,-0.0585401058197021,-0.974,val,5.394039154052734
JVASP-8563,LiI,2.909217357635498,3.0465614795684814,2.814,train,4.961209416389465
JVASP-42268,LiMnSiO4,3.04400634765625,4.928345441818237,3.091,train,6.293091058731079
JVASP-42787,Li2MnP2O7,3.2928102016448975,4.735671758651733,3.314,train,7.399694204330444
JVASP-38421,Li3Be,0.46143731474876404,1.007487376530965,0.463,train,3.3817425966262817
JVASP-140550,Li3FeO3,4.433953762054443,4.389628966649373,4.434,val,5.942897796630859
JVASP-50732,Li4Ti3O8,2.9949796199798584,4.917320966720581,3.061,train,7.607465505599976
JVASP-52311,LiCuBO3,2.433760166168213,4.2453882694244385,2.445,train,5.495804071426392
JVASP-119286,Li7Mn4CoO12,3.2424163818359375,3.9916324956076488,3.252,train,5.594919443130493
JVASP-136935,LiN3,1.7595181465148926,2.784144163131714,1.788,val,5.182703733444214
JVASP-43955,Li10Mn3F16,5.241979122161865,5.893057036399841,5.178,train,10.783172369003296
JVASP-117435,LiVOF3,3.880776882171631,4.2956860065460205,3.906,train,4.9858691692352295
JVASP-138120,LiBeCl,0.7118974924087524,0.7502710819244385,0.682,train,1.309093713760376
JVASP-1474,LiCrS2,2.1360485553741455,2.732355833053589,2.148,train,3.5024712085723877
JVASP-140603,Li8Cr3SbO12,2.9294114112854004,3.989558458328247,2.91,train,5.4543821811676025
JVASP-116826,Li2VCrO4,2.5785794258117676,3.1019561290740967,2.587,train,3.7528579235076904
JVASP-93189,LiMg6B,0.5890153646469116,0.7020244598388672,0.596,train,1.067668914794922
JVASP-141297,RbLi2CdC2O6F,3.0006093978881836,4.775020122528076,3.276,val,6.831852197647095
JVASP-48075,LiCoSiO4,3.6065902709960938,4.50029444694519,3.6,train,4.879183530807495
JVASP-145389,LiMgCoF6,4.567108631134033,5.871347188949585,4.818,test,6.457250118255615
JVASP-147711,Li6V2O5F2,3.7039403915405273,3.710829734802246,3.659,test,6.397575616836548
JVASP-48805,Li4MnO2F2,4.32568359375,4.640821099281311,4.354,train,7.484362840652466
JVASP-46315,Li4FeO4,4.890064716339111,4.5234792828559875,4.916,train,6.209723472595215
JVASP-56854,Rb2LiDyBr6,1.2364431619644165,1.663768291473389,1.232,train,1.979978084564209
JVASP-146254,LiCr3O8,3.665642023086548,4.100879430770874,3.612,test,4.54243540763855
JVASP-45863,Li2FeSiO5,3.377869129180908,4.538573980331421,3.366,train,6.423318147659302
JVASP-146611,Li4Mn3CoP4O16,2.9719719886779785,3.829497575759888,3.011,test,5.626362085342407
JVASP-119719,Li3Fe2Si2O8,3.1560144424438477,4.274219274520874,3.147,train,5.425481557846069
JVASP-41707,Li2PrAl,0.06357813626527786,0.6372060775756836,0.086,train,1.8321301937103271
JVASP-50134,Li2CuSnO4,3.1783361434936523,4.19547963142395,3.192,train,5.907506465911865
JVASP-86121,LiBH2,0.4001237154006958,0.4045829772949219,0.461,train,0.9815409183502196
JVASP-22735,LiCaAs,1.916263461112976,2.3457820415496826,1.914,train,4.574233174324036
JVASP-111034,Li5TlIn,0.7695679068565369,0.740105414390564,0.809,train,1.4934260845184326
JVASP-43000,LiVSiO5,3.4384212493896484,4.270097970962524,3.5,train,4.871680498123169
JVASP-117300,LiMnPO4,3.06280517578125,4.162577390670776,3.103,train,6.245457887649536
JVASP-38590,LiLuHg2,-0.4581137001514435,1.0686562061309814,-0.459,train,1.939035177230835
JVASP-146272,Li2V2F7,3.4363105297088623,3.5178825855255127,3.764,test,3.978518724441528
JVASP-141519,Li2MnCo3O8,3.719740629196167,4.082260847091675,3.739,val,4.570917367935181
JVASP-12118,LiNiP2S6,3.4505109786987305,2.991554498672486,3.4,train,3.420006513595581
JVASP-35935,Li3SmBi2,0.1659877598285675,1.1256349086761477,0.156,train,2.2095284461975098
JVASP-40680,Li4MnCo3O8,3.2990918159484863,3.4970638751983643,3.32,train,4.638949632644653
JVASP-107669,LiAcHg2,-1.168148398399353,1.2064905166625977,-1.178,train,3.078425168991089
JVASP-46644,Li14Mn2O9,4.457381725311279,4.1512623344148905,4.42,train,8.563529253005981
JVASP-103153,Li2MnO2,3.052065372467041,3.437669277191162,3.067,train,6.092156648635864
JVASP-145603,Li2Fe3CuO8,3.3391809463500977,3.8116610050201416,3.363,test,4.1337854862213135
JVASP-45855,LiCoCuO4,3.8166451454162598,4.647895812988281,3.82,train,5.244436025619507
JVASP-43297,Li2V3FeO8,2.9161787033081055,3.356886625289917,2.906,train,3.9102871417999263
JVASP-45847,LiFeSiO4,3.5564074516296387,4.304297685623169,3.541,train,4.830204725265503
JVASP-46403,LiSbTe2WO12,3.01448392868042,3.300379991531372,2.941,train,3.798139810562134
JVASP-140220,Li7Mn4CoO12,3.2537472248077393,3.9708800656454906,3.274,train,5.597745180130005
JVASP-117414,LiMn2F9,4.98962926864624,6.059914827346802,4.933,train,6.487293004989624
JVASP-40307,LiCd2Ag,0.4790804982185364,0.8889482021331787,0.53,train,1.3127591609954834
JVASP-146258,LiTi2Mn3O10,3.291553497314453,5.43319296836853,3.419,test,6.787987947463989
JVASP-87005,Li2CaGeO4,2.760141134262085,4.075312376022339,2.795,train,6.10636830329895
JVASP-43684,LiFeF4,4.433516025543213,6.04490852355957,4.484,train,6.981995105743408
JVASP-135377,LiYS,1.1040959358215332,0.9877240657806396,0.632,val,2.836010694503784
JVASP-42937,LiMnF4,4.355129718780518,5.46094012260437,4.404,train,6.684915542602539
JVASP-122358,Li2VOF5,5.06323766708374,5.25094747543335,5.039,train,5.9018988609313965
JVASP-133195,Li7Co5O12,3.552213668823242,4.277454274041312,3.582,val,6.070613622665405
JVASP-98001,LiMnO4,4.414567470550537,4.648603677749634,4.332,train,5.7181007862091064
JVASP-46738,Li4MnNi3P4O16,3.2657315731048584,4.346991777420044,3.273,train,5.703308343887329
JVASP-109433,LiFe3O4,2.3468596935272217,3.1049225330352783,2.383,train,3.3333303928375244
JVASP-67166,LiBeIn,0.4838285744190216,0.9427456259727478,0.539,train,1.1701385378837583
JVASP-142830,Li2V3O6,2.7906839847564697,3.291524648666382,2.796,train,4.7503955364227295
JVASP-20247,LiZn,0.5801979899406433,0.933793306350708,0.605,train,2.1992194652557373
JVASP-42785,Li2V3CrO8,3.0338492393493652,4.15429425239563,3.004,train,4.754411458969116
JVASP-113205,Li2CoNiO4,3.4366183280944824,3.90270733833313,3.441,train,4.842516660690308
JVASP-121769,LiVF4,3.624905586242676,3.966705322265625,3.633,train,4.451622009277344
JVASP-15827,LiMgSnPd,0.5970498323440552,0.6294256448745728,0.672,train,0.9724173545837402
JVASP-110916,Li3YSb2,1.1432822942733765,1.4928264617919922,1.154,train,2.737269163131714
JVASP-18489,LiRuO2,2.2715930938720703,2.326632261276245,2.254,train,2.8181726932525635
JVASP-140320,LiTm2Br5,1.2945650815963745,1.0822875499725342,1.774,val,1.5331392288208008
JVASP-48825,Li3NiO2F2,4.811305046081543,5.172091484069824,4.845,train,7.153690576553345
JVASP-141577,LiVP3HO10,2.8263301849365234,3.0589873790740967,2.803,train,3.189227819442749
JVASP-112924,LiFeF4,4.5920939445495605,6.377070188522339,4.628,train,7.510678291320801
JVASP-144858,LiNbFeO4,2.6215147972106934,4.1343090534210205,2.939,test,4.73395562171936
JVASP-101528,Li2MnCoO4,3.1926536560058594,3.40700364112854,3.198,train,4.592421293258667
JVASP-10536,LiAsO3,4.45126485824585,4.590125322341919,4.485,train,5.209000825881958
JVASP-122192,LiGeRhO4,3.6566474437713623,4.03522515296936,3.652,train,4.481458902359009
JVASP-88187,Sr2LiInGe2,0.2471875250339508,0.727949857711792,0.304,train,0.9067566394805908
JVASP-21125,Sr3LiIrO6,2.3104398250579834,2.438288927078247,2.229,train,2.681001901626587
JVASP-45083,Li3Fe3CuO8,3.2026665210723877,3.7445032596588135,3.256,train,4.146869421005249
JVASP-21258,LiSbO3,3.8989667892456055,4.396167039871216,3.934,train,5.141298055648804
JVASP-50723,Li5CuF6,5.344654560089111,5.749500930309296,5.276,train,9.38374936580658
JVASP-8805,Li2HN,2.5387017726898193,2.6460721492767334,2.526,train,4.798673629760742
JVASP-35770,LiHPd,1.527820348739624,1.7352910041809082,1.532,train,4.116180658340454
JVASP-48590,LiMnF6,5.2466888427734375,5.53473973274231,5.254,train,7.3826024532318115
JVASP-103460,LiBiS2,2.448701858520508,2.5251917839050293,2.371,train,3.3073580265045166
JVASP-135838,BaLiCl,-0.6870225667953491,-0.9676454067230223,-0.78,val,-0.341860294342041
JVASP-109479,Na2LiPrCl6,1.5939613580703735,3.0239036083221436,1.632,train,5.537203073501587
JVASP-139085,LiAlF,0.5946817398071289,0.1910750865936279,1.686,val,2.0519938468933105
JVASP-44413,Li2TiFe3O8,3.151297092437744,3.848207235336304,3.172,train,4.575248956680298
JVASP-112441,Li3FePCO7,3.1423935890197754,4.085230906804402,3.149,train,5.922690153121948
JVASP-16701,Li2CuP,1.8109067678451538,1.8309986591339111,1.83,train,4.855079770088196
JVASP-121678,Li2CoO3,3.803194046020508,4.623885869979858,3.819,train,6.485195875167847
JVASP-111544,Li3MnN2,2.696525812149048,2.955275774002075,3.215,test,5.469880819320679
JVASP-41710,LiPr2Ru,-0.33202752470970154,0.6066761016845703,-0.302,train,2.480482339859009
JVASP-113663,LiBr2,3.0038371086120605,2.6917682886123657,2.926,train,3.773790717124939
JVASP-156920,LiLaZn2,0.5275506377220154,1.8426581621170044,0.936,test,3.8447309732437134
JVASP-142079,LiCoCO4,3.456014633178711,4.322833776473999,3.457,train,5.373416185379028
JVASP-102197,Li3Tl2Cd,0.5664274096488953,0.7720329761505127,0.58,train,1.634861707687378
JVASP-44986,LiVBO4,3.470956325531006,3.16869854927063,3.442,train,4.188414812088013
JVASP-69148,Ba2LiNb,-0.45279183983802795,0.7527709007263184,-0.521,train,6.009708762168884
JVASP-43525,Li4VCr3O8,2.6713500022888184,3.30472731590271,2.691,train,4.720974683761597
JVASP-47710,LiCoSiO4,3.785781145095825,4.563610315322876,3.847,train,5.011285066604614
JVASP-35956,LiC2N2,3.0059611797332764,3.0090367794036865,2.896,train,4.490818738937378
JVASP-52343,Li2BiO3,3.5683341026306152,4.363478422164917,3.584,train,5.5492894649505615
JVASP-139989,Li7Co5O12,3.6859774589538574,4.364952325820923,3.686,val,6.077776670455933
JVASP-81979,Li2InGa,0.973517894744873,0.7834198474884033,0.951,train,1.094374179840088
JVASP-113541,LiAgO,4.788643836975098,3.950113534927368,4.792,train,4.597518444061279
JVASP-52342,LiCuF4,6.273175239562988,6.514804720878601,6.195,train,7.319329977035523
JVASP-104725,LiMgIn2,0.5888246893882751,0.6134488582611084,0.646,train,1.020673751831055
JVASP-48293,LiFeSiO4,2.980217456817627,3.7757508754730225,2.978,train,5.026844263076782
JVASP-144416,Li3VF6,4.044191837310791,4.721543073654175,4.024,train,6.428690195083618
JVASP-146775,Li7Mn2Co3O12,3.3947031497955322,4.184926952634539,3.419,test,5.912956953048706
JVASP-40386,LiInAu2,1.866195559501648,1.7529923915863037,1.87,train,2.6612162590026855
JVASP-142825,Li2CoNiO4,3.446371555328369,3.705800771713257,3.438,train,4.541228294372559
JVASP-130715,Li8Se,0.42642882466316223,0.5185805410146713,0.421,train,2.5412360429763794
JVASP-40998,LiMgTl2,1.8380566835403442,0.8497090339660645,1.745,train,1.342320442199707
JVASP-107052,Li2MgHg,0.3070831894874573,0.7205014228820801,0.353,train,1.863306999206543
JVASP-147409,LiMoIO6,3.3999061584472656,4.976444482803345,3.411,test,5.336251974105835
JVASP-42984,Li2NbCr3O8,2.9332027435302734,4.075214147567749,2.978,train,4.456270933151245
JVASP-35164,Li4Ca2MgSi2N6,1.4400914907455444,1.843123197555542,1.411,train,4.079980134963989
JVASP-69032,BaLi2Cl,1.7089027166366577,1.8710918426513672,1.745,train,7.273458003997803
JVASP-135388,LiS,3.5425312519073486,3.629458248615265,2.623,val,13.25486546754837
JVASP-147333,Li5CoNi4O10,3.4055635929107666,3.885257005691528,3.444,test,4.490252256393433
JVASP-134046,LiBeH,-0.14625775814056396,0.3222123384475708,0.16,val,1.3790090084075928
JVASP-43523,Li4VCr3O8,2.6801700592041016,3.2815463542938232,2.69,train,4.5463902950286865
JVASP-135397,LiTiTe,0.20782232284545898,0.57041335105896,-0.267,val,1.5666944980621338
JVASP-132900,Li3CoSiBO7,2.953507900238037,4.849090973536174,2.955,train,5.890978097915649
JVASP-122004,Li3Mn2CoO6,3.0972237586975098,3.7917673587799072,3.11,train,4.906947374343872
JVASP-133191,Li5MnCo2O8,3.989936113357544,4.428397703170776,3.979,val,6.305542707443237
JVASP-18105,LiFeAs,1.2478595972061157,1.2960786819458008,1.254,train,2.475503921508789
JVASP-152981,Li2UN2,0.7296513319015503,1.1429097652435305,0.781,test,3.310584783554077
JVASP-147152,Li4Fe3WO8,2.517033576965332,3.332970380783081,2.408,test,4.860901117324829
JVASP-56680,LiCr3O8,3.6012372970581055,3.948514699935913,3.555,train,4.177877187728882
JVASP-21854,SrLiGe2,0.6311967372894287,0.9266948699951172,0.657,train,1.2937999963760376
JVASP-64930,LiBeHg4,-0.5996384620666504,0.3679141998291015,-0.621,train,0.8342323303222656
JVASP-137939,BaLiH3,-1.7777246236801147,-0.3590512275695801,-1.674,train,0.7997863292694092
JVASP-38749,LiTi2O4,2.3608078956604004,1.8962714672088623,2.4,train,2.2168819904327393
JVASP-48941,LiVF3,2.353400707244873,2.458503007888794,2.342,train,3.216627359390259
JVASP-41714,LiTmIn2,-0.39774179458618164,1.6778807640075684,-0.359,train,4.593891441822052
JVASP-41945,LiEr2Ru,-0.04999997466802597,0.7028124332427979,-0.009,train,2.7037594318389893
JVASP-44767,LiVFeO4,2.6386570930480957,3.4006869792938232,2.627,train,3.8069159984588623
JVASP-46710,LiMnP2O8,3.6766862869262695,5.433255910873413,3.733,train,5.999140501022339
JVASP-143566,Li7Mn2Co3O12,3.580745220184326,4.260814496449062,3.58,val,5.354939699172974
JVASP-122345,Li4FeCo5O12,3.7429006099700928,4.106155872344971,3.753,train,5.086803674697876
JVASP-42959,Li4Mn3SbO8,2.6447460651397705,2.8746817111968994,2.633,train,3.8127729892730713
JVASP-147112,LiVP2O8,3.484525680541992,4.869308710098267,3.627,test,5.213579416275024
JVASP-43093,LiSbTe3O12,3.6552021503448486,3.739291667938232,3.614,train,4.081584930419922
JVASP-147144,LiMn7O12,2.918816089630127,2.44732928276062,2.798,test,2.653649091720581
JVASP-113244,Li6Mn5SbO12,2.8655662536621094,3.6179935932159424,2.885,train,5.08186936378479
JVASP-21034,Li4TeO5,4.013987064361572,4.745710849761963,4.04,train,7.377503871917725
JVASP-142544,Li3TiCr2O6,2.5026910305023193,3.138295412063598,2.545,train,4.549602270126343
JVASP-140322,Li4CuSbO6,3.5512447357177734,4.827851295471191,3.546,val,5.943931818008423
JVASP-144730,LiMn2P2O8,3.0600810050964355,3.623530149459839,3.073,val,3.699498891830444
JVASP-39702,LiPrHg2,0.3535338342189789,1.369125485420227,0.407,train,2.3321359157562256
JVASP-46281,Li2AlCoO4,3.2607812881469727,4.461969614028931,3.307,train,6.165536165237427
JVASP-133701,LiV4O5F7,3.123122215270996,3.312114953994751,3.164,val,3.473296880722046
JVASP-74722,LiBe2Cr,-0.19731441140174866,0.4649629592895508,-0.13,train,2.8284032344818115
JVASP-75647,LiAsP2,1.6864718198776245,1.5389447212219238,1.679,train,2.060017347335815
JVASP-101575,Li2SmAl,-0.07893448323011398,0.6884297132492065,-0.034,train,1.953011155128479
JVASP-43861,Li2VO2F,3.1669580936431885,4.021863222122192,3.154,train,5.854883432388306
JVASP-116904,LiFeSi2O6,3.1611201763153076,4.165252447128296,3.184,train,5.113268613815308
JVASP-98644,Li2P2H2O7,3.555880546569824,6.023787975311279,3.54,train,8.578697919845581
JVASP-141026,LiFeO3,4.294339656829834,4.998696565628052,4.291,val,5.794265031814575
JVASP-75811,LiGaAs,0.8706969022750854,0.7191766500473022,0.845,train,1.197072982788086
JVASP-48055,Li4CoO4,4.77023458480835,4.319091498851776,4.746,train,7.192639112472534
JVASP-114335,LiY2P2,-0.5255047082901001,0.3719565868377685,-0.489,train,1.3254897594451904
JVASP-133649,Li3CrNi3O8,3.5009069442749023,4.067342042922974,3.496,test,4.8481199741363525
JVASP-140539,Li2Ni3SbO8,3.6171884536743164,4.659117698669434,3.601,val,5.197263956069946
JVASP-44000,LiMnF3,3.5273609161376953,5.0471508502960205,3.523,train,9.853321075439451
JVASP-145615,LiAlFeO3,2.630668878555298,3.510740041732788,2.806,test,4.721022844314575
JVASP-116508,Li4MnCo2O7,3.5511999130249023,4.20718789100647,3.676,train,5.317229986190796
JVASP-65679,Ba2LiV,0.012427575886249542,0.0110858678817749,-0.001,train,1.1278008222579956
JVASP-146245,Li2Si2NiO6,3.12951397895813,4.414327621459961,3.169,test,5.262952566146851
JVASP-142643,Li3Mn4FeO8,2.745215654373169,2.950033108393351,2.711,val,3.497464418411255
JVASP-111642,Li7Co5O12,3.7255735397338867,4.289968524660383,3.727,val,5.653527021408081
JVASP-15572,LiGa2Ir,0.8430405855178833,0.8493983745574951,0.862,train,1.2607989311218262
JVASP-133216,Li2MnP2O8,3.578838586807251,5.0550758838653564,3.487,val,5.4360058307647705
JVASP-52240,Li4CuF7,5.880410671234131,6.7204766273498535,5.893,train,8.588550806045532
JVASP-141923,Li7Mn2Co3O12,3.4021618366241455,4.268874270575387,3.422,train,6.618163347244263
JVASP-105803,LiSc2Pd,0.22963550686836243,0.4085447788238525,0.195,train,0.9490458965301514
JVASP-46885,Li3VF6,3.804908514022827,4.574582815170288,3.855,train,7.574101448059082
JVASP-43150,Li2Cr2FeO6,3.2174315452575684,3.3596065044403076,3.218,train,4.735786199569702
JVASP-43948,Li2MnF4,4.916407108306885,6.032231450080872,4.921,train,13.804660558700562
JVASP-140651,Li3V4O7F5,3.226665496826172,3.222832759221395,3.256,train,3.4679324626922607
JVASP-47592,LiCoPO4,3.3433475494384766,3.728156805038452,3.383,train,4.262463808059692
JVASP-144552,Li3Co4O8,3.5583863258361816,4.21855902671814,3.679,val,5.6087868213653564
JVASP-86615,Li2UMo2O10,4.121253490447998,3.420437812805176,4.143,train,3.805471658706665
JVASP-39856,Li2CePb,-0.24033936858177185,0.3452539443969726,-0.154,train,2.1470372676849365
JVASP-43012,LiCrFeO4,3.5320701599121094,4.1971681118011475,3.532,train,4.598106622695923
JVASP-144287,Li5Mn3O8,3.7658605575561523,4.2076012134552006,4.026,val,5.578402280807495
JVASP-141833,LiCoC2O6,3.5892553329467773,4.611676931381226,3.573,train,4.988304853439331
JVASP-142870,LiFePHO5,3.2457871437072754,4.0873401165008545,3.255,train,4.885011911392212
JVASP-145164,Li2MnCo2O6,3.5939571857452393,3.8580124378204346,3.592,test,5.159989595413208
JVASP-44390,Li2Cr3NiO8,3.7406363487243652,4.765465974807739,3.729,train,5.4082419872283936
JVASP-147425,LiFe3O2F6,3.7498931884765625,4.758976459503174,3.664,test,4.997204065322876
JVASP-47308,LiVF6,4.246612548828125,5.1776955127716064,4.182,train,5.923295259475708
JVASP-144290,Li7Mn2Co3O12,3.526516914367676,4.162686722619193,3.552,val,5.404723405838013
JVASP-88943,Ba3LiN,-1.431307315826416,0.3042312860488891,-1.358,train,0.9865314960479736
JVASP-139801,Li3Ni2C4O12,3.230985164642334,4.172593355178833,3.228,train,4.859392404556274
JVASP-10260,Li8PtO6,4.004464149475098,4.615824535489082,4.007,train,8.834001302719116
JVASP-40673,Li2VO2F,2.8360307216644287,3.339686632156372,2.835,train,5.288360357284546
JVASP-111953,Li4Mn3FeO8,3.0173187255859375,3.1902873516082764,3.024,train,4.732886075973511
JVASP-138701,LiCrTe,-0.06316348165273666,0.3344728946685791,0.005,train,0.9549973011016846
JVASP-79622,LiMg2Si,0.10739610344171524,-0.0911936163902282,0.131,train,0.3809851408004761
JVASP-139825,Li7Mn2Co3O12,3.5971648693084717,4.230213812419346,3.603,train,6.150399446487427
JVASP-153224,Li2CdSnS4,2.4627819061279297,3.4945547580718994,2.53,test,5.1652761697769165
JVASP-47811,LiFeSiO4,3.2373204231262207,4.1799399852752686,3.324,train,4.896112680435181
JVASP-17330,LiHoGe,0.08102003484964371,1.313826560974121,0.086,train,2.3274142742156982
JVASP-116264,LiH,2.5805530548095703,3.2781503200531006,2.534,train,8.306600332260132
JVASP-144887,Li3Cr3NiO8,3.2518999576568604,3.8852927684783936,3.272,train,4.552471399307251
JVASP-110336,Na2LiAuF6,5.783267498016357,5.173750877380371,5.675,train,5.7270283699035645
JVASP-69876,NaLiBe2,0.25896236300468445,1.0446561574935913,0.308,train,2.2508643865585327
JVASP-53530,Li6I3N,3.0736241340637207,3.1996543407440186,3.01,train,9.093151807785034
JVASP-116518,Li2Cu4S3,2.2795803546905518,2.259285271167755,2.305,train,2.6413670778274536
JVASP-45881,LiVC2O6,2.553452730178833,3.645418405532837,2.537,train,4.1656715869903564
JVASP-104587,LiGe2Ir,0.7756761312484741,0.9257125854492188,0.778,train,1.5383329391479492
JVASP-76930,Li2MgGa,0.06864277273416519,0.3413679599761963,0.035,train,1.5406129360198977
JVASP-141802,Li2Mn2FeO6,3.2385621070861816,3.588867664337158,3.261,train,4.519485712051392
JVASP-106044,Li3Ag3Ge2,0.8020651340484619,0.9840205510457356,0.863,train,1.3422571420669556
JVASP-59887,LiCr2S4,3.0035605430603027,2.6322062015533447,2.991,train,2.951174020767212
JVASP-142140,Li3MnCoO5,3.4055123329162598,4.3612814744313555,3.428,train,6.206129312515259
JVASP-156906,LiHoZn2,0.5110777616500854,1.7284059524536133,0.8,test,4.700328350067139
JVASP-130717,Li8Sn,0.0770106092095375,0.1494805216789245,0.101,train,2.0867121815681458
JVASP-12870,LiAlO2,2.906398057937622,4.275066614151001,2.959,train,7.856158494949341
JVASP-47637,LiCoPO4,3.4295854568481445,4.613512754440308,3.429,train,5.456537485122681
JVASP-50864,KLiMnS2,1.7313061952590942,2.62221622467041,1.669,train,4.639802694320679
JVASP-140585,Li4VO4F,5.158574104309082,4.396179676055908,5.208,val,6.66945481300354
JVASP-115708,Li4PBr,2.5638465881347656,2.520685911178589,2.574,train,5.993961930274963
JVASP-138620,LiMnCl4,3.5558547973632812,3.1964528560638428,4.023,val,3.706688165664673
JVASP-1366,Li3Sb,2.0516934394836426,1.7849421898523967,2.12,train,3.0057051181793213
JVASP-111645,Li4MnCo2O7,3.4047536849975586,4.190652847290039,3.424,train,5.333300828933716
JVASP-147132,Li2MnO2F,4.925323486328125,4.656925916671753,4.915,test,8.30666708946228
JVASP-8827,Li3TaO4,3.86444354057312,4.429783423741658,3.82,train,8.275296449661255
JVASP-48537,Li2VO2F2,3.9085512161254883,4.605504751205444,3.954,train,6.7169106006622314
JVASP-43767,Li4Ti5Cr3O16,2.3835744857788086,3.3991997241973877,2.416,train,3.8854615688323975
JVASP-47552,LiVSiO4,2.559356689453125,3.648101568222046,2.569,train,4.088787794113159
JVASP-116272,LiH,2.7224020957946777,3.2747154235839844,2.713,train,7.51784610748291
JVASP-118618,LiO2,3.368511199951172,3.259477376937866,3.25,train,6.974263668060303
JVASP-105943,LiMoN2,2.3450493812561035,3.244736433029175,2.375,train,5.920281171798706
JVASP-122353,Li5Mn5V2O12,2.769867420196533,2.77572922706604,2.781,train,3.726102113723755
JVASP-147482,Li7Mn2Co3O12,3.399223804473877,4.252082926886422,3.415,test,6.294564485549927
JVASP-130698,Li8Pa,-0.1422329545021057,0.0511068999767303,-0.157,train,3.1357288360595703
JVASP-48183,LiP2WO7,2.5072021484375,2.771644353866577,2.449,train,3.0979487895965576
JVASP-112436,LiV3Zn2O8,2.3603291511535645,3.5232088565826416,2.378,train,3.87447190284729
JVASP-20967,Li2Si2O5,3.0568366050720215,4.840160131454468,3.013,train,8.596871614456177
JVASP-40692,LiMnPO4,3.018024444580078,3.7138478755950928,2.976,train,5.833487272262573
JVASP-11672,Li2VGeO5,3.769620418548584,3.3226802349090576,3.812,train,4.380813837051392
JVASP-100606,LiSc2Ga,-0.087004654109478,0.2136013507843017,-0.097,train,1.116919994354248
JVASP-48163,Li3Fe3CoO8,3.2718281745910645,3.819565534591675,3.306,train,4.596702814102173
JVASP-142551,Li2FePHO5,3.0377752780914307,3.956713914871216,3.045,train,5.82618260383606
JVASP-138085,LiBeBr,0.638181209564209,0.7154507637023926,0.83,val,1.2602112889289856
JVASP-147164,Li2NiSnP2O8,3.244903564453125,4.193866968154907,3.321,test,5.3928492069244385
JVASP-97013,LiAlSiH2O5,2.543064594268799,5.970961332321167,2.534,train,8.238831281661987
JVASP-98965,BaLiSb,0.4936145842075348,1.1122026443481443,0.543,train,1.6031389236450195
JVASP-102198,Li3ErBr6,1.8959795236587524,3.1104973951975503,1.962,train,9.118051290512083
JVASP-116512,Li7Mn4CoO12,3.2415428161621094,3.9828707490648543,3.271,train,6.313603639602661
JVASP-100994,LiDy3,-0.614292323589325,0.0009732246398925,-0.622,train,0.7327889204025269
JVASP-144533,Li4Mn3CoO8,3.086679458618164,3.7889773845672607,3.099,val,5.493286371231079
JVASP-93297,Li2CuO2,4.314769744873047,4.161366939544678,4.361,train,5.898424386978149
JVASP-118453,LiHN,2.3643059730529785,2.6559526920318604,2.291,train,4.556897401809692
JVASP-22706,Li3VS4,2.9362597465515137,3.0153505007425943,2.941,train,4.514781951904297
JVASP-25636,Li4Al3Ge3IO12,4.096394062042236,4.685808777809143,4.187,train,6.305128812789917
JVASP-51208,LiTaBe,1.3332369327545166,0.757366418838501,1.281,train,5.376965284347534
JVASP-140942,Li3Fe3O8,3.924154758453369,4.772875547409058,3.96,train,5.632660627365112
JVASP-126903,LiAu3,1.2452454566955566,1.830689072608948,1.323,train,2.409385919570923
JVASP-20917,Li2Ce2Ge3,-0.0024421438574790955,1.1361514329910278,0.001,train,2.6719322204589844
JVASP-119275,Li2CrO3,3.6075503826141357,4.38756537437439,3.569,train,5.838899374008179
JVASP-139359,SrLiN,1.5657987594604492,1.79504132270813,2.031,val,2.5589406490325928
JVASP-17817,LiSi3Pd,0.43261203169822693,1.1044256687164309,0.443,train,1.4893181324005127
JVASP-45225,Li5Fe2Ni5O12,3.2303309440612793,3.5729992389678955,3.263,train,4.55360746383667
JVASP-54221,LiBiP2O7,3.5258307456970215,5.9515907764434814,3.486,train,7.553826570510864
JVASP-40982,Li3Cr3FeO8,3.123988628387451,3.4265668392181396,3.133,train,4.154680490493774
JVASP-144090,LiMnPO4,3.1036536693573,4.59630560874939,3.178,val,6.6691601276397705
JVASP-110727,LiCu3O3,3.0942325592041016,3.3914270401000977,3.127,train,3.920499563217163
JVASP-77162,LiBe2Au,2.150509834289551,0.7095904350280762,2.167,train,1.8814187049865725
JVASP-133641,Li5Mn7O12,2.8898963928222656,3.007957410812378,2.932,val,4.670733213424683
JVASP-2928,RbLiSe,2.0702176094055176,2.810626864433289,2.023,train,5.106871128082275
JVASP-144225,Li2Ti2V3O10,2.7711567878723145,3.638256549835205,2.777,train,4.380690813064575
JVASP-109392,Li2SO4,5.129730224609375,4.860292911529541,5.11,train,7.068268537521362
JVASP-105454,LiBH4,1.2986185550689697,1.5422849655151367,1.289,train,3.618374347686768
JVASP-118599,Li2AlO2,1.4570038318634033,1.7822728157043457,1.466,train,4.472391843795776
JVASP-115419,NaLi2As,1.796247124671936,1.731698989868164,1.757,train,3.5597686767578125
JVASP-79996,Li2TlAu,1.7273344993591309,1.0855872631072998,1.699,train,2.097185730934143
JVASP-44614,Li2MnCSO7,3.4235546588897705,4.2956626415252686,3.484,train,5.810038328170776
JVASP-59199,LiMnPO4,3.13710618019104,4.394333124160767,3.178,train,7.140762567520142
JVASP-49957,Li2RhO3,3.8634238243103027,4.235434293746948,3.804,train,5.227831125259399
JVASP-109988,Li2CeIn,0.06274361163377762,0.568638026714325,0.142,train,1.76964008808136
JVASP-43193,Li2V3CuO8,2.961768627166748,4.184123754501343,2.989,train,5.703073740005493
JVASP-154874,Li7Sn3,0.913950502872467,1.0207953112465995,0.909,test,2.086234509944916
JVASP-122013,Li4MnCo2O7,3.3977880477905273,4.124901533126831,3.423,train,5.746161222457886
JVASP-18642,LiCaSn,0.30001452565193176,0.9115243554115297,0.361,train,1.4567241668701172
JVASP-13312,LiMoO2,1.8746227025985718,1.5736305713653564,1.853,train,2.5485622882843018
JVASP-51363,LiHF2,5.534688472747803,6.614945411682129,5.423,train,10.427951335906982
JVASP-40696,LiMnPO4,3.1288983821868896,4.285444498062134,3.158,train,5.557965040206909
JVASP-147159,Li3Fe2Si2O8,3.0063059329986572,4.368861436843872,3.075,test,5.563068151473999
JVASP-45861,Li3FeCo3O8,3.5141570568084717,3.864420175552368,3.541,train,4.85285496711731
JVASP-63731,LiB11,-0.2660134732723236,1.949216604232788,-0.332,train,4.421084642410278
JVASP-132855,Li2Fe3NiO8,3.3408350944519043,3.7710001468658447,3.415,val,4.006976366043091
JVASP-117302,Li2MnP2O8,3.578806161880493,5.330467462539673,3.598,train,5.93536114692688
JVASP-137763,Li3Ti2VO6,2.229377269744873,2.589754343032837,2.234,val,3.639366865158081
JVASP-35975,LiScS2,1.7202996015548706,2.6892855167388916,1.712,train,5.252817392349243
JVASP-106050,LiCu3O3,3.302631139755249,4.236303329467773,3.331,train,4.743218898773193
JVASP-117404,Li2Mn3TeO8,3.0474607944488525,3.3944122791290283,3.053,train,3.5311357975006104
JVASP-42155,Li2VO2F,3.2190449237823486,3.902334451675415,3.234,train,7.450818300247192
JVASP-145652,Li2VCr3O8,3.01676344871521,3.94150710105896,3.006,test,4.763219118118286
JVASP-48576,Li5Ti2Co3O10,2.9613146781921387,4.32428240776062,2.97,train,5.786861181259155
JVASP-52291,Sr4LiCuC2O10,2.564347982406616,3.3786213397979736,2.581,train,3.5203568935394287
JVASP-43832,LiFeF3,4.022726058959961,4.912567853927612,4.061,train,6.624370574951172
JVASP-99386,LiTl2Pd,0.6471261978149414,0.585434079170227,0.708,train,0.7630059719085693
JVASP-110220,Li2MgCdP2,0.9699894785881042,1.560931921005249,1.039,train,3.67464280128479
JVASP-57519,LiAlSiO4,2.634960174560547,4.4133946895599365,2.703,train,7.981781721115112
JVASP-69801,LiBe2Zn,0.2663581371307373,0.999750554561615,0.298,train,2.181588292121887
JVASP-38620,LiEr2In,-0.47690847516059875,0.7433663606643677,-0.493,train,2.175735831260681
JVASP-109108,LiTiSe2,1.5486552715301514,1.9416372776031496,1.489,train,2.4660961627960205
JVASP-35973,LiTiS2,1.8798964023590088,2.023205041885376,1.906,train,2.56093430519104
JVASP-157359,LiSmMg2,-0.12097112089395523,1.7944469451904297,-0.402,test,4.756060838699341
JVASP-103265,LiCuAu2,1.6183428764343262,1.6154474020004272,1.528,train,2.5177559852600098
JVASP-44741,Li2V3FeO8,3.0859203338623047,3.922041654586792,3.061,train,4.156484365463257
JVASP-18763,Li2AlPd,1.814942717552185,0.8972792625427246,1.82,train,1.9187629222869873
JVASP-139310,Li3Br,1.5939722061157227,3.2513490517934165,1.389,val,45.73340392112732
JVASP-121744,LiVTe3O12,3.851569414138794,4.067679166793823,3.761,train,4.257800340652466
JVASP-137794,Li3BP2,1.672638177871704,1.9139885902404783,1.048,val,4.1140289306640625
JVASP-144749,LiV3O4F8,3.9890172481536865,5.079849004745483,3.858,val,5.1890223026275635
JVASP-49838,Li2CeO3,3.938232183456421,4.665911436080933,3.975,train,11.51423192024231
JVASP-145874,Li4MnOF5,5.301252841949463,6.063622236251831,5.138,test,9.31205129623413
JVASP-62993,Li3AuO3,4.939249515533447,4.732365210851033,4.946,train,7.030655384063721
JVASP-31081,Li3NbO4,3.7960917949676514,4.0770041942596436,3.797,train,7.435745000839233
JVASP-137298,Li3Mn2SnO6,2.84334659576416,3.4637019634246826,2.658,test,5.733502626419067
JVASP-38424,LiZn3,0.4117696285247803,0.8123562335968018,0.467,train,1.3546984195709229
JVASP-119373,LiMnF3,3.671478748321533,4.719601154327393,3.657,train,7.859412908554077
JVASP-42240,LiMnSiO4,2.761160135269165,4.1103479862213135,2.795,train,4.708497762680054
JVASP-44474,Li2Ni2BiO6,3.0762381553649902,3.8219693899154663,3.079,train,4.52529764175415
JVASP-152186,Sr2LiGe3,0.6355721950531006,0.6818481683731079,0.666,test,1.4564824104309082
JVASP-18616,Li2SbAu,2.625304698944092,1.2508057355880735,2.676,train,2.286985754966736
JVASP-122387,LiFeF4,4.7045159339904785,5.3862714767456055,4.696,train,5.935861825942993
JVASP-50294,LiBiB2O5,2.699972152709961,3.799360990524292,2.7,train,6.50528359413147
JVASP-139975,Li3Mn2F9,4.626916885375977,5.318677504857381,4.8,val,6.090011835098267
JVASP-122360,LiNiPO4,3.3379008769989014,4.399034261703491,3.352,train,4.817782640457153
JVASP-3228,SrLiP,0.8193266987800598,1.587035894393921,0.811,train,2.629960775375366
JVASP-104505,K2LiNdF6,3.6164233684539795,6.8177807331085205,3.622,train,14.194486141204834
JVASP-47887,Li3MnCo3O8,3.4993364810943604,3.86798644065857,3.51,train,4.65169358253479
JVASP-48140,LiP2WO7,2.5658702850341797,2.9098122119903564,2.522,train,3.4429900646209717
JVASP-45018,Li2Fe3CoO8,3.3721823692321777,4.527703523635864,3.418,train,4.963453531265259
JVASP-139371,LiPbO2,2.7267463207244873,2.743375539779663,3.021,val,3.7406136989593506
JVASP-44129,LiMnF3,4.017693996429443,5.463104486465454,4.024,train,9.701748847961426
JVASP-113966,LiBC,1.5603874921798706,0.984684944152832,1.654,train,3.648046731948853
JVASP-122282,LiMn2O3,2.6750917434692383,2.474837064743042,2.7,train,2.8465726375579834
JVASP-127657,LiW3,-1.5797783136367798,-0.0954854488372802,-1.56,train,2.8519632816314697
JVASP-58243,BaLiF3,2.7932498455047607,6.766996145248413,2.652,train,11.4269597530365
JVASP-41795,LiTaRu2,0.8683040738105774,1.8081109523773191,0.884,train,7.700613260269165
JVASP-121722,Li2TiV2O6,2.6228716373443604,2.889540195465088,2.629,train,4.567451238632202
JVASP-117294,Li3Mn2P2C2O14,3.4000437259674072,4.801814794540405,3.39,train,5.930986166000366
JVASP-38480,Li3Ca,0.17252400517463684,0.2383801937103271,0.182,train,2.6131434440612793
JVASP-152937,Li2WO4,4.03239631652832,4.300328016281128,3.59,test,6.032926321029663
JVASP-119732,LiMnF4,5.367309093475342,5.080561876296997,5.308,train,6.213951110839844
JVASP-45762,LiVCO4,2.6861534118652344,3.688500165939331,2.679,train,4.168085813522339
JVASP-142039,Li2CrCo3O8,4.0463433265686035,4.5816123485565186,4.026,val,5.333843946456909
JVASP-140222,Li7Mn4CoO12,3.437671661376953,3.936549629483904,3.45,train,5.572260141372681
JVASP-42446,Li2FeF4,5.6543989181518555,5.714890122413635,5.582,train,7.556224584579468
JVASP-141151,LiCoPO4,3.3747129440307617,4.9635374546051025,3.37,train,6.661600351333618
JVASP-136936,LiN,2.233410358428955,1.761704683303833,1.095,val,3.53525710105896
JVASP-12429,Li2PbO3,3.754925489425659,4.718825817108154,3.801,train,6.447550535202026
JVASP-76979,LiPRh2,1.5845556259155273,2.0643422603607178,1.584,train,2.190261125564575
JVASP-145677,Li4Mn2Nb3Cr3O16,2.533815383911133,3.5982348918914795,2.596,test,5.406171083450317
JVASP-145391,Li3FeIrO5,3.3467893600463867,3.7992692788441977,3.434,test,5.0230114459991455
JVASP-47768,LiCrO2,2.973473072052002,2.979696989059448,3.002,train,4.6718785762786865
JVASP-16057,LiPrGe,-0.2668897807598114,1.4196465015411377,-0.214,train,2.885709524154663
JVASP-13919,LiSnS2,1.9288073778152466,1.9363791942596436,1.943,train,2.6315863132476807
JVASP-121437,Li3MnCoO5,3.56274151802063,4.301708459854126,3.602,train,5.56208062171936
JVASP-101163,LiSiAg2,0.7523413896560669,1.1806790232658386,0.769,train,1.7935214042663574
JVASP-43184,Li3FeOF3,5.438007831573486,5.357651233673096,5.319,train,9.969316720962524
JVASP-52353,LiCuS,2.5176212787628174,2.7026885747909546,2.477,train,3.544458508491516
JVASP-81639,Li2SnPb,0.30875062942504883,0.985973596572876,0.359,train,0.9933860301971436
JVASP-34322,Li2BeSiO4,2.7131166458129883,4.839115381240845,2.688,train,12.78857684135437
JVASP-133661,Li5Fe3Cu2O10,3.467076301574707,4.342307806015015,3.213,val,5.235880613327026
JVASP-137798,LiB2S2,2.1138041019439697,0.1649243831634521,1.189,val,0.9966535568237304
JVASP-143996,Li4MnF7,5.8417792320251465,6.521327972412109,5.809,train,8.560456275939941
JVASP-108193,LiFe2O3,2.5150020122528076,3.4777958393096924,2.551,train,4.560704469680786
JVASP-133204,Li7Mn2Co3O12,3.611178398132324,4.173845052719116,3.595,val,6.104578256607056
JVASP-93166,LiMg6Si,0.23908978700637817,0.7818577289581299,0.31,train,1.3469324111938477
JVASP-50466,Li5SbS4,2.526717185974121,3.228312373161316,2.495,train,4.794557332992554
JVASP-139380,LiP,1.5277477502822876,1.4258739948272705,1.365,val,2.221888303756714
JVASP-50508,Li5Cu3Sb2O10,3.2130401134490967,4.1234776973724365,3.192,train,5.388372182846069
JVASP-79912,TbLiAu2,1.9853755235671997,1.3091551065444946,2.09,train,2.3803019523620605
JVASP-86213,Li2ZnGe,1.221551775932312,1.4140008687973022,1.233,train,3.955860137939453
JVASP-102435,LiHoO2,2.010484218597412,3.588084936141968,2.085,train,6.723693609237671
JVASP-109102,Li2SnF6,4.3073225021362305,6.085132002830505,4.309,train,9.083189487457275
JVASP-116016,LiMnF4,4.936470031738281,5.2340168952941895,4.886,train,5.804364442825317
JVASP-143513,Sr2LiGe3,0.6396456956863403,0.6897022724151611,0.666,train,1.3052985668182373
JVASP-8820,LiErSe2,1.3435488939285278,1.8210437297821045,1.428,train,2.8838984966278076
JVASP-142694,Li4VF6,5.950982570648193,5.315937936306,5.816,train,6.979010581970215
JVASP-139384,Li2P,1.0986278057098389,2.0230220556259155,1.633,val,4.252439260482788
JVASP-39849,LiZrIr2,2.3631210327148438,1.5716521739959717,2.343,train,5.409746408462524
JVASP-93156,LiMg6Bi,0.40761318802833557,0.5559089183807373,0.447,train,0.8830509185791016
JVASP-117247,Li2MnCuO4,3.3310067653656006,4.021606683731079,3.38,train,5.086742162704468
JVASP-48715,Li2CoSiO4,2.7862229347229004,5.08857274055481,2.818,train,7.1463234424591064
JVASP-110625,LiGa3,0.46727389097213745,0.8216686248779297,0.455,train,0.991119146347046
JVASP-44666,LiMn3Fe2O8,3.1204674243927,3.89056944847107,3.125,train,4.1270740032196045
JVASP-68364,LiBe2Bi,0.5412446856498718,1.0381603240966797,0.561,train,1.781407356262207
JVASP-145872,Li2TiCr2O6,2.8747034072875977,3.29819393157959,2.871,test,5.100959539413452
JVASP-46721,Li8Cr3SbO12,2.9323618412017822,3.983474969863891,2.919,train,5.384066343307495
JVASP-139383,LiP,1.3979198932647705,1.6429264545440674,1.177,val,2.7931315898895264
JVASP-41089,LiMg2Zn,0.16328027844429016,0.7908217906951904,0.201,train,1.496816873550415
JVASP-112912,Li4Co3O7,3.5441734790802,4.2038185596466064,3.566,train,5.106929063796997
JVASP-141573,Li6MnO2F4,4.968191623687744,5.648223340511322,5.001,train,8.275990962982178
JVASP-122318,Li3Mn2CoO6,3.110835313796997,3.4392125606536865,3.122,train,4.370407819747925
JVASP-154749,Rb2LiFeF6,4.202712535858154,4.253186464309692,4.549,test,4.460852861404419
JVASP-48806,LiVOF3,3.876042604446411,4.247735261917114,3.906,train,4.780308961868286
JVASP-136960,LiSO,2.6446452140808105,2.440093755722046,2.222,val,3.4120566844940186
JVASP-100701,LiVO3,3.823747396469116,5.240903615951538,3.841,train,6.5823609828948975
JVASP-118837,LiCaAs,0.11644459515810013,0.7500419616699219,0.117,train,2.855907201766968
JVASP-136913,Li2Cl,2.112431764602661,5.3905720710754395,2.14,val,46.49046063423157
JVASP-79428,Li3Pb,0.31694501638412476,1.049790620803833,0.303,train,3.237387180328369
JVASP-109820,LiV2O3F3,3.176008462905884,3.2005274295806885,3.207,train,3.299578905105591
JVASP-116507,Li4MnCo2O7,3.556732416152954,4.187521696090698,3.68,train,5.642598390579224
JVASP-149635,LiMnO2,2.834193706512451,3.393233060836792,2.598,test,4.124406099319458
JVASP-139361,SrLiN,1.7130553722381592,1.8188815116882324,2.083,val,2.3197033405303955
JVASP-50431,Li2Ti2O5,2.866807222366333,4.894919157028198,2.836,train,8.775943994522095
JVASP-107940,Li2SnPb,0.3846423029899597,1.0539343357086182,0.406,train,2.4938385486602783
JVASP-50838,Li2CrS4,2.587973117828369,2.5103522539138794,2.553,train,3.0249924659729004
JVASP-111878,Li2Ni3BiO8,3.784451484680176,4.305971384048462,3.743,val,4.512615919113159
JVASP-44638,Li4NbFe3O8,2.551154613494873,3.9519693851470943,2.578,train,5.466442346572876
JVASP-137238,Li3MnCoO5,3.5621402263641357,4.333412090937297,3.546,val,5.738703966140747
JVASP-136949,NaLiTe,0.28126057982444763,0.4957181215286255,0.054,val,0.8733158111572266
JVASP-35673,Li2MgSi,0.9152532815933228,1.3147371411323547,0.973,train,3.676408290863037
JVASP-139781,LiZnBO3,2.3129677772521973,5.2710630893707275,2.318,train,8.834189653396606
JVASP-44706,Li4FeCo3O8,3.280646562576294,4.06343674659729,3.315,train,4.7954261302948
JVASP-34221,LiGeBO4,3.029468297958374,3.554112672805786,3.03,train,4.078216791152954
JVASP-43389,Li4MnW3O12,3.6372575759887695,4.335055589675903,3.557,train,6.300650358200073
JVASP-144404,Li2V3SnO8,2.633880853652954,3.5129220485687256,2.658,train,3.8943207263946538
JVASP-142876,LiFeSiO4,3.4635422229766846,4.230453252792358,3.378,val,5.002770185470581
JVASP-40301,LiCd2Pd,0.6919214129447937,0.9408180713653564,0.718,train,2.113683342933655
JVASP-122020,Li7Mn2Co3O12,3.6881141662597656,4.08610885483878,3.714,train,6.485486268997192
JVASP-143568,Li7Mn2Co3O12,3.5363922119140625,4.208019018173218,3.557,val,5.337881803512573
JVASP-137263,Li2Pr2Si3,0.2889813184738159,1.453107476234436,0.404,test,2.0019755363464355
JVASP-149616,LiN,1.7668524980545044,1.6773278713226318,0.99,test,3.043256998062134
JVASP-146576,Li2VCrP2H2O10,2.86125111579895,3.3734490871429443,2.882,test,4.027146577835083
JVASP-93188,LiMg6Mo,0.22997337579727173,0.7511409521102905,0.323,train,1.2185138463974
JVASP-79969,Li2ErTl,0.09390238672494888,0.4424331188201904,0.111,train,1.4008883833885193
JVASP-46689,Li2Mn7F16,3.16188645362854,3.3079079389572144,3.129,train,4.128396034240723
JVASP-22434,LiMgPO4,2.760279655456543,4.885948419570923,2.815,train,8.891981840133667
JVASP-48424,Li5CoO3F,4.367197036743164,4.660923957824707,4.366,train,7.120763301849365
JVASP-117078,LiMn5O7F,3.0025014877319336,3.6588170528411865,3.022,train,3.843320608139038
JVASP-128426,LiTe2,1.5947152376174927,1.7453876733779907,1.541,train,2.108834981918335
JVASP-109054,LiAg3,0.8968830108642578,1.0012540817260742,0.921,train,2.0204252004623413
JVASP-122323,LiMnF4,4.850775241851807,5.4158806800842285,4.867,train,6.331171751022339
JVASP-142854,Li3Nb4VO12,2.6430487632751465,2.8582441806793213,2.688,train,4.197774171829224
JVASP-145569,Li3AlMo2As2O14,3.870786666870117,4.24556549390157,3.892,test,5.072137117385864
JVASP-43673,Li2VF6,5.063137054443359,4.421210289001465,5.105,train,5.891375541687012
JVASP-67748,LiBeOs2,-0.13751104474067688,2.400306463241577,-0.071,train,6.064287424087524
JVASP-111357,LiFeO2,3.153777599334717,4.469374418258667,3.169,train,7.506546258926392
JVASP-139323,LiC,1.6648051738739014,2.3817994594573975,1.755,val,9.608988046646118
JVASP-116519,Li2Fe3F8,4.616669178009033,5.255061745643616,4.627,train,6.224796533584595
JVASP-116017,Li2MnF3,6.133762836456299,5.939748048782349,6.039,train,8.633798837661743
JVASP-50089,Li3Y3ZrO8,2.9789350032806396,3.9448812007904057,3.062,train,15.395804166793823
JVASP-35926,Li3CeSb2,0.7149230241775513,1.1939990520477295,0.741,train,4.035329103469849
JVASP-40075,Li2SmTl,0.15560662746429443,0.5271008014678955,0.236,train,1.181025505065918
JVASP-43164,Li2MnFeO4,3.220315456390381,3.4038546085357666,3.234,train,5.0343945026397705
JVASP-97561,LiCuH4Cl3O2,3.202653646469116,3.8292503356933594,3.26,train,4.300512075424194
JVASP-50835,LiCuS,2.253392219543457,2.1298294067382812,2.309,train,2.7473080158233643
JVASP-140855,Li6Ni2N3,2.8185245990753174,3.2871727546056113,2.715,train,7.708590269088745
JVASP-128077,LiPt3,1.3957231044769287,2.4120471477508545,1.385,train,4.25590181350708
JVASP-141017,LiMnF3,3.9312782287597656,3.431090831756592,3.746,val,4.587940454483032
JVASP-111978,LiFeF3,3.6522488594055176,4.1874120235443115,3.661,train,5.635957717895508
JVASP-146066,LiNb2P2O10,2.4224958419799805,2.6501047611236572,2.33,test,3.0046684741973877
JVASP-47611,Li2CrCo3O8,4.04597282409668,4.590194463729858,4.026,train,5.327735662460327
JVASP-122406,Li7Mn2Co3O12,3.391852855682373,4.279001814978463,3.41,train,6.386901140213013
JVASP-18535,LiGePd2,1.7322614192962646,0.9328610897064208,1.75,train,1.4987390041351318
JVASP-81148,NaLiTl2,-0.6333941221237183,-0.637901782989502,-0.6,train,-0.637901782989502
JVASP-52561,LiAgF2,5.437657833099365,6.260765433311462,5.463,train,7.293293714523315
JVASP-44912,Li2Al2FeO6,3.168661594390869,3.8601715564727783,3.219,train,4.71902060508728
JVASP-137744,Li2MnF4,4.93148946762085,5.960541844367981,4.897,val,10.427091360092165
JVASP-44721,LiMnNiO4,3.8321805000305176,4.072909593582153,3.826,train,4.455712556838989
JVASP-112581,Li6NiCl8,3.3544087409973145,4.297070801258087,3.338,train,8.16560411453247
JVASP-100134,Li2BiS2,2.2373428344726562,2.9490208625793457,2.2,train,4.067976117134094
JVASP-9737,Li3SbO4,3.6821131706237793,4.559599955876668,3.715,train,7.256660223007202
JVASP-145879,KLiNiO2,2.1612954139709473,3.7812983989715576,2.132,test,4.738672256469727
JVASP-137802,LiBS,2.6743855476379395,2.0479300022125244,0.92,val,4.818161725997925
JVASP-36754,LiAuO2,3.0838100910186768,4.216562986373901,3.112,train,4.918146848678589
JVASP-122328,Li5Cu2Ni5O12,3.3966903686523438,3.8735710620880126,3.4,train,5.241542339324951
JVASP-121895,LiCoSnO4,3.5554282665252686,4.36504864692688,3.544,train,4.630511522293091
JVASP-45239,Li5V4O8,2.1773970127105713,2.4149224758148193,2.181,train,4.594772577285767
JVASP-141208,Li3YBr6,1.9329501390457153,3.265674034754435,2.004,train,9.187826156616213
JVASP-41809,LiTmTl2,0.7603760957717896,1.3259109258651731,0.684,train,2.5363914370536804
JVASP-15918,LiTiTe2,0.5680616497993469,1.7265665531158447,0.616,train,2.038979768753052
JVASP-42253,Li2V3TeO8,2.5350069999694824,3.3846395015716553,2.528,train,3.7186529636383057
JVASP-48298,LiCoNiO4,3.806913375854492,3.971914529800415,3.806,train,4.306140184402466
JVASP-121315,Li4Mn3CoO8,3.121138095855713,3.223818063735962,3.114,train,4.277094125747681
JVASP-21003,Li2SO4,5.070868015289307,5.6245973110198975,5.013,train,7.457844018936157
JVASP-116128,LiHO,3.510458469390869,4.594845533370972,3.526,train,5.8492138385772705
JVASP-69404,SrLiBe2,0.4983433187007904,1.0969306230545044,0.542,train,2.213451564311981
JVASP-90893,Na5LiN2,1.9267157316207886,2.1434898376464844,1.891,train,2.3435277938842773
JVASP-41965,LiAc2Ir,-3.217379093170166,0.2258124351501464,-2.924,train,0.9284429550170898
JVASP-48591,LiNiOF2,4.019040584564209,4.7935168743133545,4.015,train,6.39983057975769
JVASP-115194,LiI2,2.493462085723877,2.613332509994507,2.569,train,3.1616262197494507
JVASP-50395,Li5FeS4,2.3026301860809326,2.997694253921509,2.311,train,4.440398931503296
JVASP-119542,Li2CrP2O7,3.2177042961120605,4.32588267326355,3.224,train,6.579080820083618
JVASP-116137,LiHPd,0.9753302335739136,1.747645139694214,0.926,train,6.672980308532715
JVASP-41417,LiScTl2,-0.428465336561203,1.4924689531326294,-0.407,train,4.552544713020325
JVASP-50053,NaLiO,3.29071307182312,3.414186477661133,3.261,train,5.746997356414795
JVASP-91876,LiMg7,0.11300648003816605,0.6652390956878662,0.103,train,1.538895606994629
JVASP-144260,Li2Mn3F8,3.8426716327667236,4.071671009063721,3.791,train,4.9705400466918945
JVASP-154237,LiV2O5,3.1889004707336426,3.03912615776062,3.333,test,3.2579801082611084
JVASP-140950,LiAlCrO4,3.037571907043457,4.147966146469116,3.056,train,5.237005949020386
JVASP-48430,LiCo2OF3,3.4351747035980225,4.356879711151123,3.427,train,5.116310358047485
JVASP-116247,Li3As,1.8684641122817993,1.9031676054000857,1.889,train,3.330388307571411
JVASP-103552,LiAgF4,4.083226680755615,6.515947580337524,4.156,train,6.968929052352905
JVASP-44130,LiVF4,3.8292455673217773,4.117032527923584,3.784,train,4.770256996154785
JVASP-116845,Li2TiV3O8,2.8514504432678223,3.990031480789185,2.846,train,4.717672109603882
JVASP-13027,LiBeN,1.9087315797805786,2.9145147800445557,1.948,train,6.04893946647644
JVASP-142596,LiMn2F7,4.530592441558838,5.425128936767578,4.596,val,5.747740983963013
JVASP-104543,LiTiV2O6,3.0144753456115723,3.534403085708618,3.024,train,4.030130624771118
JVASP-38449,LiAu3,1.063609004020691,1.7651596069335938,1.157,train,1.9101088047027588
JVASP-140856,Li3Ga14,1.2876890897750854,1.0640507539113362,1.385,train,1.5942212343215942
JVASP-48447,Li2VO2F,3.1964707374572754,3.9069340229034424,3.212,train,6.361810922622681
JVASP-111323,Li2Al,0.9747758507728577,1.0003896653652191,1.023,train,2.428115963935852
JVASP-137791,LiBO,2.7386157512664795,2.6619365215301514,4.793,val,14.05916666984558
JVASP-119248,Li2VO2F,3.201350688934326,3.910279512405395,3.241,train,5.7370874881744385
JVASP-44344,Li3Mn2FeB3O9,2.37565016746521,3.730827569961548,2.403,train,4.7572548389434814
JVASP-117124,Li3MnCoO5,3.5231261253356934,4.308950026830037,3.536,train,5.625958204269409
JVASP-144004,Li3V5Cr2O12,2.453263998031616,3.0116937160491943,2.47,train,3.7118661403656006
JVASP-40270,LiCd2Au,1.440592885017395,0.8988847732543945,1.371,train,1.896613836288452
JVASP-38871,LiNbIr2,2.6507692337036133,1.880690336227417,2.635,train,4.625433683395386
JVASP-77273,BaLi2Ca,-1.7494324445724487,-0.7592740058898926,-1.633,train,-0.5493717193603516
JVASP-116869,LiFePO4,3.115342140197754,3.542879819869995,3.123,train,3.857020616531372
JVASP-50973,Li8NbS6,2.0199384689331055,2.773196130990982,2.081,train,4.3729636669158936
JVASP-100067,Li2VF4,3.4366390705108643,3.534915804862976,3.384,train,6.271777153015137
JVASP-142074,LiFe5O8,2.990172863006592,4.248149156570435,3.008,val,4.303271532058716
JVASP-48396,Li5TiV3O8,2.1921589374542236,2.375074529647827,2.205,train,3.6309120655059814
JVASP-52248,Li2BiO3,3.492443561553955,4.465985059738159,3.534,train,6.812731027603149
JVASP-133656,LiV3O8,3.2768490314483643,3.661609411239624,3.252,test,3.96551251411438
JVASP-2826,NaLiS,2.4546709060668945,3.1334168910980225,2.36,train,5.170234441757202
JVASP-12690,Li2CrPO4F,3.0862627029418945,3.86868953704834,3.095,train,6.286984205245972
JVASP-43107,Li2Fe3SnO8,3.17189884185791,4.0669825077056885,3.174,train,4.233330965042114
JVASP-44793,LiTiNiO4,3.814859390258789,4.5635902881622314,3.773,train,5.2857630252838135
JVASP-116824,LiMnPO4,2.870673179626465,3.79490065574646,2.882,train,5.249019384384155
JVASP-44774,Li4Mn3FeB4O12,2.274791717529297,3.194863557815552,2.298,train,3.9149844646453857
JVASP-40313,LiCa2In,-0.6853880882263184,0.6527358293533325,-0.639,train,2.6799492835998535
JVASP-97033,LiFeAs,1.2536919116973877,1.3141911029815674,1.254,train,2.065857172012329
JVASP-137300,Li3VCr3O8,2.9558181762695312,3.5246856212615967,2.942,test,4.390783071517944
JVASP-105192,LiDy2Rh,-0.11826976388692856,0.0937349796295166,-0.089,train,0.5543673038482666
JVASP-127566,LiF3,8.081284523010254,7.166212439537048,7.888,train,8.616694450378418
JVASP-12959,Li6FeCl8,3.4283976554870605,4.106098651885986,3.367,train,8.092714548110962
JVASP-71129,Li4BeSn,0.16037163138389587,0.8656489849090576,0.14,train,4.576413512229919
JVASP-68958,BaLiRh2,0.9697481393814087,0.836980938911438,0.903,train,2.0984721183776855
JVASP-48297,Li3Co4O8,3.6261847019195557,4.116167306900024,3.659,train,5.02271294593811
JVASP-50445,Li4ZrO4,3.646394968032837,4.530610680580139,3.646,train,7.262056112289429
JVASP-40482,Li2FeP2S6,2.6208901405334473,2.7853658199310303,2.546,train,3.603102684020996
JVASP-47662,LiNiPO4,3.4994888305664062,5.531715154647827,3.484,train,7.612598180770874
JVASP-121188,LiSbTe,1.012624740600586,1.3474397659301758,0.992,train,2.161017417907715
JVASP-108859,Na2LiBiI6,5.83697509765625,2.1173078417778015,5.637,train,2.1173078417778015
JVASP-133681,LiCo5O7F,3.5597171783447266,4.289289236068726,3.514,val,4.428546190261841
JVASP-142087,Li7Co5O12,3.573317289352417,4.253553833280291,3.597,train,5.7821204662323
JVASP-141148,Li5MnO3F,4.234707832336426,4.6180150508880615,4.235,train,7.126356840133667
JVASP-157119,LiLa2Au,-0.5863022804260254,0.4327149391174316,-0.477,test,1.8949863910675049
JVASP-49920,Li2NbS3,1.6930514574050903,2.374913454055786,1.682,train,3.4226043224334717
JVASP-116868,Li4Fe3Ni3O12,3.4903879165649414,3.8144495487213135,3.502,train,4.144921541213989
JVASP-42812,Li3VO3F2,4.881351947784424,4.69657826423645,4.788,train,6.281585931777954
JVASP-145623,LiFeSnO4,3.293323040008545,3.971886396408081,3.306,test,4.352076768875122
JVASP-121786,Li3Co8O4F12,3.543765068054199,4.570711374282837,3.569,train,5.194784164428711
JVASP-141597,Li5Nb2V5O12,1.9547357559204102,2.2641067028045656,1.959,train,3.0806524753570557
JVASP-146905,Li3V2C4O12,2.9640614986419678,2.9336612224578857,3.113,test,3.1888115406036377
JVASP-40336,LiY2Ir,0.07245559245347977,0.9521381855010986,0.105,train,2.804604768753052
JVASP-101580,LiGa3,0.5301592946052551,0.7401190996170044,0.535,train,0.911060094833374
JVASP-90616,LiPtF6,7.701358318328857,6.004609823226929,7.476,train,6.757554292678833
JVASP-104949,Li2SnPd,1.4359928369522095,1.0611441135406494,1.53,train,1.7762891054153442
JVASP-13030,LiAuI4,2.234348773956299,2.90707004070282,2.198,train,3.111645460128784
JVASP-156270,LiGePd,0.8424215316772461,1.1629626750946045,0.859,test,1.849897503852844
JVASP-121204,LiTe,2.0501277446746826,1.8961670994758608,1.977,train,3.5613040924072266
JVASP-15102,LiAg2Sn,0.8392321467399597,1.228585124015808,0.881,train,1.7521620988845823
JVASP-48527,Li4Fe3CoO8,3.109361410140991,3.5135834217071533,3.137,train,4.5400049686431885
JVASP-100936,Li2VFeO4,2.8185360431671143,3.1654555797576904,2.819,train,4.210904836654663
JVASP-119543,Li3Mn2VO6,2.8919873237609863,3.539480447769165,2.883,train,5.022117853164673
JVASP-3438,LiInSe2,1.7151950597763062,2.704703450202942,1.713,train,3.6307568550109863
JVASP-145147,Li4MnCo2O7,3.3973069190979004,4.157713890075684,3.415,test,5.565251588821411
JVASP-146366,LiAlH4,0.844582736492157,1.2139875888824463,0.886,test,1.6283276081085205
JVASP-100860,Li2VN2,1.5867713689804077,1.9898014068603516,1.512,train,4.443713903427124
JVASP-44421,Li2FeSi3O8,2.8686587810516357,3.6396644115448,2.879,train,4.62036919593811
JVASP-145866,Li2FeBr4,2.6560187339782715,3.1248671412467957,2.244,test,4.575807571411133
JVASP-22717,LiFeF4,5.081394672393799,5.221516847610474,5.064,train,5.975761413574219
JVASP-144036,Li4Co5SnO12,3.5395102500915527,4.152380704879761,3.58,val,4.95440411567688
JVASP-107457,TbLi3,0.11974034458398819,0.5340751806894938,0.172,train,3.9852806329727177
JVASP-116565,LiMgAlF6,3.29805064201355,7.153609037399292,3.375,train,15.269879817962646
JVASP-48932,Li3VCrP4O14,3.1899635791778564,3.5409584840138755,3.187,train,3.910387754440307
JVASP-18617,Li2SnAu,2.0652127265930176,1.0652400255203247,2.139,train,1.744246006011963
JVASP-155997,Li2MnRh,1.1343706846237183,1.1406300067901611,2.234,test,4.255382776260376
JVASP-49843,LiVS2,2.0811498165130615,2.144806146621704,2.078,train,2.3891050815582275
JVASP-43146,Li2Cr3FeO8,3.157294750213623,4.790866136550903,3.18,train,5.674652814865112
JVASP-48627,LiVF4,3.3568055629730225,4.087665557861328,3.355,train,5.207244634628296
JVASP-136937,NaLiO,2.6004624366760254,2.6331498622894287,2.706,val,3.060593843460083
JVASP-145163,Li3AlFe2O6,3.0905942916870117,4.243834733963013,3.159,test,6.2392213344573975
JVASP-119745,Li3FePCO7,3.0255696773529053,4.2576258182525635,3.053,train,5.951209783554077
JVASP-48666,Li2VF6,4.562836170196533,4.8582563400268555,4.576,train,5.810311794281006
JVASP-98257,LiBeH8CNOF4,2.6731479167938232,4.99764609336853,2.705,train,6.758811235427856
JVASP-16755,Li2ZnGe,0.671603798866272,1.0255911350250244,0.715,train,2.1943984031677246
JVASP-52751,Li4WO5,3.6772894859313965,4.494044065475464,3.688,train,7.176148176193237
JVASP-90586,LiMg,0.3024587035179138,0.5410573482513428,0.31,train,1.2588369846343994
JVASP-57323,Sr6Li2Cr2N8O,1.1427372694015503,2.7232882976531982,1.186,train,3.8352396488189697
JVASP-141694,LiBi4O7,3.064046859741211,2.9240736961364746,3.071,val,3.3248164653778076
JVASP-47721,Li2Cu2F7,5.3893961906433105,6.009437084197998,5.377,train,6.512913227081299
JVASP-142631,LiV2NiO6,3.370758056640625,3.1712753772735596,3.323,val,3.2798655033111572
JVASP-106548,LiAlZn2,0.6188465356826782,1.1900246143341064,0.629,train,1.79811692237854
JVASP-85073,LiSbAu2,0.8639543652534485,1.474302053451538,0.93,train,1.7477157711982727
JVASP-35165,Li2PNO2,3.1631555557250977,4.6427600383758545,3.09,train,8.964351415634155
JVASP-38465,Li3Co,0.6081491708755493,1.7348474661509197,0.605,train,10.60165798664093
JVASP-133664,Li7Ni5O12,3.664527416229248,4.541489703314645,3.678,val,7.040950298309326
JVASP-39424,LiDy3,-0.5951326489448547,0.1701455116271972,-0.598,train,1.5064862966537476
JVASP-127756,LiCd,0.6702167987823486,0.6775827407836914,0.721,train,1.7468695640563965
JVASP-110313,LiNiO2,3.4278621673583984,3.750131607055664,3.452,train,4.280832529067993
JVASP-85711,LiAlPHO5,2.885533332824707,4.692275762557983,2.892,train,7.629181146621704
JVASP-117314,Li7Mn2Co3O12,3.397548198699951,4.276486907686506,3.413,train,6.487170457839966
JVASP-95283,SrLiAl3N4,0.9905070662498474,1.547641038894653,0.946,train,1.8004491329193115
JVASP-48634,LiFeF3,3.6519880294799805,4.187976837158203,3.661,train,5.676496267318726
JVASP-68616,KLi2Be,0.21851962804794312,0.117883563041687,0.293,train,1.3126084804534912
JVASP-68435,LiBe2V,-0.026135079562664032,0.7540338039398193,0.045,train,2.9261279106140137
JVASP-48694,Li2Fe2OF4,4.2712626457214355,5.194352507591248,4.219,train,7.358248233795166
JVASP-119654,LiFe2Rh3O8,3.409529209136963,3.949766397476196,3.397,train,4.037404775619507
JVASP-40698,Li6Mn5CoO12,3.0045676231384277,3.8996388912200928,3.003,train,5.93100905418396
JVASP-48538,LiV2OF5,2.8859972953796387,3.1003239154815674,2.861,train,3.1881582736968994
JVASP-157186,LiLa2Si,-0.8013023138046265,1.0532574653625488,-1.549,test,3.3180062770843506
JVASP-109014,LiS,2.267540216445923,2.3849059343338013,2.212,train,3.6636693477630615
JVASP-144495,Li3Fe9O5F11,2.6871771812438965,3.678213675816854,2.599,val,4.598182201385498
JVASP-17316,Li2CuAs,1.7509371042251587,1.6955487728118896,1.735,train,3.2428016662597656
JVASP-145777,Li2NbNi3O8,2.957505226135254,4.30429482460022,2.721,test,5.177981615066528
JVASP-99751,Ba3Li,-1.5825470685958862,-0.0476328134536743,-1.53,train,1.276969075202942
JVASP-12763,Li7SbO6,4.260135650634766,4.898392915725708,4.277,train,12.99138045310974
JVASP-10021,LiYO2,4.695034503936768,3.6865155696868896,4.729,train,7.95199465751648
JVASP-43077,Li8NbO6,4.619591236114502,4.070825099945068,4.705,train,9.604909658432009
JVASP-119750,Li2MnF4,5.23727560043335,5.298182845115662,5.196,train,8.5747811794281
JVASP-142170,Li4Mn3NbO8,2.427680015563965,3.0525033473968506,2.452,train,4.871550798416138
JVASP-137594,Li2VNiO4,3.0590686798095703,3.6283037662506104,3.036,train,4.5382773876190186
JVASP-112914,Li4MnCo2O7,3.405545949935913,4.2320685386657715,3.408,train,6.457418203353882
JVASP-43212,Li5Cr2Co3O10,3.197848320007324,4.0755836963653564,3.225,train,5.627938985824585
JVASP-144005,Li2Ni3SbO8,3.6189756393432617,4.6672446727752686,3.601,train,5.199036598205566
JVASP-45789,LiVF4,3.645214080810547,4.232891082763672,3.644,train,4.989203691482544
JVASP-30450,Li2DyIn,-0.39950647950172424,0.6080483198165894,-0.35,train,2.6241579055786133
JVASP-39257,LiLu3,-0.8190151453018188,0.0839242935180664,-0.716,train,0.8909542560577393
JVASP-76280,Li12Mg3Si4,1.0912023782730103,1.1751874287923176,1.126,train,3.559749484062195
JVASP-95687,Li2ZrF6,3.949307680130005,5.684164047241211,3.952,train,10.806578874588013
JVASP-79628,YbLiS2,0.8894325494766235,2.824235439300537,0.866,train,3.335758924484253
JVASP-119721,Li4VCr3O8,2.6779491901397705,3.2845733165740967,2.692,train,4.494039297103882
JVASP-40258,LiHo2Ga,0.018647082149982452,0.1480629444122314,0.102,train,0.7397899627685547
JVASP-133653,Li3Ti3CrO8,2.428816318511963,2.804492235183716,2.519,test,3.081981420516968
JVASP-13301,LiMn4O8,3.8834445476531982,4.219863653182983,3.881,train,4.510276556015015
JVASP-56771,Li2AgSn,0.9157593250274658,1.21391499042511,0.992,train,2.8980672359466553
JVASP-48330,Na3LiMnBPO7,1.895754337310791,2.743141412734986,1.884,train,3.206256151199341
JVASP-108643,LiCe3,-0.2738954722881317,0.9705643653869628,-0.298,train,3.0224192142486572
JVASP-137374,Li3VCrP4O14,3.1899633407592773,3.541592200597127,3.181,train,3.939232587814331
JVASP-134718,LiGaF2,6.17250394821167,5.412909746170044,5.992,train,6.306134223937988
JVASP-121345,Li7Sn4O12,3.430943012237549,4.664856059210641,3.456,train,6.583149671554565
JVASP-64096,Ba4LiW,-2.2465364933013916,0.3738844394683838,-2.185,train,3.457181692123413
JVASP-8779,LiDyS2,1.2850115299224854,2.4006664752960205,1.332,train,6.0202038288116455
JVASP-38517,LiMg,0.2763684391975403,0.5408182144165039,0.298,train,1.555103063583374
JVASP-47788,Li2Fe5O10,3.391918420791626,4.568131685256958,3.41,train,5.420262098312378
JVASP-39880,LiGaAg2,0.9990887641906738,1.3638100624084473,0.983,train,2.389097213745117
JVASP-97878,Li2Ca3Be3Si3O12F2,1.9282065629959106,2.8778188228607178,1.972,train,3.668055295944214
JVASP-142152,Li7Mn2Co3O12,3.392016649246216,4.229276146207537,3.406,train,6.417846918106079
JVASP-34965,Li8Al3Si5,1.2853425741195679,0.8376200199127197,1.3,train,4.4189512729644775
JVASP-130732,YbLi8,-0.026738621294498444,0.0256298184394836,-0.041,val,3.530177593231201
JVASP-106388,Li2ReN2,1.2159456014633179,1.7001585960388184,1.255,train,2.826073408126831
JVASP-48024,LiMnF3,3.320404529571533,5.527541399002075,3.282,train,11.339049100875854
JVASP-50071,Li8ZrO6,4.742180824279785,4.231427758932114,4.785,train,7.717755556106567
JVASP-45918,LiFeC2O6,2.863326072692871,4.921365022659302,2.863,train,5.098039865493774
JVASP-40675,LiFeSiO4,3.3903255462646484,4.121202230453491,3.397,train,4.658533811569214
JVASP-8155,LiGaO2,3.126094341278076,4.096327066421509,3.139,train,7.68672251701355
JVASP-46775,Li2Si2NiO6,3.0094993114471436,4.751922845840454,3.022,train,6.170438051223755
JVASP-48301,LiFePO4,3.117733955383301,3.5769712924957275,3.123,train,3.9576475620269775
JVASP-144551,LiTiSiO4,2.2363948822021484,3.4156248569488525,2.209,val,5.801730394363403
JVASP-44061,Li2FeBPO7,3.1690776348114014,4.972082853317261,3.178,train,5.8289759159088135
JVASP-39796,LiZrRh2,0.8162947297096252,1.2730486392974854,0.816,train,4.3485705852508545
JVASP-116823,LiNiOF,6.004838466644287,5.994013667106628,5.934,train,8.782004117965698
JVASP-135324,LiSeO,2.619051456451416,1.9439079761505127,2.345,val,2.5935587882995605
JVASP-106042,LiBi3I2O4,1.771836280822754,2.734802484512329,1.739,train,2.824423551559448
JVASP-137239,Li7Co5O12,3.685462474822998,4.347176926476615,3.686,val,6.10534405708313
JVASP-155422,Li2CdGeS4,2.228325128555298,3.2118314504623413,2.268,test,4.833317160606384
JVASP-13168,LiCoPO4,3.1800122261047363,4.189325571060181,3.145,train,4.627910852432251
JVASP-121761,LiCo7O7F,3.0254151821136475,5.00407338142395,3.011,train,5.561539888381958
JVASP-38313,LiSi3,1.014978051185608,0.8898060321807861,1.036,train,1.7066583633422852
JVASP-50726,LiCuPO4,3.2883992195129395,5.4524266719818115,3.305,train,7.809423208236694
JVASP-47445,Li7Si2Ni3O12,3.08815860748291,4.084024599620274,3.094,train,6.364437818527222
JVASP-88369,Li3AuO3,4.940335273742676,4.734133799870809,4.944,train,7.382265567779541
JVASP-122392,Li4VF6,4.711432933807373,4.486692368984222,4.69,train,8.410425662994385
JVASP-68385,LiMnBe,-0.4701937735080719,0.207876443862915,-0.449,train,1.5343215465545654
JVASP-115214,LiTiP,-0.31161805987358093,0.5973665714263916,-0.32,train,0.9669308662414552
JVASP-38120,Rb2LiInCl6,3.3606958389282227,2.90203595161438,3.4,train,3.0222864151000977
JVASP-118939,LiAuS2,2.9949498176574707,3.170201301574707,2.966,train,3.96877646446228
JVASP-147397,Li2MnP2O7,3.2102675437927246,4.797486066818237,3.119,test,7.538425207138061
JVASP-95309,Li2Ca2Ta3O10,2.56123685836792,3.3537168502807617,2.596,train,5.048538446426392
JVASP-44701,Li3MnO3,4.760092258453369,4.824755271275838,4.82,train,6.727930784225464
JVASP-147252,Li2Ti3NbO8,2.152263641357422,3.001127004623413,2.254,test,3.152012586593628
JVASP-119257,Li2VO2F,3.2695305347442627,3.877741575241089,3.287,train,6.846379518508911
JVASP-144546,Li7Mn2Co3O12,3.536569118499756,4.224700144359043,3.527,val,5.758747339248657
JVASP-40529,LiLa2Ir,-0.7710605263710022,0.2963340282440185,-0.659,train,0.8999550342559814
JVASP-59263,Li5GaO4,4.369746685028076,4.522710800170898,4.307,train,9.21956205368042
JVASP-143574,Li4FeCu3P4O16,3.217334508895874,4.3558876514434814,3.279,val,5.245394945144653
JVASP-25640,Li4CaB2O6,1.6304796934127808,4.462018847465515,1.685,train,7.1392505168914795
JVASP-134190,LiBiS,1.304567813873291,1.998247146606445,1.715,val,3.2675764560699463
JVASP-98018,Li2ZnI4,1.911176085472107,2.8604984283447266,1.818,train,3.84617817401886
JVASP-44472,Li2CuSbP2O8,3.2505903244018555,3.5729849338531494,3.252,train,4.9704320430755615
JVASP-119723,Li2TiCo2O5,2.8598039150238037,3.5023114681243896,2.86,train,4.486820936203003
JVASP-148139,Li5Mn3O8,3.2729499340057373,4.0853188037872314,3.351,test,5.336187124252319
JVASP-100925,Na2LiInCl6,2.617837905883789,3.2573587894439697,2.529,train,3.414065361022949
JVASP-43994,LiVP4H4O14,3.1152353286743164,3.713837385177612,3.154,train,3.944681882858277
JVASP-75833,LiHfAs,1.1842926740646362,-0.5297970771789551,1.254,train,0.3242626190185547
JVASP-114883,LiAlB,0.8366957902908325,1.2152070999145508,0.771,train,2.842120409011841
JVASP-129090,LiCe3,-0.27369555830955505,0.9697272777557372,-0.296,train,5.498722791671753
JVASP-145689,Li4MnCo2O7,3.409398078918457,4.1596033573150635,3.417,test,5.681366205215454
JVASP-141079,Li4MnCo2O7,3.556323528289795,4.130402326583862,3.574,val,5.145724534988403
JVASP-141624,Li7Cr5O12,3.159250497817993,3.993177448000227,3.167,train,5.413450479507446
JVASP-45973,Li5SbS4,2.0306661128997803,2.8696333169937134,2.06,train,4.844843149185181
JVASP-155714,LiAl2Ga2,0.9004805088043213,0.4272260069847107,0.374,test,0.6853668093681335
JVASP-115927,LiCoF4,5.46469259262085,5.922819137573242,5.466,train,6.919977426528931
JVASP-121200,LiTe,1.9038742780685425,1.9551485180854795,1.859,train,2.469485878944397
JVASP-141529,Li3Mn2Si2O8,2.9802746772766113,4.353856801986694,3.01,val,5.982288122177124
JVASP-49976,LiTi3O6,2.296863079071045,2.4142777919769287,2.336,train,2.932173490524292
JVASP-66232,BaLiSb,-0.8219627141952515,-0.222184419631958,-0.752,train,1.0514404773712158
JVASP-138311,LiSBr,2.10945987701416,2.3710767030715942,2.647,val,3.093814194202423
JVASP-42314,LiMnF4,4.384548664093018,5.980734586715698,4.381,train,7.891972064971924
JVASP-46753,Li6VCrP2C2O14,2.9730405807495117,3.3839341004689536,2.964,train,4.7239768505096436
JVASP-8605,LiNd2HO3,0.12078816443681717,2.6341874599456787,0.268,train,4.131551027297974
JVASP-52526,Li2CuSiO4,3.191175937652588,4.881909132003784,3.184,train,6.850294351577759
JVASP-147250,Li4MnCo2O7,3.5183465480804443,4.168744087219238,3.663,test,5.629299879074097
JVASP-141014,Li5Fe2Ni3O10,3.340589761734009,3.944791555404663,3.344,val,4.996661186218262
JVASP-133624,Li5NiOF5,6.272666931152344,6.753415751457214,6.728,val,11.019339263439178
JVASP-156258,LiCuGe,0.9169421195983887,1.4581630229949951,1.038,test,3.0245487689971924
JVASP-119368,LiMn2P2HO8,2.981168746948242,4.078035593032837,2.994,train,4.522812128067017
JVASP-155355,BaLi2GeS4,1.8933851718902588,2.297369956970215,1.926,test,3.2006146907806396
JVASP-3072,LiBeP,1.032820224761963,1.3983981609344482,1.043,train,3.009854793548584
JVASP-141837,Li3Mn2Si2O8,2.9448843002319336,4.437388181686401,2.964,train,5.744305372238159
JVASP-153669,Li6UO6,2.7313809394836426,4.1150790850321455,2.776,test,8.102031946182251
JVASP-140212,Li4MnCo2O7,3.5880680084228516,4.082326650619507,3.609,train,6.053529500961304
JVASP-145871,Li2Cr3SnO8,2.725372314453125,4.256123781204224,2.738,test,5.026256799697876
JVASP-39803,Li3Ag,0.9379516839981079,0.8352235158284506,0.918,train,2.212129592895508
JVASP-38675,Li2RuF6,4.958022594451904,5.1602689027786255,4.932,train,5.787172317504883
JVASP-99968,LiNbO2F,2.7818870544433594,2.0406224727630615,2.776,train,2.3635690212249756
JVASP-146259,Li4Mn3FeB4O12,2.2920563220977783,3.232351541519165,2.297,test,4.129638433456421
JVASP-47581,Li4Mn3NiP4O16,3.0510053634643555,3.981031656265259,3.067,train,6.075124025344849
JVASP-52332,LiBiS2,1.5656744241714478,3.302748441696167,1.475,train,6.02252197265625
JVASP-79165,LiMg3,0.27359116077423096,0.5226566791534424,0.318,train,1.1496295928955078
JVASP-121694,LiCoPCO7,3.639483690261841,4.746762037277222,3.711,val,5.112253904342651
JVASP-141842,Li4V3CrO8,2.5121467113494873,3.084404230117798,2.523,train,4.422659635543823
JVASP-12554,LiH2N,2.290889263153076,2.997062921524048,2.207,train,7.167953252792358
JVASP-105799,LiCeZn2,0.5665679574012756,1.699731707572937,0.651,train,3.674130916595459
JVASP-44763,Li4Mn3FeP4O16,2.9894542694091797,3.6764070987701416,3.014,train,5.349141836166382
JVASP-47119,Li5VF8,5.566952228546143,5.438740253448486,5.558,train,8.358086824417114
JVASP-113964,LiBN,0.4256805181503296,-0.2407715320587158,0.39,train,1.185960054397583
JVASP-142689,LiVOF4,4.865325450897217,5.43233847618103,4.889,train,6.051193475723267
JVASP-118197,LiAlAu,-0.30151721835136414,0.7426073551177979,-0.197,train,1.6734576225280762
JVASP-106414,Li3TlF6,4.769743919372559,5.5269881884257,4.756,train,11.85344696044922
JVASP-42460,Li2Fe3NiO8,3.4192380905151367,4.202035665512085,3.413,train,5.076605558395386
JVASP-48530,Li7VO5F,5.072023868560791,4.495919466018677,5.006,train,11.679424524307253
JVASP-145579,Li3Fe2C4O12,3.0527217388153076,3.988997220993042,3.027,test,4.6956517696380615
JVASP-120611,Li7Mn4CoO12,3.3974523544311523,4.00962369782584,3.419,train,5.584400415420532
JVASP-70164,LiTiBe2,0.12105751782655716,0.379591703414917,0.153,train,2.2423110008239746
JVASP-117436,LiNiPO4,3.586921215057373,5.048574209213257,3.579,train,7.066426515579224
JVASP-42458,LiV2O3F3,3.1981725692749023,3.215524911880493,3.21,train,3.3410260677337646
JVASP-112849,Li5Mn7O15,3.4815545082092285,4.099311399459839,3.479,train,5.311837434768677
JVASP-48411,Li3TiV2O6,2.292484760284424,2.8316824436187744,2.301,train,3.98732590675354
JVASP-48244,LiFeSiO4,3.3587663173675537,4.183031320571899,3.367,train,4.529017210006714
JVASP-44993,Li2HfO3,3.163508415222168,4.633097410202026,3.133,train,7.462186574935913
JVASP-95090,SrLiFeF6,3.43758487701416,4.5529515743255615,3.429,train,4.7645103931427
JVASP-147444,Li2VO2F2,3.805950164794922,4.681078910827637,3.835,test,6.390212774276733
JVASP-137587,Li6Mn3CoO10,3.465958595275879,4.101344347000122,3.505,val,5.548563241958618
JVASP-143941,Li2CoP2O7,3.5602192878723145,5.019404649734497,3.578,train,5.81055760383606
JVASP-48506,Li3FeO4,4.661970138549805,4.568062941233317,4.81,train,5.778465986251831
JVASP-142036,Li2VO2F,2.8360466957092285,3.781253099441528,2.815,val,7.545053243637085
JVASP-105674,Na2LiYBr6,1.2566646337509155,1.7230817079544067,1.172,train,2.106259822845459
JVASP-94346,LiMg2,0.35421139001846313,0.5425645112991333,0.365,train,1.7955543994903564
JVASP-139897,Li4V3CrO8,2.435842275619507,2.929992914199829,2.451,train,4.218015909194946
JVASP-133194,Li7Co5O12,3.728339910507202,4.311563730239868,3.733,val,5.375280141830444
JVASP-140985,Li5Co2Cu3O10,3.443615674972534,4.452584743499756,3.43,val,5.45859169960022
JVASP-143122,Li4Co3Sn5O16,3.226451873779297,4.209265947341919,3.381,val,6.263153314590454
JVASP-120746,LiNiPO4,3.6616363525390625,4.753187417984009,3.643,train,5.799576997756958
JVASP-79866,LiPm2Os,0.016651682555675507,0.5535104274749756,0.087,train,1.6141088008880615
JVASP-138236,LiBiI,1.0691291093826294,0.7431539297103882,0.487,val,1.9498114585876465
JVASP-44769,Li4Ti3Cr3W2O16,1.9988542795181274,3.0078752040863037,2.021,train,3.984215497970581
JVASP-102527,LiSmIn2,-0.2934211194515228,1.5800012946128843,-0.25,train,3.272697329521179
JVASP-59875,LiCr2S4,2.5732851028442383,3.4434454441070557,2.565,train,4.387494325637817
JVASP-147485,LiMnF3,4.028372287750244,5.472346544265747,3.926,test,7.12686014175415
JVASP-121751,Li2FeP2O8,3.658292770385742,5.444115400314331,3.688,train,6.337863206863403
JVASP-74930,K2LiBe,-0.1256893277168274,0.1289656162261963,-0.08,train,1.2985504865646362
JVASP-42891,LiMnPd2,1.0348795652389526,2.051673650741577,1.048,train,4.454424142837524
JVASP-64087,Ba2LiGa,-1.6273736953735352,0.2996277809143066,-1.6,train,2.275789976119995
JVASP-143985,LiMnSiO4,3.040091037750244,4.213200330734253,3.038,train,5.049406290054321
JVASP-111967,Li2P2WO8,2.9343554973602295,3.828061580657959,2.927,train,4.52328085899353
JVASP-144893,Li7MnO4F2,4.881359577178955,5.087777614593506,4.802,test,8.649009704589844
JVASP-147490,Li7NbS6,2.4445714950561523,3.1158506870269775,2.7,test,4.258338928222656
JVASP-156418,LiInHg,0.46479102969169617,0.8013792037963867,0.84,test,1.6620187759399414
JVASP-10198,Li2Ge2O5,3.538494825363159,5.497087478637695,3.498,train,7.124644756317139
JVASP-146569,LiVF3,2.362752676010132,2.44653582572937,2.342,test,3.108609914779663
JVASP-117295,Li3FeO3,4.436154365539551,4.393623431523641,4.436,train,5.46979546546936
JVASP-48584,Li2VOF4,4.002816200256348,5.016512870788574,4.001,train,7.177651643753052
JVASP-146634,Li7Mn4CoO12,3.3556885719299316,4.0512692247118265,3.366,test,5.97129225730896
JVASP-18685,Li2CuSn,0.5139093399047852,1.132366418838501,0.536,train,3.071870923042298
JVASP-47444,Li2VCrP2H2O10,2.8778908252716064,3.1769988536834717,2.885,train,3.4599010944366455
JVASP-147097,Li2TiFe3O8,3.4011740684509277,4.275404691696167,3.408,test,4.667613744735718
JVASP-8172,Li3NdAs2,0.48570868372917175,1.588958501815796,0.505,train,2.744163274765014
JVASP-154525,Li2MgSi,0.8228806853294373,0.9790716171264648,0.315,test,3.004775285720825
JVASP-61273,Li3As,1.8552442789077759,2.097788174947103,1.864,train,3.818596601486206
JVASP-47347,Li3VCrP2O8F2,3.1641955375671387,3.116076866785685,3.178,train,4.35142970085144
JVASP-113159,LiMnP2HO7,3.5135583877563477,5.325886011123657,3.492,train,6.938149690628052
JVASP-8693,LiAuC2,2.854173183441162,2.521128416061402,2.842,train,4.120271921157837
JVASP-12520,Li5CrCl8,3.6379616260528564,4.338347601890564,3.678,train,7.727494478225708
JVASP-55606,LiIO3,5.306326389312744,4.898870229721069,5.238,train,5.944221258163452
JVASP-145774,Li2VFeO4,2.8375329971313477,3.275663137435913,2.788,test,4.177477121353149
JVASP-144352,Li3V8ZnO16,2.5501232147216797,3.708984136581421,2.571,train,3.9740898609161377
JVASP-39744,LiSc2Ru,0.11621112376451492,0.9636147022247314,0.157,train,3.832308530807495
JVASP-136357,LiClO,4.588443756103516,3.723705768585205,3.125,val,4.460953712463379
JVASP-130678,HeLi8,0.12328673154115677,-0.0460342615842819,0.127,train,2.6548655033111572
JVASP-42233,LiVF4,3.3574228286743164,4.090647459030151,3.355,train,5.104138612747192
JVASP-111898,LiCrPO4,2.697932243347168,3.1838748455047607,2.713,train,3.926697015762329
JVASP-144750,Li2VO2F,4.456948757171631,4.509981393814087,4.724,val,9.208349466323853
JVASP-40526,LiCa2Cd,-0.7988587617874146,0.5944886207580566,-0.702,train,2.3649131059646606
JVASP-133197,Li4MnCo2O7,3.39091157913208,4.104874134063721,3.428,test,5.55709433555603
JVASP-142067,RbLi7Ni2O6,4.063299179077148,3.835184812545776,4.002,val,5.39104962348938
JVASP-48257,Li8Co5O10,3.5098419189453125,4.042354464530945,3.561,train,6.549532413482666
JVASP-50794,SrLiNb2O6F,2.4375998973846436,2.8533389568328857,2.493,train,3.1842844486236572
JVASP-100467,LiFe2Cl2O2,2.8978710174560547,3.2385923862457275,2.938,train,3.6881706714630127
JVASP-145873,Li5Mn6O16,3.8309502601623535,4.628140497207641,4.031,test,5.588274240493774
JVASP-52193,LiAg2F4,4.2036919593811035,5.373276591300964,4.253,train,5.986036121845245
JVASP-107462,LiThPt2,1.2626456022262573,1.4006741046905518,1.312,train,2.4025137424468994
JVASP-140271,LiCrMo2O8,3.604275703430176,3.767796754837036,3.58,train,3.98285460472107
JVASP-44426,LiAlFeO4,3.4374840259552,4.9609105587005615,3.429,train,5.797755002975464
JVASP-10301,Li3BN2,4.038122653961182,3.1976449489593506,4.084,train,5.522150754928589
JVASP-48300,Li2Ti2FeO6,2.783524513244629,3.2105371952056885,2.783,train,4.489506006240845
JVASP-52201,LiCu3F7,4.36197566986084,5.118605375289917,4.372,train,5.644224166870117
JVASP-1828,LiErS2,0.9519039988517761,2.2865021228790283,0.942,train,3.751466989517212
JVASP-121790,LiVF5,4.289867401123047,4.753374099731445,4.268,train,5.008783578872681
JVASP-79848,LiErHg2,0.5229494571685791,1.261155366897583,0.548,train,2.6413872241973877
JVASP-150627,Li2Sb,1.1404587030410767,1.547426998615265,1.117,test,3.2387542724609375
JVASP-126576,LiRh3,1.7377673387527466,1.7473225593566897,1.677,train,7.890471696853638
JVASP-42828,Li7FeO4F2,4.761254787445068,4.750016927719116,4.758,train,6.72768759727478
JVASP-119092,LiDyS2O8,1.5648714303970337,2.1239936351776123,1.553,train,2.3730671405792236
JVASP-145646,Li2NiP2O7,3.525311231613159,5.308825731277466,3.561,test,6.344567060470581
JVASP-17387,Li2CdSb,0.8297853469848633,1.4501655101776123,0.862,train,3.7217447757720943
JVASP-90275,LiDyGe,0.06370813399553299,1.280311107635498,0.122,train,2.625398635864258
JVASP-45772,LiVCrP4O14,2.8498423099517822,4.101111173629761,2.832,train,4.157129526138306
JVASP-142661,LiVF5,4.468667507171631,4.531898498535156,4.396,val,5.004796743392944
JVASP-45813,LiVF4,3.929062843322754,4.059299945831299,3.91,train,4.8490071296691895
JVASP-101165,LiTa2O6,3.21816349029541,4.187846422195435,3.279,train,4.85810923576355
JVASP-50706,LiSb3P2O10,2.836132764816284,3.074281930923462,2.79,train,3.225003957748413
JVASP-143570,Li7Mn4CoO12,3.245016098022461,4.0013086795806885,3.269,val,6.4698498249053955
JVASP-115187,BaLi,-0.9670065641403198,0.0517287254333496,-0.905,train,4.20272159576416
JVASP-5740,Na3Li3N2,2.1923389434814453,2.0299112796783447,2.124,train,2.962674617767334
JVASP-52838,LiH3Se2O6,3.7670111656188965,4.460324764251709,3.743,train,4.677218914031982
JVASP-155413,KLi2SbS4,2.4184374809265137,2.675126314163208,2.282,test,3.3093066215515137
JVASP-114334,LiYP,0.6266673803329468,0.5358297824859619,0.657,train,0.8854286670684814
JVASP-24348,LiCaNiF6,4.866933345794678,5.85541033744812,4.823,train,6.164185285568237
JVASP-44749,Li4TiV3O10,2.891385793685913,3.0423853397369385,2.931,train,3.9615209102630615
JVASP-140704,Li4MnCo2O7,3.5142900943756104,4.193340063095093,3.507,train,5.410417318344116
JVASP-22460,LiGe,1.2133426666259766,0.9195077419281006,1.318,train,1.5475711822509766
JVASP-100290,LiCa2Ge,-0.5585718154907227,-0.1481372714042663,-0.512,train,0.4367720484733581
JVASP-101406,LiLuRh2,1.8776195049285889,1.4042551517486572,1.874,train,3.079317569732666
JVASP-113542,LiAgSb,1.3282948732376099,1.0764151811599731,1.365,train,1.6535743474960327
JVASP-140628,Li2VF4,4.011436939239502,3.825960874557495,3.956,train,6.2978856563568115
JVASP-102843,Li3FeO4,4.494501113891602,4.418443997701009,4.53,train,5.483363389968872
JVASP-65259,LiBePb,0.7469624876976013,0.8053330183029175,0.763,train,1.1477488279342651
JVASP-145516,LiCo5O7F,3.5671610832214355,4.269075632095337,3.514,test,4.317614316940308
JVASP-48882,Li2CoSiO4,2.989175796508789,4.939587354660034,2.986,train,5.8937366008758545
JVASP-93121,LiHfMg6,0.25554242730140686,0.8328651189804077,0.226,train,1.4648655652999878
JVASP-144539,Li4MnCo2O7,3.523954153060913,4.170384645462036,3.677,val,5.136857748031616
JVASP-145554,LiMnP3O9,3.3166656494140625,4.340642690658569,3.578,test,5.067027807235718
JVASP-15786,LiCu2P2,1.4056804180145264,1.5788350105285645,1.408,train,1.948989748954773
JVASP-144805,Li4MnCo2O7,3.5555953979492188,4.20330286026001,3.519,test,5.917822599411011
JVASP-56531,Li2GaIr,2.254242420196533,1.5659083127975464,2.258,train,4.908726453781128
JVASP-116819,Li3V2Fe3O10,3.225172758102417,3.815148115158081,3.234,train,5.10591721534729
JVASP-143112,Li5Mn2CoO8,3.6458988189697266,4.326489591598511,3.644,val,5.245083570480347
JVASP-13035,Li2CrCl4,2.8941071033477783,3.866565704345703,2.917,train,6.44031834602356
JVASP-46821,Li3Co4S8,2.465968608856201,2.555143117904663,2.513,train,3.402310609817505
JVASP-70967,LiBePd2,0.4564642608165741,0.8605220317840576,0.499,train,3.0906856060028076
JVASP-110622,Li2MnFeO4,3.2134246826171875,3.3244097232818604,3.235,train,4.762162923812866
JVASP-36780,LiAgO2,3.4357001781463623,5.061683177947998,3.548,train,6.281229615211487
JVASP-143255,LiMn2F7,4.394647121429443,5.408697605133057,4.285,test,5.7332541942596436
JVASP-109721,Li2BrO,5.697659015655518,5.434377670288086,5.762,train,18.77613866329193
JVASP-48241,Li4Ti3V3O12,2.5772719383239746,3.1050853729248047,2.597,train,3.69186806678772
JVASP-151837,LiCdBO3,2.1871745586395264,4.979059934616089,2.066,test,7.983316659927368
JVASP-35178,Na3LiP2O7,2.6003148555755615,4.8947155475616455,2.581,train,6.041316747665405
JVASP-65747,BaLi4Cr,-0.394015371799469,-0.2862305045127868,-0.343,train,2.3889176845550537
JVASP-97662,NaLiH4C2O5,2.1514604091644287,3.091036558151245,2.167,train,3.2262070178985596
JVASP-50198,LiNi2S2,2.6658287048339844,2.0970370769500732,2.679,train,2.337296485900879
JVASP-65199,Li4BeTe,0.2728104293346405,0.7042980790138245,0.284,train,5.021033704280853
JVASP-4522,Na2LiN,2.6558985710144043,2.2388980388641357,2.638,train,3.3732283115386963
JVASP-52267,LiCuF4,5.202219486236572,6.928528666496277,5.206,train,8.11106824874878
JVASP-46728,Li4Mn3SbP4O16,3.030059814453125,3.711230993270874,3.02,train,5.122458219528198
JVASP-146971,Li3MnCo2O6,3.2551732063293457,3.440004587173462,3.278,test,4.949734926223755
JVASP-141621,Li5V2Ni5O12,3.103729009628296,3.456964635848999,3.106,train,4.2140114307403564
JVASP-121197,LiTe2,0.9552372694015503,1.7647055387496948,0.927,train,2.362366795539856
JVASP-101574,Li2InPb,0.2777310311794281,1.0223255157470703,0.324,train,2.2631375789642334
JVASP-139308,Li3Br,1.668888807296753,3.188850164413452,1.4,val,58.76009917259216
JVASP-122325,LiFe2P2O8,3.496217727661133,3.7700908184051514,3.484,train,3.885905981063843
JVASP-120740,LiV2F7,3.6496503353118896,3.694437265396118,3.647,train,4.392448663711548
JVASP-142867,LiMnSbO4,2.6883621215820312,4.148167371749878,2.701,train,5.1078712940216064
JVASP-35932,Li3NdSb2,0.7418527603149414,1.272899866104126,0.784,train,2.417917013168335
JVASP-141686,Li4MnCo2O7,3.557506561279297,4.203722715377808,3.542,val,6.078083276748657
JVASP-99802,Li3Y,0.8160969018936157,0.8200728297233582,0.778,train,4.495004653930664
JVASP-18765,Li2AlPt,2.4507715702056885,0.8470959663391113,2.484,train,2.1965582370758057
JVASP-17917,LiCaPb,0.21033406257629395,0.735524594783783,0.207,train,1.087180197238922
JVASP-74219,LiCa2Be,0.7757236957550049,-0.1081998348236084,0.808,train,0.1400184631347656
JVASP-142086,LiVSiCO7,3.020195484161377,4.300710439682007,3.01,train,4.720590353012085
JVASP-146580,Li2Cr3TeO8,2.9576120376586914,3.914029359817505,2.986,test,4.287201166152954
JVASP-146332,Li7Mn5O12,3.2948367595672607,3.9349556991032193,3.304,test,5.847827196121216
JVASP-126397,LiPb3,0.8709506988525391,0.5953385829925537,0.821,train,1.263689637184143
JVASP-101520,Rb2LiLaCl6,1.7260981798171997,1.9138860702514648,1.739,train,2.0966804027557373
JVASP-116853,Li5Co7O12,3.236581802368164,3.5306283473968505,3.234,train,4.679831266403198
JVASP-116517,Li3V3CoO8,2.8765830993652344,3.2809383869171143,2.903,train,3.558671236038208
JVASP-79300,LiCuS2,2.7894134521484375,3.0260941982269287,2.781,train,3.2736445665359497
JVASP-116131,Li2PH,1.8700743913650513,2.2064905166625977,1.847,train,2.8748271465301514
JVASP-144532,Li4Mn3CoO8,3.098395347595215,3.917250871658325,3.094,val,6.093435049057007
JVASP-143975,Li3V2OF7,3.724088668823242,4.0982935428619385,3.732,train,4.90728497505188
JVASP-150109,Li3Cu2O4,4.103878498077393,4.5371057987213135,4.13,test,6.168723702430725
JVASP-42228,LiCu2PO4,2.852940082550049,3.641200542449951,2.899,train,3.942405223846435
JVASP-151859,LiB11,1.3073928356170654,3.09356951713562,-0.64,test,7.0658509731292725
JVASP-99163,Li6Br3N,3.4148755073547363,3.701009511947632,3.402,train,8.294432401657104
JVASP-47996,Li2MnF4,3.840496063232422,5.4010010957717896,3.846,train,8.296893835067749
JVASP-21223,Li4SeO5,5.139403820037842,5.2162240743637085,5.136,train,6.076219320297241
JVASP-142603,Li3Mn4O8,3.145925760269165,3.7792017459869385,3.179,val,4.467283487319946
JVASP-101144,NaLiMnS2,1.7062170505523682,2.325632333755493,1.691,train,3.356315851211548
JVASP-121206,LiTe2,0.9202718734741211,1.2595889568328855,0.934,train,2.363331377506256
JVASP-102520,LiAc2Tl,0.6549825668334961,0.4166960716247558,0.709,train,1.7047200798988342
JVASP-38539,Li3Pd,1.5526702404022217,1.7008179823557537,1.564,train,6.153263092041016
JVASP-120752,Li8FeO5F,4.86173677444458,4.548649251461029,4.831,train,6.474665880203247
JVASP-57540,K3Na2LiTeO6,2.0548667907714844,2.7462093830108643,1.986,train,3.277292013168335
JVASP-139976,LiMnO2,3.044161081314087,3.9658634662628174,3.039,val,6.433809995651245
JVASP-110383,Rb2LiTaCl6,1.866485357284546,1.4709832668304443,1.895,train,2.0696685314178467
JVASP-122361,Li4Cu3NiP4O16,3.313565254211426,4.423005819320679,3.335,train,5.139840841293335
JVASP-43584,LiFeF4,4.957867622375488,5.026637315750122,4.999,train,5.81734824180603
JVASP-122054,LiH2N,1.9501652717590332,2.4060966968536377,1.941,train,3.9054715633392334
JVASP-100376,LiSbTe2,1.5547527074813843,2.2664021253585815,1.558,train,4.077420234680176
JVASP-144747,Li3Co2Si2O8,3.2311196327209473,4.3970253467559814,3.261,val,5.611425161361694
JVASP-121829,Li6CuB4O10,2.71228289604187,4.778594970703125,2.725,train,6.2704994678497314
JVASP-110661,K2LiSbBr6,1.7658774852752686,2.4651496410369873,1.674,train,2.7590103149414062
JVASP-130652,Li8Ag,0.1396448016166687,0.1366943418979644,0.142,train,2.0637115240097046
JVASP-152288,LiB11,0.7770784497261047,1.589935064315796,-0.631,test,4.049540758132935
JVASP-35936,Li3SmSb2,0.6636486053466797,1.4416894912719729,0.692,train,2.6683404445648193
JVASP-35211,LiC12,-4.65515661239624,0.793689489364624,-4.507,train,1.0576293468475342
JVASP-49910,Li3Nb3TeO12,3.075930118560791,4.207369089126587,3.115,train,5.663691282272339
JVASP-154959,Li2H2SO5,4.145057678222656,5.445311784744263,4.13,test,7.552969694137573
JVASP-121905,Li8CoO6,4.945186138153076,4.764143630862236,4.95,train,9.54146146774292
JVASP-15150,Li2SbPt,2.929229259490967,1.034252405166626,2.933,train,1.3749542236328125
JVASP-109150,RbLiMnS2,1.6093778610229492,1.3984696865081787,1.567,train,2.1378326416015625
JVASP-44268,Li4VTe3O12,3.7257180213928223,3.972892045974731,3.691,train,4.226267099380493
JVASP-91019,Ba2LiMg,-0.9451941251754761,-1.276304006576538,-0.891,train,-1.276304006576538
JVASP-45055,LiCo2O4,3.8560681343078613,4.700943231582642,3.864,train,5.206441164016724
JVASP-108831,LiNi3O3F,3.303990125656128,3.816108942031861,3.266,train,4.904865503311157
JVASP-118986,Li7Co5O12,3.563321113586426,4.276690993990217,3.586,train,6.572534799575806
JVASP-142858,LiV2P2O8,2.823673963546753,2.487680196762085,2.842,train,2.702580690383911
JVASP-43727,Li3CrO4,4.612514495849609,4.955903609593709,4.622,train,7.3892457485198975
JVASP-43078,Li3BiO4,3.942068099975586,4.609599669774373,3.941,train,5.837429761886597
JVASP-40481,LiAgF4,4.083633899688721,6.501791417598724,4.156,train,6.810412645339966
JVASP-103750,LiNi4O5,2.991934299468994,3.14611291885376,2.986,train,3.403578281402588
JVASP-42735,LiMnSiO4,2.826594591140747,4.330296754837036,2.864,train,5.211155652999878
JVASP-42521,Li2Ti2NiO6,3.116527795791626,4.509944438934326,3.124,train,7.595404863357544
JVASP-58413,LiSiBO4,4.103325366973877,4.68293023109436,4.207,train,7.22672963142395
JVASP-137223,Li2VF6,4.594397068023682,4.605500221252441,4.471,val,5.2978880405426025
JVASP-48663,LiMn2F5,3.056004762649536,4.8293211460113525,3.022,train,8.054001092910767
JVASP-92471,Li2CrO2,2.43123722076416,3.622328281402588,2.432,train,5.8901002407073975
JVASP-109489,Rb2LiSbBr6,2.3422608375549316,2.3872042894363403,2.368,train,2.531541585922241
JVASP-20860,Li10Zn4O9,3.8253917694091797,4.331162667274475,3.818,train,6.752156019210815
JVASP-146572,LiMn3O2F6,3.5469908714294434,4.637527704238892,3.665,test,4.743483304977417
JVASP-21733,LiSm2IrO6,1.5849307775497437,3.1643383502960205,1.512,train,3.5873687267303467
JVASP-141685,Li4MnCo2O7,4.080062389373779,3.913556098937988,4.12,val,5.670607805252075
JVASP-116129,LiHO,4.028604030609131,4.880118131637573,4.061,train,10.610342264175417
JVASP-46902,Li2MnCoO4,3.2079246044158936,3.344686269760132,3.203,train,4.5590174198150635
JVASP-48166,LiMn5O3F5,2.2357633113861084,2.4481961727142334,2.179,train,2.596052408218384
JVASP-87192,K2Li3FeO4,1.9554256200790405,3.447531541188558,1.933,train,4.901643514633179
JVASP-23462,Li2BPd3,1.0091158151626587,1.2315881252288818,1.064,train,3.007932186126709
JVASP-18767,Li2AlRh,1.8185468912124634,1.1598742008209229,1.814,train,4.474555730819702
JVASP-44428,LiTiVO4,2.655632972717285,3.5895836353302,2.715,train,4.111020803451538
JVASP-65781,BaLiCa2,-0.09596367925405502,0.1269943714141845,-0.084,train,0.6348636150360107
JVASP-116870,Li2Cr2CoO6,3.3799455165863037,3.9771926403045654,3.381,train,4.850815057754517
JVASP-43932,Li2V3F8,2.2845916748046875,2.9494569301605225,2.24,train,4.306236505508423
JVASP-62921,LiBH4,1.099217176437378,1.6533524990081787,1.107,train,2.682277202606201
JVASP-1435,LiAlSi,2.012453079223633,1.0259251594543457,1.965,train,1.7520792484283447
JVASP-47032,Li2NiOF2,6.1248040199279785,6.131161451339722,5.979,train,9.857720136642456
JVASP-18520,Li2Ga,0.9885268807411194,0.9454963505268096,0.987,train,2.4887804985046387
JVASP-105096,LiCr2O4,3.1714460849761963,3.970304250717163,3.191,train,4.466960668563843
JVASP-112905,Li3Mn2O5,3.2311928272247314,3.9695502122243247,3.268,train,5.588880300521851
JVASP-141835,Li3Mn2OF5,3.9731392860412598,4.872004270553589,3.991,train,7.283640623092651
JVASP-46763,Li2Co3SnO8,3.4024384021759033,4.248477220535278,3.43,train,4.906878709793091
JVASP-147422,Li4Mn3FeB4O12,2.2852096557617188,3.187805414199829,2.306,test,3.814185380935669
JVASP-112583,LiErS2O8,1.64677095413208,1.873574495315552,1.668,train,2.0368387699127197
JVASP-43340,Li4Fe3Ni2Sn3O16,3.2316527366638184,4.153029680252075,3.254,train,5.189233064651489
JVASP-62288,Li3As,1.8537391424179077,2.1225473483403525,1.864,train,3.6952444314956665
JVASP-139903,Li2Mn3F8,3.4955079555511475,4.019173860549927,3.463,train,5.395416975021362
JVASP-139394,LiPbS2,2.022780179977417,2.683066248893738,2.825,val,3.2713968753814697
JVASP-121742,Li4Mn3Nb2Cr3O16,2.7299184799194336,3.5630815029144287,2.787,train,4.86519980430603
JVASP-155653,LiAs2Rh2,1.2858434915542603,0.9536707401275636,1.375,test,1.6719210147857666
JVASP-39142,LiSmAu2,2.1104955673217773,1.1112627983093262,2.064,train,2.069870948791504
JVASP-145896,Li4MnCo2O7,3.3974356651306152,4.123454332351685,3.423,test,5.394364595413208
JVASP-50688,Li5AgF8,5.710018634796143,6.484772658348083,5.644,train,9.250908136367798
JVASP-141849,Li3Mn4NiO8,2.788221836090088,3.029053608576457,2.799,train,3.4750421047210693
JVASP-116513,LiTmO2,2.6986422538757324,3.529985189437866,2.753,train,9.038999319076538
JVASP-146265,LiMnNiO4,3.8322854042053223,4.09626317024231,3.826,test,4.440202474594116
JVASP-143995,Li2VF6,4.385075092315674,4.714897632598877,4.356,train,5.330497980117798
JVASP-135369,LiTiS,-0.017247222363948822,0.6659369468688965,-0.325,val,1.256721258163452
JVASP-44063,LiV6O7F5,2.034183979034424,1.3980491161346436,2.039,train,1.4498326778411863
JVASP-140997,Li2MnOF2,3.757643222808838,5.201809644699097,3.781,val,10.31930947303772
JVASP-50865,Li2FeS2,2.0962722301483154,2.5781614780426025,2.065,train,3.691465139389038
JVASP-140948,Li2CoSnP2O8,3.2236194610595703,4.355518579483032,3.237,train,5.8433678150177
JVASP-118456,Li2HN,2.1407973766326904,2.521941661834717,2.144,train,8.16788649559021
JVASP-111646,Li4MnCo2O7,3.3964693546295166,4.285393238067627,3.409,train,6.728474855422974
JVASP-42332,Li2MnP2HO8,3.2672786712646484,5.913996458053589,3.278,train,6.948528528213501
JVASP-146021,Li4Si2O7,3.291661262512207,5.135304570198059,4.72,test,6.4051353931427
JVASP-142877,Li3Co3OF7,3.951442241668701,5.140546401341756,4.025,val,6.636223077774048
JVASP-48896,Li3VCr3O8,2.9023265838623047,3.4451706409454346,2.907,train,4.523599863052368
JVASP-141625,Li3CrPCO7,3.1346940994262695,4.28687310218811,3.134,train,7.073099851608276
JVASP-142031,LiV2OF7,3.995490074157715,4.138516664505005,4.059,val,4.305954217910767
JVASP-118903,Li2N,2.7960681915283203,2.804649591445923,2.837,train,6.609516859054565
JVASP-105933,LiMgSb,1.2525147199630737,1.2944180965423584,1.204,train,2.4688031673431396
JVASP-63216,Li3As,1.8569954633712769,2.1130338112513223,1.864,train,3.775184392929077
JVASP-46265,Li2Mn2O3,3.1383566856384277,3.77231240272522,3.181,train,5.807730436325073
JVASP-12735,LiAg3O2,4.563582897186279,3.7751312255859375,4.743,train,4.220585584640503
JVASP-112921,Li7Mn5O12,3.1850476264953613,3.799999475479126,3.211,train,6.185549020767212
JVASP-111647,Li5Mn3O8,3.7553203105926514,4.250968408584595,3.8,train,7.065301179885864
JVASP-116276,LiH2,1.3764827251434326,2.1828224658966064,1.382,train,2.865407943725586
JVASP-122009,Li5Mn2CoO8,3.8701272010803223,4.336393785476685,3.889,train,6.233637094497681
JVASP-141836,Li2FeSiO5,3.384831666946411,4.501896619796753,3.39,train,5.873498201370239
JVASP-119421,Li4MnCo2O7,3.3965232372283936,4.180216550827026,3.411,train,5.73883843421936
JVASP-138810,LiFeF2,4.943363189697266,5.353514671325684,4.258,val,6.306861639022827
JVASP-139902,Li4Ti2Mn3Sn3O16,2.891714334487915,3.4069082736968994,2.903,train,5.107711553573608
JVASP-47594,Li4V3SiO10,3.008824586868286,3.8905436992645264,2.97,train,5.570635557174683
JVASP-122026,Li3Cr5O8,2.455547332763672,2.6698078314463296,2.454,train,4.218788385391235
JVASP-101776,LiIn3,0.04258129745721817,0.6221202611923218,0.085,train,0.9613372087478638
JVASP-137589,Li7Mn4CoO12,3.260073661804199,3.958896807261876,3.263,test,5.4801647663116455
JVASP-122516,Li2TiV2O6,2.629852533340454,2.9816627502441406,2.632,train,3.626415014266968
JVASP-52257,Li2WS4,2.256629467010498,2.442737102508545,2.239,train,3.1822564601898193
JVASP-48338,Li2Mn4O5F3,2.8022470474243164,4.075703859329224,2.806,train,5.147323846817017
JVASP-135384,LiZnS,1.5811378955841064,0.6161395311355591,0.559,val,1.6556968688964844
JVASP-119365,Li2Mn3FeO8,3.5505268573760986,4.067006826400757,3.557,train,4.606609106063843
JVASP-10213,Li2ZnGeO4,2.907654285430908,5.3107383251190186,2.919,train,7.105645656585693
JVASP-141048,LiV2OF5,2.9941020011901855,2.97273325920105,2.905,val,3.2981116771698
JVASP-111654,Li7Mn2Co3O12,3.5638022422790527,4.235165561948504,3.578,train,5.697787523269653
JVASP-121198,LiTe2,1.1553690433502197,1.739146113395691,1.169,train,2.7418465614318848
JVASP-45184,Li2Cr3O6,3.2052855491638184,3.640241861343384,3.201,train,5.507583379745483
JVASP-147332,Li2MgTi3O8,2.4888551235198975,5.0291197299957275,2.461,test,7.840620279312134
JVASP-116265,Li2H,1.2602728605270386,1.529969185590744,1.233,train,5.9241883754730225
JVASP-103164,K2LiNdBr6,3.20680570602417,1.811034917831421,3.102,train,2.080022096633911
JVASP-18736,LiMg2Tl,-0.1436856985092163,0.239917516708374,-0.175,train,0.3768172264099121
JVASP-40731,Li3VB2O6,2.5584959983825684,4.186776876449585,2.526,train,6.663222551345825
JVASP-47668,Li2CrNiP2O8,3.0234014987945557,3.5924203395843506,3.03,train,4.295439958572388
JVASP-111981,Li2VAsCO7,3.772520065307617,3.608564138412475,3.726,train,4.025876760482788
JVASP-122416,LiFeGe2O6,3.4273924827575684,3.521099328994751,3.453,train,3.7196009159088135
JVASP-99969,Li2MgAu,1.4398330450057983,0.701462984085083,1.467,train,2.1272395849227905
JVASP-38555,Li2AcTl,0.1531398892402649,0.4224745035171509,0.186,train,1.4288671016693115
JVASP-137279,LiAg2N3O6,3.2455782890319824,3.753109216690063,3.975,test,4.193217039108276
JVASP-46283,Li2CrO4,6.444862365722656,4.010121583938599,6.337,train,5.345300912857056
JVASP-52766,LiMn3Al2H6O12,2.348794937133789,4.859465837478638,2.347,train,6.803692579269409
JVASP-108978,K2LiTlF6,6.578614711761475,5.168208122253418,6.409,train,5.668336391448975
JVASP-140209,Li3Mn2O5,4.258195400238037,3.676659186681112,4.259,train,5.965906381607056
JVASP-133514,LiRe2N3,0.9971732497215271,1.916135549545288,1.111,train,2.489103078842163
JVASP-71464,LiBe2Se,0.5473833084106445,1.1112890243530271,0.655,train,2.227928638458252
JVASP-141006,Li4Cr2Ni3Te3O16,3.2380504608154297,3.7258646488189697,3.276,val,4.2571470737457275
JVASP-141230,LiMnF4,4.379561901092529,5.763731956481934,4.315,train,7.86781907081604
JVASP-71945,LiBeW,-1.061280608177185,0.4332659244537353,-1.038,train,1.402489423751831
JVASP-132893,LiVF6,4.9107584953308105,5.391461372375488,4.808,train,6.424448013305664
JVASP-41765,LiDy2Al,0.16396257281303406,0.6457393169403076,0.23,train,1.6227548122406006
JVASP-48544,Li2VF4,3.8344194889068604,3.31872034072876,3.835,train,5.5010130405426025
JVASP-112514,Li2CeO3,3.684211254119873,4.437652826309204,3.76,train,6.53918194770813
JVASP-112809,Li2Mn3GaO8,3.553325891494751,3.967921018600464,3.551,train,4.459571123123169
JVASP-57512,KLiO,4.49393892288208,3.7286570072174072,4.348,train,5.575315713882446
JVASP-91420,Rb2LiNbS4,2.42753005027771,1.9574120044708252,2.432,train,2.416780948638916
JVASP-117352,LiVCdF6,3.8570947647094727,3.856482982635498,3.801,train,4.760752439498901
JVASP-147489,Li8FeO4F2,4.690682411193848,4.6795405596494675,4.709,test,6.697951555252075
JVASP-80014,LiSc2Rh,0.03494811803102493,0.7854588031768799,0.082,train,3.651986122131348
JVASP-145510,Li2VNiO4,3.0561113357543945,3.6014082431793213,3.034,test,4.601514101028442
JVASP-155648,SrLi2Ge2,0.8035565614700317,1.255226105451584,0.748,test,2.3928443789482117
JVASP-46694,Li3Mn5OF11,3.177506923675537,4.244126796722412,3.148,train,5.37749457359314
JVASP-141584,Li6MnCrP2C2O14,3.019021511077881,4.084697802861531,3.029,train,6.45556902885437
JVASP-130723,Li8Th,-0.10243543237447739,0.0292332917451858,-0.115,val,4.455188751220703
JVASP-41178,LiTiIr2,1.8119136095046997,1.8229053020477295,1.758,train,6.256152391433716
JVASP-144027,Li3Nb4FeO12,2.6702888011932373,3.099980592727661,2.681,train,4.837277173995972
JVASP-113234,Li4Co3SnP4O16,3.203812599182129,4.4168617725372314,3.218,train,5.788773775100708
JVASP-145602,LiMn2P2HO8,2.99137282371521,3.834914445877075,3.184,test,4.186644792556763
JVASP-40531,LiYHg2,0.765117347240448,1.4769295454025269,0.868,train,2.4754375219345093
JVASP-93168,LiMg6B,0.5395786762237549,0.4076361656188965,0.557,train,0.4937981367111206
JVASP-9794,K2LiAlP2,0.5031371116638184,0.7955470085144043,0.496,train,0.9805052280426024
JVASP-109164,Li4Mg,0.07445890456438065,0.1302112638950348,0.108,train,0.3051604032516479
JVASP-15909,LiMgP,0.6350826025009155,0.991091012954712,0.679,train,2.140661120414734
JVASP-140589,Li2MnPO5,3.298657178878784,4.611478805541992,3.17,val,6.318140268325806
JVASP-132865,Li4MnCo2O7,3.4055240154266357,4.185956954956055,3.425,train,5.447766542434692
JVASP-41797,LiPm2Ir,-0.3601415455341339,0.3332316875457763,-0.299,train,0.9610772132873536
JVASP-139369,LiPO,1.8327542543411255,1.6919664144515991,2.27,val,2.1557968854904175
JVASP-118992,Li7Mn2Co3O12,3.5157577991485596,4.197617428643363,3.529,train,6.366234064102173
JVASP-63775,LiB6H10O2,3.8358800411224365,3.048633813858032,3.888,train,3.375458002090454
JVASP-139343,LiMg2P,0.5022817254066467,0.577367901802063,0.49,val,1.493926167488098
JVASP-15105,Li2GeAu,2.192244052886963,1.1586066484451294,2.191,train,1.8422503471374512
JVASP-141796,LiMnCo3O8,3.7501394748687744,4.440568208694458,3.663,train,4.651825189590454
JVASP-117438,LiNiPO4,3.4970951080322266,4.230644464492798,3.479,train,4.749271631240845
JVASP-146083,Li3CoSiBO7,2.9924137592315674,4.983491659164429,3.039,test,5.794533014297485
JVASP-43518,LiV6O7F5,2.1787073612213135,1.8643200397491455,2.138,train,1.982386350631714
JVASP-65075,LiBe2Cl,0.6025957465171814,1.3399348258972168,0.638,train,2.1766262650489807
JVASP-119389,Li4Ti5Co3O16,2.897665500640869,4.16594386100769,2.892,train,6.0384485721588135
JVASP-140853,LiMo6Se2S6,1.8986464738845825,1.9370429515838623,1.935,train,2.090584516525269
JVASP-43158,Li2MnFe3O8,3.4858837127685547,4.3837926387786865,3.498,train,4.878854990005493
JVASP-119639,LiAlPO5,3.345827579498291,4.505644083023071,3.372,train,5.729318380355835
JVASP-44330,Li4FeO3F,4.166920185089111,4.280485093593597,4.191,train,5.763448238372803
JVASP-133213,LiCu5P2O8,2.845050096511841,3.5340828895568848,2.877,val,3.653646230697632
JVASP-101582,LiSm2Al,0.022051729261875153,0.342479944229126,0.048,train,0.8879220485687256
JVASP-121696,Li2MoP2O8,2.8299245834350586,3.925240993499756,2.793,val,5.210092306137085
JVASP-140214,Li4MnCo2O7,3.406304359436035,4.257573127746582,3.422,train,6.22251296043396
JVASP-132866,Li4MnCo2O7,3.53402042388916,4.192169904708862,3.543,train,5.97969651222229
JVASP-143547,Li5Co3O8,4.150258541107178,4.397677564620972,4.148,train,5.596588373184204
JVASP-43290,Li2Ni3SnO8,3.6579136848449707,4.234979867935181,3.638,train,4.522064447402954
JVASP-117688,LiBeSe,0.732789158821106,0.0103746652603149,0.775,train,0.3895583152770996
JVASP-17589,LiFeP,1.227120041847229,1.3369626998901367,1.21,train,2.356804132461548
JVASP-42528,Li3Mn5Cu2O12,3.1450037956237793,3.8722428480784097,3.159,train,5.067748308181763
JVASP-145936,LiCr2S4,2.5707764625549316,3.469041109085083,2.564,test,4.386051416397095
JVASP-63018,Li2BF5,5.470442771911621,6.590522289276123,5.358,train,9.762165784835815
JVASP-100992,LiNpRh2,0.3881422281265259,4.0249669551849365,0.425,train,12.584439516067505
JVASP-12770,Li2ThN2,1.0096075534820557,0.5831029415130615,1.057,train,2.9651849269866943
JVASP-145636,Li2VGa3O8,3.3979592323303223,5.037591218948364,3.369,test,8.040958642959595
JVASP-132856,LiFeC2O6,3.317944049835205,4.345989942550659,3.114,val,5.058840036392212
JVASP-44692,Li4MnFe3O8,2.9356307983398438,3.944042921066284,2.982,train,4.625869035720825
JVASP-42335,Li2MnFeB2O6,2.3230772018432617,3.481980085372925,2.352,train,4.070541143417358
JVASP-46239,Li4Cr3FeO8,2.9499871730804443,3.3607099056243896,2.958,train,4.332495450973511
JVASP-18739,LiPd2Pb,1.2509843111038208,1.5011886358261108,1.242,train,2.277417540550232
JVASP-145776,LiFePO4,3.0861988067626953,4.73283314704895,3.322,test,5.979203462600708
JVASP-121491,LiHoSn,-0.2506236433982849,0.665255069732666,-0.217,train,1.044048309326172
JVASP-116267,LiH2,-0.10550688952207565,0.3162398338317871,-0.086,train,1.178765058517456
JVASP-42763,LiFeO2,3.008639097213745,3.522867441177368,3.048,train,4.80370831489563
JVASP-144085,LiFe2OF3,2.641889810562134,3.146085023880005,2.661,val,4.008257150650024
JVASP-112909,Li4Mn3CoO8,3.044290781021118,3.923950433731079,3.068,train,5.2643444538116455
JVASP-112434,LiV3O2F6,2.7933804988861084,3.169347047805786,2.784,train,3.3184025287628174
JVASP-59220,LiVP2O7,3.212461471557617,4.105115652084351,3.165,train,4.613500356674194
JVASP-48504,Li5VCr3O8,2.4372682571411133,2.516259527206421,2.428,train,4.587877035140991
JVASP-47796,Li2FeSiO4,2.8085415363311768,3.8600199222564697,2.824,train,5.441157579421997
JVASP-92215,LiErS2,0.9928019046783447,2.2996551990509033,1.099,train,5.432220220565796
JVASP-116150,LiTeH,1.597930669784546,2.6148802042007446,1.635,train,4.380804538726807
JVASP-139827,Li3CuS2,2.4248480796813965,3.0681105852127075,2.444,train,4.8992167711257935
JVASP-144234,LiCo3O2F6,4.085948467254639,5.576472759246826,4.07,train,5.749795913696289
JVASP-47999,LiMnF3,4.302590847015381,4.632490873336792,4.328,train,6.844372749328613
JVASP-77465,LiInHg2,0.831719160079956,0.8972799777984619,0.931,train,0.8972799777984619
JVASP-149860,LiAsSe2,2.273894786834717,2.6499576568603516,2.491,test,3.657400369644165
JVASP-44414,Li2Mn3WO8,2.5187065601348877,3.2730419635772705,2.521,train,4.102010488510132
JVASP-50088,LiFeCuS2,2.051602602005005,2.0270862579345703,2.086,train,2.5778489112854004
JVASP-46911,Li3Co2NiO6,3.4288315773010254,3.9202167987823486,3.442,train,5.274229288101196
JVASP-143823,Na3LiV4O12,2.645479440689087,3.0471246242523193,2.559,val,3.1155412197113037
JVASP-50714,LiFe6P4,0.9771477580070496,1.405092477798462,1.001,train,1.6685373783111572
JVASP-68993,Ba2LiSn,0.09829694777727127,0.1783451437950134,0.125,train,1.1036059856414795
JVASP-112847,Li2Mn3CrO8,3.6081669330596924,4.017583608627319,3.603,train,4.296208620071411
JVASP-48408,Li5Ti2V3O10,2.352079391479492,3.178950548171997,2.358,train,5.579882383346558
JVASP-142540,Li3Mn2CoO6,3.094219446182251,3.8571584224700928,3.092,train,6.336010217666626
JVASP-119741,LiCoSiO4,3.515878677368164,4.530982255935669,3.538,train,4.90616250038147
JVASP-38462,NaLi2Pb,0.7476544380187988,0.8591868877410889,0.784,train,2.335320472717285
JVASP-48326,NaLiMnPCO7,2.80485463142395,3.4727141857147217,2.798,train,3.591404676437378
JVASP-139397,LiPbS,0.4653550684452057,0.8420825004577637,0.563,val,1.2970702648162842
JVASP-49213,Li16Ta2N8O,3.423105239868164,3.031324625015259,3.51,train,5.855874300003052
JVASP-102439,LiHF2,5.746920108795166,6.907178997993469,5.671,train,10.346318244934082
JVASP-62691,LiB,0.3199528157711029,1.0873796939849854,0.41,train,3.1797826290130615
JVASP-41703,LiLuPt2,2.5058090686798096,1.8514254093170168,2.403,train,4.258069038391113
JVASP-146931,Li2MnO2F,3.5566227436065674,4.856330156326294,3.601,test,7.958986520767212
JVASP-116126,LiHO,3.9132165908813477,4.108302593231201,3.885,train,4.775993585586548
JVASP-144748,LiFeSiO4,3.4827442169189453,4.185774564743042,3.489,val,4.3812267780303955
JVASP-140988,LiV2OF5,3.28585147857666,3.3873465061187744,3.247,val,3.5978333950042725
JVASP-107251,LiTaSe2,1.08887779712677,1.541049242019653,1.104,train,2.2879984378814697
JVASP-46841,Li2FeP2HO8,3.3304600715637207,5.269601106643677,3.358,train,6.801485300064087
JVASP-44529,Li3CrBAsO7,3.1491267681121826,4.473498106002808,3.174,train,5.851050615310669
JVASP-137302,LiFeSiO4,3.0316638946533203,4.064165830612183,2.982,test,4.935290575027466
JVASP-22782,Ba4LiTa3O12,0.34613025188446045,2.0038750171661377,0.279,train,2.0667431354522705
JVASP-46444,Li2CrCoO4,2.9905269145965576,3.347240686416626,2.973,train,4.161222219467163
JVASP-144246,Li2FeSi2O6,2.8229451179504395,4.34889817237854,2.812,train,6.336127519607544
JVASP-116283,LiH,2.737046718597412,3.2843950986862183,2.713,train,8.321797370910645
JVASP-122386,Li3Fe5OF11,3.3185951709747314,4.045951763788859,3.354,train,4.923593521118164
JVASP-44485,Li2CuNiO4,3.523111343383789,4.237804651260376,3.537,train,5.220670223236084
JVASP-16445,Li3Au,1.1529134511947632,1.6380682786305745,1.24,train,8.313546180725098
JVASP-44729,Li3FeSiO5,2.950348377227783,4.17392913500468,2.978,train,5.88667893409729
JVASP-146591,Li2MnF4,4.024583339691162,5.670804858207703,4.067,test,8.800180435180664
JVASP-47638,Li3CrCo2O6,3.260270357131958,3.675795316696167,3.276,train,4.837348699569702
JVASP-48268,LiCo3O6,3.757094383239746,4.524945497512817,3.795,train,4.9081175327301025
JVASP-122411,Li2V4CuNiO12,3.307652473449707,3.277745008468628,3.277,train,3.417468309402466
JVASP-19712,LiCd,0.6253606081008911,0.8141751289367676,0.649,train,1.7506704330444336
JVASP-79851,LiAc2Ru,-5.544244289398193,0.2527284622192383,-5.052,train,0.8566234111785889
JVASP-101258,LiVF6,4.937369346618652,5.301762104034424,4.862,train,6.109659433364868
JVASP-130713,Li8Sb,0.06242746859788895,0.198899045586586,0.055,train,2.0460233092308044
JVASP-38540,LiYO3,4.299514293670654,4.218813180923462,4.293,train,9.539585828781128
JVASP-111886,Li3Mn2CoO6,3.119002103805542,3.5504744052886963,3.1,val,5.455875635147095
JVASP-145585,LiVF6,4.317199230194092,5.183718681335449,4.29,test,5.914891958236694
JVASP-121805,Li3Co2O5,3.5895328521728516,4.388743003209432,3.632,train,6.569932222366333
JVASP-81530,SrLi2Ge,-0.26696011424064636,0.5491140484809875,-0.255,train,0.6162719130516052
JVASP-109255,Rb2LiSbF6,3.4311490058898926,3.4864747524261475,3.41,train,3.9405014514923096
JVASP-115210,SrLiP,1.572090744972229,1.8735837936401367,1.565,train,2.859024167060852
JVASP-155627,LiCu2As2,1.5608116388320923,1.1040496826171875,2.031,test,1.398280382156372
JVASP-40924,LiPm2Rh,-0.2764419913291931,0.2543351650238037,-0.206,train,0.6404788494110107
JVASP-108882,LiSm3,-0.15413373708724976,0.2348995208740234,-0.201,train,1.381561040878296
JVASP-140605,Li2Mn7F18,3.2662835121154785,3.795782208442688,3.223,train,4.24068284034729
JVASP-42799,Li5MnNi4O10,3.320115804672241,3.887411117553711,3.336,train,4.69420599937439
JVASP-107107,K2LiSbCl6,2.82745361328125,2.879324793815613,2.777,train,3.305991530418396
JVASP-116284,LiH2,1.466758131980896,2.0440568923950195,1.487,train,2.6881096363067627
JVASP-20952,Li2ZrF6,3.781451463699341,6.196478366851807,3.758,train,15.379092931747437
JVASP-156854,LiTh2Tc,-0.5184840559959412,0.6078593730926514,-0.408,test,1.7249577045440674
JVASP-118457,LiH2N,2.8696789741516113,2.2872273921966553,2.774,train,3.612323522567749
JVASP-8567,Li2FeBr4,2.62874698638916,3.0668909549713135,2.629,train,4.604864597320557
JVASP-48919,LiCo4O8,4.406544208526611,4.492999315261841,4.388,train,4.857136964797974
JVASP-142652,Li5V3Co2O10,2.932253360748291,3.917337656021118,2.662,val,6.061256170272827
JVASP-46842,Li3Cu2SbO6,3.1855521202087402,4.271486043930054,3.204,train,5.707015514373779
JVASP-146740,Li3Fe3O8,3.7168750762939453,4.907761017481486,3.997,test,6.355531930923462
JVASP-38414,Li2TlSn,0.3887467086315155,1.0237021446228027,0.381,train,1.8848448991775513
JVASP-70431,LiTaBe2,1.0853750705718994,1.5871517658233645,1.115,train,4.6403656005859375
JVASP-133682,Li3MnO2F,4.084726810455322,4.526619831720988,4.149,val,7.456243515014648
JVASP-119539,Li2MnPCO7,3.175454616546631,4.388728380203247,3.201,train,5.4951488971710205
JVASP-141862,Li4Co5O12,4.114930629730225,4.6932443380355835,4.137,train,5.808796644210815
JVASP-139967,LiCoPO4,3.286545753479004,5.196716547012329,3.214,val,6.239853620529175
JVASP-140418,Li5AlSi2O8,2.812476396560669,4.896511793136597,2.811,train,8.004101514816284
JVASP-41759,LiBiPd2,1.2471048831939697,1.444564700126648,1.256,train,2.0470850467681885
JVASP-46904,Li6NiOF6,6.496574401855469,6.559113423029582,6.365,train,10.489426016807556
JVASP-63406,Li3BN2,3.621185302734375,3.2808034420013428,3.646,train,6.730425596237183
JVASP-74626,LiBeGa,0.17338979244232178,0.428120493888855,0.192,train,0.6862978339195251
JVASP-132586,LiPr3,-0.5250204801559448,0.22475266456604,-0.422,val,1.449673414230347
JVASP-46779,Li3Co2Si2O8,3.096200704574585,5.299637079238892,3.095,train,6.646341562271118
JVASP-142069,Li5Mn2P2C2O14,3.2302937507629395,4.314441919326782,3.206,val,6.277606248855591
JVASP-67898,Li2BeCo,-0.13201755285263062,0.2951490879058838,-0.091,train,1.764470100402832
JVASP-133183,Li5GeP3,1.840927004814148,2.0312230587005615,1.848,train,4.52403998374939
JVASP-133525,LiCr2N3,1.930001974105835,2.6334855556488037,1.889,train,3.3225486278533936
JVASP-48217,Li3Fe2O6,3.9740233421325684,4.963511387507121,4.002,train,6.543599367141724
JVASP-41779,LiPd3,1.8848509788513184,2.04317045211792,1.852,train,3.1743581295013428
JVASP-146932,Li4Mn3Nb3Sn2O16,2.4220006465911865,3.2261106967926025,2.295,test,4.308728933334351
JVASP-42094,LiTcO3,2.1995553970336914,2.7908122539520264,2.267,train,4.167430639266968
JVASP-112763,Li3MnCoO5,3.5490663051605225,4.289084990819295,3.572,train,5.497422933578491
JVASP-44642,Li2MnSnO4,2.645078182220459,2.2179439067840576,2.702,train,2.746119737625122
JVASP-92255,Li2CrFeO4,2.97092342376709,3.3122546672821045,3.005,train,4.188827753067017
JVASP-121738,Li2MnF6,5.061122894287109,5.697428822517395,5.047,train,8.54379391670227
JVASP-41805,LiLu2Ir,-0.5997467041015625,0.5098450183868408,-0.501,train,1.9855523109436035
JVASP-140641,Li8CoO4F2,4.427993297576904,5.101626247167587,4.455,train,12.99145483970642
JVASP-60812,LiAlGeO4,3.258697271347046,5.246144533157349,3.265,train,8.424128293991089
JVASP-99800,LiPaO3,1.976467490196228,0.8291032314300537,1.972,train,5.4588868618011475
JVASP-97915,Ba14Na14LiN6,1.1125855445861816,0.923598289489746,1.242,train,0.923598289489746
JVASP-51132,LiPdW2,0.33342674374580383,0.8099019527435303,0.295,train,3.0615432262420654
JVASP-122388,Li4V3Cr3O12,2.930776596069336,3.472635269165039,2.947,train,4.164199113845825
JVASP-140221,Li7Mn4CoO12,3.2474753856658936,4.01048697744097,3.272,train,6.418490648269653
JVASP-46001,Li3SbS4,2.5930099487304688,3.038364807764689,2.561,train,4.188566207885742
JVASP-113241,Li2FeCuP2O8,3.195572853088379,4.166932821273804,3.235,train,5.65371298789978
JVASP-48323,Li5MnO3F,4.237388610839844,4.62416672706604,4.237,train,8.41396188735962
JVASP-140564,LiMnPO4,3.086005687713623,4.167905569076538,3.252,val,6.080793142318726
JVASP-48978,LiMn2O3F,3.3914496898651123,3.688547372817993,3.382,train,4.397366762161255
JVASP-38254,LiSi2Rh2,-0.5907785296440125,1.3945505619049072,-0.549,train,2.7390429973602295
JVASP-42243,Li2VP2HO8,3.149219036102295,4.230962514877319,3.149,train,6.116120100021362
JVASP-146841,LiHoS2O8,1.647105097770691,1.935474634170532,1.611,test,2.126673936843872
JVASP-147090,Li3Co2NiO6,3.4309775829315186,3.916407823562622,3.442,test,5.243581056594849
JVASP-47329,Li4VF8,6.255595684051514,5.847454607486725,6.198,train,7.143709897994995
JVASP-40683,LiMnPO4,2.788153648376465,3.154529333114624,2.802,train,3.7575876712799072
JVASP-122270,LiCo2NiO6,4.002738952636719,4.185924768447876,4.007,train,4.4201929569244385
JVASP-42486,LiNbTe3O12,3.5024218559265137,4.0707104206085205,3.48,train,4.099767446517944
JVASP-85913,LiBIr,1.3541184663772583,1.4356029033660889,1.329,train,2.8235280513763428
JVASP-144770,LiNiBO3,2.6178946495056152,3.928384065628052,2.583,val,5.477022886276245
JVASP-44725,LiFePO4,3.3246042728424072,3.9729039669036865,3.344,train,4.118695020675659
JVASP-123872,LiCo,0.6404849290847778,0.6467089653015137,0.639,train,3.7138845920562744
JVASP-3975,RbLiBr2,3.431968927383423,4.088310897350311,3.403,train,6.957905173301697
JVASP-46759,Li3ZnPCO7,3.1232430934906006,4.5386119683583575,3.134,train,6.321542024612427
JVASP-122368,LiVP3O9,3.308816432952881,3.5652048587799072,3.225,train,3.774958848953247
JVASP-69263,BaLiHg2,0.6785837411880493,0.8131775856018066,0.78,train,2.0783708095550537
JVASP-139324,Li2C,1.786102294921875,1.4386460781097412,1.673,val,6.1318371295928955
JVASP-119334,Li2Mn2OF6,4.230159282684326,5.17361044883728,4.294,train,6.202155828475952
JVASP-50846,Sr2Li2Nb4O13,2.7244229316711426,4.373843193054199,2.675,train,6.716154336929321
JVASP-140630,Li4V5O9F,2.5356860160827637,2.9119904041290283,2.557,train,4.24691367149353
JVASP-108703,LiAu,3.218780755996704,2.2296817302703857,3.224,train,6.21215295791626
JVASP-118899,Li2N,2.8239221572875977,2.7861210107803345,2.848,train,7.546316146850586
JVASP-116766,LiV3Zn2O8,2.356450080871582,3.258797407150269,2.38,train,3.6611502170562744
JVASP-105565,LiMnN2,2.4944703578948975,2.877883195877075,2.477,train,3.513712167739868
JVASP-41713,LiTmAu2,2.395214557647705,1.2965805530548096,2.45,train,2.476136803627014
JVASP-57404,K2LiVO4,1.6527222394943237,2.312661409378052,1.587,train,2.997441530227661
JVASP-105196,LiPmIn2,-0.30521494150161743,1.5854992270469666,-0.277,train,3.9713292121887207
JVASP-52234,LiCuF2,5.803072452545166,5.79570084810257,5.618,train,6.806413233280182
JVASP-121783,Li2VF4,4.023515224456787,3.834365487098694,3.952,train,5.435923337936401
JVASP-141221,Li7Mn2Co3O12,3.406564235687256,4.260470560618809,3.411,train,6.7506420612335205
JVASP-40688,Li3MnV3O8,2.468512535095215,2.3935344219207764,2.482,train,3.0783426761627197
JVASP-115178,LiB2,0.6639801263809204,2.5530569553375244,0.69,train,11.820783853530884
JVASP-100454,Li2CoNiO4,3.438995122909546,3.936225175857544,3.438,train,5.0110132694244385
JVASP-132867,Li7Mn4CoO12,3.396613597869873,3.986265557152884,3.421,train,5.667351961135864
JVASP-51743,Li4H3ClO3,3.33388614654541,4.704208612442017,3.339,train,8.913315057754517
JVASP-118558,LiPI,0.6138648986816406,0.8483788967132568,0.682,train,1.4198839664459229
JVASP-146926,Li3NbNi3O8,3.115546941757202,3.991525411605835,2.695,test,4.633753061294556
JVASP-20933,Li3GaN2,2.84603214263916,3.3117754459381104,2.772,train,6.291970491409302
JVASP-18735,Li2MgPb,0.4136306345462799,1.0560829639434814,0.384,train,2.4173985719680786
JVASP-118902,Li2N,2.8595001697540283,2.4982821345329285,2.832,train,4.9656288623809814
JVASP-15431,Li2CuO2,4.315300941467285,4.162748754024506,4.361,train,5.616102814674377
JVASP-136950,NaLiTe,1.2316288948059082,2.3866257667541504,1.055,val,3.469057083129883
JVASP-121709,Li2V3CoO8,3.20693302154541,3.9984281063079834,3.196,train,4.245026350021362
JVASP-41937,LiCa2Al,0.11520908027887344,1.149972915649414,0.144,train,3.9865236282348633
JVASP-137654,LiSmMo2O8,2.5805158615112305,3.869339227676392,2.615,train,4.2328574657440186
JVASP-106255,Li2ScIn,0.7301762700080872,0.7931666374206543,0.726,train,2.352168083190918
JVASP-105787,Li2CdIn,0.4098898768424988,0.8855953216552734,0.488,train,1.999682903289795
JVASP-133662,Li2Fe3SbO8,3.1240193843841553,4.006852388381958,3.137,val,4.669353723526001
JVASP-153225,Li9Al4,0.9378488063812256,1.002131700515747,0.898,test,2.0133160948753357
JVASP-117123,Li3MnCoO5,3.402498245239258,4.357948064804077,3.422,train,6.093292474746704
JVASP-153084,Sr3Li4Si2N6,1.0389281511306763,2.0420117378234863,0.762,test,3.7101175785064697
JVASP-50965,Li2ZrCuO4,3.0464425086975098,4.52801251411438,3.086,train,7.089676141738892
JVASP-38475,Li3In,1.0628639459609985,1.0986909071604412,1.107,train,7.945668697357178
JVASP-64739,Ba4LiNb,-2.4782772064208984,1.073033094406128,-2.383,train,3.762992024421692
JVASP-44742,Li5Ni5Sn2O12,2.955402135848999,3.6535874366760255,2.976,train,5.142034530639648
JVASP-40283,SrLi2Pb,0.6316801309585571,0.541114091873169,0.65,train,1.678294658660889
JVASP-64758,Ba4LiV,-1.143198013305664,0.5559086799621582,-1.045,train,3.252011299133301
JVASP-67164,LiBeRe,-0.873536229133606,0.3149402141571045,-0.835,train,1.4695518016815186
JVASP-46243,Li4Cr3GaO8,2.7681379318237305,3.3505656719207764,2.79,train,4.870696783065796
JVASP-116894,Li4Nb3Co3Sn2O16,2.460415840148926,3.614847898483277,2.512,train,4.7368738651275635
JVASP-113215,Li4Cr3NiO8,3.0349674224853516,3.925400495529175,3.046,train,5.919114828109741
JVASP-139314,LiC,1.8562257289886475,1.4024193286895752,0.449,val,6.152513265609741
JVASP-10664,LiDyO2,2.800154685974121,3.6273715496063232,2.862,train,7.537641763687134
JVASP-80960,LiTiAu2,0.7574875950813293,0.7459845542907715,0.759,train,0.9933714866638184
JVASP-68843,LiBeSn2,0.4336068332195282,0.7557016015052795,0.477,train,1.3632490634918213
JVASP-139973,Li3V5O12,3.1071839332580566,3.627394119898478,3.286,val,4.926266431808472
JVASP-67836,LiBeBr,0.4423009753227234,0.8347632884979248,0.476,train,1.430605173110962
JVASP-86017,Li2UMo2O10,4.121707916259766,3.415130853652954,4.143,train,4.056236028671265
JVASP-119696,LiFe2O3,2.556577205657959,3.1786463260650635,2.594,train,3.986241579055786
JVASP-95674,Li8CoO6,4.930173873901367,4.742092773318291,4.941,train,9.85644555091858
JVASP-117443,Li5Mn3O5F3,3.29290771484375,4.537221193313599,3.294,train,7.397241830825806
JVASP-45929,LiVCoO4,2.789353847503662,3.7010629177093506,2.724,train,4.543360471725464
JVASP-116818,LiFe2OF5,3.8360249996185303,5.1240785121917725,3.865,train,6.323015213012695
JVASP-39681,LiPrTl2,0.5517634153366089,1.4623936414718628,0.567,train,3.892081618309021
JVASP-112853,Li2MnP2HO8,3.2701947689056396,5.95464825630188,3.278,train,7.121973752975464
JVASP-152501,Li4HN,2.6612589359283447,4.92353892326355,2.631,test,106.50979423522948
JVASP-22215,Li2US3,1.3931279182434082,2.1749560832977295,1.421,train,3.2585299015045166
JVASP-51707,Li4H6Os,1.4188202619552612,1.5142037272453308,1.448,train,4.679709315299988
JVASP-109547,Li2AcAl,0.48240694403648376,0.5514087677001953,0.502,train,1.919023036956787
JVASP-43088,Li3Ti2CuO6,2.665316104888916,4.1066200733184814,2.661,train,6.051471948623657
JVASP-43812,LiMnCo3O8,3.8494553565979004,4.231696367263794,3.867,train,4.455820322036743
JVASP-142063,Li4VF8,6.2525553703308105,5.846353650093079,6.196,val,7.2395570278167725
JVASP-116244,Li2As,1.5735689401626587,1.824157476425171,1.613,train,5.744897842407227
JVASP-117129,LiCrP2S7,2.9529318809509277,2.724580764770508,2.976,train,2.9023585319519043
JVASP-41944,LiEr2Rh,-0.1595846712589264,0.4455511569976806,-0.121,train,1.403390645980835
JVASP-147191,LiCa2TeO6,2.600428342819214,5.2176477909088135,3.608,test,6.501137971878052
JVASP-116499,Li2MnCoO4,3.166314125061035,3.8297622203826904,3.18,train,5.194767236709595
JVASP-35221,Li2SiSnS4,1.8152683973312378,2.193746328353882,1.796,train,2.518646478652954
JVASP-57746,LiYF4,3.6303539276123047,6.626449346542358,3.637,train,21.03155541419983
JVASP-142712,Li5MnCo2O8,3.526249885559082,4.575142431259155,3.551,train,6.716911554336548
JVASP-156275,LiYPb,0.17950335144996643,0.5600554943084717,1.656,test,0.9231407642364502
JVASP-43023,Li2V3SbO8,2.559997320175171,3.392446279525757,2.56,train,3.6824424266815186
JVASP-78414,LiBe,0.30338364839553833,1.9373230934143064,0.357,train,9.67564857006073
JVASP-142871,Li4Mn5Sb3O16,2.9156157970428467,3.425187349319458,2.908,train,4.154869318008423
JVASP-43739,LiFeF3,3.76271915435791,5.169435739517212,3.781,train,7.047290325164795
JVASP-93844,KLiS,2.080692768096924,2.959542751312256,2.063,train,4.291328430175781
JVASP-74419,SrLi2Be,0.11416400223970413,0.4116071462631225,0.14,train,2.4934664368629456
JVASP-109053,Li3Sc,0.9225695133209229,1.186820109685262,0.891,train,10.967507123947144
JVASP-43926,Li4Cr3Co3Sn2O16,3.08038330078125,4.250211954116821,3.092,train,4.732294321060181
JVASP-128577,LiXe,-0.5140682458877563,-0.6330435276031494,-0.502,train,1.4069616794586182
JVASP-40991,Li3MnP2O8,3.4853601455688477,5.263516664505005,3.446,train,6.46817421913147
JVASP-139395,LiPbS2,2.2334084510803223,3.04115378856659,3.004,val,3.7735249996185303
JVASP-46859,LiMnF3,3.673741340637207,4.753248453140259,3.659,train,7.8083655834198
JVASP-122262,Li2Cr2CoO6,3.3804473876953125,3.9751155376434326,3.381,train,4.81051230430603
JVASP-138850,LiVF4,4.307732105255127,4.098812103271484,4.304,val,5.527904987335205
JVASP-125407,LiH3,2.6893012523651123,3.5586259365081787,2.613,train,4.822614669799805
JVASP-144252,Li2V3SbO8,2.5287375450134277,3.4402716159820557,2.554,train,3.78153920173645
JVASP-143290,Li2VPHO5,2.5701816082000732,2.7362663745880127,2.571,train,2.9851744174957275
JVASP-71734,Li2BeNi,0.327882319688797,1.3208560347557068,0.378,train,8.27999633550644
JVASP-146099,LiCr2P2O8,3.0657477378845215,3.29834246635437,2.868,test,3.809370279312134
JVASP-71880,LiMnBe2,-0.46082523465156555,0.3850181102752685,-0.424,train,3.463684320449829
JVASP-116837,LiV4O5F7,3.1442527770996094,3.150225877761841,3.141,train,3.237431764602661
JVASP-147244,Li4Mn3O7,3.283021926879883,4.140356779098511,3.323,test,6.535785436630249
JVASP-7659,NaLi2N,1.5384935140609741,1.426227569580078,1.553,train,3.273271322250366
JVASP-16583,LiAl2Ir,1.024263620376587,0.8970115184783936,1.041,train,2.219414234161377
JVASP-40235,LiY2Pt,0.5377631187438965,0.8179748058319092,0.45,train,2.5072662830352783
JVASP-43213,Li2MnCuO4,3.353423595428467,4.072322368621826,3.381,train,5.379754543304443
JVASP-48630,Li2Mn3OF6,3.093003511428833,3.564880609512329,3.098,train,4.679196119308472
JVASP-100196,Li3Eu,0.21732348203659058,0.5285983085632324,0.219,train,3.0350821018218994
JVASP-34466,Li4CO4,2.6199748516082764,3.8318545818328857,2.617,train,6.130679368972778
JVASP-45913,LiV3Zn2O8,2.3556809425354004,3.5472629070281982,2.377,train,3.9785540103912354
JVASP-135323,LiSeO,2.553557872772217,2.730581760406494,2.55,val,3.3226373195648193
JVASP-141076,Li2MnCoO4,3.2049169540405273,3.865188837051392,3.24,val,5.294567346572876
JVASP-112915,Li4MnCo2O7,3.414275646209717,4.244831323623657,3.426,train,5.897836923599243
JVASP-52214,LiAg2F4,4.490273952484131,5.813784956932068,4.479,train,7.007627010345459
JVASP-63672,Li4Be3As3ClO12,4.570806980133057,5.238568067550659,4.495,train,8.061825037002563
JVASP-62767,LiBIr,1.3571455478668213,1.460468053817749,1.329,train,3.5033562183380127
JVASP-132854,Li2Mn3F8,3.469724178314209,4.972816824913025,3.439,val,8.226570129394531
JVASP-1288,Li2S,3.554529905319214,5.3747718334198,3.483,train,30.287847995758057
JVASP-141648,LiTiFeO4,2.68827223777771,4.39460301399231,2.675,train,5.0598742961883545
JVASP-68551,LiBeNb,-0.5787702798843384,0.3713767528533935,-0.529,train,1.454228162765503
JVASP-69274,BaLi2Ca,0.5294309258460999,0.2513110637664795,0.569,train,1.837679386138916
JVASP-64528,Ba4LiPb,-1.704246163368225,0.3102718591690063,-1.604,train,4.001870393753052
JVASP-153181,Li3Ag2Ge3,0.9115365743637085,0.685036818186442,0.757,test,1.4548770785331726
JVASP-133676,LiV3O5F3,3.0793025493621826,3.660073518753052,3.237,val,3.733011484146118
JVASP-145628,SrLiLa7Fe3O16,1.8461896181106567,2.693948984146118,1.535,test,3.32734751701355
JVASP-137585,Li2MnCoO4,3.183373212814331,3.4044153690338135,3.203,val,4.66911244392395
JVASP-138702,LiCrTe2,0.8786174058914185,1.288677453994751,0.893,train,1.662543773651123
JVASP-40630,LiInPd2,1.490391492843628,1.336369276046753,1.516,train,2.139428496360779
JVASP-136353,LiMnCl3,3.187891960144043,3.0481982231140137,2.564,val,6.2209484577178955
JVASP-43359,Li2FeCo3O8,3.711954355239868,4.676905870437622,3.699,train,5.438886880874634
JVASP-91329,LiCrGe2O6,3.4133191108703613,3.6534087657928462,3.426,train,3.757755994796753
JVASP-42466,Li4Fe3Co3Sn2O16,3.224100112915039,4.05823016166687,3.214,train,4.629054307937622
JVASP-44515,Li3FeSb4O12,3.1469130516052246,3.641408999760946,3.168,train,4.239810228347778
JVASP-48179,LiVPO4,2.5790274143218994,2.7579662799835205,2.589,train,3.0566890239715576
JVASP-1411,LiN3,1.5948354005813599,2.873829126358032,1.567,train,5.772005796432495
JVASP-133565,Li2MnO2F,3.276738166809082,4.315690279006958,3.296,val,6.13030219078064
JVASP-117276,LiAlNiO3,3.2027299404144287,3.9789164066314697,3.195,train,5.036803483963013
JVASP-38473,Li3Hg,0.13348469138145447,0.6418890953063965,0.138,train,2.6209170818328857
JVASP-147449,Li2MnFeB2O6,2.3372907638549805,3.343712568283081,2.356,test,3.968894720077514
JVASP-76800,LiOs2W,-0.774402379989624,0.2106173038482666,-0.81,train,0.5837175846099854
JVASP-117441,Li4MnF7,5.408207416534424,6.339535474777222,5.416,train,8.398765325546265
JVASP-150217,LiErGe,0.12185079604387283,1.2922723293304443,0.031,test,2.2497787475585938
JVASP-21456,Li5Ni3N3,2.771810531616211,2.46740198135376,2.631,train,3.675880193710327
JVASP-45885,LiNiPO4,3.3026015758514404,5.169692277908325,3.273,train,6.761605501174927
JVASP-47888,LiMn2O4,3.256737470626831,3.3237860202789307,3.302,train,3.927101373672486
JVASP-42958,Li4V2SiGeO10,3.1465399265289307,3.4380927085876465,3.14,train,4.105895280838013
JVASP-12979,Li6MgBr8,2.6708595752716064,4.002149283885956,2.604,train,9.091817498207092
JVASP-20517,LiZn,0.5801979899406433,0.933793306350708,0.605,train,2.1992194652557373
JVASP-122007,Li3MnCoO5,3.5966501235961914,4.2252466678619385,3.618,train,5.258865594863892
JVASP-120568,Li2CrO2,3.0545289516448975,3.4064910411834717,3.012,train,6.0505640506744385
JVASP-47449,LiMnSiO4,3.0351600646972656,4.219365358352661,3.039,train,5.009988069534302
JVASP-145597,LiNi2O4,3.8769545555114746,4.451961278915405,3.886,test,5.402289628982544
JVASP-44021,Li2CoBO4,2.6567273139953613,4.655781030654907,2.647,train,7.020886182785034
JVASP-34911,LiScI3,0.6617763638496399,1.0533212423324585,0.583,train,1.317357301712036
JVASP-42018,Sr2LiPt,-0.3817409574985504,-0.0891462564468383,-0.223,train,0.3779603242874145
JVASP-43530,LiVF4,3.8896875381469727,3.943986654281616,3.892,train,4.172857046127319
JVASP-143934,LiCoSnO4,3.55594801902771,4.370116472244263,3.544,train,4.627296686172485
JVASP-118995,Li7Mn4CoO12,3.405514717102051,4.000776529312134,3.416,train,5.99296498298645
JVASP-116829,LiMn2Si2O7,2.862421989440918,3.604816198348999,2.885,train,4.307321310043335
JVASP-143294,Li3MnV3O8,2.516904830932617,2.3760502338409424,2.557,train,3.007762670516968
JVASP-44373,Li2AlFeO4,3.072679042816162,4.286283731460571,3.112,train,5.342817544937134
JVASP-116311,LiSe2,1.4491724967956543,1.5297296047210691,1.389,train,2.5071908235549927
JVASP-151400,Li4La3Ge4,0.1322244107723236,1.1710047721862793,0.202,test,2.073000907897949
JVASP-119725,Li7FeO5F,4.690212726593018,4.656567811965942,4.677,train,6.073565721511841
JVASP-40029,LiSm2Os,0.043238215148448944,0.6400144100189209,0.096,train,1.6639280319213867
JVASP-12682,LiTiPO4F,2.9904823303222656,2.510934591293335,3.045,train,2.773871660232544
JVASP-99366,LiNbGeO5,3.348005533218384,3.6073758602142334,3.39,train,5.082042455673218
JVASP-140711,LiFeSnO4,2.87701416015625,4.0257322788238525,2.868,train,4.555070161819458
JVASP-140600,LiNi5O5F,3.2352871894836426,3.766507387161255,3.193,train,4.756023645401001
JVASP-141843,Li5V2Fe3O10,2.838392496109009,3.4884836673736572,2.859,train,5.440500974655151
JVASP-122521,Li4V3CrO8,2.4335286617279053,2.9630444049835205,2.438,train,3.909693956375122
JVASP-48224,LiFeC2O6,3.027472496032715,3.9159066677093506,3.036,train,4.236784219741821
JVASP-48466,LiCo5O7F,3.554609775543213,4.197472333908081,3.514,train,4.401310682296753
JVASP-141218,Li4MnCo2O7,3.406235694885254,4.2816009521484375,3.413,train,6.651840448379517
JVASP-48654,Li2CrO3,3.125115156173706,4.1861302852630615,3.124,train,5.826743841171265
JVASP-144038,Li4Mn3NbO8,2.6828560829162598,2.920090913772583,2.529,val,3.871190309524536
JVASP-122304,LiCoP3O9,3.629117965698242,5.804137945175171,3.658,train,6.440928220748901
JVASP-113229,Li2Co3BiO8,3.7828500270843506,4.203974008560181,3.783,train,4.633952856063843
JVASP-120278,Li2AlN2,3.244935989379883,2.5036771297454834,3.2,train,4.693670988082886
JVASP-119494,LiCuRu2Rh2O8,3.8992409706115723,3.887249231338501,3.899,train,3.984929323196411
JVASP-110322,LiMnO2,3.028608560562134,4.104806661605835,3.025,train,6.051822900772095
JVASP-11729,Li2FeSiO4,2.8540430068969727,4.191267728805542,2.904,train,5.85936713218689
JVASP-140422,Li2Al2P2O9F,3.3332924842834473,4.555567026138306,3.323,train,5.484593629837036
JVASP-79995,LiSnAu2,1.9688376188278198,1.5802985429763794,2.046,train,1.9651605486869812
JVASP-11719,LiCoC4O4,2.3120651245117188,3.417135000228882,2.291,train,3.5625622272491455
JVASP-77419,Sr2LiMg,-0.7940266132354736,-0.1730537414550781,-0.756,train,0.0298027992248535
JVASP-141693,Li7Mn2Co3O12,3.5298168659210205,4.210865259170532,3.525,val,5.4923460483551025
JVASP-98195,Li3In2P3O12,3.560307025909424,4.905901829401652,3.607,train,6.227770090103149
JVASP-146938,Li3MnCo3O8,3.522047519683838,3.868486642837525,3.531,test,4.811114549636841
JVASP-14919,Li2PrAs2,0.5154533386230469,2.1322736740112305,0.53,train,5.065418481826782
JVASP-146269,LiCoPO4,3.401895523071289,4.835129499435425,3.35,test,5.580854654312134
JVASP-117318,LiV3O6,2.7465436458587646,2.786426305770874,2.775,train,2.958875894546509
JVASP-143286,Li6Cr2O7,3.3302416801452637,4.414117097854614,3.346,train,6.618103742599487
JVASP-147398,Li7Mn5O12,3.19051194190979,3.806735481534685,3.211,test,5.808825254440308
JVASP-140631,Li3VO2F2,4.04660701751709,4.272449096043904,4.067,train,6.542916536331177
JVASP-13159,LiClO2,3.6376712322235107,4.213439345359802,3.57,train,5.3053834438323975
JVASP-141553,Li3CrP2O9,3.74751615524292,5.502739191055298,3.751,train,6.41307806968689
JVASP-85382,Li4CO4,2.5483391284942627,3.782692074775696,2.529,train,6.21905255317688
JVASP-121541,LiIrO2,3.3054933547973633,2.9537899494171143,3.407,val,4.191548585891724
JVASP-40366,LiHo2Pt,-0.23194772005081177,0.4557549953460693,-0.173,train,1.5892071723937988
JVASP-141362,LiZnInF6,4.506356239318848,7.390465497970581,4.494,train,11.189408421516418
JVASP-145690,Li7Mn2Co3O12,3.39396333694458,4.297981296266828,3.418,test,6.538470506668091
JVASP-78921,LiIr3,0.476886510848999,2.112748861312866,0.553,train,2.9575016498565674
JVASP-137741,LiMn2O2F3,3.690646171569824,4.289841413497925,3.388,val,5.602170705795288
JVASP-153312,Li2MgSi,0.8251364231109619,1.003861427307129,0.303,test,2.780676245689392
JVASP-135363,LiScS,0.5213791728019714,0.7466404438018799,0.085,val,1.3635799884796145
JVASP-8825,LiSmSe2,0.7974085211753845,1.9750752449035645,0.791,train,3.407968282699585
JVASP-141917,Li4Mn3CoO8,3.045929193496704,4.007266283035278,3.058,train,5.792524576187134
JVASP-146008,Li2BF5,5.46863317489624,6.601532220840454,5.358,test,10.434431552886965
JVASP-146628,Li3CrCo3O8,3.536159038543701,3.815930604934693,3.54,test,4.768813371658325
JVASP-77136,Li2SnPb,0.37822896242141724,0.9930754899978638,0.419,train,1.009599685668945
JVASP-54443,LiIO3,4.834964752197266,4.841532230377197,4.803,train,5.9872355461120605
JVASP-146840,Li2LaNb6O18,2.3127541542053223,5.151724815368652,1.75,test,7.7485902309417725
JVASP-44593,Li4Mn3Sn5O16,3.1033267974853516,3.713333368301392,3.1,train,6.042822599411011
JVASP-48574,Li3MnV3O8,2.7988624572753906,3.029160261154175,2.82,train,3.663187742233277
JVASP-147697,LiV2Si2O8,2.616746425628662,3.3817827701568604,2.668,test,3.6794936656951904
JVASP-52369,LiSnPO4,3.497009515762329,3.928215265274048,3.534,train,4.8589160442352295
JVASP-144437,Li3TiFe2O6,2.8148159980773926,3.3358609676361084,2.837,train,4.293665170669556
JVASP-59662,Li2FeCuC6N6,0.6221727728843689,0.6740419864654541,0.575,train,0.9838292598724364
JVASP-132936,LiNi5O10,3.82631254196167,3.862970113754273,3.866,train,3.9552392959594727
JVASP-108179,Li2CoO2,3.168294906616211,3.4549590349197388,3.177,train,5.410486459732056
JVASP-49173,Li2TeO4,4.094338893890381,5.013806223869324,4.07,train,5.897650718688965
JVASP-144072,LiVFeO4,2.642465591430664,3.3986175060272217,2.628,val,3.752184629440307
JVASP-95533,LiCoH24C8N8O12,1.938940405845642,4.1045310497283936,1.995,train,4.271872282028198
JVASP-141570,Li2MnF6,5.012485027313232,5.741952180862427,4.985,train,7.0332465171813965
JVASP-16408,LiIrF6,5.993931770324707,5.820027589797974,5.768,train,6.3302528858184814
JVASP-48164,LiFeCo2O6,3.8992576599121094,4.248516321182251,3.903,train,4.686882734298706
JVASP-135341,LiTeO,3.3221631050109863,2.6241884231567383,2.813,val,3.340888738632202
JVASP-146935,Li2Ti3VO8,2.1781888008117676,2.843045949935913,2.217,test,3.312835454940796
JVASP-147470,LiAuS4O14,4.156527519226074,5.654541969299316,4.24,test,5.675009250640869
JVASP-108109,LiTa2CuO6,1.659071445465088,3.5838944911956787,1.64,train,4.9692466259002686
JVASP-41915,LiDy2Tc,-0.22034785151481628,0.4920494556427002,-0.181,train,1.385155200958252
JVASP-112446,Li3Fe4CuO8,2.7540299892425537,3.37209153175354,2.774,train,4.061570405960083
JVASP-145497,Li3Co2NiO6,3.4298477172851562,3.911188840866089,3.443,test,5.2248852252960205
JVASP-109165,LiBi3Cl2O4,2.633570909500122,3.288527011871338,2.603,train,3.40813946723938
JVASP-48921,Li6FeO5F,4.947262287139893,4.645678083101909,4.912,train,6.2196924686431885
JVASP-42275,Li2Co4O3F8,4.272680759429932,5.724910020828247,4.283,train,6.179623126983643
JVASP-48240,LiVP3HO10,2.867471694946289,3.00456166267395,2.874,train,3.123595952987671
JVASP-142567,Li2CoPO4F,3.4102940559387207,4.801992416381836,3.441,train,6.632232904434204
JVASP-94731,LiCaMg6,0.40039148926734924,0.3911159038543701,0.411,train,0.7743690013885498
JVASP-151188,Li2S,2.934443235397339,6.007888078689575,3.074,test,62.273868799209595
JVASP-141535,Li4Co5SnO12,3.540187358856201,4.180129766464233,3.58,val,4.955456972122192
JVASP-138842,SrLiF,1.0122066736221313,-1.4400681257247925,-0.188,val,-0.977541446685791
JVASP-144776,LiNi5O3F5,3.5288844108581543,4.136662244796753,3.36,val,4.342965364456177
JVASP-67727,LiBeBr4,-0.2619988024234772,1.2332103252410889,-0.295,train,2.7810384035110474
JVASP-47677,LiCoPO4,3.6007909774780273,4.527501344680786,3.631,train,4.888177156448364
JVASP-142592,Li4Fe3Ni2O10,3.347813606262207,4.173527121543884,3.402,val,4.627290964126587
JVASP-45901,Li2Co2SnO6,3.278921127319336,4.176017761230469,3.311,train,5.374895334243774
JVASP-109166,Li2GaAg,0.8423383235931396,1.101980686187744,0.89,train,2.797134518623352
JVASP-85076,LiCaTl2,0.29391056299209595,1.105322241783142,0.278,train,1.105322241783142
JVASP-50783,Li4H3BrO3,3.7094993591308594,4.587907791137695,3.677,train,8.62882924079895
JVASP-107794,Li3Co2O2F3,5.450693607330322,6.00312860806783,5.396,train,7.028863191604614
JVASP-50469,Li2TiTe3O12,4.112179756164551,4.1255199909210205,4.1,train,4.856613397598267
JVASP-48281,Li2CrSiO4,2.6431427001953125,3.3902862071990967,2.649,train,5.0657031536102295
JVASP-39216,NaLi3,0.1205473318696022,0.083241065343221,0.094,train,1.2671043872833252
JVASP-48080,LiVSiO5,3.390094518661499,3.649712324142456,3.435,train,4.099990606307983
JVASP-46959,Li4Co3O2F6,3.9920222759246826,4.845970392227173,3.989,train,7.044563293457031
JVASP-157288,LiPr2Mg,-0.5779727697372437,1.0306804180145264,-0.011,test,4.079427778720856
JVASP-18464,Li4H4Rh,1.347657561302185,2.0510836839675903,1.384,train,5.355187654495239
JVASP-116503,Li4Co3O7,3.697035074234009,4.21217942237854,3.788,train,5.355645418167114
JVASP-122006,Li5MnCo2O8,3.510256767272949,4.576498079299927,3.551,train,7.455220460891724
JVASP-45238,Li4Fe3CoO8,3.0539822578430176,4.119947671890259,3.104,train,4.991971254348755
JVASP-59276,LiCaTa2O6F,2.130645275115967,3.5998117923736572,2.222,train,6.7629125118255615
JVASP-125912,Li8As,0.25173714756965637,0.2948927581310272,0.272,train,3.283050775527954
JVASP-140987,LiVF5,4.220041275024414,4.484185218811035,4.453,val,4.729391098022461
JVASP-41726,LiSbPd2,2.4365601539611816,1.180339813232422,2.485,train,1.3773419857025146
JVASP-116484,Li2MnSnS4,2.632207155227661,2.9109675884246826,2.652,train,4.6866538524627686
JVASP-49855,Li8BiO6,3.553377389907837,4.644243836402893,3.553,train,10.136748790740969
JVASP-34775,Yb2LiCl5,3.2894070148468018,5.345579385757446,3.189,train,9.522081136703491
JVASP-43453,LiFeF3,3.728527069091797,4.118445158004761,3.772,train,5.293923616409302
JVASP-48251,Li2Ti2V3O10,2.7614426612854004,3.5552825927734375,2.772,train,4.3638293743133545
JVASP-68905,LiBePt,-0.1954660713672638,0.5663378238677979,-0.236,train,1.2236435413360596
JVASP-30304,Li2DyPCO7,3.0216245651245117,4.7034947872161865,3.061,train,6.72951865196228
JVASP-144781,Li3CoO2F,4.249658107757568,4.892083644866943,4.504,val,7.317819356918335
JVASP-81410,LiCrIr2,0.681740403175354,1.2832062244415283,0.698,train,2.5386946201324463
JVASP-140224,Li4Mn3VO8,2.938267707824707,2.993563413619995,2.93,train,3.983238458633423
JVASP-40312,LiCa2Hg,-0.10755743831396103,0.4262001514434814,-0.093,train,1.6113861799240112
JVASP-146565,Li2VO2F,4.072618007659912,4.632331132888794,4.546,test,6.3926050662994385
JVASP-47706,LiCoSiO4,3.51495623588562,4.598958253860474,3.537,train,5.319164514541626
JVASP-40816,NaLiPt,2.7046303749084473,1.1700994968414309,2.612,train,1.8051103949546816
JVASP-46267,Li4CrO4,4.309127330780029,3.604461908340454,4.197,train,7.6339638233184814
JVASP-7901,LiFeO2,3.0238640308380127,3.408099889755249,3.04,train,4.720872640609741
JVASP-46246,Li2AlNiO4,3.593386173248291,4.750030755996704,3.609,train,6.5740978717803955
JVASP-147595,Li5FeCo4O10,3.332711696624756,3.7682974338531494,3.368,test,5.022320985794067
JVASP-108848,K2LiPdF6,4.238966464996338,4.741126298904419,4.129,train,5.449581146240234
JVASP-104793,LiCo3OF5,3.2220168113708496,3.99295425415039,3.255,train,4.169329881668091
JVASP-40685,LiMnPO4,3.0252015590667725,4.4544126987457275,3.037,train,6.078497648239136
JVASP-96946,BaLi2Ti6O14,2.550607204437256,3.1744964122772217,2.571,train,3.640056371688843
JVASP-120742,LiMn5Cu2O12,3.420835256576538,3.97903037071228,3.447,train,4.126410722732544
JVASP-100650,LiInO2,2.769427537918091,4.105087041854858,2.815,train,9.573063135147097
JVASP-93406,Li2In,0.4924341142177582,0.8969465494155884,0.531,train,3.917746067047119
JVASP-112358,LiTiCrO4,2.6326684951782227,3.4004786014556885,2.638,train,4.6999475955963135
JVASP-56232,LiCaBi,0.6450855135917664,1.0376267433166504,0.603,train,1.51035475730896
JVASP-48650,LiMn7O3F9,2.50628924369812,3.147094488143921,2.474,train,3.278231382369995
JVASP-30451,Li2DyTl,0.04924691468477249,0.5441166758537292,0.091,train,1.6187775135040283
JVASP-107551,LiAu,1.0488113164901733,1.811614751815796,1.005,train,3.0375977754592896
JVASP-42811,Li4CoO2F2,4.593122482299805,5.091866999864578,4.601,train,7.415505409240723
JVASP-74638,LiBe2Mo,-0.31797468662261963,-0.0066285133361816,-0.266,train,1.0710253715515137
JVASP-48249,Li2Ti3V3O12,2.761265993118286,3.614753484725952,2.783,train,4.084304571151733
JVASP-36898,LiSnCl3,3.519958972930908,3.5384870767593384,3.568,train,4.618282079696655
JVASP-42920,Li3Fe4B4O12,2.427110433578491,3.728502988815307,2.448,train,4.611561059951782
JVASP-155716,Li2CaPd2,1.359763503074646,1.286543607711792,1.057,test,3.3531861305236816
JVASP-120313,Li3Sb,0.47933465242385864,0.7516539891560873,0.493,train,2.6688860654830933
JVASP-142545,Li2Fe3SnO8,3.166584014892578,4.144829034805298,3.175,train,4.4217846393585205
JVASP-128347,Yb3Li,-0.8500624895095825,0.2401735782623291,-0.868,train,0.9040796756744384
JVASP-146916,Li2Ti3CoO8,2.9527225494384766,3.784580945968628,2.931,test,4.377884149551392
JVASP-24340,Li2U3P2O15,2.415142774581909,4.07175087928772,2.423,train,5.543263673782349
JVASP-47752,Li2Cr2SiO6,2.6986758708953857,3.6072633266448975,2.75,train,5.588049650192261
JVASP-48157,LiVP2O7,2.9936890602111816,3.329082727432251,3.028,train,3.399010419845581
JVASP-48321,LiV3O8,3.3124589920043945,3.446143388748169,3.315,train,3.62018084526062
JVASP-46773,Li2NiC2O6,3.011786937713623,3.9576575756073,3.023,train,4.574090242385864
JVASP-140587,LiVO2F,3.5066463947296143,4.279910326004028,3.381,val,6.423557996749878
JVASP-45236,Li3V6O16,3.3456311225891113,3.7396565278371177,3.315,train,4.203336000442505
JVASP-46241,Li6CrO6,5.717055320739746,4.377064784367879,5.714,train,6.854889154434204
JVASP-141022,Li2VFe3O8,3.437605381011963,4.26196026802063,3.439,val,4.701666593551636
JVASP-95587,Na3Li3Al2F12,2.9865503311157227,6.242503563563029,2.868,train,10.012477159500122
JVASP-122518,Li4Mn5O9F,3.069793462753296,3.4665712118148804,3.086,train,4.920116662979126
JVASP-91490,LiTaSiO5,2.858311414718628,3.604039907455444,2.975,train,9.290744543075562
JVASP-141854,Li15Fe2O12,4.80290412902832,4.356749327977498,4.83,train,6.032591104507446
JVASP-43810,LiFeF4,5.1016764640808105,6.120427846908569,5.068,train,6.799062490463257
JVASP-108821,LiVO2,2.360347270965576,2.5345704555511475,2.362,train,3.1881625652313232
JVASP-42723,LiFePO4,3.2463016510009766,3.4900805950164795,3.267,train,3.7377712726593018
JVASP-78883,LiMgSb,0.6780247688293457,0.8179715871810913,0.697,train,2.128401041030884
JVASP-40478,Li3CuS2,2.3974850177764893,2.9883981943130493,2.423,train,5.6321616768836975
JVASP-146098,Li4MnO2F2,4.67323112487793,5.297084450721741,4.663,test,8.659997701644897
JVASP-91799,LiNbF6,4.309561252593994,6.589208364486694,4.306,train,7.925532817840576
JVASP-77457,LiCa2Ag,0.9635571241378784,1.062719225883484,0.998,train,1.062719225883484
JVASP-130701,Li8Pm,0.0817447379231453,0.0262202322483062,0.078,train,2.978330969810486
JVASP-66435,Ba4LiOs,-1.5285720825195312,0.7829396724700928,-1.358,train,2.4195497035980225
JVASP-45939,Li2MnFe3O8,3.1999049186706543,3.752624750137329,3.24,train,4.260498285293579
JVASP-146774,Li7Mn2Co3O12,3.5575971603393555,4.25679155758449,3.522,test,5.747495889663696
JVASP-42732,LiVOF4,6.7837324142456055,5.008742570877075,6.805,train,6.396544694900513
JVASP-12805,Li3BO3,4.157799243927002,4.800926446914673,4.256,train,7.275718927383423
JVASP-115205,LiSbP,0.9303732514381409,0.6851475238800049,0.921,train,1.2989847660064695
JVASP-90724,Li2ZnSi,0.758955180644989,1.2296388149261477,0.824,train,3.7220863103866577
JVASP-123216,LiEr3,-0.5761688947677612,0.1737773418426513,-0.634,train,1.4941787719726562
JVASP-116861,LiCr2O4,3.2084012031555176,4.197753190994263,3.225,train,4.772886037826538
JVASP-26749,LiAsS2,2.3937249183654785,3.2345669269561768,2.324,train,4.129489183425903
JVASP-108191,Li2CuNiO4,3.513730049133301,4.257339239120483,3.53,train,5.357848405838013
JVASP-107005,LiAs3,1.8314075469970703,1.2890145778656006,1.814,train,1.4404706954956057
JVASP-141105,LiIn2,0.42028722167015076,0.4108695983886719,0.408,train,1.175586462020874
JVASP-42699,LiVP2O7,3.403841972351074,4.340548753738403,3.371,train,5.516885995864868
JVASP-147477,Li2NiPO4F,3.54612135887146,4.796441435813904,3.568,test,6.166729211807251
JVASP-105323,LiHfS2,0.9863541722297668,1.5540707111358645,0.981,train,1.9881060123443604
JVASP-119317,LiCoSiO4,3.4754438400268555,4.452131986618042,3.484,train,4.719948530197144
JVASP-116242,LiAs,2.117628574371338,1.3414602279663086,2.151,train,2.2365976572036743
JVASP-42995,LiFeO2,2.915537118911743,3.4038937091827393,2.957,train,4.60731053352356
JVASP-45243,Li2TiVO4,2.263759136199951,2.711193323135376,2.249,train,4.104126691818237
JVASP-52797,Li2MoO3,3.0794005393981934,3.2573602199554443,3.054,train,4.695573091506958
JVASP-42219,LiMnPO4,3.004011631011963,3.82366156578064,3.023,train,5.761592626571655
JVASP-116825,Li3V2C4O12,3.389042854309082,3.1802728176116943,3.367,train,3.5354392528533936
JVASP-109720,Li2SiAu,2.5340776443481445,1.263105869293213,2.616,train,3.0148439407348633
JVASP-43823,LiVFeP2O8F2,3.318002700805664,3.7753255367279057,3.34,train,4.142354249954224
JVASP-142623,Li2MnF6,5.125540256500244,5.9812058210372925,5.162,val,7.641216039657593
JVASP-102723,Li2SnPt,2.316735029220581,1.038611650466919,2.364,train,1.8626604080200195
JVASP-137391,Li2CoO3,4.108450412750244,4.603960275650024,4.111,train,5.535559177398682
JVASP-116832,LiFeF3,4.230310916900635,5.18040132522583,4.248,train,5.999917984008789
JVASP-119982,LiBeSb,-0.3585607707500458,0.9088915586471558,-0.351,train,1.675023317337036
JVASP-107189,LiThRh2,0.5084683299064636,1.4449527263641355,0.59,train,5.46042275428772
JVASP-155434,YbLi2GeS4,2.067237138748169,2.247488498687744,1.652,test,2.887686014175415
JVASP-90378,Li2MnF6,4.499125003814697,5.553568601608276,4.466,train,6.763815402984619
JVASP-141591,Li3Co2CuO6,3.406224012374878,4.085371255874634,3.417,train,4.991040468215942
JVASP-13340,Li2TiO3,2.941727638244629,5.0509350299835205,2.945,train,7.293362855911255
JVASP-52197,Li2CuSiO4,3.01196551322937,4.607362508773804,3.048,train,5.442567586898804
JVASP-57336,Li2Mn2NiO6,3.3890650272369385,3.751525640487671,3.387,train,4.712491273880005
JVASP-43643,Li2CoSnO4,3.1630890369415283,3.690752267837525,3.19,train,5.432296514511108
JVASP-118988,Li4Mn3O7,3.3242526054382324,4.107897758483887,3.324,train,6.060784101486206
JVASP-35934,Li3PrSb2,0.757461667060852,1.2877764701843262,0.783,train,2.2350189685821533
JVASP-46743,Li3MnSi2O7,3.07975435256958,5.06958254178365,3.082,train,5.998865842819214
JVASP-112360,Li2AlCr2SbO8,2.793092966079712,4.019786596298218,2.81,train,6.339614152908325
JVASP-144538,Li4MnCo2O7,3.3796417713165283,4.171776533126831,3.428,val,6.236047983169556
JVASP-43663,LiTmO2,1.9268664121627808,3.730740785598755,1.9,train,6.657695531845093
JVASP-135873,BaLiTe2,0.7007433176040649,1.189581036567688,0.77,val,2.4193326234817505
JVASP-41964,LiHf2Os,-1.960978627204895,1.852113962173462,-1.881,train,6.058087110519409
JVASP-110720,Rb2LiYCl6,2.5472166538238525,1.90948224067688,2.569,train,2.2364661693573
JVASP-7669,LiAl,1.0455526113510132,1.0603408813476562,1.084,train,2.6289591789245605
JVASP-44387,Li4Co3Ni5O16,3.910839796066284,4.414583444595337,3.902,train,4.906879663467407
JVASP-87919,Li2BPt3,2.965573787689209,1.604933500289917,2.898,train,3.2752621173858643
JVASP-38530,Li3Nb,0.6823902726173401,0.9868130683898926,0.729,train,7.838454246520996
JVASP-116253,Li2Au,1.1724382638931274,1.2936469912528992,1.212,train,4.312603235244751
JVASP-142658,Li5NiO3F,4.452181339263916,4.457484006881714,4.648,val,6.583788633346558
JVASP-47766,LiCrSiO4,2.6258180141448975,3.862338781356811,2.641,train,4.8973681926727295
JVASP-111146,Li2MnCrO4,3.078951835632324,3.0983288288116455,3.112,train,5.354558229446411
JVASP-49834,LiNbTe3O12,3.1981201171875,3.360339879989624,3.181,train,3.829968214035034
JVASP-121759,Li2FeC2O6,2.888734817504883,3.481437921524048,2.907,train,3.706062078475952
JVASP-52362,Li2CrS3,2.331655502319336,2.9351072311401367,2.296,train,3.683356285095215
JVASP-147673,LiMn3O6,3.5131797790527344,3.685174226760864,3.73,test,4.064923524856567
JVASP-85221,LiTm2Cl5,1.9028533697128296,0.3250110149383545,1.887,train,1.0380284786224363
JVASP-46850,Li2VC2O6,2.8547706604003906,3.1153314113616943,2.837,train,3.387901544570923
JVASP-44569,Li2MgCu2Si4O12,2.756648302078247,4.143486261367798,2.755,train,4.659966707229614
JVASP-139321,Li2C,1.8547097444534302,1.9735996723175049,1.8,val,8.7398521900177
JVASP-91815,LiPd7,1.3073457479476929,1.5117290019989014,1.32,train,1.762721061706543
JVASP-119688,Li2CrCoO4,3.160001277923584,3.788896322250366,3.174,train,4.688725709915161
JVASP-42414,Li2Fe3CuO8,3.3239691257476807,3.844117403030395,3.362,train,4.2838428020477295
JVASP-122359,LiFeSiO4,3.2795188426971436,3.951098680496216,3.272,train,5.358953237533569
JVASP-44377,Li2Cr3SbO8,2.607011318206787,3.8648974895477295,2.64,train,5.234130144119263
JVASP-42693,LiTiV2O6,3.0103957653045654,3.517528772354126,3.01,train,3.9621036052703857
JVASP-108833,LiFe3O4,2.3452131748199463,3.118337392807007,2.383,train,3.410325288772583
JVASP-43110,Li2Mn3CoO8,3.4029693603515625,4.5752785205841064,3.427,train,5.11136794090271
JVASP-38848,LiNd2Ru,-0.2983906865119934,0.512897253036499,-0.248,train,1.716439723968506
JVASP-113243,Li3MnV3O8,2.7445476055145264,3.088509321212769,2.756,train,3.509298086166382
JVASP-112968,LiDySn,-0.20679828524589539,0.6973061561584473,-0.166,train,1.0642008781433103
JVASP-144257,Li2Co2Si2O7,2.8836536407470703,3.929298877716065,2.867,train,4.356058835983276
JVASP-106902,K2LiPrI6,1.7150115966796875,1.455223560333252,1.707,train,1.455223560333252
JVASP-48575,Li2MnF4,5.2356276512146,5.4858717918396,5.139,train,7.641064882278442
JVASP-34267,Li4CO4,2.482546329498291,3.7726895809173584,2.505,train,6.466280221939087
JVASP-53522,LiTiCl3,2.4513535499572754,1.6478383541107178,2.433,train,2.262470006942749
JVASP-140217,Li7Mn2Co3O12,3.4023993015289307,4.279410055705479,3.42,train,6.6080100536346436
JVASP-101518,Na2LiCeCl6,1.554947853088379,2.1483609676361084,1.55,train,2.754750490188598
JVASP-50620,LiCoS2,2.355943441390991,2.402027368545532,2.375,train,3.225735902786255
JVASP-21259,Li3BN2,3.3422746658325195,3.267282724380493,3.348,train,5.62807822227478
JVASP-86935,LiLaTiO4,2.3110244274139404,4.765894651412964,2.31,train,7.618292570114136
JVASP-45853,Li2VF6,4.382699012756348,4.722105860710144,4.355,train,5.196636199951172
JVASP-113209,Li2Mn2OF6,4.348330974578857,5.1124303340911865,4.357,train,6.341177701950073
JVASP-18493,Li4FeN2,2.7138657569885254,2.200350821018219,2.678,train,4.112758636474609
JVASP-41927,LiTm2Ru,-0.09988173097372055,0.6312966346740723,-0.096,train,1.2593891620635986
JVASP-141602,Li4Fe5NiO12,3.3163485527038574,3.701598882675171,3.356,train,4.4102184772491455
JVASP-144115,Li4CrP2O8,3.2352349758148193,4.709269762039185,3.17,val,7.555687665939331
JVASP-115179,LiB2,0.6038461923599243,1.8582651615142824,0.634,train,4.979008913040161
JVASP-147703,Li2VCuP2O8,2.8729491233825684,3.3390724658966064,2.973,test,3.9854543209075928
JVASP-12829,LiBO2,2.824252128601074,5.015887975692749,2.834,train,7.882477045059204
JVASP-59167,LiCoP2O7,3.6079907417297363,4.930615663528442,3.604,train,5.182280778884888
JVASP-141606,Li3VCr3O8,2.9425883293151855,3.5526559352874756,2.947,train,4.49054217338562
JVASP-16477,Li2CdPb,-0.40366294980049133,0.7634849548339844,-0.363,train,1.6137499809265137
JVASP-108968,LiNiF3,4.162947177886963,5.008478879928589,4.144,train,6.252279043197632
JVASP-44502,Li4Co5NiO12,3.8695199489593506,4.086071491241455,3.898,train,4.926043748855591
JVASP-43659,LiMnPO4,3.094003915786743,3.142017126083374,3.099,train,3.613736867904663
JVASP-47983,Li2Fe2CoO6,3.377021074295044,3.852295875549317,3.41,train,4.617117166519165
JVASP-119422,Li4MnCo2O7,3.512549877166748,4.155690670013428,3.504,train,5.563894033432007
JVASP-144788,Li4V2Ni3Sn3O16,3.187354803085327,3.839174509048462,3.266,val,4.79363751411438
JVASP-117121,LiH2N,2.2127108573913574,2.673616647720337,2.2,train,5.010887861251831
JVASP-139322,LiC2,1.409005045890808,1.3176181316375732,-0.272,val,5.30794358253479
JVASP-42354,Li2NbO3,3.400045156478882,3.6601908206939697,3.357,train,8.091936826705933
JVASP-122116,LiNdMo2O8,2.601166248321533,3.820848226547241,2.625,train,4.275526762008667
JVASP-136904,Li2LaO3,4.270323276519775,4.5013463497161865,3.912,val,7.250584840774536
JVASP-114308,LiAlH,0.8876534700393677,0.7817428112030029,0.853,train,1.4166805744171145
JVASP-42170,Li2FeO2F,3.77199649810791,4.525407552719116,3.825,train,6.389662265777588
JVASP-112668,Li4CoTeO6,3.463461399078369,4.314857244491577,3.486,train,5.904025316238403
JVASP-47550,Li2CoNiO4,3.439547300338745,3.6623733043670654,3.438,train,4.5722057819366455
JVASP-115706,LiPBr,1.6686062812805176,1.448038101196289,1.724,train,2.4082069396972656
JVASP-46697,LiMn3OF5,2.523296594619751,3.024195432662964,2.488,train,3.138699769973755
JVASP-140994,Li2FePCO7,3.289358139038086,4.2084009647369385,3.347,val,4.807872533798218
JVASP-122530,Li2Fe3CoO8,3.6255645751953125,4.520043611526489,3.648,train,5.1422340869903564
JVASP-47962,Li2VO2F,4.767724514007568,4.762737989425659,4.686,train,7.610535860061645
JVASP-154550,LiFeMoClO4,3.170191764831543,3.23492169380188,2.281,test,3.5025813579559326
JVASP-138844,LiTlF4,5.91252326965332,6.69482159614563,6.936,val,7.774678707122803
JVASP-39390,LiHf,1.1592764854431152,0.8082940578460693,1.157,train,5.068895101547241
JVASP-74454,Li4BePb,0.15662211179733276,0.7035535573959351,0.168,train,3.5808825492858887
JVASP-43210,Li2Mn2SbO6,2.921625852584839,3.3353381156921387,2.952,train,4.4709789752960205
JVASP-141926,Li4Ti3V3Ni2O16,2.9777541160583496,3.8164002895355225,2.966,train,4.873141050338745
JVASP-138822,LiNiF4,5.605058670043945,6.29794442653656,5.128,val,7.153075933456421
JVASP-72024,LiBeCo2,0.3789333701133728,0.9012703895568848,0.358,train,2.3064706325531006
JVASP-141551,Li3NiP2O8,3.5798251628875732,5.525852759679158,3.59,train,6.512227296829224
JVASP-41692,Li2HoIn,-0.47259917855262756,0.6304380893707275,-0.401,train,1.749888896942139
JVASP-43020,Li4Cr2P4H3O16,3.0464980602264404,4.742663621902466,3.058,train,6.532524347305298
JVASP-99967,LiUI6,1.0730319023132324,2.3125030994415283,1.054,train,2.5278820991516113
JVASP-48616,Li3MnO2F,4.085402011871338,4.52808403968811,4.15,train,7.484727382659912
JVASP-107109,K2LiCeCl6,2.2805323600769043,1.9509031772613523,2.291,train,2.481312990188598
JVASP-34833,LiCuPO4,3.269106388092041,4.425227880477905,3.309,train,5.191709756851196
JVASP-140207,Li3Mn2O5,3.380413770675659,4.184731086095174,3.405,train,6.072080850601196
JVASP-42901,Li3Fe5Co2O12,3.109832286834717,3.6158557732899985,3.124,train,4.479734659194946
JVASP-45883,Li2NiP2O7,3.5459654331207275,5.273992300033569,3.543,train,6.50422739982605
JVASP-74856,Li2YBe,1.1969834566116333,1.1043198108673096,1.235,train,4.04892361164093
JVASP-138237,LiBiI,0.8288677930831909,1.202130377292633,0.651,val,1.7051879167556765
JVASP-112501,Li4Mn3CoO8,3.094715118408203,3.173743963241577,3.102,train,4.210204362869263
JVASP-44142,Li2MnSiO5,3.2619709968566895,4.2880942821502686,3.252,train,5.330638647079468
JVASP-105672,Na2LiBiBr6,1.919561505317688,2.5523329973220825,1.858,train,2.8046005964279175
JVASP-122019,Li7Mn2Co3O12,3.5763561725616455,4.184646436146328,3.598,train,5.411308526992798
JVASP-133667,Li4MnTe3O12,3.457634925842285,4.025698900222778,3.635,val,4.507801294326782
JVASP-116791,LiCoP2O7,3.498326539993286,5.388410806655884,3.484,train,5.928732633590698
JVASP-50720,Li3CuF4,7.021446228027344,6.40268603960673,6.949,train,10.533315896987917
JVASP-141646,LiFePO4,3.140470027923584,3.9371001720428462,3.185,train,4.885490655899048
JVASP-78577,LiO2,5.006303787231445,5.527800798416138,5.04,train,8.601764500141144
JVASP-52680,Li5SiP3,1.3940781354904175,1.9061030864715576,1.378,train,3.728315114974976
JVASP-132981,Li7Mn2Co3O12,3.6996638774871826,4.114034073693412,3.719,val,5.719403982162476
JVASP-69239,BaSrLi2,-0.8376224040985107,0.3675503730773926,-0.866,train,1.9396473169326784
JVASP-13024,LiDy2Br5,1.6670805215835571,0.4857826232910156,1.7,train,1.1112768650054932
JVASP-145598,Li2Mn2SbO6,2.9228930473327637,3.3600480556488037,2.952,test,4.635376214981079
JVASP-108192,LiCrCo2O6,3.9382593631744385,4.4140589237213135,3.933,train,5.103421449661255
JVASP-50694,Li2CuF4,5.4034647941589355,6.0840394496917725,5.376,train,6.769144535064697
JVASP-92239,LiPrS2,-0.5551746487617493,2.575216054916382,-0.5,train,6.120848894119263
JVASP-40057,Li2NdTl,0.252592533826828,0.6068163514137268,0.362,train,1.6401252150535583
JVASP-50849,LiAg2F6,4.358378887176514,5.844333052635193,4.409,train,6.318069517612457
JVASP-59889,LiMn2S4,2.9459376335144043,2.557920217514038,2.894,train,3.3088042736053467
JVASP-156413,LiHgPb,0.7346386313438416,0.9105770587921144,0.071,test,1.4757933616638184
JVASP-48953,Li4V3OF11,3.671502113342285,4.398836851119995,3.617,train,6.087101936340332
JVASP-38580,Li3Zn,0.6234985589981079,0.7259897391001383,0.643,train,4.634373188018799
JVASP-112859,LiV3O2F6,2.907072067260742,3.4263384342193604,2.901,train,3.5296661853790283
JVASP-42386,Li3Fe2Cu2O8,3.365476369857788,4.319606781005859,3.391,train,4.98203444480896
JVASP-40938,LiPm2Si,-0.4592501223087311,0.4530637264251709,-0.41,train,1.410186767578125
JVASP-3462,LiInTe2,1.6888643503189087,1.8853998184204104,1.701,train,2.6754119396209717
JVASP-66031,BaLiCr,-0.7295213937759399,-0.3456398248672485,-0.665,train,0.6418395042419434
JVASP-10174,SrLiSb,0.9345776438713074,1.1740316152572632,0.98,train,1.7796099185943604
JVASP-112926,Li3Ni3TeO8,3.235719919204712,3.900505304336548,3.228,train,4.621077060699463
JVASP-139370,LiPO2,2.7786340713500977,2.143676996231079,2.492,val,3.139540433883667
JVASP-46519,LiMn4O8,3.1739046573638916,3.1964805126190186,3.146,train,3.5825746059417725
JVASP-91225,Li4UF8,2.9417014122009277,4.881124556064606,2.835,train,7.783953189849853
JVASP-121779,Li5Ti2Mn5O12,2.666684627532959,2.8400290966033936,2.684,train,4.503867864608765
JVASP-150718,LiBC4N4,2.0350496768951416,4.194966554641724,3.616,test,6.943086385726929
JVASP-121768,LiVF5,4.345747947692871,4.828947305679321,4.306,train,5.2194623947143555
JVASP-139988,Li4Mn3CoO8,3.1148247718811035,3.197014570236206,3.117,val,4.278174638748169
JVASP-107100,Li2InCuCl6,1.8852183818817139,2.2926377058029175,1.873,train,3.894947052001953
JVASP-146910,LiMnPO4,3.1264705657958984,3.326105833053589,3.056,test,4.070749044418335
JVASP-59226,LiVP2O8,3.607938051223755,5.057759523391724,3.573,train,5.4010169506073
JVASP-147247,Li7Mn2Co3O12,3.396252155303955,4.274782827922276,3.408,test,6.681042909622192
JVASP-41122,TbLiHg2,0.23144856095314026,1.2627406120300293,0.299,train,2.5230062007904053
JVASP-18456,LiSnS2,1.9288009405136108,1.9363553524017336,1.943,train,2.622074604034424
JVASP-46707,LiVPHO5,2.8280622959136963,2.991656541824341,2.848,train,3.134415864944458
JVASP-107135,Na2LiGdCl6,1.5060772895812988,2.328161239624023,1.547,train,3.319586992263794
JVASP-47336,Li5VF8,5.559022426605225,5.466997528076172,5.495,train,8.279505491256714
JVASP-43972,Li2MnB2O6,3.3326852321624756,5.731289386749268,3.329,train,6.743613004684448
JVASP-50383,Li3Nb6O11,2.382131576538086,3.0331825415293374,2.355,train,4.713520288467407
JVASP-41750,Li2LaPb,0.5242556929588318,0.3939909934997558,0.579,train,1.9870469570159912
JVASP-141512,Li3Fe2O6,3.9770147800445557,4.959301710128784,4.001,val,6.589334726333618
JVASP-110663,Li3ScCl6,1.7535892724990845,3.7950501441955566,1.783,train,8.623699188232422
JVASP-140208,Li3MnCoO5,3.3952689170837402,4.317177375157674,3.42,train,6.3085386753082275
JVASP-147153,Li2MgNi3O8,3.6348562240600586,4.077585697174072,3.701,test,4.400986909866333
JVASP-47554,Li2TiCo2O6,3.479004383087158,4.016413688659668,3.46,train,5.67072319984436
JVASP-71761,Li2BeW,-0.3013172447681427,1.9849555492401123,-0.257,train,7.787217140197754
JVASP-137377,Li2NiOF2,6.103152275085449,6.094016313552856,5.969,train,9.841023445129396
JVASP-78751,LiAgTe,1.6157408952713013,1.70830237865448,1.6,train,2.1258820295333862
JVASP-108094,NaLiAs2S4,2.572174072265625,2.5540945529937744,2.492,train,2.7102062702178955
JVASP-55692,K2LiAlH6,0.47828230261802673,0.8944942951202393,0.548,train,0.9691767692565918
JVASP-81135,Li2InPb,0.1308887004852295,0.8591396808624268,0.117,train,1.2286076545715332
JVASP-57547,LiZnPO4,3.410550594329834,5.544464349746704,3.417,train,7.809170007705688
JVASP-86231,LiSn6Pd2,-0.4807541072368622,0.7265504598617554,-0.49,train,0.9589552879333496
JVASP-20545,LiHg,0.9381183981895447,0.8844213485717773,0.988,train,2.409175157546997
JVASP-15478,LiGa2Rh,1.4914863109588623,0.7986050844192505,1.508,train,1.4440027475357056
JVASP-144782,Li6Mn5Ni3O16,3.211484432220459,3.757334947586059,3.224,val,4.8962366580963135
JVASP-119356,Li4AlCr3O8,2.765082597732544,3.546800374984741,2.774,train,5.772611379623413
JVASP-46801,LiMn5Cu2O12,3.4276013374328613,4.011497259140015,3.448,train,4.103374719619751
JVASP-99476,TbK2LiCl6,2.112328052520752,1.991825819015503,2.116,train,2.449138879776001
JVASP-113233,Li4Cr5BiO12,2.777287244796753,3.6660449504852295,2.82,train,4.595806837081909
JVASP-20419,Li2Pt,2.0549352169036865,2.1458380222320557,2.012,train,5.957670211791992
JVASP-118616,Li2O,4.153388500213623,4.126025855541229,4.057,train,11.76464331150055
JVASP-147421,Li5Mn3P4O16,3.12259578704834,4.753362035751342,3.174,test,6.9507153034210205
JVASP-112767,Li7Si2Ni3O12,3.088454246520996,4.067415748323713,3.093,train,5.649813413619995
JVASP-47990,Li2MnF4,5.748000621795654,6.024911642074585,5.569,train,9.000160932540894
JVASP-145972,Li4V3Co3Sn2O16,2.9627692699432373,3.7256019115448,3.027,test,4.4441978931427
JVASP-57541,LiBiPd2O4,2.653559684753418,4.009139776229858,2.684,train,4.5963544845581055
JVASP-141232,LiCrPO4,2.9155726432800293,3.0596768856048584,2.812,val,3.3419225215911865
JVASP-118900,LiN,1.468723177909851,2.4124183654785156,1.471,train,3.9918737411499023
JVASP-56047,LiI,2.506474494934082,3.1157772541046143,2.43,train,5.795308589935303
JVASP-40477,Li4TiS4,2.7274773120880127,3.122190475463867,2.685,train,6.426576614379883
JVASP-141531,Li8CoO5F,4.525295734405518,4.709723576903343,4.531,val,8.028258919715881
JVASP-122504,Li2FeP2O7,3.438904285430908,4.992774724960327,3.438,train,6.1207945346832275
JVASP-142881,LiFe2B2O6,2.5054941177368164,3.78558611869812,2.525,val,4.281625032424927
JVASP-48822,LiMn2OF3,2.5485947132110596,3.7869174480438232,2.503,train,5.363895654678345
JVASP-41854,LiAl2Ni,0.5231708288192749,0.952556610107422,0.548,train,3.0954535007476807
JVASP-47608,Li2Co3NiO8,4.191717624664307,4.556091547012329,4.167,train,5.0555946826934814
JVASP-146263,Li2Mn2O3,3.145432949066162,3.813181161880493,3.182,test,5.841215372085571
JVASP-18423,LiCuO2,3.5402183532714844,4.32819676399231,3.646,train,4.824939489364624
JVASP-50291,Li5CuP2O8,3.2043018341064453,5.027155923843384,3.219,train,6.108569383621216
JVASP-42887,LiZnAg2,0.5777480602264404,1.232637643814087,0.574,train,2.1706488132476807
JVASP-99797,LiCe2Os,-0.0884503647685051,0.6504819393157959,-0.016,train,3.0430405139923096
JVASP-116426,LiCdAs,0.5427603125572205,0.7368512153625488,0.554,train,1.1127923727035522
JVASP-48292,Li3Fe2Si2O8,3.1477880477905273,4.302622556686401,3.147,train,5.418720006942749
JVASP-142914,Li5Mn3O8,3.3904271125793457,4.241224718093872,3.447,val,5.644803285598755
JVASP-34222,Li4CO4,2.48262619972229,3.771778702735901,2.505,train,6.951059579849243
JVASP-1825,LiHoS2,0.9531126022338867,2.2787396907806396,1.054,train,4.10633111000061
JVASP-43976,Li2MnF4,3.73354434967041,5.410855054855347,3.701,train,13.481189250946043
JVASP-144074,Li4Nb2V3Cu3O16,2.608795642852783,3.683669328689575,2.48,val,4.579530954360962
JVASP-22386,LiAsF6,5.436063766479492,5.867196321487427,5.299,train,6.64280366897583
JVASP-38815,LiMgAu2,3.0777649879455566,1.7521603107452393,3.078,train,3.8885474801063538
JVASP-55325,LiVP2O7,3.0707573890686035,3.626593351364136,2.992,train,3.811491727828979
JVASP-151373,Li8Pb3,0.5807422399520874,0.9420065581798552,0.474,test,1.5372644662857056
JVASP-119173,Li2La3NdSb2O12,2.212374210357666,3.0990054607391357,2.269,train,4.009654760360718
JVASP-119694,Li2MnCoO4,3.194218397140503,3.370013475418091,3.201,train,4.495744466781616
JVASP-110202,NaLiZnS2,1.8123091459274292,2.96683406829834,1.856,train,4.022948384284973
JVASP-8808,LiInSe2,1.56206476688385,2.5686609745025635,1.577,train,3.9493255615234375
JVASP-86400,Li2ZrN2,1.7781627178192139,3.1685972213745117,1.758,train,10.63240885734558
JVASP-145994,Li7Mn2Co3O12,3.5494534969329834,4.257225888116019,3.569,test,5.3429648876190186
JVASP-45906,LiMnCoO4,3.8341073989868164,4.455734968185425,3.838,train,5.053333520889282
JVASP-91352,LiBiO3,3.953995704650879,4.8480565547943115,4.001,train,5.28204870223999
JVASP-44527,Li2Mn3VO8,3.4856367111206055,3.840340375900269,3.5,train,4.406946420669556
JVASP-94413,LiMg2,0.2126447856426239,0.3349889516830444,0.231,train,0.9544286727905272
JVASP-9612,Li4GeO4,3.4707882404327393,4.771571636199951,3.502,train,9.234681367874146
JVASP-116273,LiH2,-0.6219651103019714,-0.3939747810363769,-0.606,train,0.8379683494567871
JVASP-46461,Li2CrFeO4,2.9757981300354004,3.341885805130005,3.005,train,4.169041872024536
JVASP-48137,LiMnF3,3.663020610809326,5.19621205329895,3.667,train,8.118441581726074
JVASP-58322,KLiSO4,3.3536858558654785,5.016327619552612,3.29,train,6.116414785385132
JVASP-142220,Li2CaTa2O7,2.44899845123291,4.502722501754761,2.418,train,6.4080798625946045
JVASP-144106,Li2MnCoO4,3.194225311279297,3.369826555252075,3.201,val,4.495516538619995
JVASP-41754,LiGaAu2,2.2158987522125244,1.5332703590393066,2.151,train,1.9947118163108823
JVASP-13764,LiSi3Pd,0.4356648921966553,1.10737943649292,0.443,train,1.4904351234436035
JVASP-40859,Li2PmPb,-0.3323785066604614,0.4284262657165527,-0.297,train,1.5612375736236572
JVASP-18422,Li3Cu2O4,4.703294277191162,4.4370996952056885,4.726,train,5.977080583572388
JVASP-35928,Li3DySb2,0.6894528865814209,1.3408684730529783,0.699,train,2.2743165493011475
JVASP-43243,LiCoPO4,3.1909475326538086,5.089536905288696,3.168,train,6.422918081283569
JVASP-118840,LiCa2As,-0.7511821985244751,-0.0121247768402099,-0.725,train,0.9873743057250975
JVASP-105589,Li2MnCoO4,3.185072422027588,3.356044054031372,3.202,train,4.3030054569244385
JVASP-45927,Li4MnCr3P4O16,2.82586932182312,3.1499531269073486,2.824,train,3.564899206161499
JVASP-144785,Li3FeSiO5,2.9484024047851562,4.168071508407593,2.977,val,5.882128000259399
JVASP-44654,LiZnFe10O16,2.7725648880004883,4.1860105991363525,2.81,train,4.612889528274536
JVASP-58389,LiReO3,1.196387767791748,2.8690741062164307,1.281,train,3.398673295974731
JVASP-136911,LiCl2,2.3313944339752197,3.420142650604248,3.024,val,4.422077178955078
JVASP-66040,BaLiBr,-1.3695646524429321,-0.9344484806060792,-1.312,train,0.4923405647277832
JVASP-146581,Li3Co2SbO6,2.998018264770508,4.196501016616821,2.97,test,6.118401288986206
JVASP-41907,LiY2Al,0.6017353534698486,0.7730734348297119,0.498,train,1.9600369930267336
JVASP-50330,NaLiO,3.5703682899475098,3.725232362747192,3.519,train,4.330766201019287
JVASP-147479,Li4Co3O7,3.6824965476989746,4.259832859039307,3.719,test,5.840808153152466
JVASP-140624,Li5Nb2Ni5O12,2.521995782852173,3.191289281845093,2.553,train,3.651566743850708
JVASP-70341,LiTaBe2,1.0704630613327026,0.6165130138397217,1.089,train,2.5247466564178467
JVASP-105566,LiGeN,1.3341110944747925,1.880566358566284,1.364,train,2.533277988433838
JVASP-38522,Li3Mg,0.17352384328842163,0.4038130442301432,0.133,train,2.527630090713501
JVASP-153738,Li2CdGeS4,2.2613894939422607,3.168968915939331,2.224,test,4.808756709098816
JVASP-132982,Li4Ti3Fe2Co3O16,3.311972141265869,4.145128488540649,3.256,val,5.7299439907073975
JVASP-146900,LiCrP2O7,3.3252153396606445,4.763914346694946,3.404,test,5.790373086929321
JVASP-43232,Li2Cr3TeO8,2.955507755279541,3.9849421977996826,2.986,train,4.3852856159210205
JVASP-61675,LiAlSi2O6,2.6201634407043457,4.566881418228149,2.652,train,5.690155744552612
JVASP-102282,Li2CaAl,0.509290874004364,0.6822425127029419,0.487,train,2.3312735557556152
JVASP-143978,Li3Mn2C4O12,3.674128532409668,3.784664869308472,3.709,train,4.450660467147827
JVASP-57818,Li2SO4,4.192406177520752,5.603658199310303,4.099,train,7.741421937942505
JVASP-52817,LiAl3Si9N14O2,1.7275824546813965,1.496889352798462,1.724,train,1.5868384838104248
JVASP-74402,LiTiBe2,0.21373066306114197,0.8646752834320068,0.282,train,3.756548166275024
JVASP-153149,LiCeGe2,0.37372300028800964,0.9202449321746826,0.332,test,1.3344943523406982
JVASP-133282,LiHoW2O8,2.106480598449707,4.964810132980347,2.27,val,8.326477289199829
JVASP-48160,Li2MnF4,3.834038019180298,5.59913957118988,3.854,train,10.362859725952148
JVASP-48922,Li2Mn2F7,4.209122180938721,5.353665828704834,4.229,train,6.382721900939941
JVASP-107187,LiPrO3,3.65087890625,4.054992437362671,3.642,train,6.281163454055786
JVASP-116867,Li4Mn2Ni3O10,3.4226362705230713,4.178581595420837,3.457,train,5.291438341140747
JVASP-89184,KLi2As,1.7147401571273804,1.6016062498092651,1.703,train,2.4058737754821777
JVASP-143603,LiMnVF6,3.557680368423462,3.603902101516723,3.664,val,3.765669584274292
JVASP-81470,Ba2LiMg,-1.3156472444534302,-0.3201504945755005,-1.248,train,-0.3201504945755005
JVASP-93162,LiMg6C,0.2987804710865021,0.332564115524292,0.29,train,0.4740755558013916
JVASP-140540,Li3Fe3O8,3.9239344596862793,4.779841025670369,3.96,val,5.3403003215789795
JVASP-144043,LiNiPO4,3.4964447021484375,5.117626428604126,3.485,val,6.534454584121704
JVASP-117253,Li3MnCo3O8,3.5020530223846436,3.879503965377808,3.51,train,4.6171839237213135
JVASP-42216,Li2Co2OF6,4.400276184082031,5.750272154808044,4.406,train,6.7842395305633545
JVASP-11735,Li2MnO3,3.4754905700683594,4.450660467147827,3.503,train,5.48360276222229
JVASP-86988,Li3P,1.992979884147644,2.416706999142965,2.031,train,5.786484479904175
JVASP-101164,LiErSe2,1.255200982093811,2.4655508995056152,1.277,train,5.314133882522583
JVASP-76256,Li2NdGe,0.18868938088417053,0.5756473541259766,0.232,train,1.5170865058898926
JVASP-121493,LiBH4,0.9019959568977356,1.7132480144500732,0.898,train,2.5816891193389893
JVASP-146122,Li4Ti3Fe3Ni2O16,3.2694931030273438,4.415937185287476,3.268,test,5.148750066757202
JVASP-47617,Li3Mn3SiO8,2.993788957595825,3.915655851364136,3.027,train,5.170718431472778
JVASP-47301,LiVF6,4.265560150146484,5.140701532363892,4.205,train,5.658649921417236
JVASP-18440,BaLi2Si,0.8516779541969299,0.7536669969558716,0.843,train,1.5581560134887695
JVASP-57627,Li8Bi2PdO10,3.3290560245513916,4.4826227724552155,3.328,train,5.877300024032593
JVASP-111236,Rb2LiGaF6,3.6039741039276123,3.561908483505249,3.61,train,3.8652303218841553
JVASP-49902,Li2Ti3BiO8,2.308819055557251,2.9892418384552,2.273,train,3.2692363262176514
JVASP-113440,Li2BO3,6.3861870765686035,5.231059312820435,6.475,train,7.7687599658966064
JVASP-151216,Li2ZrO3,3.703632354736328,4.607029676437378,3.763,test,8.354144811630249
JVASP-144434,Li5MnOF5,6.55834436416626,6.733698678016663,6.417,train,12.845464825630188
JVASP-48546,LiVO2F2,4.442735195159912,5.960329294204712,4.481,train,8.17054009437561
JVASP-100378,Li2Cu3Ge,2.926699638366699,1.1117093563079834,2.838,train,1.8742406368255615
JVASP-143556,Li4MnCo2O7,3.5324931144714355,4.188215255737305,3.541,val,5.475609064102173
JVASP-91261,LiMnPO4,2.9548025131225586,3.748826742172241,2.963,train,5.80230450630188
JVASP-140565,LiNiPO4,3.533142566680908,4.763672113418579,3.497,val,5.195183038711548
JVASP-50719,Li2CuF4,5.809777736663818,6.359748542308807,5.746,train,7.9599140882492065
JVASP-147426,LiVF4,3.9347963333129883,4.040961503982544,3.831,test,4.77739405632019
JVASP-140538,Li3Mn4O8,3.168621063232422,3.3984010219573975,3.236,val,4.4177868366241455
JVASP-145534,LiVP2O7,3.188011646270752,3.8283069133758545,3.203,test,4.027057886123657
JVASP-46789,Li2Si3NiO8,3.079509735107422,4.179020166397095,3.056,train,5.198498010635376
JVASP-71675,Li2BeTc,0.06953401118516922,1.981245040893555,0.076,train,10.727643966674805
JVASP-46701,Li4V3Ni3Sb2O16,3.0485568046569824,3.670939683914185,3.037,train,4.1373045444488525
JVASP-120912,LiHBr,1.257239818572998,1.0112760066986084,1.281,train,1.795203685760498
JVASP-56906,LiInAg2,0.8124260306358337,1.2752106189727783,0.814,train,1.7540432214736938
JVASP-91532,LiIn2CuSe4,2.036763906478882,2.0111042261123657,2.038,train,2.1352601051330566
JVASP-34455,Li4CO4,2.4305477142333984,3.896181583404541,2.429,train,6.517468214035034
JVASP-140219,Li7Mn4CoO12,3.2426950931549072,3.914507286889212,3.268,train,5.185136079788208
JVASP-144543,Li6Mn3CoO10,3.309164524078369,4.182798306147258,3.33,val,6.169297456741333
JVASP-8755,LiS,3.8320770263671875,3.514407157897949,3.684,train,7.350782692432404
JVASP-117291,LiFeSiO4,3.1968302726745605,4.88224196434021,3.216,train,5.667400121688843
JVASP-140029,LiCo2N3,2.3689370155334473,2.6315829753875732,2.363,train,3.725677251815796
JVASP-38000,Li3ClO,4.647144794464111,4.859061638514201,4.683,train,10.142881274223328
JVASP-137375,Li2MnF4,4.339390277862549,5.567601919174194,4.324,train,8.247613906860352
JVASP-50619,Li2Fe2S3,2.360229253768921,2.548263430595398,2.344,train,3.1105451583862305
JVASP-111230,K2LiTaF6,3.188164234161377,1.6133809089660645,3.122,train,1.9607329368591309
JVASP-140227,Li3Cu4SbO8,2.940927505493164,3.6542633374532065,2.949,train,4.135988473892212
JVASP-80701,Li2CaMg,-0.0128379687666893,0.4617435932159424,0.013,train,0.4887664318084717
JVASP-50724,LiFe2P2,0.958645224571228,1.2304365634918213,0.951,train,1.5513570308685305
JVASP-140615,Li2MnCoP2O8,3.0119822025299072,4.027041673660278,3.048,train,6.055548906326294
JVASP-43735,Li4FeO3F,3.7887392044067383,4.227194607257843,3.8,train,6.736338376998901
JVASP-47572,Li4CoP2O8,3.311904191970825,5.2380759716033936,3.319,train,6.901414155960083
JVASP-45776,LiVF4,3.8819189071655273,3.8525235652923584,3.879,train,4.354848146438599
JVASP-141792,LiMn2O4,3.596930980682373,4.065204858779907,3.598,train,4.423746347427368
JVASP-92251,Li2BiF5,5.010190010070801,6.150620341300964,5.015,train,10.352311849594116
JVASP-58324,KLiSO4,3.384056568145752,4.776244878768921,3.352,train,5.5008251667022705
JVASP-41957,LiHoIn2,-0.4180212616920471,1.499838650226593,-0.385,train,2.527831792831421
JVASP-46150,LiCoC2O6,3.5917391777038574,4.615349531173706,3.572,train,4.989137887954712
JVASP-44708,Li2CrCuO4,3.104957342147827,4.328020334243774,3.116,train,5.77303147315979
JVASP-43565,Li3V2P4H2O16,3.1775453090667725,4.452147722244263,3.184,train,6.038280248641968
JVASP-48619,Li3Mn3OF7,3.3948936462402344,4.27434515953064,3.374,train,7.531189918518066
JVASP-142030,Li2FeCo3O8,4.020595550537109,4.583366632461548,4.009,val,4.999737501144409
JVASP-111921,Li2Mn2F7,4.203376293182373,5.658096551895142,4.227,train,7.236473321914673
JVASP-142156,Li7Mn2Co3O12,3.7225167751312256,4.195189714431763,3.751,train,6.374957323074341
JVASP-9743,LiGaO2,3.0599145889282227,4.952683925628662,3.047,train,11.117433071136476
JVASP-42383,Li3CuP2O7,3.28928804397583,5.23870046933492,3.298,train,7.589582204818726
JVASP-43560,LiV4O5F7,3.1541991233825684,3.2976810932159424,3.165,train,3.3847439289093018
JVASP-86833,LiSn6Pd2,-0.48810163140296936,0.7413918972015381,-0.49,train,0.9383774995803832
JVASP-100618,Sr2LiRh,0.6045929193496704,0.1961520910263061,0.701,train,1.3598241806030271
JVASP-109285,LiF3,8.028223037719727,7.616683483123779,8.029,train,9.596740007400513
JVASP-40654,LiMnPO4,3.0547146797180176,4.359197378158569,3.075,train,6.177246332168579
JVASP-49773,LiTaO3,2.610968589782715,3.4692928791046143,2.636,train,6.906169652938843
JVASP-48112,LiMn2B2O6,2.5173847675323486,3.042288064956665,2.516,train,3.352144956588745
JVASP-99588,LiCoC2O6,3.1933746337890625,3.45554518699646,3.196,train,3.8567769527435303
JVASP-39817,LiZr2Tc,-0.13171133399009705,1.0254237651824951,-0.135,train,3.25327467918396
JVASP-149727,Li2LaGe,0.174026757478714,0.6990985870361328,0.441,test,2.1120877265930176
JVASP-134184,NaLiBi,0.15514254570007324,0.5636531114578247,0.039,val,0.916031002998352
JVASP-132983,Li4Mn2Ni3Sn3O16,3.2712175846099854,4.116605997085571,3.301,val,5.50735878944397
JVASP-124266,LiCl3,5.07797384262085,4.49819016456604,5.07,train,5.100748717784882
JVASP-42908,LiMnPO4,3.204854726791382,4.892327547073364,3.255,train,6.049776315689087
JVASP-42690,LiV2OF5,2.929004669189453,2.846339464187622,2.914,train,3.132070779800415
JVASP-43658,Li2CrPCO7,3.197528839111328,4.101026773452759,3.214,train,5.237292051315308
JVASP-141844,Li4Ti3Mn2Sn3O16,2.797994613647461,3.4252684116363525,2.789,train,4.82738995552063
JVASP-116899,Li2FeB2O6,3.098280906677246,5.563297510147095,3.125,train,6.747742414474487
JVASP-78529,Li2Te,2.9362423419952393,2.611968159675598,2.945,train,5.6231629848480225
JVASP-70941,Li2BeFe,-0.20325550436973572,0.1076006889343261,-0.167,train,1.6415605545043943
JVASP-120590,LiVSiO4,2.419757843017578,2.9451587200164795,2.431,train,3.611144781112671
JVASP-109055,LiIn2Ag,0.6909816265106201,0.6791436672210693,0.74,train,0.803321123123169
JVASP-43620,LiFeF4,4.541964054107666,6.077814340591431,4.605,train,6.895796775817871
JVASP-146146,Li4MnCo2O7,3.5217604637145996,4.1350226402282715,3.549,test,6.032312631607056
JVASP-104590,LiMgCd2,1.1179229021072388,1.0670795440673828,1.147,train,2.055236577987671
JVASP-112916,Li4MnCo2O7,3.5179238319396973,4.179044008255005,3.518,train,5.682464361190796
JVASP-121416,Li2Sm2Ge3,0.14735785126686096,1.2454617023468018,0.15,train,2.291055917739868
JVASP-41796,LiPm2Ge,-0.7167907357215881,-0.1812965869903564,-0.684,train,0.3230559825897217
JVASP-88310,Li2HN,2.6364598274230957,2.758007526397705,2.636,train,5.042954683303833
JVASP-43294,Li2Ti3NiO8,2.939906120300293,4.229140043258667,2.934,train,5.549934148788452
JVASP-48259,Li7FeO6,4.7653584480285645,4.382681608200073,4.827,train,5.8707664012908936
JVASP-121675,Li2CrO2,2.4250431060791016,3.6022415161132812,2.421,train,6.580625772476196
JVASP-46867,Li3Ni4O4F3,5.531744956970215,5.89980943997701,5.47,train,8.671237707138062
JVASP-134085,LiBeO,2.6146209239959717,-0.4862253665924072,2.756,train,-0.1249897480010986
JVASP-143264,Li4Fe3OF11,4.82100248336792,5.512122631072998,4.83,train,7.084258317947388
JVASP-119331,Li2Mn7F16,3.163205623626709,3.347644805908203,3.132,train,3.793666124343872
JVASP-100123,Rb2LiScCl6,2.2308380603790283,2.118034601211548,2.164,train,2.3777482509613037
JVASP-147016,LiCl2O4,4.193112850189209,3.4323251247406006,2.985,test,3.751989483833313
JVASP-47578,Li2Ti3CoO8,2.5786263942718506,4.9773108959198,2.588,train,7.279160737991333
JVASP-115703,Li4BrN,3.1663107872009277,3.27115535736084,3.184,train,8.347637057304382
JVASP-45848,LiCo2CuO6,4.1173319816589355,4.55634069442749,4.11,train,4.846789121627808
JVASP-18588,Li2AgPb,0.6199151873588562,1.1328504085540771,0.607,train,3.36336612701416
JVASP-122533,LiFeSiO4,3.3500559329986572,4.1955482959747314,3.367,train,4.7011024951934814
JVASP-144773,Li4Mn3TeO12,3.709599494934082,4.362436532974243,3.679,val,5.192870378494263
JVASP-21436,KLiSO4,3.34582781791687,4.9544336795806885,3.275,train,6.339555978775024
JVASP-98320,LiH5SN2O4,3.3160245418548584,4.0579493045806885,3.31,train,4.208199739456177
JVASP-144415,Li4Mn3Ni3O12,3.456141471862793,3.7478883266448975,3.466,train,4.001190423965454
JVASP-129592,LiSc,0.38507702946662903,0.7735040187835693,0.374,train,3.596522092819214
JVASP-48235,Li2Mn3SbO8,2.912379503250122,3.139033079147339,2.953,train,3.4105331897735596
JVASP-9077,Li2S,3.044126033782959,5.268019914627075,2.999,train,57.815399169921875
JVASP-100080,Li3AlF6,5.389431476593018,6.531285802523295,5.398,train,15.25906491279602
JVASP-50684,LiCu2PO4,2.946218490600586,3.440091371536255,2.982,train,3.806972026824951
JVASP-109823,Li2VF6,3.622109889984131,4.546124577522278,3.646,train,5.163384914398193
JVASP-46913,Li2VF5,5.5981526374816895,5.773303031921387,5.537,train,6.974859952926636
JVASP-102516,LiTm2Ga,-0.1788846254348755,0.0022003650665283,-0.144,train,0.4962306022644043
JVASP-145649,Li3Cr4O8,3.0796263217926025,3.5399558544158936,3.096,test,5.157181978225708
JVASP-43461,LiV3O4,1.7522870302200317,2.665278196334839,1.727,train,3.355496644973755
JVASP-47499,LiFePO4,3.047065258026123,3.092127561569214,3.019,train,3.5689170360565186
JVASP-146888,Li2Mn3SnO8,3.1417768001556396,3.4251129627227783,3.155,test,3.8385045528411865
JVASP-121714,Li2CrSi2O6,2.688025951385498,3.485320568084717,2.843,val,4.847069978713989
JVASP-50456,LiCuSi2O5,2.895979404449463,3.3129618167877197,2.894,train,3.507295846939087
JVASP-2601,Li2PdO2,4.0988078117370605,3.927870988845825,4.079,train,5.495081186294556
JVASP-44375,Li2Ni2SbO6,3.302762746810913,3.809512734413147,3.29,train,4.532348394393921
JVASP-44438,Li2Co3SnO8,3.4055848121643066,4.333952188491821,3.412,train,4.7065417766571045
JVASP-116252,LiAs2,1.7402838468551636,1.1955218315124512,1.717,train,1.8259506225585935
JVASP-145158,Li7Mn4CoO12,3.246807098388672,3.975148916244507,3.269,test,6.323096513748169
JVASP-23304,LiVAsO5,4.467189788818359,3.323512315750122,4.424,train,3.531240224838257
JVASP-48368,LiCo5O3F5,2.7390801906585693,3.1646578311920166,2.648,train,3.354914903640747
JVASP-104586,LiAc3,-1.2052209377288818,-0.1282821893692016,-1.017,train,0.7251220941543579
JVASP-111935,Li3V4O3F9,2.922085762023926,2.9518325328826904,2.928,val,3.2446444034576416
JVASP-70836,Li2BeCu,0.14421692490577698,0.3735738396644592,0.218,train,1.266645431518555
JVASP-43113,Li2NiSnO4,3.028017997741699,3.720787763595581,3.095,train,4.706583261489868
JVASP-140627,Li2VCo3O8,3.646622896194458,4.0536792278289795,3.639,train,4.746875047683716
JVASP-44460,LiCrO2,2.743197202682495,3.411992311477661,2.753,train,4.69234299659729
JVASP-113258,Li8VO5F,5.006217002868652,4.4247729778289795,4.958,train,11.362212181091309
JVASP-115212,SrLiP,0.24059033393859863,0.9715142250061036,0.303,train,3.1362390518188477
JVASP-117071,LiMn2NiO6,3.8662447929382324,4.175961256027222,3.884,train,4.948872327804565
JVASP-133622,LiMn4O8,3.286878824234009,3.451244115829468,3.218,val,3.9544098377227783
JVASP-46795,Li2ScPCO7,3.328383207321167,4.754555940628052,3.342,train,6.319613218307495
JVASP-112509,Li7Mn2Co3O12,3.535801410675049,4.196527174540928,3.557,train,5.592536687850952
JVASP-143115,Li7Mn2Co3O12,3.3927106857299805,4.175518069948469,3.405,val,6.0456626415252686
JVASP-138843,LiTlF4,5.877804279327393,6.51227593421936,7.016,val,7.887427806854248
JVASP-50654,Li2TiCuO4,2.8452353477478027,4.288861513137817,2.823,train,5.929381608963013
JVASP-140529,Li2CoCuO4,3.4602866172790527,4.046762466430664,3.475,val,4.5300257205963135
JVASP-101168,LiV3O6,2.8788909912109375,3.649823904037475,2.909,train,4.006922483444214
JVASP-17359,LiSmGe,-0.05557849258184433,1.3464605808258057,-0.032,train,2.603295087814331
JVASP-47567,Li2CrCo2O6,3.5988361835479736,3.8596231937408447,3.577,train,5.11670708656311
JVASP-133208,Li7Mn2Co3O12,3.3959593772888184,4.25915265083313,3.412,val,6.867957830429077
JVASP-144093,Li2MnOF3,4.012962341308594,5.454815864562988,4.159,val,7.816912174224853
JVASP-122330,LiAlVO4,3.2413816452026367,2.6069014072418213,3.266,train,3.338449239730835
JVASP-47678,LiVC2O6,3.2099711894989014,4.116772890090942,3.25,train,4.423787355422974
JVASP-49997,LiTiO2,1.7990647554397583,2.29036021232605,1.834,train,3.003328561782837
JVASP-47772,Li3Fe7O12,2.9546139240264893,3.5594351291656494,2.99,train,4.525665521621704
JVASP-44751,LiFeSiO4,3.0130980014801025,3.8500826358795166,3.005,train,4.479398965835571
JVASP-109480,Na2LiYCl6,1.9287320375442505,2.0150439739227295,1.911,train,2.657881021499634
JVASP-111951,Li3Fe4O8,3.112393379211426,3.655662775039673,3.175,train,4.7786619663238525
JVASP-38438,Li3Cu,0.8301159739494324,2.328916311264038,0.864,train,24.027409315109253
JVASP-37763,LiBeO3,4.789184093475342,3.799257040023804,4.819,train,5.795699119567871
JVASP-37772,Li3Re,1.5210133790969849,1.68602720896403,1.531,train,10.036431074142456
JVASP-87071,LiGe,1.0697004795074463,1.1561118364334106,1.119,train,2.4937620759010315
JVASP-141595,Li3VCr2O6,2.712948799133301,3.2626473903656006,2.717,train,4.760299444198608
JVASP-44301,Li2CoOF3,4.700165271759033,5.558040976524353,4.776,train,6.4377453327178955
JVASP-44453,Li2FeSiCO7,3.112496852874756,4.806344270706177,3.144,train,5.777160406112671
JVASP-71476,LiBe2Ru,-0.7518524527549744,0.6392285823822021,-0.709,train,3.0787158012390137
JVASP-38049,LiTl2InCl6,2.601835250854492,2.923818588256836,2.537,train,3.0894261598587036
JVASP-145658,Li4Mn3Cr2Sn3O16,2.8705286979675293,3.657963991165161,2.87,test,5.60336709022522
JVASP-115421,LiAsO,2.57306170463562,1.2151625156402588,2.531,train,2.205402374267578
JVASP-40666,Li2VF6,4.356882095336914,4.549015045166016,4.341,train,5.391351938247681
JVASP-118990,Li4MnCo2O7,3.5275654792785645,4.169497966766357,3.553,train,6.096005201339722
JVASP-146766,Li4MnCo3O8,3.334660291671753,3.6532785892486577,3.348,test,4.466000318527222
JVASP-141914,Li3MnCoO5,3.4001669883728027,4.376097599665324,3.419,train,6.640335321426392
JVASP-141052,Li3Mn2Si2O8,3.037055015563965,4.376662015914917,2.974,val,5.73490309715271
JVASP-144756,Li4NbNi3O8,2.908616542816162,3.8798348903656006,2.592,val,4.900191068649292
JVASP-121439,Li4Mn3CoO8,3.0666918754577637,3.896746873855591,3.078,train,4.927446126937866
JVASP-45133,Li2FeAsCO7,3.625363349914551,4.3189098834991455,3.643,train,5.071592569351196
JVASP-50312,Li2O,4.518661975860596,4.787989318370819,4.561,train,17.109140634536743
JVASP-47992,Li2Mn3F8,3.4581387042999268,4.9085853099823,3.452,train,7.746430397033691
JVASP-106260,LiNpRu2,0.22764888405799866,5.004351377487183,0.298,train,20.48815894126892
JVASP-110338,K2LiGaF6,2.1983158588409424,3.6671464443206783,2.19,train,3.8961920738220215
JVASP-101533,Li4CO4,2.5479354858398438,3.7635011672973633,2.579,train,6.119900941848755
JVASP-74655,LiBe2Ga,0.21326017379760742,0.684869110584259,0.26,train,1.6925792694091797
JVASP-109555,LiIn2Ni,-0.11262895911931992,0.7176485061645508,-0.052,train,1.0667840242385864
JVASP-40324,LiCa2Ir,0.0961369052529335,0.2357330322265625,0.171,train,1.447005033493042
JVASP-67568,LiTiBe2,0.46476510167121887,0.8567962646484375,0.474,train,4.450656414031982
JVASP-139768,Li2InP2O8,3.427013874053955,5.276623487472534,3.441,train,5.689842939376831
JVASP-99360,Li2LaTa2O7,2.1050565242767334,3.2672955989837646,2.124,train,5.298188924789429
JVASP-38831,LiTiPt2,4.220645427703857,1.1975138187408447,4.1,train,3.5610029697418213
JVASP-99471,Li2TlSb,0.4567551910877228,1.3264797925949097,0.481,train,2.2672950625419617
JVASP-35169,Li8PO3,3.4327614307403564,5.317618489265442,3.517,train,33.57171177864075
JVASP-117400,Li2CrO2,3.0456581115722656,3.407193183898926,3.011,train,6.011836290359497
JVASP-44633,Li3V3CoO8,2.910722017288208,3.2467148303985596,2.902,train,3.896482229232788
JVASP-139344,LiMgPd,0.4119480550289154,0.8470219969749451,0.476,val,2.5404624342918396
JVASP-55326,LiCoPO4,3.1196818351745605,4.181046724319458,3.147,train,5.047292947769165
JVASP-86533,LiUAsO6,3.001370906829834,4.36901068687439,3.0,train,5.725352048873901
JVASP-52911,LiAsH2OF6,4.600527763366699,6.428069591522217,4.487,train,7.963253498077393
JVASP-100126,Rb2LiErCl6,1.990140676498413,2.03838849067688,2.069,train,2.373007297515869
JVASP-122302,Li2FeP2O7,3.5447030067443848,5.242840051651001,3.512,train,6.504925489425659
JVASP-43161,Li2CoO2,3.1665701866149902,3.4549386501312256,3.173,train,5.52021336555481
JVASP-41737,LiAc2Si,-4.484673500061035,0.1720845699310302,-4.307,train,1.178208589553833
JVASP-93163,LiMg6Bi,0.3690185248851776,0.5831224918365479,0.384,train,0.7470545768737793
JVASP-45969,Li3MgPCO7,3.1876349449157715,4.595241149266561,3.188,train,6.621445894241333
JVASP-92218,Li3NbO4,4.3695502281188965,4.377088626225789,4.313,train,7.721651315689087
JVASP-44719,Li4Mn3WO8,2.1862432956695557,2.985175371170044,2.184,train,3.937380075454712
JVASP-119342,Li2MnCu3O8,3.831848621368408,4.762977838516235,3.825,train,5.560701608657837
JVASP-139913,Li2Co3O6,3.7800869941711426,3.931529998779297,3.78,val,5.315109491348267
JVASP-111957,Li4Ni3BiO8,2.939225196838379,3.904108762741089,2.955,train,5.703613042831421
JVASP-102304,YbRb2LiCl6,2.4647111892700195,3.7837027311325073,2.475,train,7.045801758766174
JVASP-19051,Li6WN4,3.3017430305480957,2.447288672129313,3.278,train,4.7447731494903564
JVASP-109832,NaLi2TiF6,2.6929802894592285,2.920107841491699,2.612,train,11.57688856124878
JVASP-11654,LiCr2O4,3.206784725189209,3.934763193130493,3.213,train,4.780907392501831
JVASP-141598,Li2FeO2,3.2824721336364746,3.718464374542236,3.298,train,6.097289323806763
JVASP-79874,LiPmHg2,0.13421443104743958,1.2165071964263916,0.185,train,2.154841423034668
JVASP-152439,LiBH4,0.9730090498924255,1.4996345043182373,0.901,test,2.160817861557007
JVASP-115198,Li2I,0.9902901649475098,1.2387096881866455,0.996,train,3.3795255422592163
JVASP-155423,Li2CrPbS4,2.099158525466919,2.4020628929138184,1.718,test,3.2631828784942627
JVASP-46174,RbLi7Ni2O6,4.116025924682617,3.921338387898036,4.052,train,5.602555990219116
JVASP-144226,Li6MnFe2O6,3.2943410873413086,3.7435786724090576,3.299,train,5.852745771408081
JVASP-64825,BaNaLi,-0.5745786428451538,-0.195258617401123,-0.564,train,0.2204718589782714
JVASP-151214,Li4HN,2.6609489917755127,4.918609619140625,2.631,test,106.52148532867432
JVASP-144531,Li3MnCoO5,3.511387825012207,4.327264706293742,3.516,val,6.131850481033325
JVASP-121781,Li7Mn3W2O16,3.4562935829162598,4.601449728012085,3.451,train,5.500236749649048
JVASP-15910,LiMgSbPd,0.5888991355895996,0.3440121412277221,0.662,train,0.5676318407058716
JVASP-46857,Li2Co3SnO8,3.6440510749816895,4.58417534828186,3.638,train,4.983010530471802
JVASP-154901,LiH2ClO,3.574984073638916,3.537003993988037,3.47,test,4.430536508560181
JVASP-44143,Li3VP2HO8,2.9662842750549316,4.046427488327026,2.978,train,6.215678453445435
JVASP-40671,Li2Cr5Si4O14,2.220836877822876,2.819420337677002,2.203,train,2.9843509197235107
JVASP-47367,Li2VNiO4,3.034846305847168,3.7219574451446538,3.039,train,5.505165338516235
JVASP-151773,LiGaH4,1.1297906637191772,1.508960247039795,1.201,test,2.149620532989502
JVASP-144113,Li7Mn2Co3O12,3.4084386825561523,4.202324833188738,3.416,val,5.811100244522095
JVASP-117060,LiV3O4,1.7457005977630615,2.7893497943878174,1.731,train,3.2579009532928467
JVASP-46898,Li2VOF5,6.5247626304626465,4.9271321296691895,6.509,train,6.824414491653442
JVASP-26829,NaLi3H8N4,1.6769801378250122,2.5828195412953696,1.575,train,3.6666452884674072
JVASP-44859,Li4CrO5,5.711517333984375,4.645639419555664,5.622,train,6.010935544967651
JVASP-147128,LiFe2C3O9,3.071589946746826,3.764559507369995,2.819,test,4.219916105270386
JVASP-50813,Li4SbS4,2.4168055057525635,3.071847915649414,2.391,train,4.982758045196533
JVASP-44376,Li2Fe3SbO8,2.977492332458496,3.7221100330352783,3.007,train,4.297362565994263
JVASP-141695,Li4Ti2V3Co3O16,2.9690663814544678,3.668174982070923,2.982,val,4.490823984146118
JVASP-7888,Li2MnO2,3.7681169509887695,3.5765268802642822,3.756,train,8.581462144851685
JVASP-146768,Li7Co5O12,3.565729856491089,4.26011722428458,3.591,test,6.010122537612915
JVASP-105794,LiAcO3,3.4812822341918945,4.249412775039673,3.498,train,6.844712018966675
JVASP-13976,LiSmAlF6,2.5934512615203857,2.939201593399048,2.565,train,7.3383214473724365
JVASP-38324,LiCa2Mg,0.020631887018680573,0.8521263599395752,-0.013,train,1.6861801147460938
JVASP-110340,K2LiCoF6,3.8177754878997803,4.7606117725372314,3.756,train,5.605636358261108
JVASP-23864,LiCl,5.263503551483154,9.361109972000122,5.128,train,65.82797312736511
JVASP-116501,Li3Mn2O5,3.3711998462677,3.988243659337362,3.39,train,5.418180704116821
JVASP-144536,Li4MnCo2O7,3.5160961151123047,4.18163537979126,3.544,val,6.218453645706177
JVASP-14547,LiAg,1.5030081272125244,1.3454116582870483,1.508,train,5.68369996547699
JVASP-141804,LiMnPO4,3.1211512088775635,4.051587343215942,3.137,train,5.609330892562866
JVASP-113223,LiMnAlO3,2.491725444793701,2.7922627925872803,2.52,train,3.473646879196167
JVASP-52499,LiSiBiO4,3.013395309448242,4.305054426193237,3.011,train,6.210269212722778
JVASP-1130,LiF,7.276298999786377,7.297272682189941,7.089,train,16.53165578842163
JVASP-143986,LiFe3O6,3.4938650131225586,4.144109487533569,3.56,train,4.786016225814819
JVASP-133639,Li3FeOF4,4.916913032531738,5.666101455688477,4.954,val,8.027252435684204
JVASP-34490,LiCaCoF6,4.398738861083984,5.80177903175354,4.383,train,6.017432689666748
JVASP-48662,Li2MnF6,5.034246921539307,5.849400281906128,5.001,train,8.262782096862793
JVASP-91986,Li2FeCoO4,3.2022762298583984,3.646987199783325,3.24,train,5.262314558029175
JVASP-36273,LiFeP,1.1746954917907715,0.8903164863586426,1.135,train,1.8227827548980713
JVASP-49798,Li2CuPO4,3.102132797241211,4.7999560832977295,3.135,train,5.944924592971802
JVASP-47739,Li2CuF5,6.478291988372803,6.573305189609528,6.411,train,7.857325792312622
JVASP-145161,Li7Mn5O12,3.3016130924224854,3.938139745167323,3.304,test,5.913553476333618
JVASP-48189,LiTiVO4,2.6796417236328125,3.224808931350708,2.711,train,4.353861570358276
JVASP-119603,LiMg17Al11,-0.376969575881958,0.3038224577903747,-0.298,train,0.3038224577903747
JVASP-59241,LiP5,0.9519201517105103,1.8635294437408447,0.887,train,1.9435203075408936
JVASP-47334,LiVF4,3.6814968585968018,3.950763463973999,3.62,train,4.877607107162476
JVASP-147520,NaLiSi2H4O7,2.469991445541382,4.863346338272095,2.26,test,6.7062599658966064
JVASP-120421,Li7Co5O12,3.554295063018799,4.274758372988019,3.582,train,6.242109537124634
JVASP-102734,KLiZn3O4,2.265329599380493,4.454288482666016,2.282,train,5.524617910385132
JVASP-76801,LiAl2Ru,0.5530040264129639,0.9504923820495604,0.542,train,1.7145190238952637
JVASP-147419,Li4Ti2Mn3Cu3O16,3.212437629699707,4.572956323623657,3.376,test,5.719434022903442
JVASP-119709,Li4Mo3O8,2.9741926193237305,3.2933802604675293,3.007,train,4.583482027053833
JVASP-41379,LiScPd2,1.2692513465881348,1.5757253170013428,1.244,train,5.090248346328735
JVASP-144769,Li3Si2Ni2O8,3.4390511512756348,4.5554869174957275,3.45,val,5.49726939201355
JVASP-38734,Li3Th,0.27441832423210144,0.6796731551488241,0.343,train,4.418596386909485
JVASP-43407,Li6WO6,3.5083184242248535,5.2056725025177,3.463,train,21.22564196586609
JVASP-39839,Li2AcPb,0.2836731970310211,0.2044316530227661,0.302,train,1.1895452737808228
JVASP-41856,LiAsPd2,1.6861320734024048,1.2903110980987549,1.659,train,1.7426562309265137
JVASP-46765,Li2SiNiO4,2.9564292430877686,4.356689214706421,2.947,train,5.13012433052063
JVASP-42904,Li2VSiCO7,3.032789707183838,3.97369933128357,3.012,train,4.794445276260376
JVASP-111657,LiCu2C2O7,3.3428263664245605,4.6555016040802,3.268,val,4.958488702774048
JVASP-35122,BaLi2MgP2O8,2.188392400741577,4.843553304672241,2.176,train,6.9336936473846436
JVASP-141225,Li4MnCo2O7,3.5390148162841797,4.166415452957153,3.554,train,5.706543684005737
JVASP-71039,LiMg2Be,0.30661872029304504,0.7741127014160156,0.318,train,2.108067274093628
JVASP-148118,LiTaO3,3.1512584686279297,4.62256646156311,3.462,test,8.637759923934937
JVASP-40961,LiTiRh2,1.3009692430496216,1.3766963481903076,1.244,train,4.990277528762817
JVASP-142875,LiFeSi3O8,3.4922256469726562,4.37433648109436,3.524,train,5.359234094619751
JVASP-144853,Li2V3TeO8,2.6622378826141357,3.7577273845672607,2.666,test,4.514192819595337
JVASP-97314,LiScP2O7,3.575946569442749,5.657756090164185,3.542,train,8.805836915969849
JVASP-126487,LiPd3,1.8837063312530518,2.0131702423095703,1.849,train,3.730592966079712
JVASP-43692,LiVP2HO8,3.145371913909912,4.6459619998931885,3.104,train,5.471676588058472
JVASP-121187,LiS3,2.402318000793457,2.8510055541992188,2.352,train,2.9903037548065186
JVASP-47897,LiCoSiO4,3.1604504585266113,3.964398145675659,3.181,train,4.549278974533081
JVASP-42985,Li5Nb2V5O12,1.943304181098938,2.2843324184417724,1.96,train,3.2177722454071045
JVASP-92457,Li2CuS2,2.1568727493286133,2.837311089038849,2.188,train,3.38973605632782
JVASP-133214,Li4MnCo5O12,3.718146800994873,4.070974826812744,3.755,val,4.9003212451934814
JVASP-85701,LiBH4,1.099205493927002,1.647676706314087,1.107,train,2.7031564712524414
JVASP-47838,Li3Ti2Fe3O10,3.0938568115234375,4.384474039077759,3.106,train,5.734474420547485
JVASP-88159,SrLiCoF6,4.231268405914307,5.549392223358154,4.206,train,5.7682411670684814
JVASP-48611,Li7MnO3F3,4.765437126159668,5.060940742492676,4.789,train,8.113882541656494
JVASP-41334,Li2CrFeO4,2.976266860961914,3.300921678543091,3.004,train,4.001044511795044
JVASP-140989,LiFe2P2HO8,3.245798110961914,4.1493141651153564,3.239,val,4.558424234390259
JVASP-97849,Na2Li3CoO4,2.654202699661255,3.431887070337931,2.587,train,4.70287299156189
JVASP-46720,LiMn2P2O8,3.061187982559204,3.689099073410034,3.072,train,3.8976547718048096
JVASP-78963,LiMg2,0.26110368967056274,0.5951228141784668,0.297,train,0.9974653720855712
JVASP-54821,LiI,3.7183597087860107,4.875867128372192,3.681,train,25.711273193359375
JVASP-42991,Li2Mn2CuO6,3.2872211933135986,4.2732391357421875,3.284,train,5.929258584976196
JVASP-132961,LiFeO3,4.336707592010498,5.0819642543792725,4.388,val,5.876295328140259
JVASP-121752,Li7V4O11F,3.2236523628234863,3.9022441250937328,3.248,train,5.617712736129761
JVASP-44243,Li5MnO4,4.898950099945068,4.285465240478516,4.89,train,6.77466607093811
JVASP-119042,LiFe6Ge5,0.8545372486114502,1.3170530796051023,0.889,train,1.87706995010376
JVASP-147243,Li7Co5O12,3.7165613174438477,4.295720270701817,3.732,test,5.808995962142944
JVASP-105072,TbRb2LiCl6,2.0160582065582275,2.1518924236297607,2.032,train,2.810185670852661
JVASP-147437,LiFePO4,3.2370855808258057,4.055351495742798,3.267,test,5.3086817264556885
JVASP-130716,Li8Si,0.164849191904068,0.2937837541103363,0.19,train,4.451344966888428
JVASP-146625,Li3Co3NiO8,3.6353659629821777,3.913793802261353,3.634,test,4.513821840286255
JVASP-119607,Li2OsO6,4.6148576736450195,4.9471107721328735,4.586,train,5.845666170120239
JVASP-122677,LiGa3,0.6740467548370361,0.8522508144378662,0.671,train,1.04960834980011
JVASP-117092,Li4Nb2Fe3Co3O16,2.7847647666931152,3.738377809524536,2.835,train,4.433204889297485
JVASP-50886,LiBi3O6,3.5983757972717285,3.1879971027374268,3.673,train,3.818350791931152
JVASP-44710,Li2MnFeO4,3.005396604537964,3.2753589153289795,3.025,train,3.9031455516815186
JVASP-109908,LiMnF3,3.511244058609009,5.748274564743042,3.483,train,10.878368139266968
JVASP-153950,LiVCuO4,2.9084417819976807,3.645402669906616,3.039,test,3.9288599491119385
JVASP-46642,Li4V2Cr3Fe3O16,3.1382765769958496,3.731423139572144,3.137,train,4.468402147293091
JVASP-141220,Li4MnCo2O7,3.3991308212280273,4.170687198638916,3.415,train,5.91932225227356
JVASP-147488,LiFe5O4F8,3.480337381362915,5.318567991256714,3.74,test,5.4145238399505615
JVASP-41926,LiAc2Ga,-4.361507415771484,0.8694528937339783,-4.173,train,3.232070505619049
JVASP-88176,Sr2LiCBr3N2,2.32279372215271,1.8103909492492676,2.366,train,2.3630125522613525
JVASP-52241,Li3Ti4O8,2.5287625789642334,2.69590163230896,2.516,train,3.7173101902008057
JVASP-133638,Li4Mn3Co5O16,3.6439027786254883,4.254882097244263,3.671,val,4.862586259841919
JVASP-15824,LiVS2,2.0617456436157227,2.1930906772613525,2.042,train,2.909803628921509
JVASP-79971,Li2ErIn,-0.47331663966178894,0.5534762740135193,-0.419,train,1.3268824815750122
JVASP-119584,Li3MnCoO5,3.4054272174835205,4.367809057235718,3.428,train,6.254210710525513
JVASP-142878,LiMnF3,4.134908199310303,6.218035459518433,4.666,val,10.785706758499146
JVASP-105920,LiMg2Pb,-0.5924136638641357,0.2448725700378418,-0.545,train,0.5180041790008545
JVASP-48721,Li2CoSiO4,3.024409055709839,4.664920091629028,3.015,train,6.07019305229187
JVASP-43590,LiFeF4,4.806026935577393,5.772614479064941,4.831,train,6.1874096393585205
JVASP-43334,LiNiPO4,3.679511070251465,5.101927042007446,3.658,train,6.146677255630493
JVASP-50879,Li3CrS4,2.9784140586853027,3.241663376490275,2.967,train,4.640009641647339
JVASP-42040,LiInPt2,3.2993884086608887,1.9707396030426023,3.285,train,4.658498048782349
JVASP-42914,LiV2Si2O8,2.605459690093994,3.3928816318511963,2.666,train,3.5937159061431885
JVASP-43264,LiBi3I2O4,2.2734591960906982,2.9035630226135254,2.19,train,3.048424482345581
JVASP-100725,Li2InBi,0.33871665596961975,1.3872079849243164,0.367,train,3.2542316913604736
JVASP-39171,LiSmO3,3.7212040424346924,4.313888788223267,3.717,train,6.272028207778931
JVASP-146975,Li5Mn3O8,3.2802305221557617,4.101793336868286,3.343,test,6.13903021812439
JVASP-43813,Li2MnCo3O8,3.6352033615112305,4.043152093887329,3.638,train,4.675400018692017
JVASP-18384,LiCe2HO3,-0.01741599291563034,2.1713478565216064,0.114,train,4.742886304855347
JVASP-52303,Li2Cu3F8,4.752006530761719,5.63478410243988,4.817,train,6.552729249000549
JVASP-40835,LiCaRh,1.322839617729187,0.2588263750076294,1.337,train,1.063736915588379
JVASP-48959,Li3FeB2O6,2.529153823852539,5.175406217575073,2.547,train,6.5730836391448975
JVASP-121748,Li4MnFe3O8,2.957939624786377,3.891836404800415,2.984,train,4.6043150424957275
JVASP-85713,LiHS,2.3615667819976807,2.934356451034546,2.331,train,3.817948579788208
JVASP-101480,Li3GaF6,3.9430994987487793,6.4239687124888105,3.97,train,13.52787947654724
JVASP-18315,LiBi,0.9586718082427979,1.6374604105949402,0.947,train,3.4032384157180786
JVASP-38384,Li2TlPb,1.1031080484390259,0.9217956066131592,1.087,train,1.9039442539215088
JVASP-43505,LiFeF4,4.792242527008057,5.94188666343689,4.806,train,7.062819719314575
JVASP-15528,LiGa2Pd,1.4621840715408325,0.7344157695770264,1.415,train,0.9867898225784302
JVASP-116510,Li7Mn2Co3O12,3.49381422996521,4.250544445855277,3.501,train,6.1591880321502686
JVASP-50527,Li3BiO3,3.9827399253845215,4.439456303914388,3.931,train,5.876056432723999
JVASP-111923,Li2Ni3OF6,3.969710111618042,4.667431116104126,3.953,train,5.687774419784546
JVASP-141755,Li3Mg5Bi3Pb,1.1130973100662231,1.1191530227661133,1.308,val,1.3501356840133667
JVASP-46460,LiMn3Ni2O8,3.4050474166870117,3.7467410564422607,3.39,train,4.0065929889678955
JVASP-134658,LiCuF4,5.676270484924316,6.43286806344986,5.638,train,7.526042699813843
JVASP-42295,Li2Cr3CuO8,3.5831217765808105,4.787449598312378,3.594,train,5.629069089889526
JVASP-102818,LiRuN2,3.152311325073242,2.3410122394561768,3.109,train,3.275531530380249
JVASP-46748,LiFeSiO4,3.4381115436553955,4.199812173843384,3.44,train,4.414210081100464
JVASP-109010,Li3SbS3,2.3057730197906494,2.8313356240590415,2.266,train,4.583936452865601
JVASP-157133,LiLa2Ga,-0.7720242738723755,0.7809953689575195,-1.49,test,2.4966683387756348
JVASP-50434,Li4HfO4,3.2007577419281006,4.658550500869751,3.181,train,9.156911134719849
JVASP-117439,LiCoSiO4,3.448972702026367,4.607500791549683,3.449,train,4.8767030239105225
JVASP-141235,Li3V4S8,2.081376791000366,2.145630121231079,2.262,val,2.4324986934661865
JVASP-52496,LiBiF5,5.50792932510376,6.246045827865601,5.417,train,6.983354568481445
JVASP-154960,LiGaSi2O6,2.730720281600952,3.5202624797821045,2.528,test,3.728259801864624
JVASP-111947,Li3MnCo4O8,2.993302822113037,3.4770236810048423,3.006,train,4.609347581863403
JVASP-42938,LiCoGeO4,3.584343433380127,4.515045404434204,3.599,train,4.729990243911743
JVASP-122374,Li4Fe5Sb3O16,2.9579555988311768,3.554044008255005,2.962,train,4.214193105697632
JVASP-121346,Li2Zr6MnCl15,2.8602523803710938,1.0149681568145752,2.812,train,1.3617687225341797
JVASP-9777,SrLi2Ta2O7,2.8006882667541504,4.205196142196655,2.841,train,7.161791086196899
JVASP-38460,NaLiO3,4.505690574645996,4.28389573097229,4.441,train,5.491665482521057
JVASP-39187,LiTl3,1.5210168361663818,0.285593032836914,1.433,train,0.741867184638977
JVASP-148141,Li6Mn3CoO10,3.3104560375213623,4.181637684504191,3.331,test,6.413267374038696
JVASP-44364,Li3Mn4NiO8,2.793008327484131,3.046752373377482,2.798,train,3.5180203914642334
JVASP-50438,Li3SbS4,2.701620578765869,3.0397892793019614,2.644,train,4.164491176605225
JVASP-132870,Li2VCoO4,2.903461456298828,3.675185441970825,2.92,train,4.953291177749634
JVASP-97715,LiBH15C5NO3,1.7293277978897095,2.001383066177368,1.781,train,2.266420602798462
JVASP-82024,LiSbAu2,0.8634788990020752,1.4682021737098694,0.935,train,1.7032355666160583
JVASP-146562,LiCo8O16,4.27032995223999,4.786316156387329,4.699,test,4.822468042373657
JVASP-143141,Li2Ti6O13,2.6651172637939453,3.403022050857544,2.618,val,3.6056368350982666
JVASP-135333,SrLiO,1.037754774093628,1.0675160884857178,0.91,val,2.1547868251800537
JVASP-38435,Li3Al,0.6869996190071106,0.9731791416803997,0.636,train,2.415544033050537
JVASP-93160,LiMg6Sb,-0.026217587292194366,0.5064985752105713,-0.004,train,0.6774466037750244
JVASP-8163,LiTlO2,3.1060142517089844,4.234952211380005,3.061,train,5.701659202575684
JVASP-46516,Li5MnO5,4.974565029144287,4.828439950942993,4.953,train,6.351318120956421
JVASP-46917,Li3VO2F2,4.042034149169922,4.2735207080841064,4.064,train,6.440263986587524
JVASP-70143,LiBe2Ni,0.17870062589645386,0.1013340950012207,0.204,train,0.6334879398345947
JVASP-155700,BaLi2Cu2,0.8617219924926758,0.8797491788864136,0.779,test,1.7494003772735596
JVASP-43121,Li2VCrO4,2.7137508392333984,2.636061429977417,2.702,train,4.163667440414429
JVASP-120964,LiGaCl,1.5133864879608154,0.6890679597854614,1.53,train,1.1187105178833008
JVASP-152397,LiBH4,0.9720385670661926,1.502204179763794,0.901,test,2.1414520740509033
JVASP-46536,Li2CrO3,3.2257208824157715,3.5844128131866455,3.164,train,5.130172967910767
JVASP-117067,LiMn2B2O6,2.3705718517303467,3.3402602672576904,2.392,train,3.9457437992095943
JVASP-97434,Li3TaO4,3.1330716609954834,4.363542477289836,3.111,train,8.75815749168396
JVASP-122016,Li7Mn2Co3O12,3.4035823345184326,4.27828962462289,3.42,train,6.674973726272583
JVASP-105656,Na2LiLuCl6,1.1886972188949585,2.02573299407959,1.157,train,2.4073598384857178
JVASP-77521,Li2TlSb,0.45644649863243103,1.3681260347366333,0.479,train,1.6742281913757324
JVASP-48136,LiCr2CoO6,3.693211078643799,4.142452001571655,3.698,train,4.85373330116272
JVASP-44378,LiAgO,4.693566799163818,4.144545078277588,4.694,train,5.066823601722717
JVASP-55730,LiBeH3,1.1738219261169434,1.2235093116760254,1.159,train,2.854965925216675
JVASP-136951,RbLiO,3.877957820892334,3.844102382659912,5.044,val,4.680864334106445
JVASP-51054,Na3Li3N2,2.6208717823028564,2.5754281679789224,2.538,train,4.552849531173706
JVASP-139379,Li2P,1.09937584400177,1.4290839433670044,1.545,val,4.428623557090759
JVASP-121454,LiCu2PO4,2.8961145877838135,3.6057071685791016,2.926,train,4.0785486698150635
JVASP-125036,Ar3Li,0.1102004125714302,-1.2623062133789062,0.06,train,-0.5801639556884766
JVASP-112808,LiVSiO4,2.9134931564331055,2.878880262374878,2.972,train,3.2945401668548584
JVASP-46708,Li2AlPCO7,3.262058973312378,4.549104928970337,3.27,train,6.373205900192261
JVASP-48276,LiMnP3O9,2.797170400619507,3.910041093826294,2.807,train,4.184366464614868
JVASP-141684,Li7Mn2Co3O12,3.3851163387298584,4.29638409614563,3.42,val,6.8612987995147705
JVASP-111945,Li4Ni3SbP4O16,3.3658246994018555,4.390302896499634,3.388,train,5.882749795913696
JVASP-42255,Li4Ti3V3Te2O16,2.435777187347412,3.168597459793091,2.447,train,3.6805670261383057
JVASP-64873,Ba4LiSe,-2.0860302448272705,0.3128036260604858,-1.966,train,3.430699586868286
JVASP-146144,Li7Mn2Co3O12,3.543147325515747,4.2465318611689975,3.556,test,5.518812417984009
JVASP-119274,Li2VO2F,4.680086135864258,4.861697435379028,4.673,train,9.2720787525177
JVASP-109336,LiLa2VO6,1.635318398475647,2.911918878555298,1.676,train,3.457491636276245
JVASP-50094,Li3NbS4,2.527606964111328,3.103063583374023,2.581,train,4.422892332077026
JVASP-147478,Li3MnCoO5,3.536853313446045,4.345905860265096,3.551,test,5.678030729293823
JVASP-118893,LiF2,6.308043003082275,6.049724817276001,6.228,train,7.95665979385376
JVASP-111907,Li3CrP2O8,3.3927817344665527,4.813044150670369,3.408,train,5.6534717082977295
JVASP-8696,Na5LiN2,0.8269827961921692,1.80972021818161,0.821,train,2.261451959609986
JVASP-121920,LiMnBO3,2.2620275020599365,3.02187180519104,2.267,train,3.42484450340271
JVASP-38527,LiTm2Au,-0.6387197375297546,0.2614922523498535,-0.652,train,2.2821900844573975
JVASP-92216,LiDySe2,1.8582440614700317,1.8072402477264404,1.847,train,2.8139641284942627
JVASP-122115,LiMn2TeO6,2.9265825748443604,2.9086172580718994,2.962,train,3.106559991836548
JVASP-63423,LiMgAsO4,3.518934965133667,4.796862840652466,3.52,train,6.291828393936157
JVASP-38448,LiAl3,0.9319643974304199,1.0189430713653564,0.961,train,2.245371580123902
JVASP-140637,LiNiP3O9,3.6874372959136963,5.745346307754517,3.681,train,6.0928051471710205
JVASP-44733,Li2V2CoO6,3.0526459217071533,3.8299524784088135,3.046,train,5.637814283370972
JVASP-111652,Li7Mn2Co3O12,3.4254708290100098,4.239625488008771,3.43,train,6.179306268692017
JVASP-111982,LiMnSbO4,3.0206212997436523,3.6090633869171143,3.055,train,3.698802709579468
JVASP-44568,LiCuO2,4.368468761444092,4.932273268699646,4.44,train,6.531751394271851
JVASP-48168,Li2MnF4,4.920526027679443,6.091808795928955,4.769,train,10.081147909164429
JVASP-121939,Li2VCrO4,2.574810028076172,3.101682424545288,2.586,train,4.0004308223724365
JVASP-38609,LiHf2Ir,-0.9260859489440918,0.7874391078948975,-0.886,train,2.9324071407318115
JVASP-142664,Li3Co4O8,3.627192258834839,4.111046075820923,3.659,val,4.917060136795044
JVASP-96515,LiTiMnF6,3.278838872909546,3.027599573135376,3.295,train,3.217801332473755
JVASP-10261,Li8CeO6,3.777527093887329,4.335126876831055,3.74,train,7.818219900131226
JVASP-44773,Li3Fe2OF5,3.6902389526367188,4.468022346496582,3.715,train,6.327345371246338
JVASP-101477,LiCaSb,1.0707650184631348,0.956741213798523,1.027,train,2.0564008951187134
JVASP-142089,Li2CrCuO4,3.1046271324157715,4.311736822128296,3.116,train,5.778673887252808
JVASP-157243,LiPr2Ag,-0.4702531397342682,0.6874005794525146,-0.069,test,2.0583906173706055
JVASP-120477,KLiAl2Si4O10F2,2.3262593746185303,1.7260606288909912,2.289,train,2.097696542739868
JVASP-57488,K2Li4UO6,1.9664405584335327,2.7253546714782715,2.001,train,4.790018796920776
JVASP-41712,LiRh2Pb,1.5634905099868774,2.348686933517456,1.569,train,4.979079961776733
JVASP-47837,LiFeSiO4,2.995697498321533,3.959051370620727,3.013,train,5.039038419723511
JVASP-122527,Li4Mn3Co3O12,3.447498321533203,3.7779078483581543,3.465,train,4.497886896133423
JVASP-21770,Na2LiBe2F7,4.073469638824463,6.21668553352356,4.21,train,7.656565189361572
JVASP-46406,Li4MnB2O6,2.1313891410827637,4.384314775466919,2.127,train,7.221846342086792
JVASP-44681,LiMn3CrO8,3.9125239849090576,3.965658903121948,3.903,train,4.388088941574097
JVASP-50712,Li3SbP2O8,3.2711434364318848,4.735429525375366,3.281,train,6.677454233169556
JVASP-144350,LiTiFeO4,2.8428401947021484,4.425854921340942,2.867,train,5.513471364974976
JVASP-144293,Li4Cr3CuP4O16,2.8458034992218018,3.353890180587769,2.899,val,3.7937629222869873
JVASP-131746,LiDy8,-0.5497828722000122,0.2198476791381836,-0.513,train,1.1604223251342771
JVASP-115418,NaLiAs,0.7286646962165833,1.1972997188568115,0.769,train,2.5610251426696777
JVASP-120283,Li3F,2.227436065673828,2.412105401357015,2.327,train,8.26384949684143
JVASP-139318,LiC2,-0.19950315356254578,1.5101916790008545,-0.53,val,8.7914297580719
JVASP-144061,Li7Fe4NiO12,3.3097527027130127,3.69616961479187,3.134,val,5.483513116836548
JVASP-79698,LiFePt2,1.27583646774292,1.6881978511810305,1.18,train,1.920684576034546
JVASP-40926,LiPm2Ru,-0.18304425477981567,0.4964442253112793,-0.14,train,2.196450471878052
JVASP-140991,LiCoPO4,3.4448578357696533,4.437479257583618,3.524,val,5.1098997592926025
JVASP-116301,Li2Se,2.2387967109680176,2.6077544689178467,2.211,train,4.099990129470825
JVASP-46852,LiCoPO4,2.97334885597229,4.5754382610321045,2.971,train,4.981814622879028
JVASP-49799,Li2FeS2,1.8901467323303223,2.320464968681335,1.88,train,3.880723237991333
JVASP-143258,LiVSiO4,2.925264358520508,2.771465539932251,2.959,train,3.288493394851685
JVASP-42981,Li5Nb2V3O10,2.255446434020996,2.5574862957000732,2.246,train,3.993110895156861
JVASP-143237,Li8Co5O10,3.5135111808776855,4.036300331354141,3.551,test,6.475630521774292
JVASP-10785,LiGaSe2,1.6899195909500122,2.865522265434265,1.641,train,3.757378339767456
JVASP-70523,NaLiBe2,-0.3609924614429474,0.1428490877151489,-0.293,train,1.7689425945281982
JVASP-146885,Li2VO2F,3.7238707542419434,4.26322865486145,3.799,test,7.25579571723938
JVASP-116269,LiH,2.9930410385131836,3.1127098202705383,2.926,train,5.125092625617981
JVASP-47582,Li2Co3SbO8,3.312823534011841,4.2154319286346436,3.314,train,5.134251832962036
JVASP-115184,LiB,1.9853532314300537,1.482379913330078,2.011,train,12.765376567840576
JVASP-44136,Li2MnFeB2O6,2.3126466274261475,3.3536131381988525,2.327,train,4.282889127731323
JVASP-57849,NaLiY2F8,2.461625576019287,7.860512971878052,2.48,train,16.26846480369568
JVASP-134183,LiMgBi,0.8692131042480469,1.17244553565979,0.901,val,2.552829921245575
JVASP-43504,LiVF4,3.7045702934265137,3.8397934436798096,3.699,train,4.074095726013184
JVASP-11689,Li2VSiO5,3.0461981296539307,3.507579803466797,3.075,train,4.448652029037476
JVASP-13078,Li2B2Se5,2.110793352127075,2.0456314086914062,2.09,train,2.315086841583252
JVASP-155618,SrLi2Sb2,0.9849130511283875,1.1643213629722595,0.643,test,2.1297191381454468
JVASP-34903,Li4P2O7,3.7812869548797607,5.2048057317733765,3.823,train,7.865558862686157
JVASP-18809,Li4ZrGe2,1.182693600654602,1.3220545649528503,1.228,train,3.5126383304595947
JVASP-122015,Li7Mn2Co3O12,3.411457061767578,4.171609163284302,3.423,train,5.6300928592681885
JVASP-48629,LiCoCuO4,3.900273323059082,4.863146543502808,3.915,train,5.087584495544434
JVASP-40678,Li2MnSnP2O8,2.9535441398620605,3.827796220779419,2.969,train,5.06760048866272
JVASP-156260,LiAgSn,0.9274402260780334,1.2802265882492063,1.171,test,2.246600389480591
JVASP-99728,Rb2LiNdCl6,1.7793525457382202,3.493069887161255,1.799,train,6.941130876541138
JVASP-96993,TbLi4F8,3.8129780292510986,5.960883736610413,3.78,train,7.583943128585815
JVASP-121731,Li2VGa3O8,3.4552721977233887,4.995379686355591,3.454,train,7.075467824935913
JVASP-13842,BaLiSi,0.5953271389007568,0.7893017530441284,0.589,train,1.6383180618286133
JVASP-140652,LiV6O7F5,2.0811421871185303,1.5924298763275146,2.038,train,1.6735312938690186
JVASP-135717,LiCaB,0.6844059228897095,0.7912203073501587,0.715,train,2.3997530937194824
JVASP-140554,LiMnAsO4,3.2617857456207275,3.609800577163696,3.243,val,4.490611791610718
JVASP-58346,LiTiO2,2.0891809463500977,2.269925832748413,2.089,train,2.7624313831329346
JVASP-141689,Li7Mn2Co3O12,3.6853952407836914,4.066913979394095,3.71,val,5.517408609390259
JVASP-43793,Li3VF6,4.279595851898193,4.656603256861369,4.291,train,6.756949186325073
JVASP-41002,LiMg2Rh,0.20460540056228638,0.9239210486412048,0.255,train,4.188864469528198
JVASP-85704,LiHS,2.4642930030822754,2.897151231765747,2.468,train,4.221949338912964
JVASP-66419,Ba4LiIr,-1.9256638288497925,0.5165510177612305,-1.84,train,2.523714303970337
JVASP-116876,Li6MnFe2O6,3.2948379516601562,3.774667024612427,3.326,train,5.652575731277466
JVASP-4594,YbLiO2,2.670322895050049,3.914377450942993,2.63,train,5.15101432800293
JVASP-38088,LiTl2InF6,1.7112070322036743,3.946417450904846,1.793,train,4.300055503845215
JVASP-65566,BaLiCa2,-0.09455307573080063,0.1498478651046753,-0.086,train,0.6048285961151123
JVASP-111356,LiInSn,0.23542872071266174,0.7899821996688843,0.249,train,1.6546200513839722
JVASP-42259,LiMn2B2O6,2.376896381378174,3.246217966079712,2.402,train,3.5443336963653564
JVASP-43576,Li2Fe3F8,3.5904881954193115,4.273020267486572,3.596,train,5.166321039199829
JVASP-45841,Li2VC2O6,2.98197603225708,3.1546802520751953,2.972,train,3.4617488384246826
JVASP-143565,Li7Mn2Co3O12,3.5586676597595215,4.258921044213431,3.568,val,5.654312372207642
JVASP-116133,LiPH2,1.1332335472106934,1.169162034988403,1.115,train,3.0765316486358643
JVASP-44329,Li8FeO5F,4.469048976898193,4.4239503145217896,4.494,train,7.133587121963501
JVASP-118935,LiAuS,3.290440320968628,2.1240220069885254,3.242,train,2.7111090421676636
JVASP-117410,Li6MnO6,5.647966384887695,4.879639943440755,5.684,train,6.289992094039917
JVASP-130725,Li8Tl,0.07878110557794571,0.0875291973352432,0.128,val,2.0677921772003174
JVASP-44649,LiZnFe4O8,3.0743463039398193,4.03804087638855,3.103,train,4.352869272232056
JVASP-91495,Na2Li3FeO4,2.16133975982666,3.260751644770304,2.148,train,4.991429567337036
JVASP-11776,LiMnVO4,2.9500551223754883,2.8429267406463623,2.925,train,3.035300970077514
JVASP-113555,LiCaN,2.3267951011657715,1.7840986251831057,2.303,train,2.979591131210327
JVASP-48146,Li3Fe2C4O12,3.0467023849487305,3.9951131343841553,3.034,train,4.803352117538452
JVASP-105191,LiY2Tl,0.6149926781654358,0.6170458793640137,0.529,train,1.3467531204223633
JVASP-40610,LiLa2Ru,-0.36311647295951843,0.2241871356964111,-0.28,train,0.8863525390625
JVASP-109989,Li3Sn,1.2290992736816406,1.3979647954305012,1.281,train,2.379446268081665
JVASP-46875,Li3V4O5F7,3.4102518558502197,4.081929127375285,3.38,train,5.118165731430054
JVASP-42744,LiMnBO3,2.3337278366088867,3.1133100986480713,2.352,train,3.7235705852508545
JVASP-102253,Li2VF4,3.8344929218292236,3.362488269805908,3.835,train,5.215315103530884
JVASP-140586,LiMnF4,4.239956378936768,5.707281112670898,4.299,val,6.762184381484985
JVASP-153040,Li2La2Si3,0.2256709635257721,1.6570086479187012,0.243,test,2.624818801879883
JVASP-39247,LiMg2,0.2577572762966156,0.4951210021972656,0.281,train,1.3150159120559692
JVASP-1849,Li2AgSb,1.5715633630752563,1.419750154018402,1.655,train,2.7884848713874817
JVASP-113662,LiBr2,3.722809314727783,3.627189874649048,3.574,train,4.307657361030579
JVASP-113221,LiFeF3,5.371490478515625,5.310145616531372,5.308,train,7.149038553237915
JVASP-42543,Li2Fe3O3F5,3.557295322418213,5.155885577201843,3.599,train,6.100938320159912
JVASP-145612,LiVF5,4.713306903839111,4.867382764816284,4.321,test,5.779047250747681
JVASP-42524,Li2FeO2F,3.484839677810669,4.563202142715454,3.512,train,6.465635776519775
JVASP-135366,LiSnS,0.9388444423675537,0.5802121162414551,0.398,val,1.0458471775054932
JVASP-77055,LiY2Co,0.2547011077404022,0.2599687576293945,0.39,train,0.3173787593841553
JVASP-107939,Li2HgBi,0.9924153089523315,1.5079731941223145,1.01,train,3.522627115249634
JVASP-13166,LiCoP2O7,3.7048325538635254,5.015550374984741,3.695,train,5.316945791244507
JVASP-140206,Li3Co2O5,3.586210250854492,4.423889557520549,3.63,train,6.8839638233184814
JVASP-39340,LiHoO3,4.827816009521484,4.080840349197388,4.682,train,9.43921399116516
JVASP-145688,Li4Mn3O7,3.168729066848755,3.8077268600463863,3.19,test,4.750676393508911
JVASP-145519,Li2TiV3O8,2.8355631828308105,3.8106396198272705,2.847,test,4.238519906997681
JVASP-107108,K2LiCeI6,1.1336663961410522,1.240898609161377,1.094,train,1.240898609161377
JVASP-142245,LiErW2O8,2.0602195262908936,4.75598931312561,2.053,train,7.682466745376587
JVASP-88250,LiAlSiO4,2.3101487159729004,4.7669947147369385,2.32,train,12.036229848861694
JVASP-45380,Li2UO4,1.8815680742263794,3.874347686767578,1.91,train,8.199502229690552
JVASP-122354,Li2CoP2O7,3.509504795074463,5.416753530502319,3.509,train,6.171447992324829
JVASP-52944,Li4MoO5,3.8082542419433594,4.359302759170532,3.808,train,6.177014589309692
JVASP-155719,BaLi2Pt2,1.8536006212234497,1.5919783115386963,1.731,test,3.291722297668457
JVASP-107881,Li2CuSnO4,3.127479076385498,4.248672246932983,3.172,train,5.3162522315979
JVASP-104500,Li3RhF6,4.287445068359375,5.0130588213602705,4.284,train,8.67106032371521
JVASP-146321,Li3InBr6,2.4842982292175293,4.0946987469991045,2.614,test,6.086169600486755
JVASP-14278,LiMnTe2,2.2199110984802246,2.168546438217163,2.207,train,2.8640120029449463
JVASP-101579,LiAl2Cu,0.8324586153030396,0.5468006134033203,0.766,train,1.1523959636688232
JVASP-4600,YbLiGe,0.7593134641647339,1.1799430847167969,0.777,train,1.846670687198639
JVASP-44686,Li2MnCrO4,3.0785069465637207,3.0975348949432373,3.113,train,5.170058965682983
JVASP-137748,Li2V5CoO12,2.8938045501708984,2.9530351161956787,2.819,val,3.6512410640716553
JVASP-141229,LiVSiO4,2.399857521057129,3.5459840297698975,2.431,train,4.465276002883911
JVASP-38851,TbLiTl2,0.5563203692436218,1.3444589376449585,0.54,train,3.24358206987381
JVASP-41924,LiHfIr2,2.928781270980835,1.6034977436065674,2.869,train,4.961205244064331
JVASP-118415,LiHI,1.3083773851394653,2.03871238231659,1.372,train,3.0032761096954346
JVASP-43880,LiVF3,2.6243512630462646,2.975247621536255,2.563,train,3.5898244380950928
JVASP-46198,Li2FeNiP2O8,3.2526583671569824,4.066642999649048,3.273,train,5.373768091201782
JVASP-44470,Li6CrO4,4.449868202209473,3.930984656016032,4.434,train,10.235100507736206
JVASP-145141,Li4Mn3O7,3.170151948928833,3.6598098278045654,3.183,test,4.687698125839233
JVASP-143282,LiMnF3,3.4876089096069336,5.223462820053101,3.618,test,8.186651229858398
JVASP-40584,LiTm2Al,0.06331063061952591,0.9574966430664062,0.069,train,2.1816238164901733
JVASP-48052,LiMnF4,4.816709041595459,5.254174470901489,4.819,train,5.857633829116821
JVASP-78960,LiVO2,2.4026427268981934,2.8693273067474365,2.414,train,4.009038686752319
JVASP-109104,Rb2LiVCl6,3.1055498123168945,2.5446300506591797,3.065,train,2.7356929779052734
JVASP-141049,LiMnF3,3.428236484527588,5.743096590042114,3.471,val,9.862642049789429
JVASP-35989,LiB,1.7765225172042847,2.059325933456421,1.774,train,5.869722127914429
JVASP-75641,Li2AsAu,3.115137815475464,1.4604876041412354,3.153,train,2.717691421508789
JVASP-42168,Li2MnCSO7,3.4241883754730225,4.289428949356079,3.484,train,5.6790077686309814
JVASP-80020,LiNd2Ir,-0.4557946026325226,0.2339365482330322,-0.395,train,1.0285701751708984
JVASP-110732,LiBiB2O6,4.057275295257568,5.89635443687439,4.076,train,6.556752920150757
JVASP-46172,Sr2Li2NiO4,1.814254879951477,3.819771289825439,1.833,train,4.84459114074707
JVASP-42450,LiV2O3F3,3.1744203567504883,3.206186532974243,3.207,train,3.303678274154663
JVASP-110815,LiAc2Pb,-0.1387656331062317,0.2932417392730713,-0.028,train,1.0155506134033203
JVASP-44634,Li4VFe3O8,2.8698933124542236,3.640715360641479,2.913,train,4.534771203994751
JVASP-146614,Li5Mn4P4O16F,3.1113171577453613,4.365346193313599,3.194,test,5.73076605796814
JVASP-108930,LiCd3,0.42451682686805725,0.5573289394378662,0.47,train,0.8332569599151611
JVASP-41757,LiBiRh2,1.6996650695800781,1.9342834949493408,1.754,train,4.591977596282959
JVASP-110818,LiRuO3,1.9076117277145386,2.808326482772827,1.903,train,5.4242799282073975
JVASP-136215,LiCN,2.0069642066955566,2.3585193157196045,2.043,train,4.641278028488159
JVASP-36784,LiAgO2,3.2192282676696777,4.456781506538391,3.264,train,5.449559211730957
JVASP-44518,Li5Nb2Fe5O12,2.411278009414673,3.1406136989593505,2.453,train,4.873748064041138
JVASP-49814,Li2AgF3,7.347235202789307,6.8369879722595215,7.18,train,9.491323411464691
JVASP-124356,LiHg,0.9498560428619385,0.8440196514129639,1.019,train,1.5705907344818115
JVASP-46787,Li2Si2Ni2O7,3.158412456512451,3.913809537887573,3.14,train,4.235408067703247
JVASP-116860,Li3TiCo3O8,3.456653594970703,3.915016889572144,3.456,train,4.83656907081604
JVASP-35929,Li3HoSb2,0.6631641387939453,1.408477783203125,0.674,train,2.6614067554473877
JVASP-80555,Li2AsAu,2.6604628562927246,1.7698962688446045,2.677,train,2.571493864059448
JVASP-34813,LiMn2O4,3.5985894203186035,4.029366731643677,3.597,train,4.410949468612671
JVASP-64472,Ba4LiSb,-1.5283681154251099,0.1380736827850341,-1.531,train,3.705838680267334
JVASP-111932,Li3NbV4O8,1.8359955549240112,2.342790683110555,1.816,train,3.2360103130340576
JVASP-146109,Li4Fe3NiO8,3.1988625526428223,4.230414628982544,3.16,test,5.864836931228638
JVASP-42516,Li2Mn3CuO8,3.3629698753356934,4.726244211196899,3.408,train,5.243803262710571
JVASP-115190,LiI2,3.645427703857422,2.757173240184784,3.542,train,2.968174934387207
JVASP-68796,LiBeZn,0.019662387669086456,0.3662842512130737,0.044,train,1.147605299949646
JVASP-110733,Li2FeTeO6,3.3838562965393066,4.101671457290649,3.375,train,4.72052788734436
JVASP-40677,Li6Mn5CoO12,2.9929935932159424,3.9831302165985103,3.004,train,6.20394492149353
JVASP-38758,Yb2LiInGe2,0.4308185875415802,0.7893655300140381,0.485,train,0.978429913520813
JVASP-147059,NaLiV2O6,2.839906930923462,3.686055898666382,2.7,test,4.40881609916687
JVASP-43204,Li2MnNb3O8,2.378629684448242,3.003828763961792,2.4,train,3.5507328510284424
JVASP-116928,Li5Co3O8,3.8691325187683105,4.512655878067017,3.887,train,5.796820402145386
JVASP-48541,Li4VO4F,5.498500823974609,4.518728494644165,5.35,train,6.478364706039429
JVASP-1636,LiZnAs,1.2776585817337036,1.425086259841919,1.303,train,2.1602352261543274
JVASP-119273,Li2Ni3SnO8,3.663519859313965,4.265016317367554,3.639,train,4.588592290878296
JVASP-117096,Li5Co2Cu2P4O16,3.145653009414673,4.443053674697876,3.18,train,5.795459985733032
JVASP-42568,Li2CuNiO4,3.558925151824951,4.280311822891235,3.551,train,5.892279863357544
JVASP-41991,LiAg3,0.8774348497390747,1.1623127460479736,0.878,train,1.9775381088256836
JVASP-118982,Li3Mn2O5,3.3408560752868652,4.060557762781779,3.354,train,5.49861216545105
JVASP-147134,LiMn2P2O8,3.0601553916931152,3.623469591140747,3.073,test,3.734339475631714
JVASP-71708,LiBe2Si,-0.10906588286161423,0.4560134410858154,-0.07,train,3.2479088306427
JVASP-135349,Li2TlO3,4.526086807250977,4.89385461807251,4.207,val,6.178608179092407
JVASP-110335,Na2LiYF6,3.558851718902588,3.778619289398194,3.389,train,5.8939924240112305
JVASP-12468,Li2ZnCl4,3.0299370288848877,4.383264780044556,3.041,train,7.848828315734863
JVASP-135339,Li2TcO2,3.8229355812072754,2.706115484237671,3.261,val,4.486541986465454
JVASP-46250,Li2CrO4,6.408487796783447,3.904324531555176,6.268,train,5.14648175239563
JVASP-96877,K2LiAlF6,-0.2884305417537689,1.5937870740890503,-0.327,train,2.006938338279724
JVASP-24955,KLiSi2O5,2.197262763977051,5.454249143600464,2.139,train,6.314469575881958
JVASP-82040,Li2HgBi,0.9495145678520203,1.3441364765167236,0.97,train,1.532583236694336
JVASP-144107,Li5MnCo2O8,3.7341880798339844,4.351481485366821,3.726,val,5.381248712539673
JVASP-44734,Li3FeP2O8,3.3958282470703125,5.1865066687266035,3.422,train,6.1341845989227295
JVASP-54875,Li2Nd2Si3,0.3456006944179535,1.428710699081421,0.416,train,2.6654648780822754
JVASP-100727,Yb2LiIn,-1.8579012155532837,0.3594979047775268,-1.925,train,0.8682658672332764
JVASP-91984,LiZnO2,3.7909228801727295,4.776715636253357,3.819,train,6.276587009429932
JVASP-44507,Li2MnBAsO7,3.62650728225708,5.022125005722046,3.673,train,5.8301637172698975
JVASP-39356,LiLa2Al,-0.6061362028121948,0.9277052879333496,-0.597,train,1.9090540409088137
JVASP-142158,Li7Mn4CoO12,3.234672784805298,3.921334368841989,3.263,train,5.270756006240845
JVASP-122277,Li3MnCo3O8,3.5021231174468994,3.8818037509918217,3.51,train,4.656616449356079
JVASP-43089,LiFe3Sn2S8,2.428450345993042,2.5915417671203613,2.402,train,2.8415658473968506
JVASP-42434,Li3Fe2O6,3.858759880065918,4.529776493708293,3.893,train,5.460798025131226
JVASP-40468,LiAg2F4,3.6643729209899902,4.919471502304077,3.706,train,5.405318260192871
JVASP-7999,Li3N,2.8245677947998047,2.964744528134664,2.845,train,10.43787169456482
JVASP-48313,LiMn2OF3,2.7360072135925293,3.3262689113616943,2.716,train,3.955371618270874
JVASP-120584,LiV6O7F5,1.9981451034545898,1.5253164768218994,1.978,train,1.7768781185150146
JVASP-138836,LiRhF4,5.0439066886901855,5.6772050857543945,5.229,val,6.006069898605347
JVASP-44637,Li3Fe5O12,3.5368988513946533,4.364300171534221,3.584,train,5.092694520950317
JVASP-35979,LiO3,3.8381338119506836,4.86668848991394,3.722,train,9.569233655929564
JVASP-130662,Li8Ca,0.006565548479557037,0.0338833928108215,0.015,train,3.040745735168457
JVASP-70889,Li2BeCl,1.9490617513656616,2.369542121887207,2.027,train,4.000030219554901
JVASP-47240,LiVF4,3.6246166229248047,3.963709592819214,3.633,train,4.399346113204956
JVASP-116141,LiHS,2.710587501525879,2.4629065990448,2.627,train,2.8512136936187744
JVASP-41790,LiPm2Ga,-0.3213953971862793,0.4213016033172607,-0.306,train,1.2555921077728271
JVASP-136930,Li2WN2,1.2449899911880493,1.4609644412994385,0.824,val,3.4635274410247803
JVASP-147389,Li2Mn3TeO8,3.065737724304199,3.443847417831421,3.107,test,3.7516701221466064
JVASP-138738,Li3CuP2,1.4708770513534546,1.9765145778656008,1.471,train,2.856318473815918
JVASP-138084,LiBeBr,0.507369339466095,0.8821411728858948,0.791,val,1.5900923013687134
JVASP-87985,Li7TaO6,3.6212494373321533,4.54487156867981,3.691,train,9.934407472610474
JVASP-116496,Li5Cl3O,4.498216152191162,6.08319935798645,4.56,train,37.61763262748718
JVASP-122933,LiV,0.28590571880340576,0.9431600570678712,0.297,train,8.500293493270874
JVASP-114333,LiYP,-0.38802069425582886,0.617955207824707,-0.321,train,3.5117690563201904
JVASP-43052,LiFePO4,3.128246307373047,4.0741307735443115,3.149,train,4.827455759048462
JVASP-95474,Yb2NaLiF8,2.803115129470825,6.77909779548645,2.799,train,7.148498058319092
JVASP-148272,Li3Co2NiO6,3.413461685180664,3.797471284866333,3.449,test,4.65823769569397
JVASP-48274,Li2Mn2C3O9,2.815140724182129,3.299975633621216,2.866,train,4.0294153690338135
JVASP-48392,Li3MnP2O8,3.352571725845337,5.165587345759074,3.359,train,6.157004117965698
JVASP-53563,Li5AuO4,4.542821884155273,4.468844413757324,4.559,train,6.633108139038086
JVASP-112415,Li3MoP2O8,2.786675453186035,4.068020900090535,2.782,train,5.9280173778533936
JVASP-56182,Li2AgBi,1.1971367597579956,1.1953147649765017,1.221,train,2.326020836830139
JVASP-123677,LiSe2,3.0625836849212646,2.420830249786377,2.965,train,3.2915048599243164
JVASP-42262,Li4V3FeO10,3.089254856109619,3.333284378051758,3.104,train,4.019531011581421
JVASP-147149,LiFeF4,4.7872395515441895,5.955011606216431,4.801,test,7.080984354019165
JVASP-111952,Li3MgNi4O8,3.3022022247314453,3.4285452365875244,3.323,train,4.150866270065308
JVASP-113256,LiMnPO4,3.0664727687835693,4.318298101425171,3.081,train,5.905667066574097
JVASP-46274,Li2CrO3,3.2396061420440674,4.141536474227905,3.238,train,5.674957036972046
JVASP-137743,LiCoPO4,3.1978087425231934,5.091360330581665,3.167,val,6.343929052352905
JVASP-122383,LiV2OF5,2.9577198028564453,2.92511248588562,2.938,train,3.2150089740753174
JVASP-143979,LiTiFeO4,3.0389862060546875,3.5555760860443115,3.058,train,4.452138662338257
JVASP-10145,Li2TiF6,4.287363529205322,6.780765771865845,4.244,train,11.563311576843262
JVASP-40225,LiDy2Ru,-0.034568510949611664,0.4277703762054443,-0.005,train,1.1683404445648191
JVASP-42296,KLi2Mn2O4,2.0876340866088867,1.776395320892334,2.085,train,2.299715280532837
JVASP-13754,LiTi3S6,1.7804601192474365,2.0763981342315674,1.799,train,2.3816568851470947
JVASP-122339,Li9Co2O8,4.9081196784973145,4.420844899283515,4.918,train,7.44053053855896
JVASP-50845,Li2Ti2S5,2.3731799125671387,2.766313314437866,2.396,train,3.1138031482696533
JVASP-67026,LiBe2Pb,0.4921519458293915,1.1069459319114685,0.547,train,1.5780503749847412
JVASP-41774,LiPt3,1.3954370021820068,2.45121169090271,1.385,train,5.343855142593384
JVASP-133189,Li3Mn2O5,3.381315231323242,4.133980671564738,3.429,val,6.058213472366333
JVASP-69220,Ba2LiCr,-0.3494965434074402,0.4143369197845459,-0.339,train,1.9899741411209104
JVASP-121697,Li2MoP2O8,2.89275860786438,4.140620946884155,2.877,train,5.378203630447388
JVASP-145153,Li7Mn2Co3O12,3.391343116760254,4.150043725967407,3.412,test,6.002479314804077
JVASP-87060,Li3LaP2,0.3522615134716034,1.6059057712554932,0.398,train,3.712594509124756
JVASP-45788,LiVP2O8,3.1871495246887207,4.7637717723846436,3.156,train,5.255865812301636
JVASP-37543,Yb3Li,-0.8817420601844788,0.6967236995697021,-0.856,train,2.576399564743042
JVASP-46889,Li4Ni3O2F6,3.8989369869232178,4.797048270702362,3.913,train,6.941517114639282
JVASP-45178,Li3FeSiBO7,2.78720760345459,4.782450437545776,2.791,train,5.6240198612213135
JVASP-106956,Li3Pm,0.17928478121757507,0.5365625222524008,0.207,train,2.9978843927383423
JVASP-43133,LiTiFeO4,2.682539939880371,4.425030469894409,2.675,train,5.050758600234985
JVASP-156748,YbLi,-0.21817895770072937,0.264472484588623,-0.043,test,3.33127760887146
JVASP-155411,KLi2AsO4,3.2510316371917725,4.735123872756958,3.074,test,6.19277024269104
JVASP-42632,Li2MnSi2O6,2.825906991958618,4.090752840042114,2.837,train,5.271627187728882
JVASP-48474,Li2CoO2F,5.173106670379639,5.05635142326355,5.122,train,9.369836330413818
JVASP-136360,LiPCl,1.8082026243209839,1.644895076751709,0.93,val,3.0442501306533813
JVASP-131609,LiBi5,0.711980402469635,1.127714991569519,0.683,train,1.9020715951919556
JVASP-147118,Li2CoW2O8,3.4126853942871094,3.7877097129821777,3.457,test,4.909446001052856
JVASP-61546,LiAsSe2,2.2945961952209473,2.6623237133026123,2.219,train,3.434957265853882
JVASP-148142,Li7Mn2Co3O12,3.584144115447998,4.168327161243984,3.606,test,5.750983953475952
JVASP-120966,LiGaCl,1.0109412670135498,0.2430754899978637,0.969,train,0.4633325934410095
JVASP-144724,Li3Ni4O8,3.5958774089813232,4.024639129638672,3.608,train,4.59191632270813
JVASP-42250,LiMn2Cr2O8,3.115074872970581,3.613810777664185,3.14,train,3.865361452102661
JVASP-119004,Li4Fe3Ni2Sb3O16,3.091001272201538,3.8144257068634033,3.105,train,4.69135594367981
JVASP-113251,Li4Cr3Sn3Te2O16,2.8820667266845703,3.675530672073364,2.879,train,4.8113462924957275
JVASP-141547,LiFeP2O7,3.435494899749756,4.857191324234009,3.447,train,5.646538496017456
JVASP-140562,LiNiP2O7,3.583235502243042,4.774553537368774,3.38,val,4.856330156326294
JVASP-86409,LiBIr,1.3543766736984253,1.43074631690979,1.329,train,2.7113091945648193
JVASP-47547,Li3Fe2CoO6,3.131051540374756,3.5807669162750244,3.168,train,4.91304612159729
JVASP-109556,LiNdIn2,-0.35068467259407043,1.5980217456817627,-0.298,train,3.608054518699646
JVASP-117287,LiVSiO4,2.725402593612671,3.049006223678589,2.722,train,3.624533891677856
JVASP-121435,Li3Co2O5,3.7355310916900635,4.427244742711385,3.743,train,5.79180121421814
JVASP-144289,Li7Mn2Co3O12,3.398745059967041,4.276307616915021,3.407,val,6.159198045730591
JVASP-110707,Na2LiScCl6,3.549499273300171,2.170830488204956,3.297,train,2.4114527702331543
JVASP-91785,LiAsSe2,2.291489362716675,2.6680638790130615,2.219,train,3.3620550632476807
JVASP-141314,LiMgAlH6,0.6716771125793457,1.3030948638916016,0.701,val,1.450150966644287
JVASP-109548,Li2CeSn,-0.03223063796758652,0.2799348831176758,0.021,train,1.2158706188201904
JVASP-145619,LiTiVO5,3.3340048789978027,3.8474199771881104,3.313,test,5.259507894515991
JVASP-141215,Li4Co3O7,3.546945333480835,4.210975885391235,3.565,train,5.845854043960571
JVASP-142616,Li4Ti3V3Sn2O16,2.4610774517059326,3.154113531112671,2.432,val,3.501103162765503
JVASP-118458,Li2HN,2.5444743633270264,2.693176031112671,2.526,train,5.059057712554932
JVASP-140213,Li4MnCo2O7,3.4065752029418945,4.266683101654053,3.416,train,6.3860924243927
JVASP-56345,LiMgVO4,2.712803840637207,3.1984851360321045,2.684,train,5.831746339797974
JVASP-44909,LiVGaO4,3.365574359893799,3.9957640171051025,3.351,train,4.1991660594940186
JVASP-93665,LiTiSe2O2,6.204813480377197,5.874295234680176,6.008,train,6.648237705230713
JVASP-117083,Li2TiNiO4,2.958803653717041,4.017338037490845,2.977,train,5.504732370376587
JVASP-139358,LiSiN,1.4889153242111206,3.197953224182129,4.385,val,7.64517068862915
JVASP-112737,Li3CN2,1.667755126953125,2.259267091751098,1.671,train,4.94768214225769
JVASP-105627,K2LiAuCl6,4.5435285568237305,2.780840516090393,4.356,train,2.9527056217193604
JVASP-25577,K2LiBO3,1.012352705001831,4.1374218463897705,1.046,train,6.698152780532837
JVASP-108761,LiTi2Te4,1.0111595392227173,1.8430159091949463,1.064,train,2.0565898418426514
JVASP-139387,Li3P,1.4088129997253418,1.627559741338094,1.481,val,4.858250379562378
JVASP-144542,Li4MnCo2O7,3.549626111984253,4.163036346435547,3.538,val,6.048528432846069
JVASP-13084,LiMgN,1.8970305919647217,1.7384943962097168,1.91,train,4.2754998207092285
JVASP-145152,Li6Mn3CoO10,3.305643081665039,4.116580247879028,3.341,test,5.512525796890259
JVASP-106471,Li2MnF4,4.754693508148193,5.422171950340271,4.79,train,9.40142035484314
JVASP-96811,LiUPH8O10,3.301690101623535,3.905353784561157,3.339,train,4.145313024520874
JVASP-141863,Li7Co2O6,4.091638565063477,4.43175516809736,4.146,train,7.446059465408325
JVASP-18703,LiMg2Ga,0.039856500923633575,0.5103943347930908,0.035,train,0.951063632965088
JVASP-140225,Li4Nb3V2Ni3O16,2.508714199066162,3.549146890640259,2.529,train,4.3371422290802
JVASP-52297,LiCuS,2.5921454429626465,2.741624593734741,2.537,train,3.464162230491638
JVASP-115193,LiI2,3.3483612537384033,2.7802308797836304,3.269,train,3.4662935733795166
JVASP-10552,Sr4LiB3N6,1.434228777885437,1.3897674083709717,1.489,train,1.6653029918670654
JVASP-119525,LiCo3O2F6,4.085761547088623,5.576504707336426,4.07,train,5.741830110549927
JVASP-120711,Li4Mn3CoO8,3.0782527923583984,3.778578996658325,3.098,train,5.32901930809021
JVASP-46780,Li7Sb2S2,2.1786632537841797,2.478600433894566,2.2,train,4.5395050048828125
JVASP-130694,NeLi8,0.20592132210731506,-0.0290776118636131,0.232,train,2.5296101570129395
JVASP-89240,LiScGeO4,3.2653915882110596,4.78639817237854,3.245,train,8.700568437576294
JVASP-38606,LiLu2In,-1.3201504945755005,0.4427073001861572,-1.384,train,1.769191861152649
JVASP-100465,LiVF3,2.739560604095459,3.1835672855377197,2.701,train,4.494083642959595
JVASP-146765,Li5Co3O8,3.842928409576416,4.504841375350952,3.832,test,5.8381264209747314
JVASP-139885,K2LiMn2O4,1.4170886278152466,2.167738199234009,1.454,train,2.436068296432495
JVASP-52191,Li2CuSiO4,3.1180450916290283,4.659941911697388,3.128,train,5.467654466629028
JVASP-146618,Li3Fe10O7F9,2.7288665771484375,3.982682943344116,2.871,test,4.742487192153931
JVASP-112857,LiFeSiO4,2.98824405670166,4.212578535079956,2.999,train,4.608525037765503
JVASP-43466,Li2Fe3SbO8,3.1234803199768066,4.002432107925415,3.137,train,4.674747705459595
JVASP-57510,LiScF4,3.893540382385254,6.160325527191162,3.867,train,12.993472814559937
JVASP-146125,Li3MnP2O8,3.4846224784851074,5.25988507270813,3.446,test,6.481586694717407
JVASP-48198,Li4MnSb2WO12,3.359846830368042,3.875864744186402,3.376,train,4.4420106410980225
JVASP-119521,Li2CrCo3O8,4.029956817626953,4.56269907951355,4.028,train,5.2074925899505615
JVASP-67521,LiBe2Ir,0.5141908526420593,1.0707788467407229,0.542,train,3.3973820209503174
JVASP-115196,LiI2,2.5006747245788574,2.5677778124809265,2.559,train,3.07478404045105
JVASP-118904,LiN2,0.9873974919319153,2.0202829837799072,0.932,train,7.251597166061401
JVASP-136923,LiMgSb,-0.17847159504890442,0.5259674191474915,-0.206,val,1.0336158275604248
JVASP-119259,Li3Fe2O6,3.9771363735198975,4.947492202123006,4.001,train,6.482197046279907
JVASP-69995,LiBe2Ge,0.7348231673240662,0.7066541910171509,0.781,train,0.9724845886230468
JVASP-43202,Li3MnP2HO8,3.1343493461608887,4.976996660232544,3.148,train,6.837877988815308
JVASP-42833,LiFeOF2,4.217104434967041,5.6862030029296875,4.377,train,6.986623048782349
JVASP-141834,LiVPO5,3.1907548904418945,2.9404242038726807,3.17,train,3.2620809078216553
JVASP-140662,Li4VF6,4.815572261810303,4.4168625473976135,4.734,train,6.976173162460327
JVASP-69179,BaLiTe2,0.6959161758422852,1.154881477355957,0.798,train,2.311200261116028
JVASP-42818,Li2MnO2F,3.389906406402588,4.515787363052368,3.443,train,7.06673789024353
JVASP-122520,Li3V4SnO12,2.80145001411438,3.4438092708587646,2.831,train,3.830556154251098
JVASP-157163,LiLa2Ge,-0.8589770793914795,0.4779469966888428,-2.009,test,1.916883945465088
JVASP-138071,LiBeBi,0.3460146188735962,0.9140552282333374,0.375,val,2.196472406387329
JVASP-104538,Rb2LiTlBr6,4.3921895027160645,3.199702262878418,4.414,train,3.307057797908783
JVASP-45173,Li4Mn3V2Ni3O16,3.4830403327941895,3.9075891971588135,3.472,train,4.856065988540649
JVASP-138847,LiTlF4,5.123305797576904,6.006543040275574,6.206,val,6.706756114959717
JVASP-48750,LiVF3,2.3351287841796875,2.342913866043091,2.286,train,2.9284818172454834
JVASP-34678,Li2S,3.0956978797912598,5.142401218414307,3.031,train,51.550487756729126
JVASP-47675,LiCrCoO4,3.842236280441284,4.729568243026733,3.836,train,5.474829912185669
JVASP-52491,LiAgF4,3.495908260345459,6.597214341163635,3.518,train,7.513397812843323
JVASP-146923,LiLa4FeO8,1.912155032157898,2.5966317653656006,1.505,test,3.4800875186920166
JVASP-92254,LiVF6,4.243771076202393,5.178008079528809,4.181,train,5.718118190765381
JVASP-48319,Li2Mn3F8,3.6739306449890137,4.304097771644592,3.701,train,6.706326723098755
JVASP-109824,Li3VO3F2,4.223501682281494,4.826379060745239,4.228,train,6.577554941177368
JVASP-142880,LiCoPO4,3.491992950439453,4.37205958366394,3.532,val,4.931925058364868
JVASP-121163,LiNbS,-0.46134665608406067,0.7265784740447998,-0.395,train,1.1341156959533691
JVASP-4453,TbLi2F6,3.684340000152588,6.1629475355148315,3.678,train,7.304100275039673
JVASP-122389,Li4Co3Ni3Sn2O16,3.513134479522705,4.338679075241089,3.495,train,5.3594934940338135
JVASP-121934,LiFeSiO4,3.420917510986328,4.873633623123169,3.435,train,5.499411344528198
JVASP-21502,Li2RhF6,4.548930644989014,5.826873779296875,4.48,train,7.7099608182907104
JVASP-121193,Li2Te,2.1774089336395264,2.515559196472168,2.228,train,4.467902183532715
JVASP-100306,LiSiAg2,1.5003924369812012,1.1464812755584717,1.63,train,1.9074645042419431
JVASP-119730,Li4VTe3O12,3.7201333045959473,3.974670648574829,3.736,train,4.3465964794158936
JVASP-143911,Li3Mn2CoO6,3.1127045154571533,3.4366390705108643,3.122,train,4.962143659591675
JVASP-43818,Li2Fe2OF6,4.498399257659912,5.654839873313904,4.533,train,6.439871311187744
JVASP-46151,Li2TiCo2O5,2.859304904937744,3.4921610355377197,2.861,train,4.487541437149048
JVASP-116261,Li2H,1.4777411222457886,1.6520774960517883,1.485,train,5.788943290710449
JVASP-122364,Li4Ti3Fe2Co3O16,3.258190870285034,4.470585584640503,3.272,train,5.6416285037994385
JVASP-43433,Li2NbFe3O8,2.9102494716644287,4.12530255317688,2.925,train,4.645083665847778
JVASP-141601,Li4FeO3F,3.9375014305114746,4.257844090461731,3.945,train,5.415144920349121
JVASP-130685,Li8Kr,0.006683625280857086,-0.0338381677865982,-0.006,train,2.815332770347595
JVASP-145607,Li7Co2O6,4.139512538909912,3.9671622344425743,3.873,test,5.461553335189819
JVASP-42357,Li3CoO2F2,4.2297539710998535,4.901816924413045,4.249,train,7.203000545501709
JVASP-43067,Li2VO2,2.0227773189544678,2.2449686527252197,2.042,train,4.884386777877808
JVASP-20944,K7LiSi8,2.2889280319213867,0.7725415229797363,2.084,train,0.8409864902496338
JVASP-8695,NaLi5N2,1.698285698890686,1.99372398853302,1.733,train,7.177412390708923
JVASP-43665,LiV2OF5,2.8625683784484863,3.063089609146118,2.87,train,3.3381435871124268
JVASP-40476,LiCuS,1.5809884071350098,2.130207896232605,1.603,train,3.3187639713287354
JVASP-43069,LiMnVO4,2.7734322547912598,3.4316513538360596,2.795,train,3.6972382068634033
JVASP-147435,Li4VNi3P4O16,3.172356605529785,3.8507416248321538,3.184,test,4.983076810836792
JVASP-41082,LiAcTe2,-1.233540415763855,1.5114142894744873,-1.221,train,3.765031099319458
JVASP-50754,Li3CuF5,5.756082534790039,6.033125162124634,5.687,train,8.510918140411377
JVASP-45858,Li2V2F7,3.5477659702301025,3.611864447593689,3.499,train,4.2386205196380615
JVASP-133200,Li4MnCo2O7,3.5375733375549316,4.195711851119995,3.545,val,6.249924421310425
JVASP-53122,Li6Br3N,3.4389102458953857,3.708868583043417,3.411,train,9.042162775993347
JVASP-48966,Li2MnO2F,3.252133369445801,4.34717059135437,3.268,train,5.875760316848755
JVASP-132906,Li7FeO4F2,4.76438045501709,4.746920585632324,4.767,train,6.518288612365723
JVASP-18951,Li2Pd,1.7724288702011108,1.738156795501709,1.772,train,5.931755423545837
JVASP-67564,LiBe2Cl,1.1165473461151123,1.6509268283843994,1.101,train,2.0045642852783203
JVASP-44918,Li2TiNi2O5,3.1501755714416504,3.3119447231292725,3.128,train,3.9992401599884033
JVASP-59130,Li3AlH6,0.6872881650924683,2.3501226902008057,0.649,train,4.544011831283569
JVASP-135368,LiSnS,0.8165239691734314,0.9269880056381226,0.985,val,1.6734514236450195
JVASP-76206,LiNd2Si2,0.08020365983247757,0.8677339553833008,0.18,train,1.820671558380127
JVASP-151060,LiCoF4,4.898509502410889,5.911108732223511,4.995,test,6.633528470993042
JVASP-44656,LiV3CoO10,3.813455104827881,3.8480560779571538,3.845,train,4.244971036911011
JVASP-41105,LiSnRh2,2.501041889190674,2.3610823154449463,2.562,train,5.11887788772583
JVASP-102513,Li3La,0.1457454264163971,0.8182379802068075,0.124,train,7.831816911697388
JVASP-101638,Li5Cu2Ge2,1.0819050073623657,1.3990486145019532,1.171,train,3.0154964923858643
JVASP-24990,SrLiB3S6,2.184177875518799,2.403712511062622,2.126,train,2.750357866287231
JVASP-10695,Ba2LiReN4,1.7514079809188843,1.3139593601226809,1.746,train,2.607496976852417
JVASP-100481,LiMnF3,4.498971462249756,5.4539031982421875,4.51,train,7.345308303833008
JVASP-145578,LiVCoO4,2.9109232425689697,3.377398729324341,2.831,test,3.7746870517730713
JVASP-21031,Li2B4O7,2.9872727394104004,5.094691276550293,2.96,train,9.97488570213318
JVASP-48724,LiTiO2,2.3328089714050293,3.1197898387908936,2.357,train,7.392371416091919
JVASP-99806,LiEr2Au,-0.24957117438316345,-0.0800569057464599,-0.2,train,0.5179729461669922
JVASP-47303,Li2MnF6,5.0710320472717285,5.854773163795471,5.021,train,7.816612720489502
JVASP-86463,LiAlTe2,2.1415414810180664,1.799989938735962,2.072,train,2.148322820663452
JVASP-13378,Li2CdCl4,3.029327869415283,4.706283092498779,3.086,train,7.575720310211182
JVASP-119340,Li6Mn2OF11,5.3024210929870605,6.0036704540252686,5.335,train,6.953107833862305
JVASP-40222,LiDyTl2,0.6634857654571533,1.3263027667999268,0.61,train,3.240573525428772
JVASP-106552,LiPm2Sn,-0.33323049545288086,0.0508584976196289,-0.164,train,0.4276144504547119
JVASP-103461,Li2SnIr,1.4204747676849365,1.2812998294830322,1.509,train,4.513897895812988
JVASP-104858,LiScRh2,1.5396840572357178,1.4109513759613037,1.519,train,3.4727635383605957
JVASP-135335,LiTaO,0.5808740258216858,1.7582366466522217,0.483,val,4.702092409133911
JVASP-43059,LiCr3O8,3.6014814376831055,3.9493248462677,3.555,train,4.141275644302368
JVASP-41997,LiHoAu2,2.3057854175567627,1.1231465339660645,2.421,train,2.0886749029159546
JVASP-118606,Li2NiO2,3.790943145751953,3.727940320968628,3.787,train,5.133873224258423
JVASP-106473,KLiSnO2,1.7441771030426025,3.7087771892547607,1.766,train,4.82969069480896
JVASP-93205,LiMg6W,-0.34888607263565063,0.7293832302093506,-0.333,train,1.7698092460632324
JVASP-42567,Li2Mg2MnFeP4O16,3.0586326122283936,4.468137979507446,3.111,train,5.670408487319946
JVASP-42609,LiFeF4,4.710536479949951,5.402883052825928,4.754,train,5.992233514785767
JVASP-74744,LiBe2Ru,-0.13643744587898254,-0.1062633991241455,-0.133,train,0.779890775680542
JVASP-35927,Li3CeBi2,0.31739237904548645,0.9584531784057616,0.352,train,1.9200973510742188
JVASP-92252,Li3MnO2F2,4.370759010314941,5.21045724550883,4.391,train,7.707998037338257
JVASP-56863,Ba2Li3NbN4,0.9377648830413818,1.0374756654103596,0.911,train,2.0518429279327393
JVASP-112751,Li3NbV2O6,2.2208383083343506,2.751190423965454,2.253,train,3.409728765487671
JVASP-141850,LiVCuO4,3.4790539741516113,5.0728418827056885,3.498,train,6.8325512409210205
JVASP-146397,LiCaVF6,3.639951229095459,3.5398590564727783,3.127,test,4.104115724563599
JVASP-48916,LiMnOF2,3.76293683052063,4.441565275192261,3.813,train,5.899709463119507
JVASP-41909,LiEr2Os,0.5364046096801758,0.8457386493682861,0.621,train,1.5677056312561035
JVASP-40272,LiTm2Rh,-0.20504698157310486,0.521259069442749,-0.191,train,1.4874327182769775
JVASP-111928,Li2MnO2F,3.419128894805908,4.421499013900757,3.448,train,6.20836615562439
JVASP-47442,Li2MnO2F,3.387380599975586,4.376033067703247,3.414,train,6.62313437461853
JVASP-144286,Li4Mn3CoO8,3.078564405441284,3.8304574489593506,3.077,val,5.449318170547485
JVASP-79879,LiScHg2,0.7416622042655945,1.4484434127807615,0.754,train,2.6056060791015625
JVASP-41658,LiNd2Ga,-0.4115005135536194,0.4911458492279053,-0.426,train,1.6620872020721436
JVASP-48242,Li3Ti2Ni2O8,3.263031005859375,4.386378526687622,3.252,train,5.4550697803497314
JVASP-118887,Li2F,3.5498714447021484,4.509722352027893,3.437,train,40.54983353614807
JVASP-145668,Li2MnFeB2O6,2.3242621421813965,3.3197906017303467,2.344,test,4.097727537155151
JVASP-102517,LiY3,-0.7252163887023926,0.3503308296203613,-0.699,train,1.1876840591430664
JVASP-112839,Li3Mn3NiO8,3.229785203933716,3.524869203567505,3.251,train,4.090290307998657
JVASP-47086,LiVF3,1.9533542394638062,2.7415640354156494,1.985,train,3.3797154426574707
JVASP-119335,Li3Mn2Si2O8,2.958742141723633,4.48071026802063,2.987,train,5.759588003158569
JVASP-140032,Li4Mn3CoO8,3.0949771404266357,3.993352174758911,3.11,train,6.27021050453186
JVASP-86434,LiNbO2,2.5594539642333984,2.97684645652771,2.576,train,5.550590753555298
JVASP-146543,Li7Mn2Co3O12,3.4906015396118164,4.099521330424717,3.449,test,5.5300867557525635
JVASP-86243,NaLi5N2,2.293994426727295,2.474044442176819,2.252,train,4.017638802528381
JVASP-141559,Li4WO5,3.3322324752807617,4.42332649230957,3.333,train,5.985651731491089
JVASP-48807,LiMn2OF3,3.049320697784424,2.89574933052063,3.041,train,4.08324933052063
JVASP-31311,K2Li14Pb3O14,3.722583770751953,4.586122257368905,3.679,train,5.6921374797821045
JVASP-42426,Li2FeF4,4.51524543762207,5.00595235824585,4.508,train,7.334077596664429
JVASP-93165,NaLiMg6,0.10833535343408585,0.5282642841339111,0.119,train,1.0255537033081057
JVASP-122370,LiCo2OF3,3.4471328258514404,4.337271690368652,3.427,train,5.149641990661621
JVASP-155632,SrLi2Sn2,0.7786746025085449,1.0368795692920685,0.62,test,2.163175404071808
JVASP-61695,Li3GaB2O6,2.6462526321411133,5.213051080703735,2.678,train,7.146517515182495
JVASP-45237,LiTiV3O10,3.502776622772217,3.9614293575286865,3.545,train,4.107988595962524
JVASP-116544,SrLi2SiO4,1.8600388765335083,4.151329755783081,1.903,train,6.151476621627808
JVASP-145465,LiSbN2,2.3845787048339844,3.657167196273804,2.488,test,5.021815061569214
JVASP-8792,LiSbS2,2.2618629932403564,2.57669997215271,2.274,train,3.6148059368133545
JVASP-42921,Li2MnF5,4.639933109283447,6.136718034744263,4.648,train,8.144568681716919
JVASP-91859,LiMnO2,3.147756814956665,2.94427752494812,3.173,train,4.078599691390991
JVASP-65561,Ba2LiSb,-0.10690178722143173,0.350306749343872,-0.086,train,2.823933720588684
JVASP-46253,Li2CoGeO4,3.160074234008789,4.41705584526062,3.187,train,5.661943674087524
JVASP-43678,Li4NiB2O6,2.3501343727111816,4.856690406799316,2.358,train,6.981059312820435
JVASP-47370,Li8MnO5F,4.538944244384766,4.706016391515732,4.57,train,7.787689685821533
JVASP-141216,Li3MnCoO5,3.5812268257141113,4.253228743871053,3.76,train,5.255770444869995
JVASP-154350,LiV2O5,3.171365261077881,4.492629766464233,3.399,test,5.1751015186309814
JVASP-42666,Li3SbS4,2.9290599822998047,2.8251700401306152,2.922,train,4.123662710189819
JVASP-119749,LiV2OF5,2.9530222415924072,2.9990780353546143,2.934,train,3.343925714492798
JVASP-117265,LiV2O5,3.262775421142578,2.9652369022369385,3.268,train,3.1132571697235107
JVASP-47734,LiCoSiO4,3.482119560241699,4.574575662612915,3.489,train,5.117291688919067
JVASP-142333,Ba4LiB3N6,1.6032642126083374,0.7750418186187744,1.592,val,1.5886619091033936
JVASP-65203,Li4BeRu,0.9662566184997559,1.1851419806480408,0.884,train,11.20778489112854
JVASP-47076,Li3VO2F2,3.4739246368408203,4.29253347714742,3.462,train,7.044409990310669
JVASP-8105,LiAlGe,1.1123888492584229,1.1153745651245115,1.05,train,1.7835628986358645
JVASP-146249,LiFeP2O7,3.5287208557128906,4.242137670516968,3.505,test,4.738165616989136
JVASP-8606,SrLiH3,-0.5419297218322754,0.1219875812530517,-0.51,train,1.5125782489776611
JVASP-79734,LiY2Tl,0.54193514585495,0.1930713653564453,0.526,train,0.2540726661682129
JVASP-38610,LiHg3,0.5440224409103394,0.7449018955230713,0.575,train,0.8680942058563232
JVASP-42488,LiFeF3,3.8534069061279297,4.799102067947388,3.89,train,6.304847002029419
JVASP-59877,LiV2S4,2.285276174545288,2.2781965732574463,2.286,train,2.746953248977661
JVASP-117125,Li7Mn2Co3O12,3.4107754230499268,4.283110312053135,3.42,train,6.417964696884155
JVASP-13836,Na2LiN,2.655858039855957,2.2588154077529907,2.638,train,3.370369076728821
JVASP-46436,Li2TiCrO4,2.4129981994628906,2.970818281173706,2.434,train,3.7835371494293217
JVASP-43484,LiFeF4,4.378014087677002,5.363105058670044,4.357,train,6.817704916000366
JVASP-147170,Li4MnCo2O7,3.566322088241577,4.204983472824097,3.526,test,5.914085626602173
JVASP-139304,Li2Br,2.155024766921997,2.273733139038086,2.047,val,9.337986946105955
JVASP-42751,LiCo2O2F3,4.013225078582764,5.068816423416138,4.053,train,6.00013542175293
JVASP-13272,Li7OsO6,3.4619040489196777,4.488085031509399,3.423,train,16.72051167488098
JVASP-135386,LiS,2.1497321128845215,2.9026812314987183,2.465,val,4.517350196838379
JVASP-114881,LiAlB,0.947984516620636,2.367610216140747,0.982,train,4.5343639850616455
JVASP-40847,Li2PmSn,-0.23733630776405334,0.3094048500061035,-0.198,train,1.004597544670105
JVASP-100730,LiNdZn2,0.5590991973876953,1.4397001266479492,0.657,train,2.882256507873535
JVASP-156883,LiDyZn2,0.5807653665542603,1.6204707622528076,0.798,test,4.120758533477783
JVASP-79087,LiLu2Tc,0.33641260862350464,0.5392303466796875,0.276,train,1.8978776931762695
JVASP-112810,Li3Fe3NiO8,3.2475247383117676,3.661368608474731,3.285,train,4.3775389194488525
JVASP-22535,RbLiCl2,3.8430063724517822,4.486997365951538,3.783,train,8.501708745956421
JVASP-46736,LiCo2P2O8,3.8597021102905273,4.514437913894653,3.879,train,4.708475351333618
JVASP-140797,LiSm2RuO6,1.5658941268920898,2.8715975284576416,2.349,val,3.121208429336548
JVASP-145966,LiCoPO4,3.475316286087036,4.4258434772491455,3.474,test,4.813523530960083
JVASP-116288,LiNiO2,3.4413352012634277,3.524616956710815,3.453,train,4.20476222038269
JVASP-145493,Li2CrSi2O6,2.6914124488830566,3.4574124813079834,2.843,test,4.937295198440552
JVASP-76261,Li2PrGe,0.21615970134735107,0.6111409664154053,0.22,train,2.070242404937744
JVASP-112919,Li7Mn4CoO12,3.5977277755737305,3.991605247770037,3.647,train,5.9790871143341064
JVASP-142849,LiVPO4,2.825174570083618,3.3950464725494385,2.811,train,3.748777151107788
JVASP-1870,LiVO2,2.4026381969451904,2.871854543685913,2.414,train,3.854818105697632
JVASP-137940,BaLiH,-0.37997207045555115,-1.0751975178718567,-0.307,train,-0.6063230037689209
JVASP-144092,LiMnPO4,3.1262927055358887,4.280195951461792,3.157,val,5.356651544570923
JVASP-145137,Li5Mn2CoO8,3.372793436050415,4.406155252456665,3.435,test,6.8589513301849365
JVASP-102372,K2LiTaBr6,1.2351845502853394,1.515912652015686,1.31,train,2.267652750015259
JVASP-133672,Li4Co3Ni3Te2O16,3.370760440826416,4.07218861579895,3.396,val,4.791173458099365
JVASP-121613,Li2MgZr2H4O4F12,3.4513771533966064,4.772772669792175,4.543,val,5.570528030395508
JVASP-147148,Li5Cu2Ni3O10,3.683941602706909,4.404807329177856,3.522,test,5.52219033241272
JVASP-141486,LiFeN,1.5820294618606567,1.861719846725464,1.185,val,3.4038054943084717
JVASP-141517,LiCo3O6,3.7503490447998047,4.519827127456665,4.182,val,4.866518259048462
JVASP-136699,LiGeS,1.4616698026657104,1.0775686502456665,1.435,val,1.299555778503418
JVASP-38383,Li2TlPt,1.9601000547409058,1.5397157073020935,1.897,train,2.908486008644104
JVASP-18433,LiNiO2,3.4226746559143066,3.757185935974121,3.452,train,4.255172967910767
JVASP-51355,LiNi2O4,4.066727638244629,4.401887893676758,4.04,train,4.7049455642700195
JVASP-132963,Li2MnFeB2O6,2.3311643600463867,3.5771186351776123,2.406,val,4.5416419506073
JVASP-79828,LiLaHg2,0.6785146594047546,1.9301356077194216,0.682,train,5.786412477493286
JVASP-146337,Li4Mn3V3Cu2O16,3.178483009338379,4.0543601512908936,3.234,test,4.591872453689575
JVASP-104593,LiSn3,0.014453865587711334,0.7833338379859924,0.023,train,1.098453402519226
JVASP-13357,Li7NbO6,4.304619312286377,4.557288646697998,4.369,train,9.428975343704224
JVASP-44128,LiNbNiO4,2.6242504119873047,3.790834665298462,2.603,train,4.557955503463745
JVASP-136916,LiCl2,4.567830562591553,4.058661341667175,4.373,val,5.248338937759399
JVASP-68113,LiBeTe2,1.1829802989959717,1.6858584880828855,1.204,train,2.3354164361953735
JVASP-141617,Li2V3FeO8,3.060629367828369,3.981309652328491,3.066,train,4.248518705368042
JVASP-1840,LiDySe2,2.474057197570801,2.0019917488098145,2.466,train,3.482954263687134
JVASP-9695,Li5ReO6,3.574526786804199,4.509690618515014,3.626,train,6.41048264503479
JVASP-144763,Li2VCrO4,2.7403135299682617,2.587672472000122,2.701,val,3.596684694290161
JVASP-142746,Li2Zn2W2O9,2.6956515312194824,4.338564157485962,2.633,train,6.017247915267944
JVASP-64653,Ba4LiBi,-2.0672428607940674,0.2364276647567749,-1.942,train,2.852679967880249
JVASP-42677,Li5Fe5Co2O12,2.963629722595215,3.6687103748321537,2.993,train,5.9365503787994385
JVASP-70632,LiBe2Pb,0.6166655421257019,0.6969777345657349,0.642,train,1.4819152355194092
JVASP-42234,Li3Cr2Ni2O8,3.3824284076690674,4.0923521518707275,3.406,train,4.878417730331421
JVASP-66821,LiBePt,1.6068462133407593,0.8690030574798584,1.565,train,2.3414735794067383
JVASP-139327,LiC3,-0.9627487659454346,1.885679006576538,-0.13,val,8.82285475730896
JVASP-35662,LiCaF3,7.351982116699219,6.7161009311676025,7.202,train,10.236807823181152
JVASP-139367,LiPO,1.6872315406799316,1.1445300579071045,1.378,val,2.037482500076294
JVASP-81083,LiMgIn2,0.9229806661605835,0.7884515523910522,0.915,train,0.7884515523910522
JVASP-102269,Rb2LiSmCl6,1.8596242666244507,2.657672166824341,1.903,train,5.964195013046265
JVASP-44032,LiFe2F5,3.9361095428466797,5.0958967208862305,3.928,train,5.807032108306885
JVASP-135389,Li2S,2.05684757232666,2.9533989429473877,2.622,val,5.119615614414215
JVASP-43891,Li2VO2F,3.2844438552856445,3.865093469619751,3.282,train,6.418317079544067
JVASP-119589,Li7Mn2Co3O12,3.575723648071289,4.247164964675903,3.574,train,5.648744821548462
JVASP-117127,Li4MnCo2O7,3.5399680137634277,4.173734426498413,3.538,train,5.751174688339233
JVASP-113664,Li2Br,1.807673692703247,4.348502576351166,1.789,train,68.54395914077759
JVASP-43940,Li3V4O7F5,3.2161474227905273,3.2213428020477295,3.247,train,3.4427292346954346
JVASP-43187,LiVFeO4,3.2940311431884766,4.0057713985443115,3.315,train,4.54718804359436
JVASP-121723,Li2VCo3O8,3.935255527496338,4.62540602684021,3.938,train,5.350308656692505
JVASP-48324,Li4Mn7O2F14,3.221712112426758,3.6830259561538696,3.222,train,4.180156946182251
JVASP-79718,Li2SnBi,-0.09994744509458542,0.7537151575088501,-0.077,train,1.5708295702934263
JVASP-22724,NaLi2Bi,1.1652363538742065,1.3381004333496094,1.164,train,2.678515374660492
JVASP-47558,Li5VSi2O8,2.8296053409576416,4.572646951675415,2.799,train,7.520217657089233
JVASP-46777,Li4MnO2F2,4.671767234802246,5.186796069145203,4.657,train,8.354968786239624
JVASP-39701,Li2InSn,0.26650941371917725,1.15220844745636,0.26,train,2.3791502714157104
JVASP-116855,Li7Ni5O12,3.5787107944488525,4.4146604878561835,3.607,train,6.507076978683472
JVASP-45911,Li4Fe2TeWO12,3.1500942707061768,4.076669931411743,3.186,train,5.53986668586731
JVASP-12409,Li4PbO4,4.192211627960205,4.740574657917023,4.162,train,6.343339920043945
JVASP-71757,Li2BeMo,-0.0972430631518364,1.706650972366333,-0.011,train,5.916504621505737
JVASP-56780,Sr3Li4Ge2N6,1.6680209636688232,2.222888708114624,1.664,train,3.528239488601685
JVASP-44427,Li2Mn3NiO8,3.4078454971313477,3.964451551437378,3.406,train,4.22957444190979
JVASP-112414,LiFeGe2O6,3.4767746925354004,4.063974618911743,3.523,train,4.385657072067261
JVASP-121806,Li5MnCo2O8,3.7364513874053955,4.448040246963501,3.753,train,5.668485879898071
JVASP-47600,LiVCoO4,2.9975240230560303,3.8468596935272217,3.012,train,4.337518930435181
JVASP-98174,Na2LiAlP2,0.6570557355880737,1.0315778255462646,0.682,train,1.6431512832641602
JVASP-66099,BaLiCd,-0.04295673221349716,-0.3743391036987304,0.037,train,0.4313950538635254
JVASP-86815,Li2ZnGe,1.2223443984985352,1.417614459991455,1.234,train,3.9808385372161865
JVASP-113218,Li2Mn2CoO6,3.3882198333740234,3.648767471313477,3.41,train,4.61636757850647
JVASP-57303,LiMnO2,3.0251173973083496,3.778939008712769,3.033,train,5.897342920303345
JVASP-31185,LiMgN,1.4175370931625366,2.136138677597046,1.413,train,3.728330612182617
JVASP-50086,Li4Ti3O8,3.025826930999756,4.853179097175598,3.028,train,7.832062482833862
JVASP-119001,LiVF6,3.4610981941223145,5.024395227432251,3.361,train,5.96370267868042
JVASP-44484,Li2FeNi3O8,3.7410221099853516,4.056847095489502,3.736,train,4.516894102096558
JVASP-139309,LiBr3,3.934441566467285,3.5847543478012085,3.082,val,3.772546768188477
JVASP-43616,LiFeSbO4,3.091543197631836,3.8892033100128174,3.161,train,4.266488313674927
JVASP-143789,Sr3LiBiO6,2.1616647243499756,2.560760736465454,2.307,val,2.874239206314087
JVASP-133679,LiNiOF,5.846896648406982,6.088352799415588,5.494,val,8.837687730789185
JVASP-133636,Li3CoCu4O8,3.2432920932769775,4.034500598907471,3.243,test,4.682869911193848
JVASP-69047,BaLiNi2,0.4193299412727356,0.359684944152832,0.466,train,1.0886688828468325
JVASP-43149,Li2SiNiO4,3.1964175701141357,4.668769598007202,3.195,train,5.809417009353638
JVASP-108645,LiPm2Co,0.30832013487815857,-0.0560667514801025,0.342,train,0.624948263168335
JVASP-145543,LiCoAsO4,3.3839921951293945,4.0518958568573,3.343,test,4.878317594528198
JVASP-18860,Li2InIr,1.2261770963668823,1.5167016983032229,1.376,train,4.292803049087524
JVASP-71943,Li2MnBe,0.030262954533100128,1.3170874118804932,0.034,train,7.542720079421997
JVASP-157494,LiPm2Ag,-0.2200847566127777,0.3179845809936523,-0.118,test,1.5365502834320068
JVASP-121933,Li3VFe3O8,3.1051201820373535,3.4568049907684326,3.134,train,3.703987836837769
JVASP-50820,Li3BiO3,3.344545841217041,4.74581241607666,3.322,train,10.99975609779358
JVASP-141219,Li4MnCo2O7,3.4886281490325928,4.215070009231567,3.493,train,5.919835329055786
JVASP-151500,Li2Cu2TeO6,3.3160009384155273,4.25164532661438,3.423,test,4.580133438110352
JVASP-118997,Li7Mn4CoO12,3.458254814147949,4.084422213690622,3.486,train,5.341531038284302
JVASP-98470,Li2WO4,4.252121448516846,4.07909083366394,4.309,train,5.9815919399261475
JVASP-90759,Li3Mg,0.17856472730636597,0.3674203554789225,0.2,train,2.317981243133545
JVASP-16570,Li2ZnSn,0.28040796518325806,1.226039171218872,0.305,train,2.3472994565963745
JVASP-79415,LiHo2Al,0.18723678588867188,0.4022138118743896,0.23,train,1.4363539218902588
JVASP-145522,Li2MnCoO4,3.166266441345215,3.8144514560699463,3.197,test,4.846996545791626
JVASP-38589,LiLa3,-0.6201046705245972,0.4258153438568115,-0.598,train,4.351094365119934
JVASP-50744,Li2AgF3,5.001735210418701,6.299525618553162,4.99,train,8.897822380065918
JVASP-118552,LiIN,1.091291069984436,1.4081250429153442,1.105,train,2.2684892416000366
JVASP-42955,Li2V3FeO8,2.8394088745117188,3.621275186538696,2.865,train,4.192678213119507
JVASP-92801,Li2PdO2,4.0988078117370605,3.9320367574691777,4.079,train,5.495081186294556
JVASP-38398,LiTm3,-1.2165722846984863,0.2758166790008545,-1.228,train,0.6059925556182861
JVASP-125979,Li8Sm,0.07700470834970474,0.0267986357212066,0.074,train,2.9273433089256287
JVASP-46808,LiCoSi2O6,3.2135558128356934,4.297385931015015,3.219,train,4.924288511276245
JVASP-103182,Cs2LiNdF6,2.1718223094940186,-15.748721420764925,2.392,test,-1.1292448043823242
JVASP-38611,LiHf2Tc,0.3164515793323517,1.2112691402435305,0.306,train,4.243424654006958
JVASP-136915,LiCl2,4.504316806793213,4.020654559135437,4.306,val,5.957268595695496
JVASP-42547,Li2Fe5O5F7,3.4717941284179688,5.1334227323532104,3.494,train,5.941413640975952
JVASP-86322,LiO,3.2318012714385986,4.5814104080200195,3.237,train,7.978543519973755
JVASP-45963,LiGePCO7,2.933420181274414,3.824341058731079,2.943,train,3.9524857997894287
JVASP-40906,Li2Cu2F7,8.095425605773926,6.563718497753143,7.949,train,7.566224575042725
JVASP-38556,Li3Tc,0.9600852727890015,1.4346123933792114,1.007,train,6.816902995109558
JVASP-11408,SrLi4N2,2.7291617393493652,2.7127334475517273,2.655,train,5.0304388999938965
JVASP-119266,LiV3O4,1.8289257287979126,2.7482540607452393,1.868,train,5.849973917007446
JVASP-157080,Yb2LiZn,-0.9014660120010376,0.2242872714996338,-0.492,test,0.8426334857940674
JVASP-130707,RbLi8,-0.06497936695814133,-0.0285999774932861,-0.06,train,2.5868555307388306
JVASP-75542,Li2NbAs,1.081405758857727,0.3514297008514404,1.101,train,1.962444543838501
JVASP-115185,Li3B,0.6966376900672913,1.0089197556177776,0.822,train,4.639147520065308
JVASP-136698,LiGeS,0.5159724354743958,1.0445568561553955,0.319,val,1.4140658378601074
JVASP-142951,Li2Ge3O8,3.6964259147644043,5.109169840812683,3.894,val,5.4327239990234375
JVASP-144353,Li3Al2CoO6,3.0689563751220703,4.087219953536987,3.088,train,7.920276880264282
JVASP-41901,LiTm2Tc,-0.29766395688056946,0.9659838676452636,-0.286,train,3.2747764587402344
JVASP-47723,Li2V3O6,2.740302085876465,3.254225730895996,2.757,train,4.5267274379730225
JVASP-137237,Li2MnO3,5.038249969482422,3.974107503890991,4.877,val,5.658125162124634
JVASP-112910,Li7Co5O12,3.7300972938537598,4.2850594861166815,3.726,train,5.69109034538269
JVASP-122280,Li2V3SnO8,2.5892467498779297,3.5540478229522705,2.601,train,3.815129518508911
JVASP-42982,Li2Mn2FeO6,3.2507224082946777,3.3674023151397705,3.281,train,4.437615633010864
JVASP-31180,LiMnO2,3.1468594074249268,2.98571515083313,3.17,train,4.310792684555054
JVASP-136925,LiMgSb,0.7661703824996948,1.1129273176193235,0.594,val,2.613650739192962
JVASP-24425,Rb2LiVS4,2.30715274810791,1.7075579166412354,2.325,train,2.0071890354156494
JVASP-15758,Na2LiN,2.6558985710144043,2.2388980388641357,2.638,train,3.3732283115386963
JVASP-67585,LiBeFe,0.16011014580726624,0.2367579936981201,0.192,train,1.3405773639678955
JVASP-16569,Li3Pd,1.5920332670211792,1.701219479242961,1.76,train,5.204274415969849
JVASP-119033,LiLaC2N4,1.802309274673462,2.08882212638855,1.849,train,2.4490673542022705
JVASP-44917,Li2TiNi2O5,3.1135611534118652,3.5203697681427,3.08,train,4.647106885910034
JVASP-41315,LiSmTl2,0.39487573504447937,1.5430909395217896,0.404,train,4.746378540992737
JVASP-50511,Li2Ti3O7,2.8418619632720947,4.882885217666626,2.819,train,10.680297136306764
JVASP-99730,Rb2LiTmCl6,1.9737019538879395,2.0573604106903076,2.019,train,2.4084134101867676
JVASP-36289,LiF,6.7676167488098145,6.724760293960571,6.747,train,16.02878212928772
JVASP-117433,Li3Fe2NiO6,3.14750337600708,3.7220327854156494,3.174,train,5.052804231643677
JVASP-42969,LiSbP2O8,3.4214913845062256,5.203266859054565,3.451,train,5.6904895305633545
JVASP-104591,LiMg2In,-0.2398952841758728,0.560222864151001,-0.233,train,1.0754358768463137
JVASP-92227,TbLiSe2,0.4849800765514374,2.0879061222076416,0.416,train,4.05471396446228
JVASP-134717,LiGaF,1.1907464265823364,0.2528891563415527,1.097,train,1.1329739093780518
JVASP-139388,LiP2,1.0783292055130005,1.6699049472808838,0.88,val,2.4455361366271973
JVASP-52302,LiAg2F4,5.2047810554504395,4.679833889007568,5.238,train,5.2315521240234375
JVASP-91745,LiTiNCl,2.3502163887023926,2.2305753231048584,2.34,train,3.6695077419281006
JVASP-115201,LiPS,1.4074856042861938,1.6813771724700928,1.415,train,2.759082078933716
JVASP-141813,Li2VP2O8,3.4977991580963135,4.797153472900391,3.542,train,5.7071373462677
JVASP-48296,Li3V2Fe3O10,3.2219486236572266,3.807861566543579,3.233,train,5.044965982437134
JVASP-71225,LiBeTc2,-0.7553933262825012,0.4614393711090088,-0.665,train,3.001617670059204
JVASP-152510,Li3Ni2SbO6,2.9551491737365723,3.7418501377105713,3.103,test,5.658666610717773
JVASP-137746,LiVF4,3.6787004470825195,4.296277284622192,3.673,val,5.440396785736084
JVASP-129417,LiPm3,-0.3297261595726013,0.1534473896026611,-0.312,train,1.3144587278366089
JVASP-135364,LiSiS,0.671255350112915,0.7765018939971924,0.585,val,1.1949920654296875
JVASP-137761,LiFeSi2O6,3.0751140117645264,4.693674325942993,3.142,val,5.3486669063568115
JVASP-59055,LiSb3O8,3.3742504119873047,4.951348543167114,3.426,train,5.094528436660767
JVASP-155712,SrLi2Au2,2.0107505321502686,1.0905401706695557,2.533,test,2.078780472278595
JVASP-34563,Li2ZrF6,4.103602409362793,6.230744123458862,4.103,train,12.72808051109314
JVASP-144319,Li2ZnGeS4,2.2415733337402344,3.0872466564178467,2.238,val,4.469913125038147
JVASP-50976,LiTmO2,2.5307817459106445,3.475355863571167,2.569,train,7.925023794174194
JVASP-41955,LiY2Rh,0.7680717706680298,0.5091164112091064,0.76,train,1.6513681411743164
JVASP-154872,LiGaBr3,2.3444478511810303,2.8670605421066284,2.232,test,3.878461360931397
JVASP-76684,LiSc2Al,0.3544847369194031,0.7958805561065674,0.306,train,1.5985772609710691
JVASP-136363,LiSCl,2.0610086917877197,2.6576915979385376,2.026,val,3.6430481672286983
JVASP-64937,LiBeCo4,1.071456789970398,1.6408257484436035,1.052,train,3.9113574028015137
JVASP-140210,Li3MnCoO5,4.323862552642822,3.953415950139364,4.304,train,5.614035367965698
JVASP-108188,Li2MnFeO4,3.007638454437256,3.245161294937134,3.026,train,3.9249465465545654
JVASP-46863,Li3Cr3CoO8,3.2100131511688232,3.6882145404815674,3.218,train,4.521624803543091
JVASP-129232,LiIr3,0.9874804019927979,1.9774549007415771,1.03,train,5.504944562911987
JVASP-119553,LiMnP2O7,3.307978630065918,4.297498464584351,3.279,train,4.781630754470825
JVASP-10478,KLi6TaO6,3.2985949516296387,4.172044038772583,3.311,train,7.4909045696258545
JVASP-145654,Li2V3FeO8,2.7373783588409424,3.6225335597991943,2.801,test,4.009664297103882
JVASP-21968,Li3AlN2,2.568934917449951,3.0027592182159424,2.566,train,6.01716160774231
JVASP-144493,Li5MnO4,4.649028301239014,4.247164726257324,4.712,val,7.405833244323731
JVASP-139372,LiPbO,3.224043607711792,4.553601980209351,3.41,val,5.468311309814453
JVASP-31156,Li2NiF4,5.2595109939575195,5.725553631782532,5.226,train,7.301037311553955
JVASP-140567,LiNiP2O7,3.4974703788757324,5.666183710098267,3.454,val,6.406208753585815
JVASP-140561,Li3MnPCO7,3.0664350986480713,4.222080628077189,3.039,val,7.054002523422241
JVASP-111400,LiCo2CuO6,4.1389851570129395,4.4099791049957275,4.192,train,4.661862373352051
JVASP-93124,LiHfMg6,0.23535969853401184,0.718276858329773,0.198,train,1.5291216373443604
JVASP-46865,LiV2F5,2.2130234241485596,2.6253726482391357,2.201,train,3.2314178943634033
JVASP-65577,BaLiTi2,-0.5941948294639587,-0.4285531044006347,-0.677,train,-0.2224195003509521
JVASP-122014,Li4MnCo2O7,3.526926040649414,4.106033086776733,3.551,train,5.6527721881866455
JVASP-46733,Li4MnCo3P4O16,3.0577661991119385,4.147252321243286,3.09,train,5.3981616497039795
JVASP-120306,LiTlSb,-0.20685085654258728,0.3281893134117126,-0.207,train,0.790290892124176
JVASP-53440,Li2MnCl4,3.1385338306427,3.958373069763184,3.174,train,5.912988662719727
JVASP-143955,LiMnP2O7,3.4073829650878906,5.344440698623657,3.377,train,5.7961366176605225
JVASP-35972,LiSnS2,1.9847016334533691,2.2103917598724365,1.998,train,2.9909896850585938
JVASP-42733,Li3Mn5Cr2O12,2.9846019744873047,3.135591904322306,2.988,train,3.9927918910980225
JVASP-143124,Li2VO2F,4.682524681091309,4.8494627475738525,4.673,val,9.19542908668518
JVASP-48150,Li2CoSi2O6,2.927887439727783,4.713986873626709,2.909,train,5.956167936325073
JVASP-146150,Li7Mn4CoO12,3.3680508136749268,4.065447500773838,3.398,test,6.418587923049927
JVASP-48345,Li2VCrO4,2.5590262413024902,3.082707166671753,2.566,train,3.997581243515014
JVASP-35166,Li8NO3,4.2967658042907715,4.588024735450745,4.28,train,22.549638390541077
JVASP-81391,Ba2LiHg,0.4093399941921234,0.5670232772827148,0.437,train,0.5670232772827148
JVASP-43975,LiNiBO3,2.6727094650268555,4.491192102432251,2.686,train,5.4824583530426025
JVASP-46547,Li2CrO3,3.2931084632873535,4.475950479507446,3.295,train,6.129655122756958
JVASP-51376,BaLiH3,-1.7731809616088867,-0.5587606430053711,-1.692,train,0.9737319946289062
JVASP-12467,LiIO3,4.8358893394470215,4.8407487869262695,4.803,train,6.001487970352173
JVASP-99590,Na2LiAsF6,4.190028667449951,4.287470102310181,4.087,train,5.434210538864136
JVASP-43063,Li3TiNi2O6,3.2293741703033447,3.9949333667755127,3.225,train,4.6367714405059814
JVASP-92192,LiMg3O4,3.2928035259246826,3.5570743083953857,3.273,train,4.412343263626099
JVASP-122412,LiAlH4,0.8409103155136108,1.2644705772399902,0.772,train,1.659862041473389
JVASP-50250,LiSbO2,2.8121116161346436,4.217489004135132,2.78,train,6.17832350730896
JVASP-117691,LiBeTe,0.05673316866159439,0.6400879621505737,0.076,train,1.1722506284713743
JVASP-133627,Li5Si2NiO8,3.155836582183838,4.99348406791687,3.15,val,6.319554567337036
JVASP-139884,LiVOF2,3.3058297634124756,3.853952169418335,3.286,train,4.509964227676392
JVASP-144804,Li4MnCo2O7,3.509568452835083,4.183797597885132,3.494,val,6.650402307510376
JVASP-141527,Li2V3CoO8,3.1946563720703125,3.9987471103668217,3.197,val,4.708630323410034
JVASP-116848,Li2MnNi3O8,3.9650044441223145,4.25182843208313,3.953,train,4.544542551040649
JVASP-106354,Li3MnP2,1.138023853302002,1.693046808242798,1.16,train,5.544159650802612
JVASP-122376,LiFe2O4,3.0247819423675537,4.455795526504517,3.069,train,4.793334245681763
JVASP-122505,Li2Mn2FeO6,3.2385754585266113,3.589583158493042,3.261,train,4.466125726699829
JVASP-117066,LiCoPO4,3.5050320625305176,4.954388856887817,3.496,train,6.03450608253479
JVASP-99127,KLi2BO3,1.6419075727462769,4.793822526931763,1.678,train,7.669975519180298
JVASP-99807,LiLaO3,3.835615396499634,3.5952188968658447,3.88,train,6.162259340286255
JVASP-20195,Li15Ge4,0.8928237557411194,1.3556344668070477,0.911,train,3.197680711746216
JVASP-34239,Li4CO4,2.4253172874450684,3.6903529167175297,2.466,train,5.999160528182983
JVASP-145788,Li7Mn2Co3O12,3.733029842376709,4.203597715922764,3.756,test,6.3980724811553955
JVASP-109249,Na2LiBiF6,2.439587116241455,4.737511396408081,2.303,train,5.078518867492676
JVASP-109906,LiPrS2,-0.572996199131012,2.5576012134552,-0.5,train,9.305978536605837
JVASP-35212,KLiICl,1.5384269952774048,3.1944700479507446,1.541,train,6.437978744506836
JVASP-100079,K2LiEuCl6,2.1495771408081055,2.0354669094085693,2.176,train,2.428744316101074
JVASP-69964,LiBe2Sb,0.5098969340324402,0.5184803009033203,0.463,train,0.889623761177063
JVASP-121747,Li4TiMn3P4O16,2.7498281002044678,3.0045650005340576,2.765,train,3.983450174331665
JVASP-152878,RbLiCrO4,3.912834405899048,3.7910616397857666,3.938,test,4.072925806045532
JVASP-44400,Li6FeO6,5.5933332443237305,4.534486452738444,5.592,train,5.817423582077026
JVASP-140680,Li2La2Si3,0.21605095267295837,1.4801805019378662,0.244,train,2.2352700233459473
JVASP-52207,LiTiP2O7,3.1381375789642334,3.143732786178589,3.177,train,3.2575008869171143
JVASP-116854,Li3La7Fe2O16,1.6001346111297607,2.7063279946645102,1.584,train,4.1813085079193115
JVASP-17798,LiCoAs,1.4855347871780396,1.4559993743896484,1.492,train,2.791980028152466
JVASP-18831,LiIn2Ir,0.556743860244751,0.9176275730133056,0.617,train,1.3778589963912964
JVASP-47261,Li4Si2NiO7,3.136536121368408,5.1344313621521,3.123,train,5.898198366165161
JVASP-49810,Li2TiB2O6,2.7423019409179688,5.2777111530303955,2.693,train,8.232969999313354
JVASP-48258,Li6MnO6,5.641529560089111,4.867543538411458,5.682,train,6.421226263046265
JVASP-132879,Sr3LiAs2H,1.0941134691238403,0.7743813991546631,1.107,train,1.2592356204986572
JVASP-43668,LiV6O7F5,1.9248957633972168,1.5077130794525146,1.885,train,1.6661908626556396
JVASP-122403,Li3MnCoO5,4.3545756340026855,3.937458594640096,4.344,train,5.636749505996704
JVASP-105179,K3Li,-4.399357318878174,-0.1615850925445556,-3.83,train,0.4167718887329101
JVASP-44777,LiMnP2HO7,3.2435007095336914,3.603924036026001,3.255,train,4.359787702560425
JVASP-40701,Li3CoO3,4.31050443649292,4.50666085879008,4.303,train,5.554715394973755
JVASP-150745,LiNbO3,2.9088263511657715,4.8105175495147705,2.912,test,8.150781393051147
JVASP-80770,LiCd2Hg,0.16597536206245422,0.7348415851593018,0.216,train,0.7348415851593018
JVASP-139923,LiSbMo2O8,3.0221498012542725,4.104126214981079,2.795,val,4.303877115249634
JVASP-67945,Na2LiBe,0.2695263624191284,0.6142486333847046,0.318,train,1.607680082321167
JVASP-117690,LiBeTe,0.12998035550117493,0.3148562908172607,0.176,train,0.8799872398376465
JVASP-47626,Li2NbCo3O8,2.8762998580932617,4.0553672313690186,2.91,train,4.719999074935913
JVASP-106201,K2LiDyCl6,2.0775017738342285,1.933401346206665,2.094,train,2.339980125427246
JVASP-38004,Li6PS5Br,2.088541030883789,2.9812870422999063,2.161,train,5.464186429977417
JVASP-46195,LiCrBO3,2.335275173187256,3.138582944869995,2.323,train,3.5689728260040283
JVASP-152210,LiH3IN,2.694182872772217,3.180222749710083,3.456,test,3.8158843517303462
JVASP-109490,Rb2LiRuF6,4.047889709472656,3.6760058403015137,4.018,train,4.09694242477417
JVASP-18586,Li2InAg,0.6700213551521301,0.985344648361206,0.726,train,2.96512770652771
JVASP-110668,K2LiMoBr6,1.635440468788147,2.2853875160217285,1.506,train,2.8715234994888306
JVASP-138846,LiTlF4,5.893106460571289,6.664264440536499,6.682,val,7.517304658889771
JVASP-121928,Li4Ti3Nb3V2O16,2.0617589950561523,2.6773645877838135,2.109,train,3.338090181350708
JVASP-42642,LiFeOF2,4.061278820037842,5.01707911491394,4.095,train,5.802901744842529
JVASP-140516,LiPrS2O8,1.6803665161132812,2.8004891872406006,1.768,train,4.32550311088562
JVASP-150541,Rb2LiDyBr6,1.236331582069397,1.662797451019287,1.22,test,1.951175332069397
JVASP-70291,LiBe2Ru,-0.27614811062812805,0.7706863880157471,-0.264,train,2.4906680583953857
JVASP-44247,LiFe2F5,3.4710960388183594,4.66384482383728,3.45,train,5.880300998687744
JVASP-118627,LiO3,3.716588020324707,4.850953817367554,3.635,train,9.177516222000122
JVASP-44357,Li2TiFeO4,2.699188709259033,3.279353380203247,2.72,train,4.5006444454193115
JVASP-50487,LiTeHO4,3.7053558826446533,5.175132513046265,3.718,train,5.729835748672485
JVASP-133633,Li2MnO2F,3.942653179168701,4.134865045547485,3.748,val,6.268707990646362
JVASP-18606,Li2GaAu,2.0347237586975098,1.012518286705017,2.067,train,2.5251420736312866
JVASP-105623,NaLi2AlF6,1.8627586364746094,4.81110954284668,1.843,train,19.654555320739743
JVASP-110217,Li4ZnCd3,0.5831610560417175,0.8573105335235596,0.589,train,1.3598010540008545
JVASP-136910,Li2Cl,2.237067699432373,5.223513722419739,2.142,val,42.645328760147095
JVASP-111930,LiMn3OF5,2.5235986709594727,3.024390459060669,2.485,train,3.13163685798645
JVASP-39863,LiThAu2,3.293954372406006,1.1063120365142822,3.387,train,1.780146837234497
JVASP-48172,Li5Ti2Co5O12,2.989539384841919,3.7161412715911863,2.982,train,4.929580450057983
JVASP-116862,Li4CoCu3P4O16,3.2420496940612793,4.495703935623169,3.268,train,5.191889524459839
JVASP-48199,LiNiC2O6,3.408158779144287,4.251605272293091,3.403,train,4.591587781906128
JVASP-157031,LiSi2Rh,1.0333799123764038,0.963695764541626,0.037,test,1.6476223468780518
JVASP-44700,Li2Mn3SnO8,2.979976177215576,4.273831129074097,3.016,train,4.890594720840454
JVASP-102954,LiDy2Pt,-0.1301344633102417,0.0528545379638671,-0.053,train,0.5064280033111572
JVASP-45240,LiFeO3,4.288594722747803,4.977276086807251,4.291,train,5.718024492263794
JVASP-24699,RbLiCl2,3.8487205505371094,4.5101916790008545,3.783,train,8.546399354934692
JVASP-46244,Li2AlCoO4,3.2713537216186523,4.523242712020874,3.315,train,6.071429014205933
JVASP-140606,Li2Ni5O7,3.1550188064575195,3.224510669708252,3.16,train,3.661552906036377
JVASP-116891,Li2TiFe3O8,3.1601507663726807,3.8552753925323486,3.171,train,4.6422646045684814
JVASP-43954,Li2MnFeB2O6,2.3370065689086914,3.3816468715667725,2.363,train,4.113934755325317
JVASP-117286,LiMn2F6,4.0801167488098145,4.5898191928863525,4.074,train,5.130085468292236
JVASP-12744,LiH3O2,3.100802421569824,3.675972223281861,3.132,train,5.297874689102173
JVASP-44383,Li2NiP4O12,3.6076788902282715,5.353816747665405,3.549,train,5.933565378189087
JVASP-109056,LiPrAu2,2.7769980430603027,1.2694413661956787,2.812,train,2.3875848054885864
JVASP-47433,Li4Mn3OF11,4.9216742515563965,5.728476285934448,4.922,train,7.086270570755005
JVASP-99799,LiY2Hg,0.44241729378700256,0.8108720779418945,0.351,train,2.3367745876312256
JVASP-117311,Li2MnCoO4,3.201519250869751,3.390338659286499,3.202,train,4.599398851394653
JVASP-48782,Li6MnF8,5.162271022796631,5.389373779296875,5.091,train,7.668208360671997
JVASP-42631,Li2FeP2O7,3.574002265930176,5.096085786819458,3.574,train,6.351177453994751
JVASP-108758,Li2TiO3,2.9762678146362305,5.168500185012817,2.99,train,8.780293703079224
JVASP-39320,LiIn3,0.01837865263223648,0.6260143518447876,0.065,train,0.9333946704864502
JVASP-116271,LiH,2.3167848587036133,3.1987128257751465,2.303,train,8.304476499557495
JVASP-116882,LiFePO4,3.3792803287506104,4.840030908584595,3.391,train,6.427083253860474
JVASP-144065,Li2VO3F,3.886981725692749,4.743414402008057,4.002,val,6.334276914596558
JVASP-139912,Li7Mn2Co3O12,4.1986517906188965,3.927178757531302,4.219,val,5.723145246505737
JVASP-145538,Li2VC2O6,2.970724582672119,3.152064085006714,2.925,test,3.5812466144561768
JVASP-115700,LiBrN,3.003251075744629,3.514143943786621,2.967,train,4.187825620174408
JVASP-118620,LiO,3.7817487716674805,4.402174711227417,3.74,train,5.923578500747681
JVASP-110297,Li4CO4,2.3642640113830566,3.8533775806427,2.338,train,6.271718740463257
JVASP-116610,Li2Ce2Si3,0.23584988713264465,1.4319857358932495,0.264,train,2.4308347702026367
JVASP-106046,Li2MgGe,1.0427402257919312,1.0138609409332275,1.049,train,3.2276428937911987
JVASP-48079,LiCoSiO4,3.539614677429199,4.494005918502808,3.541,train,4.64695143699646
JVASP-111399,Li2VF6,4.338793754577637,4.613162398338318,4.326,train,5.998028993606567
JVASP-97788,LiCrP2O7,3.145913600921631,4.218755006790161,3.096,train,4.81980299949646
JVASP-135381,LiYS2,1.3119889497756958,3.995976686477661,1.313,val,8.884412050247192
JVASP-106393,LiFeSi2O6,2.6778311729431152,4.797654390335083,2.711,train,5.88426947593689
JVASP-121734,LiMnPO4,2.9550137519836426,3.7478415966033936,2.964,train,5.839308500289917
JVASP-141643,Li3FeSiBO7,2.7912073135375977,4.807032505671184,2.805,train,5.619461297988892
JVASP-144427,Li3Co4SbO8,2.809518337249756,3.2934601306915283,2.799,train,4.526608228683472
JVASP-139325,Li2C,1.848587155342102,2.0530475974082947,1.964,val,7.491326093673706
JVASP-48232,LiMn7O12,3.2624897956848145,3.587862730026245,3.286,train,3.762394666671753
JVASP-10200,LiUO3,3.2950685024261475,2.7131507396698,3.242,train,4.929842710494995
JVASP-108598,Na2LiScF6,2.715287208557129,3.728751420974731,2.607,train,4.653243541717529
JVASP-43762,Li3FeF6,4.822116851806641,5.795428395271301,4.842,train,7.580587983131409
JVASP-140588,Li2CrSi7O16,2.752894163131714,3.762672662734986,2.961,val,5.037498235702515
JVASP-146907,Li5NiOF5,6.368002891540527,6.440481042861938,6.216,test,13.7083820104599
JVASP-141633,LiV3O8,3.2977561950683594,2.7800800800323486,3.313,train,3.1510674953460693
JVASP-48230,Li4Cr3Co3Ni2O16,3.6570355892181396,4.178882837295532,3.647,train,4.905571222305298
JVASP-142604,LiV2OF5,3.003420114517212,3.2943241596221924,3.022,val,3.466785192489624
JVASP-34634,Li2CO3,2.6567702293395996,3.969836950302124,2.693,train,5.749474287033081
JVASP-44764,LiFe3O4,2.358616828918457,3.085655450820923,2.384,train,3.453331232070923
JVASP-46735,LiFeSiO4,3.365522861480713,4.0934741497039795,3.358,train,4.491849660873413
JVASP-135395,LiS2,1.813090443611145,2.257302761077881,1.356,val,3.6265132427215576
JVASP-70767,LiBeZn2,0.48616331815719604,0.80316162109375,0.549,train,1.609321355819702
JVASP-13178,LiCrP2O7,3.499696969985962,4.1917173862457275,3.532,train,5.164366960525513
JVASP-36756,LiAgO2,3.3428237438201904,4.56465744972229,3.367,train,5.6308228969573975
JVASP-144523,Li2MgSi,0.8231198787689209,0.9399595260620116,0.315,val,3.8581312894821167
JVASP-80347,Li2GaAg,0.7354163527488708,0.7932827472686768,0.802,train,1.5647995471954346
JVASP-81829,LiMnIr2,0.7675143480300903,1.120349645614624,0.776,train,1.3531124591827393
JVASP-98614,LiAlSiH2O5,2.6553757190704346,6.096757173538208,2.563,train,8.019950151443481
JVASP-142673,Li4TiCo5O12,3.6475868225097656,4.21785306930542,3.61,val,5.0831568241119385
JVASP-138805,LiFeF4,5.699303150177002,5.92317533493042,5.662,val,6.872263669967651
JVASP-119349,Li4MnP6O18,3.7546234130859375,5.647874236106873,3.765,train,6.512407064437866
JVASP-110443,LiPd2Au,2.9350979328155518,2.0229156017303467,3.077,train,3.032343029975891
JVASP-71400,LiCaBe2,0.7726628184318542,1.0008333921432495,0.828,train,1.9744758605957031
JVASP-133650,Li2MnCrO4,2.8966150283813477,3.578987836837769,2.905,val,5.070575475692749
JVASP-40734,Li2VFeO4,2.9477248191833496,2.677568197250366,2.95,train,3.327870607376098
JVASP-43816,LiFeF3,4.634273052215576,5.110044717788696,4.658,train,7.81495475769043
JVASP-137240,Li4V5Cr3O16,2.841142177581787,3.559452772140503,2.794,test,4.674199342727661
JVASP-44771,LiCoSbO4,3.370832920074463,4.111488580703735,3.426,train,4.353820085525513
JVASP-50760,LiAgF2,5.536262035369873,6.106859922409058,5.574,train,6.748947262763977
JVASP-150333,Li2H6Pt,2.153865098953247,3.618306159973145,1.38,test,6.711996078491211
JVASP-43423,Li2TiMn2O6,3.064408540725708,4.0756707191467285,3.036,train,5.532624959945679
JVASP-108644,LiPrZn2,0.5742875337600708,1.4565777778625488,0.634,train,3.444100499153137
JVASP-154186,Li2HN,2.673978328704834,2.7755978107452393,2.529,test,4.510886192321777
JVASP-144870,Li4V3Fe2O10,2.915309429168701,3.5984601974487305,2.812,test,4.729778051376343
JVASP-106894,LiMnOF2,3.4684500694274902,4.572779893875122,3.535,train,6.042904615402222
JVASP-8772,LiHoSe2,1.4587682485580444,1.7763752937316897,1.507,train,2.8020966053009033
JVASP-51704,Li4H6Ru,1.5194405317306519,1.8236053586006165,1.529,train,3.6884857416152954
JVASP-48086,LiCoSiO4,3.539607048034668,4.49643874168396,3.541,train,4.789834260940552
JVASP-10696,Sr2LiReN4,0.8026552796363831,1.5038416385650637,0.816,train,2.5459911823272705
JVASP-144783,Li3MnF5,5.441374778747559,5.535663366317749,5.368,val,9.175624370574951
JVASP-42676,LiCuSbO4,3.3189799785614014,4.696293354034424,3.379,train,5.276276111602783
JVASP-43001,Li2Ti3CoO8,2.9476747512817383,3.7540981769561768,2.931,train,4.341843366622925
JVASP-155433,Li2TiPbS4,1.6564404964447021,2.452855348587036,1.974,test,3.3471784591674805
JVASP-140699,Li4MnCo3O8,3.317582368850708,3.571677923202514,3.32,train,4.777160882949829
JVASP-148392,Li2Co3TeO8,3.552597999572754,3.8212950229644775,3.561,test,4.182836294174194
JVASP-48139,LiNiCO4,3.3428125381469727,4.487459897994995,3.313,train,5.2237160205841064
JVASP-130653,Li8Al,0.1278708279132843,0.1661819368600845,0.142,train,3.2764757871627808
JVASP-56624,RbLiMoO4,3.9372103214263916,3.064727544784546,3.881,train,4.163607835769653
JVASP-90585,LiMg3,0.41229599714279175,0.8788926601409912,0.438,train,3.7452566623687744
JVASP-44754,LiMnCuO4,3.6835100650787354,4.806840181350708,3.689,train,5.632158994674683
JVASP-106957,Li3Pm,0.2427036464214325,0.5682187080383301,0.26,train,3.63029682636261
JVASP-38416,Li2TmTl,0.14180251955986023,0.4664759635925293,0.157,train,1.6225959062576294
JVASP-52572,LiAgF2,5.828010082244873,6.514395356178284,5.833,train,7.208525836467743
JVASP-153859,Li6PClO5,4.506344795227051,4.452643871307373,5.036,test,7.708728075027466
JVASP-119537,Li2CrSi2O6,2.7410383224487305,3.88619327545166,2.727,train,5.983944654464722
JVASP-145618,Li2TiV3O8,2.388972520828247,2.4285600185394287,2.396,test,3.0230400562286377
JVASP-116275,LiH,2.3343539237976074,3.191375195980072,2.348,train,7.871070206165314
JVASP-50204,LiAgO2,3.2615914344787598,3.9023035764694214,3.22,train,5.081872224807739
JVASP-139909,Li4Co3O7,3.542403221130371,4.199675798416138,3.567,val,5.498432874679565
JVASP-48213,LiP2WO7,2.2757606506347656,2.603168249130249,2.175,train,3.078876256942749
JVASP-103753,LiCo2CuO6,3.8690097332000732,4.177588939666748,3.91,train,4.5067055225372314
JVASP-141046,LiFe2OF5,4.220627784729004,5.272887468338013,4.273,val,5.547420501708984
JVASP-123587,LiP3,0.875147819519043,1.8232488632202148,0.872,train,2.5415282249450684
JVASP-48628,LiMnF4,4.800522327423096,5.49973464012146,4.786,train,6.547243356704712
JVASP-140644,Li8MnO5F,5.028362274169922,4.822655260562897,4.989,train,8.868794679641724
JVASP-108966,Li2MnNiO4,3.1908793449401855,3.829792737960815,3.214,train,5.152008771896362
JVASP-121749,Li4MnF8,6.282558917999268,6.352727949619293,6.236,train,8.960289001464844
JVASP-1381,Li2Se,3.0697872638702393,3.4116146564483643,3.007,train,6.031897187232971
JVASP-88373,LiAlB14,2.9262208938598633,1.5670559406280518,2.915,train,2.4068663120269775
JVASP-50489,Li6MnS4,2.1147701740264893,3.1017929315567017,2.168,train,6.8823041915893555
JVASP-135307,Li2NbO3,3.199014902114868,3.507796049118042,3.375,val,7.508649110794067
JVASP-48312,LiMn2F6,4.6874470710754395,4.5590643882751465,4.612,train,4.9546074867248535
JVASP-111808,Li2FeP2S6,2.762333869934082,2.8273134231567383,2.668,train,3.432480573654175
JVASP-14002,LiYMo3O8,1.9598339796066284,3.539853811264038,2.058,train,5.013243913650513
JVASP-50626,Li5BiS4,1.9824515581130981,3.593201160430908,1.982,train,7.1318358182907104
JVASP-133190,Li4MnCo3O8,3.3121113777160645,3.5781056880950928,3.321,test,4.721150636672974
JVASP-146944,Li4Ni7O2F14,4.1553120613098145,4.689089477062225,4.182,test,5.275553941726685
JVASP-22864,K2Li14Zr3O14,4.471210956573486,4.237857852663312,4.515,train,7.522137403488159
JVASP-150483,Li2NbF6,3.8341379165649414,4.865862965583801,3.75,test,12.424915313720703
JVASP-22748,Li2CaHfF8,3.617832660675049,5.825561761856079,3.606,train,11.393800497055054
JVASP-111639,Li3MnCoO5,3.576890230178833,4.295619090398152,3.591,train,6.021284818649292
JVASP-108866,LiCoS2,2.546271324157715,2.6467456817626953,2.546,train,3.4386260509490967
JVASP-65685,Ba2LiZn,-0.9251507520675659,0.4247210025787353,-0.916,train,2.679898262023926
JVASP-21388,SrLiAlF6,3.181248188018799,7.615240097045898,3.094,train,12.86161184310913
JVASP-113659,LiBi2,0.35153019428253174,0.697669267654419,0.286,train,1.3622671365737915
JVASP-80141,LiScRh2,1.5407708883285522,1.4107520580291748,1.52,train,3.675731658935547
JVASP-119326,LiMnF5,4.841413974761963,5.83292818069458,4.78,train,8.129943609237671
JVASP-56314,LiZnGe,0.9318877458572388,1.3143094778060913,0.938,train,2.102051019668579
JVASP-132903,Li4Ti3Nb2Cr3O16,2.3465793132781982,3.1748015880584717,2.404,train,4.168996095657349
JVASP-47311,LiVF6,4.364833354949951,5.178762912750244,4.301,train,5.94987416267395
JVASP-80031,Li2TlPd,0.7967533469200134,1.1724557876586914,0.796,train,3.040479302406311
JVASP-42075,LiPm2Pt,0.033031441271305084,0.0126638412475585,0.082,train,0.6035306453704834
JVASP-104777,LiSnN,1.4384392499923706,1.882298231124878,1.443,train,2.530811071395874
JVASP-140999,Li6MnO2F4,5.1154561042785645,5.67345376809438,5.109,val,8.42055344581604
JVASP-118985,Li7Co5O12,3.5571324825286865,4.342105286461966,3.584,train,6.930911302566528
JVASP-136356,Li4NCl,3.263582706451416,3.649548292160034,3.239,val,10.749842762947084
JVASP-50649,Li2CuPO4,3.0633692741394043,4.630422115325928,3.101,train,6.327619791030884
JVASP-125928,Li8Dy,0.029367245733737946,0.0170367509126663,0.035,train,2.6953752040863037
JVASP-50113,Li2HfO3,2.8784470558166504,4.576314687728882,2.889,train,7.546837091445923
JVASP-90534,Li4TiS4,2.7241334915161133,3.1055039167404175,2.685,train,6.349534749984741
JVASP-21076,LiTi2O4,2.3683078289031982,3.1161038875579834,2.37,train,3.3255627155303955
JVASP-142072,Li6FeO4F2,5.048842906951904,4.716192762056987,4.994,val,6.327740430831909
JVASP-111920,Li2VNiP2O8,2.9216055870056152,3.1582634449005127,2.971,val,3.811958551406861
JVASP-80888,LiGa2Cu,-0.43145036697387695,-0.4597861766815185,-0.471,train,-0.4597861766815185
JVASP-106404,Rb2LiNbF6,3.361609697341919,2.5128047466278076,3.281,train,3.228750705718994
JVASP-143549,Li4Co3O7,3.5350773334503174,4.308867692947388,3.573,train,6.798630952835083
JVASP-48661,LiFeO3,3.521388530731201,4.252517461776733,3.505,train,4.888492822647095
JVASP-80766,Li2TlIn,-0.8730006814002991,0.8003308773040771,-0.858,train,2.028477430343628
JVASP-45320,LiInP2O7,2.9228556156158447,4.089504957199097,2.901,train,5.353068590164185
JVASP-44385,Li3CoN6O12,3.8288583755493164,3.65373969078064,3.801,train,4.562008619308472
JVASP-44354,Li4VGa3O8,3.0009827613830566,4.110906362533569,3.022,train,7.002275705337524
JVASP-121316,Li7Mn4CoO12,3.2566614151000977,3.966706105640956,3.28,train,5.359835863113403
JVASP-22973,K2Li3GaO4,1.8670822381973267,3.7536299228668217,1.808,train,5.7133872509002686
JVASP-117128,Li7Mn4CoO12,3.2451319694519043,4.019893952778408,3.27,train,6.878280878067017
JVASP-132966,Li3V3O3F5,2.8222997188568115,3.290325880050659,2.635,val,4.181281805038452
JVASP-42645,LiCo3OF5,3.325538158416748,3.671594619750977,3.35,train,3.861602783203125
JVASP-2017,LiCoO2,3.417510509490967,3.8418333530426025,3.449,train,5.063126802444458
JVASP-146762,Li4MnCo3O8,3.318924903869629,3.5806996822357178,3.325,test,4.8297789096832275
JVASP-116764,LiCo5O7F,3.5670166015625,4.251727819442749,3.514,train,4.352863550186157
JVASP-41694,Li2HoTl,0.08089039474725723,0.4906623363494873,0.08,train,1.304040253162384
JVASP-53406,Li5GeP3,1.7657335996627808,2.0334615230560305,1.768,train,3.670562028884888
JVASP-145594,Li2Mn2FeO6,3.251399517059326,3.364487886428833,3.303,test,4.5099804401397705
JVASP-43081,LiCuS,2.3510427474975586,2.689359545707702,2.357,train,3.551600456237793
JVASP-119382,LiMn2P2O10,3.5910491943359375,4.726750135421753,3.619,train,5.108906030654907
JVASP-141845,Li5Nb2Co5O12,2.402179718017578,3.298214483261108,2.418,train,4.813281297683716
JVASP-26279,LiFeAsO4,3.316920757293701,3.719898462295532,3.316,train,4.379108667373657
JVASP-102681,Sr2LiN,0.6469005346298218,0.8782169818878174,0.714,train,1.4119205474853516
JVASP-156255,Li2Ge,1.3190321922302246,1.4077011346817017,1.299,test,4.88130795955658
JVASP-137967,BaLiP,-0.2540337145328522,0.8647043704986572,-0.376,val,3.522289872169494
JVASP-44687,Li2CrCuO4,3.061492919921875,3.9915149211883545,3.093,train,5.476606130599976
JVASP-2820,KLiS,1.8303707838058472,3.1273088455200195,1.726,train,6.209894895553589
JVASP-42630,LiMnO2,2.9947361946105957,3.787251710891723,3.048,train,6.227967023849487
JVASP-116820,Li2VOF3,3.6982829570770264,4.630194544792175,3.751,train,6.948216676712036
JVASP-145977,Li2MnCrO4,2.881014108657837,3.5601627826690674,2.942,test,4.966505289077759
JVASP-109822,Li2CrO3,3.2060084342956543,4.504371404647827,3.206,train,7.536067247390747
JVASP-11743,LiV2O5,3.1322133541107178,3.364666223526001,3.12,train,3.5397207736968994
JVASP-16365,LiAl3,0.9097723960876465,1.1821086406707764,0.88,train,2.42220687866211
JVASP-36561,NaLi2As,0.20595616102218628,0.355746865272522,0.162,train,1.3945916891098022
JVASP-100728,LiHo2In,-0.45933178067207336,0.3696134090423584,-0.394,train,1.579209327697754
JVASP-99724,Rb2LiBiF6,4.418389797210693,3.903195858001709,4.415,train,4.387388467788696
JVASP-113552,LiCaN,3.3101377487182617,2.071718692779541,3.21,train,2.7423717975616455
JVASP-97427,K5LiGe2O7,1.0152745246887207,2.5377795696258545,1.042,train,2.6462481021881104
JVASP-146100,Li5CoO4,4.748093128204346,4.549624443054199,4.782,test,8.066416501998901
JVASP-22657,LiMgBi,1.3587528467178345,1.229359209537506,1.354,train,2.374248504638672
JVASP-39319,LiHo3,-0.6535077095031738,0.1143107414245605,-0.716,train,0.9957518577575684
JVASP-16773,LiSbAu,2.8272719383239746,1.2987971305847168,2.877,train,2.4028666019439697
JVASP-149170,LiSn,0.5408291220664978,1.086695671081543,0.721,test,2.224526047706604
JVASP-145960,Li8MnO6,4.433091640472412,4.428804695606232,4.721,test,6.426108360290527
JVASP-56743,Li4Ca3Si2N6,1.1509770154953003,2.049078583717346,1.137,train,3.395522356033325
JVASP-116857,LiNiPO4,3.419306516647339,4.7718822956085205,3.431,train,5.916823625564575
JVASP-21570,YbLiAlF6,2.4947075843811035,7.924689292907715,2.384,train,13.838348627090454
JVASP-152925,Li6VCl8,3.280980110168457,3.637548625469208,3.273,test,8.520179986953735
JVASP-1789,LiRhO2,3.309966564178467,3.650009870529175,3.338,train,4.87114405632019
JVASP-27487,Sr3LiRuO6,2.2198848724365234,2.3167946338653564,2.196,train,2.4898550510406494
JVASP-136366,LiSnCl,1.0423697233200073,0.7965977191925049,0.786,val,1.3823764324188232
JVASP-116500,Li3Mn2CoO6,3.101980686187744,3.745332956314087,3.114,train,5.13051438331604
JVASP-130690,Li8Mo,0.09366578608751297,0.0127747654914855,0.117,train,5.2588441371917725
JVASP-48218,Li3Ti2V2O8,2.484499931335449,2.9782679080963135,2.51,train,4.019052743911743
JVASP-86193,Sr2LiCoN2,-0.22959885001182556,1.7226283550262451,-0.157,train,2.14182186126709
JVASP-106888,Li2MnF4,7.008729457855225,6.719578266143799,7.025,train,7.014660120010376
JVASP-13059,LiAuS,2.28183913230896,2.6815147399902344,2.276,train,3.682005882263184
JVASP-14090,Li2CeSb2,0.5415204167366028,0.8733010292053223,0.572,train,2.492213249206543
JVASP-130677,Li8H,0.3245339095592499,0.4248228147625923,0.346,train,3.356428861618042
JVASP-144856,LiV3Zn2O8,2.3581292629241943,3.220891237258911,2.38,test,3.53208327293396
JVASP-43476,LiNbCuO4,2.686221122741699,4.1290504932403564,2.685,train,4.618457078933716
JVASP-41956,LiY2Ru,0.35316523909568787,0.9827005863189696,0.406,train,3.293104410171509
JVASP-122506,LiNiAsO4,3.478532552719116,4.201618909835815,3.468,train,5.156773090362549
JVASP-44740,Li3FeOF4,4.9169087409973145,5.667811155319214,4.957,train,7.48148512840271
JVASP-116130,LiPH,-0.11656396836042404,-0.1046042442321777,-0.067,train,1.0182461738586426
JVASP-50761,LiSi2BiO6,2.8942201137542725,4.271898031234741,2.902,train,6.177472829818726
JVASP-143548,Li4MnCo3O8,3.312420606613159,3.619330644607544,3.321,train,4.8616554737091064
JVASP-67774,Li4ZrBe,0.901328444480896,0.9005410671234131,0.823,train,9.054270029067991
JVASP-113963,LiBN,2.457533359527588,0.8035149574279785,2.323,train,1.908653974533081
JVASP-144541,Li4MnCo2O7,3.5533690452575684,4.148922443389893,3.574,val,5.75564980506897
JVASP-96935,RbLi7Si2O8,2.827265739440918,4.625821011407035,2.803,train,6.048166990280151
JVASP-113761,LiZn2Ag,1.2574679851531982,0.9674792289733888,1.279,train,1.392961025238037
JVASP-144227,Li3Mn2Si2O8,2.984768867492676,4.532487154006958,3.007,train,6.168479204177856
JVASP-100879,K2LiAuF6,6.383554935455322,5.1030354499816895,6.115,train,5.432661533355713
JVASP-155645,LiSi2Pd2,0.8673095703125,1.4526875019073486,0.435,test,2.4343619346618652
JVASP-48246,Li4Fe2SiO7,3.0733890533447266,3.8711907863616943,3.098,train,6.884195566177368
JVASP-142431,LiGaBH3O5,2.7076869010925293,5.5942137241363525,2.719,train,7.5073792934417725
JVASP-146096,Li5TiV3O8,2.24117374420166,2.3872506618499756,2.246,test,3.4427778720855713
JVASP-42952,Li4Co3TeO8,3.076364040374756,3.73865008354187,3.046,train,4.926336050033569
JVASP-146120,Li5Cu5Ni2O12,3.3863773345947266,4.311460828781128,3.4,test,5.690736532211304
JVASP-121925,LiV4OF11,2.7786686420440674,2.798292398452759,2.759,train,3.3066937923431396
JVASP-112846,Li4FeNi3P4O16,3.3153529167175293,4.305583715438843,3.329,train,5.816541433334351
JVASP-48221,LiFeO3,4.347189903259277,5.111052751541138,4.372,train,5.8774254322052
JVASP-118463,NaLiH,0.09499651938676834,0.8258376717567444,0.08,train,1.2208099365234375
JVASP-138816,LiNbF4,3.507063388824463,2.514238119125366,3.249,val,2.8132083415985107
JVASP-121186,LiS2,1.6473897695541382,1.7354941368103027,1.617,train,1.9580647945404053
JVASP-70842,LiSc2Be,0.4491097927093506,0.7386510372161865,0.477,train,3.6907806396484375
JVASP-116821,Li3Mn3O3F5,3.4183764457702637,4.309400796890259,3.451,train,6.210636377334595
JVASP-129362,LiNb,1.0119047164916992,1.1055705547332764,1.076,train,15.057477235794067
JVASP-77001,Ba2LiHg,-0.614311158657074,0.1269176006317138,-0.589,train,0.4091299772262573
JVASP-116241,Li2As,1.2295037508010864,1.3112670183181765,1.259,train,3.562190055847168
JVASP-48043,Li2Mn3SbO8,2.931723117828369,3.569689989089966,2.951,train,5.450242280960083
JVASP-44256,Li3FeO4,4.486541271209717,4.460929234822591,4.519,train,5.511194467544556
JVASP-119330,Li2Ti4VO8,1.8951562643051147,2.5285568237304688,1.916,train,3.0250909328460693
JVASP-141439,Li5Cr3P4O16,3.159212112426758,4.68041844367981,3.16,train,6.728851079940796
JVASP-79083,LiMg2Pd,-0.00038730353116989136,0.8577758073806763,0.065,train,2.3798088431358337
JVASP-115864,LiICl,2.626561164855957,5.445331454277039,2.76,train,20.50063419342041
JVASP-52528,LiSbO3,3.540344476699829,4.534038305282593,3.587,train,5.752514123916626
JVASP-133704,LiV2CrO6,3.0222392082214355,3.940682172775269,3.036,test,4.249295949935913
JVASP-141921,Li4MnCo2O7,3.5775387287139893,4.150016784667969,3.577,train,6.026222467422485
JVASP-118522,LiHfO,3.5676488876342773,0.0305671691894531,3.45,train,0.6379917860031128
JVASP-145583,Li2MnSi2O6,2.7349750995635986,4.235060930252075,2.733,test,6.265314817428589
JVASP-154773,Li4H5Rh,1.6410084962844849,2.212480306625366,1.727,test,6.290192365646362
JVASP-150056,LiMnO2,2.8866381645202637,3.5518767833709717,2.584,test,4.450530290603638
JVASP-85753,NaLiCO3,2.3811419010162354,2.775205373764038,2.329,train,3.3354952335357666
JVASP-139306,LiBr2,3.407662868499756,3.340181827545166,3.476,val,3.779419422149658
JVASP-46864,Li3CoNi3O8,3.566164016723633,3.851092576980591,3.571,train,4.214673042297363
JVASP-44070,Li3FeO2F2,5.0501604080200195,4.873644987742106,4.994,train,7.194203615188599
JVASP-141692,Li7Mn2Co3O12,3.5564684867858887,4.2093677180153986,3.563,val,5.418218374252319
JVASP-38577,Li3Ag,1.284471869468689,0.8142399787902832,1.27,train,2.15112566947937
JVASP-146974,Li4Mn3O7,3.1393277645111084,3.7336575984954834,3.173,test,5.527661085128784
JVASP-145604,Li2CoCuO4,3.4988884925842285,4.075767993927002,3.475,test,5.085183620452881
JVASP-82096,LiZnCd2,0.6499699354171753,0.66111159324646,0.704,train,0.7495439052581787
JVASP-78748,NaLiTe,1.0617426633834839,1.6371681690216064,1.062,train,2.627302050590515
JVASP-41265,LiPaRu2,1.6043009757995605,2.2264468669891357,1.597,train,7.243136644363403
JVASP-145576,LiV2O3F,2.6228890419006348,3.634172201156616,2.696,test,4.232667684555054
JVASP-122343,LiVF4,3.7067031860351562,4.209036350250244,3.648,train,5.344719886779785
JVASP-115697,LiMgBr,0.1071116104722023,0.2533186674118042,0.132,train,1.0602500438690186
JVASP-104825,LiMnF4,5.365005970001221,5.1587371826171875,5.308,train,5.908256769180298
JVASP-96785,BaLiAlF6,3.3200745582580566,6.377140760421753,3.352,train,13.495895385742188
JVASP-110109,Li2ZnPb,0.3868308365345001,0.8126735687255859,0.424,train,2.5331058502197266
JVASP-50458,Li2V2S5,2.6771440505981445,2.525636911392212,2.662,train,3.167264223098755
JVASP-50018,Li3Cu3P2O8,2.9902210235595703,4.044311920801799,3.025,train,4.865529775619507
JVASP-140215,Li4MnCo2O7,3.4079065322875977,4.150460958480835,3.415,train,5.759600877761841
JVASP-106472,Li2CrNiO4,3.209929943084717,3.931360483169556,3.23,train,4.751201868057251
JVASP-46820,Li5SbS,1.7231701612472534,2.24358868598938,1.784,train,4.188633561134338
JVASP-93192,KLiMg6,0.46069803833961487,0.2200133800506591,0.447,train,0.553912878036499
JVASP-44698,Li2FeNiO4,3.235687255859375,3.786856889724731,3.256,train,4.75298810005188
JVASP-38791,LiLu2Ru,-0.09923943132162094,0.4507904052734375,-0.011,train,2.6218435764312744
JVASP-16156,LiAg2Ge,1.130826711654663,1.2170231342315674,1.138,train,1.868216037750244
JVASP-118610,LiZrO3,4.026468276977539,2.2385594844818115,4.073,train,4.744769811630249
JVASP-48433,Li3CoO2F,4.009192943572998,4.409578561782837,4.053,train,7.315970659255981
JVASP-136362,Li4PCl,2.569150447845459,2.9783999919891357,2.889,val,8.403167486190796
JVASP-112769,Li2Fe2P4H3O16,3.3416900634765625,6.116689682006836,3.358,train,6.821154356002808
JVASP-43169,Li2CoSnO4,2.9100558757781982,3.7829551696777344,2.98,train,5.705531120300293
JVASP-17437,LiB,1.6108484268188477,2.2603161334991455,1.633,train,6.366908311843872
JVASP-145948,Li3FeSiO5,3.019918203353882,4.155025084813436,3.046,test,6.629148244857788
JVASP-47749,Li2CrSi2O6,2.7335424423217773,3.8842873573303223,2.728,train,6.153683423995972
JVASP-120749,Li2VO2F2,3.7897157669067383,4.7751076221466064,3.811,train,7.318707704544067
JVASP-107460,LiPm2Pb,-1.0507404804229736,0.2016111612319946,-1.084,train,0.6078270673751831
JVASP-97520,Li5H9Pt2,2.104710102081299,2.454327869415283,2.053,train,5.335149049758911
JVASP-47822,LiFeSiO4,3.106907844543457,4.225672960281372,3.105,train,4.869126558303833
JVASP-42975,Li4Mn3FeB4O12,2.2885079383850098,3.2214882373809814,2.298,train,4.004627466201782
JVASP-22540,LiMgP,1.834262728691101,1.7864713668823242,1.86,train,6.047780513763428
JVASP-44396,LiNbFeO4,2.4927854537963867,3.0096776485443115,2.509,train,3.699903726577759
JVASP-117263,Li3MoP2O9,3.267739772796631,4.971750497817993,3.252,train,6.274170637130737
JVASP-118598,LiAlO,0.9202466011047363,0.7397072315216064,0.944,train,3.37182354927063
JVASP-50690,LiCu2F6,4.986962795257568,5.738881468772888,4.996,train,6.382475972175598
JVASP-40056,Li2NdAl,-0.07810886949300766,0.7269601821899414,-0.033,train,2.523427963256836
JVASP-146590,Li3Mn4CoO8,2.782161235809326,3.0265696048736572,2.767,test,3.571298837661743
JVASP-48309,Li2Ni3TeO8,3.360837936401367,3.848512887954712,3.367,train,4.116513013839722
JVASP-38498,Li3Mg,0.35578468441963196,0.3641282717386881,0.37,train,2.1619250774383545
JVASP-109230,K2LiBiBr6,0.8523813486099243,2.7698035836219788,0.72,train,3.019485116004944
JVASP-124946,LiAc3,-1.3486250638961792,0.2345778942108154,0.632,val,1.688859224319458
JVASP-14027,LiBH,0.3952343761920929,1.1818907260894775,0.42,train,2.8891451358795166
JVASP-45849,LiCoPO4,3.450486660003662,4.058631181716919,3.451,train,4.638203859329224
JVASP-107864,Rb2LiTaBr6,1.9963947534561157,1.505406618118286,2.062,train,1.998501539230347
JVASP-100867,LiCuS,1.5745643377304077,2.1222012042999268,1.602,train,3.4320666790008545
JVASP-142605,Li4Si2NiO7,3.138929843902588,5.128164291381836,3.123,val,6.0208580493927
JVASP-35942,LiO2,3.422956943511963,3.7534821033477783,3.362,train,7.0628578662872314
JVASP-97659,LiB13C2,5.581457614898682,2.701920747756958,5.344,train,5.052286386489868
JVASP-43512,LiVF4,3.8529701232910156,4.038094758987427,3.834,train,4.316566467285156
JVASP-106785,Li2InSi,0.12344909459352493,0.7938240766525269,0.143,train,2.641547441482544
JVASP-47093,Li3V3O5F3,2.774488687515259,3.995307683944702,2.77,train,5.408052682876587
JVASP-69027,BaLiSe4,-0.6325581669807434,0.7989457845687866,-0.53,train,2.0036792755126953
JVASP-120288,LiNbSe2,1.9207162857055664,1.8871047496795657,1.916,train,2.37343430519104
JVASP-69103,BaSr2Li,0.22452720999717712,0.6065285205841064,0.223,train,1.2311632633209229
JVASP-96876,LiH2NO3,3.4320242404937744,4.200053930282593,3.375,train,5.49497389793396
JVASP-135379,LiYS,0.4536871016025543,0.5724320411682129,0.594,val,0.9755325317382812
JVASP-149917,Li2BiAu,1.5279418230056763,1.343347668647766,0.402,test,1.8960950374603271
JVASP-155769,SrLi2Hg2,1.1237391233444214,0.606128990650177,0.956,test,1.377795934677124
JVASP-43106,LiFeOF,3.2057905197143555,4.023857593536377,3.193,train,6.058563947677612
JVASP-110337,NaLi2RhF6,3.6015167236328125,3.397050619125366,3.489,train,4.61954402923584
JVASP-94274,LiNiO2,3.563035726547241,3.9073486328125,3.543,train,5.558369874954224
JVASP-113238,Li3VOF5,4.8211445808410645,4.871181090672811,4.803,train,6.616277694702148
JVASP-44509,Li2FeSnP2O8,3.1361913681030273,3.718012571334839,3.14,train,4.169366121292114
JVASP-121758,Li6V2O5F2,3.945972442626953,3.668070554733277,3.876,train,5.177325963973999
JVASP-92463,Li2BiS2,2.2427978515625,2.9574599862098694,2.2,train,4.126034736633301
JVASP-136919,LiCl2,5.130075931549072,4.336889386177063,4.356,val,5.617200553417206
JVASP-47526,LiMnPO4,3.1736230850219727,3.8183257579803462,3.219,train,5.010469198226929
JVASP-64094,Ba4LiRu,-2.0750656127929688,0.62926185131073,-1.943,train,2.6175713539123535
JVASP-106784,LiCo2O3,3.089312791824341,2.964495897293091,3.102,train,3.248744249343872
JVASP-12712,LiVPO4F,3.2347559928894043,3.0881154537200928,3.259,train,3.29296612739563
JVASP-31192,LiTiO2,2.3353679180145264,1.8451635837554932,2.379,train,1.9973609447479248
JVASP-65526,BaLi2La,1.0519709587097168,0.3814984560012817,1.074,train,2.4959828853607178
JVASP-43079,LiCuS,1.5199531316757202,2.124967575073242,1.583,train,3.398032784461975
JVASP-122276,Li2VCrO4,2.6917569637298584,2.664693593978882,2.702,train,4.635909795761108
JVASP-107670,YbLi3,-0.44154492020606995,0.1798559029897054,-0.399,train,1.5700364112854004
JVASP-143976,Li2CrCuP2O8,2.9690797328948975,3.7692983150482178,3.002,train,4.67561411857605
JVASP-139382,Li2P,1.618971824645996,1.827356219291687,1.632,val,2.9910879135131836
JVASP-72191,LiHf2Be,-0.13164234161376953,-0.5724337100982666,-0.168,train,-0.197953462600708
JVASP-78496,Li2N,3.838268280029297,4.017622649669647,3.808,train,21.892508387565613
JVASP-144433,Li3V2O4F2,5.045202732086182,5.418869733810425,5.023,train,8.891535520553589
JVASP-40587,LiCdAu2,1.3202077150344849,1.7115232944488523,1.349,train,2.903170943260193
JVASP-145663,LiFeBO3,2.3337881565093994,3.7388532161712646,2.377,test,4.704160928726196
JVASP-150513,LiNbO3,2.907541275024414,4.797015428543091,2.912,test,8.063931226730347
JVASP-145967,Li3Fe4O8,3.1509900093078613,4.101325273513794,3.234,test,4.652004957199097
JVASP-48903,Li5MnCr3O8,2.54622483253479,2.4795963764190674,2.56,train,4.329450368881226
JVASP-141523,Li2MnCoO4,3.181990623474121,3.367021322250366,3.203,val,4.519192934036255
JVASP-99278,LiCu2O2,3.216150999069214,4.2153565883636475,3.247,train,5.269799709320068
JVASP-40325,LiGa2Ni,0.5973321199417114,0.7674391865730286,0.611,train,1.3724191188812256
JVASP-59266,LiHS,2.360240936279297,2.9389519691467285,2.331,train,4.085149049758911
JVASP-93161,LiMg6Ga,0.13690727949142456,0.6594743728637695,0.156,train,1.204811453819275
JVASP-62652,Li2B2S5,1.9504024982452393,2.8074347972869873,1.948,train,3.885568618774414
JVASP-48572,Li2Mn2F7,4.2028889656066895,5.645518660545349,4.199,train,6.977564096450806
JVASP-45862,Li3Co3NiO8,3.61570143699646,3.8828418254852295,3.639,train,4.747353792190552
JVASP-119424,Li5Ti2Fe3O10,2.7666921615600586,3.7452661991119385,2.786,train,5.713916063308716
JVASP-18764,LiAl2Pd,0.44495341181755066,0.6578242778778076,0.462,train,1.8954484462738037
JVASP-43300,Li2Ti3FeO8,2.8444948196411133,3.3842809200286865,2.842,train,3.8568999767303462
JVASP-1855,LiCrO2,2.6755738258361816,3.253751039505005,2.747,train,4.7069103717803955
JVASP-38878,LiPr2Os,0.043431587517261505,0.4295752048492431,0.126,train,1.0900115966796875
JVASP-146152,LiMnF4,5.364537239074707,5.165868043899536,5.308,test,6.596020460128784
JVASP-100086,K2LiRuF6,4.030429363250732,3.979532480239868,3.991,train,4.18499493598938
JVASP-47758,LiMn3O6,3.284590244293213,3.5411860942840576,3.276,train,3.7365353107452393
JVASP-116856,Li2MnVO4,2.778106689453125,3.0899112224578857,2.776,train,4.05021071434021
JVASP-23378,LiCa2Si3,0.7858619093894958,0.6341049671173096,0.749,train,0.808297872543335
JVASP-40475,Li5Si2BiO8,3.017690658569336,4.945164728164673,2.978,train,7.058039426803589
JVASP-117284,Li3FeCo4O8,3.135965347290039,3.461918910344442,3.144,train,4.6594507694244385
JVASP-93158,LiMg6Cr,0.36281847953796387,0.6084527969360352,0.386,train,0.903014063835144
JVASP-39795,Li2YTl,0.9048572182655334,0.5887112617492676,0.84,train,2.282523989677429
JVASP-145676,LiYMo2O8,3.14202880859375,3.2597687244415283,2.632,test,3.48600172996521
JVASP-113207,Li3Cr2CoO6,3.069244623184204,3.736881971359253,3.081,train,5.349944829940796
JVASP-96762,Li3AsS3,2.628918409347534,2.889596859614054,2.631,train,3.9261770248413086
JVASP-64010,Ba4LiMo,-2.6441032886505127,0.278639554977417,-2.648,train,2.654782295227051
JVASP-117419,LiCr2P2O8,3.1988630294799805,4.419557332992554,3.175,train,5.089777708053589
JVASP-10212,LiNO3,2.7565135955810547,5.256316900253296,2.789,train,9.68301558494568
JVASP-134093,LiBeP,1.0289264917373657,1.4104831218719482,1.04,train,2.546609401702881
JVASP-147116,LiCoSiO4,3.5671281814575195,4.513693571090698,3.543,test,4.799907445907593
JVASP-48878,Li7NiO4F2,4.773837566375732,4.929198503494263,4.762,train,7.231689691543579
JVASP-80982,LiAl2Ru,0.55482017993927,1.1924982070922852,0.571,train,1.8402631282806396
JVASP-43007,Li2MnO2,3.054365634918213,3.4344794750213623,3.067,train,5.737419366836548
JVASP-64046,Ba4LiRh,-2.0275321006774902,0.5179687738418579,-1.9,train,4.625560879707336
JVASP-44051,Li2MnF4,5.217739105224609,5.4547343254089355,5.16,train,9.170001983642578
JVASP-47242,Li2VOF3,3.634105682373047,4.403022527694702,3.67,train,6.272211313247681
JVASP-42740,Li3CrO4,4.896398544311523,3.608188390731811,4.833,train,5.486615896224976
JVASP-69001,BaNaLi2,0.13933590054512024,0.0140519142150878,0.256,train,1.7390060424804688
JVASP-100935,LiMnP,0.9974304437637329,1.514878511428833,1.001,train,2.348907232284546
JVASP-129011,LiFe,0.20475006103515625,0.4079220294952392,0.273,train,2.901310682296753
JVASP-16038,LiNi2P2,1.5583961009979248,1.296107053756714,1.511,train,1.5522453784942627
JVASP-125697,LiPa3,-1.6436997652053833,0.5830667018890381,-1.714,train,2.019545793533325
JVASP-103083,KBaLiZnF6,2.675050735473633,3.711773157119751,2.583,train,4.211538314819336
JVASP-121766,LiMnF4,4.441686630249023,5.862666130065918,4.473,train,7.065895080566406
JVASP-136359,LiClO,3.4031715393066406,3.7265008687973022,2.889,val,5.208483994007111
JVASP-80582,LiY2Tc,2.1042139530181885,1.7043859958648682,2.26,train,1.7043859958648682
JVASP-71192,LiBeSe2,1.6122339963912964,2.529512047767639,1.626,train,3.0577971935272217
JVASP-133651,Li2Ni3BiO8,3.756225347518921,4.379265785217285,3.76,val,4.818705797195435
JVASP-120591,Li3Fe3O8,3.9228103160858154,4.777508974075317,3.96,train,5.421833276748657
JVASP-116929,Li3MnCoO5,3.5901944637298584,4.245226939519246,3.598,train,5.606727838516235
JVASP-120616,YbLiW2O8,2.2468740940093994,4.977635145187378,2.285,train,5.220754861831665
JVASP-140939,Li2TiV3O8,2.8350343704223633,3.8076913356781006,2.847,train,4.2349841594696045
JVASP-140640,Li5VCr3O8,2.336610794067383,2.619292688369751,2.383,train,5.327555418014526
JVASP-46848,Li2Fe2C3O9,2.9363951683044434,3.162487745285034,2.931,train,3.612571954727173
JVASP-64966,LiBeFe4,1.069740891456604,1.0970313549041748,1.094,train,2.51781964302063
JVASP-139804,Li4Mn3FeB4O12,2.2755675315856934,3.2077653408050537,2.306,train,3.998676061630249
JVASP-145673,LiFeSiO4,3.326241970062256,3.952510118484497,3.178,test,4.469207525253296
JVASP-143954,LiFePO4F,3.7962417602539062,4.247764825820923,3.824,train,5.30700421333313
JVASP-50349,LiTi4O8,2.4583663940429688,2.3154265880584717,2.48,train,2.518501043319702
JVASP-38550,Li3Pr,0.13575735688209534,0.5569063027699789,0.15,train,4.0233816504478455
JVASP-155457,SrLi2GeS4,2.086101770401001,2.221913576126098,1.712,test,2.83508825302124
JVASP-44433,Li5WNO4,3.304271697998047,4.00971417427063,3.238,train,7.1922447681427
JVASP-75486,NaLiAs,2.210886001586914,1.501174807548523,2.196,train,2.197551131248474
JVASP-75493,LiSnAs,0.31961527466773987,0.8970797061920166,0.268,train,1.0509283542633057
JVASP-106257,Li3Au,1.1337052583694458,1.6841052373250325,1.266,train,11.125878095626833
JVASP-11785,LiMnBO3,2.390596628189087,4.010639429092407,2.408,train,5.244328737258911
JVASP-40252,LiEr2Tc,-0.22669658064842224,0.8133416175842285,-0.189,train,2.7274410724639893
JVASP-40729,Li3Al2CrO6,2.761796474456787,3.556485891342163,2.788,train,5.566667795181274
JVASP-85904,Li2ZrN2,1.7781627178192139,3.1685972213745117,1.758,train,10.63240885734558
JVASP-144451,Li4MnCo2O7,3.531135320663452,4.217063903808594,3.524,train,5.532437562942505
JVASP-111655,Li7Mn2Co3O12,3.562180995941162,4.220455680574689,3.577,train,6.286424398422241
JVASP-47023,LiV2OF5,3.281055212020874,3.3866970539093018,3.246,train,3.608318567276001
JVASP-112774,Li2CrPO4F,3.0873923301696777,3.886296272277832,3.098,train,6.5221898555755615
JVASP-49832,LiNiP,1.6173079013824463,1.422856092453003,1.592,train,2.3616631031036377
JVASP-46142,Li2Mn3NiO8,3.6917295455932617,4.202050447463989,3.701,train,4.466922998428345
JVASP-113259,Li3Ni2OF5,4.170082092285156,5.004664897918701,4.145,train,6.575853586196899
JVASP-12773,Li6Br3N,3.4566383361816406,3.892745971679687,3.41,train,14.907360196113586
JVASP-117063,Li2MnV3O8,3.085144281387329,3.83393931388855,3.078,train,4.24419093132019
JVASP-118525,LiHf2O3,-0.6506186723709106,0.1095478534698486,-0.599,train,1.080442190170288
JVASP-79308,LiSbS2,2.179853677749634,3.1059091091156006,2.158,train,5.296167612075806
JVASP-115211,SrLiP,0.24001973867416382,0.6214662790298462,0.289,train,1.2710312604904177
JVASP-122536,Li4Mn5Fe3O16,3.3132786750793457,3.8470399379730225,3.325,train,5.03663182258606
JVASP-18612,Li2InAu,1.6717523336410522,0.9899871349334716,1.781,train,3.1873685717582703
JVASP-154368,LiLaGe2,0.3243216276168823,0.929445743560791,0.303,test,1.4903514385223389
JVASP-43132,Li2Mn2CrO6,3.293347120285034,3.2293097972869873,3.324,train,4.383614778518677
JVASP-44784,LiMnF4,4.6666340827941895,4.994526624679565,4.679,train,6.423883438110352
JVASP-92243,LiNiS2,2.7130002975463867,2.239096403121948,2.692,train,2.5315968990325928
JVASP-68421,LiBePb2,0.6790591478347778,0.5078946352005005,0.646,train,0.6733735203742981
JVASP-3153,LiZnPS4,3.1132702827453613,2.8557589054107666,3.14,train,3.0684852600097656
JVASP-39934,LiNdTl2,0.4686819314956665,1.546299934387207,0.472,train,3.173886299133301
JVASP-140542,LiAlVO4,3.109767436981201,3.815922498703003,3.152,val,4.220310926437378
JVASP-42308,Li2Co4O7F,3.7545933723449707,4.558562994003296,3.765,train,5.199697732925415
JVASP-9426,LiTaO3,2.6240439414978027,4.385033845901489,2.66,train,8.141919374465942
JVASP-17331,LiNdGe,-0.22881615161895752,1.4374675750732422,-0.16,train,2.579587459564209
JVASP-52514,LiAgF2,5.802867889404297,6.355016648769379,5.843,train,6.750397682189941
JVASP-19074,Li5ReN4,3.801159143447876,2.5787322521209717,3.738,train,4.173489332199097
JVASP-144178,LiCoAsO4,3.119095802307129,4.445080518722534,3.129,train,5.283046007156372
JVASP-107321,Li2AlGa,0.8533936142921448,0.9840033650398254,0.89,train,2.417765200138092
JVASP-86482,LiPr2Ge6,0.780398964881897,0.7981357574462891,0.819,train,1.047817945480347
JVASP-42654,Li4TiTe3O12,3.8201682567596436,4.2326085567474365,3.809,train,5.006577730178833
JVASP-145965,Li4Co3Ni3Sb2O16,3.3904519081115723,4.299440622329712,3.372,test,5.543070554733276
JVASP-102284,LiDy2Tl,-0.7877624034881592,0.3002357482910156,-0.753,train,0.7846288681030273
JVASP-146573,LiMn2P2O8,3.181248903274536,3.4340221881866455,3.291,test,3.5338470935821533
JVASP-41793,LiTaRh2,0.8716782927513123,1.6579463481903076,0.885,train,6.090835809707642
JVASP-41723,LiTePd2,2.4975266456604004,1.5510644912719729,2.525,train,2.1572513580322266
JVASP-50804,LiAgF2,4.464771747589111,5.323654770851135,4.474,train,6.848868370056152
JVASP-133117,Li5GeAs3,2.0070641040802,1.874913549423218,2.024,train,3.973881244659424
JVASP-142154,Li7Mn2Co3O12,3.5648412704467773,4.2202272074563165,3.586,train,5.752989053726196
JVASP-138808,LiFeF4,5.2356109619140625,5.658798933029175,5.052,val,6.354475975036621
JVASP-100729,LiLaAu2,2.6810555458068848,1.1887688636779783,2.799,train,1.7253072261810305
JVASP-134121,LiAgF2,5.821261882781982,6.4586604833602905,5.832,train,7.051462531089783
JVASP-17288,LiYSi,0.6552819609642029,1.422804832458496,0.651,train,2.5789129734039307
JVASP-18019,YbLiPb,-0.4897078573703766,0.7830860614776611,-0.5,train,1.2257450819015503
JVASP-144294,LiB11,0.47093743085861206,2.0485599040985107,-0.118,val,3.6213419437408447
JVASP-138841,SrLi2F,2.691986560821533,2.960610866546631,2.471,val,8.457918882369995
JVASP-43211,LiMnO2,3.027804374694824,4.068825960159302,3.025,train,5.820846319198608
JVASP-78686,LiRh,1.679205060005188,1.3912692070007324,1.645,train,3.845913171768189
JVASP-57137,K3LiIrO4,1.9879685640335083,3.04475474357605,1.989,train,3.372690916061402
JVASP-103079,LiDySe2,1.3231018781661987,2.4870643615722656,1.363,train,5.193490266799927
JVASP-134185,NaLiBi,0.6415289640426636,1.2338429689407349,0.258,val,4.247314393520355
JVASP-44478,Li2Mn3SnO8,2.9998135566711426,3.433030843734741,2.991,train,4.124084234237671
JVASP-144262,Li4Nb3V3Ni2O16,2.551572561264038,3.3939297199249268,2.506,val,4.2870705127716064
JVASP-126236,NaLi,0.24496904015541077,0.1027529239654541,0.162,train,1.7743347883224487
JVASP-90588,LiMg3,0.2630590498447418,0.4072086811065674,0.264,train,0.9213390350341796
JVASP-71814,LiBeCu2,0.7349236011505127,0.7125070095062256,0.725,train,1.5367649793624878
JVASP-125126,LiB11,-0.7226128578186035,0.9801862239837646,-0.758,train,1.2334201335906982
JVASP-45965,Li8SbS6,2.2344300746917725,2.91890811920166,2.269,train,4.262813329696655
JVASP-120745,LiCoPO4,3.3919787406921387,4.541971445083618,3.394,train,5.293200731277466
JVASP-42269,LiFeF3,4.249186992645264,5.174147844314575,4.251,train,5.871567010879517
JVASP-108829,LiV2O4,2.86040997505188,3.2932631969451904,2.874,train,3.637127637863159
JVASP-146331,Li7Mn5O12,3.1846837997436523,3.815205267497471,3.21,test,5.679424524307251
JVASP-22546,LiMgN,1.4175370931625366,2.136138677597046,1.413,train,3.728330612182617
JVASP-119981,LiBeSb,0.3384460508823395,0.6036121845245361,0.326,train,1.0961050987243652
JVASP-121704,K2LiVO4,1.6526169776916504,2.3117692470550537,1.587,train,2.98974347114563
JVASP-39668,Li2TlAg,0.4392766058444977,0.9471039772033693,0.378,train,1.731912612915039
JVASP-50193,LiYS2,1.3118103742599487,3.701524019241333,1.312,train,7.10131049156189
JVASP-139896,LiMn3O2F6,3.916625499725342,4.552720785140991,3.858,train,5.08681845664978
JVASP-113198,Li2Fe2OF4,4.284351825714111,5.1768763065338135,4.223,train,7.241613149642944
JVASP-44625,Li5V2Fe3O10,2.855377197265625,3.478710412979126,2.878,train,5.5703723430633545
JVASP-116900,LiFeBO4,2.939178466796875,5.5006725788116455,2.982,train,6.760488271713257
JVASP-153827,YbLiGe2,0.5340771079063416,1.1711921095848083,0.487,test,1.565476655960083
JVASP-140714,Li3Mn3CrO8,3.16147518157959,3.163950204849243,3.192,train,3.6836788654327393
JVASP-109440,Li2ScCuCl6,1.1306177377700806,2.13236927986145,1.159,train,4.212782382965088
JVASP-106887,Li2MnF6,5.038265705108643,5.860288858413696,5.001,train,7.807305812835693
JVASP-146891,Li6MnFe2O6,3.2918319702148438,3.742605686187744,3.298,test,6.217744588851929
JVASP-118604,LiNbTe2,0.8712801337242126,1.1763701438903809,0.941,train,1.3966290950775146
JVASP-147436,Li2Cr3O6,3.043165922164917,3.952127695083618,3.255,test,5.4226086139678955
JVASP-153848,LiCoSO4F,3.9446449279785156,4.3655664920806885,4.325,test,5.062487840652466
JVASP-93157,LiMg6Cd,-0.20388013124465942,0.6958956718444824,-0.171,train,1.1416802406311035
JVASP-140415,LiAlSiO4,2.2990407943725586,4.769660711288452,2.318,train,13.224198579788208
JVASP-144760,Li3Fe3O4F4,4.026826858520508,4.575281222661336,3.962,val,6.721391916275024
JVASP-43549,LiMnF4,4.92409086227417,5.2119364738464355,4.883,train,6.104308843612671
JVASP-65230,Li4BePd,0.7980120182037354,0.9885249137878418,0.766,train,8.76911473274231
JVASP-48349,Li4MnFe3O8,3.0146713256835938,3.326744318008423,3.031,train,4.6019628047943115
JVASP-152795,Li6CoCl8,3.419020652770996,4.1323262155056,3.326,test,8.582839250564575
JVASP-10460,NaLi2AsO4,3.6429309844970703,4.922261476516724,3.654,train,6.205026149749756
JVASP-47823,LiFeSiO4,3.3231639862060547,3.832770109176636,3.263,train,4.420954465866089
JVASP-50050,Li5BiS4,1.9934351444244385,3.058472990989685,1.984,train,5.325092077255249
JVASP-50795,Li3BiS3,1.8616269826889038,3.003114938735962,1.838,train,4.4835569858551025
JVASP-116768,Li2MnV3O8,2.763134002685547,3.5526163578033447,2.781,train,4.051222562789917
JVASP-71797,Li2BeRe,-0.19840988516807556,2.0914993286132812,-0.196,train,9.057305097579956
JVASP-67362,LiBeZn,0.7084091901779175,0.7819609642028809,0.734,train,1.4897624254226685
JVASP-154809,Li2H2SO5,4.143942832946777,5.435564279556274,4.13,test,8.511133432388306
JVASP-138743,LiCuS,1.6097898483276367,2.113028049468994,1.602,train,2.8940426111221313
JVASP-43394,LiSnPCO7,3.3515915870666504,3.7140085697174072,3.371,train,4.075937509536743
JVASP-7881,Li2NiO2,3.7928595542907715,3.7694873809814458,3.795,train,5.564727067947388
JVASP-41414,LiScPt2,5.804946422576904,1.5023853778839111,5.637,train,3.5131428241729736
JVASP-44535,YbLi3PCO7,2.88140869140625,4.668101231257121,2.864,train,5.670374155044556
JVASP-119390,LiV2OF5,2.9344069957733154,2.9023783206939697,2.918,train,3.083050012588501
JVASP-137379,Li4Mn3O5F3,3.5061416625976562,4.4326207637786865,3.544,train,6.658436059951782
JVASP-86845,NaLi5N2,2.294604539871216,2.4714636325836183,2.252,train,3.96402359008789
JVASP-42513,LiCo2OF3,3.4542651176452637,4.390463829040527,3.464,train,5.083253860473633
JVASP-157149,LiLa2Pb,-1.1764508485794067,0.8063814640045166,-0.703,test,3.1170473098754883
JVASP-52791,Li3Mn2O4,3.1870064735412598,3.3143885135650635,3.232,train,7.728497266769409
JVASP-42698,LiVPO4,2.565976858139038,3.226842164993286,2.547,train,3.7445967197418217
JVASP-143567,Li7Mn2Co3O12,3.387718915939331,4.183167014803205,3.417,val,5.596781969070435
JVASP-115215,LiSi,-0.028608135879039764,1.0307772159576416,0.054,train,8.255910634994507
JVASP-47883,Li4Mn2Ni3O10,3.4273455142974854,4.165761113166809,3.461,train,5.394329309463501
JVASP-120424,Li7Mn4CoO12,3.2559542655944824,3.9730092116764615,3.278,train,5.318506479263306
JVASP-48718,Li2FeO3,3.4507293701171875,4.298846483230591,3.501,train,5.430040597915649
JVASP-67733,LiBeGe,0.48356616497039795,0.4845763444900512,0.553,train,0.8508720397949219
JVASP-16446,LiAu3,1.246737003326416,1.7864700555801392,1.332,train,2.3781254291534424
JVASP-139828,Li3Fe2Co2O8,3.3848319053649902,3.8910629749298096,3.417,train,4.642791032791138
JVASP-42384,Li3Mn2P4O14,3.2716665267944336,4.345084587732951,3.238,train,6.19548773765564
JVASP-2853,RbLiS,2.481715679168701,3.124610424041748,2.435,train,5.574702262878418
JVASP-11198,LiRhO2,3.3187484741210938,3.774800539016723,3.331,train,5.872132062911987
JVASP-146621,Li4Co3TeO8,3.077575445175171,3.7404673099517822,3.046,test,5.0283362865448
JVASP-40364,LiTm2Os,0.6626969575881958,1.0853583812713623,0.714,train,3.1531240940093994
JVASP-46700,Li6MnO2F4,5.108043193817139,5.672783772150676,5.101,train,8.61876654624939
JVASP-146585,LiMnBO3,2.45802903175354,4.693588495254517,2.356,test,6.779988050460815
JVASP-118245,LiInF4,3.95595121383667,5.968826770782471,3.914,train,8.238478183746338
JVASP-16793,LiCa6Ge,0.4136798679828644,0.0759863853454589,0.473,train,0.7508049011230469
JVASP-50462,Li2Zr2O5,2.9094924926757812,3.523232936859131,2.932,train,11.567476987838743
JVASP-140622,Li3Ni2SbO6,3.040219783782959,3.8187105655670166,3.057,train,4.785290718078613
JVASP-7895,LiMoO2,2.515435218811035,2.7149713039398193,2.611,train,4.641212701797485
JVASP-16212,BaLiSi,0.6015500426292419,0.7893017530441284,0.589,train,1.6383180618286133
JVASP-147714,Li2CoSnO4,2.9765820503234863,3.6408190727233887,2.98,test,4.909817934036255
JVASP-146266,LiFeSi3O8,3.0340070724487305,4.678943872451782,3.087,test,5.456700086593628
JVASP-87994,Li2B2S5,1.9506878852844238,2.809791803359986,1.948,train,3.883317708969116
JVASP-46803,LiVF3,2.9694676399230957,3.9303505420684814,2.991,train,5.226323366165161
JVASP-153324,LiMoS2,2.2965316772460938,1.78094220161438,1.649,test,2.1896450519561768
JVASP-139339,LiMgP,0.690737247467041,1.432483434677124,0.999,val,2.9899420738220215
JVASP-11001,LiHoO2,2.759683609008789,3.69978928565979,2.825,train,8.271961450576782
JVASP-8484,Li3In2,0.24440744519233704,0.7019064823786417,0.284,train,1.294538974761963
JVASP-9699,LiCuO,3.544076919555664,4.006251811981201,3.516,train,5.234424829483032
JVASP-66759,LiBeCd,0.908920407295227,0.803945779800415,0.931,train,1.1431212425231934
JVASP-149914,LiBiF6,4.976079940795898,6.198946237564087,5.987,test,7.546824216842651
JVASP-135361,LiSbS,1.4657368659973145,1.578918695449829,0.967,val,2.1035114526748657
JVASP-136946,NaLiS,2.4437339305877686,3.1512484550476074,1.513,val,5.059086203575134
JVASP-135371,Li2TiS3,2.14483380317688,3.084150791168213,2.171,val,4.527801752090454
JVASP-100825,LiTiO2,1.9333667755126953,3.1744601726531982,1.966,train,6.112262487411499
JVASP-138839,SrLiF,0.8162504434585571,-1.3550306558609009,-0.854,val,-0.6813080310821533
JVASP-118601,LiAg2,1.337280035018921,1.4703691005706787,1.362,train,4.786124348640442
JVASP-64730,Ba4LiTa,-2.586597204208374,0.7894134521484375,-2.511,train,2.757532060146332
JVASP-141039,Li7VO5F,4.996323585510254,4.5911078453063965,5.048,val,9.076830625534058
JVASP-113658,Li2Bi,0.6611865162849426,1.4225977659225464,0.669,train,5.218398928642273
JVASP-39816,Li2CaPb,-0.10564228147268295,0.6834231615066528,-0.121,train,1.5767560005187988
JVASP-55810,LiInMo2O8,2.864169120788574,4.492239236831665,2.913,train,4.829730272293091
JVASP-111277,LiRh3,1.4411357641220093,1.6313748359680176,1.379,train,3.786644220352173
JVASP-139969,LiVP2O7,3.216932773590088,4.13811182975769,3.258,val,4.732732057571411
JVASP-71487,LiBeSb2,0.4109770953655243,0.8730908632278442,0.415,train,1.2613513469696045
JVASP-37798,LiPmZn2,0.6039279103279114,1.55932879447937,0.694,train,4.324842691421509
JVASP-115423,LiAsO2,3.8664326667785645,3.8820841312408447,3.908,train,5.193633317947388
JVASP-142606,Li2Cr3SnO8,2.735161304473877,3.99372124671936,2.776,val,4.673149824142456
JVASP-17909,LiMnAs,0.9890843033790588,0.9303874969482422,1.042,train,1.9006967544555664
JVASP-145593,LiMnP2HO7,3.2172350883483887,3.5935795307159424,3.265,test,4.205849885940552
JVASP-42931,LiCoSi2O6,3.303032398223877,4.457009553909302,3.32,train,4.88858962059021
JVASP-34836,LiCo2O4,4.19327974319458,4.719651460647583,4.185,train,5.146198511123657
JVASP-48722,Li5FeO3F,4.409331321716309,4.563847064971924,4.375,train,7.111661911010742
JVASP-143988,Li2Cr3CuO8,3.2487802505493164,4.863363981246948,3.279,train,5.388098478317261
JVASP-65138,Li4BeSi,0.33665895462036133,1.0608314871788025,0.295,train,7.927626848220825
JVASP-147147,Li4Cr3NiO8,3.044769287109375,3.913798093795776,3.044,test,5.704580068588257
JVASP-52357,Li5SbS,2.1115963459014893,2.4354250907897947,2.099,train,4.239941120147705
JVASP-139328,LiCa,-0.23408082127571106,0.1203930377960205,-0.244,val,6.7534332275390625
JVASP-142834,LiVGaO4,3.3702173233032227,4.00321364402771,3.352,train,4.279873609542847
JVASP-81195,Li2AlAu,0.34651756286621094,1.0351134538650513,0.409,train,1.8635965585708616
JVASP-147443,LiVO2F2,4.442527770996094,5.946441888809204,4.481,test,8.788272142410278
JVASP-41897,LiErTl2,0.772225022315979,1.2816829681396484,0.723,train,3.291917204856873
JVASP-145157,Li7Mn2Co3O12,3.5858712196350098,4.244738817214966,3.577,test,5.541973829269409
JVASP-50122,LiTa2CuO6,1.6574233770370483,3.631162405014038,1.642,train,5.177567720413208
JVASP-128257,LiTa,1.1156843900680542,1.3151390552520752,1.162,train,17.234355688095093
JVASP-44534,Li3ZnPCO7,3.1917834281921387,4.8753124078114825,3.215,train,7.481723070144653
JVASP-125516,LiAl3,0.9018760919570923,1.182847261428833,0.886,train,3.734872579574585
JVASP-139803,LiMnBO4,2.756880283355713,4.7341930866241455,2.75,train,5.757693529129028
JVASP-43424,Li2MnCuO4,3.1268486976623535,4.091140270233154,3.171,train,5.291252851486206
JVASP-109219,Li4MoO5,3.802924394607544,4.357713460922241,3.808,train,6.425005674362183
JVASP-119720,Li3Mn5O10,3.3101654052734375,3.875239133834839,3.351,train,4.728264570236206
JVASP-146598,LiCoBO3,2.493307590484619,4.1752660274505615,2.395,test,5.126596212387085
JVASP-52538,Li3FeS3,2.350639581680298,2.4504955609639487,2.354,train,3.7233076095581055
JVASP-12687,LiCrPO4F,3.472472667694092,3.726869344711304,3.483,train,5.161580324172974
JVASP-132857,LiCoGeO4,3.5808842182159424,4.517717123031616,3.599,val,4.855561971664429
JVASP-14277,YbLiF4,3.164196491241455,6.256263971328735,3.158,train,7.724159479141235
JVASP-47453,Li4FeO3,4.105793476104736,3.88669753074646,4.124,train,5.98722767829895
JVASP-117281,Li2Co3NiO8,3.7290427684783936,4.0413830280303955,3.734,train,4.431975603103638
JVASP-44417,Li2VCr3O8,3.012596607208252,3.925859689712525,3.006,train,4.777381658554077
JVASP-151845,LiAuS,2.2876100540161133,2.6792633533477783,2.274,test,3.6851305961608887
JVASP-146082,Li2FeP2O7,3.409938335418701,4.517085790634155,3.4,test,5.752591848373413
JVASP-121733,Li2Co4O3F8,4.272954940795898,5.724982261657715,4.283,train,6.1720921993255615
JVASP-2002,LiH,2.3499302864074707,3.1774615049362183,2.288,train,7.588745713233948
JVASP-116590,SrLiCrF6,4.23284912109375,6.553942680358887,4.207,train,7.814733266830444
JVASP-71485,LiBe2Ga,0.41908159852027893,0.8838644027709961,0.463,train,1.5289705991744995
JVASP-40689,Li4VF6,5.962601661682129,5.289088666439056,5.818,train,7.051511764526367
JVASP-40393,LiCeTl2,0.5896044969558716,1.4687288999557495,0.545,train,2.6037790179252625
JVASP-97668,LiH20C8BrO4,3.636579990386963,1.736497163772583,3.567,train,1.8255035877227783
JVASP-48185,Li3Mn8O4F12,3.0189359188079834,3.7404367923736577,3.066,train,4.3434717655181885
JVASP-154375,Li4SiPt3,1.7063032388687134,1.514402151107788,1.32,test,3.5445196628570557
JVASP-46809,LiMnSi2O6,2.910402536392212,4.174944639205933,2.919,train,4.767881631851196
JVASP-17289,LiYGe,0.3444259762763977,1.373671531677246,0.347,train,2.6052966117858887
JVASP-43172,Li2TiMnO4,2.560270309448242,2.725863218307495,2.596,train,3.7735016345977783
JVASP-48462,Li3CoOF3,5.449310302734375,5.650611639022827,5.38,train,7.621665716171265
JVASP-110311,LiCrCo2O6,4.095499515533447,4.392999887466431,4.081,train,4.839017152786255
JVASP-150088,Li2BiAu,1.5081361532211304,1.3308801054954529,0.402,test,2.0093793869018555
JVASP-117412,Li3Fe7O12,2.9557244777679443,3.5615451335906982,2.99,train,4.563888788223267
JVASP-135316,LiSbO3,3.1549694538116455,3.948492765426636,3.683,val,10.34567141532898
JVASP-46000,Li14Co2S9,2.3056583404541016,3.0303871972220287,2.313,train,5.211151957511902
JVASP-50677,Li2Ti3O6,2.2896347045898438,1.838923692703247,2.355,train,2.0444633960723877
JVASP-132868,Li5Fe3O2F10,4.6734232902526855,5.502867937088013,4.805,train,6.6347315311431885
JVASP-47027,Li2CrCoO4,3.1612348556518555,3.774162530899048,3.171,train,5.7479283809661865
JVASP-142653,Li4Co3Ni2Sb3O16,3.3070473670959473,4.084365129470825,3.306,val,5.561266183853149
JVASP-116667,NaLi3V4O12,3.2617881298065186,4.2080981731414795,3.18,train,5.51142954826355
JVASP-35940,LiFeAs,0.8066995143890381,1.0069773197174072,0.817,train,2.0727791786193848
JVASP-142632,LiVF4,4.247860908508301,3.99465274810791,4.214,val,4.286217212677002
JVASP-115928,LiCoF4,5.311218738555908,5.665156364440918,5.306,train,7.315889120101929
JVASP-146247,LiNiPO4,3.5680809020996094,5.509597539901733,3.611,test,6.760359525680542
JVASP-24364,SrLiNiF6,4.593351364135742,6.0090954303741455,4.522,train,6.905646562576294
JVASP-140940,Li2V3CoO8,3.214266300201416,4.020514726638794,3.197,train,4.286659479141235
JVASP-146893,LiFePO4,3.1768367290496826,4.428466558456421,3.438,test,5.579193830490112
JVASP-52200,Li3CuF4,4.045381546020508,5.559332410494487,4.092,train,7.5722233057022095
JVASP-120522,LiCo2O4,4.0917792320251465,4.18574595451355,4.103,train,4.808454751968384
JVASP-112823,Li3Fe2Co2O8,3.3788938522338867,3.8820297718048096,3.416,train,4.654940843582153
JVASP-116858,LiFeSi3O8,3.241997718811035,4.747700452804565,3.239,train,5.64513087272644
JVASP-45392,Na2LiGaAs2,0.7304816246032715,1.121408224105835,0.735,train,1.2436755895614624
JVASP-120577,LiP2WO7,2.228961706161499,2.5573461055755615,2.131,train,2.8530843257904053
JVASP-47769,Li4Fe5O10,3.1363887786865234,4.094547748565674,3.178,train,5.772037744522095
JVASP-74061,LiBeTl2,0.4169001281261444,0.4379888772964477,0.428,train,0.8256539106369019
JVASP-146088,LiMnPO4,3.0203256607055664,3.3974688053131104,2.976,test,4.3271472454071045
JVASP-48220,Li4Cr5O10,3.036301612854004,3.640649437904358,3.045,train,4.482919454574585
JVASP-104823,Rb2LiAsF6,3.4313745498657227,4.037396669387817,3.372,train,4.478986024856567
JVASP-141565,Li3Fe2O6,3.973846673965454,4.9544282754262285,4.001,train,6.592710733413696
JVASP-154369,LiFeSO4F,3.799410343170166,4.02945351600647,4.219,test,4.771042108535767
JVASP-121931,Li3Cr2NiO6,3.076003074645996,3.979712724685669,3.084,train,6.194096803665161
JVASP-139823,Li3MnCoO5,3.6173691749572754,4.244605779647827,3.649,train,5.8012073040008545
JVASP-50463,Li4CuSi2O7,3.0904979705810547,5.048996210098267,3.087,train,6.296190023422241
JVASP-152992,LiCa2HC3,1.4012525081634521,1.6084473133087158,1.441,test,3.1268575191497803
JVASP-42034,LiCa2Rh,0.2014281451702118,0.3905431032180786,0.233,train,1.7305947542190552
JVASP-45808,Li2MnSi2O6,2.740164279937744,4.276292085647583,2.734,train,6.534288644790649
JVASP-10248,Rb2Li2GeO4,3.000507354736328,4.160768389701843,3.002,train,6.032402992248535
JVASP-127416,LiGe7,1.0005789995193481,-0.0839430093765258,1.069,train,0.8847742676734924
JVASP-109498,Li4CO4,2.465935230255127,3.9208775758743286,2.463,train,5.97376561164856
JVASP-42750,Li6Co6O5F11,4.152836799621582,5.355270544687907,4.192,train,6.616152048110962
JVASP-56093,LiInSn,0.1049744263291359,0.7079386711120605,0.128,train,1.2360644340515137
JVASP-23436,LiMn2S4,2.951186180114746,2.441734552383423,2.926,train,3.2268660068511963
JVASP-143120,Li5Mn2Co2P4O16,2.990154266357422,4.183575677871704,3.051,val,6.411158323287964
JVASP-113145,LiVC2O6,3.768796443939209,3.684380292892456,3.78,train,3.951805830001831
JVASP-76722,LiSc2Ga,0.939002513885498,0.4487732648849487,0.991,train,0.4487732648849487
JVASP-155671,Li2CaAs2,1.2550324201583862,1.4853885173797607,1.27,test,2.294318675994873
JVASP-111931,LiMnCSO7,3.819866895675659,4.390218496322632,3.787,train,4.610613107681274
JVASP-16478,Li2CdPb,0.1961475908756256,1.080873727798462,0.215,train,2.3078908920288086
JVASP-11387,Li2GeO3,3.5478885173797607,5.0777552127838135,3.566,train,6.59222674369812
JVASP-112325,LiMg4SnO8,2.8301584720611572,4.972440004348755,2.871,train,5.194025039672852
JVASP-46665,Li4MnF7,5.861976146697998,6.475034475326538,5.821,train,8.350802421569824
JVASP-122405,Li7Mn2Co3O12,3.5170795917510986,4.19790210042681,3.534,train,6.603644609451294
JVASP-120751,Li2NiP4O12,3.5847365856170654,5.37981104850769,3.532,train,6.270460367202759
JVASP-112513,Li2FeBAsO7,3.5042991638183594,5.071019411087036,3.522,train,6.147305727005005
JVASP-120277,LiAlN,3.6618247032165527,2.699251174926758,3.501,train,3.90799331665039
JVASP-9581,Li2ZrO3,3.701815605163574,4.603241205215454,3.792,train,8.101152181625366
JVASP-136370,LiVCl,0.6084619164466858,-0.05830979347229,0.053,val,1.2289211750030518
JVASP-142529,Li5Mn2CoO8,3.589080810546875,4.366267442703247,3.604,train,5.832308053970337
JVASP-47621,Li7Fe3Si2O12,2.9018361568450928,3.822645289557321,2.92,train,7.312546014785767
JVASP-1837,LiYSe2,2.0981485843658447,2.440843343734741,2.03,train,6.815735101699829
JVASP-109162,LiSmSe2,0.5688666701316833,2.7274630069732666,0.556,train,5.264150381088257
JVASP-43803,LiVF4,4.255021095275879,4.01334285736084,4.232,train,4.31852126121521
JVASP-142662,Li2VO2F,3.2154734134674072,3.891827344894409,3.216,val,6.516179323196411
JVASP-38538,LiBr,4.5521626472473145,11.32699418067932,4.471,train,99.4367253780365
JVASP-121443,Li7Mn2Co3O12,3.385633945465088,4.234818288258144,3.402,train,6.572901487350464
JVASP-43142,LiV3O8,3.27468204498291,3.5583436489105225,3.252,train,3.893239736557007
JVASP-146890,Li2Mn3GaO8,3.5524721145629883,3.971097230911255,3.551,test,4.472677946090698
JVASP-34829,LiCu2O4,3.966764450073242,4.902655839920044,3.926,train,6.051374435424805
JVASP-112904,Li2MnCoO4,3.140467405319214,3.989876508712769,3.148,train,5.772938966751099
JVASP-42832,Li2V3CuO8,3.1885416507720947,4.204574346542358,3.204,train,4.502194166183472
JVASP-52187,Li2CuF4,5.14309024810791,5.513122618198395,5.133,train,6.561795473098755
JVASP-47051,Li3Nb4VO12,2.6428170204162598,2.7460502783457437,2.654,train,4.338721990585327
JVASP-102838,LiMnF3,3.7214035987854004,4.962179899215698,3.715,train,7.383310317993164
JVASP-10870,Li4SiO4,3.7514476776123047,4.689977765083313,3.724,train,7.852520704269409
JVASP-145634,LiNiPO4,3.313666820526123,5.142343759536743,3.273,test,6.685673952102661
JVASP-141848,LiMnP3O9,3.663666009902954,5.102233648300171,3.697,train,6.421777963638306
JVASP-44395,Li2ScFeSi4O12,2.772507667541504,4.343528985977173,2.793,train,5.339966058731079
JVASP-14165,LiSO3F,4.393167018890381,6.8781678676605225,4.325,train,7.85861349105835
JVASP-102521,LiMg,0.2367790937423706,0.5806472301483154,0.263,train,2.4225988388061523
JVASP-109574,NaLi5N2,2.304381847381592,2.511468744277954,2.302,train,4.962905645370483
JVASP-119587,Li4MnCo2O7,3.406257152557373,4.2445228099823,3.41,train,6.192601442337036
JVASP-88744,LiCu2O2,3.2318530082702637,4.038738012313843,3.258,train,4.673734903335571
JVASP-48261,Li3Fe3O8,3.9226138591766357,4.807556072870891,3.96,train,5.565715074539185
JVASP-146326,Li4MnCo2O7,3.5085694789886475,4.147204160690308,3.662,test,5.500759840011597
JVASP-141609,Li2V4CrCuO12,3.009620428085327,3.2789323329925537,3.004,train,3.68800950050354
JVASP-50096,Li5Nb2Cu3O10,2.805492877960205,4.188960313796997,2.816,train,5.265225648880005
JVASP-39873,LiHo2Rh,-0.16185101866722107,0.2921144962310791,-0.117,train,0.7402589321136475
JVASP-144438,Li2VO2F,3.2454216480255127,3.956244707107544,3.267,train,7.168311357498169
JVASP-139011,LiGeO,3.707402229309082,4.3527703285217285,3.678,train,6.272639513015747
JVASP-16778,Li2CdSn,0.40946075320243835,1.1806952953338623,0.448,train,2.540313959121704
JVASP-119747,LiVNiO4,3.2023792266845703,3.3666326999664307,3.219,train,3.7157256603240967
JVASP-144859,Li3YNi2O6,3.080599069595337,4.120746374130249,3.036,test,5.316417932510376
JVASP-81907,Li2TlSb,0.45646485686302185,1.368247628211975,0.479,train,1.6744261980056765
JVASP-57133,LiPr2C2N4F3,1.7325959205627441,1.8735697269439695,1.743,train,1.9439032077789309
JVASP-97403,Li3ScN2,3.3199269771575928,2.918989419937134,3.168,train,5.90091347694397
JVASP-152866,Li2MgH4,1.1940609216690063,2.5127007961273193,1.12,test,4.225207090377808
JVASP-45796,Li4CuNi3P4O16,3.3554084300994873,4.415425062179565,3.368,train,5.700555086135864
JVASP-47439,Li3Mn3O5F3,3.5782670974731445,4.57731048266093,3.619,train,5.896366834640503
JVASP-48105,LiCoSiO4,3.597824811935425,4.3839027881622314,3.607,train,4.563091516494751
JVASP-139991,Li4MnCo2O7,3.5825483798980713,4.095171928405762,3.596,val,6.113659620285034
JVASP-101780,Li2B4O7,2.9862048625946045,4.874375343322754,2.962,train,9.991623163223268
JVASP-141615,Li2MnF5,4.64511775970459,6.10748553276062,4.645,train,8.070617914199829
JVASP-118836,LiCaAs,0.310932993888855,0.6127142906188965,0.313,train,1.0126463174819946
JVASP-155626,SrLi2Si2,1.0095179080963135,1.336093544960022,1.116,test,2.658528089523315
JVASP-50163,Li3SbS3,2.346216917037964,2.8823797702789307,2.3,train,4.046900987625122
JVASP-10493,Li3AsO4,4.651559352874756,5.154990037282308,4.617,train,6.869760274887085
JVASP-50352,Li4SnB2O6,2.1613097190856934,4.433385014533997,2.168,train,6.4088733196258545
JVASP-119585,Li4Co3O7,3.686587333679199,4.2676098346710205,3.709,train,6.0282371044158936
JVASP-42636,LiScVO4,2.882113456726074,3.884330987930298,2.915,train,4.193211317062378
JVASP-42936,Li2MnCo3O8,3.7136640548706055,4.097776651382446,3.739,train,4.548547029495239
JVASP-43419,Li4SbTe3O12,3.7264223098754883,4.2069196701049805,3.772,train,4.939737319946289
JVASP-89325,LiGaAs2O7,3.5764498710632324,4.730421304702759,3.554,train,5.309666395187378
JVASP-130692,NaLi8,0.038646407425403595,0.0193441212177276,0.02,train,2.920894205570221
JVASP-48201,Li3Ni2C4O12,3.2357912063598633,4.175071477890015,3.233,train,4.729515314102173
JVASP-55805,LiMnAsO4,3.262721061706543,3.6489007472991943,3.242,train,4.572026491165161
JVASP-39389,LiCd3,0.6656901836395264,0.846207857131958,0.692,train,1.337822198867798
JVASP-47105,LiMnPO4,3.2227883338928223,3.9962899684906006,3.243,train,5.242670297622681
JVASP-68966,BaLiPd2,0.8441870212554932,0.8742375373840332,0.854,train,2.0717989206314087
JVASP-55292,LiCrSi2O6,2.7653958797454834,3.6582510471343994,2.766,train,3.964256525039673
JVASP-106641,LiLuGe,0.8071690201759338,1.2745425701141355,0.887,train,2.1304417848587036
JVASP-142650,LiNi2O3,3.1928679943084717,3.3377084732055664,3.181,val,3.679024219512939
JVASP-137971,BaLiSb,-0.4801158607006073,0.1871113777160644,-0.242,val,0.7433462738990784
JVASP-145629,Li3MnPCO7,3.10949969291687,4.718962589899699,3.092,test,6.18546986579895
JVASP-38523,Li3Mg,0.0380081906914711,0.4503419399261474,0.029,train,2.741201400756836
JVASP-40732,LiMnNbO4,2.53987979888916,2.5625040531158447,2.554,train,2.736680269241333
JVASP-122024,LiVCrO4,2.5581674575805664,3.262087106704712,2.52,train,3.858492612838745
JVASP-46671,Li3TiV3O8,2.2938570976257324,2.252732515335083,2.343,train,3.021146535873413
JVASP-111869,Li2V3CoO8,2.8552939891815186,3.835358858108521,2.854,train,4.101470708847046
JVASP-40648,Li4Nb3Fe3Sb2O16,2.3022663593292236,3.431437730789185,2.3,train,3.795668363571167
JVASP-92620,Li2SnN2,2.087620973587036,2.9081575870513916,2.124,train,7.5921642780303955
JVASP-64260,Ba4LiPd,-1.7141573429107666,0.4070996046066284,-1.61,train,2.878389596939087
JVASP-112405,LiMn2O3F,3.402700901031494,3.7531683444976807,3.405,train,4.300049543380737
JVASP-141622,LiCo2OF5,4.338261604309082,4.969788074493408,4.355,train,5.347607374191284
JVASP-47315,LiVF6,4.28702449798584,5.267075777053833,4.268,train,6.029122591018677
JVASP-106961,LiNdAu2,2.5963735580444336,1.242958903312683,2.607,train,2.1151010990142822
JVASP-153378,Li2ZnGe,1.2115341424942017,1.4254087209701538,1.231,test,4.1336915493011475
JVASP-51133,LiTc2Pd,1.499447226524353,0.3054277896881103,1.592,train,2.002281427383423
JVASP-121966,Li6PBrO5,4.320140838623047,4.4897639354070025,4.375,train,8.246005296707153
JVASP-122502,LiCo4O8,4.416383266448975,4.534737825393677,4.388,train,4.903871297836304
JVASP-42911,LiMnSbO4,3.021268367767334,3.5827748775482178,3.055,train,3.7264273166656494
JVASP-132911,Li4Mn3CoO8,3.123939037322998,3.200571298599243,3.113,train,4.557596921920776
JVASP-8673,Li3BrO,4.362550258636475,4.799245595932007,4.377,train,18.503124713897705
JVASP-108927,NaLiCdS2,1.7375999689102173,2.6676777601242065,1.788,train,3.900858759880066
JVASP-143551,Li4Co3O7,3.6506943702697754,4.269543886184692,3.66,train,5.95016884803772
JVASP-155635,SrLi2Zn2,0.6034957766532898,0.6648269891738892,0.481,test,1.9260497093200684
JVASP-111641,Li5Mn2CoO8,3.561373233795166,4.364957094192505,3.585,train,5.3702404499053955
JVASP-139346,NaLiN,1.6285371780395508,2.6316449642181396,2.607,val,4.002130508422852
JVASP-90524,Li3MnOF4,4.934500217437744,6.004876136779785,5.019,train,8.441056966781616
JVASP-140421,LiAlNi3O5,3.174553632736206,2.792736053466797,3.133,train,3.125161647796631
JVASP-144264,Li4V3Cr5O16,2.9871201515197754,3.8031609058380127,2.964,val,4.5367186069488525
JVASP-122867,LiSm3,-0.351213663816452,0.1422328948974609,-0.324,train,1.6538058519363403
JVASP-145140,Li3MnCoO5,3.5107269287109375,4.3196788628896075,3.516,test,6.262683153152466
JVASP-46772,Li3VPCO7,3.004361629486084,3.719456752141317,3.015,train,4.922551870346069
JVASP-67451,LiTaBe2,1.07026207447052,0.7624599933624268,1.089,train,4.223745822906494
JVASP-61514,LiAuF6,7.016141891479492,6.70150899887085,6.818,train,7.614431202411652
JVASP-146712,Li3MnCo3O8,3.50216007232666,3.8812105655670166,3.51,test,4.635954141616821
JVASP-12927,RbLiO,4.782899379730225,3.684244394302368,4.75,train,4.673053503036499
JVASP-137386,Li4Ti3Mn5O16,3.053920030593872,3.471602201461792,3.04,train,4.31110692024231
JVASP-40704,Li4VF6,4.8292622566223145,4.439190924167633,4.774,train,7.1064817905426025
JVASP-46921,Li2MnNiO4,3.1434760093688965,3.709342241287231,3.182,train,4.39579176902771
JVASP-39228,LiMg2,0.3726266324520111,0.7365078926086426,0.407,train,1.2965247631072998
JVASP-112435,LiMn2O3F,3.394169330596924,4.412673234939575,3.41,train,5.2978222370147705
JVASP-43740,LiFeF3,5.07840633392334,4.7705464363098145,5.118,train,7.207287073135376
JVASP-46920,Li2VO3F,3.97670841217041,4.760315656661987,3.973,train,7.081625699996948
JVASP-79042,LiCa3,-0.6041579246520996,0.4335696697235107,-0.618,train,1.5355079174041748
JVASP-42276,Li2MnSiO4,2.6865053176879883,4.093425512313843,2.712,train,6.121953248977661
JVASP-51286,LiBBr2,2.33064603805542,2.473577380180359,2.315,train,3.763572573661804
JVASP-21734,LiNd2IrO6,1.6306871175765991,3.301328420639038,1.611,train,4.071640253067017
JVASP-44746,Li2FeCuO4,3.1780200004577637,4.063649654388428,3.221,train,5.332237958908081
JVASP-42141,LiPmTl2,0.4138733744621277,1.3557575941085815,0.409,train,2.8231855034828186
JVASP-90587,Li3Mg,0.3389338254928589,0.2969208558400472,0.369,train,1.9114995002746584
JVASP-140706,Li7Mn4CoO12,3.4328107833862305,4.120038543428693,3.448,train,5.183142423629761
JVASP-50665,LiAgF3,4.772241115570068,6.068771123886108,4.8,train,6.622727394104004
JVASP-146582,LiVBO4,3.045072555541992,2.9591000080108643,3.445,test,4.182198762893677
JVASP-115197,LiI,3.5295958518981934,4.864835739135742,2.725,train,13.074505686759949
JVASP-18766,LiAl2Pt,1.974185824394226,0.6623501777648926,1.901,train,1.4320380687713623
JVASP-117133,Li2Mn3FeO8,3.3271615505218506,4.13681435585022,3.341,train,4.770920991897583
JVASP-57792,Li2GeF6,4.724283695220947,5.986039042472839,4.792,train,7.040252923965454
JVASP-143569,Li7Mn4CoO12,3.247039318084717,3.9161783286503384,3.269,val,5.136541128158569
JVASP-107947,LiTi2Ir,0.4607798755168915,0.8201558589935303,0.498,train,2.543358564376831
JVASP-50394,Sr3LiTa4O12F2,1.260501503944397,1.8550693988800049,1.242,train,2.2462761402130127
JVASP-119277,Li2FeO3,3.6457886695861816,4.58469033241272,3.694,train,6.670752286911011
JVASP-141226,Li4MnCo2O7,3.512382984161377,4.134068727493286,3.538,train,5.408172845840454
JVASP-97577,Li2CN2,2.074136257171631,3.358132839202881,2.082,train,5.175654172897339
JVASP-141847,Li3MnCr3O8,3.120313882827759,3.3540632724761963,3.136,train,4.131263017654419
JVASP-135835,BaLiCl,1.271675705909729,0.3693499565124511,1.325,val,1.1385825872421265
JVASP-41752,LiHg2Pd,0.47757402062416077,0.9358112812042236,0.585,train,1.1154091358184814
JVASP-46443,Li2CrFeO4,2.9834256172180176,3.319359540939331,3.003,train,4.228215932846069
JVASP-119739,Li2Fe3CoO8,3.397390842437744,3.905802011489868,3.429,train,4.676800489425659
JVASP-117687,LiBeSe,0.8046039342880249,0.1655822992324829,0.851,train,0.5445036888122559
JVASP-45802,Li8Cr3TeO12,2.964287757873535,3.9075186252593994,2.922,train,5.276628732681274
JVASP-144146,LiB3H8,0.4178556501865387,1.446162462234497,0.494,train,2.109147787094116
JVASP-117312,Li4Mn3O7,3.3332436084747314,4.07064962387085,3.345,train,5.954986810684204
JVASP-115189,Li2I,0.5479612350463867,1.1958855092525482,0.517,train,4.609000265598297
JVASP-133582,Li2V5CuO12,2.9440083503723145,3.076143980026245,2.919,val,3.3187215328216553
JVASP-113441,LiBO,2.8111371994018555,2.6273186206817627,2.826,train,7.266642570495605
JVASP-50866,LiCoS2,2.5661473274230957,2.6869168281555176,2.546,train,3.351384162902832
JVASP-42826,LiVGeO5,4.533743858337402,3.9371330738067623,4.578,train,4.439576864242554
JVASP-64345,Ba4LiP,-1.6715480089187622,0.4977896213531494,-1.577,train,3.736687183380127
JVASP-139824,Li3MnCoO5,4.355627536773682,3.943237860997518,4.345,train,5.625507116317749
JVASP-44564,LiTlPHO3,2.906309127807617,3.923232316970825,2.959,train,4.485643625259399
JVASP-50177,Li2NbOF5,3.980142116546631,5.5568660497665405,3.952,train,9.409286260604858
JVASP-111147,Li2VCrO4,2.619464874267578,3.137915849685669,2.64,train,4.355103254318237
JVASP-92250,Li3SbS4,2.6535449028015137,3.168949445088705,2.635,train,4.25761866569519
JVASP-98243,LiErP4O12,2.0331077575683594,4.342988729476929,2.02,train,4.806072473526001
JVASP-91248,LiNbZnO4,2.3864636421203613,4.899419546127319,2.39,train,7.651566743850708
JVASP-139901,Li4Mn2Cr3Sb3O16,2.800109386444092,3.7000696659088135,2.768,val,6.09213662147522
JVASP-132952,Li3Co4O8,3.627246856689453,3.979820489883423,3.648,val,5.013361692428589
JVASP-147680,Li3Cr2P4HO14,3.199618339538574,4.609547853469849,3.234,test,6.685080766677856
JVASP-116506,Li4MnCo2O7,3.544889450073242,4.194628477096558,3.682,train,5.3745787143707275
JVASP-42376,LiFe6O7F5,2.9517102241516113,6.528430700302124,2.975,train,6.925588846206665
JVASP-145952,Li5Mn5Fe2O12,2.886593818664551,3.024954652786255,2.907,test,3.963455438613891
JVASP-145656,Li4Mn3Ni3Sn2O16,3.233860492706299,4.227378606796265,3.231,test,5.3653247356414795
JVASP-121609,Li3Al2CoO6,3.0387351512908936,4.072761297225952,3.054,train,5.683516263961792
JVASP-117208,LiMgH14Cl3O7,4.3668646812438965,3.6823344230651855,4.528,train,3.7992374897003174
JVASP-111927,Li2Si2NiO6,3.0088586807250977,4.748337507247925,3.022,train,6.338249444961548
JVASP-47069,LiMnFeO4,3.512667655944824,4.172762155532837,3.524,train,4.677566289901733
JVASP-148131,Li5Co3O8,3.6685283184051514,4.53353362083435,3.68,test,6.802543878555298
JVASP-46869,Li2VF4,3.4410486221313477,3.5132452249526978,3.385,train,6.230340480804443
JVASP-116304,LiSe2,2.5728564262390137,2.130235433578491,2.493,train,2.881166696548462
JVASP-142149,Li6Mn3CoO10,3.448246479034424,4.152169783910115,3.456,train,5.847830057144165
JVASP-135367,LiSnS,1.503257393836975,1.1829464435577393,1.506,val,1.5766125917434692
JVASP-143581,Li2Co3TeO8,3.3564419746398926,3.4464151859283447,3.302,val,3.852981805801392
JVASP-121771,LiVCO4,2.686707019805908,3.6934540271759033,2.679,train,4.148039102554321
JVASP-41917,LiErAu2,2.3939528465270996,1.164859175682068,2.488,train,2.305819630622864
JVASP-50657,LiSiBi3O7,2.4177613258361816,2.9081146717071533,2.41,train,3.5342137813568115
JVASP-72017,LiBeCr2,-0.1598864197731018,0.6767251491546631,-0.144,train,3.103329658508301
JVASP-142630,Li2TiNi2O5,3.1398067474365234,3.5042564868927,3.115,val,4.080376863479614
JVASP-41709,LiNdHg2,0.1662949025630951,1.289292335510254,0.283,train,2.601452112197876
JVASP-119346,Li2MnF4,3.732116937637329,5.4221073389053345,3.7,train,12.4960777759552
JVASP-132093,LiLu,-0.05779635161161423,0.505335807800293,-0.137,val,3.0142205357551575
JVASP-145527,Li3Fe2CoO6,3.1904959678649902,3.5727078914642334,3.171,test,5.640528917312622
JVASP-117048,Li2MnN2,2.63830828666687,3.014763355255127,2.645,train,5.559370756149292
JVASP-122017,Li7Mn2Co3O12,3.412417411804199,4.174170868737357,3.414,train,5.545311212539673
JVASP-119339,Li2V2SnO6,2.6511876583099365,2.736341714859009,2.675,train,3.5786221027374268
JVASP-71966,LiBeCd,0.532736599445343,0.4953277111053467,0.565,train,0.7347568273544312
JVASP-142091,Li9Fe2O8,4.675863265991211,3.919265455669827,4.681,train,5.055809259414673
JVASP-40672,LiMnPO4,3.0861313343048096,4.047199487686157,3.11,train,5.879085302352905
JVASP-18217,LiIn,0.10246212035417557,0.6749337911605835,0.084,train,1.2864739894866943
JVASP-106537,Li2InHg,0.5885286927223206,0.9023621082305908,0.661,train,1.5191471576690674
JVASP-122537,Li4Mn3Sn2Sb3O16,3.0029773712158203,3.3228771686553955,3.012,train,5.153797388076782
JVASP-42817,Li8CoO5F,4.533261775970459,4.70810230076313,4.579,train,7.35627019405365
JVASP-47075,LiV5O7F,1.8333392143249512,3.0279171466827393,1.821,train,3.169670820236206
JVASP-116270,LiH,2.3104591369628906,3.1961930990219116,2.304,train,8.271969318389893
JVASP-89762,LiMg4H13Os2,1.229859471321106,1.4162957668304443,1.199,train,1.920793533325195
JVASP-8152,Li3Sb,1.8588464260101318,1.7778058846791585,1.881,train,3.0947264432907104
JVASP-109391,Li2TlAg,0.050971873104572296,0.8546195030212402,0.078,train,2.3887730836868286
JVASP-41025,LiMg2Hg,-0.3945678770542145,0.4554548263549804,-0.371,train,0.8911890983581543
JVASP-46817,Li5SbS,2.1345934867858887,2.3448768615722657,2.127,train,3.76527738571167
JVASP-117418,LiVCoO4,3.570754051208496,4.279502630233765,3.573,train,4.606369733810425
JVASP-142610,Li4Cr3NiO8,2.9576408863067627,3.744654417037964,3.021,val,5.02373480796814
JVASP-144528,Li3Mn2CoO6,3.094425678253174,3.85644268989563,3.092,val,6.328032732009888
JVASP-17934,Li2InPd,1.3423621654510498,0.9439817667007446,1.394,train,2.2970234751701355
JVASP-113216,Li2CoOF3,4.6960930824279785,5.560203433036804,4.767,train,6.808479070663452
JVASP-39223,Li2MgHg,0.6072567105293274,0.694542407989502,0.645,train,2.1099095344543457
JVASP-140949,LiMnP3O9,3.662468910217285,5.1614768505096436,3.692,train,6.620035886764526
JVASP-26391,Li3UO4,2.228513479232788,3.457482894261678,2.256,train,8.49068808555603
JVASP-38890,LiNpIr2,3.627333641052246,4.55089259147644,3.54,train,14.459293127059937
JVASP-98515,LiInI4,2.398449420928955,2.8964085578918457,2.364,train,3.6998425722122192
JVASP-133654,LiVF4,3.3574748039245605,4.089083433151245,3.355,val,5.027279853820801
JVASP-52238,Li2CuF4,4.423525810241699,5.860488414764404,4.414,train,7.973281502723694
JVASP-111972,Li2MnP2O8,3.5963680744171143,5.4136879444122314,3.636,train,5.753428220748901
JVASP-98496,Li3P7,0.8496823906898499,1.588070313135783,0.846,train,2.379560708999634
JVASP-8123,LiSnPd2,2.0682458877563477,1.1106879711151123,2.157,train,1.65295147895813
JVASP-147447,Li2MnCr3O8,3.2166543006896973,4.0658814907073975,3.204,test,5.279048204421997
JVASP-46758,Li6VCoP2C2O14,3.122307300567627,3.778616348902384,3.115,train,5.220574617385864
JVASP-35163,Li14P2N6O3,4.003647804260254,3.7075263772692,4.003,train,5.383265733718872
JVASP-146396,Li2BeCl4,3.145287036895752,4.082228899002075,2.519,test,7.993907690048218
JVASP-100996,Tb3Li,-0.4221656918525696,0.2124084234237671,-0.463,train,0.8134657144546509
JVASP-48193,Li4Ti3Co3Ni2O16,3.527371883392334,4.567068338394165,3.521,train,5.150644063949585
JVASP-146605,Li2FePHO5,2.962662696838379,3.689195394515991,2.965,test,5.584040880203247
JVASP-52224,LiCu5F12,4.6430230140686035,6.0057607889175415,4.68,train,6.251870393753052
JVASP-107142,Rb2LiBiI6,5.981229305267334,1.9975104331970217,5.704,train,1.9975104331970217
JVASP-79425,Li3Ga,0.8348641395568848,1.0372594197591145,0.866,train,5.1117637157440186
JVASP-119550,Li2VC2O6,2.9709372520446777,3.1510775089263916,2.953,train,3.579284429550171
JVASP-100884,Li3ScF6,4.835549354553223,5.945426146189372,4.694,train,17.399831295013428
JVASP-42715,Li2VOF3,3.2185568809509277,4.068941593170166,3.25,train,6.045255422592163
JVASP-100356,RbLiZnS2,1.5277495384216309,2.2473477125167847,1.573,train,3.6545732021331783
JVASP-44704,Li5Mn7O12,2.889801025390625,3.0101467609405517,2.932,train,4.714639902114868
JVASP-42641,Li3V2Cr2O8,2.8292112350463867,3.3546321392059326,2.853,train,3.980670690536499
JVASP-121936,Li2Mn4OF8,2.7548604011535645,3.522675037384033,2.677,train,4.113601446151733
JVASP-31654,Li4TaN3,2.8900461196899414,2.9670345783233643,2.881,train,5.317828416824341
JVASP-41958,LiHoTl2,0.7620255351066589,1.3178590536117554,0.69,train,3.022253155708313
JVASP-11697,LiFeAs2O7,4.003177165985107,4.335116624832153,4.057,train,4.553112745285034
JVASP-42148,LiVNiO4,3.2483103275299072,3.1379358768463135,3.211,train,3.3303921222686768
JVASP-47982,Li3FeCo3O8,3.5145912170410156,3.8748180866241455,3.526,train,4.73134446144104
JVASP-8581,Li3Bi,0.665171205997467,1.4707972208658855,0.662,train,3.0567315816879272
JVASP-146777,Li7Mn4CoO12,3.360936164855957,4.0794238703591486,3.363,test,5.425135850906372
JVASP-39218,Li2MgGe,1.194748044013977,1.1555110216140747,1.189,train,2.398802399635315
JVASP-65185,Li4BeSe,0.41997966170310974,0.6845782697200775,0.423,train,2.673522531986237
JVASP-86916,LiScO2,2.651484966278076,3.819238424301147,2.652,train,7.962742567062378
JVASP-44431,LiVO2F2,3.8733127117156982,5.666584253311157,3.813,train,7.581454515457153
JVASP-39859,Li2MgSn,0.8187114000320435,1.1622267961502075,0.789,train,2.515769898891449
JVASP-44528,Li2Co3TeO8,3.549919605255127,3.810643434524536,3.562,train,4.219916105270386
JVASP-7820,Li2CuSb,1.254879117012024,1.197343349456787,1.251,train,2.2562276124954224
JVASP-145630,Li5Fe3Sn2O10,2.8579635620117188,3.7898271083831783,2.883,test,5.43354058265686
JVASP-22765,LiSn4Rh,-0.33979251980781555,0.8469161987304688,-0.277,train,1.0706117153167725
JVASP-1780,LiIn2Rh,0.5904853940010071,0.7621384859085083,0.661,train,1.2977426052093506
JVASP-46718,LiFe2P2O8,3.4915013313293457,3.78899598121643,3.487,train,3.8918325901031494
JVASP-140998,LiVF4,3.651695728302002,4.2768237590789795,3.638,val,5.035380125045776
JVASP-130680,Li8Hg,0.10208148509263992,0.1136195957660675,0.126,train,1.8940353393554688
JVASP-120608,Li2Nd2Ge3,0.07118646055459976,1.3567225933074951,0.121,train,2.5237271785736084
JVASP-46669,Li2VC2O6,2.9031639099121094,3.030717372894287,2.868,train,3.502295732498169
JVASP-112917,Li5Mn3O8,3.3093388080596924,4.031965208053589,3.341,train,5.049160718917847
JVASP-46114,LiMnC2O6,3.869748115539551,4.341799974441528,3.916,train,4.547271013259888
JVASP-78860,LiO2,4.936005592346191,5.556040644645691,4.97,train,7.964959383010864
JVASP-43014,LiV2FeO6,2.905310869216919,2.747666597366333,2.877,train,2.9903390407562256
JVASP-116767,Li3NbV2O6,2.170032501220703,2.7507474422454834,2.199,train,3.664793729782105
JVASP-35959,LiC6,-1.7372745275497437,0.5378062725067139,-1.734,train,2.192335367202759
JVASP-144049,Li2Fe3O6,3.165649890899658,3.777579307556152,3.229,val,4.833890676498413
JVASP-63089,LiBC,1.9307453632354736,2.2753841876983643,1.946,train,7.4235999584198
JVASP-142139,Li4MnCo3O8,3.3189687728881836,3.612550973892212,3.32,train,4.54145359992981
JVASP-48881,Li2CoSiO4,2.965353488922119,4.294254541397095,2.992,train,5.9585959911346436
JVASP-14920,Li2NdAs2,0.46841534972190857,2.1947611570358276,0.504,train,5.194591760635376
JVASP-47584,Li2Co3SbO8,3.6047658920288086,4.381484270095825,3.599,train,5.110767602920532
JVASP-44592,Li2TiCo3O8,3.602304458618164,4.14891505241394,3.607,train,4.535356760025024
JVASP-39276,LiCe2Ru,-0.16096976399421692,0.3563172817230224,-0.149,train,2.4677999019622803
JVASP-124186,LiTc,0.9733036756515503,0.5500900745391846,1.009,train,2.409496545791626
JVASP-50517,LiNdTi2O6,1.788629412651062,5.62389874458313,1.828,train,12.867446660995483
JVASP-130728,Li8V,0.05005211383104324,0.0564982444047927,0.029,val,2.79260790348053
JVASP-48307,Li2FeP4O12,3.6705188751220703,5.533428192138672,3.639,train,5.951350927352905
JVASP-119738,LiVO2,2.3577191829681396,2.6420786380767822,2.345,train,4.022662878036499
JVASP-157059,Yb2LiGe,-0.6725457906723022,0.1146819591522216,-0.181,test,1.2816419005393982
JVASP-143624,Sr3LiNbO6,2.0296616554260254,1.5719525814056396,1.259,val,1.762338399887085
JVASP-46896,LiVOF3,4.131202220916748,4.124237298965454,4.098,train,4.507223844528198
JVASP-47058,LiNiPO4,3.318608522415161,4.869465112686157,3.317,train,6.449268579483032
JVASP-109424,LiVF3,1.9568222761154175,2.915965795516968,1.979,train,3.372061014175415
JVASP-8570,Li2CoCl4,3.2290732860565186,3.793254852294922,3.196,train,4.9286487102508545
JVASP-43524,LiV2F7,3.426239490509033,3.562084436416626,3.327,train,3.625891923904419
JVASP-116255,Li2Au,1.7748807668685913,1.5446856617927551,1.768,train,2.821960926055908
JVASP-46180,Li2NiBO4,2.866360902786255,4.980946779251099,2.861,train,7.959241628646851
JVASP-12936,NaLiSe,1.1606364250183105,2.773431181907654,1.122,train,4.630391955375671
JVASP-146108,LiVF4,3.8888354301452637,3.942021608352661,3.897,test,4.162959814071655
JVASP-44759,Li2CoO3,4.982126235961914,4.999621629714966,4.921,train,6.3072404861450195
JVASP-35173,LiGe2N3,2.3193445205688477,3.45092511177063,2.325,train,5.0623133182525635
JVASP-140591,Li4Co7O2F14,3.5331838130950928,4.274886071681976,3.394,val,5.2266786098480225
JVASP-116836,Li2Fe5O5F7,3.58413028717041,5.223856210708618,3.626,train,6.653781890869141
JVASP-141593,SrLiLa3MnO8,1.9480055570602417,2.7834489345550537,1.987,train,3.6493732929229736
JVASP-68471,LiBe2Ge,0.3756868243217468,0.6749073266983032,0.407,train,1.4065074920654297
JVASP-42258,Li2Fe4O3F8,3.8246283531188965,5.051028490066528,3.888,train,5.1863322257995605
JVASP-48884,LiCrC2O6,3.7473316192626953,4.046496152877808,3.744,train,4.5508105754852295
JVASP-143554,Li4MnCo2O7,3.5396766662597656,4.2396745681762695,3.56,train,6.404020547866821
JVASP-143958,LiMoP2O8,2.552198648452759,3.9830329418182377,2.538,train,4.191979169845581
JVASP-52269,Li6CuF8,5.542613506317139,6.4065773487091064,5.527,train,8.705264806747437
JVASP-116278,Li2H,1.4260727167129517,1.5873104929924011,1.401,train,4.8729424476623535
JVASP-121192,LiTe,1.523072600364685,2.0586308240890503,1.59,train,3.3472442626953125
JVASP-43152,Li2Mn2CoO6,3.397408962249756,3.389911651611328,3.407,train,4.570368051528931
JVASP-47817,LiMn2NiO6,3.619307518005371,3.8860580921173096,3.652,train,3.9954192638397217
JVASP-64671,Ba4LiTi,-1.4968472719192505,1.1119630336761477,-1.402,train,5.383346199989319
JVASP-157286,LiPr2Tl,-0.7803501486778259,0.4954820871353149,-0.178,test,1.023998498916626
JVASP-21735,LiPr2IrO6,2.1496541500091553,3.3840172290802,2.169,train,3.963222742080689
JVASP-139811,Li4Fe3CoO8,3.072739601135254,3.9920904636383057,3.091,train,4.824775457382202
JVASP-119734,Li3Fe2P2C2O14,3.285592555999756,4.558607339859009,3.277,train,5.072442293167114
JVASP-145644,Li3TiCo3O8,3.2245283126831055,3.8421480655670166,3.182,test,4.3218982219696045
JVASP-42150,Li5Ti2Cu3O10,3.086526393890381,4.737705230712891,3.073,train,6.686229944229126
JVASP-42824,LiTiMnO4,3.2019877433776855,3.4487063884735107,3.198,train,3.5853488445281982
JVASP-117427,LiMn2B2O6,2.4928030967712402,3.4785120487213135,2.489,train,3.5519425868988037
JVASP-144529,Li2MnCoO4,3.182121753692627,3.365837335586548,3.203,val,4.523784875869751
JVASP-140593,Li3Fe3SiO8,3.128225803375244,3.4828507900238037,3.107,val,4.2174036502838135
JVASP-147705,LiCoSbO4,3.0502045154571533,4.747809171676636,3.014,test,5.9551661014556885
JVASP-120282,LiF3,7.528873443603516,7.038135051727295,7.429,train,8.372634649276733
JVASP-141552,Li3MnAs2,2.004547595977783,2.2969179153442383,2.051,train,7.300843000411987
JVASP-120588,Li2CoBO4,2.663099765777588,4.6516945362091064,2.647,train,6.475014925003052
JVASP-144725,LiCo4O8,3.734405517578125,4.430558443069458,3.743,train,4.683147192001343
JVASP-46714,LiFe2P2O8,3.300199270248413,3.355508089065552,3.319,train,3.5832035541534424
JVASP-140223,Li7Mn4CoO12,3.3695240020751953,4.005543061665127,3.377,train,5.9757959842681885
JVASP-144720,LiVOF3,4.017423629760742,4.380152940750122,4.025,train,4.9874513149261475
JVASP-68963,BaLiCa2,-0.0953521654009819,0.1591427326202392,-0.085,train,0.6289371252059937
JVASP-3426,Li2GePbS4,1.841941475868225,2.5235159397125244,1.79,train,2.7780492305755615
JVASP-141436,YbLiMo2O8,2.756577968597412,4.338957071304321,2.716,train,4.75159478187561
JVASP-106303,LiTaF6,6.977654933929443,7.053269147872925,6.768,train,12.387770891189575
JVASP-46544,Li3CoCu4O8,3.241265296936035,4.048357407251994,3.243,train,4.651602506637573
JVASP-46790,Li2TiCr2O6,2.8688135147094727,3.294752836227417,2.87,train,4.97014307975769
JVASP-118994,Li7Mn2Co3O12,3.569528579711914,4.260579892567226,3.578,train,5.53382420539856
JVASP-47561,Li3MnCo2O6,3.284369945526123,3.5541188716888428,3.286,train,4.8582823276519775
JVASP-43045,LiTaWO6,1.2708698511123657,2.411635637283325,1.307,train,2.8646605014801025
JVASP-133703,LiMnF3,4.0091705322265625,5.456105470657349,4.024,val,9.633773565292358
JVASP-48957,Li7VO4F2,4.719244003295898,4.457854270935059,4.693,train,7.675709724426269
JVASP-39837,Li2AcSn,0.29081904888153076,0.3395246267318725,0.231,train,1.7794113159179688
JVASP-7742,Li5Tl2,0.716366171836853,0.6612931966781617,0.75,train,1.835996150970459
JVASP-46893,LiTiCoO4,2.8600564002990723,4.3448874950408936,2.846,train,4.675994634628296
JVASP-141578,Li2CoNiO4,3.43721079826355,3.9306702613830566,3.438,train,5.072314977645874
JVASP-34296,LiCo2O4,3.7584683895111084,4.081101655960083,3.769,train,4.764545679092407
JVASP-96870,Li3B5H2O10,2.5221385955810547,3.5218538443247476,2.503,train,4.709875822067261
JVASP-70560,LiBe2Nb,-0.08047222346067429,0.7072458267211914,-0.033,train,1.93339204788208
JVASP-145577,LiMn2O2F3,3.513030767440796,5.143107652664185,3.574,test,6.694600343704224
JVASP-137795,LiB2P2,1.2804206609725952,1.2173714637756348,1.253,val,1.8099186420440672
JVASP-41994,LiY2Os,-0.23846378922462463,0.6713869571685791,-0.159,train,1.96993088722229
JVASP-46047,Li4B2O5,3.6224308013916016,4.965798497200012,3.585,train,6.757005453109741
JVASP-67632,Li2BeCd,0.3327123820781708,0.8655592203140259,0.381,train,1.9199726581573489
JVASP-48598,Li2VF4,3.9242043495178223,3.7435497045516968,3.871,train,6.009165048599243
JVASP-79748,LiNiO2,3.5667505264282227,3.8467729091644287,3.577,train,4.5125062465667725
JVASP-22710,LiNiF3,4.179586887359619,4.920659780502319,4.192,train,5.7564780712127686
JVASP-146732,Li2CrC2O6,3.237719774246216,3.5737364292144775,2.989,test,4.236047983169556
JVASP-120289,LiNbSe2,1.3481831550598145,1.7438862323760986,1.366,train,1.8985140323638916
JVASP-133694,Li5V5Fe2O12,2.4106035232543945,2.613187551498413,2.444,val,3.321052312850952
JVASP-112908,Li5MnCo2O8,3.716829776763916,4.417517137527466,3.737,train,5.221292734146118
JVASP-65789,BaLiBi2,0.08543867617845535,0.5477275848388672,0.16,train,1.2504361867904663
JVASP-135376,Li2WS2,1.6150683164596558,1.0110219717025757,0.817,val,3.0468013286590576
JVASP-47507,Li2FePO5,3.2769579887390137,4.397125005722046,3.275,train,6.254270792007446
JVASP-138833,LiRhF4,5.043923854827881,5.686912536621094,5.229,val,6.2629640102386475
JVASP-112438,LiVF4,3.8996236324310303,4.04534649848938,3.886,train,4.325782537460327
JVASP-139385,LiP2,0.7693600654602051,0.8033525943756104,0.248,val,1.232563018798828
JVASP-52229,Li3CuF6,4.955822467803955,6.447556257247925,4.984,train,7.691095113754272
JVASP-145520,Li2MnO2F,4.534716606140137,5.199797868728638,5.096,test,13.793069124221802
JVASP-53921,Na2LiAlH6,0.3670285940170288,1.083484411239624,0.377,train,1.2861361503601074
JVASP-142690,LiVSnO4,2.703512191772461,3.492164373397827,2.731,train,4.107869863510132
JVASP-121190,LiSbTe,0.5491721034049988,0.9918131828308104,0.536,train,2.017710328102112
JVASP-52789,Li2NiO3,3.8106868267059326,4.8080971240997314,3.834,train,6.35630202293396
JVASP-112455,Li4Ti3Mn2Nb3O16,2.2692759037017822,2.9570114612579346,2.292,train,4.286287546157837
JVASP-57202,Li4UO5,2.441545009613037,3.971156120300293,2.468,train,6.675307035446167
JVASP-74358,LiBe2Zn,0.07313937693834305,0.6570379137992859,0.113,train,2.2850276231765747
JVASP-92292,Li2CaN2,3.8859498500823975,2.5800018310546875,3.856,train,4.066206455230713
JVASP-39315,LiHo3,-0.6596945524215698,0.0734784603118896,-0.715,train,1.461482048034668
JVASP-140619,LiFeF3,4.104140758514404,4.792385578155518,4.112,train,6.450531721115112
JVASP-57144,NaLiCO3,2.4599599838256836,4.216179132461548,2.465,train,5.3897058963775635
JVASP-111889,Li3Co4O8,3.62106990814209,3.993730783462525,3.647,train,5.031202077865601
JVASP-115704,LiBrO,4.050719738006592,3.4858548641204834,4.076,train,4.022463798522949
JVASP-105459,Li2VCrS4,2.0713210105895996,2.4022600650787354,2.059,train,2.9948551654815674
JVASP-118984,Li3MnCoO5,3.4031550884246826,4.30353569984436,3.42,train,6.242619752883911
JVASP-113155,Li2TiCr3O8,3.2473559379577637,4.277622938156128,3.229,train,4.613470792770386
JVASP-7661,BaLiP,1.5655044317245483,1.5558245182037354,1.559,train,2.647862195968628
JVASP-110325,Li2VFeO4,2.945638418197632,2.6470305919647217,2.95,train,3.3609044551849365
JVASP-143266,Li3V4O3F9,2.9981937408447266,2.930231809616089,2.879,test,3.4647605419158936
JVASP-50497,Li4NbTe3O12,3.280975818634033,4.03792405128479,3.281,train,5.604019403457642
JVASP-136905,Li2LaO2,2.618083953857422,1.7057790756225586,1.273,val,3.608553647994995
JVASP-46716,LiMn2P2O8,3.416074275970459,3.928700685501098,3.431,train,4.073344469070435
JVASP-91486,Li6ZrBeF12,5.473029613494873,6.284598112106323,5.457,train,9.34402871131897
JVASP-38476,Li3C,1.3235419988632202,2.5333141485850015,1.386,train,26.914624452590942
JVASP-121304,LiAu2O3,2.4745402336120605,3.9919166564941406,2.52,train,5.454792261123657
JVASP-119594,Li4Nb3V3Fe2O16,2.328341007232666,3.2564890384674072,2.375,train,4.1650331020355225
JVASP-112834,Li5Fe5Cu2O12,2.9292802810668945,3.6364284992218017,2.956,train,4.972535848617554
JVASP-118629,RbLiS,2.4793739318847656,3.158231019973755,2.434,train,5.920605540275574
JVASP-117277,LiV2Si2O8,2.6117959022521973,3.1783645153045654,2.645,train,3.3273346424102783
JVASP-144810,Li2Co3TeO8,3.3010847568511963,3.921905755996704,3.32,val,4.131407976150513
JVASP-48915,Li2MnOF3,4.434173107147217,5.157896995544434,4.52,train,7.799307823181152
JVASP-18858,Li2GaIr,1.7123321294784546,1.338953733444214,1.749,train,4.122260808944702
JVASP-111993,Li2VCr3O8,3.355339527130127,4.387010812759399,3.345,train,5.180519342422485
JVASP-111976,Li2VO2F2,3.871519088745117,4.7004735469818115,3.881,val,8.591635942459106
JVASP-122393,Li3CoO3,4.301103115081787,4.63067094484965,4.294,train,5.609879970550537
JVASP-42706,Li2MnFeB2O6,2.3604865074157715,3.4597432613372803,2.399,train,4.271952390670776
JVASP-48956,LiV2O3F,2.205826759338379,2.982949495315552,2.196,train,3.646625280380249
JVASP-125959,Li8P,0.2421223223209381,0.3174208849668503,0.254,train,4.533805847167969
JVASP-43437,LiFeF3,4.10398530960083,4.803186893463135,4.114,train,6.530527830123901
JVASP-147480,Li5Mn2CoO8,3.8276352882385254,4.190681123733521,3.855,test,6.4548585414886475
JVASP-105461,Li2GeSb2Te5,5.200483798980713,2.2911062240600586,5.096,train,2.457165479660034
JVASP-154232,LiMoS2,2.3165159225463867,1.7865469455718994,1.64,test,2.172394037246704
JVASP-106890,Li2FeCoO4,3.2038934230804443,3.646528482437134,3.24,train,5.2485268115997314
JVASP-112894,LiCeSi2,0.07589603215456009,1.0208933353424072,0.12,train,1.798752784729004
JVASP-42990,Li5V5Co2O12,2.3859872817993164,2.6876855373382567,2.383,train,3.5691821575164795
JVASP-145992,Li6Mn3CoO10,3.474684238433838,4.137892007827759,3.485,test,6.035092115402222
JVASP-43385,LiVFeO4,2.81571364402771,3.465757131576538,2.852,train,3.653898000717163
JVASP-51130,LiTaW2,-0.75203537940979,1.4571726322174072,-0.76,train,5.960530042648315
JVASP-41791,LiPm2Al,-0.06603460758924484,0.720024824142456,-0.017,train,3.081573247909546
JVASP-147249,Li6Mn3CoO10,3.3058886528015137,4.16822616259257,3.337,test,6.056986093521118
JVASP-68685,LiBe2Sb,0.2553125321865082,1.2065796852111816,0.285,train,2.323993444442749
JVASP-40480,LiLaNb2O7,1.5729320049285889,3.704676866531372,1.61,train,4.247485399246216
JVASP-47619,Li2CoNi3O8,4.091872692108154,4.443497896194458,4.07,train,4.94005274772644
JVASP-48644,Li3V2O4F2,5.03001070022583,5.4100269476572675,5.048,train,8.797729253768921
JVASP-109903,LiTi2BiO6,2.416388511657715,2.9722182750701904,2.437,train,3.5168941020965576
JVASP-141160,Li3TiNi3O8,3.491711378097534,4.304231882095337,3.489,train,4.619868993759155
JVASP-139313,LiC2,1.4773398637771606,1.796539068222046,0.568,val,7.2707602977752686
JVASP-92223,LiNdSe2,0.8569336533546448,2.106765031814575,0.844,train,4.143140077590942
JVASP-116021,Li4NF,3.939478635787964,3.8637384176254272,3.91,train,8.605010032653809
JVASP-58326,LiAlSi2O6,2.517158031463623,3.8347532749176025,2.526,train,5.120861768722534
JVASP-44730,Li4Fe5Co3O16,3.5163536071777344,4.144291639328003,3.505,train,4.913254976272583
JVASP-122531,Li3CrClO4,4.7434492111206055,4.084751844406128,4.599,train,5.123849630355835
JVASP-27539,Li2SnTeO6,3.7487425804138184,4.33062481880188,3.807,train,5.461804389953613
JVASP-112944,LiH2N,2.2661824226379395,1.9373009204864504,2.21,train,3.227099657058716
JVASP-142659,LiFeSiO4,3.3609848022460938,4.304013013839722,3.339,val,5.06534218788147
JVASP-133556,Li2TiV2O6,2.652090549468994,3.0038232803344727,2.63,val,3.7030179500579834
JVASP-109809,Li2MnN2,1.96651029586792,2.1481354236602783,1.891,train,4.299584627151489
JVASP-42801,Li5Co2O2F5,6.180299758911133,6.435561537742615,6.117,train,12.025318264961244
JVASP-144791,Li4Mn3Co2Ni3O16,3.700434684753418,4.178237199783325,3.689,val,4.765239953994751
JVASP-89324,LiIO3,3.750697612762451,4.663348913192749,3.77,train,5.342768907546997
JVASP-119310,LiFeMo2O8,3.487330198287964,4.006853342056274,3.451,train,4.518736124038696
JVASP-39848,LiZrAu2,1.9325836896896362,1.8725357055664065,1.929,train,4.213058233261108
JVASP-152807,LiMo6S8,2.312736988067627,1.8984816074371336,2.422,test,1.9515821933746336
JVASP-144091,Li6Mn5CoO12,3.0298914909362793,3.948717832565307,3.008,val,5.888235807418823
JVASP-43061,Li3BiS3,1.7540390491485596,2.965032974878947,1.744,train,3.7588398456573486
JVASP-142075,Li4Mn3NiP4O16,3.0510597229003906,3.9735147953033447,3.067,val,5.822805643081665
JVASP-35970,LiZrSe2,1.3368183374404907,1.379762887954712,1.319,train,1.9038121700286863
JVASP-144548,Li7Mn4CoO12,3.394824504852295,4.0286862168993265,3.414,val,5.830108404159546
JVASP-119549,LiVCrP4O14,2.8527884483337402,4.130721807479858,2.81,train,4.228467226028442
JVASP-52205,Li8HfO6,4.216089725494385,4.443667262792587,4.24,train,11.370815992355348
JVASP-157330,LiCaMg2,-0.05470719188451767,1.5126326084136963,-0.068,test,5.217573642730713
JVASP-112845,LiNiP2O7,3.7086822986602783,5.834490060806274,3.652,train,6.029825448989868
JVASP-26410,LiScAs2O7,5.028164386749268,5.486760377883911,4.966,train,6.597728967666626
JVASP-144895,LiMnPO4,3.063070774078369,4.34836745262146,3.081,train,6.087652921676636
JVASP-34240,Li4CO4,2.3915395736694336,3.732237935066223,2.443,train,5.656789064407349
JVASP-142081,Li2Cr2SiO6,2.6979260444641113,3.6110222339630127,2.75,train,5.4938437938690186
JVASP-53293,LiIn2Ru,0.8250381946563721,1.0301107168197632,0.878,train,1.788041591644287
JVASP-144752,LiV3O2F6,3.1464364528656006,3.4882638454437256,3.08,val,3.756005048751831
JVASP-138818,LiNbF2,3.7740249633789062,4.508677244186401,3.779,val,5.455840349197388
JVASP-146242,Li2V3CoO8,3.194133758544922,3.9985830783843994,3.197,test,4.181771993637085
JVASP-146282,Li2MnP2O7,3.3974246978759766,4.808209657669067,3.332,test,6.856812238693237
JVASP-46752,Li6MnCrP2C2O14,3.0141384601593018,4.079871892929077,3.028,train,6.04719090461731
JVASP-44617,Li2Fe3SnO8,3.0162549018859863,4.372693300247192,3.07,train,4.6805689334869385
JVASP-157023,LiSm2Hg,-0.6276087760925293,0.7156062126159668,-1.11,test,1.862597405910492
JVASP-144269,LiMnVO4,2.5823702812194824,3.048731565475464,2.624,val,3.537682294845581
JVASP-70895,Li2BeGa,0.30940568447113037,0.4060262441635132,0.337,train,0.9124287366867064
JVASP-78922,Li2HN,2.5730929374694824,2.6640915870666504,2.524,train,4.323055982589722
JVASP-36778,LiAgO2,3.7187442779541016,4.645993709564209,3.758,train,5.755152583122253
JVASP-122404,Li4MnCo2O7,3.405118703842163,4.12814736366272,3.416,train,5.954310655593872
JVASP-140544,Li2Mn3SbO8,3.0827507972717285,3.6062028408050537,3.126,val,4.191631555557251
JVASP-35198,NaLi2BP2O8,3.231637477874756,5.842138051986694,3.215,train,8.02276873588562
JVASP-45912,LiTi4VO8,2.0310330390930176,2.24280047416687,2.073,train,2.6459672451019287
JVASP-110662,K2LiNdCl6,2.2467262744903564,2.2726035118103027,2.284,train,3.343341827392578
JVASP-121448,Li7Mn2Co3O12,3.5585055351257324,4.261669737952096,3.55,train,5.896638631820679
JVASP-146118,Li5CoO3F,4.364655017852783,4.644022226333618,4.368,test,7.040942192077637
JVASP-95585,LiTiPO5,3.048678159713745,5.1790549755096436,3.143,train,7.544891119003296
JVASP-117252,Li2TiFe3O8,3.4013423919677734,4.274475336074829,3.408,train,4.644591569900513
JVASP-43100,Li2Cr3NiO8,3.339918851852417,4.711409330368042,3.352,train,5.466574907302856
JVASP-122326,Li2AlCoO4,3.2747650146484375,4.559188604354858,3.315,train,7.150774717330933
JVASP-86436,LiSbF6,4.683477878570557,5.440855979919434,4.684,train,6.350234270095825
JVASP-111970,Li2VCoO5,3.5186853408813477,3.890338897705078,3.492,train,5.177808523178101
JVASP-38170,LiAg2Pb,0.7885175943374634,1.2674989700317385,0.788,train,1.8666568994522097
JVASP-3075,LiZnSb,0.8584482073783875,1.273227035999298,0.856,train,2.1142377853393555
JVASP-38607,LiLu2Ga,0.26225581765174866,-0.0332570075988769,0.327,train,0.6582821607589722
JVASP-148273,Li4Zr3O8,3.1278014183044434,4.417650461196899,3.277,test,12.283444166183472
JVASP-48227,LiCo2C4O12,4.045712471008301,4.4292638301849365,4.006,train,4.525120496749878
JVASP-112284,LiCuHSO5,3.5913026332855225,4.28769850730896,3.573,train,4.736698865890503
JVASP-47676,LiNiPO4,3.3631906509399414,5.107252359390259,3.338,train,6.5960776805877686
JVASP-141044,Li2Cr3NiO8,3.329737663269043,4.388464689254761,3.335,val,5.025412321090698
JVASP-12578,KLi2H3O3,2.3883447647094727,4.279457092285156,2.389,train,6.275146484375
JVASP-78740,LiAlGe,0.9274587035179138,0.618783712387085,0.901,train,0.833331823348999
JVASP-41852,LiBePd2,1.374950647354126,1.0368242263793943,1.404,train,3.044142961502075
JVASP-119256,Li3MnCo3O8,3.5020203590393066,3.880814790725708,3.51,train,4.616451978683472
JVASP-44525,Li4Fe3TeO12,3.7504947185516357,4.566335916519165,3.752,train,5.38480019569397
JVASP-104650,LiVSe2,1.6536821126937866,1.8130288124084473,1.637,train,2.1446845531463623
JVASP-16646,LiYGa4,0.4756908118724823,0.8892695903778076,0.455,train,1.6663135290145874
JVASP-120586,LiVF4,3.672961711883545,3.978189706802368,3.662,train,4.673585653305054
JVASP-142670,Li5Mn5Co2O12,2.9600298404693604,3.1532199382781982,3.004,val,4.357106924057007
JVASP-137737,Li2Ti2Mn3O10,3.2170567512512207,4.2166712284088135,3.297,val,6.148084878921509
JVASP-145631,Li4NbCo3O8,2.753667116165161,4.000452756881714,2.523,test,5.971918344497681
JVASP-46057,Li2BiO3,3.773357391357422,4.1731040477752686,3.729,train,5.5597169399261475
JVASP-39209,LiLu2Pd,-0.009623907506465912,0.35561203956604,-0.013,train,1.6427576541900637
JVASP-130734,Li8Zr,0.1297963261604309,0.1008947193622589,0.064,val,4.398532509803772
JVASP-43957,Li2MnF6,5.489572048187256,5.629208922386169,5.473,train,7.733820676803589
JVASP-69223,BaLiBi2,0.0856129601597786,0.6231493353843689,0.161,train,1.986158549785614
JVASP-135317,LiScO,1.5108736753463745,1.144690752029419,0.468,val,2.4208004474639893
JVASP-79068,Li3Tc,1.0812712907791138,1.3909182945887248,1.165,train,5.994210600852966
JVASP-2988,LiBeAs,1.1288150548934937,1.1638286113739014,1.158,train,1.9590017795562744
JVASP-43167,Li2TiCo3O8,3.9389004707336426,4.833280801773071,3.938,train,5.375990152359009
JVASP-144892,Li3V3O5F3,3.020555019378662,3.600041627883911,2.966,test,3.918705701828003
JVASP-142071,Li2AlVO4,2.7047119140625,3.2625482082366943,2.699,val,5.59895396232605
JVASP-18615,Li2PbAu,1.2059612274169922,0.9644302129745485,1.197,train,2.74847412109375
JVASP-61021,Li3AlB2O6,2.314955949783325,4.927213430404663,2.296,train,8.622648000717163
JVASP-50640,Li2CuF4,4.694883346557617,6.3451670706272125,4.731,train,7.942528963088989
JVASP-124667,LiSb5,0.9961955547332764,1.2629438638687134,1.027,train,1.3539628982543943
JVASP-108602,Rb2LiSbI6,2.2247402667999268,1.6868496537208555,2.208,train,1.6868496537208555
JVASP-142677,Li2Cr3SbO8,2.6084752082824707,3.8764827251434326,2.64,val,4.967635869979858
JVASP-38234,Rb3Li,-1.005699872970581,-0.4247176647186279,-0.903,train,-0.1240575313568115
JVASP-43647,Li2FeF4,5.196688175201416,5.17696225643158,5.165,train,8.143328428268433
JVASP-143580,Li2CuS2,2.0994932651519775,3.316387802362442,2.139,val,5.228509426116943
JVASP-42267,Li2FeOF3,4.76327657699585,5.476359486579895,4.822,train,7.723586320877075
JVASP-119744,Li4Ni3O6F,3.706463575363159,4.359153509140015,3.724,train,5.7936692237854
JVASP-42455,LiVF4,3.854041814804077,3.9986064434051514,3.834,train,4.375551462173462
JVASP-150057,Na3Li3N2,1.6197937726974487,2.089545706907908,2.021,test,4.592818260192871
JVASP-43374,LiFeF4,5.69286584854126,5.911469221115112,5.663,train,6.77680778503418
JVASP-139364,LiTaN,-0.375836044549942,1.100555658340454,0.656,val,2.091608762741089
JVASP-7706,LiGaSi,0.8004848957061768,1.1057733297348022,0.83,train,2.3795124292373657
JVASP-137222,Li4Cr3NiO8,3.0421273708343506,3.885261297225952,3.044,test,5.636972188949585
JVASP-68706,LiBeSe2,1.7344425916671753,1.9725385904312136,1.67,train,2.353466749191284
JVASP-48967,LiNi3O3F,3.330583333969116,3.86139178276062,3.299,train,5.0260608196258545
JVASP-133227,LiSe2O6,4.773416042327881,4.439833402633667,4.519,val,4.9183290004730225
JVASP-112295,LiH2N,1.9024602174758911,2.804776906967163,1.939,train,4.677525758743286
JVASP-76948,LiZn2Cu,-0.07907833904027939,0.0679304599761962,-0.056,train,0.0679304599761962
JVASP-38617,LiDyO2,1.9707621335983276,4.2036521434783936,2.094,train,10.048908472061155
JVASP-47472,LiCrPO4,2.845634937286377,3.887648344039917,2.859,train,5.041805028915405
JVASP-40311,Sr2LiIn,0.9240648746490479,0.6006643772125244,0.995,train,2.392958879470825
JVASP-8671,Li2MnBr4,2.55808687210083,3.0896605253219604,2.548,train,5.2110207080841064
JVASP-48686,Li4Fe3O2F6,4.138804912567139,4.589270293712616,4.082,train,7.212939739227295
JVASP-111961,Li3Fe3NiO8,3.234266757965088,3.6373097896575928,3.281,train,4.081082582473755
JVASP-142144,Li4MnCo2O7,3.5243144035339355,4.170313596725464,3.522,train,5.318678140640259
JVASP-156943,LiZrZn2,0.8454698920249939,1.922550916671753,1.399,test,6.029245018959045
JVASP-55719,Li2H2SeO5,4.469172477722168,5.4579384326934814,4.463,train,6.70787787437439
JVASP-66067,BaLiSn,-1.1333600282669067,-0.5248826742172241,-1.112,train,0.1404980421066284
JVASP-40233,LiHfPd2,1.5376853942871094,1.152266263961792,1.532,train,2.9702091217041016
JVASP-111275,Yb2LiAl,-0.2723989188671112,0.4926215410232544,-0.188,train,2.9501614570617676
JVASP-48191,Li2P2WO8,2.934717893600464,3.811047077178955,2.927,train,4.546660661697388
JVASP-10158,Li4UO5,2.4525129795074463,3.948710203170776,2.467,train,7.348394155502319
JVASP-128756,LiTi2,0.1643667221069336,0.559258222579956,0.19,train,8.462381601333618
JVASP-43661,Li4Mn3Co3Sn2O16,3.1741557121276855,4.047107934951782,3.174,train,5.159255266189575
JVASP-79432,Li3Zn,0.6919704675674438,0.6253461043039957,0.716,train,2.2648088932037354
JVASP-144258,LiCo5O3F5,2.809558868408203,3.1265149116516113,2.739,train,3.245624542236328
JVASP-13360,Li7SbO6,4.047300815582275,4.858938455581665,4.133,train,10.163758039474487
JVASP-47067,LiMnPO4,3.0519118309020996,4.149832010269165,3.056,train,5.739228963851929
JVASP-46722,LiV2P2O8,2.5580506324768066,2.7714388370513916,2.62,train,2.8396403789520264
JVASP-118898,LiN2,2.6043646335601807,3.691246509552002,2.549,train,5.9025352001190186
JVASP-141635,LiVTe3O12,3.9660606384277344,4.048237085342407,3.965,train,4.262715578079224
JVASP-44582,Li2Fe3SnO8,3.0341310501098633,3.8905203342437744,3.04,train,4.300699472427368
JVASP-18589,Li2AgSn,0.8768600225448608,1.231889724731445,0.879,train,2.3134249448776245
JVASP-67397,LiBeSb,0.3171144425868988,0.8080862760543823,0.338,train,1.094308853149414
JVASP-140755,Li2MgH2N2,1.6329361200332642,2.248098850250244,1.685,val,4.898132085800171
JVASP-47083,LiVF3,2.4431519508361816,3.772475481033325,2.447,train,5.430200815200806
JVASP-119272,Li3Co4O8,3.6344785690307617,3.9610888957977295,3.648,train,5.006159543991089
JVASP-92256,Li2MnSnO4,2.8164749145507812,2.9388725757598877,2.841,train,5.892744302749634
JVASP-85488,LiFe6Ge4,0.8657907247543335,1.3090918064117432,0.919,train,1.4763624668121338
JVASP-144263,LiNbCrO4,2.351917266845703,2.6599624156951904,2.333,val,3.3973891735076904
JVASP-146709,Li3MnCo3O8,3.518549919128418,3.8869221210479736,3.531,test,4.801922559738159
JVASP-93429,LiHO,4.030847072601318,4.6692187786102295,4.06,train,10.44385313987732
JVASP-49881,Li2TiCuO4,2.989078998565674,4.65412449836731,2.993,train,6.796157121658325
JVASP-99685,NaLi2IrF6,4.5593061447143555,2.9476802349090576,4.543,train,4.105279922485352
JVASP-70959,Li2BeCo,-0.1324012279510498,0.2874462604522705,-0.09,train,1.3742470741271973
JVASP-2736,Li2CeN2,2.3069207668304443,2.3562934398651123,2.335,train,7.9560816287994385
JVASP-139352,LiPN,1.4291611909866333,2.2170363664627075,1.998,val,3.1805975437164307
JVASP-113202,Li5Mn3Co2O10,3.145479202270508,3.9666807651519775,3.173,train,5.607483148574829
JVASP-135306,LiNbO,2.182905912399292,2.046433687210083,3.043,val,3.484998941421509
JVASP-44786,Li2MnFeB2O6,2.3448288440704346,3.2502005100250244,2.354,train,4.039571046829224
JVASP-111841,LiMn2P2H4O10,2.71211576461792,2.761470079421997,2.73,train,3.0114195346832275
JVASP-143260,Li4Mn3SbP4O16,3.027878761291504,3.668867826461792,3.024,train,4.944906949996948
JVASP-136928,LiWN,0.33161988854408264,1.1791388988494873,0.74,val,2.060347318649292
JVASP-71023,LiSc2Be,0.45062771439552307,0.7479972839355469,0.478,train,3.6951725482940674
JVASP-56602,BaLi2Mg2Si2,0.5475791692733765,0.5007696151733398,0.522,train,0.5278353691101074
JVASP-111924,LiTiCoO4,2.860274076461792,4.341481447219849,2.846,train,4.755254507064819
JVASP-137797,LiBP,1.2485061883926392,1.7873003482818604,1.801,val,2.969884157180786
JVASP-8644,LiNiO2,3.563363552093506,3.8352935314178462,3.577,train,4.49683690071106
JVASP-47021,Li2V2SiGeO10,3.478330135345459,3.6485435962677,3.543,train,4.005108594894409
JVASP-40280,SrLi2Sn,0.4315636456012726,0.6779390573501587,0.352,train,2.422551393508911
JVASP-59219,LiVP2O7,3.3100967407226562,3.108634233474731,3.296,train,3.379628896713257
JVASP-44074,Li4Fe3Si3O12,3.2886228561401367,4.473942756652832,3.279,train,5.79494309425354
JVASP-141061,Li6Mn5CoO12,3.0102925300598145,3.8950741291046143,3.008,val,5.7459557056427
JVASP-116883,LiVSiO4,2.594731569290161,3.263000249862671,2.605,train,4.102562189102173
JVASP-154353,LiCeGe2,0.3840358555316925,0.9733684062957764,0.334,test,1.4064407348632812
JVASP-44482,Li4NbFe5O12,3.058250665664673,3.664240837097168,3.088,train,4.51287055015564
JVASP-70768,LiBeP2,1.4641419649124146,1.3122565746307373,1.425,train,1.7278153896331787
JVASP-147486,LiMnBO4,3.122300148010254,5.2699196338653564,3.002,test,6.050217866897583
JVASP-46260,Li2Ni3BiO8,3.7561469078063965,4.3902060985565186,3.76,train,4.807539224624634
JVASP-47760,Li3CrSiO5,2.7121901512145996,4.265607913335164,2.728,train,6.868327856063843
JVASP-21052,Li6Zr2O7,4.3159499168396,4.602456569671631,4.273,train,7.928784132003784
JVASP-48117,Li2Fe3TeO8,3.0680809020996094,3.7479031085968018,3.08,train,4.468323469161987
JVASP-49748,Li8TiS6,2.1609749794006348,3.0398740470409393,2.167,train,4.8032286167144775
JVASP-145944,Li2CoOF3,4.541338920593262,5.798459529876709,4.695,test,6.794849157333374
JVASP-115413,LiMgAs,0.5183348655700684,0.5381402969360352,0.534,train,1.1329373121261597
JVASP-142148,Li4MnCo2O7,3.3974905014038086,4.272522926330566,3.413,train,6.581702947616577
JVASP-79860,LiScAu2,1.8241106271743774,1.2692317962646484,1.722,train,2.178504228591919
JVASP-39344,LiHoPd2,0.1918153464794159,1.2825920581817627,0.239,train,4.49726939201355
JVASP-119372,LiCoSiO4,3.2658228874206543,4.802117109298706,3.252,train,5.279656648635864
JVASP-115449,LiGeAu,0.9555794596672058,1.1582410335540771,0.965,train,1.5754667520523071
JVASP-145588,Li7MnO3F3,4.852084636688232,5.135614395141602,4.789,test,8.5035080909729
JVASP-117085,LiVNiO4,3.257770538330078,3.103245496749878,3.212,train,3.3649961948394775
JVASP-48187,LiCoGeO4,3.5920653343200684,4.397350549697876,3.605,train,4.538715600967407
JVASP-133578,Li3MnCo2O6,3.2629234790802,3.4502604007720947,3.278,val,4.829523324966431
JVASP-147429,Li3TiV3O8,2.552818775177002,3.085408926010132,2.571,test,3.7397921085357666
JVASP-155764,SrLi2Mg2,0.2664192020893097,0.2506431341171264,0.044,test,1.245218276977539
JVASP-10489,Li4TiO4,2.97926926612854,4.617782831192017,2.921,train,8.010184526443481
JVASP-116890,Li3FeCu3O8,3.4661667346954346,4.145664215087891,3.478,train,4.589987516403198
JVASP-94840,LiMg4Si2,-0.16471663117408752,-0.2359122037887573,-0.157,train,0.3071116805076599
JVASP-145165,LiFe2O4,3.2367300987243652,4.0854198932647705,3.298,test,5.073603391647339
JVASP-144009,LiMnBO3,2.361589193344116,3.706423044204712,2.356,train,7.597680330276489
JVASP-144746,Li2Co3NiO8,3.8975186347961426,4.758262872695923,3.91,val,5.364073991775513
JVASP-43381,Li2Ti3NbO8,2.061353921890259,2.4597585201263428,2.084,train,3.063720464706421
JVASP-46901,Li2VOF3,3.5155930519104004,4.2159411907196045,3.528,train,6.738292455673218
JVASP-137799,LiBS,1.9251415729522705,1.4860773086547852,1.442,val,3.272844076156616
JVASP-59274,SrLiTa2O6F,1.5688773393630981,4.0438268184661865,1.587,train,6.071787595748901
JVASP-144549,Na2LiFePCO7,2.3152596950531006,3.0340235233306885,2.248,val,3.258290529251098
JVASP-155678,Li2YSi2,0.9183743596076965,1.46966814994812,1.477,test,4.033817768096924
JVASP-47885,LiCoSiO4,3.2952523231506348,5.018850564956665,3.316,train,5.652859926223755
JVASP-46254,Li2CrO3,3.41232967376709,4.488046407699585,3.434,train,6.628804445266724
JVASP-118600,Li2Ag,1.0096434354782104,0.857837587594986,0.997,train,2.166450798511505
JVASP-8776,LiBiS2,2.1772258281707764,2.9492809772491455,2.178,train,4.18201208114624
JVASP-98639,LiBH2OF4,3.6505277156829834,4.2653443813323975,3.663,train,4.652386903762817
JVASP-39680,LiSm2Ru,-0.1253126859664917,0.5098519325256348,-0.071,train,1.7293367385864258
JVASP-107461,LiZnCd2,0.706390380859375,0.6939301490783691,0.739,train,1.078122615814209
JVASP-43362,Li2Fe3TeO8,2.916541576385498,3.688628911972046,2.946,train,4.31144642829895
JVASP-51903,Li4CO4,2.4589085578918457,3.762900114059448,2.469,train,5.791516542434692
JVASP-51727,Li2HIO,3.1114799976348877,4.348328709602356,3.094,train,10.855166673660278
JVASP-43720,Li2FeO2F,4.02689266204834,4.779776334762573,4.033,train,7.271631240844727
JVASP-22954,Li3GaGeO5,3.3180007934570312,5.072863578796387,3.308,train,8.175204753875732
JVASP-118886,LiF2,6.569040775299072,6.782171130180359,6.453,train,10.38429355621338
JVASP-70430,LiBe2Ga,0.2605529725551605,0.8833358287811279,0.321,train,2.1317291259765625
JVASP-147357,Sr2LiO12,2.8632421493530273,3.4944558143615723,4.886,test,3.6078484058380127
JVASP-44512,Li4Mn5NbO12,3.046243190765381,3.844524621963501,3.073,train,4.711600065231323
JVASP-139326,LiC,1.6647964715957642,2.3817198276519775,1.755,val,9.467403888702393
JVASP-130657,BaLi8,-0.11646755784749985,0.0134890675544738,-0.069,train,2.8912603855133057
JVASP-71660,Li2BeNb,0.07070732861757278,1.240819215774536,0.144,train,7.134993314743042
JVASP-137387,Li2Mn3CoO8,3.7016336917877197,4.208172559738159,3.695,train,4.90607762336731
JVASP-142598,LiMn2O2F3,3.4395222663879395,4.141525983810425,3.47,val,4.756632089614868
JVASP-46659,Li2CuNiP2O8,3.330005168914795,4.42160439491272,3.348,train,5.5208728313446045
JVASP-41331,Li4Ti3Fe3Sb2O16,2.720942497253418,3.519432783126831,2.734,train,4.129305124282837
JVASP-64794,Ba4LiCr,-1.1417088508605957,1.1148080825805664,-1.002,train,3.5648595094680786
JVASP-48182,LiVP3O9,2.6526527404785156,3.2065680027008057,2.644,train,3.3219645023345947
JVASP-122362,Li3CoNi3O8,3.5693001747131348,3.8599002361297607,3.571,train,4.346273422241211
JVASP-108974,K2LiScF6,2.664731025695801,2.891296148300171,2.489,train,3.235679864883423
JVASP-42686,Li2FeO2F,4.136373043060303,4.385188341140747,4.144,train,6.090574026107788
JVASP-145831,LiZnRhF6,4.2251739501953125,5.232721567153931,5.073,test,5.298339605331421
JVASP-141062,Li6CoNi5O12,3.5345001220703125,3.8564789295196538,3.445,val,4.80051851272583
JVASP-134088,LiBeOs,0.14571410417556763,1.5570192337036133,0.231,train,6.0412986278533936
JVASP-18740,LiPt2,2.010317325592041,2.416322946548462,1.915,train,3.497853994369507
JVASP-47332,Li3VF8,7.046485900878906,6.401037931442261,7.028,train,8.208258152008057
JVASP-46500,LiAl2FeO6,3.581340789794922,4.142644643783569,3.603,train,4.48300576210022
JVASP-140649,Li5Ti6FeO16,2.800534248352051,5.4597266674041744,2.808,train,8.089662313461304
JVASP-47094,Li8NiO4F2,4.565801620483398,4.677998244762421,4.562,train,6.899082899093628
JVASP-42515,Li4Fe2Cu3O10,3.4238548278808594,4.333419442176819,3.431,train,4.80570125579834
JVASP-47035,Li3Ni3OF7,4.123754978179932,5.175658623377482,4.127,train,6.947376489639282
JVASP-142035,Li2VNiO4,3.0440475940704346,3.6379687786102295,3.038,val,4.579998731613159
JVASP-48346,Li5Mn3Cr2O10,2.9281861782073975,3.866668462753296,2.96,train,5.4235475063323975
JVASP-99965,TbLiS2,1.1387604475021362,2.4999306201934814,1.181,train,4.8656861782073975
JVASP-118607,LiZnO,1.5205491781234741,1.0093958377838137,1.559,train,2.359504222869873
JVASP-91518,LiOsF6,4.191934108734131,5.372156858444214,4.033,train,6.199749231338501
JVASP-107373,LiSbN2,2.378715991973877,3.913742780685425,2.351,train,5.242570161819458
JVASP-47159,LiVF6,6.5797905921936035,5.724772930145264,6.402,train,6.550713062286377
JVASP-99363,Li3ScB2O6,2.406203269958496,4.502840757369995,2.397,train,6.98718523979187
JVASP-58401,Li8PrO6,4.080014228820801,4.351617217063904,4.074,train,9.523980140686035
JVASP-51137,LiZrSc,0.9180934429168701,0.2233715057373047,0.928,train,2.4454848766326904
JVASP-48311,Li4MnF7,5.398461818695068,6.308809041976929,5.419,train,8.883796215057373
JVASP-135360,LiSbS,1.5574856996536255,0.7465802431106567,0.614,val,1.0259437561035156
JVASP-50700,LiCuPO4,3.384915828704834,5.323957681655884,3.392,train,5.733103036880493
JVASP-48228,LiCoSiO4,3.0822372436523438,4.186524152755737,3.068,train,4.9594480991363525
JVASP-89367,BaLiZr2F11,3.309587001800537,2.937072992324829,3.268,train,3.337824583053589
JVASP-116509,Li7Mn2Co3O12,3.7111525535583496,4.079705885478428,3.724,train,5.769487619400024
JVASP-121915,LiMnF4,4.304358005523682,5.87250542640686,4.309,train,6.638323068618774
JVASP-9423,LiGaS2,2.2265877723693848,3.1730241775512695,2.203,train,5.342121720314026
JVASP-104782,LiV2CrO6,2.7653074264526367,2.8177082538604736,2.788,train,2.967099905014038
JVASP-145591,Li2VF5,3.996493339538574,4.596210956573486,4.009,test,6.423116683959961
JVASP-137307,Li4Mn7O16,3.546198844909668,4.274048447608948,3.591,test,4.973066568374634
JVASP-155705,LiAs2Pd2,1.0281851291656494,0.9178550243377686,1.84,test,1.4778621196746826
JVASP-43799,LiVF3,2.3335652351379395,2.515383005142212,2.278,train,3.4435980319976807
JVASP-146736,Li4Mn3Nb3Sb2O16,2.4185056686401367,3.2547948360443115,2.313,test,3.870210886001587
JVASP-66397,BaLiZn,-0.8394869565963745,-0.3908698558807373,-0.794,train,0.2364888191223144
JVASP-44619,Li5Cr2Fe5O12,2.8654680252075195,3.2431785106658935,2.892,train,4.077150106430054
JVASP-121444,Li7Mn2Co3O12,3.414492607116699,4.214922325951712,3.418,train,6.4571778774261475
JVASP-95247,Li3H6Ir,2.4462623596191406,2.209381182988485,2.482,train,3.688285589218139
JVASP-46237,Li4CrFe3O8,3.0123379230499268,3.353637933731079,3.033,train,4.233742952346802
JVASP-25813,LiNdGeO4,2.3705191612243652,3.1440141201019287,2.397,train,6.171597719192505
JVASP-81240,Li2MgGa,0.06864277273416519,0.3413679599761963,0.035,train,1.5406129360198977
JVASP-119593,Li5MnF8,5.877627849578857,6.233761787414551,5.849,train,10.839326977729796
JVASP-119375,Li3MnP2HO8,3.0730438232421875,5.093603849411011,3.107,train,6.627533197402954
JVASP-106551,LiPmO3,3.7317323684692383,4.244209051132202,3.694,train,6.682685613632202
JVASP-111896,Li2TiCo3O8,3.603555202484131,4.150959730148315,3.607,train,4.477123498916626
JVASP-43159,Li2Fe3CoO8,3.6291940212249756,4.5239880084991455,3.648,train,5.1745054721832275
JVASP-119722,LiMn2O3F,3.390805244445801,3.902026891708374,3.412,train,4.359998941421509
JVASP-108931,LiTa2S4,1.1350176334381104,2.361914873123169,1.116,train,3.435152292251587
JVASP-112429,Li2Mn3F8,3.5820631980895996,4.456149339675903,3.555,train,7.4416663646698
JVASP-38526,LiTmRh2,0.08175627142190933,1.6874783039093018,0.079,train,6.653119802474976
JVASP-43979,Li2MnF4,5.187276363372803,5.431362271308899,5.126,train,6.814878940582275
JVASP-145898,LiVCO4,2.690220594406128,3.700284242630005,2.68,test,4.020207166671753
JVASP-144068,Li4Nb2Fe3Sb3O16,2.5265419483184814,3.2786715030670166,2.374,val,3.9915850162506104
JVASP-71883,Li2BeSi,0.6086881160736084,1.4836177825927734,0.622,train,4.724704027175903
JVASP-152073,LiB11,0.4732643663883209,2.048107862472534,-0.118,test,3.636619329452514
JVASP-108953,LiFeN,1.0073485374450684,1.3779780864715576,1.063,train,2.781121015548706
JVASP-106047,Li2IBr,7.2159647941589355,8.05515170097351,7.336,train,63.776867628097534
JVASP-19904,LiTl,0.9653095602989197,0.7193406820297241,0.871,train,2.232726573944092
JVASP-48294,LiMnP2O7,3.3256995677948,3.9264461994171143,3.332,train,4.584986448287964
JVASP-40684,Li2VFeP2O8,2.7601611614227295,2.943126916885376,2.765,train,3.293068170547486
JVASP-23554,LiSn4Ru,-0.18943655490875244,0.8447847366333008,-0.134,train,1.117362380027771
JVASP-113667,LiBr,4.438225269317627,8.030709505081177,4.453,train,134.05851197242737
JVASP-34244,Li4CO4,2.3650972843170166,3.8256735801696777,2.337,train,5.723515748977661
JVASP-144419,Li4Mn3Fe3Co2O16,3.433103084564209,3.9903995990753174,3.438,train,4.663384675979614
JVASP-147160,Li5VO4F,4.6550703048706055,4.239269685745239,4.794,test,6.486624002456665
JVASP-151675,Li5BiO5,3.549055576324463,4.672913122177124,3.595,test,5.81530499458313
JVASP-52242,Li6CuF8,5.510725021362305,6.262041538953781,5.55,train,8.245129823684692
JVASP-44780,LiMnF3,3.666830062866211,5.94015908241272,3.714,train,9.50727915763855
JVASP-43450,LiFeF3,4.165487766265869,4.744969367980957,4.237,train,6.385422706604004
JVASP-153815,LiAlS2,1.857962965965271,3.1082849502563477,1.762,test,6.436959981918335
JVASP-57444,LiAlSiO4,2.3741707801818848,4.863576173782349,2.403,train,11.669033765792848
JVASP-145786,Li4MnCo2O7,3.5513834953308105,4.180033206939697,3.538,test,6.107170343399048
JVASP-42739,LiFe2OF5,3.8759188652038574,4.471179008483887,3.905,train,4.725924968719482
JVASP-12810,LiGa5O8,2.8874192237854004,3.6901779174804688,2.863,train,3.737459421157837
JVASP-137595,Li2Fe3CuO8,3.3256521224975586,3.842068910598755,3.363,train,4.1108362674713135
JVASP-34840,LiFe2O4,3.442934513092041,4.426607370376587,3.477,train,4.952658891677856
JVASP-43671,Li2TiNiO4,2.953874111175537,4.030409097671509,2.977,train,5.539568185806274
JVASP-40059,Li2NdIn,-0.16227182745933533,0.6199158430099487,-0.065,train,1.3383362293243408
JVASP-81333,LiY2In,-0.902031660079956,0.4214646816253662,-0.865,train,0.458219051361084
JVASP-106550,LiLaTl2,0.7172968983650208,1.5089777708053589,0.67,train,2.8951141834259033
JVASP-44628,Li5Nb2Fe3O10,2.6274142265319824,3.5910489559173584,2.668,train,6.404501676559448
JVASP-144808,Li7Mn2Co3O12,3.727247476577759,4.20345493725368,3.756,test,6.1987950801849365
JVASP-134191,LiBiS,0.8440101146697998,0.6085388660430908,0.478,val,0.869086503982544
JVASP-45075,Li3BePCO7,3.8241069316864014,4.662903388341268,3.804,train,6.0683228969573975
JVASP-38236,Rb3Li,-1.0008950233459473,-0.4359593391418457,-0.903,train,-0.1461830139160156
JVASP-141078,Li4MnCo2O7,3.392061948776245,4.21124005317688,3.416,val,5.77881932258606
JVASP-48209,Li2VP2O8,3.4482364654541016,4.435322046279907,3.442,train,5.167444944381714
JVASP-135329,LiSnO2,2.690922260284424,2.48661208152771,2.196,val,3.352553129196167
JVASP-8377,LiMn2O4,3.267350673675537,3.25915789604187,3.292,train,3.5804688930511475
JVASP-153725,LiMg8Si4,0.4210830330848694,0.2337287664413452,-0.715,test,0.583525538444519
JVASP-62656,LiBH4,1.0993279218673706,1.6486976146697998,1.107,train,2.7322075366973877
JVASP-111964,LiVC2O6,3.767831325531006,3.7206270694732666,3.778,train,3.974717378616333
JVASP-42149,Li7CuO4,4.167747974395752,3.898421679224287,4.194,train,6.5653464794158936
JVASP-143537,LiH2N,2.173827648162842,3.0320370197296143,2.12,train,4.851606607437134
JVASP-48011,Li4Mn2Cr3Co3O16,3.4724197387695312,4.077523946762085,3.45,train,4.8865697383880615
JVASP-140211,Li4MnCo2O7,3.534816026687622,4.098497152328491,3.569,train,5.343938589096069
JVASP-112918,Li7Mn2Co3O12,3.4036641120910645,4.24740127154759,3.419,train,6.64762806892395
JVASP-108951,LiO8,2.4560279846191406,3.887991189956665,2.409,train,4.878811597824097
JVASP-112803,Li2VO2F,3.0287892818450928,3.7386529445648193,3.036,train,7.491195917129517
JVASP-17653,LiIn2Pt,0.8921987414360046,0.6709465980529785,0.853,train,0.8432458639144897
JVASP-133186,Li3MnCo2O6,3.2057764530181885,3.9902193546295166,3.214,train,5.102605104446411
JVASP-155717,LiZn2Ga2,0.4610869586467743,0.932797074317932,0.425,test,1.4900927543640137
JVASP-43935,Li4Mn3V3Sn2O16,2.739109516143799,3.3333704471588135,2.779,train,3.61003041267395
JVASP-139340,LiMgP,-0.18058601021766663,0.5344433784484863,0.017,val,1.0364965796470642
JVASP-42011,LiHgPd2,1.3307851552963257,1.912505030632019,1.38,train,3.716348350048065
JVASP-46477,Li2VBO4,2.665696859359741,3.465815305709839,2.667,train,6.399527311325073
JVASP-117251,LiV3O4,1.8606418371200562,2.3760006427764893,1.832,train,3.5925214290618896
JVASP-147682,Li3MnO3,3.7019283771514893,4.376136064529419,4.061,test,6.570321321487427
JVASP-39423,LiDyIn2,-0.381759375333786,1.7583625316619873,-0.344,train,3.4847756028175354
JVASP-112758,Li3Ni4O8,3.595961093902588,4.024894952774048,3.608,train,4.6216113567352295
JVASP-45954,LiBi3Br2O4,2.7175135612487793,3.012876033782959,2.703,train,3.078584909439087
JVASP-108573,NaLi2GaF6,3.344374179840088,4.666353225708008,3.321,train,8.941852331161499
JVASP-99801,Li3Sm,0.21225878596305847,0.4560656547546386,0.243,train,3.067772090435028
JVASP-144071,Li5Fe2Ni5O12,3.2197370529174805,3.4309783935546876,3.211,val,4.0659685134887695
JVASP-16637,Li2Ca,0.13547679781913757,0.3766985237598419,0.158,train,1.6152223348617554
JVASP-91684,LiAl,1.406896948814392,1.4689534902572632,1.366,train,3.2089357376098633
JVASP-142885,Li3TiMn4O8,2.4899837970733643,2.6285976568857827,2.554,val,3.2543246746063232
JVASP-45831,Li3V2F9,3.9296388626098633,4.007081508636475,3.912,train,5.104115962982178
JVASP-142666,Li8NiO5F,4.47303581237793,4.53954204916954,4.52,val,6.580437183380127
JVASP-44828,Li5CrO5,4.956744194030762,4.702021551132202,4.942,train,6.6372389793396
JVASP-144285,Li2MnCoO4,3.197031021118164,3.748502016067505,3.193,val,5.350512266159058
JVASP-156340,LiCdGe,0.6125415563583374,1.2157955169677734,0.897,test,2.3659005165100098
JVASP-94780,LiMg6Al,0.10693518072366714,0.5973362922668457,0.128,train,1.2260005474090576
JVASP-127839,LiKr,-0.29253652691841125,-0.4840037822723388,-0.307,train,0.7722723484039307
JVASP-145611,Li2AlVO4,2.6789510250091553,3.215679407119751,2.711,test,5.0418994426727295
JVASP-74752,LiBeCu4,2.187112808227539,1.7284624576568604,2.198,train,2.1819357872009277
JVASP-8661,Li5B4,1.9539341926574707,1.2828516483306884,2.169,train,4.708595037460327
JVASP-135331,LiSnO,2.4542629718780518,2.4108383655548096,2.431,val,3.89520001411438
JVASP-72729,LiBe2W,0.5178837776184082,0.6614172458648682,0.621,train,3.306159257888794
JVASP-38464,Li3Cr,0.381806343793869,0.3492217063903808,0.42,train,4.284378528594971
JVASP-8650,LiCuPO4,3.4949827194213867,4.569865465164185,3.508,train,5.489245176315308
JVASP-136539,LiYF,-0.24890753626823425,0.8144841194152832,-0.324,train,2.246863842010498
JVASP-116127,LiHO,3.8909034729003906,4.72289776802063,3.942,train,6.9918272495269775
JVASP-109821,Li3FeF6,4.386600971221924,5.094157457351685,4.409,train,7.412136793136597
JVASP-71170,LiCaBe,0.5331357717514038,0.2287851572036743,0.595,train,1.388513684272766
JVASP-136955,LiReO,1.5215173959732056,-0.1077473163604736,-1.358,val,2.478226900100708
JVASP-81664,Sr2LiMg,-0.7940266132354736,-0.1730537414550781,-0.756,train,0.0298027992248535
JVASP-102718,LiErS2,1.1999461650848389,3.170924186706543,1.237,train,7.211804151535034
JVASP-95549,LiGaSi2O6,2.6247775554656982,3.924919843673706,2.614,train,4.791053533554077
JVASP-144729,Li2TiV3O8,2.4753003120422363,3.0620028972625732,2.493,val,3.4231526851654053
JVASP-141682,Li3Mn2CoO6,3.1026997566223145,3.9029695987701416,3.122,val,5.0646679401397705
JVASP-116754,Li2V3O6,2.7917792797088623,3.292954444885254,2.795,train,3.920957803726196
JVASP-101241,LiO8,2.4937336444854736,3.763787031173706,2.436,train,5.008069038391113
JVASP-146771,Li4MnCo2O7,3.5569543838500977,4.132104158401489,3.541,test,5.646469354629517
JVASP-85710,Li2H2Pd,2.1790032386779785,2.22721791267395,2.211,train,3.412813901901245
JVASP-106470,LiAgF2,5.823073387145996,6.5731083154678345,5.836,train,6.901876211166382
JVASP-97311,LiBS2O8,5.44386625289917,5.31269097328186,5.397,train,5.628440141677856
JVASP-113154,Li3Fe2O6,3.9789440631866455,4.96036426226298,4.001,train,6.524600267410278
JVASP-116515,Li4Nb3Cr3Ni2O16,2.627173662185669,4.218498468399048,2.681,train,6.838701963424683
JVASP-50229,LiCuO,3.7900466918945312,3.965509176254273,3.819,train,5.20793080329895
JVASP-145660,Li2VF4,3.077953338623047,3.974286675453186,3.065,test,5.964577436447144
JVASP-46767,LiMn2F6,4.074754238128662,4.600957155227661,4.074,train,5.210788249969482
JVASP-154387,LiLaGe2,0.3183384835720062,0.9324736595153807,0.305,test,1.3981153964996338
JVASP-50699,LiNbTe3O12,3.732264757156372,3.569441080093384,3.713,train,3.778234243392944
JVASP-140216,Li4MnCo2O7,3.3974626064300537,4.157258987426758,3.419,train,5.4416749477386475
JVASP-43556,Li5FeF8,5.61843204498291,5.852056670188904,5.561,train,8.313945531845093
JVASP-107880,LiMnF3,3.6815896034240723,5.202186346054077,3.665,train,10.493832349777222
JVASP-7737,Li2MgIn,0.6662226319313049,0.8257558345794678,0.681,train,1.8010400533676147
JVASP-145990,Li3Mn2O5,3.406583309173584,4.160348176956177,3.386,test,5.737506628036499
JVASP-116245,Li3As,0.65484619140625,1.0255399147669475,0.686,train,4.086113929748535
JVASP-16058,YbLiGe,0.759208083152771,1.2415632009506226,0.776,train,2.2224285006523132
JVASP-35771,LiCdAs,1.4540373086929321,1.4627152681350708,1.495,train,2.1628538370132446
JVASP-41276,LiPaPt2,0.8465173244476318,1.4956185817718506,0.909,train,4.36929726600647
JVASP-47969,LiNiPO4,3.36660099029541,4.279583215713501,3.345,train,5.043846368789673
JVASP-112510,LiMnCoO4,3.5633740425109863,4.087938547134399,3.595,train,4.622479677200317
JVASP-106258,LiY2Ga,0.18104791641235352,0.1250927448272705,0.142,train,0.6653444766998291
JVASP-116794,Li3MnP2,1.565043330192566,2.507441759109497,1.623,train,6.444398880004883
JVASP-111966,Li2VOF3,3.5745935440063477,4.206247329711914,3.571,train,6.715290784835815
JVASP-130655,Li8Au,0.1412350833415985,0.2503198236227035,0.144,train,2.853318214416504
JVASP-139373,LiPbO,2.1740660667419434,2.7393200397491455,1.623,val,3.6481754779815674
JVASP-49970,LiCuO2,3.6666293144226074,3.933369636535645,3.736,train,4.495386123657227
JVASP-99805,LiCa2Pb,-1.02871835231781,0.0835589170455932,-0.961,train,0.3523577451705932
JVASP-146275,Li2FeO2F,3.486335039138794,4.382497072219849,3.513,test,6.296339988708496
JVASP-45242,LiVO2,2.3927993774414062,2.634434461593628,2.394,train,4.162262201309204
JVASP-46903,Li2VF4,3.953974962234497,3.793463945388794,3.85,train,5.714789152145386
JVASP-46764,Li3Co2Si2O8,3.2062225341796875,5.2918407917022705,3.203,train,7.037828207015991
JVASP-140968,Li3CrP2O8,3.4030799865722656,4.948131799697876,3.409,train,6.364932298660278
JVASP-109994,LiLu2Re,-0.3737248182296753,0.4489061832427978,-0.329,train,1.881136178970337
JVASP-46046,Li4B2O5,4.115073204040527,5.158317446708679,4.063,train,8.461790323257446
JVASP-49772,LiZnO2,3.632967472076416,4.420612096786499,3.753,train,6.452098608016968
JVASP-122381,Li4Ti2Co3Sn3O16,3.0954885482788086,3.9686119556427,3.1,train,5.427324533462524
JVASP-38114,LiTl2GaF6,3.448253870010376,3.4545443058013916,3.299,train,4.289921045303345
JVASP-116888,Li5Mn5Sn2O12,2.5132944583892822,2.6706728458404543,2.54,train,4.2737181186676025
JVASP-42696,Li3CrCo3O8,3.529005527496338,3.8625471591949463,3.539,train,4.99124550819397
JVASP-40450,LiTmPd2,0.015589512884616852,1.0161712169647217,0.047,train,2.5585618019104004
JVASP-13316,LiMnO2,2.972904682159424,3.7280795574188232,2.988,train,5.553298234939575
JVASP-48671,Li3Co2Si2O8,3.2385501861572266,4.442124605178833,3.251,train,5.468857526779175
JVASP-137759,Li4CoNi3P4O16,3.3343653678894043,4.287882089614868,3.313,val,5.368887662887573
JVASP-18819,Li2AlAg,1.0189564228057861,1.083018183708191,1.044,train,3.267502009868622
JVASP-113172,LiFeP2O7,3.464777946472168,5.327740430831909,3.454,train,5.787760972976685
JVASP-112913,Li7Co5O12,3.5611815452575684,4.300998176847186,3.58,train,6.3642418384552
JVASP-67561,LiBeSi2,0.7428644895553589,0.8270161151885986,0.766,train,1.278003454208374
JVASP-46162,Li2TiFe2O5,2.6911160945892334,3.065746545791626,2.732,train,4.069791078567505
JVASP-121791,LiVF4,3.3570330142974854,4.09049129486084,3.355,train,4.9536285400390625
JVASP-41741,LiGeAu2,1.8282290697097778,1.8177975416183472,1.832,train,2.7818877696990967
JVASP-44365,KLi4CrO5,3.781742572784424,4.110251188278198,3.727,train,5.4628260135650635
JVASP-137938,BaLiH,0.8833327889442444,0.3511397838592529,0.936,train,0.6329065561294556
JVASP-146103,LiVBO4,2.960329294204712,4.932842969894409,2.514,test,5.607007265090942
JVASP-1687,LiZnP,1.4054508209228516,1.503523349761963,1.464,train,2.793859362602234
JVASP-140595,Li4CuNi3O8,3.4237074851989746,3.9614486694335938,3.438,val,4.8315064907073975
JVASP-62970,KLi2As,1.7158859968185425,1.5849623084068298,1.703,train,2.8386826515197754
JVASP-139305,LiBr2,3.417234420776367,3.363779783248902,3.482,val,3.8875279426574703
JVASP-12435,Li8PbO6,3.6037821769714355,5.096897110342979,3.596,train,16.103469610214233
JVASP-141037,Li4V3CoO10,3.227578639984131,3.514573097229004,3.208,val,4.365225553512573
JVASP-99798,LiY3,-0.7241970896720886,0.7681937217712402,-0.696,train,5.1395103931427
JVASP-117149,Li8Sm7Ge10,0.10028014332056046,1.1432684808969498,0.113,train,1.7909364700317385
JVASP-119322,LiMnP3HO10,2.8901114463806152,3.382066488265991,2.909,train,4.060928583145142
JVASP-155723,LiGe2Ir2,0.5739417672157288,0.9402866363525392,0.408,test,1.3475830554962158
JVASP-46915,LiVF3,2.7393240928649902,3.183121919631958,2.701,train,4.378192186355591
JVASP-47738,Li2CuF5,5.242221832275391,6.732349634170532,5.287,train,7.822149038314819
JVASP-48109,LiVGeO5,4.341022968292236,3.356321096420288,4.375,train,3.717205286026001
JVASP-46432,Li2CrFeO4,2.9937784671783447,3.3320119380950928,3.004,train,3.971602201461792
JVASP-106194,Li2WS4,2.3937807083129883,2.5020315647125244,2.364,train,3.301283597946167
JVASP-1384,LiPb,1.0388972759246826,0.9078584909439088,0.975,train,5.57522976398468
JVASP-155734,Li2ScSn2,0.8304538130760193,0.9571870565414428,0.438,test,2.1175711154937744
JVASP-38553,LiZr2Ir,0.31669753789901733,0.9067056179046632,0.302,train,3.215747117996216
JVASP-103078,TbLiSe2,0.3269992172718048,2.8265023231506348,0.314,train,6.70384669303894
JVASP-44713,Li2MnFeP2O8,2.995549201965332,3.393151044845581,3.039,train,3.9453885555267334
JVASP-57480,KLiMnO2,1.548744797706604,4.150920867919922,1.534,train,10.233082056045532
JVASP-113669,LiZnP,0.5608044266700745,0.6575026512145996,0.507,train,1.5899662971496582
JVASP-47130,LiFePO4,3.092073440551758,4.2950990200042725,3.111,train,5.1348559856414795
JVASP-146464,LiNdMo2O8,2.256391763687134,3.3798296451568604,2.198,test,3.6603572368621826
JVASP-142554,Li5Mn6O12,3.1178550720214844,3.777915334701538,3.137,train,5.01665997505188
JVASP-141222,Li4MnCo2O7,3.3981475830078125,4.171448469161987,3.413,train,5.472437143325806
JVASP-93884,LiFeP,1.1091396808624268,1.0981526374816897,1.122,train,1.6436975002288818
JVASP-47661,LiCoSnO4,3.1704869270324707,4.676524877548218,3.158,train,5.265254259109497
JVASP-34591,LiYF4,3.3991611003875732,6.876860857009888,3.364,train,19.235228300094604
JVASP-37998,Li6PS5I,3.7073733806610107,2.9142717123031616,3.676,train,5.994844198226929
JVASP-46255,Li3CrClO4,4.737128734588623,4.092287302017212,4.601,train,5.225458383560181
JVASP-141594,LiVSiO5,3.4358162879943848,4.253260850906372,3.487,train,5.334157705307007
JVASP-39341,LiHg3,0.7329997420310974,0.8378849029541016,0.765,train,0.962810754776001
JVASP-101160,LiMg,0.3942089378833771,0.6248440742492676,0.371,train,2.9635658264160156
JVASP-40981,LiFeSiO4,2.9861693382263184,4.224243879318237,2.998,train,4.620546102523804
JVASP-57322,LiCaCrF6,3.5857901573181152,6.3464343547821045,3.473,train,8.176003694534302
JVASP-39808,Li2SmIn,-0.24481317400932312,0.626015305519104,-0.188,train,1.3806968927383425
JVASP-138823,LiNiF4,5.544908046722412,6.321314811706543,5.624,val,6.848859548568726
JVASP-119371,Li6TiNi7O16,3.5955419540405273,4.1925740242004395,3.614,train,5.028164625167847
JVASP-99803,LiAc2Sn,-0.7673416137695312,0.1190805435180664,-0.798,train,0.8301398754119873
JVASP-80478,LiMg,0.23178580403327942,0.5715122222900391,0.263,train,1.515889286994934
JVASP-156279,LiAgGe,1.1269346475601196,1.414575219154358,0.873,test,2.5164263248443604
JVASP-47436,Li2MnO2F,3.4219870567321777,4.411839723587036,3.441,train,6.417135000228882
JVASP-43617,Li2V3SnO8,2.5124013423919678,3.2397162914276123,2.523,train,3.8233296871185303
JVASP-107183,Li2TlCd,0.4366564452648163,0.8513505458831787,0.436,train,1.4041903018951416
JVASP-48582,Li6Mn5SbO12,2.867274522781372,3.607218980789185,2.888,train,5.0540735721588135
JVASP-11416,Li3AuS2,2.405730724334717,2.9743025302886963,2.458,train,4.304303526878357
JVASP-43006,Li2Mn3TeO8,3.066555976867676,3.3907253742218018,3.089,train,3.5823729038238525
JVASP-136940,NaLiP,0.8233540058135986,1.3656612634658811,0.754,val,2.6416016817092896
JVASP-112795,Li2NiO3,3.82867693901062,4.810333967208862,3.833,train,6.515048980712891
JVASP-141341,SrLiVF6,3.774338722229004,3.4673197269439697,3.752,train,3.8350210189819336
JVASP-31161,LiMgP,1.834262728691101,1.786503791809082,1.86,train,5.841321229934692
JVASP-106465,Rb2LiTiF6,2.9822912216186523,2.371315240859986,3.003,train,3.1071488857269287
JVASP-41681,Li5Mg,-0.02485104650259018,0.2972052574157715,-0.024,train,2.5824666023254395
JVASP-136948,NaLiS,1.5446910858154297,2.267695903778076,1.194,val,3.5244300365448
JVASP-144245,Li3Co2C4O12,3.486823081970215,4.304304838180542,3.433,train,5.42403244972229
JVASP-48923,Li2MnO2F,3.5517635345458984,4.866370439529419,3.608,train,7.866969347000122
JVASP-91391,LiFeSi2O6,3.075826406478882,3.965679883956909,3.099,train,4.244763135910034
JVASP-151665,LiNbO3,2.9063782691955566,4.808667898178101,2.912,test,7.901997327804565
JVASP-13162,LiCaN,2.2126102447509766,2.0232861042022705,2.217,train,3.955831527709961
JVASP-17757,LiGa2Ru,1.2840278148651123,1.0537915229797363,1.309,train,2.3016135692596436
JVASP-45925,Li2Mn3GaO8,3.5451366901397705,3.883050203323364,3.551,train,4.462752103805542
JVASP-93170,LiMg6Si,0.2797293961048126,0.7883119583129883,0.327,train,1.7193312644958496
JVASP-113084,Li3Mn8O16,3.775973081588745,4.104027509689331,3.765,train,4.372479200363159
JVASP-90731,LiH2N,2.2222063541412354,3.1350796222686768,2.244,train,4.961646318435669
JVASP-43968,LiVF3,2.253603458404541,2.3871138095855713,2.253,train,3.0545952320098877
JVASP-51349,LiCaUF8,2.7807679176330566,4.081388711929321,2.688,train,4.336458444595337
JVASP-48652,Li7VO5F,4.794754505157471,4.437810897827148,4.747,train,8.531982183456421
JVASP-15118,Li2GaRh,1.7614928483963013,1.2942473888397217,1.788,train,3.5955543518066406
JVASP-110321,Li2Ni3O3F2,4.854472637176514,5.13704514503479,4.742,train,5.525194406509399
JVASP-64377,Ba4LiHf,-2.0142476558685303,0.8123949766159058,-1.962,train,4.6737059354782104
JVASP-119343,Li4Cr3NiO8,3.0015475749969482,3.791693925857544,3.044,train,6.1336047649383545
JVASP-41951,LiAc2Ge,-5.408200740814209,0.1527469158172607,-5.256,train,0.6078107357025146
JVASP-40999,LiMg2Ag,-0.0354742631316185,0.6185052394866943,0.009,train,1.3115525245666504
JVASP-147394,Li2Ni3SnO8,3.662989377975464,4.268779993057251,3.639,test,4.580686569213867
JVASP-140218,Li7Mn2Co3O12,3.521017074584961,4.184924909046718,3.533,train,5.75836968421936
JVASP-144084,Li4Mn3FeB4O12,2.289137601852417,3.2094156742095947,2.306,val,3.968936681747437
JVASP-22698,LiAgF2,5.007540702819824,6.17482316493988,5.062,train,7.359048306941986
JVASP-118989,Li6Mn3CoO10,3.6739115715026855,4.171649853388469,3.739,train,4.888426065444946
JVASP-107806,K2LiLaCl6,2.294349193572998,2.0415308475494385,2.299,train,2.4375452995300293
JVASP-40479,Li6CuS4,2.5652172565460205,3.4162424306074777,2.547,train,9.843268990516664
JVASP-150430,LiCe2Ge6,0.7480588555335999,0.6783146858215332,0.677,test,0.7005878686904907
JVASP-117087,Li2Fe3CoO8,3.4111568927764893,4.1625025272369385,3.435,train,5.077387094497681
JVASP-55226,Li7VN4,3.7257795333862305,2.614736999784197,3.707,train,5.746663331985474
JVASP-43958,Li2MnF6,5.130573749542236,6.017259955406189,5.106,train,7.409369945526123
JVASP-116263,LiH2,1.3687100410461426,2.1464426517486572,1.386,train,2.841439008712769
JVASP-136217,NaLiC,1.4354115724563599,1.6726186275482178,1.457,train,3.0549960136413574
JVASP-119423,Li7Mn2Co3O12,3.5158262252807617,4.226516825812204,3.534,train,5.315385580062866
JVASP-62306,LiNiAsO4,3.4794766902923584,4.192752122879028,3.468,train,5.154894590377808
JVASP-46741,Li2MnVO4,2.7838926315307617,2.9813225269317627,2.796,train,3.902702569961548
JVASP-157356,LiYMg2,-0.040927283465862274,1.8449500799179075,-0.112,test,4.398376226425171
JVASP-43277,Li3V4FeO12,3.318739891052246,3.52298903465271,3.281,train,3.8999173641204834
JVASP-141213,Li5MnCo2O8,3.9287118911743164,4.340649271011353,3.914,train,6.050659418106079
JVASP-146335,Li5FeO3F,4.147192478179932,4.345272779464722,4.386,test,8.703274011611938
JVASP-135872,BaLiTe,-0.1155623123049736,0.26242595911026,-0.237,val,0.8640185594558716
JVASP-59115,LiHS,2.351267099380493,2.946249723434448,2.346,train,4.563222169876099
JVASP-144772,Li3Mn2Cr2O8,3.1593031883239746,3.307455778121948,3.18,val,3.8259127140045166
JVASP-48124,Li2VO2F,3.7862703800201416,4.253695249557495,3.794,train,7.362678289413452
JVASP-119002,Li4Ti3Mn3Sn2O16,2.7422032356262207,3.476104497909546,2.744,train,4.596838712692261
JVASP-122324,LiVF4,3.496202230453491,3.953234195709229,3.499,train,4.462212085723877
JVASP-142559,Li2Mn3FeO8,3.3218302726745605,3.713953256607056,3.343,train,3.999863862991333
JVASP-151689,Ba3Li4As4,0.5652881860733032,1.3693759441375732,0.446,test,1.847620725631714
JVASP-98735,Ba3Li4Sn8,0.621353805065155,0.836277961730957,0.714,train,1.2566373348236084
JVASP-109051,Li3Rh,1.3000564575195312,2.0852976640065513,1.347,train,5.950243949890137
JVASP-144449,Li5Co3O8,3.6506383419036865,4.453169870376587,3.678,train,6.6642725467681885
JVASP-79902,LiSc2Au,-0.35177484154701233,0.0536470413208007,-0.35,train,1.4181156158447266
JVASP-78999,Sr3Li,-0.0124448761343956,0.0658948421478271,0.043,train,1.5414305925369265
JVASP-145537,Li2TiFe2O5,2.6951355934143066,3.0472476482391357,2.733,test,3.8524458408355713
JVASP-104993,LiCoCuO4,3.817599296569824,4.576541423797607,3.788,train,5.078413963317871
JVASP-51671,LiPH2O2,3.111161231994629,4.323046922683716,3.127,train,5.513904809951782
JVASP-50644,Li3TiP2O8,3.2782273292541504,4.3841385046641035,3.316,train,5.545947790145874
JVASP-154963,LiScSi2O6,2.709333896636963,5.042822599411011,2.839,test,8.126981496810913
JVASP-102848,LiFeF4,5.698822498321533,5.925407648086548,5.662,train,6.87228798866272
JVASP-122581,LiSn7,0.5078909993171692,-0.5891922116279602,0.497,train,-0.3001223802566528
JVASP-50960,LiBi3Cl2O4,2.618563413619995,3.095133066177368,2.564,train,3.37788462638855
JVASP-142160,Li7Mn4CoO12,3.3910605907440186,4.029933895383563,3.418,train,5.993411302566528
JVASP-121167,Li2VO3,3.089454174041748,4.035761117935181,3.098,train,6.28926157951355
JVASP-114327,Li2Bi,0.6727954149246216,1.430285096168518,0.674,train,3.4068683981895447
JVASP-103621,NaLi2Sn,1.0001033544540405,1.0841068029403689,1.067,train,2.506010890007019
JVASP-14074,LiMnSe2,2.178372621536255,2.7304866313934326,2.165,train,3.701006412506103
JVASP-105282,LiB,1.6122562885284424,2.2485477924346924,1.628,train,4.517678499221802
JVASP-43580,Li3FeF6,4.379796981811523,4.988130648930867,4.411,train,7.488170385360718
JVASP-141122,Li3Ti8O16,2.6991567611694336,3.146128416061402,2.737,train,3.327932596206665
JVASP-71138,Li2BeIn,0.14148622751235962,0.4772454500198364,0.265,train,0.9518786668777466
JVASP-80761,SrLi2Tl,-0.16509518027305603,0.2240786552429199,-0.157,train,0.8389451503753662
JVASP-40655,Li4V7O9F7,2.77724552154541,3.42868709564209,2.783,train,3.966073751449585
JVASP-144024,Li4Mn3FeB4O12,2.3375720977783203,3.1843459606170654,2.352,train,3.7545735836029057
JVASP-47765,Li3Fe5O10,3.2657952308654785,4.331067323684692,3.288,train,5.3720057010650635
JVASP-120285,LiNbS3,1.0287537574768066,1.9954545497894287,1.076,train,3.841198205947876
JVASP-42166,Li2MnFeB2O6,2.369983673095703,3.4897091388702393,2.404,train,4.364943265914917
JVASP-98010,BaLi4,-0.081512950360775,0.2260581851005554,-0.031,train,0.9932419061660768
JVASP-144086,Li4V3Cr2O10,2.7463390827178955,3.701418399810791,2.682,val,5.318581819534302
JVASP-137970,BaLiSb,-0.2621614933013916,0.6357405185699463,0.891,val,1.2924319505691528
JVASP-102093,Rb2LiYI6,3.669435739517212,1.338561773300171,3.49,train,1.338561773300171
JVASP-120587,Li3Fe5Co2O12,3.1114323139190674,3.6412689685821538,3.124,train,4.428847551345825
JVASP-48255,LiFe3O6,3.0909862518310547,4.187774896621704,3.152,train,5.3987720012664795
JVASP-42685,Li2FeOF3,4.789021015167236,5.434565544128418,4.836,train,6.839675426483154
JVASP-146002,LiTi2O4,2.3336875438690186,1.9449679851531985,2.381,test,2.35703444480896
JVASP-34235,Li4CO4,2.479323148727417,3.7772374153137207,2.505,train,6.98114800453186
JVASP-147713,Li2MnC2O6,3.0969488620758057,3.825458288192749,3.426,test,4.954702138900757
JVASP-43805,LiVF4,3.7184700965881348,3.859236001968384,3.731,train,4.538690090179443
JVASP-41735,LiHoHg2,0.507664680480957,1.2162988185882568,0.515,train,2.8471622467041016
JVASP-142169,Li4NbCrTe2O12,3.0329155921936035,3.750697374343872,3.044,train,4.141196012496948
JVASP-55019,Na2LiN,0.9551366567611694,1.1151280403137207,0.932,train,2.6096514463424683
JVASP-4047,Li4NCl,3.2617712020874023,3.620358884334564,3.236,train,9.657884001731873
JVASP-151411,LiCo6P4,1.173449158668518,1.6248953342437744,1.112,test,1.8603236675262451
JVASP-47038,Li2Cr3CuO8,3.244459867477417,4.843642473220825,3.278,train,5.327829122543335
JVASP-147432,LiCo2O4,3.860471725463867,4.690839052200317,3.864,test,5.272870779037476
JVASP-141543,Rb2LiFeF6,4.189947128295898,4.079221248626709,4.549,val,4.217411994934082
JVASP-45234,Li2Cr3SnO8,2.703319549560547,4.206686735153198,2.738,train,4.99629282951355
JVASP-47182,LiCrO2,2.6410398483276367,3.2167680263519287,2.635,train,4.219083070755005
JVASP-48390,Li4Co3O3F4,5.781662464141846,6.116450786590576,5.703,train,8.245196104049683
JVASP-88043,LiGe2P3O12,2.919825792312622,3.692680597305298,2.929,train,3.776747941970825
JVASP-144758,Li3MnV4O12,3.251208782196045,3.3346601327260337,3.284,val,3.7215616703033447
JVASP-3231,BaLiP,1.4269863367080688,1.4425060749053955,1.445,train,2.189479112625122
JVASP-144382,Li3MnCoO5,4.360500812530518,3.9297128518422446,4.351,train,6.291699171066284
JVASP-2688,LiNbS2,1.6113024950027466,2.151563882827759,1.607,train,3.1880929470062256
JVASP-64616,Ba4LiGa,-2.1166269779205322,0.8395512104034424,-2.05,train,3.506329655647278
JVASP-41745,LiDyAu2,2.1758861541748047,1.1279702186584473,2.267,train,1.8641493320465088
JVASP-101382,Rb2LiCeCl6,1.7282167673110962,2.099619150161743,1.725,train,2.4778077602386475
JVASP-69919,LiBe2Re,0.126066654920578,0.0162985324859619,0.179,train,1.9508204460144043
JVASP-46667,Li2VCrP4O14,3.1125543117523193,3.850639104843139,3.076,train,3.94489073753357
JVASP-108840,Li3PdF6,4.112905025482178,5.208665370941162,4.127,train,9.795832633972168
JVASP-119751,LiMnF4,4.366540431976318,6.063073396682739,4.37,train,7.447549343109131
JVASP-40658,Li4VF6,5.287777423858643,4.5920180678367615,5.184,train,8.13637089729309
JVASP-63191,LiBC,1.9127026796340942,2.3149468898773193,1.946,train,7.127702951431274
JVASP-111744,LiEuW2O8,2.1337618827819824,4.651376485824585,2.1,train,6.497452974319458
JVASP-97428,LiH4SNO4,3.7849743366241455,4.010995149612427,3.734,train,4.188934564590454
JVASP-42142,Li2PmAl,-0.07818850129842758,0.6836100816726685,-0.044,train,1.70820951461792
JVASP-42241,Li3Mn2Cr2O8,3.1586530208587646,3.3132197856903076,3.179,train,3.8258111476898193
JVASP-135365,LiSiS,0.03267864137887955,0.5099270343780518,-0.091,val,2.0771143436431885
JVASP-56816,Li2CrCl4,2.9869558811187744,3.659367799758911,2.983,train,6.152654409408569
JVASP-64429,Ba4LiSn,-1.930349588394165,0.5101988315582275,-1.878,train,3.514066696166992
JVASP-150475,LiCaSn,0.30628079175949097,0.9378140568733216,0.357,test,2.030750632286072
JVASP-40583,LiCdAg2,0.9198301434516907,1.2157158851623535,0.973,train,2.2309014797210693
JVASP-100995,LiSm2Ga,-0.2053520381450653,0.0952843427658081,-0.201,train,0.5806142091751099
JVASP-112907,Li3Co2O5,3.770132541656494,4.39897084236145,3.809,train,6.104313611984253
JVASP-119265,Li3Ni2SnO6,3.0693745613098145,3.865333318710327,3.082,train,4.9260900020599365
JVASP-141077,Li3MnCoO5,3.5493650436401367,4.291865746180217,3.572,val,5.500385522842407
JVASP-111149,LiNiO2,3.4288547039031982,3.740348100662231,3.452,train,4.353015661239624
JVASP-52282,Li2AgF5,5.363651752471924,6.6262500286102295,5.397,train,8.087814569473267
JVASP-10155,Li2CdGeO4,3.087092876434326,5.459567308425903,3.101,train,7.343766450881958
JVASP-80802,LiY2Ga,0.6110929846763611,1.0426032543182373,0.62,train,1.0426032543182373
JVASP-47387,Li2MnO2F,3.2766032218933105,4.317131280899048,3.297,train,5.9305737018585205
JVASP-104798,K2LiPrCl6,2.278465509414673,2.1825079917907715,2.297,train,2.8820602893829346
JVASP-144047,Li2NbCr3O8,2.6834053993225098,3.624293088912964,2.74,val,4.371412515640259
JVASP-110382,Rb2LiPrBr6,2.6029064655303955,1.756763219833374,2.607,train,2.1972819566726685
JVASP-143973,Li5Mn3Cr2O10,2.9337756633758545,3.848886728286743,2.959,train,5.411043405532837
JVASP-45898,LiNiSnO4,3.296164035797119,4.061571359634399,3.298,train,4.622814655303955
JVASP-147502,Li2PtF6,6.32792854309082,6.135425567626953,6.132,test,8.06215500831604
JVASP-149866,Na5LiN2,0.8028918504714966,1.6943740844726562,0.822,test,2.2520716190338135
JVASP-10477,LiAlPdF6,4.143599033355713,6.329038381576538,4.184,train,6.853994607925415
JVASP-146842,TbLiS2O8,1.7126489877700806,2.159047365188598,1.499,test,2.3981573581695557
JVASP-43199,LiMnVO4,2.7585325241088867,2.9536373615264893,2.728,train,3.3938496112823486
JVASP-122299,LiMoP2O7,2.1545705795288086,3.500464677810669,2.111,train,4.206624746322632
JVASP-111556,Li2TiCr3O8,3.2439346313476562,4.278053998947144,3.228,val,4.547089338302612
JVASP-102519,Li3Tm,0.0960269346833229,0.5388702154159546,0.15,train,3.3448076248168945
JVASP-66179,BaLiPb,-1.4299741983413696,-0.53128981590271,-1.381,train,0.1368104219436645
JVASP-107185,LiGa3,0.5087613463401794,0.8190386295318604,0.503,train,1.071824312210083
JVASP-119328,LiV5O7F,1.8408325910568237,3.0277645587921143,1.825,train,3.1996724605560303
JVASP-121306,LiAuO,3.836305618286133,3.5784122943878174,3.993,train,4.196487665176392
JVASP-49137,Li2MnSiO4,2.744541645050049,4.504242658615112,2.747,train,8.368798971176147
JVASP-67917,LiBeV2,-0.34713083505630493,-0.5694406032562256,-0.36,train,0.3743379116058349
JVASP-145989,Li5Co3O8,3.5871927738189697,4.453930521011353,3.674,test,7.3257896900177
JVASP-10720,LiErO2,2.706303358078003,3.5085976123809814,2.761,train,8.208476781845093
JVASP-137586,Li4MnCo2O7,3.5164906978607178,4.1298723220825195,3.561,val,5.297972917556763
JVASP-47061,Li2V2F7,3.2177538871765137,3.6483445167541504,3.181,train,4.657707929611206
JVASP-10086,TbLiO2,2.681990146636963,4.269213914871216,2.684,train,9.117328882217407
JVASP-48604,LiMn5O5F,2.39022159576416,4.814813852310181,2.413,train,6.698354959487915
JVASP-141852,Li4Nb3Cr5O16,2.4983017444610596,3.6275556087493896,2.557,train,6.633754014968872
JVASP-97597,LiV2O5,3.335780382156372,3.4036500453948975,3.336,train,3.887017011642456
JVASP-112863,LiNiP2O7,3.497601270675659,5.669480562210083,3.454,train,6.406200647354126
JVASP-137313,Li2MnPHO5,2.947141647338867,4.210549592971802,2.893,test,6.6728150844573975
JVASP-80564,LiMgZn2,-0.15186962485313416,0.0602891445159912,-0.1,train,0.1711173057556152
JVASP-44750,Li2Ni3WO8,2.9469404220581055,4.553805589675903,2.962,train,4.838281869888306
JVASP-56519,Li2Ca,0.129585862159729,0.3967081308364868,0.155,train,1.7482284307479858
JVASP-41715,LiRu2W,0.8312546014785767,1.7334234714508057,0.873,train,6.209483861923218
JVASP-146593,Li3V5O14,3.3514208793640137,3.5458664099375405,3.361,test,3.908195734024048
JVASP-147136,Li4CuNi3P4O16,3.355541944503784,4.377882242202759,3.367,test,5.039966821670532
JVASP-48270,LiFeO3,4.550015449523926,4.758709669113159,4.558,train,5.192204236984253
JVASP-42792,Li3Cr3FeO8,3.118387222290039,3.571385622024536,3.14,train,4.0150134563446045
JVASP-44533,Li3MgPCO7,3.197584390640259,4.793108065923055,3.228,train,7.270291566848755
JVASP-112279,Li4Mn3O7,3.1656293869018555,4.040435314178467,3.193,train,5.566910028457642
JVASP-146928,Li4Mn3Fe3Te2O16,2.9361865520477295,3.458486795425415,2.956,test,3.9606716632843018
JVASP-132922,Li4MnSn2Se7,1.9441663026809692,2.7066575288772583,1.906,train,3.2995007038116455
JVASP-90590,LiMg3,0.3583771884441376,0.5559637546539307,0.423,train,1.3782925605773926
JVASP-40900,LiSiBiO4,2.967532157897949,4.028105020523071,2.978,train,5.476275682449341
JVASP-141753,LiNiRhF6,4.363794326782227,4.999083757400513,4.755,val,5.380468845367432
JVASP-114332,LiPW,-0.885877788066864,0.4419281482696533,-0.855,train,1.4980714321136477
JVASP-141571,Li3VO3F2,4.136538028717041,4.8333446979522705,4.141,train,7.0173399448394775
JVASP-109446,K2LiInCl6,2.577089786529541,2.905770778656006,2.522,train,3.015670895576477
JVASP-43513,Li2FeF6,4.957298755645752,5.871270537376404,4.916,train,6.950803518295288
JVASP-44643,Li2CrNiO4,3.1156764030456543,3.5694773197174072,3.103,train,4.316848039627075
JVASP-142061,Li4Mn2OF7,4.392669677734375,5.317815542221069,4.626,val,7.633587837219238
JVASP-106147,LiMg2Ir,1.2203052043914795,0.8727600574493408,1.232,train,1.9874428510665896
JVASP-119983,LiBeSb,0.8217197060585022,0.8785756826400757,0.801,train,2.236421227455139
JVASP-133599,Li2PWCO7,2.639951705932617,2.586589097976685,2.96,test,3.26094651222229
JVASP-80474,LiPH2,1.1361860036849976,1.1758453845977783,1.117,train,2.592798948287964
JVASP-40528,LiCa2Ga,-0.5271396636962891,0.9126590490341188,-0.448,train,3.7497376203536983
JVASP-141025,Li7Fe5O12,3.2363016605377197,4.262295688901629,3.298,val,6.527989149093628
JVASP-45877,Li2MnOF2,3.758420467376709,5.177251577377319,3.783,train,9.565698862075806
JVASP-116531,LiNdGe2,0.4350360035896301,0.9873206615447998,0.466,train,1.373859167098999
JVASP-130663,Li8Cd,0.050141341984272,0.1021889671683311,0.052,train,1.783637523651123
JVASP-44437,Li4V3Fe5O16,3.1205570697784424,3.788442373275757,3.141,train,4.6937339305877686
JVASP-7689,LiErO2,2.5838782787323,3.560295343399048,2.609,train,9.16040539741516
JVASP-155704,SrLi2Cu2,0.957394540309906,0.8846521973609924,0.628,test,1.4697445631027222
JVASP-93200,SrLiMg6,0.034336887300014496,0.1234705448150634,0.065,train,0.5591213703155518
JVASP-44523,LiCrSnO4,2.8869454860687256,3.655393362045288,2.891,train,3.8900887966156006
JVASP-46189,Li2FeBO4,2.7168164253234863,4.475705862045288,2.712,train,7.00451922416687
JVASP-63819,LiB6H10O2,3.8355836868286133,3.02156662940979,3.887,train,3.3898165225982666
JVASP-47705,LiVH2OF5,3.4725520610809326,4.121707439422607,3.391,train,4.290796279907227
JVASP-59282,LiCaPrTeO6,2.09633207321167,3.810742139816284,2.107,train,4.520066022872925
JVASP-137805,LiSnB,0.17093715071678162,0.8893364667892456,0.853,val,1.8018447160720823
JVASP-64497,Ba4LiCo,-1.0349091291427612,0.1343910694122314,-0.923,train,5.133452653884888
JVASP-111870,LiV3Zn2O8,2.343212127685547,3.263960123062134,2.378,train,3.7123095989227295
JVASP-144492,Li4V3O4F8,3.8758363723754883,5.0417640209198,3.862,train,7.808424711227417
JVASP-136000,LiBiCl,0.6908336877822876,0.7969732284545898,0.667,train,3.2425320744514465
JVASP-35941,LiMnSb,0.3577558696269989,0.652202844619751,0.368,train,2.8021295070648193
JVASP-43076,Na5Li3Ti5O14,2.260812282562256,2.779414415359497,2.265,train,3.0919158458709717
JVASP-42790,Li4Co2OF7,4.881747245788574,5.825408101081848,4.982,train,7.428061723709107
JVASP-99034,LiBPt3,2.625467300415039,1.8911831378936768,2.569,train,3.1045987606048584
JVASP-57531,LiAsO3,4.411731719970703,5.4434168338775635,4.39,train,6.804133653640747
JVASP-141054,LiCoO2,3.43334698677063,3.8082435131073,3.455,val,5.022318601608276
JVASP-50663,Li3TiP2O8,3.2464683055877686,4.264004945755005,3.263,train,6.937487840652466
JVASP-145456,LiNb2Te4Cl10O,2.5030386447906494,2.298602819442749,1.962,test,2.3238651752471924
JVASP-144787,Li4Fe2Co3Sn3O16,3.2141125202178955,4.346606492996216,3.278,val,6.078555345535278
JVASP-144883,Li2Co2OF6,4.480052471160889,5.620378494262695,4.509,train,6.6400368213653564
JVASP-101581,LiPr2Ir,-0.49959906935691833,0.0028979778289794,-0.427,train,0.0970613956451416
JVASP-55825,Li2TiPCO7,3.041551113128662,3.1919748783111572,3.097,train,3.6863977909088135
JVASP-40534,LiLa2Os,0.029061146080493927,0.5675880908966064,0.099,train,1.483790159225464
JVASP-111937,Li3V4FeO8,2.166663408279419,2.627465804417928,2.147,train,3.027179479598999
JVASP-121812,LiFeSnO4,3.1117305755615234,3.672344923019409,3.106,train,4.015708684921265
JVASP-48165,Li3MnF6,4.993384838104248,5.499739249547322,5.041,train,8.784083127975464
JVASP-110444,LiPr2Ga,-0.639940619468689,0.1372966766357422,-0.544,train,0.5007157325744629
JVASP-46674,Li4MnO3F,4.189996719360352,4.464304208755493,4.178,train,6.885009765625
JVASP-47759,Li2Mn3O6,3.210277557373047,3.939432144165039,3.228,train,4.6601011753082275
JVASP-12934,Li7Br3O2,4.257325649261475,4.551987375531878,4.272,train,12.204447031021118
JVASP-100075,Li3AsF6,4.4994730949401855,4.862947861353557,4.467,train,11.956439733505247
JVASP-42974,LiV2Si2O8,2.6059224605560303,3.1757829189300537,2.642,train,3.3748958110809326
JVASP-150397,Li5In4,0.19786807894706726,0.8002246618270874,0.23,test,2.374500632286072
JVASP-143981,Li7VO5F,4.8402018547058105,4.644862174987793,4.834,train,10.213184356689451
JVASP-42329,Li5V2Ni3O10,3.1580028533935547,3.7486398220062256,3.167,train,5.069134473800659
JVASP-141440,Li2TiMn2NiO8,3.6109609603881836,4.357235670089722,3.589,train,4.780014753341675
JVASP-103703,Li2MgTl,0.44980916380882263,0.7682654857635498,0.367,train,2.351922035217285
JVASP-116511,Li7Mn2Co3O12,3.70807147026062,4.0751932348523825,3.714,train,5.51256251335144
JVASP-116846,Li2Mn2CrO6,3.2963814735412598,3.214796781539917,3.325,train,4.442523717880249
JVASP-44481,Li2NiBiO4,3.3477420806884766,3.601523160934448,3.375,train,4.698448896408081
JVASP-110816,LiDy2In,-0.3303258717060089,0.3529551029205322,-0.283,train,1.14305579662323
JVASP-46238,Li2AlNiO4,3.583966016769409,4.762151479721069,3.617,train,7.550035953521728
JVASP-122524,Li2TiCrO4,2.4216127395629883,2.8921334743499756,2.42,train,4.072609186172485
JVASP-10259,Li6UO6,2.730255126953125,4.089452584584554,2.775,train,7.478730916976929
JVASP-145787,Li7Mn2Co3O12,3.5393877029418945,4.219548600060599,3.533,test,5.368142366409302
JVASP-34895,LiDy2Cl5,1.9170893430709839,0.2117550373077392,1.876,train,1.1043992042541504
JVASP-141829,Li3Co2C4O12,3.4233360290527344,4.0830347537994385,3.425,train,4.730260610580444
JVASP-39882,Li2CaSi,1.278643250465393,0.9416093826293944,1.226,train,3.0279113054275513
JVASP-87063,LiO,3.2318012714385986,4.5814104080200195,3.237,train,7.978543519973755
JVASP-62041,LiAlH4,0.9296002984046936,1.2541277408599854,0.93,train,1.6202340126037598
JVASP-137966,BaLiP,-0.04939315468072891,0.8667902946472168,1.338,val,1.7344287633895874
JVASP-10247,Rb2Li2SiO4,2.178698778152466,4.405141234397888,2.194,train,5.939014673233032
JVASP-48885,Li6CoSi2O8,2.744535207748413,4.808596054712932,2.715,train,6.18547511100769
JVASP-46141,Li2Mn3F8,3.53092622756958,4.28674042224884,3.482,train,7.824126482009888
JVASP-101707,Li2GaSi,0.9962211847305298,0.7897087335586548,1.011,train,3.159466028213501
JVASP-118615,LiO,4.725351810455322,4.805616617202759,4.721,train,8.281834483146667
JVASP-42837,Li4Mn3OF8,4.9730329513549805,6.234222650527954,4.875,train,9.51429796218872
JVASP-122410,Li3FeCo4O8,3.1562695503234863,3.4248344898223877,3.144,train,4.568920373916626
JVASP-100602,K3Li,-0.4478466808795929,-0.1465380191802978,-0.371,train,0.5518894195556641
JVASP-21958,LiCaGe2,0.5414413213729858,1.0128350257873535,0.549,train,1.6626079082489014
JVASP-62587,Ba2LiB5O10,2.075190305709839,4.058433771133423,2.024,train,4.648515939712524
JVASP-151870,LiCoF4,4.898783206939697,5.943215608596802,4.995,test,6.711621999740601
JVASP-42451,Li2CoOF3,4.9455976486206055,5.656153440475464,4.896,train,6.844300985336304
JVASP-51350,LiHO2,5.059444904327393,7.204463720321655,5.209,train,26.14178490638733
JVASP-67620,LiBeV2,-0.3673636317253113,0.4466679096221924,-0.255,train,1.918487310409546
JVASP-106547,LiY3,-1.0398999452590942,1.2883005142211914,-1.011,train,2.85945725440979
JVASP-145678,Li4Mn3NbP4O16,2.6861963272094727,3.1745336055755615,2.702,test,4.087434530258179
JVASP-13018,Li5SbO5,4.08989953994751,4.831074571609497,4.143,train,7.074979543685913
JVASP-14006,Li2NdSb2,0.5491252541542053,0.9954286813735962,0.597,train,2.3956825733184814
JVASP-141683,Li4MnCo2O7,3.4086754322052,4.273953676223755,3.416,val,6.846649408340454
JVASP-93677,Li4NO,3.9245073795318604,4.334246635437012,3.917,train,18.470360696315765
JVASP-97563,Li3H6Ir,2.446495532989502,2.208475907643636,2.478,train,3.8492624759674072
JVASP-107392,LiMnF3,3.526470184326172,5.063383340835571,3.52,train,9.653880834579468
JVASP-43153,Li9Co2O8,4.9086222648620605,4.415468454360962,4.912,train,7.704110383987427
JVASP-110814,Yb2LiCd,-1.191102147102356,0.0725800991058349,-1.078,train,1.3518009185791016
JVASP-112511,LiVC2O6,3.785341739654541,3.722066640853882,3.81,train,3.891484022140503
JVASP-120308,Li2Sb,1.0005450248718262,1.533778727054596,1.012,train,3.4861767292022705
JVASP-141227,Li4MnCo2O7,3.520472288131714,4.167356252670288,3.541,train,5.455381631851196
JVASP-71813,LiBeFe2,-0.12919381260871887,0.65118408203125,-0.093,train,2.7439303398132324
JVASP-144535,Li6Mn3CoO10,4.2920732498168945,3.934138854344686,4.342,val,6.467741250991821
JVASP-50536,LiNdO2,2.4566428661346436,3.758695363998413,2.575,train,6.40678334236145
JVASP-142852,Li3Co2Si2O8,3.246704339981079,4.585700273513794,3.26,train,5.785027265548706
JVASP-46191,Li2FeBO4,2.5753533840179443,5.2576868534088135,2.613,train,7.146936655044556
JVASP-136917,LiCl,5.226879596710205,9.329465627670288,5.131,val,67.82686495780945
JVASP-38047,Na2LiNF6,2.591346263885498,4.97601318359375,2.573,train,6.206897616386414
JVASP-112512,Li4Mn3CrO8,2.984812021255493,3.7644002437591553,2.99,train,5.6709229946136475
JVASP-70470,LiBe2Bi,0.6568803787231445,0.7897225618362427,0.686,train,1.28452730178833
JVASP-40249,LiTm2Co,0.030001439154148102,0.3684532642364502,0.006,train,2.1673591136932373
JVASP-38869,LiTaIr2,3.0784945487976074,1.9245779514312744,3.008,train,6.501941442489624
JVASP-144040,Li5Ni7O12,3.3662633895874023,3.7508504390716553,3.409,val,5.468547105789185
JVASP-87059,Li3LaSb2,0.7313629984855652,1.0988566875457764,0.767,train,1.813281297683716
JVASP-100449,Li2CoN2,2.16434907913208,2.336962938308716,2.101,train,4.164947748184204
JVASP-115707,LiPBr,0.7496262788772583,0.9706732034683228,0.812,train,1.8394943475723269
JVASP-35931,Li3LaBi2,0.45065727829933167,0.8246526718139648,0.507,train,2.6495251655578613
JVASP-47515,Li4MnSi2O7,2.8159329891204834,4.818754434585571,2.81,train,6.232727766036987
JVASP-16690,LiSnAu,2.6485354900360107,1.1258279085159302,2.69,train,1.8202435970306396
JVASP-117689,LiBeSe,0.09106127172708511,0.7104164361953735,0.101,train,1.1028908491134644
JVASP-24767,Li8SiO6,4.730801105499268,4.846610993146896,4.726,train,10.554702520370483
JVASP-110323,LiVBO4,3.473750591278076,3.1193768978118896,3.442,train,3.8922951221466064
JVASP-40608,LiLuAu2,2.237092971801758,1.300703048706055,2.219,train,1.8278987407684328
JVASP-41716,LiSbRh2,2.873436689376831,1.5740571022033691,2.889,train,2.12215518951416
JVASP-138619,LiMnCl,0.768639326095581,0.2155302762985229,0.485,val,0.969447374343872
JVASP-43910,Li2MnF4,5.24479341506958,5.322418212890625,5.216,train,8.736428499221802
JVASP-8376,LiCo2O4,3.7584969997406006,4.141921758651733,3.769,train,4.803602457046509
JVASP-103266,LiAu3,1.3650026321411133,1.6312691569328308,1.443,train,1.881914734840393
JVASP-143578,Li2MnV4CoO12,3.050510883331299,2.841418504714966,2.92,val,3.067920446395874
JVASP-46464,Li2Mn3NbO8,2.9790701866149902,3.52303147315979,2.994,train,3.8288047313690186
JVASP-38576,Li3Ac,0.2597407400608063,0.2400354544321696,0.302,train,3.841510653495789
JVASP-146577,LiVSiO4,2.913630962371826,2.813244104385376,2.912,test,2.9647605419158936
JVASP-48134,LiP2WO8,2.306425094604492,3.5547940731048584,2.325,train,3.9913322925567623
JVASP-149979,LiMoO2,2.5496597290039062,2.450591802597046,2.567,test,2.8350818157196045
JVASP-44609,Li7Co5O12,3.5441627502441406,4.297552755900791,3.567,train,6.734965562820435
JVASP-154072,LiInMo3O8,2.1341710090637207,3.6166512966156006,2.009,test,4.556535005569458
JVASP-68589,LiBe2Pd,0.04893223196268082,0.311547040939331,0.002,train,1.8562171459198
JVASP-119586,Li5Mn2CoO8,3.5985116958618164,4.316236257553101,3.628,train,6.121540307998657
JVASP-146113,Li2Ni3TeO8,3.3586602210998535,3.8686060905456543,3.368,test,4.320618629455566
JVASP-140584,Li2MnO2F,3.268960952758789,4.32648777961731,3.267,val,6.146397352218628
JVASP-43165,Li2MnV3O8,2.7608118057250977,3.52712082862854,2.78,train,3.99557900428772
JVASP-140639,Ba2LiVP2O9,1.8237231969833374,2.349074602127075,1.827,train,2.4276769161224365
JVASP-141688,Li4MnCo2O7,3.513378620147705,4.132375717163086,3.517,val,5.529804468154907
JVASP-85528,Li2EuGeS4,1.623081922531128,3.036768674850464,1.592,train,4.055352449417114
JVASP-12888,LiBiO2,4.185920238494873,4.891561269760132,4.244,train,7.378062963485718
JVASP-102059,K2LiCeBr6,3.0282764434814453,1.6779627799987793,2.938,train,1.9456708431243896
JVASP-48152,Li2CoSi2O6,3.044774055480957,4.3353493213653564,3.025,train,5.241612672805786
JVASP-147666,Li7FeO6,4.767586708068848,4.392131090164185,4.825,test,6.073632717132568
JVASP-66613,BaLiMg,-1.1972076892852783,-0.2550609111785888,-1.291,train,0.3194139003753662
JVASP-46919,Li7CoOF7,5.951326847076416,5.867051090512957,5.867,train,9.42267394065857
JVASP-122279,LiVGaO4,3.349031925201416,4.069575071334839,3.351,train,4.44532322883606
JVASP-38551,Li3Pt,1.8373490571975708,2.895011822382609,2.003,train,15.383848667144775
JVASP-64680,BaLiCa,-0.9239517450332642,-0.2664982080459595,-0.892,train,0.4232699871063232
JVASP-122408,Li7Mn4CoO12,3.2487008571624756,3.943101099559239,3.272,train,5.2959253787994385
JVASP-36777,LiAgO2,3.7080740928649902,4.953208684921265,3.778,train,5.968766570091248
JVASP-50523,Li4NbO4,3.313913345336914,3.639177083969116,3.361,train,6.771413564682007
JVASP-43827,Li2FeF4,4.492032527923584,5.223345160484314,4.431,train,6.220274448394775
JVASP-147145,LiZnFe4O8,3.0766592025756836,4.259747266769409,3.104,test,4.5679614543914795
JVASP-71843,Li2BePt,1.11350417137146,1.3837897777557373,1.064,train,8.706477403640747
JVASP-153830,LiV2O5,3.209010124206543,2.8252599239349365,3.245,test,3.071005582809448
JVASP-12178,Li2WS4,2.3873472213745117,2.4846105575561523,2.364,train,3.2238943576812744
JVASP-3696,BaLiH3,1.166480302810669,2.1305031776428223,1.075,train,3.8699076175689697
JVASP-136934,Li3N,2.7158074378967285,2.5140813986460366,2.725,val,6.622782945632935
JVASP-76859,LiMgIn2,0.9232729077339172,0.7889702320098877,0.915,train,0.7889702320098877
JVASP-67730,LiBeCo,0.04006687551736832,1.0138943195343018,0.082,train,2.146787166595459
JVASP-146327,Li7Mn2Co3O12,3.5556392669677734,4.193170513425555,3.577,test,5.64684271812439
JVASP-41026,LiNbRh2,0.9815037846565247,1.5896008014678955,1.018,train,4.812905550003052
JVASP-43064,Li4Mn3F10,4.221762657165527,5.386826574802399,4.216,train,9.206151008605955
JVASP-23312,LiNi2P3O10,3.7597835063934326,4.8212974071502686,3.724,train,5.130801439285278
JVASP-52380,Li3BiS3,1.8526623249053955,3.2621047496795654,1.821,train,4.942911386489868
JVASP-127987,LiNd3,-0.36061063408851624,0.1846106052398681,-0.343,train,1.3014780282974243
JVASP-46456,Li3VBPO7,2.796717405319214,4.243765592575073,2.782,train,5.912809133529663
JVASP-152754,LiVCuO4,2.9136903285980225,3.653719186782837,3.039,test,3.820135354995727
JVASP-133623,Li3Fe3OF7,4.217545986175537,4.888891776402791,4.162,val,6.4914116859436035
JVASP-105677,Na2LiRhF6,3.354905605316162,4.879225969314575,3.305,train,5.2108471393585205
JVASP-121741,Li4Ti3Fe3Sn2O16,2.7646305561065674,3.776869535446167,2.786,train,4.6900928020477295
JVASP-118597,Li2AlO3,5.450402736663818,5.247257471084595,5.538,train,7.461695909500122
JVASP-146933,Li3Mn5OF11,3.0870089530944824,4.182154575983684,3.016,test,6.083765983581543
JVASP-149821,Li2PrGe,0.20961922407150269,0.6367789506912231,0.223,test,1.0204901695251465
JVASP-20277,LiHg,0.9381183981895447,0.8844213485717773,0.988,train,2.409175157546997
JVASP-47537,Li2TiCoO4,3.0791587829589844,3.680932760238647,3.047,train,6.3323094844818115
JVASP-145963,LiMn3Fe2O8,3.111938238143921,3.7958905696868896,3.125,test,3.931075811386109
JVASP-121446,Li5Mn3O8,3.7601284980773926,4.236847829818726,3.799,train,6.4137866497039795
JVASP-39799,Li2ZnAu,1.722227931022644,1.350786209106445,1.774,train,2.877212345600128
JVASP-155429,LiGeS2,2.187335252761841,2.503901243209839,2.116,test,3.238149881362915
JVASP-110216,LiYSe2,1.6086324453353882,3.0533151626586914,1.612,train,6.5572381019592285
JVASP-46868,LiSi2NiO6,3.0221335887908936,5.346090078353882,3.007,train,6.087002992630005
JVASP-50815,Li5InO4,3.9733469486236572,4.957704544067383,3.977,train,10.91987156867981
JVASP-145584,Li6FeNiP2C2O14,3.187152147293091,4.225790898005168,3.243,test,6.122655153274536
JVASP-43984,Li2AlFeO4,3.0699572563171387,4.304683446884155,3.122,train,5.168108224868774
JVASP-1846,LiErSe2,1.7920488119125366,1.9569129943847656,1.831,train,3.3980917930603027
JVASP-41746,LiDyHg2,0.44947367906570435,1.129434585571289,0.438,train,2.2981739044189453
JVASP-109834,K2LiYI6,3.756176233291626,1.362251043319702,3.487,train,1.362251043319702
JVASP-116514,LiMnF3,3.7879180908203125,5.0613133907318115,3.794,train,11.251708030700684
JVASP-102724,Li2CdIn,0.4630250334739685,0.7977378368377686,0.475,train,2.229308843612671
JVASP-146583,Li4Nb3Fe3Ni2O16,2.6623106002807617,3.891412496566773,2.744,test,5.2915709018707275
JVASP-47923,Li2MnF4,4.362818717956543,5.587506532669067,4.332,train,8.568481206893921
JVASP-116906,Li2VFeP2O8,2.763162612915039,2.8130362033843994,2.79,train,3.3769371509552
JVASP-116286,Li3H,0.9483106136322021,1.121508200963338,0.962,train,4.637606859207153
JVASP-121737,LiFePH2O5,2.787961006164551,3.367431402206421,2.795,train,4.319768190383911
JVASP-106960,LiPm3,-0.18525686860084534,0.1706103086471557,-0.203,train,1.504225254058838
JVASP-93824,Li2Tl,0.5878758430480957,0.6606532335281372,0.589,train,1.6514344215393066
JVASP-72139,Li2BeTl,0.46655377745628357,0.7686992883682251,0.518,train,1.7628008127212524
JVASP-133563,LiFe2OF3,2.8541622161865234,3.2368099689483643,2.727,val,3.8272204399108887
JVASP-117445,LiVOF4,4.238261699676514,4.933732271194458,4.214,train,5.874577522277832
JVASP-121807,Li4MnCo2O7,3.5158112049102783,4.155055046081543,3.521,train,5.893531560897827
JVASP-74574,LiHf4Be,-1.1014388799667358,1.9925520420074463,-1.071,train,5.2010157108306885
JVASP-17685,LiGa2Pt,1.0971314907073975,0.823314905166626,0.993,train,1.3530200719833374
JVASP-100127,Rb2LiMoI6,2.8619272708892822,1.9823453426361084,2.89,train,1.9823453426361084
JVASP-103269,YbLiAu2,0.5169538855552673,1.855797529220581,0.627,train,3.8433775901794434
JVASP-97374,NaLi3Si6,0.7942799925804138,0.85055144627889,0.819,train,1.5968918800354004
JVASP-41904,LiAcTl2,-1.0743404626846313,1.2807962894439695,-0.998,train,4.063370943069458
JVASP-40072,Li2PrIn,-0.09239127486944199,0.5939052104949951,0.007,train,1.7963669300079346
JVASP-104856,LiMgIn2,1.0031898021697998,1.035794019699097,0.963,train,1.6675841808319092
JVASP-39860,LiSc2Tc,0.20056641101837158,1.5634758472442627,0.192,train,8.1901216506958
JVASP-1822,LiDyS2,1.0321663618087769,2.3327653408050537,1.14,train,3.836603879928589
JVASP-140521,LiAlFeO4,3.3380799293518066,4.109835386276245,3.398,val,4.775046110153198
JVASP-111974,Li5VO4F,4.221991062164307,4.495702028274536,4.182,train,6.689861536026001
JVASP-42633,LiMn2P2O8,3.2466044425964355,4.538492918014526,3.275,train,5.0195229053497314
JVASP-104529,Na2LiBiCl6,3.2962732315063477,3.006636381149292,3.33,train,3.229175806045532
JVASP-112799,LiCoPO4,3.505221366882324,4.979779481887817,3.496,train,6.025474309921265
JVASP-103548,Li2MnF6,4.498809337615967,5.5448994636535645,4.466,train,6.686081647872925
JVASP-117088,LiMnPO4,2.9938600063323975,4.412919759750366,3.033,train,6.733078718185425
JVASP-35168,LiBeBO3,2.348933219909668,4.843762159347534,2.367,train,9.414422750473022
JVASP-88720,K11LiMn4O16,1.2978217601776123,3.1653385162353516,1.279,train,3.257410049438477
JVASP-132980,Li7Mn2Co3O12,3.5856857299804688,4.21228780065264,3.592,val,5.991780519485474
JVASP-102524,LiSi3,0.6449130773544312,0.743593692779541,0.702,train,1.3137047290802002
JVASP-67279,LiBeFe,-0.41630232334136963,0.1443679332733154,-0.374,train,0.9107329845428468
JVASP-125856,K3Li,-4.398584842681885,-0.1281111240386963,-3.928,train,1.0615158081054688
JVASP-46433,Li4AlCr3O8,2.732905387878418,3.430574655532837,2.746,train,5.218156099319458
JVASP-145232,Li2Co12P7,1.1733975410461426,1.26379132270813,1.26,test,1.590770959854126
JVASP-77062,Li2InSb,1.3575459718704224,1.9601449966430664,1.36,train,3.741039752960205
JVASP-135380,LiY2S2,1.0292048454284668,1.0830132961273191,1.3,val,1.4499609470367432
JVASP-48272,LiCo2O4,4.045581817626953,4.266503095626831,4.027,train,4.934218645095825
JVASP-109996,LiSnPt2,2.6178860664367676,1.8242254257202148,2.54,train,2.7197887897491455
JVASP-118839,LiCaAs,1.3832589387893677,1.2022099494934082,1.37,train,3.467900037765503
JVASP-140952,LiFeW2O8,3.7882673740386963,3.52485728263855,3.818,train,3.7152011394500737
JVASP-157067,Yb2LiAg,-0.6079939007759094,0.5641255378723145,-0.931,test,2.692138195037842
JVASP-102083,Na2LiInF6,3.506777048110962,5.2867937088012695,3.474,train,6.387859344482422
JVASP-44384,Li3TiCu4O8,3.1295435428619385,4.0464247067769366,3.141,train,5.0109288692474365
JVASP-22385,LiPF6,5.161950588226318,5.3072350025177,5.177,train,6.116252899169922
JVASP-110809,Li2AgBi,1.5191725492477417,1.4941002130508425,1.556,train,2.549074172973633
JVASP-111943,Li2FeF4,5.664112091064453,5.965558886528015,5.51,train,8.54734492301941
JVASP-44914,Li2TiCo2O5,2.882256507873535,3.5464670658111572,2.865,train,4.984808683395386
JVASP-50738,LiCuCO3,2.6190197467803955,3.423218011856079,2.594,train,3.734074354171753
JVASP-121717,LiCoSnO4,3.5534186363220215,4.3541481494903564,3.544,train,4.627265691757202
JVASP-109434,Li3InF6,3.6628479957580566,6.326311429341634,3.683,train,11.603019952774048
JVASP-45902,LiTi3VO8,2.6915268898010254,3.0111734867095947,2.712,train,3.450144052505493
JVASP-36775,LiCuO2,4.866181373596191,5.192551493644714,4.843,train,6.547448396682739
JVASP-146606,Li2CrO4,6.156425952911377,4.083688735961914,6.328,test,5.849931955337524
JVASP-108828,Li2CrNiO4,3.1006908416748047,3.5543529987335205,3.104,train,4.400339365005493
JVASP-145613,Li3CoO3,4.237456798553467,4.338093201319377,3.784,test,5.886322021484375
JVASP-43047,Li5Mn5Ni2O12,3.0133442878723145,3.3272591114044188,3.032,train,4.7204625606536865
JVASP-52142,Li3Mn3O8,3.817707061767578,4.705102205276489,3.858,train,5.803855657577515
JVASP-142066,LiCoCuO4,3.8169429302215576,4.64721417427063,3.82,test,5.237180948257446
JVASP-65582,BaLiRh2,0.40046894550323486,0.5485134124755859,0.355,train,3.56783127784729
JVASP-116897,LiMnPO4,3.0953805446624756,3.166429281234741,3.099,train,3.600649118423462
JVASP-147245,Li4MnCo2O7,3.484077215194702,4.171735525131226,3.497,test,5.955275297164917
JVASP-139401,Li2Sn,0.5709885358810425,1.0544532537460327,0.875,val,3.346304178237915
JVASP-34263,Li4CO4,2.391573667526245,3.7296431064605713,2.443,train,6.004987001419067
JVASP-146742,Li4V2Ni3Sb3O16,3.1303234100341797,3.5568201541900635,3.166,test,4.930548906326294
JVASP-35154,K3LiP2O7,1.8809682130813599,4.263840913772583,1.836,train,5.658268213272095
JVASP-118526,Li2HfO2,1.0870219469070435,1.8765695095062256,1.128,train,4.43011736869812
JVASP-50933,LiH2BrO,3.2501678466796875,3.523142099380493,3.305,train,5.54782247543335
JVASP-118462,NaLiH,-0.1987045705318451,-0.4443640112876892,-0.217,train,0.1136075258255004
JVASP-39881,Li2CaSn,0.5088046193122864,0.7824901342391968,0.578,train,2.6140334606170654
JVASP-144028,Li2V2SiGeO10,3.6058621406555176,4.3724071979522705,3.636,train,5.295674085617065
JVASP-135392,LiS2,2.6162991523742676,2.2140419483184814,1.834,val,3.2603418827056885
JVASP-121903,LiMnP2O7,3.388303518295288,5.132720708847046,3.4,train,5.78533673286438
JVASP-140204,LiNi2O4,4.068760395050049,4.415241003036499,4.04,train,4.666861057281494
JVASP-117271,LiNi2O4,3.5895302295684814,4.007094144821167,3.574,train,4.1365578174591064
JVASP-116810,LiV2PO7,3.0488648414611816,3.2542545795440674,3.027,train,3.5280978679656982
JVASP-47077,Li8VO5F,4.544707775115967,4.33808046579361,4.577,train,10.557663440704346
JVASP-101405,LiTiPd2,1.2031453847885132,0.9006674289703369,1.208,train,2.2985401153564453
JVASP-46734,LiMn2F6,3.765871524810791,4.559797525405884,3.773,train,4.976856708526611
JVASP-42834,LiCoO2,3.4379849433898926,3.8053600788116455,3.455,train,4.981189012527466
JVASP-67390,LiYBe,-0.15513616800308228,0.6487066745758057,-0.143,train,2.3586676120758057
JVASP-133193,Li4Co3O7,3.6478803157806396,4.272175312042236,3.661,val,5.917278528213501
JVASP-121296,LiAuF4,5.5438690185546875,5.481672883033752,5.427,train,6.358868360519409
JVASP-47583,Li2Cr3CoO8,3.2489657402038574,4.800747632980347,3.257,train,5.341505765914917
JVASP-40664,Li6VO3F3,4.884284496307373,4.430827260017395,4.812,train,6.9883713722229
JVASP-42597,LiVF4,4.309483528137207,4.061514139175415,4.353,train,5.190006732940674
JVASP-46269,LiFe2O3,2.506302833557129,3.4967973232269287,2.553,train,4.678428411483765
JVASP-106964,LiScIn2,0.5772975087165833,1.5245179533958435,0.557,train,2.824654459953308
JVASP-103080,LiBi3Br2O4,2.712512493133545,3.1636853218078613,2.722,train,3.2634389400482178
JVASP-107877,LiCuOF,4.316425800323486,5.5471718311309814,4.324,train,7.232123494148254
JVASP-42742,LiMnSiO4,3.2159290313720703,4.843519449234009,3.226,train,5.477459669113159
JVASP-138849,LiTlF4,5.91220760345459,6.7031636238098145,6.936,val,7.694635391235352
JVASP-120425,LiMnCrO4,3.601576805114746,4.041923761367798,3.593,train,4.488415956497192
JVASP-42398,Li2FeO2F,4.989160060882568,4.921639680862427,4.975,train,9.713839769363403
JVASP-7784,LiC,3.049105167388916,2.2951414585113525,3.135,train,5.5674216747283936
JVASP-86910,LiSi,1.0927493572235107,2.0596208572387695,1.088,train,3.8738605976104736
JVASP-93199,LiMg6Nb,0.2034219205379486,0.8041551113128662,0.262,train,1.248209834098816
JVASP-37739,LiAl2Os,0.9378382563591003,1.9487359523773191,0.995,train,6.573486566543579
JVASP-108574,K2LiNdI6,1.5935194492340088,1.5076020956039429,1.568,train,1.5076020956039429
JVASP-40676,Li7VO4F2,4.807901859283447,4.396134614944458,4.785,train,8.236203908920288
JVASP-145687,Li2CoO3,3.803633689880371,4.618713140487671,3.819,test,6.429274797439575
JVASP-145744,Li2CoCl4,3.1077423095703125,3.755065679550171,3.278,test,5.349893093109131
JVASP-119038,LiNdSn,0.23977407813072205,0.72705078125,0.277,train,1.195587396621704
JVASP-117093,LiCoSiO4,3.4864084720611572,4.5824902057647705,3.489,train,4.850991487503052
JVASP-42684,LiVPHO5,2.7751052379608154,3.389902830123902,2.782,train,3.89850115776062
JVASP-43808,Li2FeF4,3.702320098876953,4.933426260948181,3.693,train,6.386652708053589
JVASP-139316,Li2C,1.9739633798599243,2.424609422683716,2.142,val,7.829691648483276
JVASP-50004,Li5TaO5,3.3599376678466797,4.5510753154754635,3.429,train,6.266893148422241
JVASP-56663,Li2MnSiO4,2.7076668739318848,4.476532220840454,2.732,train,6.459590673446655
JVASP-113457,BaLiBi,-0.319629430770874,0.5046736001968384,-0.36,train,1.0126125812530518
JVASP-53095,NaLiZnP2O7,2.973052978515625,6.527252912521362,2.987,train,8.360111474990845
JVASP-54553,LiNbWO6,3.9507343769073486,4.39133620262146,3.997,train,5.702753782272339
JVASP-141028,Li5Nb2Co3O10,2.6966960430145264,4.128349542617798,2.654,val,6.796312570571899
JVASP-41742,LiGeIr2,2.0207479000091553,1.683396577835083,1.947,train,3.251553773880005
JVASP-48540,LiCo2OF3,3.158297538757324,4.571757793426514,3.128,train,5.2382214069366455
JVASP-133675,LiNiPO4,3.372729778289795,4.484295606613159,3.376,val,5.9323132038116455
JVASP-50073,LiTeO3,3.5975470542907715,4.124913454055786,3.626,train,5.194471836090088
JVASP-41885,LiBe2Ir,0.31984004378318787,1.7697601318359375,0.357,train,4.946210145950317
JVASP-104728,Li2UBr6,2.268341541290283,2.337850332260132,2.292,train,3.444009304046631
JVASP-119249,LiCo2O4,3.7523508071899414,4.2048609256744385,3.77,train,4.760229825973511
JVASP-48918,Li4V2OF7,3.7296557426452637,4.11395263671875,3.772,train,6.816471099853516
JVASP-20846,Li3TaO4,3.1344027519226074,4.341820955276489,3.114,train,8.343135595321655
JVASP-43057,LiCo2NiO6,4.006538391113281,4.188122987747192,4.005,train,4.4357006549835205
JVASP-38789,LiNd2Os,-0.011073417961597443,0.5743496417999268,0.081,train,1.777594804763794
JVASP-143114,Li7Mn2Co3O12,3.4020166397094727,4.246726206370762,3.409,val,6.124409437179565
JVASP-42756,Li4Ti3Fe3Ni2O16,3.2629261016845703,4.420981168746948,3.268,train,5.594042062759399
JVASP-10083,LiAlSe2,1.3323994874954224,2.5819027423858643,1.287,train,3.595472812652588
JVASP-153367,Ba2LiFe2N3,0.6293255090713501,0.9819071292877196,0.869,test,1.472754716873169
JVASP-138817,LiNbF4,3.6587324142456055,3.717207193374634,5.129,val,4.422051191329956
JVASP-68039,LiTi2Be,-0.02012535184621811,0.7444102764129639,0.077,train,2.5215227603912354
JVASP-58405,Li8IrO6,3.401191234588623,4.377931743860245,3.433,train,8.140617609024048
JVASP-115195,Li2I,1.4674932956695557,1.4309231638908386,1.434,train,5.308947682380676
JVASP-56787,Li2ZnGe,0.8808647990226746,1.355076551437378,0.911,train,3.3698854446411133
JVASP-146624,Li3Mn4B4O12,2.4224705696105957,3.1192376613616943,2.404,test,3.657395124435425
JVASP-96800,LiYP4O12,2.3313779830932617,4.382880926132202,2.391,train,5.10029673576355
JVASP-133713,Li2VO3,3.1098012924194336,3.939374685287475,3.201,test,6.074592351913452
JVASP-16805,LiMnTe2,2.2199110984802246,2.168546438217163,2.207,train,2.8640120029449463
JVASP-44445,LiNbCrO4,2.345576286315918,2.585691213607788,2.332,train,2.7853238582611084
JVASP-144754,Li4TiCrO6,3.122453212738037,4.651139974594116,3.201,val,7.540843725204468
JVASP-106041,Li3MnAs2,1.982129693031311,2.1294033527374268,2.031,train,6.02099347114563
JVASP-43698,LiFe2F7,4.228507995605469,4.637807130813599,4.252,train,4.794012546539307
JVASP-46858,Li2V3CoO8,2.855560302734375,3.803609132766723,2.854,train,4.194704294204712
JVASP-18737,Li3Pb,0.31694501638412476,1.049790620803833,0.303,train,3.237387180328369
JVASP-144089,LiV3OF11,3.8267788887023926,4.377768278121948,3.601,val,4.5294106006622314
JVASP-43809,Li4Ti5Fe3O16,2.6809816360473633,3.429121255874634,2.7,train,4.057426691055298
JVASP-96880,Li3H6Rh,1.4727282524108887,2.6665259997049966,1.447,train,4.984315395355225
JVASP-45933,Li4V3CrO8,2.4345078468322754,2.925789594650269,2.439,train,4.218447923660278
JVASP-65090,Li4BeW,1.2914153337478638,1.1718037724494934,1.256,train,7.201996564865112
JVASP-44722,Li3Cr3SiO8,2.79872465133667,3.3035833835601807,2.83,train,4.2868311405181885
JVASP-103140,Li2IrN2,2.335895538330078,2.3125884532928467,2.357,train,4.35988450050354
JVASP-44393,Li2Ni3SbO8,3.428302764892578,4.365206718444824,3.389,train,6.328731060028076
JVASP-118555,LiIO,1.3986445665359497,2.049681544303894,1.432,train,2.5368961095809937
JVASP-155431,Li2HgGeS4,2.153425455093384,2.9094130992889404,2.87,test,4.062139987945557
JVASP-44406,Li4V3Cr3W2O16,2.2782061100006104,3.17541241645813,2.287,train,4.190212965011597
JVASP-50692,LiAgF2,4.508145809173584,5.854859113693237,4.542,train,7.075917840003967
JVASP-43884,Li3FeF6,4.389526844024658,5.296809116999309,4.369,train,6.649734020233154
JVASP-18805,LiUN2,0.9421013593673706,1.349513292312622,0.95,train,2.5168144702911377
JVASP-115191,LiI2,1.6325169801712036,1.7724426984786987,1.699,train,2.1370155811309814
JVASP-117101,LiFeF4,4.933952808380127,5.8155152797698975,4.96,train,6.310840368270874
JVASP-10961,LiAuF4,6.399720668792725,6.7304171323776245,6.309,train,8.574311375617981
JVASP-112836,Li2CoP2O7,3.5678868293762207,4.952142953872681,3.545,train,5.418407201766968
JVASP-34962,LiCN,2.2246646881103516,1.848047971725464,2.282,train,2.7421071529388428
JVASP-130693,Li8Nb,0.027108021080493927,0.042447805404663,0.085,train,4.543278098106384
JVASP-138825,LiOF,4.631049156188965,5.119693040847778,5.72,val,6.686255693435669
JVASP-35170,LiCaAlN2,0.9736691117286682,1.1277425289154053,0.979,train,1.6023495197296145
JVASP-141640,Li4Mn5Co3O16,3.5230660438537598,4.000998735427856,3.519,train,5.311399221420288
JVASP-144889,Li3Fe2Si2O8,3.134610176086426,4.026857137680054,3.281,test,4.9623448848724365
JVASP-113666,Li2Br,2.130082845687866,2.0969414710998535,2.065,train,6.155692219734192
JVASP-144019,LiVF4,3.9811716079711914,3.6925668716430664,3.959,train,4.065152406692505
JVASP-146719,LiTiMnF6,3.282266616821289,3.0143892765045166,3.284,test,3.2244436740875244
JVASP-122340,Na5LiFe2P2C2O14,2.088465690612793,2.843393564224243,2.091,train,2.9991133213043213
JVASP-141120,LiB3,0.46018874645233154,1.830958127975464,0.412,train,4.458812952041626
JVASP-86930,Ba2LiReO6,1.19752836227417,2.6080033779144287,1.219,train,2.9021952152252197
JVASP-86887,SrLi4P2,1.2444108724594116,1.7027208805084229,1.219,train,2.076357126235962
JVASP-146115,Li3Co2Si2O8,3.222008228302002,4.645591497421265,3.251,test,5.96371865272522
JVASP-7857,LiFeO2,3.313526153564453,3.5574748516082764,3.349,train,4.787114381790161
JVASP-41930,LiErIn2,-0.4072495102882385,1.5688869953155518,-0.384,train,4.277558207511902
JVASP-24337,NaLiCO3,2.474846839904785,4.46941876411438,2.473,train,6.567489862442017
JVASP-141916,Li4Co3O7,3.6516079902648926,4.296911001205444,3.652,train,6.04786229133606
JVASP-46441,Li4CrFe3O8,3.026244640350342,3.413405656814575,3.033,train,4.277514219284058
JVASP-69285,Ba2LiTe,-0.45193055272102356,0.511185884475708,-0.36,train,1.3635491132736206
JVASP-40541,LiYAu2,1.3645375967025757,1.6084959506988523,1.39,train,3.381145477294922
JVASP-107458,LiCl,5.806495189666748,13.6800434589386,5.748,train,87.30861759185791
JVASP-137299,Li5Fe4O8,2.743788480758667,2.7895742893218993,2.801,test,4.865521669387817
JVASP-119370,Li6FeO5F,4.959731578826904,4.6773918469746905,4.925,train,6.2520225048065186
JVASP-47889,Li2CrSiO4,2.655351161956787,3.6801106929779057,2.646,train,5.258329153060913
JVASP-113200,LiFeP2O7,3.5935025215148926,5.26998496055603,3.612,train,5.55731987953186
JVASP-147314,Ba4LiBi3O12,1.8221396207809448,4.128166437149048,3.809,test,4.926532983779907
JVASP-40308,LiGa3,0.46727389097213745,0.8216686248779297,0.455,train,0.991119146347046
JVASP-99562,LiCoN,1.1246190071105957,1.23217511177063,1.142,train,1.7869932651519775
JVASP-130705,Li8Pu,-0.17695334553718567,-0.0335809290409088,-0.14,train,7.209559202194214
JVASP-142082,LiCoSiO4,3.569690704345703,4.440857648849487,3.529,test,4.803706407546997
JVASP-100700,LiLaSO,1.3978689908981323,2.9926388263702393,1.342,train,5.329406023025513
JVASP-47646,LiAgF4,3.449921131134033,6.433344066143036,3.491,train,7.023275852203369
JVASP-122402,Li3MnCoO5,3.527200937271118,4.298639535903931,3.553,train,5.2302258014678955
JVASP-67178,LiBePd,0.5415368676185608,0.9850027561187744,0.512,train,3.1934010982513428
JVASP-114159,Li2AgO2,4.375485420227051,4.5246278047561646,4.385,train,6.108557462692261
JVASP-45174,Li5Fe2Cu3O10,3.2972049713134766,4.262315034866333,3.32,train,5.337640047073364
JVASP-142685,LiVF4,3.821037769317627,4.06114935874939,3.785,val,4.680388450622559
JVASP-42156,Li4Fe3SbO8,2.689194679260254,3.3335764408111572,2.716,train,4.772850751876831
JVASP-145996,Li8Co5O10,3.5119950771331787,3.987032413482666,3.575,test,5.820982217788696
JVASP-43016,LiFeNiO4,3.8210699558258057,4.0664074420928955,3.797,train,4.5288002490997314
JVASP-142614,Li3Mn4B4O12,2.4097659587860107,3.252340873082479,2.4,val,3.690473318099976
JVASP-48641,Li3Mn5OF11,3.1086883544921875,4.176973104476929,3.06,train,6.530045986175537
JVASP-40551,LiHfPt2,3.041832208633423,1.254540205001831,2.862,train,3.1808388233184814
JVASP-90589,Li3Mg,0.16842910647392273,0.3556551138559977,0.154,train,1.573143720626831
JVASP-100493,LiPr2Al,-0.38010814785957336,0.2426357269287109,-0.251,train,1.2486469745635986
JVASP-36265,LiMnAs,0.7565205693244934,0.6534452438354492,0.771,train,2.221813917160034
JVASP-36572,LiMg2Al,0.22687572240829468,0.7491202354431152,0.252,train,0.9632673263549804
JVASP-31201,Li2MgCl4,1.986431360244751,4.342584729194641,1.923,train,6.752242565155029
JVASP-35635,Li5PS4Cl2,3.16835355758667,3.365965247154236,3.129,train,4.6695237159729
JVASP-118246,Li2InF3,7.093435287475586,6.449723482131958,6.873,train,8.779035091400146
JVASP-143246,LiMnFeF6,3.8846216201782227,4.945804119110107,3.9,train,5.39631724357605
JVASP-44691,Li2FeCuO4,3.2200493812561035,4.1471405029296875,3.238,train,5.153881788253784
JVASP-121185,Li2S,3.5680506229400635,5.335320949554443,3.477,train,29.69983172416687
JVASP-107549,LiSmS2,1.100742220878601,2.683870553970337,1.154,train,5.886811971664429
JVASP-36739,LiAlB4,1.7642383575439453,1.2617218494415283,1.637,train,3.193377733230591
JVASP-45915,LiNiPO4,3.148268222808838,4.623185396194458,3.14,train,5.097410440444946
JVASP-38741,Li3Sm,0.10994205623865128,0.5800506273905436,0.117,train,3.5815988183021545
JVASP-50610,LiSiBiO4,2.9938957691192627,3.6651394367218018,2.981,train,5.371816873550415
JVASP-31312,Rb2Li14Pb3O14,3.6847639083862305,4.591278808457511,3.705,train,5.9573140144348145
JVASP-96441,Na2LiB5P2O14,2.509685516357422,2.9071733951568604,2.436,train,2.9821202754974365
JVASP-119637,LiCa2FeN2,1.0285937786102295,1.485938310623169,1.028,train,2.0522384643554688
JVASP-98803,LiV3Te2O12,3.2580084800720215,3.735880136489868,3.259,train,3.842268228530884
JVASP-44027,LiMnF4,4.355601787567139,5.99602198600769,4.391,train,7.532179594039917
JVASP-147241,Li5Co3O8,3.884693145751953,4.443108224868775,3.847,test,5.720059633255005
JVASP-139987,Li4MnCo3O8,3.311000347137451,3.5993688106536865,3.321,val,4.775652170181274
JVASP-145298,LiCaP,1.0145593881607056,1.817549467086792,1.43,test,2.9642837047576904
JVASP-140188,Li2UN2,0.7245748043060303,1.1385979652404783,0.781,train,3.0409834384918213
JVASP-157046,Yb2LiPb,-1.353790044784546,0.4634153842926025,0.558,test,1.2201082706451416
JVASP-42605,Li4CoO3F,4.739509582519531,4.808977127075195,4.778,train,6.6962502002716064
JVASP-135336,Li2TaO3,2.762646436691284,3.248218297958374,2.714,val,7.910930871963501
JVASP-112505,Li4MnCo2O7,3.4075775146484375,4.157808780670166,3.416,train,6.185651063919067
JVASP-146613,LiFeSiO4,3.2819411754608154,4.978739023208618,3.256,test,5.881666421890259
JVASP-52212,Li4CuP2O8,3.2907533645629883,5.096760392189026,3.31,train,6.6144044399261475
JVASP-121540,Li2Sm2Si3,0.31951597332954407,1.4609090089797974,0.37,train,2.4650449752807617
JVASP-50468,Li2CuSnO4,3.176123857498169,4.275917053222656,3.188,train,5.816429615020752
JVASP-40435,Li3Cd,0.7121356725692749,0.6470189889272054,0.731,train,4.026931285858154
JVASP-143837,Li9Mn3N4,2.341599464416504,2.11869035826789,2.391,val,4.87839150428772
JVASP-82027,LiCaTl2,0.013933129608631134,-0.0630416870117187,-0.059,train,0.154935598373413
JVASP-47274,Li5MnF8,5.717204570770264,6.13198561668396,5.694,train,9.333729028701782
JVASP-38544,LiAlH4,0.8413040637969971,1.243873119354248,0.771,train,1.7197067737579346
JVASP-43849,LiMnF3,3.4302687644958496,5.773946046829224,3.445,train,9.904655933380129
JVASP-143118,Li7Mn2Co3O12,3.548501491546631,4.268522909709385,3.564,val,6.569003343582153
JVASP-42722,LiCoOF2,4.039012432098389,4.694692134857178,4.093,train,5.066739320755005
JVASP-94411,Li2Mg,0.44580456614494324,0.4864113628864288,0.464,train,2.33945894241333
JVASP-146761,Li2CoO3,4.023848056793213,4.631606340408325,4.105,test,5.457974195480347
JVASP-45241,LiNiSnO4,3.655243396759033,4.178166151046753,3.661,train,4.606796026229858
JVASP-100673,K2LiSbI6,2.2585010528564453,1.86027592420578,2.178,train,1.86027592420578
JVASP-105103,LiO,4.697498798370361,5.413105130195618,4.815,train,11.62024426460266
JVASP-132860,Li6Mn2O5F2,3.9607133865356445,4.517847418785095,4.019,val,5.85823130607605
JVASP-79775,TbLiSe2,2.453270673751831,2.094388484954834,2.443,train,3.3910348415374756
JVASP-43390,Li4Cr5SbO12,2.930978298187256,3.2430484294891357,2.951,train,4.144519090652466
JVASP-45934,Li2VCrO4,2.5728073120117188,3.1120994091033936,2.587,train,3.789331197738647
JVASP-55074,Ba2Li3TaN4,0.7101842164993286,1.1512432893117268,0.725,train,3.079265832901001
JVASP-142150,Li7Mn2Co3O12,3.4002685546875,4.28137959752764,3.411,train,6.015052080154419
JVASP-122355,LiCrPO4,3.0395617485046387,3.837920427322388,3.036,train,4.808826208114624
JVASP-139349,LiPN,1.020898699760437,0.585120439529419,0.738,val,1.1250035762786863
JVASP-41773,LiPdAu2,2.1795032024383545,2.5708967447280884,2.111,train,5.089795351028442
JVASP-48622,LiFeSiO4,3.4287428855895996,4.3725879192352295,3.397,train,5.157385587692261
JVASP-52893,Li3H4Rh,1.7246356010437012,2.4450116952260337,1.7,train,5.35917067527771
JVASP-143563,Li7Mn2Co3O12,3.4759058952331543,4.109200988497053,3.449,val,5.732430696487427
JVASP-94993,LiCuPO4,3.494765043258667,4.641620874404907,3.508,train,5.313310384750366
JVASP-47306,LiVF4,3.852933168411255,4.000203609466553,3.834,train,4.376352548599243
JVASP-141564,LiNiBO3,2.544309616088867,3.981825113296509,2.549,train,5.130723237991333
JVASP-48971,Li4MnO2F3,4.553215026855469,5.230104684829712,4.591,train,7.230612516403198
JVASP-74507,LiMgBe2,0.2359045445919037,0.7803926467895508,0.283,train,1.963882863521576
JVASP-48594,Li5MnOF5,6.559627056121826,6.78256049156189,6.443,train,12.513753652572632
JVASP-144062,LiVOF4,4.5650129318237305,5.347218751907349,4.492,val,6.038287878036499
JVASP-143571,Li7Mn5O12,3.1850600242614746,3.8071157932281494,3.211,val,6.385421514511108
JVASP-42321,LiMnF4,4.32655668258667,5.859444856643677,4.326,train,7.285629034042358
JVASP-153088,Li2WO4,4.026961803436279,4.301447868347168,3.59,test,6.061872243881226
JVASP-91450,LiH3CO3,2.8502776622772217,3.280191659927368,2.785,train,3.7757232189178462
JVASP-81308,LiSc2Tl,-0.08382829278707504,0.1881256103515625,-0.102,train,1.0627994537353516
JVASP-118993,Li7Mn2Co3O12,3.395355701446533,4.281574283327375,3.413,train,6.66483998298645
JVASP-102525,LiThHg2,-1.9151910543441772,1.4897348880767822,-1.898,train,2.830658733844757
JVASP-139780,LiMnRhO4,3.541808605194092,4.256235837936401,3.53,train,4.5815699100494385
JVASP-87124,LiGeBO4,3.249645709991455,4.583799123764038,3.274,train,6.207000494003296
JVASP-44380,Li2Cr2O7,5.492618083953857,4.198356628417969,5.381,train,4.865383863449097
JVASP-147441,LiMn7O9F3,2.7917330265045166,3.227983236312866,2.797,test,3.2605669498443604
JVASP-77026,LiPdPb2,1.095494270324707,0.5937665700912476,1.059,train,0.5937665700912476
JVASP-143116,Li7Mn2Co3O12,3.5644636154174805,4.25189859526498,3.573,val,5.726322412490845
JVASP-40510,LiDy2Os,0.24632498621940613,0.5148923397064209,0.305,train,1.789891242980957
JVASP-142146,Li7Mn2Co3O12,3.382030487060547,4.279997791562762,3.404,train,6.696449518203735
JVASP-141005,Li3Ni4O8,3.572190046310425,4.174132347106934,3.545,val,4.767163515090942
JVASP-86795,Sr2LiCoN2,-0.22959741950035095,1.7749903202056885,-0.157,train,2.977980852127075
JVASP-46983,Li3Co2O2F3,5.349234580993652,6.004307746887207,5.28,train,8.890699625015259
JVASP-140951,Li3FeO3,4.434261798858643,4.393361647923787,4.435,train,5.842430353164673
JVASP-13111,SrLiBi,1.8022328615188599,1.0379831790924072,1.723,train,1.679478406906128
JVASP-118901,LiN2,3.452225685119629,1.875210642814636,3.489,train,3.518192768096924
JVASP-93480,Li2CrO3,3.2040255069732666,4.517730474472046,3.207,train,6.35425591468811
JVASP-117102,LiV6O7F5,2.002755641937256,1.6096951961517334,1.983,train,1.6589882373809814
JVASP-125954,Li8Nd,0.08523500710725784,0.0389103591442108,0.084,train,3.119444489479065
JVASP-93391,LiMg,0.38114550709724426,0.519927978515625,0.405,train,2.0336949825286865
JVASP-120423,Li4MnCo2O7,3.3993401527404785,4.237301588058472,3.412,train,6.110059976577759
JVASP-44135,Li4Mn3Fe2Cu3O16,3.428441047668457,4.338972806930542,3.435,train,4.913725137710571
JVASP-11782,Rb2LiVO4,2.6881186962127686,2.223879098892212,2.734,train,2.8375227451324463
JVASP-122356,Li2Si3NiO8,3.0634207725524902,4.13935399055481,3.06,train,5.126057863235474
JVASP-146328,Li7Mn2Co3O12,3.540337085723877,4.223343542643955,3.533,test,5.660468339920044
JVASP-44314,LiCoSnO4,3.2214417457580566,3.917004346847534,3.232,train,4.419811487197876
JVASP-81014,Sr2LiIr,2.078007936477661,1.9832531809806824,2.188,train,1.9832531809806824
JVASP-142380,Sr2LiSiN3,0.8991978168487549,1.7356531620025637,0.911,train,2.7789971828460693
JVASP-120312,Li2Sb,0.7247669696807861,1.1026189029216766,0.713,train,6.124535322189331
JVASP-40708,Li2MnOF3,4.013227939605713,5.465542554855347,4.105,train,8.3888578414917
JVASP-46292,LiMnBO3,2.260244846343994,3.011988401412964,2.267,train,3.426172971725464
JVASP-144099,SrLiAs,0.7831171751022339,1.4493885040283203,0.76,val,2.0919506549835205
JVASP-46814,Li3CuSbO5,3.4133753776550293,4.586764653523763,3.43,train,6.051424264907837
JVASP-138824,LiOF,5.639847278594971,5.904883623123169,6.329,val,7.325216174125671
JVASP-140549,LiCoPO4,3.37469744682312,4.961617708206177,3.37,val,6.57370400428772
JVASP-21091,LiSi2N3,1.731680989265442,3.1135571002960205,1.72,train,7.517024755477905
JVASP-18556,Na3Li3N2,2.1923391819000244,2.0299110809961953,2.124,train,2.962674617767334
JVASP-46760,Li4TiMn3P4O16,2.7500505447387695,3.038583517074585,2.765,train,4.0413172245025635
JVASP-144067,Li2VO3F,3.7918548583984375,4.825592279434204,4.023,val,5.979713678359985
JVASP-147709,Li2Fe3CoO8,3.344313144683838,3.9982945919036865,3.43,test,4.764479875564575
JVASP-116614,LiSO4,6.194161891937256,6.404808521270752,6.208,train,7.52983021736145
JVASP-144292,LiMnPO4,3.1718389987945557,3.7820041179656982,3.219,val,4.763847589492798
JVASP-40409,LiTmPt2,2.3093934059143066,1.8519108295440672,2.293,train,4.56139612197876
JVASP-154536,Li3Mg8Si4,-0.003848634660243988,-0.2837682366371155,0.051,test,0.4822697639465332
JVASP-117280,Li2CrO2,2.427933931350708,3.681673049926758,2.409,train,6.214265584945679
JVASP-146148,Li7Mn2Co3O12,3.395972490310669,4.166335753032139,3.409,test,5.49848198890686
JVASP-44131,LiCoSiO4,3.55452299118042,4.650734186172485,3.55,train,4.84943413734436
JVASP-42577,Li2FeO3,3.808784008026123,4.4527366161346436,3.879,train,5.521930932998657
JVASP-135321,LiScO,0.5538665652275085,-0.9259631633758544,-0.283,val,0.1854403018951416
JVASP-120579,Li3Ti2Co3O10,3.3154549598693848,4.638413190841675,3.281,train,5.34893536567688
JVASP-154000,LiFeSO4F,3.7956905364990234,3.910259485244751,4.126,test,4.4411633014678955
JVASP-129861,LiCa3,-0.6559170484542847,0.4935827255249023,-0.684,train,3.2380330562591553
JVASP-1765,LiMgAs,2.0710608959198,1.5149104595184326,2.019,train,4.02903413772583
JVASP-136361,LiPCl,1.115121841430664,1.283005714416504,0.285,val,2.2429137229919434
JVASP-58363,LiY2Si2,0.589265763759613,0.8524110317230225,0.598,train,1.4207241535186768
JVASP-141589,Li2MnSi3O8,2.7843918800354004,4.102161169052124,2.788,train,5.069515943527222
JVASP-112744,Li2V3O6,2.7908380031585693,3.296555519104004,2.795,train,3.934551954269409
JVASP-144422,LiMn2P2O8,3.24863338470459,4.496065855026245,3.277,train,4.9470155239105225
JVASP-140604,Li2VFeO5,3.290609359741211,3.838869571685791,3.242,train,5.206146478652954
JVASP-116872,Li7NiO4F2,4.780837535858154,5.002480387687683,4.8,train,7.954986333847046
JVASP-112765,Li2Ni2BiO6,3.095829486846924,3.844502091407776,3.095,train,4.3558266162872314
JVASP-43029,Li2FeO3,3.6413145065307617,4.608357667922974,3.695,train,6.68866229057312
JVASP-127257,LiTl,0.9520580768585205,0.7318222522735596,0.819,train,2.933544874191284
JVASP-95312,RbNa3Li12Si4O16,2.2567801475524902,4.512487173080444,2.246,train,5.804408311843872
JVASP-104803,K2LiSbF6,3.510598659515381,3.724284887313843,3.388,train,4.196429491043091
JVASP-66310,BaLiCl,-0.805626630783081,-0.9565954208374025,-0.78,train,-0.0257399082183837
JVASP-80029,Li2TmIn,-0.5179482102394104,0.5809156894683838,-0.475,train,1.886401891708374
JVASP-99357,Sr3Li2,-0.8006490468978882,0.4863129258155823,-0.749,train,3.0463685989379883
JVASP-144108,Li3MnCoO5,3.401455879211426,4.364081303278605,3.418,val,6.618752717971802
JVASP-44675,Li2MnCrO4,2.8966355323791504,3.579803228378296,2.905,train,5.026879072189331
JVASP-48202,LiVPO5,3.576871633529663,4.750759840011597,3.555,train,5.807232618331909
JVASP-102864,K2LiInF6,4.834970951080322,4.155295133590698,4.623,train,4.419932842254639
JVASP-141580,LiMnF4,4.9749755859375,6.1609413623809814,4.971,train,7.639144659042358
JVASP-37762,LiBeAu2,2.191586971282959,1.3375133275985718,2.097,train,2.551938056945801
JVASP-49840,LiLuO2,1.7150425910949707,3.711570978164673,1.662,train,5.64945387840271
JVASP-64990,LiBeIr4,-1.1179529428482056,2.7989470958709717,-1.063,train,4.341328382492065
JVASP-46394,LiMnBO4,2.756045341491699,4.74232029914856,2.749,train,5.948371171951294
JVASP-147379,Li3Fe3O8,3.923520565032959,4.771569013595581,3.96,test,5.452168226242065
JVASP-71120,LiBe2Re,0.6252602934837341,1.6162712574005127,0.676,train,7.775070428848267
JVASP-144044,Li2MnP2O7,3.427806854248047,5.404015302658081,3.442,val,7.521544694900513
JVASP-88884,Li5VP2O9,3.1418774127960205,4.306695032119751,3.141,train,5.558404207229614
JVASP-113175,LiCoP2O7,3.7066173553466797,5.01925253868103,3.695,train,5.362108469009399
JVASP-47609,LiCoSnO4,3.553372383117676,4.353424310684204,3.544,train,4.609794855117798
JVASP-142155,Li7Mn2Co3O12,3.3921167850494385,4.172643831798008,3.415,train,5.27863335609436
JVASP-133663,Li3CoB2O6,2.599374294281006,5.313489198684692,2.646,val,6.80660605430603
JVASP-48167,Li2VO2F,3.5855603218078613,4.069934606552124,3.603,train,7.436683893203735
JVASP-115209,LiSnP,1.0748916864395142,0.8977769613265991,1.068,train,1.3457337617874146
JVASP-115417,NaLiAs,0.42883357405662537,0.4261882305145263,0.437,train,0.7335208654403687
JVASP-50077,Li5CuSO2,3.1586132049560547,3.9993371963500977,3.238,train,8.239677786827087
JVASP-95286,SrLiBO3,1.6136451959609985,4.468448877334595,1.632,train,9.681684255599976
JVASP-45229,Li3VPCO7,2.9729995727539062,3.5706698894500732,2.996,train,4.965116262435913
JVASP-116896,Li4Co3Sn3Sb2O16,3.2284750938415527,4.022415399551392,3.208,train,5.219658136367798
JVASP-47902,LiMnF3,3.305680751800537,4.481679201126099,3.293,train,8.316270112991333
JVASP-40686,LiFeSiO4,3.4373767375946045,4.227461576461792,3.437,train,4.707517862319946
JVASP-67974,Li2BeBi,0.48098888993263245,0.8294310569763184,0.506,train,2.445906639099121
JVASP-146281,LiMoP2O8,2.717923641204834,4.050558805465698,2.323,test,4.375089406967163
JVASP-46248,Li2AlVO4,2.6874303817749023,3.2355797290802,2.711,train,5.114742994308472
JVASP-42277,Li2FeF4,5.617111682891846,5.384709358215332,5.497,train,7.469370603561401
JVASP-44667,Li2Mn3FeO8,3.547792673110962,4.002145528793335,3.557,train,4.493054151535034
JVASP-44785,Li4FeO3F,4.104817867279053,4.29144823551178,4.126,train,5.672579288482666
JVASP-43430,Li3V2F9,3.639523983001709,3.8315236568450928,3.612,train,4.912362813949585
JVASP-133149,LiMo6S8,2.3138465881347656,1.8781445026397705,2.421,train,1.93389630317688
JVASP-38531,Li3Nd,0.16334643959999084,0.5592707792917887,0.199,train,4.357245087623596
JVASP-39687,Li2PrTl,0.3813624680042267,0.5214035511016846,0.462,train,1.5829094648361206
JVASP-141810,LiFePO4,3.3425042629241943,3.928886651992798,3.36,train,4.509312391281128
JVASP-112820,Li2VCoO4,2.91255259513855,3.658031702041626,2.919,train,4.79016375541687
JVASP-85949,Li2TeO3,4.780187606811523,4.692377805709839,4.771,train,5.868216514587402
JVASP-16176,Li2NbF6,3.8332958221435547,4.873045444488525,3.752,train,12.63005518913269
JVASP-121203,LiTe2,1.1504603624343872,1.7335485219955444,1.167,train,2.619374513626098
JVASP-70463,LiBe2Co,-0.2389264702796936,0.5134532451629639,-0.239,train,1.9289000034332275
JVASP-98488,Li5TlO4,4.374022960662842,5.298003792762756,4.347,train,14.057415783405304
JVASP-141089,Li3AlB2O6,2.3084359169006348,4.933921575546265,2.296,train,7.2393577098846436
JVASP-147647,Li2Fe3TeO8,3.1219305992126465,3.746116876602173,3.09,test,4.099372148513794
JVASP-101161,LiHoS2,1.2087674140930176,3.3569390773773193,1.368,train,7.574633836746216
JVASP-48337,LiMn2O2F3,4.408223628997803,5.587476491928101,4.339,train,7.245242357254028
JVASP-146151,Li7Mn5O12,3.532191514968872,3.898784330912999,3.602,test,5.981735944747925
JVASP-113456,BaLiBi,-0.8995897173881531,0.1304601430892944,-0.975,train,1.353791892528534
JVASP-64971,Li4BeOs,1.6448403596878052,1.290949046611786,1.589,train,9.137850761413574
JVASP-109393,Li2MgBi,0.29493507742881775,0.7090325355529785,0.312,train,2.468147993087769
JVASP-140533,Li3Fe2O6,3.9749293327331543,4.937545537948608,4.001,val,6.728130578994751
JVASP-46831,Li2MnC2O6,3.3057074546813965,3.5404202938079834,3.343,train,4.582928895950317
JVASP-21497,Li2CaSiO4,2.3550591468811035,4.076360464096069,2.383,train,6.647946119308472
JVASP-99804,YbLi3,0.1963878870010376,0.2967415650685628,0.152,train,3.615298271179199
JVASP-107837,Na2LiSbCl6,2.6534645557403564,2.427390217781067,2.586,train,2.5659338235855103
JVASP-43542,Li3YNi2O6,3.0064783096313477,4.034087896347046,3.014,train,5.253291845321655
JVASP-39821,Li2AcIn,0.35365575551986694,0.4927371740341186,0.375,train,1.7700859308242798
JVASP-137590,Li7Mn5O12,3.184718132019043,3.8042985711778914,3.21,test,6.127007722854614
JVASP-40322,LiTm2Ir,0.3968861699104309,0.3409874439239502,0.437,train,0.8280925750732422
JVASP-156942,LiThZn2,0.23564329743385315,2.360187411308289,0.452,test,6.289561569690704
JVASP-111597,Li3TiV2O6,2.2922024726867676,2.833970785140991,2.302,test,4.007385015487671
JVASP-113210,LiMn2P2O8,3.4120094776153564,3.872441053390503,3.435,train,3.968084573745727
JVASP-46299,Li4Ni3BiO8,2.940279960632324,3.8993775844573975,2.954,train,5.589492559432983
JVASP-52346,Li2CuSbO5,3.6921913623809814,5.086105465888977,3.751,train,6.020686149597168
JVASP-46459,Li2Ti3FeO8,2.462578058242798,4.236234426498413,2.505,train,5.56147027015686
JVASP-110927,Rb2LiRuCl6,3.750563859939575,3.003260850906372,3.707,train,3.22806167602539
JVASP-51120,Li2GaSb,0.5117611289024353,1.4333966970443726,0.495,train,3.17584091424942
JVASP-142651,Li2Ti3VO8,2.6538352966308594,2.8595974445343018,2.667,val,3.1383135318756104
JVASP-137303,LiVBO4,3.0028796195983887,4.205856084823608,3.71,test,5.108296155929565
JVASP-120601,LiV4O5F7,3.086498975753784,3.1131269931793213,3.102,train,3.2261993885040283
JVASP-141569,Li3V2F8,3.472031593322754,3.819352388381958,3.459,train,5.538443565368652
JVASP-48295,LiMnP3HO10,2.9499526023864746,3.3730666637420654,2.933,train,3.684939622879028
JVASP-39401,LiInI4O12,4.167893886566162,4.372192621231079,4.2,train,4.492542743682861
JVASP-117453,Li3VSiO5,2.5698931217193604,3.783397118250529,2.582,train,5.938650846481323
JVASP-110384,Rb2LiTaI6,1.499055027961731,1.4391025304794312,1.466,train,1.4391025304794312
JVASP-46796,Li3CrPCO7,3.128974676132202,4.286648511886597,3.132,train,5.638381719589233
JVASP-4696,SrLiP,0.8771089911460876,1.4974064826965332,0.894,train,2.149888277053833
JVASP-12711,Li2NiPO4F,3.548595428466797,4.8467371463775635,3.556,train,6.36212944984436
JVASP-52502,Li6CuO4,4.527217388153076,4.288367549578349,4.49,train,8.372752904891968
JVASP-118940,LiSbAu,1.8195451498031616,1.1844596862792969,1.854,train,1.5389249324798584
JVASP-150439,Li2H6Pt,2.1422805786132812,3.4766945838928223,1.38,test,5.965240955352783
JVASP-52479,Li3SbS4,2.2469050884246826,3.1012848218282065,2.247,train,4.51221776008606
JVASP-43770,LiFeF4,4.60308837890625,5.599247694015503,4.648,train,6.461259126663208
JVASP-144110,Li3MnCoO5,3.631441354751587,4.296282529830933,3.627,val,5.219700574874878
JVASP-120287,LiNbSe,-0.8952455520629883,0.7263224124908447,-0.92,train,2.400683641433716
JVASP-111804,LiNiAsO4,3.4265713691711426,4.523387670516968,3.242,val,5.878004312515259
JVASP-43005,LiFe2O2F3,3.6046271324157715,4.469292879104614,3.62,train,5.375089883804321
JVASP-114307,LiAlH,1.2273364067077637,0.6434142589569092,1.218,train,1.790205717086792
JVASP-109221,LiVF6,3.4695348739624023,4.702124834060669,3.447,train,5.227729797363281
JVASP-147104,Li7Co5O12,3.5535507202148438,4.274272680282593,3.582,test,5.745938539505005
JVASP-43790,LiFeF3,4.958832263946533,5.8154473304748535,4.956,train,7.683336973190308
JVASP-40354,LiZn2Au,1.5219810009002686,0.9715185165405272,1.514,train,1.3978242874145508
JVASP-141043,Li2Cr3NiO8,3.7397570610046387,4.755952596664429,3.73,val,5.398977518081665
JVASP-52573,LiAgF4,4.280244827270508,6.3148273229599,4.303,train,7.229208111763
JVASP-35174,LiCaMgSiN3,0.9502260088920593,1.432469606399536,1.006,train,2.221790075302124
JVASP-130700,Li8Pd,0.20043715834617615,0.2645612210035324,0.2,train,4.84468549489975
JVASP-104588,LiHfAu2,4.41790771484375,1.5708026885986328,4.306,train,2.5171070098876953
JVASP-141521,LiVPO5,3.564016342163086,4.800987005233765,3.553,val,6.062207460403442
JVASP-109819,LiVO3,3.751633882522583,4.872719049453735,3.734,train,5.693737745285034
JVASP-43162,Li2VCo3O8,3.9344022274017334,4.611583948135376,3.938,train,5.338304281234741
JVASP-52286,LiSiBiO4,2.786832809448242,3.5757439136505127,2.774,train,6.112991571426392
JVASP-144778,Li4VP6O18,3.6476151943206787,5.041770815849304,3.713,val,6.001336336135864
JVASP-141212,Li2CoO3,3.8037447929382324,4.620361089706421,3.819,train,6.092004299163818
JVASP-119638,LiGdS2O8,1.304925799369812,2.6365091800689697,1.295,train,3.95190167427063
JVASP-46739,LiFe2P2O8,3.1881771087646484,3.6235601902008057,3.189,train,3.787365198135376
JVASP-46285,Li5Co5Sn2O12,2.8998866081237793,3.589609575271606,2.941,train,5.183206796646118
JVASP-136032,LiMgBi,0.22528305649757385,0.4579367637634277,0.191,train,1.4647592306137085
JVASP-47722,Li3V2O6,3.4171276092529297,4.144334236780803,3.442,train,5.552994012832642
JVASP-48101,LiFeO2,2.968195915222168,3.608609437942505,3.025,train,4.991137742996216
JVASP-35203,Li4P2O7,3.540517568588257,4.387511849403381,3.528,train,5.470712900161743
JVASP-105457,Li2GePd,1.4551512002944946,1.1089892387390137,1.491,train,2.239687442779541
JVASP-44747,Li4MgCo3O8,3.2716331481933594,3.88973069190979,3.273,train,4.496995210647583
JVASP-71232,LiBe2Ru,-0.7445306181907654,0.5979363918304443,-0.71,train,3.0417850017547607
JVASP-144066,Li7VO5F,5.069210529327393,4.5339438915252686,5.016,val,12.135414123535156
JVASP-12564,LiMgH3,0.48606327176094055,1.7354247570037842,0.488,train,5.262552261352539
JVASP-39857,LiSiIr2,2.2349681854248047,1.7513301372528076,2.085,train,3.196002721786499
JVASP-144050,LiMn3P4O16,3.5688719749450684,5.325789213180542,3.526,val,5.674101114273071
JVASP-118938,Li2AuS2,2.356663465499878,2.8139695525169373,2.39,train,3.986104726791382
JVASP-19054,Li2SnO3,3.3645646572113037,4.459905385971069,3.388,train,7.0175275802612305
JVASP-144180,Li2CePrMo4O16,2.2041592597961426,3.499490976333618,2.152,train,3.969579935073853
JVASP-43531,LiVF4,3.9717350006103516,3.940253734588623,3.966,train,4.339716911315918
JVASP-106856,LiTiO2,1.6097873449325562,2.1393210887908936,1.621,train,3.024479627609253
JVASP-144452,Li6SbS2,2.4632394313812256,3.810493588447571,2.461,train,22.793322563171387
JVASP-141627,LiCoSiO4,3.16058349609375,3.966435670852661,3.181,train,4.4514992237091064
JVASP-42836,LiVCrO4,3.017185926437378,3.6551454067230225,3.043,train,4.381436109542847
JVASP-48612,Li2FeSiO4,2.957797050476074,4.80937647819519,2.951,train,6.246835947036743
JVASP-92221,LiNdS2,1.384191870689392,2.5376617908477783,1.388,train,6.947505235671997
JVASP-120311,Li2Sb,0.9733649492263794,1.5740349292755127,1.005,train,4.925442814826965
JVASP-144075,LiVP2HO8,3.157637357711792,4.765989065170288,3.088,val,5.781514406204224
JVASP-11481,RbLiCrO4,3.8872454166412354,3.66346287727356,3.919,train,4.21146035194397
JVASP-140937,LiV5O7F,1.8419688940048218,3.1299588680267334,1.824,train,3.192797899246216
JVASP-116502,Li3Co2O5,3.7901902198791504,4.374833504358928,3.903,train,5.342182397842407
JVASP-111962,Li3Mn2Co2O8,3.414623498916626,3.6297848224639897,3.424,train,4.821635484695435
JVASP-42423,Li3Fe3O4F4,4.017776012420654,4.637123743693034,4.012,train,6.5056822299957275
JVASP-116902,LiMnF5,5.251525402069092,5.369484186172485,5.201,train,5.674702882766724
JVASP-47039,Li3Mn3CoO8,3.253848075866699,3.344337701797486,3.271,train,4.295652151107788
JVASP-39286,LiCeO3,3.1581358909606934,3.987003087997437,3.123,train,9.816286325454712
JVASP-45779,Li2VOF3,3.9674248695373535,4.341314911842346,3.888,train,6.337694406509399
JVASP-132910,Li2MnO3,3.7283267974853516,4.457684278488159,3.752,train,5.524235010147095
JVASP-145145,Li4MnCo2O7,3.5557217597961426,4.1468422412872314,3.541,test,5.748161554336548
JVASP-40649,Li4Mn3Co2Ni3O16,3.692884922027588,4.22386622428894,3.676,train,4.854559659957886
JVASP-141217,Li4MnCo2O7,3.412269115447998,4.20266318321228,3.418,train,5.583660364151001
JVASP-139381,LiP,1.256253719329834,0.9350700378417968,0.354,val,2.3553245067596436
JVASP-26796,Li2MoF6,3.8566784858703613,3.99118435382843,3.763,train,4.675814628601074
JVASP-122366,LiNiPO4,3.5359034538269043,4.702166795730591,3.529,train,5.231550455093384
JVASP-22879,Li2ZnSiO4,2.879406452178955,5.2305521965026855,2.83,train,7.176313161849976
JVASP-120713,Li2FeCoO4,3.2161498069763184,3.6813747882843018,3.247,train,5.055020570755005
JVASP-133210,LiFePCO7,3.3568263053894043,4.423127889633179,3.375,test,4.624614953994751
JVASP-47778,Li2Ti3VO8,2.649047374725342,2.8552095890045166,2.665,train,3.3517391681671143
JVASP-110807,K3Li,-0.5532019138336182,-0.1546797752380371,-0.416,train,0.5967199802398682
JVASP-117273,Li2NiP2O7,3.6844358444213867,5.4212257862091064,3.673,train,6.612807512283325
JVASP-48085,LiCoSiO4,3.5731937885284424,4.461154222488403,3.558,train,4.738779306411743
JVASP-42786,NaLiFe2Si4O12,2.7640178203582764,3.49458909034729,2.774,train,3.630546808242798
JVASP-70212,LiBe2P,0.6422950625419617,0.9039809703826904,0.669,train,1.2718608379364014
JVASP-44789,LiMnF3,3.952026128768921,3.573319911956787,3.929,train,4.953418970108032
JVASP-18544,LiNiN,3.5212182998657227,2.543001890182495,3.366,train,3.632823228836059
JVASP-8375,LiNi2O4,3.552356719970703,3.9822494983673096,3.557,train,4.232666254043579
JVASP-94409,LiMg2,0.10821860283613205,0.2158546447753906,0.133,train,1.3736695051193235
JVASP-144668,Li3Nb4CuO12,2.7019853591918945,4.109547217686971,2.717,train,6.643795728683472
JVASP-56710,Li2BiAu,0.9949259161949158,1.1869754195213318,0.889,train,2.937696933746338
JVASP-134733,LiGeF,1.5059967041015625,0.7086150646209717,1.772,val,2.923590898513794
JVASP-145590,Li4Mn3O2F6,3.4806504249572754,4.7733166217803955,3.627,test,9.125584840774536
JVASP-44367,Li2VBPO7,2.963709831237793,4.382929086685181,2.991,train,5.054195165634155
JVASP-117209,Li5Co4NiO10,3.4356257915496826,3.8839967250823975,3.442,train,5.458092927932739
JVASP-141838,LiMn2P2O8,3.35135817527771,3.918202638626098,3.35,train,4.11817479133606
JVASP-40659,Li4Mn3NbP4O16,2.6915721893310547,3.196189641952514,2.702,train,3.982492208480835
JVASP-122391,Li3MnNi2O6,3.2912073135375977,3.709326028823853,3.313,train,4.6437718868255615
JVASP-146578,Li4Mn2TeWO12,3.1599555015563965,3.967968702316284,3.365,test,4.28084921836853
JVASP-75483,LiAsPt2,3.8627841472625732,1.6609318256378174,3.849,train,2.7750110626220703
JVASP-39888,Li2CeTl,0.4621548056602478,0.4310140013694763,0.531,train,1.5656626224517822
JVASP-64126,Ba4LiTc,-2.302615165710449,0.2314938306808471,-2.221,train,5.322561502456665
JVASP-35938,LiBeB,0.2513205111026764,0.139082670211792,0.271,train,0.8924973011016846
JVASP-110334,Na2LiTlF6,5.087484836578369,5.716602087020874,5.06,train,6.250556707382202
JVASP-21829,LiCaGaF6,4.134619235992432,7.339554786682129,4.067,train,10.632103204727173
JVASP-116249,Li2As,1.5546151399612427,1.805148005485535,1.591,train,4.299312472343445
JVASP-157111,LiLa2Rh,-0.5080260038375854,0.3784103393554687,-0.249,test,2.3843066692352295
JVASP-117279,Li2Ni3SnO8,3.581648111343384,4.312237024307251,3.536,train,5.124040842056274
JVASP-141233,Li4TiFe3O8,2.854159116744995,3.7488434314727783,2.897,val,4.746546030044556
JVASP-121453,LiCuBO3,2.6460535526275635,5.313036203384399,2.658,train,6.294945478439331
JVASP-144041,LiFeSiO4,3.484255313873291,4.3041651248931885,3.335,val,4.723603963851929
JVASP-147401,LiMoP2O7,2.515124797821045,3.384422063827514,2.129,test,3.889046430587769
JVASP-154246,LiCaSi2,0.6238628029823303,1.0386881828308103,0.508,test,1.7081410884857178
JVASP-136221,LiCO,1.303940773010254,1.7731339931488037,1.289,train,3.757460355758667
JVASP-42576,Li5Fe4O8,2.740938901901245,2.805505800247192,2.801,train,4.888612985610962
JVASP-52272,LiAg5F12,4.316661357879639,5.801556885242462,4.36,train,6.09286093711853
JVASP-133577,Li2Mn3TeO8,3.0230255126953125,3.3705084323883057,3.055,test,3.7393782138824463
JVASP-142886,Li4Ti2V3Cr3O16,2.61326265335083,3.5001060962677,2.647,val,4.3476035594940186
JVASP-147146,Li3MnF6,5.178197860717773,5.5952638785044355,4.927,test,7.837215185165405
JVASP-144615,Li5OsO6,3.5505263805389404,4.4544483661651615,3.543,train,6.502948999404907
JVASP-50739,LiAgF3,4.2175164222717285,5.8127055168151855,4.233,train,6.683693289756775
JVASP-155412,KLi2PS4,2.4134018421173096,2.371947765350342,2.207,test,2.5705645084381104
JVASP-145635,Li4Mn3Nb2Sn3O16,2.5889225006103516,3.3737094402313232,2.417,test,5.248924016952515
JVASP-141650,Li2Ni2SnO6,3.300485134124756,4.211695432662964,3.316,train,5.089152097702026
JVASP-42402,Li6TeO6,4.3583903312683105,4.618443965911865,4.365,train,5.871947526931763
JVASP-50533,Li5Ti3O8,2.797034502029419,4.495221567153931,2.811,train,8.25667119026184
JVASP-46833,LiVSiO4,2.579777479171753,3.889899969100952,2.595,train,4.5403735637664795
JVASP-116811,Li3Ti4VO8,1.6794873476028442,1.986690918604533,1.708,train,2.516688585281372
JVASP-43293,Li5Ti6FeO16,2.7925658226013184,5.478004789352417,2.809,train,8.297963380813599
JVASP-71019,LiBePt2,1.559190034866333,1.0910892486572266,1.484,train,3.0255115032196045
JVASP-146257,LiCo2P2O8,3.6872634887695312,4.558694124221802,3.614,test,4.722569704055786
JVASP-64916,Li4BeTc,0.9190675616264343,1.0841673016548157,0.871,train,10.755969285964966
JVASP-81285,LiZn2Cu,-0.07882841676473618,0.077258825302124,-0.056,train,0.077258825302124
JVASP-119735,Li3Ti2MnO6,2.3820104598999023,2.6937053203582764,2.409,train,4.08669638633728
JVASP-43636,LiVF4,3.647613525390625,4.1902642250061035,3.655,train,5.07813286781311
JVASP-142171,Li3Mn2Si2O8,2.9966232776641846,4.371431112289429,3.01,train,5.651684522628784
JVASP-41702,Li2PdPb,0.9248737096786499,1.0869160890579224,0.904,train,1.9982666969299316
JVASP-106962,LiSb3,0.5932046175003052,1.04612398147583,0.61,train,1.4803497791290283
JVASP-141920,Li4MnCo2O7,3.417051315307617,4.273092269897461,3.418,train,6.094139337539673
JVASP-69582,LiBe2Br,0.9345999956130981,1.8086231350898745,0.984,train,3.7279049158096313
JVASP-147487,LiFeF3,4.624300479888916,5.593419551849365,4.93,test,6.954678773880005
JVASP-130683,Li8Ir,0.07063273340463638,0.1978437006473541,0.075,train,4.238633632659912
JVASP-20839,Li2CO3,2.615105390548706,4.490988492965698,2.625,train,7.00257420539856
JVASP-141023,LiNiSnO4,3.6194965839385986,4.149983644485474,3.669,val,4.397458553314209
JVASP-113961,Li2BN2,3.0373337268829346,2.0186545848846436,2.946,train,5.410839319229126
JVASP-137330,LiMnVF6,3.388108253479004,3.4078667163848877,3.445,test,3.5880038738250732
JVASP-113182,Li2MnCl4,3.1324548721313477,3.961450934410095,3.172,train,5.613349676132202
JVASP-47566,Li2FeCo2O6,3.615030288696289,3.825507402420044,3.597,train,5.11505389213562
JVASP-119495,Li2FeCl4,3.269338607788086,3.784337699413299,3.275,train,5.582923889160156
JVASP-117437,LiCoPO4,3.228456497192383,4.673969507217407,3.239,train,5.56838059425354
JVASP-48543,LiCo5O5F,2.949100971221924,4.9755699634552,2.971,train,6.189555406570435
JVASP-42821,LiFeCoO4,3.571150779724121,4.1576149463653564,3.585,train,4.646864175796509
JVASP-77302,NaLi2Tl,-0.11597346514463425,0.0362987518310546,-0.084,train,0.8085823059082031
JVASP-143940,LiMn2B2O6,2.542342185974121,3.2416393756866455,2.542,train,3.624735116958618
JVASP-81912,NaLi2Tl,0.3366341292858124,0.5038665533065796,0.363,train,0.6986720561981201
JVASP-45784,Li3VF6,3.992304563522339,4.777918100357056,3.986,train,6.378137826919556
JVASP-36959,LiSnCl3,3.219245195388794,3.4939557313919067,3.242,train,4.213581442832947
JVASP-45900,Li2FeC2O6,2.7242372035980225,3.2677321434020996,2.713,train,4.027008295059204
JVASP-140663,LiMnNbO4,2.482509136199951,2.7421209812164307,2.447,train,3.152909994125366
JVASP-141632,LiFeSiO4,3.2588021755218506,4.288063287734985,3.222,train,4.561333417892456
JVASP-143928,Li3Mn2P2O8F3,3.5843281745910645,5.083193063735962,3.646,train,7.102139711380005
JVASP-146253,LiMgVO4,2.7154195308685303,3.296321153640747,2.684,test,5.620962858200073
JVASP-86319,Li3P,1.992979884147644,2.416706999142965,2.031,train,5.786484479904175
JVASP-68994,BaLiTl2,0.057780779898166656,0.6466382741928101,0.127,train,1.754945993423462
JVASP-104729,Li2CoNiO4,3.424450635910034,3.855078935623169,3.439,train,4.857409477233887
JVASP-147251,Li3MnPCO7,3.1268773078918457,4.725683609644572,3.016,test,7.051117658615112
JVASP-143984,LiFeP2O7,3.6682400703430176,5.65947413444519,3.639,train,6.618077039718628
JVASP-115416,NaLiAs,0.7319062948226929,1.135348558425903,0.751,train,2.101704239845276
JVASP-145775,LiFeO2,3.021040916442871,3.834627866744995,3.053,test,5.007074594497681
JVASP-141918,Li7Co5O12,3.5649142265319824,4.2866255555834085,3.593,train,6.670832395553589
JVASP-15826,LiMgSnAu,0.6032593250274658,0.3908335566520691,0.608,train,0.5606588125228882
JVASP-108599,Rb2LiGdCl6,1.9458465576171875,2.228141069412231,2.007,train,2.989448308944702
JVASP-144464,LiTi2O4,2.333461046218872,1.9438178539276123,2.381,train,2.386406183242798
JVASP-9606,Li8SnO6,4.175976753234863,5.082351341843605,4.234,train,15.303228378295898
JVASP-118891,Li2F,3.3749444484710693,3.4283485412597656,3.358,train,8.654296159744263
JVASP-47593,LiFeCoO4,3.828007936477661,4.599231004714966,3.827,train,5.279218435287476
JVASP-141661,Li4V2F9,3.7138772010803223,4.053336501121521,3.723,train,5.63454794883728
JVASP-121716,Li3MnSi2O7,3.0786948204040527,5.070019960403442,3.082,train,6.0022218227386475
JVASP-40665,LiMnPO4,2.998849868774414,3.4401566982269287,3.009,train,4.870032548904419
JVASP-85679,LiH2IO,2.446298599243164,2.9647035598754883,2.422,train,3.896541118621826
JVASP-140228,Li2MnF4,4.660552978515625,5.761902213096619,4.659,train,9.109407901763916
JVASP-7662,LiInSe2,1.6613599061965942,2.826155424118042,1.624,train,3.7659459114074703
JVASP-45805,Li8CrFe3O12,3.369044780731201,4.214985132217407,3.412,train,5.117353677749634
JVASP-120753,Li4MnFe3B4O12,2.3603498935699463,3.712888479232788,2.385,train,5.519523859024048
JVASP-11187,Rb2LiAsO4,3.2619900703430176,3.238131046295166,3.24,train,3.8243072032928462
JVASP-94345,LiO2,4.255208969116211,4.672876596450806,4.38,train,6.039543628692627
JVASP-133630,Li2V2OF6,3.5610315799713135,3.86310601234436,3.459,val,4.216313123703003
JVASP-47029,Li2CoNiO4,3.4308907985687256,3.922393560409546,3.441,train,4.966123342514038
JVASP-141576,Li3Fe4O8,3.1037042140960693,4.163460969924927,3.148,train,4.816999673843384
JVASP-45931,Li3TiCo3O8,3.4567651748657227,3.904410600662231,3.456,train,4.961911916732788
JVASP-14247,Li2PrO3,4.694468021392822,4.49593186378479,4.717,train,7.76803183555603
JVASP-42629,Li3Ni4O8,3.5379934310913086,4.055304527282715,3.553,train,4.598987102508545
JVASP-80462,SrLi2In,0.6706973314285278,0.4076490402221679,0.714,train,0.4454253911972046
JVASP-145768,LiMn7O12,3.2681546211242676,3.5352776050567627,3.285,test,3.7628371715545654
JVASP-41804,LiLu2Os,-0.963289737701416,0.3421914577484131,-0.754,train,1.691774606704712
JVASP-40434,Li3Ge,1.1055656671524048,1.5268175601959229,1.108,train,3.717325210571289
JVASP-111919,Li6NbFe5O12,2.7742135524749756,3.4300215244293213,2.71,val,5.094947099685669
JVASP-153773,LiSn4Au3,1.3128505945205688,1.1874460577964785,0.758,test,1.3403629064559937
JVASP-13977,YbLiGe,0.759208083152771,1.241562843322754,0.776,train,2.2224138975143433
JVASP-24241,KLi3PbO4,3.091407299041748,4.545040607452393,3.078,train,6.111929178237915
JVASP-142574,Li2VCl4,2.693866729736328,2.886639356613159,2.683,train,3.8637382984161377
JVASP-146934,LiFePO4,3.1083502769470215,3.9597280025482178,3.209,test,4.99768853187561
JVASP-45327,Li2SnTeO6,3.748737096786499,4.330689191818237,3.807,train,5.283096075057983
JVASP-80850,LiZrHg2,2.1223483085632324,1.2774863243103027,2.259,train,1.2774863243103027
JVASP-118890,LiF2,6.755641460418701,7.077977895736694,6.746,train,9.067048370838164
JVASP-140523,Li2MnV3O8,2.7665371894836426,3.5198657512664795,2.781,val,4.087459325790405
JVASP-118614,Li2O,4.619909763336182,4.872907340526581,4.624,train,13.496337175369264
JVASP-113665,LiBr,4.465329170227051,11.460572481155396,4.37,train,108.02723503112792
JVASP-100504,Sr2LiGa,-0.2409864366054535,0.3058958053588867,-0.106,train,2.641200304031372
JVASP-93207,LiMg6C,1.0510938167572021,0.63006591796875,1.029,train,0.9011015892028807
JVASP-152155,Li2ReO3,2.341285467147827,2.497936964035034,1.441,test,5.980013132095337
JVASP-155421,Li2CaTiO4,2.467820644378662,3.5392887592315674,2.299,test,8.696597814559937
JVASP-98027,LiBPt3,2.8366870880126953,1.892693281173706,2.942,train,3.114704847335815
JVASP-34205,LiAlAs2O7,4.044096946716309,4.828373670578003,3.964,train,5.371867418289185
JVASP-102523,LiPr3,-0.3522847890853882,0.2066116333007812,-0.262,train,1.188615083694458
JVASP-41080,Yb2LiGa,-0.39068603515625,0.5723342895507812,-0.271,train,2.3687994480133057
JVASP-112401,LiMn3O4,2.463469982147217,2.5549304485321045,2.463,train,2.960437536239624
JVASP-34696,NaLiCO3,2.521822690963745,4.467499017715454,2.525,train,6.42791485786438
JVASP-114158,LiAgO2,3.737122058868408,4.913177728652954,3.799,train,6.6490238904953
JVASP-142571,Li3FeP2O8,3.526047706604004,5.106113036473592,3.541,train,6.149052381515503
JVASP-42748,LiCo3O2F6,4.083037853240967,5.618112325668335,4.087,train,5.81092643737793
JVASP-113173,LiMnPO4,3.0742905139923096,4.604579210281372,3.133,train,6.324976682662964
JVASP-62361,Li3AlF6,5.614463806152344,6.716403086980184,5.552,train,11.187319040298462
JVASP-99681,K2LiSmCl6,2.1683340072631836,2.148560047149658,2.211,train,2.6327874660491943
JVASP-43039,Li3CrSiCO7,3.0049145221710205,4.292673985163371,2.984,train,6.005018949508667
JVASP-141013,LiFeO2,2.9696056842803955,3.4698784351348877,3.048,val,4.669056177139282
JVASP-138845,Li2TlF3,6.705155372619629,6.531367778778076,6.773,val,9.048296928405762
JVASP-122336,Li2MnFeB2O6,2.327104330062866,3.4102227687835693,2.344,train,4.026690721511841
JVASP-145769,Li3VF8,7.049137115478516,6.420007705688477,7.012,test,7.83770227432251
JVASP-116292,LiYSe,0.6524741649627686,0.5330383777618408,0.587,train,1.176417112350464
JVASP-43907,LiMnCo3O8,3.6564786434173584,4.329933404922485,3.66,train,4.512368440628052
JVASP-110219,Li2MgSb,0.6798920631408691,0.6248824000358582,0.709,train,2.831138610839844
JVASP-36275,LiFeAs,0.9060638546943665,0.8530209064483643,0.886,train,1.9848763942718504
JVASP-34772,LiBr,4.436740875244141,7.467122793197632,4.43,train,96.31247401237488
JVASP-157020,LiSm2Ag,-0.28638046979904175,0.3633900880813598,-0.104,test,1.3686585426330566
JVASP-144861,LiMnFeF6,4.116513729095459,4.916795969009399,4.127,val,5.6711225509643555
JVASP-48483,Li2Ni3TeO8,3.5732879638671875,4.146766185760498,3.607,train,4.508131742477417
JVASP-40596,LiTm2Pt,-0.25358304381370544,0.4643886089324951,-0.236,train,1.6276023387908936
JVASP-41853,LiBePt2,2.4484972953796387,1.7088675498962402,2.326,train,3.388948917388916
JVASP-120598,Li4MnFe3P4O16,3.063997268676758,3.4908406734466553,3.093,train,4.296704530715942
JVASP-9765,LiCdBO3,2.0605530738830566,5.711933851242065,2.082,train,7.148277997970581
JVASP-117408,LiNiP2O7,3.833977460861206,5.27678370475769,3.805,train,5.505611181259155
JVASP-35995,Li2SnIr,1.7963117361068726,1.6472084522247314,1.873,train,5.751986742019653
JVASP-90221,TbLiGe,0.14808964729309082,1.2916741371154783,0.128,train,2.416038751602173
JVASP-43561,LiFeF4,4.902812480926514,6.017509698867798,4.94,train,7.224379301071167
JVASP-21827,Na2LiAu3,-0.19683662056922913,1.102528989315033,0.037,train,1.283843994140625
JVASP-13364,Li5NCl2,3.5056145191192627,5.383192777633667,3.516,train,83.50606536865234
JVASP-36001,NaLiICl,2.359506130218506,3.3626680970191956,2.359,train,5.183775544166565
JVASP-8649,LiWO2,1.0714432001113892,2.470288038253784,1.085,train,6.391503572463989
JVASP-52335,LiTiSiO4,2.0772058963775635,2.462170362472534,2.076,train,2.848921060562134
JVASP-62798,LiBC,1.930743932723999,2.2845990657806396,1.946,train,7.736809015274048
JVASP-48917,LiMn7O9F3,2.7997796535491943,3.1993930339813232,2.795,train,3.2417047023773193
JVASP-135871,BaLiTe,0.5172874927520752,-0.0641807317733764,0.977,val,0.2777109146118164
JVASP-117289,Li4CoSn3P4O16,3.1526918411254883,3.879593133926392,3.155,train,5.348013639450073
JVASP-42802,LiNbVO4,2.27542781829834,3.3817031383514404,2.302,train,4.026512384414673
JVASP-75699,LiTi2As,0.6882826089859009,0.9329068660736084,0.686,train,4.484696388244629
JVASP-133158,LiCa2HC3,1.3991862535476685,1.4500811100006104,1.441,train,3.1445953845977783
JVASP-79873,LiPmAu2,2.234253406524658,1.3527579307556152,2.219,train,2.351190447807312
JVASP-146763,Li3Co2O5,3.588503360748291,4.385546763737996,3.632,test,6.617443323135376
JVASP-144779,NaLiMnPCO7,2.8045310974121094,3.428105115890503,2.8,val,3.611788034439087
JVASP-26946,RbLiH4N2,1.4665894508361816,2.3297576904296875,1.47,train,3.194448232650757
JVASP-48906,Li2MnF6,5.006714344024658,5.735360622406006,4.961,train,6.865441560745239
JVASP-147156,Li4MnCo3P4O16,3.0578701496124268,4.083854913711548,3.097,test,5.1432788372039795
JVASP-111934,Li4Mn3Co2Sb3O16,2.9761154651641846,3.351564645767212,3.034,val,4.539445161819458
JVASP-48391,Li4MnV3O8,2.502412796020508,2.8555386066436768,2.499,train,3.39882493019104
JVASP-45835,LiVSiO4,2.8905699253082275,2.190232992172241,2.901,train,2.7419321537017822
JVASP-121684,Li2VO2F2,3.7229299545288086,4.9668967723846436,3.497,val,7.625952005386352
JVASP-142612,Li2MnCr3O8,3.2142443656921387,3.621091604232788,3.24,val,4.194205045700073
JVASP-43114,Li2FeO2,3.390376329421997,3.2972137928009033,3.406,train,5.833612680435181
JVASP-133669,Na2LiMnPCO7,2.344463348388672,2.8214190006256104,2.258,test,2.998880624771118
JVASP-64510,Ba4LiNi,-1.8360618352890015,0.5181102752685547,-1.702,train,2.4065338373184204
JVASP-146929,LiMn2O4,3.2945313453674316,3.404890775680542,3.308,test,3.870495080947876
JVASP-116898,LiV2OF5,2.870051622390747,3.0542662143707275,2.868,train,3.307278871536255
JVASP-18618,Li2TlAu,1.209977626800537,0.8966261148452759,1.229,train,2.125403881072998
JVASP-141223,Li4MnCo2O7,3.4051032066345215,4.164747714996338,3.407,train,6.2887022495269775
JVASP-50736,LiAg2F4,4.292052745819092,5.221408128738403,4.298,train,5.456754803657532
JVASP-146323,Li4Co3O7,3.5469610691070557,4.211022853851318,3.565,test,5.845937013626099
JVASP-140707,Li7Mn5O12,3.311615467071533,3.8430217674800327,3.338,train,6.692312955856323
JVASP-79442,LiRh3,0.7499425411224365,1.6771225929260254,0.698,train,3.326467990875244
JVASP-107855,Na2LiTlCl6,4.70902681350708,3.7790523767471313,4.646,train,3.974761545658112
JVASP-142601,Li2VF6,4.4608612060546875,4.688492655754089,4.315,val,5.636785507202148
JVASP-97972,LiAlGe2O6,3.298466682434082,3.4926187992095947,3.302,train,3.883648633956909
JVASP-67543,LiBeSi,0.3862510323524475,0.4729373455047607,0.41,train,1.0145363807678225
JVASP-47011,Li4MnOF4,5.008097171783447,5.196246862411499,4.94,train,10.162959575653076
JVASP-108967,Li2CoO2,3.174137830734253,3.703612804412842,3.185,train,5.576030969619751
JVASP-46470,Li4Cr3GaO8,2.7377285957336426,3.28230881690979,2.784,train,4.325528860092163
JVASP-47623,LiFeCoO4,3.260280132293701,4.481964826583862,3.284,train,5.1610329151153564
JVASP-108756,Li2ZnCu3,2.572850227355957,1.189733862876892,2.482,train,1.6996557712554932
JVASP-38116,Rb2LiTlCl6,6.565231800079346,3.4703664779663086,6.392,train,3.6306737661361694
JVASP-157350,LiPmMg2,-0.11304087191820145,2.001699924468994,-0.392,test,5.829686164855957
JVASP-40668,Li2VH2OF5,3.469731330871582,4.014044880867004,3.407,train,4.784737825393677
JVASP-42992,Li2FeO2,3.160654067993164,3.5820701122283936,3.199,train,6.853881120681763
JVASP-100199,LiAg3,0.8781335353851318,1.0459386110305786,0.89,train,1.591197848320007
JVASP-44504,Li2Fe3CuO8,3.5559797286987305,4.414594411849976,3.564,train,4.613501310348511
JVASP-109635,Li3Mg5,0.29798954725265503,0.6900308132171631,0.338,train,2.1145997047424316
JVASP-18859,Li2InRh,1.064294695854187,1.3054558038711548,1.184,train,3.8020049333572383
JVASP-40352,LiZn2Ir,1.1432477235794067,1.3072291612625122,1.247,train,3.3461166620254517
JVASP-69076,Ba2LiCl,-2.3955230712890625,0.4469127655029297,-2.307,train,0.8791636228561401
JVASP-153797,Li2FeSiO4,2.939169406890869,4.106340169906616,2.9,test,5.840944528579712
JVASP-64150,Ba4LiBe,-1.9016824960708618,0.7256784439086914,-1.804,train,2.9673657417297363
JVASP-141020,Li3V4NiO12,3.4827260971069336,3.672443469365438,3.502,val,3.8661234378814697
JVASP-48608,LiMnF3,3.729444980621338,4.962911605834961,3.717,train,7.321102857589722
JVASP-12869,Li5AlO4,4.889056205749512,4.627740383148193,4.854,train,6.419701337814331
JVASP-35167,Li3BP2O8,3.644451856613159,5.414249817530314,3.572,train,7.940835237503052
JVASP-48440,Li2TiNiO4,3.0002191066741943,4.2346742153167725,2.978,train,7.002061605453491
JVASP-45896,Li6FeSi2O8,2.704380750656128,4.829076846440633,2.653,train,6.514019727706909
JVASP-12978,Li10BrN3,2.8954670429229736,3.033901739120483,2.933,train,7.5349894762039185
JVASP-139362,SrLiN,1.2460014820098877,1.5563645362854004,1.247,val,2.4715096950531006
JVASP-136909,Li2Cl,2.7997448444366455,5.159721314907074,2.237,val,53.16050744056702
JVASP-21530,Li2SiO3,3.033935785293579,4.762682199478149,3.004,train,7.458757638931274
JVASP-71792,LiTaBe,-0.8483300805091858,0.4772872924804687,-0.753,train,1.751584529876709
JVASP-7831,LiInGe,0.07294351607561111,1.003681182861328,0.114,train,1.7560051083564758
JVASP-144035,Li4Mn3V2Co3O16,3.4022216796875,3.7698047161102295,3.419,val,4.764899969100952
JVASP-50685,Li2Cu3F8,4.625956058502197,5.850336015224457,4.658,train,6.450018048286438
JVASP-46956,Li3V3CrO8,2.5041956901550293,2.4225518703460693,2.547,train,3.1098921298980713
JVASP-45795,Li3MnFe3O8,3.1413683891296387,3.621105909347534,3.175,train,4.423041582107544
JVASP-45932,LiVCoO4,3.5739340782165527,4.290275812149048,3.573,train,4.6042139530181885
JVASP-102356,Li3IrF6,4.642532825469971,4.664041201273601,4.632,train,9.762261152267456
JVASP-139396,LiPbS,1.3464674949645996,1.3301568031311035,1.482,val,1.9928414821624756
JVASP-149264,SrLiN,1.3523887395858765,2.4901630878448486,2.614,test,3.907584428787231
JVASP-46849,Li2VCoO5,3.517972707748413,4.050867319107056,3.492,train,4.908476114273071
JVASP-24369,LiV2F6,3.121347665786743,3.2601120471954346,3.105,train,3.537062406539917
JVASP-144573,LiSnSb,0.7294942140579224,0.9021843671798706,0.751,val,1.2455737590789795
JVASP-45057,Li4MnCr5O12,3.179624080657959,3.319053888320923,3.146,train,5.089691877365112
JVASP-102845,LiCo3O4,2.906238555908203,3.2902252674102783,2.875,train,4.04656720161438
JVASP-100197,LiCe2Al,-0.3671313226222992,0.2481157779693603,-0.374,train,1.003694772720337
JVASP-150540,Li2PrSb2,0.563136637210846,1.0250176191329956,0.635,test,2.7428486347198486
JVASP-110623,Li3MnF6,4.987803936004639,5.495572169621785,5.04,train,9.2898907661438
JVASP-137588,Li7Mn2Co3O12,3.544257402420044,4.151687451771328,3.568,val,5.692201852798462
JVASP-58438,K2LiAlF6,2.299013137817383,3.050919532775879,2.208,train,3.296010971069336
JVASP-135327,LiSi2O3,2.141768455505371,2.2314388751983643,2.318,val,4.45195746421814
JVASP-22712,Li2VF6,4.337817668914795,4.6187626123428345,4.326,train,5.957755088806152
JVASP-154702,Li3CaMnN3,2.4812581539154053,2.0240110556284585,1.864,test,3.1686885356903076
JVASP-90680,LiTaF6,4.823544979095459,6.49690318107605,4.682,train,8.979322671890259
JVASP-43318,Li2MnCr3O8,3.2145638465881348,4.060455560684204,3.203,train,5.330284357070923
JVASP-142714,Li6Mn3CoO10,3.3059329986572266,4.191144227981567,3.332,train,6.149012327194214
JVASP-99426,LiPr2Rh,-0.3127846419811249,-0.0648214817047119,-0.315,train,0.2166874408721923
JVASP-43545,Li7V5O12,2.7697558403015137,3.1535210268838063,2.798,train,5.188239336013794
JVASP-147416,LiVSiO4,2.512338638305664,2.960972547531128,2.49,test,3.293771505355835
JVASP-115213,Li3TiP2,0.9381272792816162,1.5797960758209229,0.964,train,5.204539060592651
JVASP-52308,LiCuF3,5.177358150482178,5.643028259277344,5.224,train,6.520564556121826
JVASP-44060,Li2Fe3WO8,2.9980077743530273,4.116629362106323,3.043,train,5.207869291305542
JVASP-146324,Li7Co5O12,3.558056354522705,4.321630988802228,3.59,test,6.572448968887329
JVASP-35171,Li8N3O,3.8975601196289062,4.0830466747283936,3.862,train,20.414509177207947
JVASP-21935,Li3PO4,3.902115821838379,5.415783166885376,3.895,train,7.641559839248657
JVASP-138830,LiPdF4,4.047748565673828,5.987190008163452,3.533,val,6.553958773612976
JVASP-155694,SrLi2Ga2,0.8812479972839355,0.7524280548095703,0.282,test,3.254131555557251
JVASP-42647,LiVF5,4.291087627410889,4.753957509994507,4.261,train,5.039820432662964
JVASP-92257,LiVO2,2.559079170227051,2.2376134395599365,2.573,train,2.644785642623902
JVASP-146101,Li5MnO4,4.49015474319458,4.122347354888916,4.807,test,6.19249701499939
JVASP-125942,Li8In,0.026519007980823517,0.103688471019268,0.034,train,2.017080307006836
JVASP-117100,LiFeF5,5.190600872039795,6.050515413284302,5.236,train,8.114651679992676
JVASP-118983,Li3MnCoO5,3.5562491416931152,4.280548175175984,3.588,train,5.81873631477356
JVASP-44761,Li3NiO3,4.583329677581787,4.378816843032837,4.563,train,5.50350546836853
JVASP-34220,Li4CO4,2.239062786102295,3.5146783590316772,2.278,train,5.874121904373169
JVASP-145645,LiCrCO4,3.004209518432617,3.994396448135376,2.979,test,4.870846509933472
JVASP-136912,Li2Cl,3.3336808681488037,5.11578893661499,2.578,val,58.32677865028381
JVASP-103268,LiEu3,-0.2022026777267456,0.0167394876480102,-0.228,train,2.11788010597229
JVASP-110567,LiSmS2,1.4306836128234863,3.5415000915527344,1.537,train,7.691696882247925
JVASP-111840,LiV4O10,3.495208501815796,2.692070245742798,3.512,train,2.747804880142212
JVASP-44612,Li3FeSiCO7,3.1010704040527344,4.414366960525513,3.096,train,5.6690309047698975
JVASP-48745,LiVCuO4,3.342100143432617,3.3568851947784424,3.323,train,3.544949769973755
JVASP-111148,LiV2CrO6,2.768686056137085,2.81493878364563,2.788,train,2.983675241470337
JVASP-94412,LiMg,0.058398373425006866,0.1146686077117919,0.093,train,2.755778670310974
JVASP-43305,Li2Ni3SbO8,3.651918888092041,4.176016330718994,3.611,train,4.428207874298096
JVASP-104541,Rb2LiAlF6,2.7700724601745605,2.7702853679656982,2.763,train,3.0772347450256348
JVASP-16170,LiTiS2,1.8951138257980347,2.0239899158477783,1.892,train,2.5721609592437744
JVASP-140601,LiMn2F7,4.302624225616455,5.252714395523071,4.286,train,5.573545694351196
JVASP-43175,Li4Fe3O8,3.622133731842041,4.4641724824905396,3.724,train,6.388108968734741
JVASP-152833,Sr3Li3Ni4N4,0.978607714176178,1.6986529032389324,1.275,test,1.9981582164764404
JVASP-40628,LiCdPd2,1.2801655530929565,1.750183641910553,1.293,train,3.008620500564575
JVASP-47538,Li4MnP2O8,3.2067558765411377,5.169259786605835,3.189,train,7.429177045822144
JVASP-146619,Li2MnC2O6,3.0955569744110107,3.7956504821777344,3.426,test,4.716108083724976
JVASP-145876,Li3FeSiCO7,3.1030807495117188,4.426917314529419,3.095,test,5.621043920516968
JVASP-102522,LiNd2Rh,-0.33444783091545105,-0.0173196792602539,-0.298,train,0.2230255603790283
JVASP-142078,Li4Mn3Co3Sb2O16,3.0649919509887695,3.82008957862854,3.089,train,5.1869728565216064
JVASP-117416,Li3Cr2CuO6,3.004359245300293,3.948780298233032,3.043,train,4.7925779819488525
JVASP-130659,Li8Bi,0.035510070621967316,0.1767094209790229,0.035,train,1.979597806930542
JVASP-118936,LiAu2S2,3.220510959625244,2.317133903503418,3.199,train,2.8995050191879272
JVASP-143924,Li2V3SnO8,2.640967845916748,3.58786940574646,2.657,train,4.018994092941284
JVASP-146571,Li7Fe3Si2O12,2.902255058288574,3.822246108736311,2.92,test,6.9626524448394775
JVASP-27075,LiAl5O8,2.9556021690368652,4.388089895248413,2.953,train,6.816457033157349
JVASP-7854,LiMnO2,3.040402412414551,3.4248287677764893,3.037,train,4.687775373458862
JVASP-141631,Li3Co2Si2O8,3.188577651977539,4.702861547470093,3.169,train,5.977094888687134
JVASP-71034,LiBePt2,1.5591174364089966,1.0254523754119873,1.484,train,3.147063970565796
JVASP-137385,LiCoSiO4,3.284301519393921,4.971660375595093,3.317,train,5.705339670181274
JVASP-135837,BaLiCl,0.548653244972229,0.432701826095581,0.695,val,0.6093469858169556
JVASP-116022,LiNF,4.262746334075928,4.359198570251465,4.212,train,5.463902235031128
JVASP-80947,BaLi2Tl,-0.7101136445999146,0.0813908576965332,-0.696,train,0.8685272932052612
JVASP-116300,Li2Se,2.5272297859191895,2.8529367446899414,2.477,train,5.1000553369522095
JVASP-143555,Li7Mn2Co3O12,3.593545436859131,4.219422715050833,3.601,train,6.19938588142395
JVASP-146919,Li3Ni4O8,3.578767776489258,4.034528732299805,3.54,test,4.598898410797119
JVASP-119367,Li3Co3SbO8,3.173001289367676,3.644864320755005,3.176,train,4.660890340805054
JVASP-42829,Li3Co4O8,3.629631996154785,3.955729722976685,3.647,train,5.04371190071106
JVASP-130684,KLi8,-0.0072769895195961,-0.0114252492785453,0.004,train,2.299025535583496
JVASP-1642,LiCuO2,4.015110492706299,4.878645658493042,3.995,train,6.5847203731536865
JVASP-45799,Li4Mn3Fe2O10,3.153372049331665,3.8573888540267944,3.189,train,5.00866436958313
JVASP-2733,Li2CeAs2,0.46507754921913147,1.998327136039734,0.506,train,3.316986560821533
JVASP-147442,Li2V2OF6,3.5728707313537598,3.7719027996063232,3.472,test,4.246885538101196
JVASP-118609,LiZr2O3,1.4546709060668945,1.06361985206604,1.443,train,1.524841547012329
JVASP-95206,NaLiSO4,3.8934080600738525,4.859553575515747,3.88,train,6.305014133453369
JVASP-52196,LiAgF2,4.960873126983643,6.096085906028748,4.98,train,7.160279035568237
JVASP-47298,Li4Mn5O9F,3.1075010299682617,3.7728607654571538,3.143,train,5.277625322341919
JVASP-50747,Li5CuF8,5.802539825439453,6.6122026443481445,5.775,train,8.207682132720947
JVASP-88017,LiMnP,0.692662239074707,1.0545427799224854,0.71,train,2.46820330619812
JVASP-25774,Li4Ga3Si3BrO12,3.246600866317749,4.424383044242859,3.176,train,7.427769899368286
JVASP-118636,LiSb2,0.5123944282531738,1.3842132091522217,0.513,train,3.212647080421448
JVASP-46750,Li6MnFeP2C2O14,3.0650763511657715,3.973009983698527,3.092,train,6.666844129562378
JVASP-47645,Li3Cu2F8,4.875205039978027,6.248435974121094,4.933,train,6.68145740032196
JVASP-38803,LiLu2Rh,-0.2267414629459381,0.714777946472168,-0.228,train,2.683203935623169
JVASP-45961,LiSiPCO7,3.0326409339904785,3.903111219406128,3.092,train,4.149974584579468
JVASP-147130,Li2V4O3F8,3.0309786796569824,3.518107652664185,3.016,test,3.6602261066436768
JVASP-110658,K2LiLuCl6,1.3534824848175049,1.9456346035003664,1.399,train,2.285367727279663
JVASP-42621,Li4V3Cr3O12,2.9365243911743164,3.461864709854126,2.936,train,4.149132966995239
JVASP-23052,LiGaSiO4,3.0445570945739746,5.028997182846069,2.997,train,7.1581079959869385
JVASP-145581,LiMn2P2O8,3.2505879402160645,4.3707311153411865,3.413,test,5.091864347457886
JVASP-145949,Li8FeCo3O8,3.2123775482177734,3.879321575164795,3.085,test,5.762292861938477
JVASP-40070,Li2MgCd,0.6900591850280762,0.6777584552764893,0.684,train,2.355199098587036
JVASP-145216,LiSbF4,4.038495063781738,4.047297716140747,4.555,test,4.296427965164185
JVASP-54828,LiCaGaN2,1.6266345977783203,1.445880651473999,1.572,train,2.3880653381347656
JVASP-40617,LiHo2Ir,0.28939029574394226,0.4622890949249267,0.336,train,1.2398993968963623
JVASP-140992,Li2MnOF3,4.891550064086914,5.564232349395752,5.079,val,8.815885066986084
JVASP-145789,Li7Mn2Co3O12,3.539206027984619,4.211876426424299,3.57,test,5.608474969863892
JVASP-47091,LiMnPO4,3.034733295440674,4.06049656867981,3.03,train,6.078250169754028
JVASP-43301,LiMnO2,3.025081157684326,3.748070001602173,3.064,train,5.276789426803589
JVASP-109815,Li2MnBr4,2.664764881134033,3.4117836356163025,2.714,train,5.4800074100494385
JVASP-141236,Li2VFe3O8,3.201986312866211,3.7124102115631104,3.24,val,4.514789819717407
JVASP-48169,Li5MnO3F,4.5971198081970215,4.412592649459839,4.566,train,7.843433618545532
JVASP-50081,LiZrO2,2.42427396774292,1.8565080165863037,2.468,train,2.474153757095337
JVASP-122347,KLi4FeO5,4.070555210113525,4.353137671947479,4.037,train,5.458415746688843
JVASP-146921,LiAlVO4,2.8825864791870117,3.2309582233428955,2.937,test,4.085381269454956
JVASP-52304,Li2Cu2F5,4.303878307342529,5.113667190074921,4.292,train,6.269376754760742
JVASP-47724,Li2NbCr3O8,2.6789801120758057,3.625403642654419,2.739,train,4.394934415817261
JVASP-17931,Li2InPt,1.8689972162246704,1.066759467124939,1.974,train,2.580670475959778
JVASP-67140,LiBeCr,-0.6198838353157043,0.0860822200775146,-0.606,train,1.459402561187744
JVASP-46894,Li3Co3OF7,3.940537452697754,5.169070879618327,4.035,train,7.0226709842681885
JVASP-65099,Li4BeRh,0.9186583757400513,1.1225127577781675,0.932,train,8.865974068641663
JVASP-121610,Li2MnBr4,2.5611796379089355,3.1884156465530396,2.578,train,6.116312742233276
JVASP-122194,Li3AlCo2O6,3.2538058757781982,3.892763376235962,3.255,train,6.701716661453247
JVASP-41565,LiSc2Pt,0.8979593515396118,0.2166721820831298,0.807,train,0.722952127456665
JVASP-65174,Li4MnBe,0.7684335708618164,0.5489444732666016,0.796,train,8.734794855117798
JVASP-130712,Li8S,0.6198890209197998,0.6545515805482864,0.63,train,8.839436411857605
JVASP-145138,Li3MnCoO5,3.561950922012329,4.304645458857219,3.558,test,5.6876280307769775
JVASP-101487,K2LiAsF6,3.4904632568359375,4.041818380355835,3.482,train,4.63838791847229
JVASP-146520,Li6SN4,3.529669761657715,2.7799678643544516,3.544,test,6.837143182754517
JVASP-139992,Li7Mn2Co3O12,3.559640884399414,4.246356385094779,3.566,val,6.050550699234009
JVASP-116849,LiV2F7,3.5819997787475586,4.187010049819946,3.53,train,4.772046327590942
JVASP-48610,LiNbTe2WO12,3.1693713665008545,2.864705801010132,3.142,train,2.999951124191284
JVASP-1696,BaLiAs,0.7932184934616089,1.2197024822235107,0.702,train,1.8223907947540283
JVASP-141057,LiCoSiO4,3.5068016052246094,4.5910632610321045,3.606,val,4.791260004043579
JVASP-121721,Li2V2F7,3.5489768981933594,3.609913945198059,3.498,train,4.237812757492065
JVASP-42694,LiCrSiO4,2.760415554046631,4.512586832046509,2.781,train,5.11395525932312
JVASP-56707,LiMo2AsO9,4.44514799118042,3.987034559249878,4.486,train,4.207141637802124
JVASP-141306,LiRu2O4,3.065931797027588,2.9801595211029053,3.307,val,3.694756269454956
JVASP-115199,Li3I,0.9536752104759216,0.8849228223164877,0.89,train,1.8151142597198489
JVASP-117411,Li5Co5O9F,3.385582447052002,3.75964093208313,3.39,train,5.1376564502716064
JVASP-111237,Rb2LiRhF6,4.204662799835205,4.2334606647491455,4.136,train,4.402578592300415
JVASP-46751,Li6CrFeP2C2O14,3.058257579803467,3.961489280064901,3.08,train,5.777435064315796
JVASP-46810,LiNiPO4,3.323150157928467,4.2271788120269775,3.325,train,5.122159242630005
JVASP-43820,Li2CrP2O7,3.181647300720215,3.8894388675689697,3.203,train,5.4637839794158936
JVASP-48303,Li3TiNi3O8,3.487192153930664,4.266705274581909,3.489,train,4.647134065628052
JVASP-105796,LiAl2Au,1.8288406133651733,0.3574826717376709,1.772,train,0.6863608360290527
JVASP-43129,Li2MnCr2O6,3.2053916454315186,3.170409679412842,3.192,train,4.456598997116089
JVASP-141030,Li2FeP2O8,3.5872035026550293,5.722685098648071,3.609,val,6.356633901596069
JVASP-111242,LiH2IO,2.5849292278289795,2.962414026260376,2.715,train,3.9413225650787354
JVASP-44487,Li2VAsCO7,3.7740025520324707,3.6104118824005127,3.731,train,4.021425008773804
JVASP-146633,Li5MnCo2O8,3.469895124435425,4.502192544937134,3.553,test,6.953538179397583
JVASP-147111,LiMnPO4,3.0282742977142334,4.266833066940308,3.028,test,7.203113317489624
JVASP-56203,BaLi2Mg2Ge2,0.3417389392852783,0.633296549320221,0.311,train,0.6781455278396606
JVASP-110218,Li2MgPb,0.20043301582336426,0.9105597734451294,0.168,train,2.3423168659210205
JVASP-101162,LiNdSe2,0.6291700601577759,2.9444408416748047,0.622,train,6.041098594665527
JVASP-43682,LiV6O7F5,2.0766677856445312,1.6407248973846436,2.046,train,1.9447352886199951
JVASP-92249,LiAgF2,4.881869792938232,5.98023533821106,4.873,train,10.541419982910156
JVASP-146769,Li6Mn3CoO10,4.150940418243408,4.090959628423055,4.3,test,6.3188316822052
JVASP-48083,LiSbWO6,2.382026195526123,2.856714963912964,2.3,train,3.1919467449188232
JVASP-38446,Li3Cd,0.621652364730835,0.5518572330474854,0.639,train,1.4439826011657717
JVASP-143987,Li4NbCo5O12,3.386571168899536,4.024856090545654,3.428,train,4.781522035598755
JVASP-144784,NaLi2FePCO7,2.7888588905334473,3.584130048751831,2.694,val,4.815655946731567
JVASP-43126,Li2CoCuO4,3.480530261993408,4.062029600143433,3.475,train,4.764166355133057
JVASP-48226,LiCoSiO4,3.48406982421875,4.638526678085327,3.485,train,5.015758752822876
JVASP-48925,Li2MnO2F,3.397660732269287,4.409321546554565,3.429,train,6.310845613479614
JVASP-142064,Li3Co2C4O12,3.5182929039001465,4.25444483757019,3.444,val,5.558740854263306
JVASP-117206,LiTiFeO4,2.7445452213287354,2.9878475666046143,2.796,train,3.593236207962036
JVASP-116262,LiH,2.958289623260498,3.463434636592865,2.953,train,10.968372642993929
JVASP-43686,LiMnOF2,3.96272611618042,4.607500314712524,3.967,train,5.525673151016235
JVASP-112826,Li4Mn5FeO12,3.2473392486572266,3.4895145893096924,3.279,train,4.341254472732544
JVASP-144488,Li2FeCuO4,3.2183756828308105,4.155354738235474,3.239,train,5.3709235191345215
JVASP-49197,Li6ZnO4,4.642836093902588,4.599266409873962,4.602,train,12.398884415626526
JVASP-9973,LiTaGeO5,3.756608724594116,3.061164617538452,3.807,train,3.840999841690063
JVASP-66747,LiHfBe2,-0.5075182914733887,0.8411860466003418,-0.462,train,1.9233839511871336
JVASP-104792,LiMnF3,3.634727954864502,4.750518083572388,3.594,train,8.862433195114136
JVASP-147445,LiFeSiO4,3.3377418518066406,3.8958237171173096,3.222,test,4.2031409740448
JVASP-153679,Sr2LiFe2N3,0.610645055770874,0.9166595935821532,0.559,test,1.1222002506256104
JVASP-117415,Li4Fe3Co5O16,3.601560592651367,4.076576471328735,3.678,train,4.806892156600952
JVASP-137804,Li2BS2,2.3650929927825928,1.800468921661377,1.02,val,2.4725310802459717
JVASP-81624,LiCd2In,0.31530213356018066,0.6924645900726318,0.344,train,0.8484563827514648
JVASP-142672,Li2Cr3SnO8,3.0072898864746094,4.204225778579712,3.006,val,4.66599440574646
JVASP-22949,BaLiB9O15,2.8070333003997803,2.455625295639038,2.722,train,2.510050058364868
JVASP-102424,Rb2LiPrI6,1.6524251699447632,1.4103350639343262,1.715,train,1.4103350639343262
JVASP-109009,LiVS3,2.6624350547790527,2.2754406929016113,2.606,train,2.492701530456543
JVASP-44446,Li2Mn3CuO8,3.3778371810913086,4.415395498275757,3.403,train,4.88840651512146
JVASP-44724,Li2Si2NiO6,3.0862159729003906,4.5655128955841064,3.068,train,5.692310094833374
JVASP-140653,LiV2O3F3,3.2161593437194824,3.262791395187378,3.23,train,3.3929178714752197
JVASP-153220,Li3Si3Ag2,1.1307965517044067,0.706708828608195,0.733,test,1.097874641418457
JVASP-133188,Li3MnCoO5,3.398226737976074,4.390105168024699,3.421,val,6.695250749588013
JVASP-45827,LiFeSiO4,3.4008395671844482,4.392900705337524,3.373,train,4.798755884170532
JVASP-93173,RbLiMg6,0.15751326084136963,0.5245881080627441,0.224,train,0.7625017166137695
JVASP-112433,Li5VF8,5.56839656829834,5.481007528305054,5.492,train,8.602410554885864
JVASP-106925,Rb2LiNdF6,1.9836682081222534,7.745100259780884,2.014,train,19.946918964385983
JVASP-44753,Li5Mn2V3O10,2.6861674785614014,3.5400025844573975,2.716,train,5.514292478561401
JVASP-116776,Li3V4FeO12,3.293530225753784,3.508016029993693,3.297,train,4.007457494735718
JVASP-119496,Li2Al2Si4O13,2.991640567779541,4.353288650512695,3.008,train,5.2735278606414795
JVASP-42435,Li2TiMnO4,2.8571419715881348,3.13482403755188,2.854,train,7.146189451217651
JVASP-68953,KBaLi2,0.438651978969574,0.0711472034454345,0.358,train,0.7903444766998291
JVASP-90622,LiLaBi2,0.9275296926498413,1.2927281856536863,1.02,train,1.96370267868042
JVASP-137727,LiFe2O4,3.4417309761047363,4.426626443862915,3.477,val,4.895420789718628
JVASP-111990,Li2VF6,4.357560634613037,4.547320008277893,4.34,train,5.349923610687256
JVASP-104589,LiAcRh2,1.4223077297210693,1.9523909091949463,1.468,train,3.51483416557312
JVASP-103659,SrLiSi,1.0556135177612305,1.1084997653961182,1.034,train,1.850611925125122
JVASP-93164,NaLiMg6,0.12041003257036209,0.5200099945068359,0.132,train,1.3206424713134766
JVASP-146592,Li3TiFe4O8,2.5182104110717773,3.3953595956166587,2.574,test,5.425536394119263
JVASP-40631,LiVIr2,1.5381001234054565,1.5020921230316162,1.515,train,5.307269334793091
JVASP-144432,LiNiPO4,3.4304285049438477,4.521517992019653,3.424,train,5.080460786819458
JVASP-133192,Li3MnCoO5,3.559664249420166,4.333773215611775,3.546,val,6.064666032791138
JVASP-142591,LiTiVO4,2.684077739715576,3.215557336807251,2.742,val,4.189313650131226
JVASP-120284,LiF,7.290162563323975,7.297616243362427,7.093,train,18.58190441131592
JVASP-144116,Li2Fe3O6,3.1870787143707275,3.5822041034698486,3.23,val,5.0825488567352295
JVASP-81715,Li2CaTl,-0.3050166070461273,0.2868804931640625,-0.302,train,1.0719057321548462
JVASP-144448,Li3Co2O5,3.788820505142212,4.426436344782512,3.797,train,5.983713865280151
JVASP-144540,Li4MnCo2O7,3.4850854873657227,4.319725275039673,3.541,val,5.838041543960571
JVASP-47899,Li7Cr2O8,4.662080764770508,3.559001207351685,4.59,train,6.243462800979614
JVASP-140417,LiMn8O16,4.042243480682373,4.239007234573364,4.065,train,4.538032293319702
JVASP-16814,LiTlPd2,0.9031728506088257,1.214777946472168,0.912,train,1.522348403930664
JVASP-117082,Li4CoOF5,5.353776454925537,6.125587701797485,5.361,train,9.168164849281313
JVASP-15117,Li2MgTl,0.3921303153038025,0.7591482400894165,0.348,train,1.5160844326019287
JVASP-145392,Li2Mn4N3,1.1968672275543213,1.6561737060546875,1.242,test,2.713618040084839
JVASP-118931,LiGaAu,0.8158903121948242,1.0436705350875854,0.811,train,1.7702977657318115
JVASP-112881,LiMo6Se8,1.7187644243240356,1.5594351291656494,1.809,train,1.7920124530792236
JVASP-13813,Li4HN,2.655853509902954,4.798626661300659,2.633,train,97.19200611114502
JVASP-117256,Li2V3TeO8,2.6587281227111816,3.7554872035980225,2.666,train,4.5130250453948975
JVASP-108757,Li2MgCd,0.6034502387046814,0.8342609405517578,0.615,train,2.21468186378479
JVASP-79330,LiGa3,0.4672737419605255,0.8360509872436523,0.455,train,1.0189794301986694
JVASP-45935,Li2VCrO4,2.5760769844055176,3.114833116531372,2.587,train,3.961516141891479
JVASP-145969,LiCoOF,5.164517879486084,6.403788805007935,5.715,test,12.959721326828005
JVASP-48502,LiCo2OF3,3.0764477252960205,3.6686770915985103,3.058,train,4.747409105300903
JVASP-43034,Li2VO3,3.162598133087158,4.00609278678894,3.177,train,5.753210783004761
JVASP-151621,LiBeH3,0.8319758772850037,1.5420353412628174,1.054,test,2.9331982135772705
JVASP-107095,LiSiB,0.8152010440826416,1.4077610969543457,0.826,train,2.775474786758423
JVASP-139311,Li3Br,2.3120198249816895,2.8588287830352783,1.325,val,40.08405256271362
JVASP-107944,Li3Rh,1.1849490404129028,2.087982654571533,1.178,train,8.272308826446533
JVASP-116681,LiVFe4O8,2.6505486965179443,2.7104852199554443,2.661,train,2.9894964694976807
JVASP-106253,KLi3,0.3300434350967407,-0.2161276340484619,0.394,train,0.9128268957138062
JVASP-135362,LiScS,0.27889564633369446,-0.575646162033081,0.989,val,-0.333324670791626
JVASP-48128,Li2MnF4,3.7258455753326416,5.255317807197571,3.762,train,7.683748006820679
JVASP-146779,LiFe2OF3,3.165405750274658,4.064080715179443,3.153,test,4.794153690338135
JVASP-40657,Li4Mn2Nb3Cr3O16,2.532773971557617,3.622179746627808,2.579,train,5.815481901168823
JVASP-142828,LiCr2O3,2.458240509033203,2.201192617416382,2.486,train,2.6042277812957764
JVASP-115701,LiBrN,1.8745864629745483,2.088497042655945,1.822,train,2.838464736938477
JVASP-144721,Li2V3O6,2.7332518100738525,3.1273465156555176,2.751,train,3.864021062850952
JVASP-48427,Li3CoOF3,5.409860134124756,5.431018670399983,5.343,train,8.841029167175293
JVASP-115863,LiICl,1.1095788478851318,2.304294168949127,1.136,train,2.649831533432007
JVASP-133202,Li6Mn3CoO10,3.4848079681396484,4.164423068364461,3.481,val,5.638143301010132
JVASP-144007,LiFe2O4,3.281076431274414,4.224348306655884,3.328,train,4.695753335952759
JVASP-147161,Li3Mn3OF7,3.381810188293457,4.302281936009725,3.37,test,7.592759847640991
JVASP-38621,LiEr2Tl,-0.8099474906921387,0.6336237788200378,-0.787,train,2.0139029026031494
JVASP-116875,Li2MnF4,3.777710199356079,5.586546301841736,3.812,train,9.540165185928345
JVASP-46252,Li2AlCoO4,3.3485915660858154,4.539734601974487,3.351,train,6.027573823928833
JVASP-98194,KNaLi2S2O8,3.583448886871338,5.2572996616363525,3.527,train,8.047444105148315
JVASP-119003,Li4Nb3Ni3Te2O16,2.709346055984497,3.627903699874878,2.703,train,4.1332762241363525
JVASP-21508,Li2GeF6,4.762746334075928,6.036328852176666,4.769,train,8.056889772415161
JVASP-50672,LiAgF4,4.042327404022217,6.929513335227966,4.08,train,7.486520171165466
JVASP-44062,Li2Co3NiO8,3.729152202606201,3.9957258701324463,3.73,train,4.386526823043823
JVASP-54829,NaLi2N,-0.24787086248397827,-0.0117226839065551,-0.211,train,0.9186917543411256
JVASP-61409,Li3AlB2O6,2.314927339553833,4.927245855331421,2.296,train,7.439456224441528
JVASP-139829,Li2Hf2O5,2.7022829055786133,3.3242692947387695,2.641,train,12.231653928756714
JVASP-144045,Li4Cu3Ni3Te2O16,3.3722615242004395,4.31797194480896,3.418,val,5.360615968704224
JVASP-146773,Li4MnCo2O7,3.5333199501037598,4.094059228897095,3.569,test,5.314055681228638
JVASP-65739,BaLiBi2,0.07738151401281357,0.6122592687606812,0.161,train,1.421475172042847
JVASP-149902,LiTl,0.5574063658714294,0.5283551216125488,1.161,test,0.9574582576751708
JVASP-141004,Li2MnVP2H2O10,2.9907946586608887,3.2504703998565674,2.941,val,3.622092962265014
JVASP-87262,Li3AlMo2As2O14,3.8534774780273438,4.232699791590373,3.874,train,4.797977685928345
JVASP-135399,LiVTe,0.18879863619804382,0.4036760330200195,-0.018,val,1.65083909034729
JVASP-112669,LiCeMo2O8,2.195388078689575,3.4756534099578857,2.178,train,3.913719415664673
JVASP-86285,SrLi4P2,1.2444169521331787,1.702722430229187,1.219,train,2.058972120285034
JVASP-147483,Li4MnCo2O7,3.5342559814453125,4.156692266464233,3.688,test,5.48793625831604
JVASP-119459,Li2B7H7,0.8969703912734985,1.8117563724517824,0.926,train,3.2265408039093018
JVASP-85198,Li3LaAs2,0.8530805110931396,1.4902770519256592,0.862,train,3.932226419448853
JVASP-144857,Li2V3O4F4,3.1757497787475586,3.52189040184021,3.263,test,5.058046579360962
JVASP-58367,RbLiF2,6.543283939361572,7.006936550140381,6.456,train,10.89635443687439
JVASP-144014,Li2FeO2,3.150200843811035,3.586312770843506,3.188,train,7.650497674942017
JVASP-43821,LiCrP2O7,3.2586264610290527,4.354292154312134,3.302,train,5.0335376262664795
JVASP-145869,LiMnP2O8,3.536684513092041,5.629650831222534,3.493,test,6.041579484939575
JVASP-51138,Na2LiTa,0.47668060660362244,1.009531021118164,0.47,train,2.8072385787963867
JVASP-146780,Li4V5Co3O16,3.1018733978271484,3.603818655014038,3.091,test,4.613644361495972
JVASP-43071,Li2Ti3SbO8,2.345285415649414,2.9853694438934326,2.324,train,3.7792251110076904
JVASP-42019,Sr2LiTl,-1.0876966714859009,0.5414940118789673,-1.006,train,3.479477643966675
JVASP-112848,Li4Mn3Nb2Cu3O16,2.6687235832214355,4.258316278457642,2.671,train,5.332096338272095
JVASP-153753,Li9Al4,0.9378252029418945,1.011440912882487,0.898,test,2.1705676317214966
JVASP-99720,Na2LiSmCl6,1.5172230005264282,2.3057801723480225,1.507,train,3.1738336086273193
JVASP-45916,LiVWO6,4.34710168838501,4.040694952011108,4.387,train,4.736425161361694
JVASP-110373,Na2LiIrF6,3.139688014984131,4.573786973953247,3.096,train,4.859685182571411
JVASP-43733,Li6FeO4F2,5.048578262329102,4.716038227081299,4.995,train,6.470260381698608
JVASP-55017,LiMgSbPt,1.0647079944610596,0.4023904800415039,1.03,train,0.5779249668121338
JVASP-92603,Li2HfN2,0.7242060303688049,2.9257383346557617,0.759,train,10.476937532424929
JVASP-147127,LiMnP2O7,3.400534152984619,4.392934083938599,3.249,test,4.769301652908325
JVASP-40384,Tb2LiIr,0.04232928901910782,0.2319328784942627,0.083,train,0.6847608089447021
JVASP-48958,Li4MnF8,6.1763434410095215,6.1836965680122375,6.141,train,7.417601108551025
JVASP-142617,Li2MnF6,5.490347862243652,5.61414635181427,5.467,val,7.667955636978149
JVASP-146767,Li3MnCoO5,3.5617406368255615,4.23601508140564,3.592,test,5.842262506484985
JVASP-112406,LiFeP3O9,2.894500970840454,3.4770543575286865,2.9,train,3.650185823440552
JVASP-154932,LiGaSi2O6,2.732393264770508,3.496753454208374,2.527,test,3.742156744003296
JVASP-46717,LiMn2P2O8,3.2596521377563477,4.041172742843628,3.25,train,4.51689887046814
JVASP-52314,LiCuCO3,2.597990036010742,3.6032721996307377,2.605,train,3.9526054859161377
JVASP-140650,LiFeSbO4,3.08565354347229,3.885502576828003,3.161,train,4.109159708023071
JVASP-139342,LiMgP,1.4662147760391235,0.999664306640625,0.804,val,1.505540132522583
JVASP-45029,Li2Fe3NiO8,3.4023447036743164,4.642441511154175,3.434,train,5.222961664199829
JVASP-151657,LiNbO3,2.9088265895843506,4.8108460903167725,2.912,test,7.684397459030151
JVASP-43950,Li2MnF4,4.037106990814209,5.6775054931640625,4.056,train,8.70549988746643
JVASP-142679,Li2Ni3SnO8,3.6629323959350586,4.254473924636841,3.639,val,4.511991739273071
JVASP-133710,Li4MnCo3O8,3.2996110916137695,3.4921247959136963,3.32,val,4.692190408706665
JVASP-147388,LiV3O5F,2.5241446495056152,2.55708384513855,2.606,test,2.7461812496185303
JVASP-142062,Li2V2F7,2.9288272857666016,3.3233895301818848,2.907,val,4.165085315704346
JVASP-142153,Li7Mn2Co3O12,3.5232295989990234,4.284027474267142,3.537,train,5.637504816055298
JVASP-99809,LiPmGa2,0.7479841709136963,1.60530424118042,0.742,train,3.3126572370529175
JVASP-154310,Li2MgIr,1.4764165878295898,1.3312010765075684,0.975,test,6.102767705917358
JVASP-137321,Li4Mn3Sn3Sb2O16,2.9279284477233887,3.537181615829468,2.995,test,3.8761026859283447
JVASP-119386,Li5Mn2Ni5O12,3.1652991771698,3.492845964431763,3.165,train,4.253695726394653
JVASP-22042,KLi6IrO6,3.874979019165039,4.267803907394409,3.819,train,7.673432350158691
JVASP-111969,Li4Ni3O2F6,3.8985095024108887,4.800071001052856,3.912,train,7.067089796066284
JVASP-140712,Li4CoB2O6,2.2973530292510986,4.623369216918945,2.312,train,6.5010316371917725
JVASP-81509,LiY2Co,0.22828415036201477,0.254143476486206,0.26,train,0.394054651260376
JVASP-35597,LiNbSe2,1.2687188386917114,1.7605431079864502,1.318,train,2.7318665981292725
JVASP-59909,Li3Co4O8,3.6391549110412598,4.05386757850647,3.678,train,5.09306263923645
JVASP-133554,Li3Mn2CoO6,3.1230642795562744,3.9992258548736577,3.112,test,5.380889177322388
JVASP-145151,Li6Mn3CoO10,3.5018632411956787,4.111511468887329,3.51,test,5.63457179069519
JVASP-19791,Li3Hg,0.04878539592027664,0.7155552705128988,0.049,train,3.282486915588379
JVASP-52525,LiAgF3,4.49109411239624,5.736844301223755,4.526,train,6.600465536117554
JVASP-155419,Li2CaCoO4,3.065277099609375,3.706353902816773,3.391,test,5.398638486862183
JVASP-47063,LiV2O2F3,3.6345038414001465,4.17377495765686,3.575,train,5.081599473953247
JVASP-133652,Li2TiVO4,2.4812545776367188,2.1129167079925537,2.517,val,2.6562259197235107
JVASP-44630,Li4MnV2WO12,3.5186221599578857,4.14914345741272,3.48,train,5.177098989486694
JVASP-21040,Li2SeO4,5.404096603393555,5.254268169403076,5.347,train,5.760337829589844
JVASP-143265,LiFe2O2F3,3.927553415298462,6.274325132369995,3.981,train,7.641994476318359
JVASP-99362,LiAlSiH2O5,3.1761763095855713,3.9216597080230713,3.181,train,4.702561616897583
JVASP-14156,LiYF4,3.399568796157837,6.87528395652771,3.364,train,19.22334599494934
JVASP-141922,Li4MnCo2O7,3.403130531311035,4.204434156417847,3.411,train,6.549203634262085
JVASP-157120,LiLa2Sn,-0.9757002592086792,0.7840328216552734,-0.609,test,3.100508451461792
JVASP-119588,Li4MnCo2O7,3.5821642875671387,4.148818254470825,3.59,train,6.212889909744263
JVASP-99464,K2LiTaCl6,1.7634514570236206,1.3222696781158447,1.736,train,1.6242177486419678
JVASP-144534,Li4MnCo2O7,3.571408271789551,4.203615188598633,3.577,val,5.636457681655884
JVASP-122003,Li2CoO3,5.011144161224365,4.316069841384888,4.925,train,5.301894903182983
JVASP-43961,LiVF4,3.8660435676574707,3.7706334590911865,3.835,train,4.45238471031189
JVASP-9407,LiAlO2,2.858863592147827,4.843055486679077,2.846,train,11.382088899612429
JVASP-59595,LiV2O4,2.9403133392333984,3.9746615886688232,2.954,train,4.04382586479187
JVASP-43386,Li2VCrO4,2.5652360916137695,3.0751535892486572,2.561,train,4.5231359004974365
JVASP-147242,Li4Mn3CoO8,3.0455760955810547,4.0427210330963135,3.083,test,6.041432619094849
JVASP-43596,Li2FeF5,5.066452503204346,5.8029046058654785,5.049,train,7.653540134429932
JVASP-77541,LiGaIr2,1.1457610130310059,1.090847730636597,1.173,train,1.5236992835998535
JVASP-52285,LiAg2F6,3.626889228820801,5.500750780105591,3.65,train,5.814835548400879
JVASP-35937,Li3YBi2,1.3227821588516235,1.205641508102417,1.3,train,2.733003854751587
JVASP-47654,Li4FeSi2O7,2.87166428565979,4.597886085510254,2.872,train,5.536682844161987
JVASP-52574,Li4CuF5,5.3006768226623535,5.402990877628326,5.256,train,7.56437611579895
JVASP-113150,Li2V3O6,2.732930898666382,3.130348443984986,2.751,train,3.867772340774536
JVASP-140643,LiVSiO4,2.8990492820739746,2.17859148979187,2.9,train,2.800731420516968
JVASP-73379,LiBe2Ge,0.522081196308136,0.7071366310119629,0.537,train,1.2841964960098269
JVASP-40027,LiSm2Ir,-0.260252982378006,0.20491623878479,-0.205,train,1.2181744575500488
JVASP-110040,SrLiO3,6.055833339691162,5.208556890487671,5.787,train,8.861002922058105
JVASP-50109,Li5BO4,4.538589954376221,4.807965040206909,4.501,train,8.178194761276245
JVASP-142647,Li3Nb4NiO12,2.873338460922241,3.841844320297241,2.844,val,5.512300252914429
JVASP-55327,Li6CoO4,4.522721290588379,4.138872742652893,4.52,train,6.970513582229614
JVASP-144235,LiNiPO4,3.374755859375,4.483952283859253,3.376,train,5.9935266971588135
JVASP-136367,LiTiCl,0.5938272476196289,0.6921844482421875,0.516,val,1.8022139072418213
JVASP-114329,LiMoO,1.7282522916793823,2.0770022869110107,1.806,train,3.4816062450408936
JVASP-56219,LiB6C,2.237785816192627,1.986320734024048,2.072,train,3.9169533252716064
JVASP-44597,Li2MnSnO4,2.7040915489196777,2.4932587146759033,2.71,train,3.290865182876587
JVASP-145159,Li7Mn4CoO12,3.242316246032715,3.9893134321485246,3.273,test,6.37719464302063
JVASP-43916,Li2VF4,4.023617267608643,3.8353525400161743,3.954,train,5.528047323226929
JVASP-48267,Li5Co2O6,4.187618732452393,4.406622838973999,4.158,train,5.828699111938477
JVASP-47725,LiFeP2HO8,3.360081195831299,6.20965838432312,3.324,train,6.6902148723602295
JVASP-95739,Li3AlSiO5,2.793428897857666,4.888219753901164,2.801,train,7.050592660903931
JVASP-39831,LiZn3,0.5687671303749084,0.9285364151000975,0.603,train,1.384657621383667
JVASP-146764,Li5Mn2CoO8,3.8468570709228516,4.215757131576538,3.999,test,5.610369920730591
JVASP-107050,LiSbSe2,2.0315427780151367,2.6531786918640137,2.051,train,4.488306999206543
JVASP-38166,LiAg2Pd,0.9670637845993042,1.4804691076278689,0.964,train,2.6587162017822266
JVASP-46643,Li4Mn3V3Cr2O16,3.0973262786865234,3.4631235599517822,3.099,train,3.9989612102508545
JVASP-52183,LiCu2F6,5.235497951507568,5.977006196975708,5.29,train,6.605067849159241
JVASP-46928,LiAgF4,4.0413923263549805,6.93202668428421,4.081,train,7.444003582000732
JVASP-111922,Li4Ti3Fe3O12,2.985781192779541,3.567219495773315,2.996,train,4.149249792098999
JVASP-136922,Li3Cl,2.041278839111328,3.799287716547648,1.666,val,41.4115571975708
JVASP-47331,Li3VF8,7.056033134460449,6.400542974472046,6.984,train,8.211954355239868
JVASP-122334,Li7Ni5O12,3.636820077896118,4.32013521875654,3.659,train,6.4707190990448
JVASP-46866,LiMn5O3F5,2.2086009979248047,2.855555772781372,2.166,train,3.1205718517303467
JVASP-155698,SrLi2Pd2,1.3566588163375854,1.2292729020118711,1.618,test,2.315161943435669
JVASP-5041,LiSi3Pd,0.43351155519485474,1.1076300144195557,0.443,train,1.5219776630401611
JVASP-25776,Li2AlBO4,2.537567615509033,5.043438673019409,2.529,train,7.705518484115601
JVASP-58270,LiTiSi2O6,2.417574644088745,2.8185365200042725,2.459,train,3.090688467025757
JVASP-48236,Li2FeSi2O6,2.788151264190674,4.619903087615967,2.768,train,5.830773115158081
JVASP-121695,LiMnPO4,3.1370205879211426,4.3955771923065186,3.178,train,7.172611951828003
JVASP-73888,LiBeW2,-0.7857095003128052,0.2131569385528564,-0.814,train,2.9301793575286865
JVASP-59202,LiMnP2O7,3.333224296569824,5.194077730178833,3.345,train,6.3032262325286865
JVASP-47895,LiCoSiO4,3.034025192260742,4.23659348487854,3.065,train,4.919265031814575
JVASP-50083,LiBiB2O5,2.869548797607422,3.563833475112915,2.885,train,3.8866426944732666
JVASP-99641,Sr2LiCd,0.33803847432136536,0.236159086227417,0.493,train,0.8284626007080078
JVASP-132853,Li4Fe3CoO8,3.1131467819213867,3.5067617893218994,3.13,val,4.537559270858765
JVASP-112852,Li3Mn2FeO6,3.009500026702881,3.190368890762329,3.022,train,4.140605688095093
JVASP-116516,Li3V3O8,3.068795680999756,3.6860198179880777,3.096,train,4.255458116531372
JVASP-10001,Li2ZrTeO6,3.076925754547119,4.604229211807251,3.044,train,6.6448891162872314
JVASP-91415,LiAlSi2O6,2.620310068130493,4.568280935287476,2.652,train,5.686462163925171
JVASP-141644,LiMn2O4,3.3448050022125244,3.4379618167877197,3.345,train,3.8783986568450928
JVASP-107051,LiInSe2,1.9938194751739502,2.953911066055298,2.016,train,6.008007645606995
JVASP-144094,Li4Ti2Mn3Co3O16,3.3365225791931152,3.9327056407928462,3.35,val,4.555737257003784
JVASP-50638,LiSiBiO4,2.7422080039978027,5.426550626754761,2.651,train,6.7131993770599365
JVASP-42110,LiSc2Os,0.5059641599655151,1.143986463546753,0.516,train,2.5801069736480713
JVASP-143594,LiMg16Al12,-0.2763046324253082,0.4511048793792724,-0.579,val,0.4511048793792724
JVASP-143990,Li2MnO2F,3.2744076251983643,4.396357297897339,3.299,train,6.106396436691284
JVASP-116884,LiFeSiO4,3.557354688644409,4.300700902938843,3.541,train,4.828341245651245
JVASP-90485,LiSbSe2,2.006345510482788,2.1862919330596924,2.059,train,2.8058769702911377
JVASP-118987,Li4MnCo2O7,3.5932767391204834,4.131837368011475,3.684,train,5.7073142528533936
JVASP-108570,LiZnSb,0.8831931948661804,1.1543371677398682,0.896,train,1.4608650207519531
JVASP-66673,BaLiIn,-0.4754258692264557,-0.400571346282959,-0.41,train,0.1597938537597656
JVASP-47815,LiFeSiO4,3.484832525253296,4.241612672805786,3.488,train,4.6355297565460205
JVASP-12930,LiBiF4,4.792938709259033,6.110810995101929,4.688,train,8.890380144119263
JVASP-141832,LiV2O2F3,2.725290298461914,3.171070337295532,2.771,train,3.709538698196411
JVASP-118461,LiH2N,3.7857372760772705,2.809715986251831,3.693,train,5.889845371246338
JVASP-108174,LiOsN2,2.5494937896728516,2.475234270095825,2.507,train,3.3002922534942627
JVASP-48768,Li2VO2F,2.8293213844299316,3.771892309188843,2.816,train,7.013761758804321
JVASP-43315,Li2Ni2SnO6,3.2917895317077637,4.221331477165222,3.297,train,5.038530349731445
JVASP-133700,LiFeF4,4.508944034576416,5.902029991149902,4.513,val,7.112783670425415
JVASP-113161,LiFePH2O5,2.763056993484497,4.565619707107544,2.768,train,5.880724668502808
JVASP-113758,Li2VFeS4,2.2027056217193604,2.3408048152923584,2.199,train,3.0159051418304443
JVASP-141620,LiVTe2WO12,3.1311395168304443,2.9543650150299072,3.11,train,3.554978609085083
JVASP-130673,Li8Fe,0.05296865850687027,0.1893904954195022,0.09,train,5.4965174198150635
JVASP-48148,Li2Co2Si2O7,2.8763482570648193,3.9371936321258545,2.856,train,4.58984637260437
JVASP-50367,LiFeS2,2.3430092334747314,2.487560987472534,2.354,train,2.986804485321045
JVASP-66868,LiBeOs,0.27189376950263977,0.98512864112854,0.331,train,2.7318460941314697
JVASP-44608,Li3CrSiBO7,2.696308135986328,4.565765142440796,2.7,train,5.590771913528442
JVASP-147710,LiFePO4,3.117032051086426,4.186553716659546,3.19,test,5.313778638839722
JVASP-154636,LiCO2,2.6685333251953125,4.0209057331085205,2.714,test,5.741048574447632
JVASP-35982,LiBe,0.060895808041095734,0.353710412979126,0.07,train,1.409040927886963
JVASP-71798,Li2BeSe,0.6466284990310669,1.3602522611618042,0.662,train,2.601837396621704
JVASP-93169,SrLiMg6,-0.05424334853887558,0.2826154232025146,-0.002,train,0.4679849147796631
JVASP-144780,Li2VOF5,4.721222400665283,5.155166268348694,5.17,val,5.845471620559692
JVASP-109840,K2LiTlCl6,6.001020908355713,3.739991068840027,5.783,train,3.910832405090332
JVASP-99811,TbLiIn2,-0.30376726388931274,1.408217191696167,-0.279,train,2.812405645847321
JVASP-12548,KLi6BiO6,3.790815830230713,4.588714520136516,3.754,train,6.56396484375
JVASP-140524,Li3Mn2CoO6,3.125505208969116,3.284179449081421,3.128,val,4.581682920455933
JVASP-48192,LiCoSiO4,3.5993008613586426,4.623502016067505,3.613,train,5.404496908187866
JVASP-74039,LiBePd2,0.45643919706344604,0.8568480014801025,0.499,train,3.297696352005005
JVASP-120422,Li4MnCo2O7,3.5792770385742188,4.123627424240112,3.591,train,5.110293626785278
JVASP-50062,LiSbPHO5,3.369373083114624,3.315363645553589,3.418,train,3.450115919113159
JVASP-18998,Sr6Li23,-0.0966574028134346,0.2012294686358908,-0.04,train,1.190508246421814
JVASP-146870,LiRu2N3,2.342451333999634,2.0367486476898193,2.759,test,2.329055070877075
JVASP-116149,LiTeH,0.18989083170890808,0.7990385293960571,0.255,train,1.3230607509613037
JVASP-105695,Li2FeCoO4,3.1461009979248047,3.41469407081604,3.157,train,4.702141046524048
JVASP-146620,Li2FeNi3O8,3.959345579147339,4.278564691543579,3.934,test,4.747069358825684
JVASP-78876,LiO,4.442503452301025,4.945278704166412,4.635,train,10.0450701713562
JVASP-141058,Li7Co2O6,4.163611888885498,4.025972604751587,3.766,val,5.409116506576538
JVASP-40662,LiMnPO4,3.077970504760742,4.608122110366821,3.122,train,6.268124341964722
JVASP-39932,LiNd2Al,-0.16425994038581848,0.9196298122406006,-0.119,train,2.4337399005889893
JVASP-22062,Rb2LiGaF6,4.043460845947266,3.5900821685791016,4.045,train,3.7903664112091064
JVASP-57362,LiGaMo2O8,3.914283514022827,3.712634801864624,3.912,train,3.8688437938690186
JVASP-55014,Li2ZnSi,1.691704273223877,1.361334204673767,1.681,train,3.3040881156921387
JVASP-139894,LiMn2F5,3.055349111557007,4.776146173477173,3.024,train,7.585421085357666
JVASP-143256,Li3Nb2Fe3O10,2.796879529953003,3.435075521469116,2.83,train,4.38354754447937
JVASP-105455,Li2TlHg,1.0293996334075928,0.8145260810852051,1.063,train,1.678379774093628
JVASP-119545,LiFePO4,3.2371273040771484,4.057148218154907,3.267,train,5.147427320480347
JVASP-47562,Li2MnCrP2O8,2.8777527809143066,3.226862668991089,2.913,train,4.079833269119263
JVASP-93159,LiMg6Cd,-0.2590481638908386,0.7030205726623535,-0.206,train,1.0866858959197998
JVASP-143132,Li3Zn2Sn4,0.4828081727027893,1.087646722793579,0.517,val,1.4898383617401123
JVASP-42171,LiMnSiO4,3.212902784347534,3.984980344772339,3.219,train,4.39910101890564
JVASP-20966,LiCo6Ge6,1.0117356777191162,1.0000560283660889,1.056,train,1.3466432094573977
JVASP-90864,Li2ZnSi,1.0497313737869263,1.3671363592147827,1.09,train,2.8008350133895874
JVASP-43581,Li2FeB2O6,3.100574016571045,5.5731041431427,3.124,train,6.840710401535034
JVASP-86548,Li2TeO3,4.8408894538879395,4.588069438934326,4.857,train,6.444998264312744
JVASP-43888,Li5FeOF5,4.949489116668701,5.033751368522644,4.95,train,7.382764577865601
JVASP-43151,Li3SiNiO5,3.1201109886169434,4.812184731165568,3.137,train,6.571009874343872
JVASP-102283,Li3Ni,0.38271936774253845,2.9771527449289956,0.434,train,33.65588188171387
JVASP-116312,LiSe3,2.7195186614990234,2.2753002643585205,2.554,train,3.1582542657852173
JVASP-24945,NaLi2PO4,3.065093517303467,5.103977918624878,3.043,train,7.232014894485474
JVASP-117297,LiCoSiO4,3.5572447776794434,4.517417669296265,3.55,train,4.865219354629517
JVASP-107459,LiLuIn2,-0.23723742365837097,1.3213424682617188,-0.259,train,2.669844150543213
JVASP-46518,LiAlVO4,3.2395200729370117,2.418588399887085,3.268,train,3.394675970077514
JVASP-64257,Ba4LiSi,-1.9189568758010864,0.5397059917449951,-1.856,train,3.855642557144165
JVASP-59895,LiCr2S4,2.7101569175720215,3.2273142337799072,2.701,train,4.2703211307525635
JVASP-39800,LiZr2Re,0.0543912798166275,1.5182464122772217,0.091,train,2.976057291030884
JVASP-40846,Li2PmTl,0.22600942850112915,0.5235785245895386,0.284,train,1.6199814677238464
JVASP-139400,LiSnTe,0.36130520701408386,0.5471910238265991,0.813,val,1.19519305229187
JVASP-40660,Li2CrFeP2O8,2.8954248428344727,3.095792531967163,2.911,train,3.678640127182007
JVASP-67288,LiBe2Fe,-0.3168880045413971,0.364149808883667,-0.299,train,1.5743565559387207
JVASP-58402,TbLi8O6,4.229383945465088,4.18282425403595,4.257,train,6.045604705810547
JVASP-42536,Li2FeF4,4.602734565734863,5.571926832199097,4.684,train,8.135188817977905
JVASP-132011,LiLa3,-0.5977810621261597,0.4435822963714599,-0.77,val,2.443143844604492
JVASP-154334,LiPrGe2,0.4847913086414337,1.0286178588867188,0.447,test,1.378239393234253
JVASP-120741,Li2AlCoO4,3.2692203521728516,4.393697500228882,3.306,train,6.089278936386108
JVASP-109052,LiYPd2,1.1586363315582275,1.3045971393585205,1.094,train,3.4071993827819824
JVASP-44532,Li2Mn3SnO8,3.152129888534546,3.426265001296997,3.155,train,3.588523626327514
JVASP-47882,Li3Co2Si2O8,3.2518129348754883,4.616453409194946,3.26,train,5.73363471031189
JVASP-144537,Li4MnCo2O7,3.414395809173584,4.24389123916626,3.426,val,6.341385126113892
JVASP-64193,Ba4LiGe,-1.8489042520523071,0.6174865961074829,-1.772,train,2.2771687507629395
JVASP-143107,LiMg8Si4,0.4322345554828644,0.0421019792556762,-0.715,val,0.1477725505828857
JVASP-54819,SrLi3MnN3,1.9086037874221802,2.027621030807495,1.879,train,3.016697645187378
JVASP-42300,Li4Mn3Cr3O12,3.1015825271606445,2.999783754348755,3.104,train,4.627440690994263
JVASP-71299,LiBe2Tc,-0.5301502346992493,0.2433068752288818,-0.482,train,1.161712884902954
JVASP-146722,Li4V3O8,3.1228504180908203,3.5857475996017456,3.007,test,5.878555059432983
JVASP-44360,LiNbNiO4,2.9605038166046143,4.1476805210113525,3.029,train,4.5666234493255615
JVASP-111648,Li4MnCo2O7,3.5037333965301514,4.220118999481201,3.521,train,5.777447938919067
JVASP-145531,Li3V5O12,3.113828659057617,3.3884011109670005,3.158,test,3.8918182849884033
JVASP-120596,Li4Nb2Ni3Sn3O16,2.7208755016326904,3.771539449691773,2.676,train,4.975844621658325
JVASP-22368,LiCo6P4,1.1739413738250732,1.5785281658172607,1.117,train,1.8169562816619873
JVASP-8209,LiBeSb,1.7005696296691895,1.1477530002593994,1.684,train,2.9047958850860596
JVASP-141214,Li4Co3O7,3.5404610633850098,4.221845388412476,3.565,train,5.588136434555054
JVASP-14217,LiGaCl4,3.617115020751953,3.593182921409607,3.605,train,4.2933982610702515
JVASP-92253,LiCuS2,2.4486632347106934,3.2779465913772583,2.433,train,4.348833918571472
JVASP-42717,LiMn2B2O6,2.5604751110076904,3.280144453048706,2.566,train,3.4328086376190186
JVASP-21785,LiBF4,5.201699256896973,5.536999464035034,5.035,train,6.35723876953125
JVASP-118996,Li7Mn4CoO12,3.4203696250915527,4.135491677692959,3.422,train,5.439469575881958
JVASP-117258,Li2TiCr3O8,3.247939348220825,4.281503915786743,3.229,train,4.54100489616394
JVASP-46916,Li2V3CoO8,3.2067365646362305,3.999962568283081,3.195,train,4.239591360092163
JVASP-57390,Li2NiO3,3.8109753131866455,4.803324460983276,3.834,train,6.761496782302856
JVASP-146980,Li4MnCrO6,3.472903251647949,4.401885271072388,3.482,test,6.342364549636841
JVASP-88734,Li4ZrF8,4.195576190948486,6.050039529800415,4.202,train,10.90403437614441
JVASP-111926,Li2VC2O6,2.903153896331787,3.02905797958374,2.861,test,3.493798017501831
JVASP-41096,Yb2LiTl,-0.3547578454017639,0.7152127027511597,-0.304,train,2.385132431983948
JVASP-97370,LiGaBr4,2.272313356399536,3.209423243999481,2.217,train,3.7994983196258545
JVASP-50262,LiBiB2O6,3.7016870975494385,5.670830011367798,3.704,train,6.653102159500122
JVASP-144268,LiVGeO5,4.530561923980713,3.9660885334014897,4.594,val,4.480046033859253
JVASP-142246,Sr2LiH2N,0.7168148756027222,1.9775238037109375,0.792,train,2.896461725234986
JVASP-141691,Li7Mn2Co3O12,3.539811134338379,4.255778074264526,3.568,val,5.923316240310669
JVASP-146730,Li4Mn5Cu3O16,3.431821346282959,4.499327898025513,3.424,test,5.325594186782837
JVASP-48084,LiCoSiO4,3.5440070629119873,4.6972033977508545,3.552,train,4.879098176956177
JVASP-116268,LiH,2.5381970405578613,3.3214328289031982,2.481,train,8.49547266960144
JVASP-70426,Li2BeCl2,3.0177595615386963,4.178157806396484,2.956,train,6.764942169189453
JVASP-52513,LiTi4O8,2.6735925674438477,2.82145094871521,2.687,train,2.876917600631714
JVASP-43377,Li2VF6,4.606794357299805,4.661227822303772,4.499,train,6.237991571426392
JVASP-43417,Li2Ti3NiO8,2.787278175354004,5.13346791267395,2.828,train,7.1944873332977295
JVASP-115466,LiBiB,1.1882387399673462,1.025089144706726,1.218,train,2.259531021118164
JVASP-40388,LiHo2Tc,-0.23498854041099548,0.6968576908111572,-0.186,train,2.7269418239593506
JVASP-123497,LiU3,-0.45211169123649597,0.3097598552703857,-1.02,val,4.227887868881226
JVASP-102371,K2LiRhF6,4.729288578033447,4.629566431045532,4.571,train,5.205318212509155
JVASP-9783,Li2TiSiO5,2.9331490993499756,4.384703159332275,2.915,train,7.198207139968872
JVASP-58331,Na2LiAlF6,2.4231860637664795,6.49593448638916,2.3,train,10.023850440979004
JVASP-109907,LiNO2,2.5789105892181396,4.126144647598267,2.623,train,7.7361900806427
JVASP-122352,Li3Fe3O8,3.794670581817627,4.904297749201457,3.826,train,5.800086259841919
JVASP-143216,LiCr2S4,2.834537982940674,2.6326630115509033,2.832,train,3.123985528945923
JVASP-121762,Li4Fe3Co3Ni2O16,3.694249391555786,4.232380151748657,3.682,train,4.620164155960083
JVASP-37738,LiAl2Tc,0.5144992470741272,1.914602279663086,0.552,train,7.480073690414429
JVASP-148271,Li6AsS5I,2.9216959476470947,3.250418265660604,2.995,test,4.898200511932373
JVASP-48362,Li4Fe3CuO8,3.0588924884796143,3.694545030593872,3.107,train,4.70752215385437
JVASP-136924,LiMgSb,0.11195413023233414,0.4899237155914306,0.111,val,1.0284094214439392
JVASP-119746,Na3Li3Mn2P2C2O14,2.4009432792663574,3.3459320863087973,2.418,train,4.66716456413269
JVASP-40738,Li2MnV4NiO12,3.2703962326049805,2.880385160446167,3.28,train,3.237299680709839
JVASP-112806,Li3SiNi3O8,3.4959747791290283,4.110385179519653,3.522,train,4.6585705280303955
JVASP-151187,Ba3Li4Sb4,0.45287075638771057,1.1214105486869812,0.375,test,1.4718561172485352
JVASP-44114,Li2V3SnO8,2.582160472869873,3.469507932662964,2.601,train,4.276742696762085
JVASP-143559,Li4MnCo2O7,4.117918968200684,3.898683786392212,4.163,val,5.496837854385376
JVASP-139307,Li2Br,1.9449938535690308,3.4529327750205994,1.731,val,51.1633985042572
JVASP-135390,Li2S,3.2435896396636963,3.4627877473831177,3.378,val,5.123887062072754
JVASP-142083,Li2Mn4O5F3,2.8022618293762207,4.075784921646118,2.806,train,5.147146463394165
JVASP-112500,Li4MnCo3O8,3.314303398132324,3.58014178276062,3.325,train,4.7847044467926025
JVASP-136942,NaLiP,1.369343876838684,1.6799392700195312,0.989,val,2.232905387878418
JVASP-78923,Li2CuGe,1.0447108745574951,1.2517657279968262,1.115,train,2.2955416440963745
JVASP-48174,LiMn2OF3,3.0533742904663086,3.955329179763794,2.984,train,4.8436439037323
JVASP-96563,Li2MgMn3O8,3.663398265838623,4.230054140090942,3.636,train,4.385232210159302
JVASP-86418,LiPN2,2.876007556915283,3.1037232875823975,2.84,train,3.5834920406341553
JVASP-136542,Li2YF3,5.462650775909424,5.0096330642700195,5.369,train,7.308682680130005
JVASP-142166,Li8CoO5F,4.924473285675049,4.869586810469627,4.916,train,8.987531661987305
JVASP-42986,LiTiFeO4,3.2109923362731934,4.005626440048218,3.186,train,4.488221883773804
JVASP-116124,LiHO,3.6381328105926514,4.914365530014038,3.74,train,6.057440519332886
JVASP-10192,LiAs,1.9449256658554077,1.428251028060913,1.979,train,2.096766233444214
JVASP-50681,Li2AgF5,3.8597493171691895,6.703950941562653,3.929,train,7.719968318939209
JVASP-118605,LiNbTe,-0.4482000172138214,0.4907009601593017,-0.424,train,2.08658766746521
JVASP-31195,Li7BiO6,3.6836252212524414,4.824057579040527,3.7,train,9.4082350730896
JVASP-52665,Li2VCl4,2.6947827339172363,2.892825484275818,2.684,train,3.703796148300171
JVASP-66782,LiBe2Cr,-0.4508768618106842,0.2976226806640625,-0.392,train,1.4320712089538574
JVASP-52194,Li3Ti4O8,2.336649179458618,2.523571729660034,2.366,train,2.8491270542144775
JVASP-141924,Li7Mn2Co3O12,3.5257248878479004,4.275808981486729,3.538,test,5.608367204666138
JVASP-144048,LiV2F5,2.251105785369873,2.6081745624542236,2.329,val,3.020585298538208
JVASP-50691,Li3TiP2O8,3.271259307861328,4.4427878856658936,3.336,train,6.3390953540802
JVASP-121919,LiFeSi2O6,2.7282867431640625,3.821274995803833,2.724,train,4.521894216537476
JVASP-142175,Li2FeO2,3.2733209133148193,3.734510898590088,3.297,train,6.241347551345825
JVASP-144854,Li3Co4O8,3.6234726905822754,3.981501817703247,3.648,test,5.025244951248169
JVASP-102115,YbLiTl2,0.2583805024623871,1.2070837020874023,0.256,train,2.2547967433929443
JVASP-116246,LiAs,1.5491256713867188,1.510810136795044,1.547,train,2.123051166534424
JVASP-43562,Li2FeO2F,3.454937696456909,4.28136134147644,3.52,train,6.109326124191284
JVASP-145770,LiVSiO4,2.942312717437744,2.7592151165008545,2.975,test,2.986501455307007
JVASP-118991,Li4MnCo2O7,3.5512404441833496,4.0486955642700195,3.564,train,5.596734285354614
JVASP-149273,LiZnBi,0.7403325438499451,1.0070512294769287,1.094,test,1.9341245889663696
JVASP-39878,LiHo2Ru,-0.048548899590969086,0.5682950019836426,-0.005,train,1.5059502124786377
JVASP-106786,Li3Cu2O4,4.08976936340332,4.568445920944214,4.133,train,6.019185781478882
JVASP-48892,Li2CrP2O8,3.5797274112701416,4.86895751953125,3.615,train,5.535628080368042
JVASP-48314,Li6MnO2F4,4.9714884757995605,5.618660231431325,4.991,train,8.083770871162415
JVASP-72280,LiBeGe2,1.0832066535949707,0.9341319799423218,1.139,train,1.522818922996521
JVASP-112798,LiMnPO4,2.9879302978515625,4.891440153121948,3.016,train,7.2429540157318115
JVASP-79905,Yb2LiHg,-0.9205397963523865,-0.0011146068572998,-0.941,train,0.8096010684967041
JVASP-34694,Li3Zn2SbO6,3.0677058696746826,4.787391901016235,3.097,train,7.343247652053833
JVASP-41776,LiTmHg2,0.49609291553497314,1.2020230293273926,0.518,train,1.6247332096099854
JVASP-145971,Li5Fe2Cu5O12,3.1589725017547607,4.103052806854248,3.215,test,5.207951307296753
JVASP-11815,Li3VO4,4.894092082977295,3.8877742290496826,4.845,train,5.878906488418579
JVASP-116864,LiVP2O7,3.3650341033935547,3.7102434635162354,3.387,train,3.88954758644104
JVASP-40328,Li3In,1.0661168098449707,1.084063450495402,1.105,train,8.056432008743286
JVASP-94408,LiMg5,0.19817504286766052,0.717827558517456,0.244,train,1.4486851692199707
JVASP-146119,LiVTe3O12,3.583906888961792,3.2344014644622803,3.516,test,3.51776385307312
JVASP-50629,Li5FeS4,2.3060035705566406,2.824327230453491,2.261,train,4.146327257156372
JVASP-144431,Li2FeP2O8,3.751962423324585,5.559247255325317,3.773,train,6.186877489089966
JVASP-105050,TbNa2LiCl6,1.532488226890564,2.2659215927124023,1.547,train,3.131633758544922
JVASP-109995,Tb3Li,-0.43709468841552734,0.3458083868026733,-0.472,train,1.2013288736343384
JVASP-41992,LiAlAu2,2.8400745391845703,1.4783927202224731,2.801,train,2.7135554552078247
JVASP-35986,LiB,1.9582970142364502,1.4399044513702393,1.962,train,8.578247308731079
JVASP-8726,Li5Sn2,0.9652131199836731,1.041915249824524,1.028,train,2.059678077697754
JVASP-153238,Li2CoW2O8,3.4120917320251465,3.788560152053833,3.457,test,4.8595216274261475
JVASP-45016,LiFeSnO4,3.29679799079895,3.964066743850708,3.306,train,4.221184968948364
JVASP-113226,Li4Cr2P4H3O16,3.0591330528259277,4.848161816596985,3.06,train,7.165735960006714
JVASP-44677,Li2TiCrO4,2.4033403396606445,2.886474847793579,2.42,train,3.9219024181365967
JVASP-147142,Li2MnFeB2O6,2.3304085731506348,3.280351400375366,2.35,test,3.72521710395813
JVASP-57367,LiMoIO6,3.5705316066741943,4.768883943557739,3.406,train,5.294126749038696
JVASP-143693,Sr2LiSiO4,1.2904525995254517,2.1320993900299072,1.313,train,4.01563286781311
JVASP-66263,BaLiY,-1.0692358016967773,-0.5261412262916565,-1.014,train,0.9118016362190248
JVASP-71621,LiTiBe,-0.12096578627824783,0.3620784282684326,-0.053,train,1.5956590175628662
JVASP-110831,NaLi3,0.20391881465911865,0.0441125233968099,0.175,train,1.003188133239746
JVASP-95009,LiFe2Cl2O2,2.9007067680358887,3.2951879501342773,2.938,train,3.842114210128784
JVASP-144450,Li4Mn3O7,3.163367748260498,3.663796186447144,3.193,train,5.109536409378052
JVASP-146616,LiV2OF7,3.996872901916504,4.140158414840698,4.066,test,4.323915719985962
JVASP-61436,LiAuS,2.2809667587280273,2.678993225097656,2.276,train,3.7166097164154057
JVASP-147554,LiCrCdF6,4.068911552429199,6.735426902770996,4.176,test,8.294374227523804
JVASP-91379,LiYSn,0.31615951657295227,0.7844216823577881,0.318,train,1.379077672958374
JVASP-144417,Li4VCo3O8,3.1609201431274414,3.8125383853912354,3.168,train,4.832319021224976
JVASP-117126,Li4MnCo2O7,3.5640740394592285,4.212087392807007,3.661,train,5.646703004837036
JVASP-137220,Li3Fe3Sn2O10,3.000580310821533,3.915783166885376,3.127,val,4.960362672805786
JVASP-46182,Li4TiCrO6,3.170889139175415,4.63246750831604,3.202,train,7.655327558517456
JVASP-48262,Li2Fe3O6,3.1647603511810303,3.7832067012786865,3.206,train,5.493650197982788
JVASP-8725,LiPt7,1.674147129058838,1.6802403926849363,1.613,train,1.822406768798828
JVASP-47757,Li12Mn2O9,4.741121292114258,4.524535497029622,4.708,train,8.724806547164917
JVASP-42725,Li3Fe2Si2O8,3.2000532150268555,5.081415891647339,3.192,train,6.108057260513306
JVASP-31181,Li3RuO4,3.7072107791900635,4.061602830886841,3.723,train,4.998703718185425
JVASP-147246,Li5Mn3O8,3.273221492767334,4.061994123458862,3.347,test,5.301315546035767
JVASP-130731,Li8Y,0.04446212202310562,0.0763099640607833,-0.054,val,4.37556254863739
JVASP-112822,Li3Fe4O3F9,4.1486029624938965,5.616456111272176,4.161,train,6.908331871032715
JVASP-115699,LiMgBr,1.713596224784851,1.7090609073638916,1.695,train,2.7940824031829834
JVASP-143553,Li4MnCo2O7,3.4054861068725586,4.287833213806152,3.413,train,6.648026704788208
JVASP-50791,Li3CuS2,2.4995040893554688,2.9625940322875977,2.455,train,6.007930755615234
JVASP-144046,Li4Mn2Cr3Co3O16,3.477656364440918,4.066246271133423,3.45,val,4.867627382278442
JVASP-39902,Li2CaGe,0.8816559314727783,0.7163988351821899,0.883,train,1.4343793392181396
JVASP-38005,Li6PS5Cl,3.0597403049468994,2.9763307571411133,3.022,train,5.6565282344818115
JVASP-120581,Li4CrF6,5.512542724609375,5.9729712307453156,5.549,train,9.491030931472778
JVASP-107863,Rb2LiLuCl6,1.658143162727356,2.0179455280303955,1.65,train,2.225102663040161
JVASP-34203,LiC2O2,2.707195281982422,3.3235924243927,2.683,train,4.370777368545532
JVASP-122507,Li2NiPCO7,3.6066348552703857,4.907162427902222,3.619,train,5.689036130905151
JVASP-137382,Li5Cr2Ni3O10,3.2828304767608643,3.9586422443389897,3.298,train,5.110201120376587
JVASP-46737,Li5Si2NiO8,3.1559906005859375,4.991831254959107,3.15,train,6.317064523696899
JVASP-8640,LiMnO2,2.9502975940704346,3.973196268081665,2.973,train,5.222891569137573
JVASP-80022,LiSmHg2,0.04406747967004776,1.2790746688842771,0.101,train,2.4827219247817993
JVASP-122027,Li2FeB2O6,2.8447697162628174,4.485699653625488,2.868,train,5.688203573226929
JVASP-119380,Li5Co2Ni5O12,3.3608741760253906,3.605668067932129,3.369,train,4.206782817840576
JVASP-145186,LiSmGe2,0.4041883647441864,0.956374168395996,0.47,test,1.2769641876220703
JVASP-59225,Li3VP2O8,3.2914113998413086,4.354463338851929,3.275,train,5.929656744003296
JVASP-117283,Li2V3FeO8,2.70552921295166,2.641425848007202,2.721,train,2.8133466243743896
JVASP-116895,Li2FeF5,4.788092136383057,5.204082727432251,4.788,train,5.952693223953247
JVASP-43766,Li2FeF6,4.8029584884643555,5.6029372215271,4.735,train,7.057978630065918
JVASP-77462,Li2RhAu,1.9284273386001587,1.940600037574768,1.896,train,4.041714787483215
JVASP-115192,Li2I,0.7683510184288025,1.2606741786003113,0.743,train,5.521724462509155
JVASP-8021,LiIr,0.9279778003692627,1.632786512374878,0.895,train,4.066264390945435
JVASP-43435,Li2VCrO4,2.560832977294922,3.130460500717163,2.561,train,4.281242609024048
JVASP-97999,LiVSi2O6,2.587153673171997,3.395833730697632,2.623,train,4.212665319442749
JVASP-97516,LiDyP4O12,1.9672940969467163,4.171490430831909,1.925,train,4.485130071640015
JVASP-48617,Li3MnF5,5.443808078765869,5.558190107345581,5.388,train,9.20958662033081
JVASP-44266,LiFe2OF5,4.137070178985596,5.462646484375,4.199,train,5.7150256633758545
JVASP-139393,LiP3,0.9150453805923462,1.5236010551452637,0.847,val,1.996436595916748
JVASP-148160,Li2CdSnS4,2.456533908843994,3.493820905685425,2.53,test,5.164649844169617
JVASP-43844,Li4Ti3V5O16,2.3965258598327637,3.180171251296997,2.431,train,3.768074750900269
JVASP-114331,LiPW,0.7142905592918396,-0.920879602432251,0.738,train,-0.2357882261276245
JVASP-41095,LiSnIr2,2.3986923694610596,2.346519708633423,2.392,train,5.206037282943726
JVASP-122010,Li7Co5O12,3.9067177772521973,4.222704172134399,3.944,train,5.413085699081421
JVASP-100923,Na2LiNdCl6,1.5325409173965454,3.202397108078003,1.564,train,6.349432706832886
JVASP-38466,Li3Ga,0.8349301218986511,1.0298997561136882,0.867,train,4.857240438461304
JVASP-140599,Li3Co2Ge2O8,3.3978629112243652,4.44471001625061,3.417,val,5.447650194168091
JVASP-44736,Li2NiSnO4,3.1623916625976562,3.730625867843628,3.192,train,5.413429260253906
JVASP-57256,KLiCO3,2.412505626678467,4.259333848953247,2.427,train,8.132960557937622
JVASP-115200,LiI3,3.4699273109436035,2.7849069833755493,3.469,train,3.144876718521118
JVASP-116947,LiLuSn,-0.139509379863739,0.6818301677703857,-0.082,train,1.0828670263290403
JVASP-43070,Li2MnF4,5.99176549911499,6.00247597694397,5.807,train,8.507166385650635
JVASP-146589,LiCrP2HO7,3.0847280025482178,3.798805475234986,3.211,test,5.235059022903442
JVASP-143956,Li2CrP2O8,3.585968494415283,5.323592662811279,3.6,train,6.299343824386597
JVASP-47509,LiFePO4,3.410266399383545,3.682451486587525,3.402,train,3.938198328018189
JVASP-78752,LiScSi,1.401129126548767,0.9194772243499756,1.35,train,2.5041940212249756
JVASP-117317,Na3Li3Fe2P2C2O14,2.464526653289795,3.35271954536438,2.456,train,4.150614023208618
JVASP-143261,LiMn2P2O8,3.27227520942688,4.009084463119507,3.277,train,4.482069253921509
JVASP-52783,LiMnPO4,3.1146907806396484,4.061257123947144,3.127,train,5.98664116859436
JVASP-144435,Li3CrBPO7,2.896270751953125,4.610101302464803,2.906,train,6.23760199546814
JVASP-102427,Rb2LiTaF6,2.3139712810516357,1.8580293655395508,2.31,train,2.128876209259033
JVASP-50711,LiCuPO4,3.3065030574798584,5.009832143783569,3.315,train,6.352375268936157
JVASP-87170,LiMoP2O7,2.0560243129730225,3.290990114212036,1.966,train,3.4096648693084717
JVASP-34547,Sr2LiSiO4F,1.9160003662109375,4.2398011684417725,1.905,train,6.660983324050903
JVASP-105683,Rb2LiYBr6,2.203200101852417,1.5072336196899414,2.221,train,1.7737069129943848
JVASP-146114,LiNiPO4,3.498847007751465,4.999715566635132,3.507,test,5.687579393386841
JVASP-43652,Li2FeF4,5.713282108306885,5.617568731307983,5.582,train,8.579326629638672
JVASP-45233,Li2CrFeO4,2.795654296875,3.246866464614868,2.807,train,4.097047567367554
JVASP-48580,Li3MnF6,4.850306987762451,5.557993332544963,4.896,train,7.083585023880005
JVASP-116863,LiCoPO4,3.207850933074951,5.150989294052124,3.191,train,6.916419744491577
JVASP-44693,LiFe5O8,2.9901533126831055,4.23895525932312,3.008,train,4.343474626541138
JVASP-50977,Li2CuBiO4,3.134230136871338,4.025057315826416,3.164,train,5.01862359046936
JVASP-47054,Li2FeNiO4,3.511913299560547,3.508387327194214,3.537,train,4.317493200302124
JVASP-61379,Li2NdAs2,0.468434602022171,2.194603681564331,0.504,train,4.999177694320679
JVASP-21010,Li2BeF4,5.599039554595947,6.995542526245117,5.655,train,11.218489408493042
JVASP-141234,Li4Fe5SbO12,3.07943058013916,3.5979695320129395,3.165,val,4.549830675125122
JVASP-146270,LiCoPO4,3.2301270961761475,4.889838457107544,3.212,test,5.668990850448608
JVASP-45767,LiMnF5,5.541733264923096,6.608423471450806,5.447,train,7.813692808151245
JVASP-104992,Li2FeCuO4,3.191715717315674,4.041976690292358,3.222,train,5.5549046993255615
JVASP-21161,KLiBeF4,2.814110517501831,6.4708192348480225,2.868,train,8.202369451522827
JVASP-38229,Rb3Li,0.18862265348434448,-0.2576384544372558,0.313,train,0.1409473419189453
JVASP-48204,LiMnC2O6,4.0734076499938965,4.509990453720093,4.03,train,5.457334756851196
JVASP-8207,Li3Ga2,0.8981079459190369,0.8961211840311686,0.918,train,2.8809726238250732
JVASP-142076,LiCoPO4,3.4439332485198975,4.698756456375122,3.454,train,5.329172849655151
JVASP-85934,LiUAsO6,3.0019264221191406,4.3654186725616455,3.001,train,5.722333669662476
JVASP-157025,LiSm2Zn,-0.3608568608760834,0.3403950333595276,0.481,test,0.74459308385849
JVASP-44361,LiV4CuO12,3.7033193111419678,4.722890615463257,3.69,train,4.976109743118286
JVASP-146912,Li3CuNi2O6,3.425567626953125,3.97282600402832,3.463,test,4.62061071395874
JVASP-119323,Li2V2F7,3.2345805168151855,3.6763195991516113,3.23,train,4.707969665527344
JVASP-133512,LiLuS2O8,0.9021227955818176,2.1666080951690674,0.921,train,2.4008429050445557
JVASP-43510,LiCoNiO4,4.148584365844727,4.494715452194214,4.122,train,4.922200441360474
JVASP-107872,Rb2LiCeBr6,2.2826857566833496,1.6537636518478394,2.262,train,1.7492363452911377
JVASP-133684,Li6MnF8,5.1865081787109375,5.357991933822632,5.091,val,7.410187721252441
JVASP-109892,Rb2LiMoCl6,2.795457363128662,2.414032459259033,2.784,train,3.115715265274048
JVASP-104851,Li2TlIn,0.4403170049190521,0.8001083135604858,0.476,train,1.3273751735687256
JVASP-139087,LiAlF2,4.94340181350708,4.767624616622925,3.872,val,6.29748272895813
JVASP-43046,LiCrSnO4,2.5667576789855957,3.699738740921021,2.598,train,3.894767999649048
JVASP-42721,LiFe2O2F3,4.648764133453369,5.926644325256348,4.662,train,7.12497878074646
JVASP-97529,LiNdP4O12,1.478878378868103,3.743920087814331,1.393,train,4.699723482131958
JVASP-15260,Li2GaPt,2.455400228500366,1.0892691612243652,2.4,train,2.4744908809661865
JVASP-112762,Li2Mn3SbO8,3.0784010887145996,3.5986592769622803,3.125,train,4.159912824630737
JVASP-66512,BaLiTe,-0.4910614788532257,-1.2376781702041626,-0.437,train,-0.0309506654739379
JVASP-50374,Li2TiTeO6,3.8220975399017334,4.139992952346802,3.877,train,4.825274229049683
JVASP-12300,LiInSe2,1.723800778388977,3.006811499595642,1.72,train,4.843873739242554
JVASP-48660,LiY3WO8,2.834259033203125,4.741388559341431,2.912,train,12.21426558494568
JVASP-1399,Li2Te,2.9464468955993652,2.593573808670044,2.944,train,5.886894583702087
JVASP-31671,LiBH4,0.9005207419395447,1.6267855167388916,0.875,train,2.662595510482788
JVASP-42660,Li2TiFe3O8,3.3984341621398926,4.266765356063843,3.408,train,4.689848184585571
JVASP-44723,Li3MnO4,4.834974765777588,4.782865921656291,4.792,train,6.192229986190796
JVASP-16050,YbLiO2,2.670322895050049,3.9143764972686768,2.63,train,5.151458263397217
JVASP-42971,Li3Si2Ni2O8,3.4487881660461426,4.593828439712524,3.45,train,5.628539323806763
JVASP-112855,LiFeOF2,4.063457012176514,5.029106855392456,4.095,train,5.931843519210815
JVASP-108708,LiAl2Ge,0.40083757042884827,0.5474094152450562,0.418,train,0.8798805475234985
JVASP-45235,Li7Cr5O12,3.1514692306518555,4.016192674636841,3.169,train,5.787866830825806
JVASP-141059,Li2Si3NiO8,3.2998881340026855,4.248412847518921,3.084,val,5.457158327102661
JVASP-121924,Li3MnPCO7,3.0399932861328125,4.692311366399129,3.059,train,6.520076036453247
JVASP-11432,LiCaSb,0.8466120362281799,1.291087627410889,0.852,train,2.5047526359558105
JVASP-112502,Li3Co2O5,4.448642253875732,4.119988997777303,4.439,train,5.6001012325286865
JVASP-95548,LiInSi2O6,2.9026684761047363,4.858006238937378,2.912,train,7.787652254104614
JVASP-42191,Li3FeP2HO8,3.204725980758667,4.914839506149292,3.226,train,6.320196866989136
JVASP-157254,LiPr2Zn,-0.6301407217979431,1.0587857961654663,0.2,test,3.5790318846702576
JVASP-12790,LiBO2,2.7454185485839844,4.764632940292358,2.717,train,9.201820135116575
JVASP-50363,Li5BiS4,2.197188377380371,3.989132940769195,2.184,train,14.162880778312685
JVASP-117019,LiRuRhO4,4.151273250579834,4.3192832469940186,4.119,train,5.092257261276245
JVASP-146237,Li3CrN2,2.36938214302063,2.8270533084869385,3.132,test,5.0369861125946045
JVASP-101020,SrLi2In,0.24984946846961975,0.5420485734939575,0.301,train,1.770136296749115
JVASP-46719,Li2VSiO4,2.442065715789795,3.1206352710723877,2.445,train,4.893845319747925
JVASP-40261,LiHfRh2,0.8518658876419067,1.454561471939087,0.876,train,7.519958734512329
JVASP-38743,LiBeH3,0.9742023348808289,1.4537954330444336,0.982,train,2.609013557434082
JVASP-148427,Li2TiCr3O8,2.7646634578704834,3.86384654045105,2.859,test,4.269196271896362
JVASP-121455,Li2VBO4,2.6005237102508545,3.2970616817474365,2.605,train,6.719435453414917
JVASP-47613,LiVCoO4,2.901899814605713,3.3445985317230225,2.831,train,3.633014440536499
JVASP-155775,Li2TlAs2,1.2096452713012695,1.5479407906532288,1.049,test,3.487822651863098
JVASP-143285,Li4MnCrO6,3.4619710445404053,4.405315160751343,3.482,train,5.686797857284546
JVASP-141651,Li4Mn3Cr3Sb2O16,2.7519118785858154,3.772495985031128,2.775,train,5.264339208602905
JVASP-120593,LiVOF3,4.084359645843506,4.252798318862915,4.081,train,4.865320444107056
JVASP-155432,Li2SnGeS4,2.0767295360565186,2.5164334774017334,1.959,test,2.964280843734741
JVASP-21617,Ba2LiOsO6,2.1423568725585938,3.260333776473999,2.121,train,3.728919267654419
JVASP-138119,LiBeCl,0.7650043964385986,1.2195788621902466,0.764,train,4.54725843667984
JVASP-47556,Li2Ti2CoO6,2.9169492721557617,4.6333887577056885,2.886,train,7.566383600234985
JVASP-46711,LiMnP2O8,3.6724605560302734,5.403640508651733,3.699,train,5.544767618179321
JVASP-102856,K2LiTiF6,2.7147841453552246,2.6830062866210938,2.651,train,3.1461551189422607
JVASP-48149,Li2NiC2O6,3.109201192855835,4.0225279331207275,3.098,train,5.302014112472534
JVASP-7724,LiMgSnPt,0.8660744428634644,0.5122194290161133,0.877,train,0.7429618835449219
JVASP-54981,LiAgC2,3.0029568672180176,2.2025463581085205,3.082,train,4.779650926589966
JVASP-50709,LiCuPO4,3.3276925086975098,5.0826098918914795,3.325,train,5.605439901351929
JVASP-38774,LiLuPd2,1.7937016487121582,1.040764570236206,1.809,train,2.136288642883301
JVASP-12704,LiMo2O4,2.911916732788086,3.2284319400787354,2.924,train,4.177927732467651
JVASP-18425,LiTiO2,2.0513312816619873,2.3410770893096924,2.106,train,2.8062808513641357
JVASP-144053,Li2Fe2CoO6,3.3778247833251953,3.8511147499084473,3.41,val,4.577349901199341
JVASP-8807,LiSmS2,1.3393151760101318,2.6668331623077393,1.402,train,8.138661623001099
JVASP-54845,NaLi2N,2.6481170654296875,2.329176664352417,2.624,train,3.3784834146499634
JVASP-141438,Li3CoNi2O6,3.4356284141540527,3.711827278137207,3.45,train,4.511779308319092
JVASP-54680,LiH3O2,3.100898265838623,3.6770713329315186,3.132,train,5.25162148475647
JVASP-140648,LiFePO4,3.3271965980529785,3.961456537246704,3.343,train,4.073038339614868
JVASP-112437,Li2Mn2SnO6,2.9614081382751465,3.673001766204834,2.976,train,5.029826402664185
JVASP-146097,Li3MnNi3O8,3.464932680130005,3.9388763904571538,3.463,test,4.393657445907593
JVASP-157249,LiPr2Hg,-0.8199310898780823,0.7076345682144165,-0.611,test,2.0484867095947266
JVASP-42738,Li4Mn3FeB4O12,2.2798550128936768,3.2077414989471436,2.297,train,3.8471343517303462
JVASP-52260,Li5CuF8,5.709270477294922,6.528414618968964,5.678,train,8.981600999832153
JVASP-143920,Li3Mn4O8,3.170175552368164,3.2045085430145264,3.208,train,3.779409646987915
JVASP-21007,Li7VN4,3.724738121032715,2.618718521935599,3.701,train,5.626753568649292
JVASP-69472,LiBe2Tc,-0.5299006104469299,0.2463500499725341,-0.482,train,1.2007439136505127
JVASP-116012,LiMnF4,5.360727787017822,4.952283620834351,5.348,train,5.589954614639282
JVASP-105793,LiTl3,1.4806711673736572,0.2854707241058349,1.388,train,0.4941509962081909
JVASP-98474,LiLa4NiO8,2.4359564781188965,2.972367525100708,2.477,train,3.9479496479034424
JVASP-43597,LiMnF4,5.368283748626709,5.120002269744873,5.314,train,6.317519664764404
JVASP-143579,Li2MgCo3O8,3.641432762145996,4.269972085952759,3.65,val,4.5751259326934814
JVASP-77386,Li2HgBi,0.9537846446037292,1.3279552459716797,0.981,train,1.5287470817565918
JVASP-40656,Li4Co3NiO8,3.435063362121582,3.807571649551392,3.459,train,4.8934485912323
JVASP-66638,BaLiTl,-0.23724839091300964,-0.6235548257827759,-0.218,train,-0.3268748521804809
JVASP-99666,Li2TiCrO4,2.4156949520111084,2.979625940322876,2.487,train,3.875896692276001
JVASP-106549,LiHg3,0.6367216110229492,0.7955694198608398,0.646,train,1.0188367366790771
JVASP-48234,LiCrSiO4,2.5962202548980713,3.7753303050994873,2.603,train,4.834031820297241
JVASP-141024,Li3CrCu4O8,3.11362361907959,3.8722005685170497,3.063,val,4.594993591308594
JVASP-146977,Li7Mn2Co3O12,3.386929988861084,4.161044427326748,3.418,test,5.438428163528442
JVASP-119295,Li2Cr3P4O14,3.098440647125244,3.477712631225586,3.115,train,3.8862435817718506
JVASP-140659,Li3Co2Si2O8,3.26444149017334,5.245648622512817,3.26,train,6.232516527175903
JVASP-93492,LiMnAs,0.9888666272163391,0.9467384815216064,1.042,train,1.8046231269836424
JVASP-47356,Li2Si2WO7,2.470097780227661,3.046038866043091,2.509,train,4.447868585586548
JVASP-39798,LiZr2Os,-0.1328035593032837,1.192228078842163,-0.048,train,3.778641939163208
JVASP-103458,LiNdS2,1.624755859375,3.410813093185425,1.719,train,8.832026958465576
JVASP-135375,LiWS,-0.6437992453575134,0.4146878719329834,-0.454,val,0.7979180812835693
JVASP-52250,Li2CuF4,4.9075541496276855,6.221682012081146,5.015,train,7.302836298942566
JVASP-44788,LiCo6O7,2.5748984813690186,2.716590166091919,2.571,train,2.91548752784729
JVASP-146930,Li2Co3O6,3.8363795280456543,4.1395416259765625,3.869,test,4.849552869796753
JVASP-43669,Li4V3Ni3W2O16,2.745818853378296,3.3761050701141357,2.682,train,4.139426946640015
JVASP-147167,Li2CrP2O8,3.524303436279297,5.176553249359131,3.543,test,6.18775486946106
JVASP-102858,K2LiErCl6,2.003173589706421,1.9192047119140625,2.027,train,2.4011921882629395
JVASP-45891,Li3Fe2Si2O8,3.1359469890594482,4.223271608352661,3.132,train,5.7071616649627686
JVASP-59191,LiFeP2O7,3.4031262397766113,4.9465577602386475,3.425,train,5.856402635574341
JVASP-44783,Li4Ti2V3Cr3O16,2.592388391494751,3.552318811416626,2.621,train,4.454490900039673
JVASP-42989,Li2MnV3O8,3.066495180130005,3.8003876209259033,3.072,train,4.189997911453247
JVASP-144060,LiV2OF5,3.0454249382019043,3.2418792247772217,3.048,val,3.478195905685425
JVASP-80680,LiNbRu2,-0.24371010065078735,0.7488505840301514,-0.226,train,2.785466432571411
JVASP-115465,LiBiB,0.38737499713897705,1.2042133808135986,0.414,train,1.9881751537323
JVASP-70880,Li2BeGe,0.41073647141456604,0.4822560548782348,0.405,train,0.9669749736785888
JVASP-45872,Li2FeSi2O6,2.8204002380371094,4.410156488418579,2.813,train,6.458923101425171
JVASP-43375,LiFeF3,4.908771514892578,4.826004981994629,4.87,train,6.172008752822876
JVASP-48125,LiV3O8,3.2510886192321777,4.356820344924927,3.24,train,4.842526197433472
JVASP-41898,LiEr2Al,0.18505212664604187,0.3513360023498535,0.166,train,1.257472276687622
JVASP-141162,Li4Cu3Ni2Sb3O16,3.3894803524017334,4.161965370178223,3.411,train,4.774474859237671
JVASP-149514,LiLa2HO3,0.3022725582122803,2.3585312366485596,0.202,test,3.468920946121216
JVASP-43570,Li2Fe3F8,6.084460735321045,4.617515802383423,6.119,train,6.245811223983765
JVASP-47125,Li2FeSiO4,2.938141107559204,4.370746374130249,2.941,train,6.341849088668823
JVASP-146723,LiCrPO4,3.035026788711548,4.230445146560669,2.857,test,5.259442090988159
JVASP-136369,LiVCl4,2.9906933307647705,3.3588967323303223,3.712,val,3.823791265487671
JVASP-47922,LiMnF4,4.237123966217041,5.635481357574463,4.301,train,7.173429012298584
JVASP-44511,Li3Co4CuO8,3.225088119506836,3.699497143427531,3.232,train,4.6179358959198
JVASP-143577,Li2NbCo3O8,3.3079416751861572,4.745378255844116,3.07,val,5.372183084487915
JVASP-21668,Li2MgSiO4,2.530665874481201,4.631150484085083,2.546,train,9.51904034614563
JVASP-43156,Li4Cr3Sn3Sb2O16,2.754153251647949,3.5929253101348877,2.771,train,4.596331834793091
JVASP-100440,LiO8,2.4063541889190674,3.7972569465637207,2.376,train,4.793983221054077
JVASP-139977,Li3V4CrO8,2.1335225105285645,2.7340877056121826,2.116,val,4.572547674179077
JVASP-49861,LiLuO2,2.1160922050476074,3.357398748397827,2.148,train,7.657637357711792
JVASP-122401,Li2MnO3,3.73624324798584,4.456407785415649,3.749,train,5.61556601524353
JVASP-146741,Li7Co5O12,3.5475502014160156,4.296690429959979,3.556,test,6.77485728263855
JVASP-43225,Li2MnCr3O8,3.564171314239502,4.087849378585815,3.539,train,4.363494634628296
JVASP-40798,LiMgP,0.8329314589500427,0.6698048114776611,0.896,train,3.447460889816284
JVASP-43157,Li5CoO4,4.765603065490723,4.546902418136597,4.775,train,7.947260856628418
JVASP-112280,Li7Mn2Co3O12,3.7269155979156494,4.080273185457502,3.731,train,5.700531721115112
JVASP-137800,LiBS,1.5895930528640747,1.598780632019043,2.735,val,2.7358343601226807
JVASP-21143,LiCaAlF6,3.407269239425659,7.950503587722778,3.384,train,12.625576257705688
JVASP-43201,Li2V3WO8,2.206759214401245,2.918660879135132,2.235,train,3.63897442817688
JVASP-69357,BaLi4Bi,-0.04262959212064743,0.1068519651889801,-0.033,train,3.0254374146461487
JVASP-139341,LiMgP,1.0340397357940674,1.071887731552124,1.254,val,2.2491899728775024
JVASP-144182,Li2InP2HO8,3.3810606002807617,5.564410448074341,3.419,train,6.627817392349243
JVASP-15939,LiMnSe2,2.178370475769043,2.7277965545654297,2.165,train,3.669060707092285
JVASP-145536,Li7Mn5O12,3.183410406112671,3.785431282860892,3.208,test,6.049885034561157
JVASP-122440,Li2H6PtO6,3.2704226970672607,4.62473464012146,3.257,train,5.723896741867065
JVASP-111706,Li4MnGe2S7,2.368237257003784,2.9337459802627563,2.351,train,4.174035310745239
JVASP-113239,Li7Cr2O8,4.6752028465271,3.5411273751940047,4.589,train,6.367898225784302
JVASP-146564,Li2MnNb3O8,2.35455584526062,2.6749379634857178,2.428,test,3.661715269088745
JVASP-145608,LiMnO2,2.9996180534362793,3.7323882579803462,3.067,test,5.264758825302124
JVASP-102410,Na2LiErCl6,1.4457895755767822,2.0318734645843506,1.479,train,2.525865316390991
JVASP-46888,Li4Cr3FeO8,2.947387218475342,3.2988250255584717,2.957,train,4.352118253707886
JVASP-113201,Li2Co3NiO8,4.193936824798584,4.560982942581177,4.168,train,5.10062050819397
JVASP-65519,Ba2LiHf,-1.046343445777893,1.101315975189209,-1.003,train,9.892176985740662
JVASP-148137,Li4MnCo2O7,3.402148485183716,4.214446067810059,3.42,test,5.939345598220825
JVASP-157125,LiLa2Cd,-0.7697194218635559,1.3626250624656675,-0.053,test,3.8028717041015625
JVASP-48360,Li2FeCo3O8,3.726463794708252,3.955880880355835,3.737,train,4.388152360916138
JVASP-48340,Li6CoOF6,6.481435298919678,6.424778381983439,6.325,train,12.261549472808838
JVASP-128947,LiAg3,0.8770708441734314,1.0498311519622805,0.892,train,1.5901827812194824
JVASP-147683,Li3Fe4O3F9,3.9805185794830322,5.862409353256226,4.057,test,7.604756116867065
JVASP-147162,Li2Ni4OF8,3.9459872245788574,4.727084159851074,4.007,test,5.048859119415283
JVASP-136225,LiVC,0.6858124136924744,0.8976380825042725,0.66,train,2.2178056240081787
JVASP-42689,LiMnPH2O5,2.576732635498047,3.1747777462005615,2.566,train,3.956860303878784
JVASP-111994,Tb5LiSn3,-0.45586058497428894,-0.4619393348693847,-1.082,val,-0.2823371887207031
JVASP-119364,LiV3O8,3.3314785957336426,3.80644154548645,3.377,train,4.1268837451934814
JVASP-138828,LiPdF4,4.4210710525512695,5.528862953186035,4.84,val,5.810384273529053
JVASP-14936,LiGaGe,0.8911585807800293,1.1448547840118408,0.857,train,2.2508522272109985
JVASP-145596,Li4V3FeO10,3.100144147872925,3.3083362579345703,3.103,test,4.322057485580444
JVASP-147331,LiFeF6,5.252833843231201,5.962812662124634,4.708,test,6.321116924285889
JVASP-45183,LiNi2O4,3.5536997318267822,3.9815666675567623,3.557,train,4.2120819091796875
JVASP-109991,LiMnIr2,1.118857502937317,1.6551778316497805,1.115,train,3.789019823074341
JVASP-52738,Li3V4O8,2.563706398010254,3.1373536586761475,2.57,train,4.207932233810425
JVASP-119395,Li2Co4O7F,3.758754253387451,4.540850400924683,3.765,train,5.116089105606079
JVASP-144109,Li4Co3O7,3.5390114784240723,4.324183225631714,3.566,val,7.043206453323364
JVASP-52262,LiAg2F4,4.375791072845459,5.524148225784302,4.422,train,5.828284919261932
JVASP-150095,LiHg3,0.6257843375205994,0.8737349510192871,0.638,test,1.3095574378967283
JVASP-48089,Li2VGa3O8,3.3955202102661133,5.05620265007019,3.356,train,8.113295316696167
JVASP-146978,Li7Mn2Co3O12,3.5661048889160156,4.227906261171613,3.605,test,6.123336553573608
JVASP-47250,LiFePO4,3.1140589714050293,4.261566400527954,3.147,train,5.671703100204468
JVASP-146610,Li5Mn3Fe2O10,2.999814033508301,3.631414651870727,3.037,test,5.12833046913147
JVASP-139826,Li7Mn2Co3O12,3.5658600330352783,4.26065468788147,3.574,train,5.250149965286255
JVASP-39151,LiLu2Al,0.5580365061759949,0.1974656581878662,0.537,train,0.7935003042221069
JVASP-155430,Li2GeAuS4,2.459627866744995,3.0086097717285156,2.823,test,3.718004941940307
JVASP-13019,Li5BiO5,3.54541277885437,4.74379301071167,3.598,train,5.916905879974365
JVASP-119540,LiV6O7F5,1.9155027866363525,1.4497363567352295,1.922,train,1.797325849533081
JVASP-137591,LiVF4,3.326225757598877,4.044994354248047,3.454,val,5.084073543548584
JVASP-15578,Li2PrO3,4.694468021392822,4.49593186378479,4.717,train,7.76803183555603
JVASP-102507,Li2TlHg,0.9090545177459717,0.8132033348083496,0.95,train,1.365800142288208
JVASP-1819,LiYS2,1.2293978929519653,3.176931619644165,1.265,train,6.303369760513306
JVASP-50909,Li2CuS2,2.0939559936523438,3.233268916606903,2.14,train,4.363741159439087
JVASP-71585,Na2LiBe,0.35068756341934204,0.7576965093612671,0.349,train,1.592621922492981
JVASP-145812,LiSmS2O8,1.314566731452942,2.7395365238189697,1.271,test,4.734988451004028
JVASP-38306,RbLiO3,4.51599645614624,4.871399641036987,4.554,train,5.475376725196838
JVASP-70886,LiBeGa4,0.5195872187614441,0.9322307109832764,0.584,train,1.376046657562256
JVASP-93167,LiMg6Nb,0.24282559752464294,0.7908538579940796,0.315,train,1.7184526920318604
JVASP-146143,Li4MnCo2O7,3.4008612632751465,4.134755849838257,3.417,test,6.214386224746704
JVASP-141629,Li3Fe8O3F13,3.3469297885894775,4.337617635726929,3.368,train,5.471436023712158
JVASP-71580,LiBe2Rh,0.04757127910852432,0.7681162357330322,0.03,train,2.518018960952759
JVASP-40368,LiHo2Os,0.44977885484695435,0.8982694149017334,0.447,train,3.12556529045105
JVASP-128167,LiRu,1.5992299318313599,1.016592264175415,1.572,train,2.087463617324829
JVASP-115931,LiCoF4,5.311154842376709,5.6650121212005615,5.306,train,6.54707407951355
JVASP-14918,Li2PrP2,0.259963721036911,2.21544885635376,0.29,train,6.393386125564575
JVASP-118892,Li2F,3.545764446258545,3.3595775365829468,3.586,train,10.236188650131226
JVASP-76272,Li7IN2,0.9839217662811279,0.9977319581168038,1.02,train,2.4548704624176025
JVASP-138815,LiNbF4,3.351975679397583,2.866948366165161,3.325,val,3.8891661167144775
JVASP-117018,LiCr4InS8,2.2271053791046143,2.636583089828491,2.233,train,2.7982113361358643
JVASP-116148,LiTeH,0.7946169376373291,1.5058832168579102,0.859,train,2.093114137649536
JVASP-146076,Li5Mn4O8,3.0634188652038574,4.43704571723938,2.993,test,7.642431020736694
JVASP-46747,Li2MnSi3O8,2.7653443813323975,4.111155271530151,2.762,train,5.0244834423065186
JVASP-146145,Li4MnCo2O7,3.50854229927063,4.202171802520752,3.526,test,5.570777177810669
JVASP-152387,LiFeAs,1.1117743253707886,1.5579326152801514,1.16,test,2.1830601692199707
JVASP-1240,LiNbO3,2.9057650566101074,4.820811033248901,2.913,train,8.01224684715271
JVASP-118460,LiH2N,2.0172548294067383,1.772859811782837,2.07,train,4.032276391983032
JVASP-144806,Li7Mn2Co3O12,3.408808469772339,4.258849041802542,3.429,val,5.801759958267212
JVASP-119397,LiMn2B2O6,2.6370694637298584,3.197135210037231,2.658,train,3.481154680252075
JVASP-36755,LiAuO2,3.9115066528320312,4.360223054885864,3.946,train,5.869056701660156
JVASP-2862,KLiSe,1.9667623043060303,2.7534984350204468,1.832,train,6.965731263160706
JVASP-111659,Li2Mn3F8,3.303318500518799,4.673267602920532,3.272,train,7.677430868148804
JVASP-111891,Li8CoO5F,4.529505729675293,4.706302180886269,4.577,train,8.206703543663025
JVASP-48888,Li3VF6,4.042261600494385,4.7307056585947675,4.021,train,6.3194074630737305
JVASP-133447,TbLiW2O8,1.2954403162002563,3.4830873012542725,1.282,train,4.267656564712524
JVASP-116134,Li2PH,1.7773423194885254,2.284065008163452,1.793,train,3.1730751991271973
JVASP-48260,Li3Fe4O8,3.104093074798584,4.204355001449585,3.15,train,4.97528338432312
JVASP-102719,LiPrS2,1.8381160497665405,3.729380607604981,1.798,train,8.988027334213257
JVASP-50671,LiCuF3,4.4492621421813965,5.643306493759155,4.507,train,6.529307126998901
JVASP-120690,Li2VCrO4,2.572573661804199,3.120979070663452,2.588,train,3.950910806655884
JVASP-16731,Li2SnGe,0.21349263191223145,0.6899195909500122,0.299,train,1.8134257793426511
JVASP-50873,Li2H2SeO5,4.392763614654541,5.22803807258606,4.408,train,6.287046432495117
JVASP-141853,Li2Ni3O6,3.690114974975586,3.964455604553222,3.679,train,4.680276870727539
JVASP-86723,LiBH2,0.40147414803504944,0.384690523147583,0.461,train,1.015233278274536
JVASP-63134,Li6CuB4O10,2.450194835662842,4.844118595123291,2.457,train,6.019134759902954
JVASP-78562,LiMg,0.2427913248538971,0.5490436553955078,0.263,train,3.4703450202941895
JVASP-132895,Li4Ni3SbO8,3.056023597717285,3.6628568172454834,3.057,train,4.391631603240967
JVASP-42298,Li6FeO3F3,5.00373649597168,4.9346817334493,5.076,train,7.811006307601929
JVASP-143557,Li4MnCo2O7,3.402630567550659,4.214714765548706,3.412,val,6.02410626411438
JVASP-46771,LiMn2OF3,2.7217178344726562,2.995652914047241,2.664,train,3.501603841781616
JVASP-44441,Li4CrO4,3.3955583572387695,3.552469849586487,3.345,train,5.72683310508728
JVASP-146147,Li7Mn2Co3O12,3.40122389793396,4.284635509763445,3.409,test,6.627214670181274
JVASP-43529,LiV2F7,3.600971221923828,3.697840929031372,3.548,train,4.356107950210571
JVASP-41751,Li2LaSn,0.08661720901727676,0.5546538829803467,0.152,train,1.9625189304351809
JVASP-113553,LiCaN,1.1017674207687378,0.6499130725860596,1.14,train,1.219219207763672
JVASP-120744,Li4Cr3CoP4O16,2.821511745452881,3.1871488094329834,2.814,train,3.6988909244537354
JVASP-42794,Li4VCr3O8,2.6965417861938477,3.1891229152679443,2.709,train,4.503051519393921
JVASP-68939,Ba2LiBi,-0.6626915335655212,0.2234144210815429,-0.655,train,2.040706515312195
JVASP-79812,LiWO2,1.072301983833313,2.4403436183929443,1.087,train,6.393207311630249
JVASP-118638,Li2Sb,1.0564836263656616,1.416407823562622,1.128,train,2.1068652868270874
JVASP-109224,Li2CoO2,3.1729018688201904,3.451682448387146,3.178,train,5.808108568191528
JVASP-141636,LiMnPO4,3.067563056945801,3.983926057815552,3.086,train,5.728752851486206
JVASP-136944,NaLiPt,1.0031719207763672,1.1070863008499146,1.494,val,3.661029219627381
JVASP-112453,LiVSi2O6,2.6933786869049072,3.677269220352173,2.71,train,4.723963499069214
JVASP-43857,Li2VO2F,3.2413899898529053,3.9112532138824463,3.261,train,7.303319215774536
JVASP-122265,LiVO2,2.4321506023406982,2.9292209148406982,2.452,train,4.336579084396362
JVASP-89888,LiP,1.167845368385315,1.5532286167144775,1.206,train,2.155153274536133
JVASP-148378,LiFeCo3O8,3.6549947261810303,4.193022966384888,4.067,test,4.3265602588653564
JVASP-44908,LiCrC2O6,3.2180261611938477,4.489958047866821,3.246,train,4.87847638130188
JVASP-136941,NaLiP,0.0829140916466713,0.5152320861816406,-0.072,val,1.1142432689666748
JVASP-10498,LiGaPdF6,4.481762409210205,5.414823293685913,4.463,train,5.610112428665161
JVASP-99124,Na4Li5B3O9,1.9860007762908936,4.323798704147339,2.014,train,6.321637868881226
JVASP-11158,Li2PdF6,4.180527210235596,6.141560971736908,4.176,train,7.568897843360901
JVASP-128891,BaLi,0.17423874139785767,0.7470462322235107,0.201,train,2.6777474880218506
JVASP-91531,LiAuF6,7.016414165496826,6.66763299703598,6.819,train,7.421751022338867
JVASP-141690,Li7Mn2Co3O12,3.4194135665893555,4.224770784378052,3.438,val,6.136261701583862
JVASP-52261,LiAgF4,4.084892749786377,6.513667583465576,4.156,train,6.722596526145935
JVASP-19665,LiGa,0.7211640477180481,0.9734286069869996,0.728,train,3.086573600769043
JVASP-120580,Li4Ti3V3O12,2.5841169357299805,3.1170177459716797,2.599,train,3.781262159347534
JVASP-117452,LiV2OF5,2.9349188804626465,2.855114221572876,2.914,train,3.1474297046661377
JVASP-1495,NaLi2Sb,1.7415553331375122,1.537648379802704,1.776,train,3.1682872772216797
JVASP-116310,LiSe,3.561189889907837,2.4338266253471375,3.41,train,3.848997831344605
JVASP-47955,Li2NiSnO4,3.072404146194458,3.710006475448608,3.098,train,5.148948431015015
JVASP-46469,LiMn2Fe3O8,3.0759177207946777,3.874475717544556,3.086,train,3.975900411605835
JVASP-22176,K2LiAlF6,2.181666135787964,4.975275039672852,2.158,train,5.866968631744385
JVASP-106959,LiMg,0.3032245934009552,0.5456836223602295,0.312,train,1.1182136535644531
JVASP-137392,Li4MnCo2O7,3.4033782482147217,4.165817737579346,3.419,train,5.77742600440979
JVASP-117397,Li2MnOF3,5.75777530670166,5.748115658760071,5.719,train,8.983883380889893
JVASP-39794,LiZrPt2,3.248002052307129,1.2239296436309814,3.23,train,2.948720216751098
JVASP-137384,LiCo2O4,4.151481628417969,4.3592283725738525,4.122,train,5.013285398483276
JVASP-118937,LiAuS,4.051395893096924,2.2621500492095947,3.891,train,2.727426052093506
JVASP-50980,Li3ZrNbTe2O12,3.2168056964874268,4.3049759070078535,3.207,train,4.802976846694946
JVASP-144876,Li5Fe3Sb2O10,2.8482460975646973,3.8416454792022705,2.849,train,5.563081979751587
JVASP-48902,Li2Co3O6,3.7063822746276855,4.11178183555603,3.764,train,5.041360139846802
JVASP-43068,Li2Cr3FeO8,3.528715133666992,4.521417856216431,3.522,train,5.067123174667358
JVASP-145895,Li7Co5O12,3.7221901416778564,4.332790340696063,3.732,test,5.706021547317505
JVASP-107791,LiMnO2,3.0037362575531006,3.3349759578704834,3.022,train,4.035213232040405
JVASP-112961,Li2In2GeS6,2.0121796131134033,2.873290538787842,1.98,train,3.608058214187622
JVASP-120610,Li3MnCoO5,3.396087884902954,4.3006813526153564,3.414,train,6.289691209793091
JVASP-99966,LiGaO2,3.352806568145752,4.7572290897369385,3.306,train,7.946348428726196
JVASP-41775,LiZnAu2,1.654308795928955,1.4220597743988037,1.613,train,1.882601618766785
JVASP-102099,Li2Ti2Sb2O,1.720382571220398,1.37821626663208,1.798,train,1.999560594558716
JVASP-109554,LiMg2Ni,0.15488258004188538,0.6645779609680176,0.136,train,1.7531282901763916
JVASP-18564,LiMg2Ge,0.019680984318256378,0.0954790115356445,0.056,train,0.3029441833496094
JVASP-147415,Li2VF5,5.598917007446289,5.788200616836548,5.529,test,7.092977285385132
JVASP-154099,Li2HN,2.5133328437805176,2.8430325984954834,2.638,test,7.22078013420105
JVASP-100375,LiHoSe2,1.2639456987380981,2.856487274169922,1.322,train,5.166698694229126
JVASP-48908,Li2NiO2F,5.338053226470947,5.1156628131866455,5.316,train,11.64061951637268
JVASP-52253,Li2CuPO4,3.1221961975097656,4.864990472793579,3.135,train,6.056835412979126
JVASP-142587,Li4Ti3Mn2Cu3O16,3.2642059326171875,4.8255932331085205,3.236,val,6.006578683853149
JVASP-106930,Li5FeS4,2.196661949157715,2.759777545928955,2.203,train,4.547468423843384
JVASP-57161,LiLuF4,3.1736671924591064,6.430205583572388,3.07,train,12.28439450263977
JVASP-144774,Li2CoP2O7,3.456798791885376,5.107465028762817,3.534,test,5.901024103164673
JVASP-136943,NaLi2P,1.5775049924850464,2.1906558871269226,2.395,val,3.670251727104187
JVASP-42946,Li4Ti3V3Cr2O16,2.5872080326080322,3.3947813510894775,2.585,train,3.84266209602356
JVASP-93174,LiMg6Cr,0.3855755031108856,0.6242361068725586,0.413,train,1.2286149263381958
JVASP-40490,LiTi3O4,1.1937811374664307,1.8789856433868408,1.223,train,2.233130693435669
JVASP-47037,Li5Mn3Co2O10,3.145181655883789,3.952202081680298,3.173,train,5.335918188095093
JVASP-47603,Li2VCo3O8,3.6456258296966553,4.046433210372925,3.639,train,4.694208383560181
JVASP-99151,LiFeSe2O6,3.6130852699279785,3.673133611679077,3.618,train,3.7178304195404057
JVASP-155665,Li2YSn2,0.8407204747200012,1.063126027584076,0.686,test,2.8370484113693237
JVASP-39698,Li5Cu4P6,1.3157137632369995,1.5439388751983645,1.321,train,1.9860761165618896
JVASP-147434,Li3Mn4SnO8,2.4820494651794434,2.2835500240325928,2.363,test,2.8909971714019775
JVASP-93476,Li2VO2F,2.8794760704040527,3.311448335647583,2.903,train,5.0595762729644775
JVASP-19002,LiP5,0.8101118803024292,1.8113133907318115,0.765,train,2.532857656478882
JVASP-119319,LiNiO2,3.429020881652832,3.964996576309204,3.43,train,4.933274984359741
JVASP-21113,LiSiNO,2.2673044204711914,4.520393133163452,2.266,train,6.46988844871521
JVASP-44652,Li4TiCo3O8,3.1285767555236816,4.016072511672974,3.146,train,5.529264211654663
JVASP-144051,Li4VO3F2,4.470480442047119,4.169418573379517,4.124,val,6.2459070682525635
JVASP-94410,Li2Mg,0.05446792393922806,0.0771400332450866,0.07,train,2.039801836013794
JVASP-112920,Li7Mn4CoO12,3.3610668182373047,4.061554738453457,3.37,train,6.688234567642212
JVASP-133696,Li4Ti3V3Cr2O16,2.588498592376709,3.3897016048431396,2.585,val,3.8479483127593994
JVASP-119538,Li2MgMn3O8,3.605588436126709,4.341176748275757,3.606,train,4.9641640186309814
JVASP-119348,LiCoNiO4,4.1492018699646,4.494394063949585,4.123,train,5.083441972732544
JVASP-20607,Li2Pt,2.0549352169036865,2.1458380222320557,2.012,train,5.957670211791992
JVASP-155781,Li2CaAu2,1.6479411125183105,1.344692379236221,1.15,test,3.0376378893852234
JVASP-120443,LiSmSn,-0.00939362496137619,0.726935625076294,0.014,train,1.070647120475769
JVASP-46794,LiMnO2,3.0490097999572754,3.4139392375946045,3.073,train,5.786804437637329
JVASP-48740,Li2VO2F,4.457607746124268,4.51144814491272,4.723,train,8.18552279472351
JVASP-8680,Li5NCl2,3.357666015625,5.979642152786255,3.35,train,16.15530228614807
JVASP-112741,Li2CoCuO4,3.4403557777404785,4.06904673576355,3.465,train,4.7578723430633545
JVASP-44662,Li2Mn3O6,3.2705647945404053,3.1308674812316895,3.301,train,4.168713808059692
JVASP-47934,Li2MnF4,6.998704433441162,6.701566576957703,7.04,train,9.379636526107788
JVASP-135393,LiS2,2.719930648803711,2.5149872303009033,2.325,val,3.2945005893707275
JVASP-2349,KLiTe,1.7487698793411255,2.403578996658325,1.631,train,6.962917447090149
JVASP-50745,LiSbTe3O12,3.6810085773468018,3.6766302585601807,3.644,train,4.167096853256226
JVASP-43681,LiV2OF5,2.9502809047698975,2.912259817123413,2.936,train,3.292431592941284
JVASP-40681,LiMnPO4,3.044590950012207,4.104064702987671,3.062,train,5.979090929031372
JVASP-50801,Li3CuS2,2.5153560638427734,2.995386004447937,2.486,train,5.303602933883667
JVASP-140705,Li4MnCo2O7,3.5188117027282715,4.158869028091431,3.521,train,5.6587746143341064
JVASP-154102,Li2MnF5,4.643649578094482,5.565559148788452,4.775,test,6.716968536376953
JVASP-43010,Li3Mn4O8,3.1954755783081055,3.1383674144744873,3.227,train,4.299298524856567
JVASP-102252,LiAl2FeO6,3.5815041065216064,4.1434338092803955,3.604,train,4.484741449356079
JVASP-48920,LiV2OF5,3.0378265380859375,3.2338993549346924,3.047,train,3.4084532260894775
JVASP-107425,LiFeF3,3.772274971008301,3.9882235527038574,3.791,train,5.0242297649383545
JVASP-48811,Li3CrCo3O8,3.5064334869384766,3.9190495014190674,3.511,train,4.853528261184692
JVASP-52221,Li2AgF3,5.797749042510986,6.51446270942688,5.781,train,9.79134750366211
JVASP-110339,Li2CuSbCl6,2.02662992477417,1.9005247354507449,1.982,train,3.211600422859192
JVASP-146334,LiCrP2O7,3.2890706062316895,3.832491159439087,3.191,test,4.065079927444458
JVASP-50110,LiCuTeO4,3.3869006633758545,4.051404237747192,3.409,train,4.364617347717285
JVASP-137698,Rb2LiOs2O6,2.996917247772217,1.9351141452789309,3.691,val,2.3183977603912354
JVASP-87104,NaLiTe,1.0328989028930664,2.30124568939209,1.004,train,5.128761887550354
JVASP-40329,Li3Pt,1.8391790390014648,2.903899590174357,1.948,train,15.6077983379364
JVASP-46918,LiVF4,3.832909345626831,4.1578209400177,3.837,train,5.469877481460571
JVASP-121438,Li5Co3O8,3.8736348152160645,4.44902663230896,3.848,train,5.773659944534302
JVASP-141533,Li2VC2O6,2.6814632415771484,2.845677614212036,2.314,val,3.4531633853912354
JVASP-145589,LiMnVO4,3.28507661819458,3.91681170463562,3.335,test,4.305737257003784
JVASP-130682,Li8I,0.21727672219276428,0.2156469002366066,0.232,train,2.600920617580414
JVASP-133673,Li2CrP2O7,3.179539442062378,4.349454641342163,3.267,test,5.196293592453003
JVASP-117421,Li3YNi2O6,3.079770803451538,4.122948884963989,3.036,train,5.058173418045044
JVASP-34433,LiMnFeF6,4.10161828994751,4.714473247528076,4.063,train,5.036215543746948
JVASP-13974,LiTi3Se6,1.4734047651290894,1.9680936336517336,1.405,train,2.488532304763794
JVASP-130703,Li8Pr,0.09416163712739944,0.034830167889595,0.103,train,3.2679154872894287
JVASP-8679,Li2MgBr4,2.2485435009002686,3.5799769461154938,2.283,train,8.260119676589966
JVASP-127336,LiCr,0.40980249643325806,0.8312644958496094,0.47,train,7.811369180679321
JVASP-43672,LiV4OF11,2.7974395751953125,3.1625993251800537,2.753,train,3.3691928386688232
JVASP-143257,Li5Mn5O9F,2.9675822257995605,3.6772172451019287,2.979,train,5.753884553909302
JVASP-55696,LiHSeO3,3.8058950901031494,4.756302833557129,3.814,train,5.814801216125488
JVASP-65391,BaLiRu2,1.0580189228057861,1.1680357456207275,1.108,train,3.212205648422241
JVASP-145954,LiV4CuO12,3.347656726837158,3.9158527851104736,3.297,test,4.074186086654663
JVASP-50409,Li8BiS6,1.9728493690490723,3.258110374212265,1.985,train,5.11028265953064
JVASP-106186,LiFe3O6,3.0909981727600098,4.186811685562134,3.152,train,4.703173875808716
JVASP-27532,LiInP2O7,2.9228086471557617,4.079725503921509,2.901,train,5.306199789047241
JVASP-43550,Li2TiNi2O5,3.1382675170898438,3.5204732418060303,3.117,train,4.280415773391724
JVASP-130727,Li8U,-0.03319009393453598,0.0588429272174835,-0.113,val,4.585829257965088
JVASP-121935,Li3V3O5F3,2.778046131134033,3.9435741901397705,2.769,train,5.221029043197632
JVASP-157341,LiMg2Ru,0.09471746534109116,1.1879050731658936,0.26,test,5.548161506652832
JVASP-102082,Na2LiTiF6,2.564748525619507,2.623101234436035,2.485,train,3.3459339141845703
JVASP-41906,LiEr2Ir,0.31982070207595825,0.4600789546966553,0.407,train,1.4801042079925537
JVASP-45244,Li7Mn5O12,3.1713738441467285,3.9892449038369313,3.193,train,6.805104970932007
JVASP-143933,Li3Fe2Si2O8,3.0875449180603027,3.9541985988616943,3.086,train,5.105089426040649
JVASP-46429,Li4AlCr3O8,2.7158191204071045,3.476066827774048,2.731,train,5.545272588729858
JVASP-111649,Li6Mn3CoO10,3.418592929840088,4.204898436864217,3.427,val,6.009127855300903
JVASP-115203,LiPS,0.1856166422367096,0.5510833263397217,0.15,train,1.0080511569976809
JVASP-65132,LiBe2Ni,-0.051709406077861786,0.6705648899078369,0.024,train,3.035278558731079
JVASP-44900,LiMn2O4,3.343108654022217,3.802088975906372,3.344,train,4.25616192817688
JVASP-143293,Li4CoNi3O8,3.403165340423584,3.934023857116699,3.427,train,4.980247259140015
JVASP-47371,Li4FeSi2O7,2.9236207008361816,4.8985981941223145,2.932,train,6.177776098251343
JVASP-145526,Li2TiV3O8,2.8347365856170654,3.8057048320770264,2.847,test,4.455724000930786
JVASP-54760,LiHO,4.031862258911133,4.672529458999634,4.061,train,9.115699529647827
JVASP-78363,LiS,2.7885539531707764,3.1439857482910156,2.772,train,7.323099374771118
JVASP-145667,Li2FeBPO7,3.175114631652832,4.989445447921753,3.179,test,5.728383302688599
JVASP-140713,Li3Fe2OF5,3.6929080486297607,4.495595216751099,3.703,train,6.293628215789795
JVASP-111929,Li4Co3CuO8,3.4181065559387207,3.9924020767211914,3.415,train,5.452903985977173
JVASP-40271,LiIn3,0.04243416339159012,0.6088130474090576,0.086,train,0.9555423259735109
JVASP-132469,LiS31,3.0905933380126953,2.403359651565552,3.956,val,2.403359651565552
JVASP-145149,Li5Mn3O8,3.4518632888793945,4.176482057571411,3.462,test,6.120362043380737
JVASP-53162,Li5TiAs3,2.0347142219543457,2.17390775680542,2.044,train,3.8510797023773193
JVASP-38315,LiCaO3,5.821698188781738,4.608594655990601,5.858,train,5.992967367172241
JVASP-22545,LiYSe2,2.156980276107788,2.6515605449676514,2.253,train,6.148145437240601
JVASP-15911,Li2SbPd,2.0940423011779785,1.159759759902954,2.128,train,2.025988817214966
JVASP-121450,Li7Mn4CoO12,3.595576286315918,4.022257907049997,3.656,val,6.799095392227173
JVASP-98077,Li2U3P4O20,2.2262167930603027,4.282061338424683,2.134,train,4.8280394077301025
JVASP-135320,Li2ScO3,5.57275915145874,4.929471254348755,6.184,val,7.232227563858032
JVASP-148363,LiMnGaF6,4.073965549468994,4.668554306030273,4.615,test,5.201510906219482
JVASP-42385,Li2FeF4,5.664682865142822,5.96928858757019,5.51,train,8.258803606033325
JVASP-80157,LiMg2In,-0.13384929299354553,0.507439136505127,-0.076,train,0.6076323986053467
JVASP-43598,LiMnF3,3.253138542175293,5.439992189407349,3.281,train,12.322213172912598
JVASP-141147,Li3Ti2Ni2O8,3.2676753997802734,4.474517107009888,3.253,train,5.865329027175903
JVASP-1375,Li3N,2.719363212585449,2.503448804219564,2.728,train,7.643685936927795
JVASP-112503,Li4Mn3O7,3.2940075397491455,4.100578784942627,3.304,train,6.238469839096069
JVASP-46539,LiMnAlO3,2.490628719329834,2.762856721878052,2.52,train,3.298298597335815
JVASP-115183,LiB3,0.27244463562965393,2.0969178676605225,0.253,train,6.041194677352905
JVASP-122407,Li7Mn2Co3O12,3.574815034866333,4.2439972673143656,3.58,train,5.55655312538147
JVASP-36866,Li2FeCuP2O8,3.2002737522125244,4.181979417800903,3.235,train,5.366908311843872
JVASP-139351,LiPN2,1.8574188947677612,1.905663251876831,2.133,val,3.304797887802124
JVASP-105795,LiGePt2,1.1389776468276978,1.2168216705322266,0.957,train,1.7756106853485107
JVASP-119690,Li2CrO2,2.4280855655670166,3.65800404548645,2.409,train,5.755359411239624
JVASP-101169,Li2MgZrO4,2.8170204162597656,3.7233846187591553,2.911,train,10.1201593875885
JVASP-126657,LiTm,0.03585744649171829,0.3457820415496826,0.008,train,3.137574851512909
JVASP-52232,Li3Cu4O4,3.982581615447998,4.228587468465169,3.986,train,5.548161268234253
JVASP-157346,LiNdMg2,-0.08052998036146164,1.6386165618896484,-0.399,test,4.666037082672119
JVASP-21138,LiTiAsO5,4.430630207061768,5.591954469680786,4.401,train,8.067227602005005
JVASP-143546,Li5MnCo2O8,3.713670253753662,4.453601217269897,3.746,train,5.861536264419556
JVASP-144291,Li7Mn5O12,3.58328914642334,4.1470357690538675,4.123,val,6.833181142807007
JVASP-10690,LiNdTiO4,2.197953701019287,4.681144952774048,2.19,train,8.767823934555054
JVASP-91590,LiSbS2,2.262147903442383,2.5550224781036377,2.274,train,3.375486135482788
JVASP-44442,Li3Al2FeO6,2.9079723358154297,4.538090467453003,2.912,train,5.791102647781372
JVASP-41736,LiHf2Re,-1.8805599212646484,1.7298882007598877,-1.876,train,7.174511194229126
JVASP-144351,LiMo6Se6S2,2.350980281829834,1.712099313735962,2.354,train,1.7729904651641846
JVASP-133595,LiNiPO4,3.372720241546631,4.483681917190552,3.376,val,5.9303882122039795
JVASP-137751,LiVCrO4,3.1889758110046387,4.334214925765991,3.189,val,4.913396120071411
JVASP-112755,LiCo4O8,4.415428161621094,4.557843446731567,4.388,train,4.872652292251587
JVASP-106456,Rb2LiPrF6,2.1249313354492188,7.362351655960083,2.157,train,14.47379732131958
JVASP-65763,BaLiBi2,-0.23492881655693054,0.8729424476623535,-0.258,train,2.5476781129837036
JVASP-1360,Li2O,4.601267337799072,4.890713810920715,4.592,train,15.649011611938477
JVASP-47126,LiCrSiO4,2.7769317626953125,3.988814115524292,2.761,train,4.543009519577026
JVASP-47967,LiVC2O6,3.9218404293060303,3.4321587085723877,3.892,train,3.663891553878784
JVASP-142546,Li2FeCo3O8,4.021673202514648,4.600381135940552,4.01,train,5.013166666030884
JVASP-119288,LiGaW2O8,3.989884376525879,4.236564874649048,3.988,train,4.7309300899505615
JVASP-79464,LiAg,1.3315553665161133,1.3152563571929932,1.372,train,4.971250772476196
JVASP-87025,Li2BeSiO4,3.0521364212036133,4.735074758529663,3.122,train,10.50141215324402
JVASP-70598,LiBe2Se,0.6065911054611206,0.5731208324432373,0.671,train,0.9907872676849364
JVASP-141033,Li2Co3SbO8,3.3156368732452393,4.230220079421997,3.314,val,5.092453241348267
JVASP-146092,LiCaCrF6,3.6514291763305664,6.34594464302063,3.476,test,7.948973417282104
JVASP-118981,Li2CoO3,4.1074652671813965,4.593618631362915,4.109,train,5.740902423858643
JVASP-102436,Li2MnCoO4,3.0846126079559326,3.1399080753326416,3.08,train,3.9505460262298584
JVASP-44653,Li7Ni5O12,3.634183406829834,4.322296925953457,3.659,train,6.534960031509399
JVASP-118559,LiSI,1.3974642753601074,1.9777946472167969,1.431,train,2.3249412775039673
JVASP-141687,Li7Co5O12,3.5497894287109375,4.250827210290091,3.587,val,5.8433544635772705
JVASP-93294,Li5Mg,-0.027046136558055878,0.2768211364746094,-0.017,train,1.8949474096298216
JVASP-40661,LiMnPO4,3.0610618591308594,4.229702711105347,3.104,train,6.420302629470825
JVASP-40530,LiYTl2,0.5226712822914124,1.5168378353118896,0.5,train,3.830091953277588
JVASP-146623,LiVP2HO8,3.178206443786621,4.658653974533081,3.035,test,6.229729890823364
JVASP-47042,Li2Ni3OF6,3.9695348739624023,4.671443700790405,3.953,train,5.6935999393463135
JVASP-133187,Li3MnCo2O6,3.2799172401428223,3.4603917598724365,3.278,val,4.832489252090454
JVASP-133207,Li7Mn2Co3O12,3.4028658866882324,4.269450971058437,3.416,val,6.646252393722534
JVASP-79430,LiTm2In,-0.5388696193695068,0.4825549125671386,-0.5,train,1.5029878616333008
JVASP-140701,Li3MnCoO5,3.5397162437438965,4.247963507970174,3.579,train,5.301842451095581
JVASP-145396,LiInTe6Mo6,0.6086827516555786,0.894416093826294,1.087,test,0.9994423389434814
JVASP-50769,Li3CuF6,4.894037246704102,6.449651002883911,4.895,train,7.5981764793396
JVASP-144545,Li7Mn2Co3O12,3.5574774742126465,4.245364700044904,3.522,val,5.523401498794556
JVASP-10487,Li4NpO5,2.2717278003692627,4.42494535446167,2.327,train,6.638733625411987
JVASP-143980,Li4Fe5O10,3.138277053833008,4.070970416069031,3.177,train,5.616841554641724
JVASP-66227,BaLiBi,-0.4384603500366211,-0.2226747274398803,-0.417,train,1.0496344566345217
JVASP-40309,LiCd2Pt,1.4752097129821777,0.9942240715026855,1.442,train,2.9536187648773193
JVASP-43974,Li2CoBO4,2.650334358215332,5.520655870437622,2.653,train,7.574725389480591
JVASP-40277,LiCa2Tl,-0.32096394896507263,0.5100308656692505,-0.271,train,1.7262372970581057
JVASP-23697,LiSn4Ir,0.14004850387573242,0.9537022113800048,0.164,train,1.6402829885482788
JVASP-50140,LiTiS2,1.920006513595581,2.0320799350738525,1.88,train,3.044193983078003
JVASP-91809,LiRuF6,4.922860622406006,5.417779207229614,4.892,train,6.453099966049194
JVASP-44787,LiFe3O2F6,4.1250410079956055,4.439549207687378,4.168,train,4.565844535827637
JVASP-146629,Li2VH2OF5,3.4593594074249268,3.981178998947144,3.409,test,4.650378704071045
JVASP-101171,LiZr2S4,1.8163268566131592,2.2332069873809814,1.832,train,2.8450381755828857
JVASP-39836,LiZn2Rh,1.4716145992279053,1.26332426071167,1.507,train,2.2522815465927124
JVASP-147712,Li2MnO2F,3.4057085514068604,4.4479944705963135,3.445,test,6.370439291000366
JVASP-101706,Li2MgZn,0.6598830223083496,0.7569231986999512,0.731,train,1.4853016138076782
JVASP-45909,Li2Ti4VO8,1.8924697637557983,2.5238161087036133,1.913,train,2.965232610702514
JVASP-110348,K2LiMoCl6,1.9385322332382202,2.436207056045532,1.857,train,3.04296350479126
JVASP-43732,LiMnF4,5.367682456970215,5.1276891231536865,5.312,train,6.0502965450286865
JVASP-50078,LiCuPO4,3.2975659370422363,4.4072425365448,3.293,train,5.036710500717163
JVASP-99375,Li2CaTl,-0.2105005979537964,0.4497976303100586,-0.213,train,1.0656836032867432
JVASP-48144,Li3P2WO8,2.7831485271453857,3.2148829301198325,2.75,train,3.94495701789856
JVASP-102114,LiMgPb2,1.5850458145141602,0.9574623107910156,1.505,train,1.8592565059661863
JVASP-40905,LiNbP2O7,2.0451207160949707,2.6335198879241943,2.0,train,2.9551498889923096
JVASP-123937,LiMg,0.3921656906604767,0.4732754230499267,0.405,train,1.6330655813217163
JVASP-46242,Li4Cr3FeO8,2.9339189529418945,3.3261454105377197,2.957,train,4.08511757850647
JVASP-38487,Li2CdHg,0.637092113494873,0.7945921421051025,0.652,train,1.918383836746216
JVASP-106261,LiPb3,1.0914803743362427,0.6096106171607971,1.033,train,1.104570388793945
JVASP-25621,LiFe2F6,4.231205463409424,3.842968225479126,4.237,train,4.587140798568726
JVASP-76702,LiCa2Sn,1.8175313472747803,1.3689149618148804,1.724,train,1.3689149618148804
JVASP-113171,Li2MnP2O7,3.1191954612731934,4.861975908279419,3.127,train,6.196594953536987
JVASP-120293,Li2YO3,5.8745551109313965,5.027265787124634,5.884,train,7.666087865829468
JVASP-57808,Li2MnF6,5.012402057647705,5.62433660030365,4.947,train,7.077862501144409
JVASP-46343,Li2TiVO4,2.5269033908843994,2.109546899795532,2.517,train,2.541701555252075
JVASP-68454,Li2BeCl,1.4991971254348755,1.9887900352478027,1.553,train,5.889758408069611
JVASP-121740,Li3MnV4O12,3.092888355255127,3.552955389022827,3.122,train,4.169841527938843
JVASP-40350,LiZn2Pt,1.2065660953521729,1.135806441307068,1.165,train,3.8162511587142944
JVASP-65632,BaLi4Cd,-0.08489712327718735,0.1659961342811584,0.013,train,1.8785667419433592
JVASP-109223,LiVF4,3.8678770065307617,4.051503658294678,3.855,train,4.965052366256714
JVASP-45768,LiVF5,4.5988874435424805,4.670514345169067,4.535,train,5.0506486892700195
JVASP-122350,Li4Mn3CrP4O16,2.9155848026275635,3.497253656387329,2.941,train,5.066612482070923
JVASP-48196,Li2Co2SiO6,3.383028745651245,3.778298377990722,3.362,train,5.005656480789185
JVASP-88749,LiAlMo2O8,3.410041570663452,3.916172742843628,3.443,train,4.112642049789429
JVASP-44355,Li3MnAl2O6,2.8017730712890625,4.592022180557251,2.803,train,6.756746053695679
JVASP-48233,Li4Mn5O10,3.151608467102051,3.0971481800079346,3.182,train,3.718907117843628
JVASP-144888,LiCoCO4,3.3641176223754883,4.458356142044067,3.215,test,5.4013917446136475
JVASP-43333,Li2Mn3CoO8,3.7016942501068115,4.10016131401062,3.695,train,4.901405572891235
JVASP-86485,LiGaTe2,1.8164019584655762,1.8867363929748535,1.76,train,2.3969072103500366
JVASP-42158,LiMnSiO4,2.9263756275177,4.154229402542114,2.915,train,5.47259783744812
JVASP-47635,LiSbTe3O12,4.3209919929504395,4.227677583694458,4.36,train,4.471630096435547
JVASP-116880,Li7MnO3F3,4.919976234436035,5.188113451004028,4.946,train,8.059651613235474
JVASP-147648,LiCo3O6,3.7509162425994873,4.514793634414673,4.182,test,5.606425046920776
JVASP-79795,LiNiO2,3.425842761993408,3.652029514312744,3.452,train,4.078896999359131
JVASP-91487,Li4Be3As3ClO12,4.5858330726623535,5.234132647514343,4.495,train,7.088608026504517
JVASP-115204,LiSbP,0.6456863880157471,0.6872262954711914,0.636,train,1.7507083415985107
JVASP-39342,LiHoSn2,0.13330936431884766,1.367784023284912,0.184,train,3.3132424354553223
JVASP-46829,LiV2OF5,2.97379994392395,3.2406961917877197,3.009,train,3.4210832118988037
JVASP-133604,LiCoPO4,3.1835012435913086,4.245105981826782,3.145,test,4.631947755813599
JVASP-3069,Li2CeP2,1.0725481510162354,2.156660795211792,1.064,train,4.174008846282959
JVASP-143113,Li4MnCo2O7,3.3901257514953613,4.175282955169678,3.423,val,6.463099718093872
JVASP-57139,SrLi2Nb2O7,3.5677454471588135,4.402344465255737,3.545,train,6.294214963912964
JVASP-135301,Li2MnO2,3.109436511993408,2.080272912979126,2.112,val,4.648427724838257
JVASP-137301,Li5Mn6O12,3.1340951919555664,3.6125949382781983,3.142,test,4.636735677719116
JVASP-54568,LiTl3Mo2O8,2.8155901432037354,3.323964357376098,2.812,train,3.6784651279449463
JVASP-116294,LiZrSe,0.13724467158317566,-0.54067063331604,0.139,train,-0.0227768421173095
JVASP-40904,Li2SnP2O7,3.57003116607666,4.627067804336548,3.586,train,5.459815263748169
JVASP-45803,Li8TiMn3O12,3.1436104774475098,4.481248140335083,3.174,train,6.308546781539917
JVASP-141437,Li4Cd5Sb5,1.2044346332550049,1.125185787677765,1.265,train,1.250619888305664
JVASP-50674,LiCu2PO4,2.981440544128418,3.151624917984009,3.029,train,3.5990912914276123
JVASP-107946,LiCa3,-0.6548364758491516,0.5697042942047119,-0.661,train,1.320594072341919
JVASP-45790,Li2VF6,4.280386924743652,4.5663001537323,4.245,train,5.322923421859741
JVASP-135359,LiSbS,1.6981993913650513,1.87211012840271,1.604,val,2.860645532608032
JVASP-97639,Li3Nd3W2O12,1.669273853302002,4.6528786818186445,1.729,train,9.819455862045288
JVASP-74338,LiBe2Pt,0.890321671962738,0.7153666019439697,0.85,train,2.181490659713745
JVASP-145995,Li7Mn2Co3O12,3.603104591369629,4.206636667251587,3.613,test,5.988678693771362
JVASP-146542,LiCoBO3,2.485553741455078,4.27632737159729,2.311,test,6.007418870925903
JVASP-55732,K2LiAlH6,0.5156083703041077,0.8039405345916748,0.553,train,1.2415244579315186
JVASP-43091,KLiZnS2,1.150765299797058,2.3952927589416504,1.115,train,3.9958654642105103
JVASP-157268,LiPr2Tc,-0.2842976748943329,0.6666343212127686,-0.372,test,2.762030839920044
JVASP-121715,Li3Ni3OF7,4.116931915283203,5.207038958867391,4.127,train,7.092835426330566
JVASP-46194,LiMn4O8,3.197628974914551,3.363991022109986,3.201,train,3.518965482711792
JVASP-106043,LiIn2CuTe4,1.2656641006469727,1.5335849523544312,1.284,train,1.6704342365264893
JVASP-34279,LiNbO3,2.9062767028808594,4.822062730789185,2.913,train,8.337867021560669
JVASP-144114,Li4V3CuP4O16,2.683634042739868,2.886763334274292,2.718,val,3.2672817707061768
JVASP-121189,LiSbTe,0.3305579721927643,0.9481546878814696,0.391,train,1.3144128322601318
JVASP-102842,Li3MnO4,4.835759162902832,4.715152343114217,4.974,train,5.4673683643341064
JVASP-102414,Rb2LiMoBr6,2.7559099197387695,2.3445746898651123,2.726,train,2.890709161758423
JVASP-138831,LiPdF4,4.420938014984131,5.535567283630371,4.84,val,5.94182014465332
JVASP-118459,Li2HN,2.573765277862549,2.6542320251464844,2.523,train,4.867860555648804
JVASP-59878,LiTi2S4,1.8911947011947632,2.3302481174468994,1.9,train,2.935500383377075
JVASP-50751,LiCu2PO4,2.9096031188964844,3.5613582134246826,2.938,train,3.831394910812378
JVASP-42143,Li2PmIn,-0.21113428473472595,0.5669224262237549,-0.134,train,1.3761752843856812
JVASP-34735,Li2CaTa2O7,2.594651460647583,4.031383275985718,2.615,train,7.284169435501099
JVASP-147172,Li3V2Ni2O8,3.1681737899780273,3.832982301712036,3.23,test,4.566731214523315
JVASP-142570,Li2FeP2O8,3.669792652130127,5.311071395874023,3.664,train,6.522688150405884
JVASP-50686,LiCuPO4,3.3730263710021973,5.458264112472534,3.387,train,6.211446046829224
JVASP-98542,Li2B4O7,2.9880192279815674,4.867994546890259,2.963,train,10.16387152671814
JVASP-141658,Li4Co2OF7,4.903784275054932,5.820576548576355,4.976,train,7.191138029098511
JVASP-79434,LiEr2Ga,-0.01159399002790451,-0.0236957073211669,0.01,train,0.3596804141998291
JVASP-142080,LiCoSiO4,3.0820579528808594,4.185163736343384,3.068,train,4.982299089431763
JVASP-111658,LiCoBO3,2.553138017654419,4.725126504898071,2.522,train,7.115875482559204
JVASP-141045,LiNiPO4,3.459900379180908,5.32416844367981,3.506,val,6.140551805496216
JVASP-144018,LiCo2O4,4.065638065338135,4.268028020858765,4.056,train,4.4771201610565186
JVASP-157415,LiLaMg2,0.002136446535587311,2.567586898803711,-0.241,test,8.919099688529968
JVASP-144037,Li4V3Ni3Sb2O16,3.0714263916015625,3.6684391498565674,3.037,val,4.0005128383636475
JVASP-118603,LiNbTe,0.6326497793197632,0.4888796806335449,0.658,train,1.0127151012420654
JVASP-63810,LiBC,1.9127668142318726,2.3169291019439697,1.946,train,7.258586645126343
JVASP-133205,Li7Mn2Co3O12,3.3987770080566406,4.196439504623413,3.416,val,5.9323341846466064
JVASP-137754,Li3Ni3O3F5,4.206223011016846,5.41418194770813,4.147,val,6.4538633823394775
JVASP-47597,Li2MnCo3O8,3.729524850845337,4.349978685379028,3.736,train,5.314857244491577
JVASP-48879,LiVTe3O12,3.5817041397094727,3.2648165225982666,3.518,train,3.5045340061187744
JVASP-76785,BaLi2Tl,-0.7044649124145508,0.0867722034454345,-0.695,train,0.8205657005310059
JVASP-48280,Li3Mn4O8,3.1557693481445312,3.8352768421173096,3.186,train,5.108455419540405
JVASP-120397,Li2AuO2,4.19948148727417,4.370445787906647,4.226,train,6.35480260848999
JVASP-47273,Li4MnF8,6.283422946929932,6.351661741733551,6.237,train,9.041905403137209
JVASP-17839,LiIn2Pd,0.5895123481750488,0.6593783497810364,0.56,train,0.9221304655075072
JVASP-78877,LiCoF2,4.178178787231445,4.648275852203369,4.194,train,6.945359945297241
JVASP-145870,Li3Fe4SbO8,2.4951634407043457,2.99897567431132,2.47,test,4.034013986587524
JVASP-94261,Li3As,1.8566558361053467,2.115030288696289,1.864,train,3.859830141067505
JVASP-117315,Li7Mn2Co3O12,3.528822183609009,4.216647795268467,3.557,train,5.810902833938599
JVASP-136031,LiMgBi,0.697205662727356,0.5243189334869385,0.616,train,1.7709115743637085
JVASP-43527,LiVF4,3.658017635345459,3.9543874263763423,3.66,train,4.585448503494263
JVASP-36558,Li2YAl,0.35929158329963684,0.4180474281311035,0.339,train,1.964571952819824
JVASP-47845,Li3FeSiO5,3.021287441253662,4.1871071656545,3.046,train,7.05098557472229
JVASP-45798,Li3Mn3Fe2O10,3.284904956817627,4.139852285385132,3.33,train,5.041278123855591
JVASP-121787,Li3Mn4B4O12,2.4046998023986816,3.128896474838257,2.422,train,3.673331499099731
JVASP-39685,Li2TlBi,1.0322099924087524,1.263561487197876,0.994,train,2.274638831615448
JVASP-113252,LiMnOF2,3.967759132385254,4.592855215072632,3.965,train,5.612703561782837
JVASP-137968,BaLiP,-0.04252275824546814,0.5722640752792358,-0.153,val,0.9732746481895448
JVASP-144288,Li4MnCo2O7,3.622338056564331,4.220156908035278,3.649,val,5.128812551498413
JVASP-120310,LiSb,1.0507045984268188,1.2775045037269592,1.064,train,2.761521339416504
JVASP-48653,LiMnF4,4.441709995269775,5.861708879470825,4.473,train,7.07339882850647
JVASP-78567,LiMg,0.3907618224620819,0.4717741012573242,0.406,train,1.618591070175171
JVASP-47333,LiVF4,3.854804277420044,4.116364002227783,3.835,train,4.428897142410278
JVASP-146770,Li7Mn2Co3O12,3.520359516143799,4.209539583751133,3.539,test,6.075483560562134
JVASP-107740,SrLiAlSb2,0.41047418117523193,0.974048376083374,0.409,train,1.1024391651153564
JVASP-142873,Li3MnFe3O8,3.1274971961975098,3.6192896366119385,3.175,train,4.415018320083618
JVASP-42994,LiVCrO4,3.185495376586914,4.334247827529907,3.188,train,5.011836767196655
JVASP-43951,LiFeF4,4.450862407684326,5.92941689491272,4.533,train,7.333575487136841
JVASP-34224,Li4CO4,2.5927627086639404,3.750213861465454,2.598,train,6.144795656204224
JVASP-119592,Li6Ti2O7,3.6437606811523438,4.773607492446899,3.658,train,7.579293489456177
JVASP-146398,Li5Ni9As7,1.5574597120285034,1.5951353549957277,1.925,test,2.206983804702759
JVASP-135337,LiTaO2,1.5716725587844849,2.152238130569458,0.984,val,2.8502190113067627
JVASP-16309,LiCdP,0.6092099547386169,1.364461064338684,0.653,train,2.813031315803528
JVASP-119280,LiTiCoO4,3.5452873706817627,4.515104055404663,3.513,train,5.020956754684448
JVASP-47891,Li3Ti2Mn3O10,2.9752280712127686,4.389036417007446,2.981,train,6.49999213218689
JVASP-50661,Li2Ag3F6,5.223257064819336,5.949689865112305,5.245,train,6.441856861114502
JVASP-43602,LiFeF4,4.510858058929443,5.902548551559448,4.513,train,6.604306936264038
JVASP-116683,Li4SiGe3O10,3.433274984359741,5.393782377243042,3.396,train,6.667713403701782
JVASP-133566,Li2VOF3,3.2207837104797363,4.071160078048706,3.251,val,6.581132173538208
JVASP-92768,LiNO3,3.7905561923980713,5.0235161781311035,3.891,train,5.353051424026489
JVASP-47085,LiFeSi2O6,2.677560329437256,4.754721403121948,2.711,train,5.568877458572388
JVASP-93708,LiFeAs,1.2477693557739258,1.3122212886810305,1.254,train,2.1406757831573486
JVASP-119420,Li4MnCo2O7,3.4063284397125244,4.144027233123779,3.418,train,5.778423547744751
JVASP-142137,Li2CoO3,4.093221187591553,4.528254747390747,4.096,train,5.4798338413238525
JVASP-78547,LiMg,0.24258431792259216,0.5423569679260254,0.263,train,3.469752311706543
JVASP-109229,K2LiBiCl6,5.306705474853516,3.168213129043579,5.261,train,3.5332062244415283
JVASP-38797,LiMgPd2,1.7129790782928467,1.7653992176055908,1.773,train,3.513120651245117
JVASP-143275,LiFePO4,3.242220401763916,3.8745954036712646,3.368,test,4.380991220474243
JVASP-42881,LiSc2Ir,0.4246572256088257,0.7511107921600342,0.448,train,2.2064297199249268
JVASP-122357,Li2V2O5F2,4.275863170623779,5.140350103378296,4.263,train,6.916808366775513
JVASP-48548,Li3VO3F2,4.645334720611572,5.235266447067261,4.604,train,7.22367787361145
JVASP-51114,LiHg2Os,3.294299840927124,1.5086286067962646,3.379,train,2.8570960760116577
JVASP-157034,Yb2LiCa,-0.6753969788551331,0.9379875659942628,-1.967,test,4.931748628616333
JVASP-111653,Li7Mn2Co3O12,3.528736114501953,4.164592708860125,3.554,train,5.455844163894653
JVASP-52577,Li2AgF3,5.012689113616943,6.1552886962890625,5.024,train,7.266105651855469
JVASP-145758,Li4Co2OF7,4.791309833526611,5.786330699920654,5.022,test,7.386806011199951
JVASP-69124,BaLi2Fe,-1.0871915817260742,0.0991045832633972,-1.08,train,1.4050651788711548
JVASP-46517,Li3Al2VO6,2.6007602214813232,3.048140287399292,2.615,train,4.306929349899292
JVASP-138814,LiNbF,1.2550112009048462,6.514506578445435,3.598,val,12.590652585029602
JVASP-46766,Li2MnSi2O6,2.9176273345947266,4.565170526504517,2.902,train,6.86725115776062
JVASP-94125,LiMg6Co,0.7700251340866089,0.2955656051635742,0.768,train,0.6854023933410645
JVASP-50743,Li2CuF6,5.099678039550781,6.669756889343262,5.072,train,8.066550254821777
JVASP-71102,LiBeSi2,0.5065130591392517,0.3509342670440674,0.574,train,0.763848066329956
JVASP-116142,LiHS,1.459600806236267,2.7144126892089844,1.437,train,3.543187737464905
JVASP-147248,Li4MnCo2O7,3.3981571197509766,4.149550676345825,3.415,test,5.987578630447388
JVASP-146149,Li7Mn4CoO12,3.24334716796875,3.970547914505005,3.277,test,6.34130597114563
JVASP-46914,Li4V3OF11,4.083527565002441,4.548302352428436,4.033,train,6.343054533004761
JVASP-44514,LiCrPO4,2.93818998336792,3.032912492752075,2.95,train,3.4581925868988037
JVASP-112856,NaLiFe2Si4O12,2.7548155784606934,3.90885329246521,2.759,train,4.450589418411255
JVASP-15162,Li2GaPd,1.670554757118225,0.9985833168029784,1.654,train,2.4107147455215454
JVASP-88757,Li9S3N,3.1745026111602783,3.714436663521661,3.166,train,10.799705862998962
JVASP-151141,Sr3Li4Sb4,0.7285412549972534,1.3278620541095734,0.711,test,1.8325824737548828
JVASP-119591,LiCo2P2O8,3.762977123260498,4.435288667678833,3.755,train,4.622999906539917
JVASP-141568,Li4Fe3O2F6,4.136513710021973,4.803564369678497,4.082,train,8.354137659072876
JVASP-43192,Li2Co3WO8,3.060840129852295,3.860573053359986,3.05,train,5.062395811080933
JVASP-146579,Li2CrO3,3.4143214225769043,4.433155298233032,3.433,test,6.167779207229614
JVASP-143545,Li3MnCoO5,3.510643720626831,4.288586695988973,3.518,train,6.019973993301392
JVASP-66740,LiBeV,-0.1243058368563652,0.384568452835083,-0.076,train,1.6218149662017822
JVASP-119318,Li2CoNi3O8,4.0904765129089355,4.452673435211182,4.071,train,4.997974395751953
JVASP-107186,LiMg2Au,1.169636607170105,0.5308427810668945,1.236,train,0.88028883934021
JVASP-43015,Li2CoO2,3.175001621246338,3.721548557281494,3.184,train,5.865891695022583
JVASP-81154,LiSi2Ir,0.6386226415634155,1.4491970539093018,0.651,train,1.8960230350494385
JVASP-50405,Li2V3S6,1.5905207395553589,1.9922564029693604,1.631,train,2.667699098587036
JVASP-50800,Li3CuS2,1.8130953311920166,2.825292229652405,1.844,train,3.99933660030365
JVASP-1843,LiHoSe2,2.0894227027893066,1.9839136600494385,2.446,train,3.2535486221313477
JVASP-10004,LiCa4B3N6,1.9606314897537231,1.388918161392212,1.988,train,1.6918566226959229
JVASP-142649,Li6VCrP2C2O14,2.9685163497924805,3.394349972407023,2.965,val,4.924426794052124
JVASP-40663,Li5Mn2Co3O10,3.2097630500793457,4.122723817825317,3.24,train,5.493106126785278
JVASP-146733,Li2MnO2F,3.4013381004333496,4.374765634536743,3.412,test,6.6791346073150635
JVASP-141042,Li8Co3NiO8,3.3827016353607178,3.773733377456665,3.004,val,5.209623336791992
JVASP-111973,Li2VCrO4,2.5655791759490967,3.076995611190796,2.567,train,4.17376971244812
JVASP-144254,LiMn3CrO8,3.895094871520996,4.263947248458862,3.907,train,4.376710653305054
JVASP-140607,Li2MnSi3O8,2.7672371864318848,4.200191259384155,2.788,train,5.441182851791382
