rank,jid,formula,v_tier1,v_tier2,v_label,partition,max_voltage_tier2,ehull,q_grav,avg_voltage,max_voltage,score
1,JVASP-118606,Li2NiO2,3.790943145751953,3.727940320968628,3.787,train,5.133873224258423,0.0,512.5830532026275,4.423626672417314,5.133873224258423,0.6089534602013912
2,JVASP-19051,Li6WN4,3.3017430305480957,2.447288672129313,3.278,train,4.7447731494903564,0.0,571.2311772916424,3.934426557213457,4.7447731494903564,0.5414468878457894
3,JVASP-31181,Li3RuO4,3.707210779190063,4.061602830886841,3.723,train,4.998703718185425,0.0,432.5363632337156,4.339894305855424,4.998703718185425,0.533570091260686
4,JVASP-11735,Li2MnO3,3.4754905700683594,4.450660467147827,3.503,train,5.48360276222229,0.0,458.85779847336534,4.108174096733721,5.48360276222229,0.500560726910691
5,JVASP-49957,Li2RhO3,3.8634238243103023,4.235434293746948,3.804,train,5.227831125259399,0.0,325.2889220498029,4.496107350975663,5.227831125259399,0.4924067632829055
6,JVASP-26796,Li2MoF6,3.8566784858703618,3.99118435382843,3.763,train,4.675814628601074,0.0,239.49950102778845,4.489362012535723,4.675814628601074,0.4301177449452665
7,JVASP-112917,Li5Mn3O8,3.3093388080596924,4.031965208053589,3.341,train,5.049160718917847,0.0,409.16501198506484,3.9420223347250536,5.049160718917847,0.4283099262255135
8,JVASP-9699,LiCuO,3.544076919555664,4.006251811981201,3.516,train,5.234424829483032,0.0,309.89243813028537,4.176760446221025,5.234424829483032,0.4103033013596675
9,JVASP-148139,Li5Mn3O8,3.2729499340057373,4.0853188037872314,3.351,test,5.336187124252319,0.0017,409.16501198506484,3.9056334606710985,5.336187124252319,0.4088641439511076
10,JVASP-112912,Li4Co3O7,3.5441734790802,4.2038185596466064,3.566,train,5.106929063796997,0.0033,338.6597602988281,4.176857005745561,5.106929063796997,0.4087076239691765
11,JVASP-147246,Li5Mn3O8,3.273221492767334,4.061994123458862,3.347,test,5.301315546035767,0.0038,409.16501198506484,3.905905019432695,5.301315546035767,0.394924684614847
12,JVASP-21456,Li5Ni3N3,2.771810531616211,2.46740198135376,2.631,train,3.675880193710327,0.0,530.0814769530367,3.404494058281572,3.675880193710327,0.39414879331022173
13,JVASP-50374,Li2TiTeO6,3.8220975399017334,4.139992952346802,3.877,train,4.825274229049683,0.0,187.85290641525052,4.454781066567095,4.825274229049683,0.3858146776905575
14,JVASP-144773,Li4Mn3TeO12,3.709599494934082,4.362436532974243,3.679,val,5.192870378494263,0.0,209.31669120280017,4.342283021599443,5.192870378494263,0.37594257953972243
15,JVASP-137586,Li4MnCo2O7,3.5164906978607178,4.1298723220825195,3.561,val,5.297972917556763,0.0094,342.9884594584036,4.149174224526079,5.297972917556763,0.364936480081839
16,JVASP-137746,LiVF4,3.678700447082519,4.296277284622192,3.673,val,5.440396785736084,0.0,200.1961425422498,4.31138397374788,5.440396785736084,0.362591746654437
17,JVASP-141578,Li2CoNiO4,3.43721079826355,3.9306702613830566,3.438,train,5.072314977645874,0.0,274.17526448316494,4.069894324928911,5.072314977645874,0.3611717797230858
18,JVASP-117209,Li5Co4NiO10,3.4356257915496826,3.8839967250823975,3.442,train,5.458092927932739,0.0,273.9736416872988,4.068309318215044,5.458092927932739,0.36067556430250824
19,JVASP-141054,LiCoO2,3.43334698677063,3.8082435131073,3.455,val,5.022318601608276,0.0,273.83939115290286,4.066030513435991,5.022318601608276,0.36007241112926053
20,JVASP-45906,LiMnCoO4,3.834107398986816,4.455734968185425,3.838,train,5.053333520889282,0.0,145.02193909756704,4.466790925652177,5.053333520889282,0.35814467735331323
21,JVASP-43016,LiFeNiO4,3.8210699558258057,4.0664074420928955,3.797,train,4.5288002490997314,0.0,144.5002957839037,4.453753482491167,4.5288002490997314,0.35486853571015786
22,JVASP-143293,Li4CoNi3O8,3.403165340423584,3.934023857116699,3.427,train,4.980247259140015,0.0,274.3435103079438,4.035848867088945,4.980247259140015,0.3537009752947152
23,JVASP-144539,Li4MnCo2O7,3.523954153060913,4.170384645462036,3.677,val,5.136857748031616,0.0119,342.9884594584036,4.156637679726274,5.136857748031616,0.3499336983473027
24,JVASP-142144,Li4MnCo2O7,3.5243144035339355,4.170313596725464,3.522,train,5.318678140640259,0.012,342.9884594584036,4.156997930199297,5.318678140640259,0.3493473450633491
25,JVASP-145787,Li7Mn2Co3O12,3.5393877029418945,4.219548600060599,3.533,test,5.368142366409302,0.014,355.824412307483,4.172071229607256,5.368142366409302,0.34846920208698073
26,JVASP-145497,Li3Co2NiO6,3.429847717285156,3.911188840866089,3.443,test,5.2248852252960205,0.0017,274.0632151971424,4.062531243950517,5.2248852252960205,0.34811754725661403
27,JVASP-112763,Li3MnCoO5,3.5490663051605225,4.289084990819295,3.572,train,5.497422933578491,0.0167,374.51199258681135,4.181749831825884,5.497422933578491,0.34586782306965635
28,JVASP-113205,Li2CoNiO4,3.4366183280944824,3.90270733833313,3.441,train,4.842516660690308,0.0024,274.17526448316494,4.069301854759844,4.842516660690308,0.34503969583424265
29,JVASP-147090,Li3Co2NiO6,3.4309775829315186,3.916407823562622,3.442,test,5.243581056594849,0.0022,274.0632151971424,4.06366110959688,5.243581056594849,0.34503610348031405
30,JVASP-104729,Li2CoNiO4,3.424450635910034,3.855078935623169,3.439,train,4.857409477233887,0.002,274.17526448316494,4.057134162575395,4.857409477233887,0.3449937261761178
31,JVASP-46758,Li6VCoP2C2O14,3.122307300567627,3.778616348902384,3.115,train,5.220574617385864,0.0,348.46247592725257,3.754990827232988,5.220574617385864,0.34360339782750704
32,JVASP-145141,Li4Mn3O7,3.170151948928833,3.6598098278045654,3.183,test,4.687698125839233,0.0023,351.98653963755777,3.802835475594194,4.687698125839233,0.34143337626752834
33,JVASP-147595,Li5FeCo4O10,3.332711696624756,3.7682974338531494,3.368,test,5.022320985794067,0.0,275.5784613148823,3.965395223290117,5.022320985794067,0.33886921976889134
34,JVASP-144450,Li4Mn3O7,3.163367748260498,3.663796186447144,3.193,train,5.109536409378052,0.003,351.98653963755777,3.7960512749258593,5.109536409378052,0.33525425605678516
35,JVASP-96563,Li2MgMn3O8,3.663398265838623,4.230054140090942,3.636,train,4.385232210159302,0.0,161.944278694875,4.296081792503984,4.385232210159302,0.33207734263571087
36,JVASP-46142,Li2Mn3NiO8,3.6917295455932617,4.202050447463989,3.701,train,4.466922998428345,0.0,146.70279731916608,4.324413072258623,4.466922998428345,0.3275942528469559
37,JVASP-113084,Li3Mn8O16,3.775973081588745,4.104027509689331,3.765,train,4.372479200363159,0.0,112.24689456720064,4.408656608254106,4.372479200363159,0.32196192394777773
38,JVASP-46772,Li3VPCO7,3.004361629486084,3.719456752141317,3.015,train,4.922551870346069,0.0,354.6033142028363,3.637045156151445,4.922551870346069,0.32165989973956055
39,JVASP-119319,LiNiO2,3.429020881652832,3.964996576309204,3.43,train,4.933274984359741,0.0057,274.51196274536846,4.061704408318193,4.933274984359741,0.3215845033701548
40,JVASP-48209,Li2VP2O8,3.4482364654541016,4.435322046279907,3.442,train,5.167444944381714,0.0,210.40058560597194,4.080919992119463,5.167444944381714,0.31844291048565054
41,JVASP-140627,Li2VCo3O8,3.646622896194458,4.0536792278289795,3.639,train,4.746875047683716,0.0,145.022486434139,4.279306422859819,4.746875047683716,0.3163477165040147
42,JVASP-141341,SrLiVF6,3.774338722229004,3.4673197269439697,3.752,train,3.8350210189819336,0.0,103.28405662758875,4.407022248894365,3.8350210189819336,0.3152470353767691
43,JVASP-154702,Li3CaMnN3,2.4812581539154053,2.0240110556284585,1.864,test,3.1686885356903076,0.0,509.3429594043052,3.1139416805807665,3.1686885356903076,0.314679670663066
44,JVASP-45229,Li3VPCO7,2.9729995727539062,3.5706698894500732,2.996,train,4.965116262435913,0.0,354.6033142028363,3.6056830994192675,4.965116262435913,0.3146681174835454
45,JVASP-141222,Li4MnCo2O7,3.3981475830078125,4.171448469161987,3.413,train,5.472437143325806,0.013,342.9884594584036,4.030831109673174,5.472437143325806,0.31455334782695865
46,JVASP-142155,Li7Mn2Co3O12,3.3921167850494385,4.172643831798008,3.415,train,5.27863335609436,0.0142,355.824412307483,4.0248003117148,5.27863335609436,0.3143036409651213
47,JVASP-46753,Li6VCrP2C2O14,2.9730405807495117,3.3839341004689536,2.964,train,4.7239768505096436,0.0,353.7805895532084,3.605724107414873,4.7239768505096436,0.3140943264592802
48,JVASP-140998,LiVF4,3.651695728302002,4.2768237590789795,3.638,val,5.035380125045776,0.0064,200.1961425422498,4.284379254967363,5.035380125045776,0.3139047122800436
49,JVASP-142649,Li6VCrP2C2O14,2.9685163497924805,3.394349972407023,2.965,val,4.924426794052124,0.0,353.7805895532084,3.6011998764578417,4.924426794052124,0.3130857051817404
50,JVASP-122530,Li2Fe3CoO8,3.625564575195313,4.520043611526489,3.648,train,5.1422340869903564,0.0,145.52364017533657,4.258248101860675,5.1422340869903564,0.3120081119861845
51,JVASP-147333,Li5CoNi4O10,3.4055635929107666,3.885257005691528,3.444,test,4.490252256393433,0.0065,274.377184254244,4.038247119576128,4.490252256393433,0.31092616199560646
52,JVASP-112847,Li2Mn3CrO8,3.608166933059693,4.017583608627319,3.603,train,4.296208620071411,0.0,149.441986230218,4.2408504597250545,4.296208620071411,0.31090582763249686
53,JVASP-44365,KLi4CrO5,3.781742572784424,4.110251188278198,3.727,train,5.4628260135650635,0.0474,539.1149822657289,4.414426099449785,5.4628260135650635,0.30970123699958707
54,JVASP-141792,LiMn2O4,3.596930980682373,4.065204858779907,3.598,train,4.423746347427368,0.0,148.22623848267588,4.229614507347734,4.423746347427368,0.3075395053622952
55,JVASP-113175,LiCoP2O7,3.70661735534668,5.01925253868103,3.695,train,5.362108469009399,0.0,111.75781266051338,4.339300882012042,5.362108469009399,0.3061533894225752
56,JVASP-110313,LiNiO2,3.4278621673583984,3.750131607055664,3.452,train,4.280832529067993,0.0081,274.51196274536846,4.06054569402376,4.280832529067993,0.30532618236420817
57,JVASP-141833,LiCoC2O6,3.5892553329467773,4.611676931381226,3.573,train,4.988304853439331,0.0,144.17770577539451,4.2219388596121386,4.988304853439331,0.3029597677316684
58,JVASP-43225,Li2MnCr3O8,3.564171314239502,4.087849378585815,3.539,train,4.363494634628296,0.0,151.93430871626367,4.196854840904863,4.363494634628296,0.3028634590744551
59,JVASP-146397,LiCaVF6,3.639951229095459,3.5398590564727783,3.127,test,4.104115724563599,0.0,126.45135705130318,4.27263475576082,4.104115724563599,0.3017019645852271
60,JVASP-148272,Li3Co2NiO6,3.413461685180664,3.797471284866333,3.449,test,4.65823769569397,0.0082,274.0632151971424,4.046145211846025,4.65823769569397,0.30113115094042053
61,JVASP-144040,Li5Ni7O12,3.3662633895874023,3.7508504390716553,3.409,val,5.468547105789185,0.0,210.19068386865555,3.9989469162527636,5.468547105789185,0.3000193043686263
62,JVASP-111149,LiNiO2,3.4288547039031982,3.740348100662231,3.452,train,4.353015661239624,0.009,274.51196274536846,4.0615382305685594,4.353015661239624,0.2995474560983143
63,JVASP-137589,Li7Mn4CoO12,3.260073661804199,3.958896807261876,3.263,test,5.4801647663116455,0.0127,361.29973385520753,3.8927571884695604,5.4801647663116455,0.29874574529486186
64,JVASP-119365,Li2Mn3FeO8,3.550526857376098,4.067006826400757,3.557,train,4.606609106063843,0.0,147.85542178061192,4.183210384041459,4.606609106063843,0.29693154216614437
65,JVASP-111963,LiVF4,3.846355438232422,3.981115341186523,3.835,train,4.4953320026397705,0.0155,200.1961425422498,4.479038964897783,4.4953320026397705,0.2966350178679469
66,JVASP-119272,Li3Co4O8,3.6344785690307617,3.9610888957977295,3.648,train,5.006159543991089,0.0097,209.08656658041372,4.267162095696123,5.006159543991089,0.29436558003299385
67,JVASP-144005,Li2Ni3SbO8,3.6189756393432617,4.6672446727752686,3.601,train,5.199036598205566,0.0,121.90321038517516,4.251659166008623,5.199036598205566,0.2938031731186573
68,JVASP-112809,Li2Mn3GaO8,3.553325891494751,3.967921018600464,3.551,train,4.459571123123169,0.0,142.4041481369784,4.186009418160112,4.459571123123169,0.2936931072315508
69,JVASP-119688,Li2CrCoO4,3.160001277923584,3.788896322250366,3.174,train,4.688725709915161,0.0019,283.90062196075144,3.792684804588945,4.688725709915161,0.2935954865285558
70,JVASP-146890,Li2Mn3GaO8,3.5524721145629883,3.971097230911255,3.551,test,4.472677946090698,0.0,142.4041481369784,4.1851556412283495,4.472677946090698,0.29350276823519383
71,JVASP-122192,LiGeRhO4,3.6566474437713623,4.03522515296936,3.652,train,4.481458902359009,0.0,108.73513285891913,4.2893309704367235,4.481458902359009,0.29287152703796887
72,JVASP-144854,Li3Co4O8,3.6234726905822754,3.981501817703247,3.648,test,5.025244951248169,0.0098,209.08656658041372,4.256156217247637,5.025244951248169,0.2912452890295969
73,JVASP-140539,Li2Ni3SbO8,3.617188453674317,4.659117698669434,3.601,val,5.197263956069946,0.0005,121.90321038517516,4.2498719803396785,5.197263956069946,0.29007140886751015
74,JVASP-141438,Li3CoNi2O6,3.4356284141540527,3.711827278137207,3.45,train,4.511779308319092,0.0107,274.28740542816956,4.068311940819414,4.511779308319092,0.2895651297790533
75,JVASP-113207,Li3Cr2CoO6,3.069244623184204,3.736881971359253,3.081,train,5.349944829940796,0.0,287.4206974372243,3.7019281498495653,5.349944829940796,0.28852319463688914
76,JVASP-140216,Li4MnCo2O7,3.3974626064300537,4.157258987426758,3.419,train,5.4416749477386475,0.0169,342.9884594584036,4.030146133095415,5.4416749477386475,0.2884006407796161
77,JVASP-133667,Li4MnTe3O12,3.457634925842285,4.025698900222778,3.635,val,4.507801294326782,0.0,163.05211555604583,4.090318452507646,4.507801294326782,0.2869899001614247
78,JVASP-119538,Li2MgMn3O8,3.605588436126709,4.341176748275757,3.606,train,4.9641640186309814,0.0049,161.944278694875,4.23827196279207,4.9641640186309814,0.28652269017606163
79,JVASP-43658,Li2CrPCO7,3.197528839111328,4.101026773452759,3.214,train,5.237292051315308,0.0,242.7028899282619,3.8302123657766893,5.237292051315308,0.2854382209899843
80,JVASP-106890,Li2FeCoO4,3.2038934230804443,3.646528482437134,3.24,train,5.2485268115997314,0.0041,278.22888101788055,3.8365769497458055,5.2485268115997314,0.284695375380679
81,JVASP-12687,LiCrPO4F,3.472472667694092,3.726869344711304,3.483,train,5.161580324172974,0.0,155.00530490857054,4.105156194359453,5.161580324172974,0.2845963045101651
82,JVASP-59226,LiVP2O8,3.607938051223755,5.057759523391724,3.573,train,5.4010169506073,0.0,108.14670487743052,4.240621577889116,5.4010169506073,0.281595446329584
83,JVASP-116503,Li4Co3O7,3.697035074234009,4.21217942237854,3.788,train,5.355645418167114,0.0277,338.6597602988281,4.32971860089937,5.355645418167114,0.28011955736849337
84,JVASP-140562,LiNiP2O7,3.583235502243042,4.774553537368774,3.38,val,4.856330156326294,0.0,111.86967182771596,4.215919028908403,4.856330156326294,0.27872618954337686
85,JVASP-116849,LiV2F7,3.5819997787475586,4.187010049819946,3.53,train,4.772046327590942,0.0,110.83565004992518,4.21468330541292,4.772046327590942,0.2777180545921743
86,JVASP-120713,Li2FeCoO4,3.2161498069763184,3.6813747882843018,3.247,train,5.055020570755005,0.0057,278.22888101788055,3.8488333336416796,5.055020570755005,0.2767611177577776
87,JVASP-141020,Li3V4NiO12,3.4827260971069336,3.672443469365438,3.502,val,3.8661234378814697,0.0032,169.17449949699318,4.115409623772295,3.8661234378814697,0.275588286174957
88,JVASP-120745,LiCoPO4,3.3919787406921387,4.541971445083618,3.394,train,5.293200731277466,0.0,166.62867076341504,4.0246622673575,5.293200731277466,0.27488679867350146
89,JVASP-139780,LiMnRhO4,3.541808605194092,4.256235837936401,3.53,train,4.5815699100494385,0.0,117.1484835982769,4.174492131859453,4.5815699100494385,0.273230824567735
90,JVASP-1789,LiRhO2,3.309966564178467,3.650009870529175,3.338,train,4.87114405632019,0.0,188.94867409150044,3.942650090843828,4.87114405632019,0.2724178124577258
91,JVASP-43333,Li2Mn3CoO8,3.701694250106811,4.10016131401062,3.695,train,4.901405572891235,0.0086,146.6065822285562,4.334377776772172,4.901405572891235,0.27241425478065595
92,JVASP-137727,LiFe2O4,3.4417309761047363,4.426626443862915,3.477,val,4.895420789718628,0.0,146.7540207892472,4.0744145027700975,4.895420789718628,0.27189646087508723
93,JVASP-43820,Li2CrP2O7,3.181647300720215,3.8894388675689697,3.203,train,5.4637839794158936,0.0,223.51198582751397,3.814330827385576,5.4637839794158936,0.26830010717086034
94,JVASP-133673,Li2CrP2O7,3.179539442062378,4.349454641342163,3.267,test,5.196293592453003,0.0,223.51198582751397,3.812222968727739,5.196293592453003,0.26783018618041293
95,JVASP-140219,Li7Mn4CoO12,3.2426950931549072,3.914507286889212,3.268,train,5.185136079788208,0.0168,361.29973385520753,3.8753786198202684,5.185136079788208,0.2675380752445621
96,JVASP-141013,LiFeO2,2.9696056842803955,3.4698784351348877,3.048,val,4.669056177139282,0.0,282.76138538152856,3.6022892109457567,4.669056177139282,0.26300861828976757
97,JVASP-112405,LiMn2O3F,3.402700901031494,3.7531683444976807,3.405,train,4.300049543380737,0.0,145.80786063609276,4.035384427696855,4.300049543380737,0.262524796637652
98,JVASP-137387,Li2Mn3CoO8,3.70163369178772,4.208172559738159,3.695,train,4.90607762336731,0.0101,146.6065822285562,4.334317218453082,4.90607762336731,0.2624007540531851
99,JVASP-13178,LiCrP2O7,3.499696969985962,4.1917173862457275,3.532,train,5.164366960525513,0.0,115.08687978475645,4.132380496651323,5.164366960525513,0.26238182830022644
100,JVASP-122408,Li7Mn4CoO12,3.2487008571624756,3.943101099559239,3.272,train,5.2959253787994385,0.018,361.29973385520753,3.881384383827837,5.2959253787994385,0.2608769859729152
101,JVASP-142664,Li3Co4O8,3.627192258834839,4.111046075820923,3.659,val,4.917060136795044,0.0145,209.08656658041372,4.2598757855002,4.917060136795044,0.26074118738634045
102,JVASP-112435,LiMn2O3F,3.394169330596924,4.412673234939575,3.41,train,5.2978222370147705,0.0,145.80786063609276,4.026852857262285,5.2978222370147705,0.2606227886383115
103,JVASP-48978,LiMn2O3F,3.3914496898651123,3.688547372817993,3.382,train,4.397366762161255,0.0,145.80786063609276,4.0241332165304735,4.397366762161255,0.26001647840892195
104,JVASP-119722,LiMn2O3F,3.390805244445801,3.902026891708374,3.412,train,4.359998941421509,0.0,145.80786063609276,4.023488771111162,4.359998941421509,0.2598728072815405
105,JVASP-142598,LiMn2O2F3,3.4395222663879395,4.141525983810425,3.47,val,4.756632089614868,0.0,130.22369256663313,4.072205793053301,4.756632089614868,0.25969165911926134
106,JVASP-47298,Li4Mn5O9F,3.1075010299682617,3.7728607654571538,3.143,train,5.277625322341919,0.0,230.32885136954488,3.740184556633623,5.277625322341919,0.2566001354061942
107,JVASP-47593,LiFeCoO4,3.828007936477661,4.599231004714966,3.827,train,5.279218435287476,0.015,144.313718967157,4.460691463143022,5.279218435287476,0.25628307547667833
108,JVASP-147112,LiVP2O8,3.484525680541992,4.869308710098267,3.627,test,5.213579416275024,0.0,108.14670487743052,4.117209207207353,5.213579416275024,0.2540821862499223
109,JVASP-116502,Li3Co2O5,3.7901902198791504,4.374833504358928,3.903,train,5.342182397842407,0.0381,367.67008721179826,4.422873746544512,5.342182397842407,0.25210898482520117
110,JVASP-147136,Li4CuNi3P4O16,3.355541944503784,4.377882242202759,3.367,test,5.039966821670532,0.0023,165.62638464106783,3.9882254711691454,5.039966821670532,0.250720173033674
111,JVASP-122518,Li4Mn5O9F,3.069793462753296,3.4665712118148804,3.086,train,4.920116662979126,0.0,230.32885136954488,3.702476989418657,4.920116662979126,0.24819370015156386
112,JVASP-87262,Li3AlMo2As2O14,3.853477478027344,4.232699791590373,3.874,train,4.797977685928345,0.0157,131.05445749568312,4.486161004692706,4.797977685928345,0.2478998118319956
113,JVASP-141043,Li2Cr3NiO8,3.7397570610046382,4.755952596664429,3.73,val,5.398977518081665,0.014,150.33410390884148,4.372440587669999,5.398977518081665,0.24754098509183525
114,JVASP-46734,LiMn2F6,3.765871524810791,4.559797525405884,3.773,train,4.976856708526611,0.0113,116.12049128733942,4.398555051476152,4.976856708526611,0.24712117146908558
115,JVASP-145649,Li3Cr4O8,3.0796263217926025,3.5399558544158936,3.096,test,5.157181978225708,0.0,225.34713615689273,3.7123098484579637,5.157181978225708,0.24685607028592016
116,JVASP-141014,Li5Fe2Ni3O10,3.340589761734009,3.944791555404663,3.344,val,4.996661186218262,0.0143,277.75328830432187,3.97327328839937,4.996661186218262,0.24683315523291377
117,JVASP-97597,LiV2O5,3.335780382156372,3.4036500453948975,3.336,train,3.887017011642456,0.0,141.94121078222818,3.9684639088217333,3.887017011642456,0.24486601975553224
118,JVASP-45236,Li3V6O16,3.3456311225891113,3.7396565278371177,3.315,train,4.203336000442505,0.0,138.0422909415841,3.9783146492544725,4.203336000442505,0.24429958006055033
119,JVASP-118982,Li3Mn2O5,3.3408560752868652,4.060557762781779,3.354,train,5.49861216545105,0.0258,381.6133658832175,3.9735396019522264,5.49861216545105,0.24381486989155288
120,JVASP-48220,Li4Cr5O10,3.036301612854004,3.640649437904358,3.045,train,4.482919454574585,0.0008,239.43870237749138,3.668985139519365,4.482919454574585,0.2418484665573902
121,JVASP-116288,LiNiO2,3.4413352012634277,3.524616956710815,3.453,train,4.20476222038269,0.0183,274.51196274536846,4.074018727928789,4.20476222038269,0.2403298284642174
122,JVASP-137330,LiMnVF6,3.388108253479004,3.4078667163848877,3.445,test,3.5880038738250732,0.0,118.16660387492465,4.020791780144365,3.5880038738250732,0.23968661296016894
123,JVASP-139909,Li4Co3O7,3.542403221130371,4.199675798416138,3.567,val,5.498432874679565,0.0286,338.6597602988281,4.175086747795732,5.498432874679565,0.23964630021009137
124,JVASP-146930,Li2Co3O6,3.8363795280456543,4.1395416259765625,3.869,test,4.849552869796753,0.0224,186.97969682681503,4.4690630547110155,4.849552869796753,0.23904663294599887
125,JVASP-121769,LiVF4,3.624905586242676,3.966705322265625,3.633,train,4.451622009277344,0.0169,200.1961425422498,4.257589112908037,4.451622009277344,0.23793218179564019
126,JVASP-47240,LiVF4,3.6246166229248047,3.963709592819214,3.633,train,4.399346113204956,0.0169,200.1961425422498,4.257300149590166,4.399346113204956,0.2378677610015646
127,JVASP-43805,LiVF4,3.7184700965881343,3.859236001968384,3.731,train,4.538690090179443,0.0202,200.1961425422498,4.351153623253495,4.538690090179443,0.2367912309585391
128,JVASP-44367,Li2VBPO7,2.963709831237793,4.382929086685181,2.991,train,5.054195165634155,0.0,245.20570309540827,3.596393357903154,5.054195165634155,0.23508451110485556
129,JVASP-119709,Li4Mo3O8,2.9741926193237305,3.2933802604675293,3.007,train,4.583482027053833,0.0,241.6838423542953,3.6068761459890917,4.583482027053833,0.23492614002922682
130,JVASP-117258,Li2TiCr3O8,3.247939348220825,4.281503915786743,3.229,train,4.54100489616394,0.0,155.04172365115292,3.8806228748861864,4.54100489616394,0.23456518500462373
131,JVASP-113155,Li2TiCr3O8,3.2473559379577637,4.277622938156128,3.229,train,4.613470792770386,0.0,155.04172365115292,3.880039464623125,4.613470792770386,0.23443512090965432
132,JVASP-132865,Li4MnCo2O7,3.4055240154266357,4.185956954956055,3.425,train,5.447766542434692,0.0253,342.9884594584036,4.038207542091997,5.447766542434692,0.23419783210740783
133,JVASP-111645,Li4MnCo2O7,3.4047536849975586,4.190652847290039,3.424,train,5.333300828933716,0.0253,342.9884594584036,4.03743721166292,5.333300828933716,0.2340260964756766
134,JVASP-116864,LiVP2O7,3.3650341033935547,3.7102434635162354,3.387,train,3.88954758644104,0.0,115.61042207752968,3.997717630058916,3.88954758644104,0.23273136005822614
135,JVASP-48932,Li3VCrP4O14,3.1899635791778564,3.5409584840138755,3.187,train,3.910387754440307,0.0,170.47580458549254,3.8226471058432177,3.910387754440307,0.23257586740776257
136,JVASP-137374,Li3VCrP4O14,3.1899633407592773,3.541592200597127,3.181,train,3.939232587814331,0.0,170.47580458549254,3.8226468674246386,3.939232587814331,0.23257581425529222
137,JVASP-117085,LiVNiO4,3.257770538330078,3.103245496749878,3.212,train,3.3649961948394775,0.0,148.42422260803002,3.8904540649954393,3.3649961948394775,0.23206816352665632
138,JVASP-146629,Li2VH2OF5,3.4593594074249268,3.981178998947144,3.409,test,4.650378704071045,0.0235,301.4267715599846,4.092042934090288,4.650378704071045,0.2287516516182779
139,JVASP-11689,Li2VSiO5,3.0461981296539307,3.507579803466797,3.075,train,4.448652029037476,0.0107,310.01216107146206,3.678881656319292,4.448652029037476,0.22805888451794315
140,JVASP-42175,LiVF4,3.674574851989746,4.330078840255737,3.672,train,5.1544506549835205,0.0201,200.1961425422498,4.307258378655107,5.1544506549835205,0.22767199630733828
141,JVASP-147435,Li4VNi3P4O16,3.172356605529785,3.8507416248321538,3.184,test,4.983076810836792,0.0,168.91570663370447,3.8050401321951464,4.983076810836792,0.22754521896190727
142,JVASP-43512,LiVF4,3.852970123291016,4.038094758987427,3.834,train,4.316566467285156,0.0262,200.1961425422498,4.485653649956378,4.316566467285156,0.22677634667226473
143,JVASP-47306,LiVF4,3.852933168411255,4.000203609466553,3.834,train,4.376352548599243,0.0262,200.1961425422498,4.485616695076616,4.376352548599243,0.22676810803935885
144,JVASP-141033,Li2Co3SbO8,3.3156368732452393,4.230220079421997,3.314,val,5.092453241348267,0.0,121.70410044706466,3.9483203999106005,5.092453241348267,0.22603647350513414
145,JVASP-48324,Li4Mn7O2F14,3.221712112426758,3.6830259561538696,3.222,train,4.180156946182251,0.0,150.92905137863286,3.854395639092119,4.180156946182251,0.22580415506108337
146,JVASP-13166,LiCoP2O7,3.7048325538635254,5.015550374984741,3.695,train,5.316945791244507,0.012,111.75781266051338,4.337516080528887,5.316945791244507,0.22575549002946457
147,JVASP-42455,LiVF4,3.854041814804077,3.9986064434051514,3.834,train,4.375551462173462,0.0264,200.1961425422498,4.486725341469438,4.375551462173462,0.2256819336931967
148,JVASP-141834,LiVPO5,3.1907548904418945,2.9404242038726807,3.17,train,3.2620809078216553,0.0,158.72646488233735,3.8234384171072557,3.2620809078216553,0.22442740436155348
149,JVASP-43636,LiVF4,3.647613525390625,4.1902642250061035,3.655,train,5.07813286781311,0.0197,200.1961425422498,4.280297052055986,5.07813286781311,0.22432796901588348
150,JVASP-44908,LiCrC2O6,3.2180261611938477,4.489958047866821,3.246,train,4.87847638130188,0.0,149.76668066150248,3.850709687859209,4.87847638130188,0.22415883182607457
151,JVASP-116501,Li3Mn2O5,3.3711998462677,3.988243659337362,3.39,train,5.418180704116821,0.0298,381.6133658832175,4.003883372933061,5.418180704116821,0.22391297127999638
152,JVASP-143569,Li7Mn4CoO12,3.247039318084717,3.9161783286503384,3.269,val,5.136541128158569,0.0235,361.29973385520753,3.879722844750078,5.136541128158569,0.2238398997403139
153,JVASP-146578,Li4Mn2TeWO12,3.1599555015563965,3.967968702316284,3.365,test,4.28084921836853,0.0,167.22891751738936,3.7926390282217577,4.28084921836853,0.2235853889600429
154,JVASP-142650,LiNi2O3,3.1928679943084717,3.3377084732055664,3.181,val,3.679024219512939,0.0,155.52778664340326,3.825551520973833,3.679024219512939,0.22263210351495188
155,JVASP-146919,Li3Ni4O8,3.578767776489258,4.034528732299805,3.54,test,4.598898410797119,0.0188,209.60939228454137,4.211451303154619,4.598898410797119,0.2216493247997147
156,JVASP-122361,Li4Cu3NiP4O16,3.313565254211426,4.423005819320679,3.335,train,5.139840841293335,0.0051,163.1796813724537,3.946248780876787,5.139840841293335,0.2209617360644854
157,JVASP-59219,LiVP2O7,3.310096740722656,3.108634233474731,3.296,train,3.379628896713257,0.0,115.61042207752968,3.942780267388017,3.379628896713257,0.2204837552281335
158,JVASP-141440,Li2TiMn2NiO8,3.610960960388184,4.357235670089722,3.589,train,4.780014753341675,0.0137,149.5978641570246,4.243644487053546,4.780014753341675,0.22030583383152907
159,JVASP-143574,Li4FeCu3P4O16,3.217334508895874,4.3558876514434814,3.279,val,5.245394945144653,0.0021,163.89024236945426,3.8500180355612352,5.245394945144653,0.22001174365039122
160,JVASP-122506,LiNiAsO4,3.478532552719116,4.201618909835815,3.468,train,5.156773090362549,0.0074,131.02424675542798,4.111216079384477,5.156773090362549,0.21962241073144678
161,JVASP-141005,Li3Ni4O8,3.572190046310425,4.174132347106934,3.545,val,4.767163515090942,0.0189,209.60939228454137,4.204873572975786,4.767163515090942,0.21951623462830278
162,JVASP-144724,Li3Ni4O8,3.5958774089813232,4.024639129638672,3.608,train,4.59191632270813,0.0197,209.60939228454137,4.2285609356466844,4.59191632270813,0.2194637055301158
163,JVASP-46694,Li3Mn5OF11,3.177506923675537,4.244126796722412,3.148,train,5.37749457359314,0.0,154.47686295512196,3.8101904503408983,5.37749457359314,0.21846292162669972
164,JVASP-112758,Li3Ni4O8,3.595961093902588,4.024894952774048,3.608,train,4.6216113567352295,0.0199,209.60939228454137,4.228644620567949,4.6216113567352295,0.2181490287138786
165,JVASP-140988,LiV2OF5,3.28585147857666,3.3873465061187744,3.247,val,3.5978333950042725,0.0003,121.92721442754093,3.9185350052420214,3.5978333950042725,0.21755427369524255
166,JVASP-12712,LiVPO4F,3.2347559928894043,3.0881154537200928,3.259,train,3.29296612739563,0.0023,155.95652073552716,3.8674395195547655,3.29296612739563,0.21694095606655958
167,JVASP-46150,LiCoC2O6,3.5917391777038574,4.615349531173706,3.572,train,4.989137887954712,0.0131,144.17770577539451,4.224422704369219,4.989137887954712,0.21618017683453916
168,JVASP-146334,LiCrP2O7,3.2890706062316895,3.832491159439087,3.191,test,4.065079927444458,0.0,115.08687978475645,3.9217541328970507,4.065079927444458,0.21542528825815838
169,JVASP-117438,LiNiPO4,3.4970951080322266,4.230644464492798,3.479,train,4.749271631240845,0.0125,166.87745836361157,4.129778634697588,4.749271631240845,0.21516413394076228
170,JVASP-141595,Li3VCr2O6,2.712948799133301,3.2626473903656006,2.717,train,4.760299444198608,0.0,295.87314398008095,3.345632325798662,4.760299444198608,0.21508034766209394
171,JVASP-44460,LiCrO2,2.743197202682495,3.411992311477661,2.753,train,4.69234299659729,0.001,294.72937927827303,3.3758807293478563,4.69234299659729,0.21434678512356234
172,JVASP-48630,Li2Mn3OF6,3.093003511428833,3.564880609512329,3.098,train,4.679196119308472,0.0,173.64885571532173,3.725687038094194,4.679196119308472,0.21320805412382426
173,JVASP-47603,Li2VCo3O8,3.6456258296966553,4.046433210372925,3.639,train,4.694208383560181,0.0158,145.022486434139,4.2783093563620165,4.694208383560181,0.21079209953963846
174,JVASP-47333,LiVF4,3.854804277420044,4.116364002227783,3.835,train,4.428897142410278,0.0287,200.1961425422498,4.487487804085405,4.428897142410278,0.21051858196007273
175,JVASP-42834,LiCoO2,3.4379849433898926,3.8053600788116455,3.455,train,4.981189012527466,0.0226,273.83939115290286,4.070668470055254,4.981189012527466,0.21043971946849513
176,JVASP-43821,LiCrP2O7,3.2586264610290527,4.354292154312134,3.302,train,5.0335376262664795,0.0,115.08687978475645,3.891309987694414,5.0335376262664795,0.20863814301302688
177,JVASP-145688,Li4Mn3O7,3.168729066848755,3.8077268600463863,3.19,test,4.750676393508911,0.0222,351.98653963755777,3.801412593514116,4.750676393508911,0.2084494956577568
178,JVASP-45175,LiCr2O4,3.130631446838379,4.21856427192688,3.125,train,5.071753740310669,0.0,153.21190642877704,3.76331497350374,5.071753740310669,0.2071163422460633
179,JVASP-142079,LiCoCO4,3.456014633178711,4.322833776473999,3.457,train,5.373416185379028,0.0148,188.89914052548278,4.088698159844072,5.373416185379028,0.20627565805070594
180,JVASP-1855,LiCrO2,2.6755738258361816,3.253751039505005,2.747,train,4.7069103717803955,0.0,294.72937927827303,3.308257352501543,4.7069103717803955,0.20593765716478354
181,JVASP-2017,LiCoO2,3.417510509490967,3.8418333530426025,3.449,train,5.063126802444458,0.0227,273.83939115290286,4.050194036156328,5.063126802444458,0.2052085312572453
182,JVASP-111146,Li2MnCrO4,3.078951835632324,3.0983288288116455,3.112,train,5.354558229446411,0.0131,290.0377497475754,3.7116353622976854,5.354558229446411,0.20520825014256827
183,JVASP-97561,LiCuH4Cl3O2,3.202653646469116,3.8292503356933594,3.26,train,4.300512075424194,0.0,125.90151476100097,3.8353371731344774,4.300512075424194,0.20382229749645342
184,JVASP-141062,Li6CoNi5O12,3.5345001220703125,3.8564789295196538,3.445,val,4.80051851272583,0.027,274.39963814467103,4.167183648735674,4.80051851272583,0.20302020762433
185,JVASP-43576,Li2Fe3F8,3.5904881954193115,4.273020267486572,3.596,train,5.166321039199829,0.0168,160.77469511898778,4.223171722084673,5.166321039199829,0.20299424849096953
186,JVASP-146766,Li4MnCo3O8,3.334660291671753,3.6532785892486577,3.348,test,4.466000318527222,0.0206,276.6627160393659,3.967343818337114,4.466000318527222,0.20273853932066177
187,JVASP-48483,Li2Ni3TeO8,3.5732879638671875,4.146766185760498,3.607,train,4.508131742477417,0.012,120.30540334920309,4.205971490532549,4.508131742477417,0.20248556147523086
188,JVASP-146712,Li3MnCo3O8,3.50216007232666,3.8812105655670166,3.51,test,4.635954141616821,0.0193,211.2815985064093,4.134843598992021,4.635954141616821,0.20242207714625543
189,JVASP-122277,Li3MnCo3O8,3.5021231174468994,3.8818037509918217,3.51,train,4.656616449356079,0.0193,211.2815985064093,4.134806644112261,4.656616449356079,0.20241383851334965
190,JVASP-122355,LiCrPO4,3.0395617485046387,3.837920427322388,3.036,train,4.808826208114624,0.0,174.13910198849953,3.67224527517,4.808826208114624,0.20164123379055052
191,JVASP-147156,Li4MnCo3P4O16,3.0578701496124268,4.083854913711548,3.097,test,5.1432788372039795,0.0,167.66983433538275,3.690553676277788,5.1432788372039795,0.2011391308214892
192,JVASP-46733,Li4MnCo3P4O16,3.0577661991119385,4.147252321243286,3.09,train,5.3981616497039795,0.0,167.66983433538275,3.6904497257772997,5.3981616497039795,0.20111595634441254
193,JVASP-146723,LiCrPO4,3.035026788711548,4.230445146560669,2.857,test,5.259442090988159,0.0,174.13910198849953,3.667710315376909,5.259442090988159,0.20063022065184452
194,JVASP-117253,Li3MnCo3O8,3.5020530223846436,3.879503965377808,3.51,train,4.6171839237213135,0.0196,211.2815985064093,4.134736549050005,4.6171839237213135,0.200398211687064
195,JVASP-119256,Li3MnCo3O8,3.502020359039306,3.880814790725708,3.51,train,4.616451978683472,0.0196,211.2815985064093,4.134703885704667,4.616451978683472,0.20039092979862455
196,JVASP-139969,LiVP2O7,3.216932773590088,4.13811182975769,3.258,val,4.732732057571411,0.0,115.61042207752968,3.849616300255449,4.732732057571411,0.19971400221543825
197,JVASP-100454,Li2CoNiO4,3.438995122909546,3.936225175857544,3.438,train,5.0110132694244385,0.0244,274.17526448316494,4.071678649574907,5.0110132694244385,0.1989029061445888
198,JVASP-59220,LiVP2O7,3.212461471557617,4.105115652084351,3.165,train,4.613500356674194,0.0,115.61042207752968,3.8451449982229784,4.613500356674194,0.1987171807863182
199,JVASP-116506,Li4MnCo2O7,3.544889450073242,4.194628477096558,3.682,train,5.3745787143707275,0.0357,342.9884594584036,4.177572976738603,5.3745787143707275,0.19593429695042386
200,JVASP-107425,LiFeF3,3.772274971008301,3.9882235527038574,3.791,train,5.0242297649383545,0.0307,223.75363757481298,4.404958497673662,5.0242297649383545,0.19547778696361784
201,JVASP-47668,Li2CrNiP2O8,3.0234014987945557,3.5924203395843506,3.03,train,4.295439958572388,0.0,170.43096506256015,3.656085025459917,4.295439958572388,0.19541114319350594
202,JVASP-146088,LiMnPO4,3.0203256607055664,3.3974688053131104,2.976,test,4.3271472454071045,0.0,170.87288374783182,3.6530091873709276,4.3271472454071045,0.1950385401988703
203,JVASP-34813,LiMn2O4,3.5985894203186035,4.029366731643677,3.597,train,4.410949468612671,0.017,148.22623848267588,4.231272946983965,4.410949468612671,0.19457590061278174
204,JVASP-145534,LiVP2O7,3.188011646270752,3.8283069133758545,3.203,test,4.027057886123657,0.0,115.61042207752968,3.820695172936113,4.027057886123657,0.19326639495096257
205,JVASP-43159,Li2Fe3CoO8,3.629194021224976,4.5239880084991455,3.648,train,5.1745054721832275,0.018,145.52364017533657,4.261877547890338,5.1745054721832275,0.1928172520424656
206,JVASP-47029,Li2CoNiO4,3.4308907985687256,3.922393560409546,3.441,train,4.966123342514038,0.0252,274.17526448316494,4.063574325234087,4.966123342514038,0.19176281403879902
207,JVASP-146719,LiTiMnF6,3.282266616821289,3.0143892765045166,3.284,test,3.2244436740875244,0.0039,119.7904036650594,3.9149501434866503,3.2244436740875244,0.19124105744567413
208,JVASP-142673,Li4TiCo5O12,3.6475868225097656,4.21785306930542,3.61,val,5.0831568241119385,0.0238,190.65956773701683,4.280270349175127,5.0831568241119385,0.19023163875206855
209,JVASP-42516,Li2Mn3CuO8,3.362969875335694,4.726244211196899,3.408,train,5.243803262710571,0.0096,144.78000367581032,3.995653402001055,5.243803262710571,0.188938978688994
210,JVASP-40656,Li4Co3NiO8,3.435063362121582,3.807571649551392,3.459,train,4.8934485912323,0.0258,274.0072248911388,4.067746888786943,4.8934485912323,0.1885739726651553
211,JVASP-59909,Li3Co4O8,3.63915491104126,4.05386757850647,3.678,train,5.09306263923645,0.0258,209.08656658041372,4.271838437706622,5.09306263923645,0.1880747792532898
212,JVASP-45788,LiVP2O8,3.1871495246887207,4.7637717723846436,3.156,train,5.255865812301636,0.0,108.14670487743052,3.819833051354082,5.255865812301636,0.18778585410523763
213,JVASP-46911,Li3Co2NiO6,3.4288315773010254,3.9202167987823486,3.442,train,5.274229288101196,0.026,274.0632151971424,4.061515103966387,5.274229288101196,0.1858910114279425
214,JVASP-47584,Li2Co3SbO8,3.6047658920288086,4.381484270095825,3.599,train,5.110767602920532,0.016,121.70410044706466,4.23744941869417,5.110767602920532,0.18382754188095043
215,JVASP-119721,Li4VCr3O8,2.6779491901397705,3.2845733165740967,2.692,train,4.494039297103882,0.0035,295.5863713662241,3.3106327168051317,4.494039297103882,0.18374109499047186
216,JVASP-97788,LiCrP2O7,3.145913600921631,4.218755006790161,3.096,train,4.81980299949646,0.0,115.08687978475645,3.778597127586992,4.81980299949646,0.1835102063456836
217,JVASP-142631,LiV2NiO6,3.370758056640625,3.1712753772735596,3.323,val,3.2798655033111572,0.0062,101.70807510312974,4.003441583305986,3.2798655033111572,0.18282374355984388
218,JVASP-24369,LiV2F6,3.121347665786743,3.2601120471954346,3.105,train,3.537062406539917,0.0,120.28611728693325,3.7540311924521044,3.537062406539917,0.18171740252890212
219,JVASP-44667,Li2Mn3FeO8,3.547792673110962,4.002145528793335,3.557,train,4.493054151535034,0.0172,147.85542178061192,4.180476199776323,4.493054151535034,0.1816553229693964
220,JVASP-143976,Li2CrCuP2O8,2.9690797328948975,3.7692983150482178,3.002,train,4.67561411857605,0.0,167.84136201392732,3.6017632595602587,4.67561411857605,0.18146594093097776
221,JVASP-48174,LiMn2OF3,3.0533742904663086,3.955329179763794,2.984,train,4.8436439037323,0.0,141.20036550745425,3.68605781713167,4.8436439037323,0.18138215962796278
222,JVASP-43158,Li2MnFe3O8,3.4858837127685547,4.3837926387786865,3.498,train,4.878854990005493,0.0151,147.11932668584376,4.118567239433916,4.878854990005493,0.18133193400135775
223,JVASP-48807,LiMn2OF3,3.049320697784424,2.89574933052063,3.041,train,4.08324933052063,0.0,141.20036550745425,3.682004224449785,4.08324933052063,0.18047846132691236
224,JVASP-44514,LiCrPO4,2.93818998336792,3.032912492752075,2.95,train,3.4581925868988037,0.0,174.13910198849953,3.570873510033281,3.4581925868988037,0.17904165383326276
225,JVASP-116508,Li4MnCo2O7,3.5511999130249023,4.20718789100647,3.676,train,5.317229986190796,0.0385,342.9884594584036,4.1838834396902636,5.317229986190796,0.17867446986922964
226,JVASP-45789,LiVF4,3.645214080810547,4.232891082763672,3.644,train,4.989203691482544,0.0265,200.1961425422498,4.277897607475908,4.989203691482544,0.17845970922085325
227,JVASP-145896,Li4MnCo2O7,3.3974356651306152,4.123454332351685,3.423,test,5.394364595413208,0.0334,342.9884594584036,4.030119191795976,5.394364595413208,0.1783946345504655
228,JVASP-141004,Li2MnVP2H2O10,2.9907946586608887,3.2504703998565674,2.941,val,3.622092962265014,0.0,155.9499785454721,3.62347818532625,3.622092962265014,0.1778814950068332
229,JVASP-45925,Li2Mn3GaO8,3.5451366901397705,3.883050203323364,3.551,train,4.462752103805542,0.0173,142.4041481369784,4.177820216805132,4.462752103805542,0.17653409284631308
230,JVASP-46667,Li2VCrP4O14,3.1125543117523193,3.850639104843139,3.076,train,3.94489073753357,0.0,115.34805687015901,3.7452378384176805,3.94489073753357,0.17625822023404186
231,JVASP-122262,Li2Cr2CoO6,3.3804473876953125,3.9751155376434326,3.381,train,4.81051230430603,0.0177,196.4890654186912,4.013130914360674,4.81051230430603,0.1754733076324395
232,JVASP-142574,Li2VCl4,2.693866729736328,2.886639356613159,2.683,train,3.8637382984161377,0.0016,259.40829490683944,3.3265502564016893,3.8637382984161377,0.17432276899878002
233,JVASP-141232,LiCrPO4,2.9155726432800293,3.0596768856048584,2.812,val,3.3419225215911865,0.0,174.13910198849953,3.5482561699453905,3.3419225215911865,0.1739993978850894
234,JVASP-47677,LiCoPO4,3.6007909774780273,4.527501344680786,3.631,train,4.888177156448364,0.0222,166.62867076341504,4.2334745041433886,4.888177156448364,0.17343890156860495
235,JVASP-116870,Li2Cr2CoO6,3.3799455165863037,3.9771926403045654,3.381,train,4.850815057754517,0.018,196.4890654186912,4.012629043251665,4.850815057754517,0.17336142168233307
236,JVASP-111920,Li2VNiP2O8,2.9216055870056152,3.1582634449005127,2.971,val,3.811958551406861,0.0,171.00436106636246,3.5542891136709764,3.811958551406861,0.17312327894435287
237,JVASP-139827,Li3CuS2,2.4248480796813965,3.0681105852127075,2.444,train,4.8992167711257935,0.0229,541.4477140137869,3.0575316063467577,4.8992167711257935,0.17218457629710196
238,JVASP-43006,Li2Mn3TeO8,3.066555976867676,3.3907253742218018,3.089,train,3.5823729038238525,0.0,123.42627725285426,3.699239503533037,3.5823729038238525,0.1717272025177045
239,JVASP-46441,Li4CrFe3O8,3.026244640350342,3.413405656814575,3.033,train,4.277514219284058,0.0159,285.66132789588335,3.658928167015703,4.277514219284058,0.17169029730881757
240,JVASP-147389,Li2Mn3TeO8,3.065737724304199,3.443847417831421,3.107,test,3.7516701221466064,0.0,123.42627725285426,3.6984212509695604,3.7516701221466064,0.17154478323943106
241,JVASP-52207,LiTiP2O7,3.1381375789642334,3.143732786178589,3.177,train,3.2575008869171143,0.0018,117.16426769670241,3.7708211056295946,3.2575008869171143,0.17124855076898868
242,JVASP-42654,Li4TiTe3O12,3.820168256759643,4.2326085567474365,3.809,train,5.006577730178833,0.0297,164.82472726927344,4.452851783425004,5.006577730178833,0.17106818392183673
243,JVASP-117279,Li2Ni3SnO8,3.581648111343384,4.312237024307251,3.536,train,5.124040842056274,0.0173,122.75467031022289,4.214331638008745,5.124040842056274,0.1707514229070721
244,JVASP-119357,Li2Mn3TeO8,3.0619688034057617,3.2826836109161377,3.091,train,3.891479730606079,0.0,123.42627725285426,3.694652330071123,3.891479730606079,0.1707045489879898
245,JVASP-146589,LiCrP2HO7,3.0847280025482178,3.798805475234986,3.211,test,5.235059022903442,0.0,114.59091381352818,3.717411529213579,5.235059022903442,0.1695182230402864
246,JVASP-146625,Li3Co3NiO8,3.6353659629821777,3.913793802261353,3.634,test,4.513821840286255,0.0285,209.21702833950394,4.268049489647539,4.513821840286255,0.1693225175573768
247,JVASP-142076,LiCoPO4,3.4439332485198975,4.698756456375122,3.454,train,5.329172849655151,0.0176,166.62867076341504,4.076616775185259,5.329172849655151,0.16913607961359436
248,JVASP-119280,LiTiCoO4,3.5452873706817627,4.515104055404663,3.513,train,5.020956754684448,0.0194,150.7913979112501,4.177970897347124,5.020956754684448,0.16851038640743252
249,JVASP-119539,Li2MnPCO7,3.175454616546631,4.388728380203247,3.201,train,5.4951488971710205,0.0165,239.51246287710504,3.808138143211992,5.4951488971710205,0.16825650147373739
250,JVASP-105565,LiMnN2,2.4944703578948975,2.877883195877075,2.477,train,3.513712167739868,0.0,298.15054380945037,3.1271538845602587,3.513712167739868,0.16798691283124795
251,JVASP-40660,Li2CrFeP2O8,2.8954248428344727,3.095792531967163,2.911,train,3.678640127182007,0.0,171.98858069924992,3.528108369499834,3.678640127182007,0.16798396506425234
252,JVASP-117404,Li2Mn3TeO8,3.0474607944488525,3.3944122791290283,3.053,train,3.5311357975006104,0.0,123.42627725285426,3.6801443211142137,3.5311357975006104,0.16747016801415043
253,JVASP-55325,LiVP2O7,3.0707573890686035,3.626593351364136,2.992,train,3.811491727828979,0.0,115.61042207752968,3.7034409157339647,3.811491727828979,0.16712601002821353
254,JVASP-120598,Li4MnFe3P4O16,3.063997268676758,3.4908406734466553,3.093,train,4.296704530715942,0.0056,170.13505570010568,3.696680795342119,4.296704530715942,0.16691847054770761
255,JVASP-44525,Li4Fe3TeO12,3.750494718551636,4.566335916519165,3.752,train,5.38480019569397,0.0327,208.21058996170544,4.383178245216998,5.38480019569397,0.1662759464492891
256,JVASP-147153,Li2MgNi3O8,3.6348562240600586,4.077585697174072,3.701,test,4.400986909866333,0.0234,156.61364707961556,4.26753975072542,4.400986909866333,0.16593728255441487
257,JVASP-43012,LiCrFeO4,3.53207015991211,4.1971681118011475,3.532,train,4.598106622695923,0.0193,149.91344856888736,4.1647536865774715,4.598106622695923,0.16560837742680096
258,JVASP-119295,Li2Cr3P4O14,3.098440647125244,3.477712631225586,3.115,train,3.8862435817718506,0.0,103.52920019573011,3.7311241737906053,3.8862435817718506,0.16473762180227822
259,JVASP-108188,Li2MnFeO4,3.007638454437256,3.245161294937134,3.026,train,3.9249465465545654,0.0164,284.1206997931266,3.640321981102617,3.9249465465545654,0.16311734869143218
260,JVASP-22706,Li3VS4,2.9362597465515137,3.0153505007425943,2.941,train,4.514781951904297,0.0266,401.9729787267727,3.568943273216875,4.514781951904297,0.16270739260927042
261,JVASP-133577,Li2Mn3TeO8,3.0230255126953125,3.3705084323883057,3.055,test,3.7393782138824463,0.0,123.42627725285426,3.6557090393606737,3.7393782138824463,0.16202262447948673
262,JVASP-146762,Li4MnCo3O8,3.318924903869629,3.5806996822357178,3.325,test,4.8297789096832275,0.0262,276.6627160393659,3.95160843053499,4.8297789096832275,0.16189719609607892
263,JVASP-112500,Li4MnCo3O8,3.314303398132324,3.58014178276062,3.325,train,4.7847044467926025,0.0261,276.6627160393659,3.9469869247976854,4.7847044467926025,0.16153355527729912
264,JVASP-47675,LiCrCoO4,3.842236280441284,4.729568243026733,3.836,train,5.474829912185669,0.0304,147.36785379910572,4.474919807106645,5.474829912185669,0.158952418354946
265,JVASP-47472,LiCrPO4,2.845634937286377,3.887648344039917,2.859,train,5.041805028915405,0.0,174.13910198849953,3.478318463951738,5.041805028915405,0.15840765222986533
266,JVASP-145589,LiMnVO4,3.28507661819458,3.91681170463562,3.335,test,4.305737257003784,0.0123,151.57653283327403,3.9177601448599413,4.305737257003784,0.15838925356006953
267,JVASP-141233,Li4TiFe3O8,2.854159116744995,3.7488434314727783,2.897,val,4.746546030044556,0.0125,288.8392575636797,3.4868426434103563,4.746546030044556,0.15824431707262382
268,JVASP-48902,Li2Co3O6,3.7063822746276855,4.11178183555603,3.764,train,5.041360139846802,0.0303,186.97969682681503,4.339065801293047,5.041360139846802,0.1573986881208144
269,JVASP-112284,LiCuHSO5,3.5913026332855225,4.28769850730896,3.573,train,4.736698865890503,0.0221,146.0118117087325,4.223986159950884,4.736698865890503,0.1573823919141707
270,JVASP-46237,Li4CrFe3O8,3.0123379230499268,3.353637933731079,3.033,train,4.233742952346802,0.0176,285.66132789588335,3.645021449715288,4.233742952346802,0.15725663353189126
271,JVASP-142139,Li4MnCo3O8,3.3189687728881836,3.612550973892212,3.32,train,4.54145359992981,0.0269,276.6627160393659,3.951652299553545,4.54145359992981,0.1572403094839584
272,JVASP-144293,Li4Cr3CuP4O16,2.8458034992218018,3.353890180587769,2.899,val,3.7937629222869873,0.0,170.9322439975668,3.478487025887163,3.7937629222869873,0.15617304415426791
273,JVASP-116810,LiV2PO7,3.0488648414611816,3.2542545795440674,3.027,train,3.5280978679656982,0.0,106.44228211486642,3.681548368126543,3.5280978679656982,0.1557493445263109
274,JVASP-147447,Li2MnCr3O8,3.2166543006896973,4.0658814907073975,3.204,test,5.279048204421997,0.0106,151.93430871626367,3.8493378273550585,5.279048204421997,0.1547221768317015
275,JVASP-142849,LiVPO4,2.825174570083618,3.3950464725494385,2.811,train,3.748777151107788,0.0,175.34055738226039,3.4578580967489794,3.748777151107788,0.1546975457775465
276,JVASP-122265,LiVO2,2.4321506023406982,2.9292209148406982,2.452,train,4.336579084396362,0.0,298.1875135440977,3.0648341290060594,4.336579084396362,0.15411968944140536
277,JVASP-42829,Li3Co4O8,3.629631996154785,3.955729722976685,3.647,train,5.04371190071106,0.0306,209.08656658041372,4.262315522820146,5.04371190071106,0.15395176328219481
278,JVASP-140704,Li4MnCo2O7,3.5142900943756104,4.193340063095093,3.507,train,5.410417318344116,0.041,342.9884594584036,4.146973621040972,5.410417318344116,0.1537792161137551
279,JVASP-47444,Li2VCrP2H2O10,2.8778908252716064,3.1769988536834717,2.885,train,3.4599010944366455,0.0,157.2963025469354,3.5105743519369677,3.4599010944366455,0.15366490749750228
280,JVASP-122411,Li2V4CuNiO12,3.307652473449707,3.277745008468628,3.277,train,3.417468309402466,0.0085,100.78014320183796,3.9403360001150682,3.417468309402466,0.15276432497611736
281,JVASP-111889,Li3Co4O8,3.62106990814209,3.993730783462525,3.647,train,5.031202077865601,0.0305,209.08656658041372,4.253753434807451,5.031202077865601,0.15270961843331493
282,JVASP-111147,Li2VCrO4,2.619464874267578,3.137915849685669,2.64,train,4.355103254318237,0.0063,296.4483617831834,3.2521484009329393,4.355103254318237,0.15264682880459235
283,JVASP-50980,Li3ZrNbTe2O12,3.2168056964874268,4.3049759070078535,3.207,train,4.802976846694946,0.0079,123.29205713254862,3.849489223152788,4.802976846694946,0.15246175029227838
284,JVASP-120744,Li4Cr3CoP4O16,2.821511745452881,3.1871488094329834,2.814,train,3.6988909244537354,0.0,172.19872955819017,3.454195272118242,3.6988909244537354,0.15165485397184691
285,JVASP-132952,Li3Co4O8,3.627246856689453,3.979820489883423,3.648,val,5.013361692428589,0.0309,209.08656658041372,4.259930383354814,5.013361692428589,0.15142002596871937
286,JVASP-47969,LiNiPO4,3.36660099029541,4.279583215713501,3.345,train,5.043846368789673,0.0177,166.87745836361157,3.9992845169607714,5.043846368789673,0.15140541936734886
287,JVASP-143566,Li7Mn2Co3O12,3.580745220184326,4.260814496449062,3.58,val,5.354939699172974,0.0451,355.824412307483,4.213428746849687,5.354939699172974,0.1503560151770097
288,JVASP-146576,Li2VCrP2H2O10,2.86125111579895,3.3734490871429443,2.882,test,4.027146577835083,0.0,157.2963025469354,3.4939346424643114,4.027146577835083,0.14995529028617957
289,JVASP-48157,LiVP2O7,2.9936890602111816,3.329082727432251,3.028,train,3.399010419845581,0.0,115.61042207752968,3.626372586876543,3.399010419845581,0.14994458028948077
290,JVASP-142610,Li4Cr3NiO8,2.9576408863067627,3.744654417037964,3.021,val,5.02373480796814,0.0173,289.40088808888123,3.590324412972124,5.02373480796814,0.14971223403434777
291,JVASP-34840,LiFe2O4,3.442934513092041,4.426607370376587,3.477,train,4.952658891677856,0.0184,146.7540207892472,4.075618039757402,4.952658891677856,0.14949810787879475
292,JVASP-48185,Li3Mn8O4F12,3.0189359188079834,3.7404367923736577,3.066,train,4.3434717655181885,0.0,106.87734197228984,3.6516194454733446,4.3434717655181885,0.1493853190418309
293,JVASP-91859,LiMnO2,3.147756814956665,2.94427752494812,3.173,train,4.078599691390991,0.0234,285.49314655775396,3.7804403416220262,4.078599691390991,0.14866076900954023
294,JVASP-44446,Li2Mn3CuO8,3.3778371810913086,4.415395498275757,3.403,train,4.88840651512146,0.0164,144.78000367581032,4.01052070775667,4.88840651512146,0.14692012710233154
295,JVASP-144049,Li2Fe3O6,3.165649890899658,3.777579307556152,3.229,val,4.833890676498413,0.0145,193.22412948409203,3.7983334175650194,4.833890676498413,0.1466068610416498
296,JVASP-140985,Li5Co2Cu3O10,3.443615674972534,4.452584743499756,3.43,val,5.45859169960022,0.0316,266.3086327887329,4.076299201637895,5.45859169960022,0.1463591785077133
297,JVASP-141594,LiVSiO5,3.4358162879943848,4.253260850906372,3.487,train,5.334157705307007,0.0202,161.4887558287055,4.068499814659746,5.334157705307007,0.14635133556184798
298,JVASP-46888,Li4Cr3FeO8,2.947387218475342,3.2988250255584717,2.957,train,4.352118253707886,0.0177,291.6433970890169,3.580070745140703,4.352118253707886,0.1463485461999694
299,JVASP-137751,LiVCrO4,3.1889758110046387,4.334214925765991,3.189,val,4.913396120071411,0.0114,154.14117263381135,3.82165933767,4.913396120071411,0.14478191807083296
300,JVASP-145593,LiMnP2HO7,3.2172350883483887,3.5935795307159424,3.265,test,4.205849885940552,0.008,113.16744665950299,3.84991861501375,4.205849885940552,0.14471712063180397
301,JVASP-146938,Li3MnCo3O8,3.522047519683838,3.868486642837525,3.531,test,4.811114549636841,0.0287,211.2815985064093,4.154731046349199,4.811114549636841,0.1441890706421471
302,JVASP-88744,LiCu2O2,3.2318530082702637,4.038738012313843,3.258,train,4.673734903335571,0.0137,161.42378364332083,3.864536534935625,4.673734903335571,0.14416754555586495
303,JVASP-31180,LiMnO2,3.1468594074249268,2.98571515083313,3.17,train,4.310792684555054,0.0241,285.49314655775396,3.779542934090288,4.310792684555054,0.1437940364444408
304,JVASP-46239,Li4Cr3FeO8,2.9499871730804443,3.3607099056243896,2.958,train,4.332495450973511,0.0182,291.6433970890169,3.5826706997458055,4.332495450973511,0.14359484055590524
305,JVASP-46707,LiVPHO5,2.8280622959136963,2.991656541824341,2.848,train,3.134415864944458,0.0,157.78459733913286,3.4607458225790575,3.134415864944458,0.142902230150367
306,JVASP-137591,LiVF4,3.326225757598877,4.044994354248047,3.454,val,5.084073543548584,0.0212,200.1961425422498,3.958909284264238,5.084073543548584,0.1426785452763637
307,JVASP-146928,Li4Mn3Fe3Te2O16,2.9361865520477295,3.458486795425415,2.956,test,3.9606716632843018,0.0,123.04084757838659,3.5688700787130907,3.9606716632843018,0.1423898610461135
308,JVASP-46242,Li4Cr3FeO8,2.9339189529418945,3.3261454105377197,2.957,train,4.08511757850647,0.018,291.6433970890169,3.5666024796072557,4.08511757850647,0.14134596314936734
309,JVASP-18433,LiNiO2,3.422674655914306,3.757185935974121,3.452,train,4.255172967910767,0.0326,274.51196274536846,4.055358182579667,4.255172967910767,0.14083635758079502
310,JVASP-79795,LiNiO2,3.425842761993408,3.652029514312744,3.452,train,4.078896999359131,0.0328,274.51196274536846,4.058526288658769,4.078896999359131,0.14020931427359745
311,JVASP-46243,Li4Cr3GaO8,2.7681379318237305,3.3505656719207764,2.79,train,4.870696783065796,0.0116,281.03333139638437,3.4008214584890917,4.870696783065796,0.13953614869571634
312,JVASP-99278,LiCu2O2,3.216150999069214,4.2153565883636475,3.247,train,5.269799709320068,0.0139,161.42378364332083,3.848834525734575,5.269799709320068,0.13933364367713244
313,JVASP-116906,Li2VFeP2O8,2.763162612915039,2.8130362033843994,2.79,train,3.3769371509552,0.0,172.57252340057815,3.3958461395804003,3.3769371509552,0.13891148514633966
314,JVASP-40684,Li2VFeP2O8,2.7601611614227295,2.943126916885376,2.765,train,3.293068170547486,0.0,172.57252340057815,3.3928446880880907,3.293068170547486,0.13824234869698526
315,JVASP-145391,Li3FeIrO5,3.3467893600463867,3.7992692788441977,3.434,test,5.0230114459991455,0.0258,230.4631482373219,3.979472886711748,5.0230114459991455,0.13804166066805962
316,JVASP-47547,Li3Fe2CoO6,3.131051540374756,3.5807669162750244,3.168,train,4.91304612159729,0.0239,279.72348386060645,3.763735067040117,4.91304612159729,0.1375151652476142
317,JVASP-152754,LiVCuO4,2.9136903285980225,3.653719186782837,3.039,test,3.820135354995727,0.0026,144.53996153244398,3.5463738552633837,3.820135354995727,0.13527425348472005
318,JVASP-144810,Li2Co3TeO8,3.3010847568511963,3.921905755996704,3.32,val,4.131407976150513,0.013,120.11147459131719,3.9337682835165575,4.131407976150513,0.13499715367718457
319,JVASP-153950,LiVCuO4,2.9084417819976807,3.645402669906616,3.039,test,3.9288599491119385,0.0025,144.53996153244398,3.541125308663042,3.9288599491119385,0.13477082166889506
320,JVASP-140699,Li4MnCo3O8,3.317582368850708,3.571677923202514,3.32,train,4.777160882949829,0.0303,276.6627160393659,3.950265895516069,4.777160882949829,0.13426456120215188
321,JVASP-117063,Li2MnV3O8,3.085144281387329,3.83393931388855,3.078,train,4.24419093132019,0.0096,153.3091231439441,3.7178278080526903,4.24419093132019,0.13304442380621678
322,JVASP-46470,Li4Cr3GaO8,2.7377285957336426,3.28230881690979,2.784,train,4.325528860092163,0.0116,281.03333139638437,3.370412122399004,4.325528860092163,0.13275676371125733
323,JVASP-145645,LiCrCO4,3.004209518432617,3.994396448135376,2.979,test,4.870846509933472,0.0118,198.60981820136965,3.6368930450979784,4.870846509933472,0.13243170418599282
324,JVASP-146097,Li3MnNi3O8,3.464932680130005,3.9388763904571538,3.463,test,4.393657445907593,0.0286,211.68175182171723,4.097616206795366,4.393657445907593,0.1324062155609263
325,JVASP-43068,Li2Cr3FeO8,3.528715133666992,4.521417856216431,3.522,train,5.067123174667358,0.0244,151.54473141798795,4.161398660332353,5.067123174667358,0.13201624486692012
326,JVASP-48527,Li4Fe3CoO8,3.109361410140991,3.5135834217071533,3.137,train,4.5400049686431885,0.0241,280.4768230818318,3.7420449368063524,4.5400049686431885,0.1318800568273095
327,JVASP-141853,Li2Ni3O6,3.690114974975586,3.964455604553222,3.679,train,4.680276870727539,0.0337,187.45008096354584,4.322798501640947,4.680276870727539,0.13143871433541104
328,JVASP-132853,Li4Fe3CoO8,3.1131467819213867,3.5067617893218994,3.13,val,4.537559270858765,0.0243,280.4768230818318,3.745830308586748,4.537559270858765,0.13139062526587225
329,JVASP-140606,Li2Ni5O7,3.1550188064575195,3.224510669708252,3.16,train,3.661552906036377,0.0097,127.82550951441921,3.7877023331228807,3.661552906036377,0.12989926008367741
330,JVASP-147483,Li4MnCo2O7,3.5342559814453125,4.156692266464233,3.688,test,5.48793625831604,0.0454,342.9884594584036,4.166939508110674,5.48793625831604,0.12889703010572834
331,JVASP-91986,Li2FeCoO4,3.2022762298583984,3.646987199783325,3.24,train,5.262314558029175,0.0275,278.22888101788055,3.8349597565237596,5.262314558029175,0.12833484217423125
332,JVASP-142083,Li2Mn4O5F3,2.8022618293762207,4.075784921646118,2.806,train,5.147146463394165,0.0,144.62802495006744,3.434945356041582,5.147146463394165,0.1278283789545296
333,JVASP-48338,Li2Mn4O5F3,2.8022470474243164,4.075703859329224,2.806,train,5.147323846817017,0.0,144.62802495006744,3.4349305740896776,5.147323846817017,0.1278250835013673
334,JVASP-44390,Li2Cr3NiO8,3.740636348724365,4.765465974807739,3.729,train,5.4082419872283936,0.0321,150.33410390884148,4.3733198753897256,5.4082419872283936,0.127070344735854
335,JVASP-11672,Li2VGeO5,3.769620418548584,3.3226802349090576,3.812,train,4.380813837051392,0.0433,246.4951691098945,4.402303945213945,4.380813837051392,0.12699927006479528
336,JVASP-7901,LiFeO2,3.0238640308380127,3.408099889755249,3.04,train,4.720872640609741,0.0223,282.76138538152856,3.656547557503374,4.720872640609741,0.1264381782176099
337,JVASP-43052,LiFePO4,3.128246307373047,4.0741307735443115,3.149,train,4.827455759048462,0.0138,169.89052695436877,3.760929834038408,4.827455759048462,0.12640207321800356
338,JVASP-111898,LiCrPO4,2.697932243347168,3.1838748455047607,2.713,train,3.926697015762329,0.0,174.13910198849953,3.330615770012529,3.926697015762329,0.12547916531751838
339,JVASP-44527,Li2Mn3VO8,3.4856367111206055,3.840340375900269,3.5,train,4.406946420669556,0.0238,149.88266589733635,4.118320237785967,4.406946420669556,0.12523480415815802
340,JVASP-48297,Li3Co4O8,3.626184701919556,4.116167306900024,3.659,train,5.02271294593811,0.0348,209.08656658041372,4.258868228584918,5.02271294593811,0.1251832317132685
341,JVASP-52797,Li2MoO3,3.079400539398194,3.2573602199554443,3.054,train,4.695573091506958,0.0305,339.64576601868595,3.712084066063555,4.695573091506958,0.1244575424736803
342,JVASP-47582,Li2Co3SbO8,3.312823534011841,4.2154319286346436,3.314,train,5.134251832962036,0.0152,121.70410044706466,3.945507060677202,5.134251832962036,0.12407594102156
343,JVASP-48139,LiNiCO4,3.3428125381469727,4.487459897994995,3.313,train,5.2237160205841064,0.0234,189.21893864711072,3.975496064812334,5.2237160205841064,0.12393190891315459
344,JVASP-142685,LiVF4,3.821037769317627,4.06114935874939,3.785,val,4.680388450622559,0.0407,200.1961425422498,4.453721295982988,4.680388450622559,0.12299075704048307
345,JVASP-111556,Li2TiCr3O8,3.243934631347656,4.278053998947144,3.228,val,4.547089338302612,0.0168,155.04172365115292,3.876618158013017,4.547089338302612,0.12167238295999697
346,JVASP-111993,Li2VCr3O8,3.355339527130127,4.387010812759399,3.345,train,5.180519342422485,0.0206,153.6751347370386,3.988023053795488,5.180519342422485,0.12020710905546017
347,JVASP-34833,LiCuPO4,3.269106388092041,4.425227880477905,3.309,train,5.191709756851196,0.0186,161.98323878675356,3.9017899147574022,5.191709756851196,0.12020245498474702
348,JVASP-43692,LiVP2HO8,3.145371913909912,4.6459619998931885,3.104,train,5.471676588058472,0.0087,107.70863871309014,3.7780554405752733,5.471676588058472,0.12016166566846498
349,JVASP-122362,Li3CoNi3O8,3.5693001747131348,3.8599002361297607,3.571,train,4.346273422241211,0.0337,209.47844088586126,4.201983701378496,4.346273422241211,0.12011252257618038
350,JVASP-117418,LiVCoO4,3.570754051208496,4.279502630233765,3.573,train,4.606369733810425,0.0275,148.2273820689519,4.203437577873857,4.606369733810425,0.11837115997483982
351,JVASP-140211,Li4MnCo2O7,3.534816026687622,4.098497152328491,3.569,train,5.343938589096069,0.047,342.9884594584036,4.167499553352983,5.343938589096069,0.11835521859193593
352,JVASP-141810,LiFePO4,3.3425042629241943,3.928886651992798,3.36,train,4.509312391281128,0.0222,169.89052695436877,3.9751877895895555,4.509312391281128,0.11816823168858584
353,JVASP-146773,Li4MnCo2O7,3.53331995010376,4.094059228897095,3.569,test,5.314055681228638,0.047,342.9884594584036,4.166003476769122,5.314055681228638,0.1180216868404309
354,JVASP-142870,LiFePHO5,3.2457871437072754,4.0873401165008545,3.255,train,4.885011911392212,0.0173,153.3575204511899,3.8784706703726366,4.885011911392212,0.11755871913770455
355,JVASP-147059,NaLiV2O6,2.839906930923462,3.686055898666382,2.7,test,4.40881609916687,0.0,117.6483097563989,3.472590457588823,4.40881609916687,0.11710468328792888
356,JVASP-144260,Li2Mn3F8,3.842671632766723,4.071671009063721,3.791,train,4.9705400466918945,0.0384,162.0975504330296,4.475355159432084,4.9705400466918945,0.11615271935918836
357,JVASP-42148,LiVNiO4,3.2483103275299072,3.1379358768463135,3.211,train,3.3303921222686768,0.0171,148.42422260803002,3.8809938541952684,3.3303921222686768,0.11595912665526603
358,JVASP-141624,Li7Cr5O12,3.159250497817993,3.993177448000227,3.167,train,5.413450479507446,0.0382,374.800737349282,3.7919340244833544,5.413450479507446,0.11583446897189653
359,JVASP-120586,LiVF4,3.672961711883545,3.978189706802368,3.662,train,4.673585653305054,0.0369,200.1961425422498,4.305645238548906,4.673585653305054,0.11531236669288664
360,JVASP-133216,Li2MnP2O8,3.578838586807251,5.0550758838653564,3.487,val,5.4360058307647705,0.0345,207.15098593732478,4.211522113472612,5.4360058307647705,0.11525656540484938
361,JVASP-108756,Li2ZnCu3,2.572850227355957,1.189733862876892,2.482,train,1.6996557712554932,0.0,198.58171119895312,3.2055337540213182,1.6996557712554932,0.11491224261702734
362,JVASP-146777,Li7Mn4CoO12,3.360936164855957,4.0794238703591486,3.363,test,5.425135850906372,0.0437,361.29973385520753,3.9936196915213182,5.425135850906372,0.11456512490879528
363,JVASP-120424,Li7Mn4CoO12,3.2559542655944824,3.9730092116764615,3.278,train,5.318506479263306,0.0402,361.29973385520753,3.8886377922598436,5.318506479263306,0.11449404357865894
364,JVASP-143568,Li7Mn2Co3O12,3.5363922119140625,4.208019018173218,3.557,val,5.337881803512573,0.049,355.824412307483,4.169075738579424,5.337881803512573,0.11446806111605196
365,JVASP-42763,LiFeO2,3.008639097213745,3.522867441177368,3.048,train,4.80370831489563,0.0236,282.76138538152856,3.6413226238791063,4.80370831489563,0.11437730109873323
366,JVASP-47069,LiMnFeO4,3.512667655944824,4.172762155532837,3.524,train,4.677566289901733,0.0262,147.48645578852816,4.145351182610185,4.677566289901733,0.11356320814289059
367,JVASP-116897,LiMnPO4,3.0953805446624756,3.166429281234741,3.099,train,3.600649118423462,0.0148,170.87288374783182,3.728064071327837,3.600649118423462,0.11310443065875134
368,JVASP-43305,Li2Ni3SbO8,3.651918888092041,4.176016330718994,3.611,train,4.428207874298096,0.0283,121.90321038517516,4.284602414757402,4.428207874298096,0.11248079589142929
369,JVASP-145977,Li2MnCrO4,2.881014108657837,3.5601627826690674,2.942,test,4.966505289077759,0.0205,290.0377497475754,3.513697635323198,4.966505289077759,0.1117471512396937
370,JVASP-48313,LiMn2OF3,2.7360072135925293,3.3262689113616943,2.716,train,3.955371618270874,0.0,141.20036550745425,3.3686907402578905,3.955371618270874,0.11062909914858378
371,JVASP-141079,Li4MnCo2O7,3.556323528289795,4.130402326583862,3.574,val,5.145724534988403,0.0489,342.9884594584036,4.189007054955156,5.145724534988403,0.11048338312391964
372,JVASP-145526,Li2TiV3O8,2.8347365856170654,3.8057048320770264,2.847,test,4.455724000930786,0.005,156.47361455445937,3.4674201122824266,4.455724000930786,0.1101279634480663
373,JVASP-149979,LiMoO2,2.5496597290039062,2.450591802597046,2.567,test,2.8350818157196045,0.0,198.70641386709582,3.1823432556692675,2.8350818157196045,0.10983056494736726
374,JVASP-145519,Li2TiV3O8,2.8355631828308105,3.8106396198272705,2.847,test,4.238519906997681,0.0051,156.47361455445937,3.4682467094961718,4.238519906997681,0.10964557639613565
375,JVASP-122345,Li4FeCo5O12,3.7429006099700928,4.106155872344971,3.753,train,5.086803674697876,0.0388,187.99225582130154,4.375584136635454,5.086803674697876,0.1095907706454054
376,JVASP-140939,Li2TiV3O8,2.8350343704223633,3.8076913356781006,2.847,train,4.2349841594696045,0.0051,156.47361455445937,3.4677178970877245,4.2349841594696045,0.1095276842168785
377,JVASP-121936,Li2Mn4OF8,2.7548604011535645,3.522675037384033,2.677,train,4.113601446151733,0.0,133.4665982807894,3.3875439278189257,4.113601446151733,0.10935250116031084
378,JVASP-47023,LiV2OF5,3.281055212020874,3.3866970539093018,3.246,train,3.608318567276001,0.0164,121.92721442754093,3.9137387386862352,3.608318567276001,0.10915167211568932
379,JVASP-46771,LiMn2OF3,2.721717834472656,2.995652914047241,2.664,train,3.501603841781616,0.0,141.20036550745425,3.354401361138017,3.501603841781616,0.10744345899006388
380,JVASP-142544,Li3TiCr2O6,2.5026910305023193,3.138295412063598,2.545,train,4.549602270126343,0.0095,299.2588322379726,3.1353745571676805,4.549602270126343,0.10727154325925839
381,JVASP-55292,LiCrSi2O6,2.7653958797454834,3.6582510471343994,2.766,train,3.964256525039673,0.0,126.95836119604797,3.3980794064108446,3.964256525039673,0.10708990995501823
382,JVASP-119423,Li7Mn2Co3O12,3.5158262252807617,4.226516825812204,3.534,train,5.315385580062866,0.0495,355.824412307483,4.148509751946123,5.315385580062866,0.1065497956895175
383,JVASP-62306,LiNiAsO4,3.4794766902923584,4.192752122879028,3.468,train,5.154894590377808,0.0246,131.02424675542798,4.11216021695772,5.154894590377808,0.10516622784740332
384,JVASP-40668,Li2VH2OF5,3.469731330871582,4.014044880867004,3.407,train,4.784737825393677,0.0424,301.4267715599846,4.102414857536943,4.784737825393677,0.10506394353632259
385,JVASP-144779,NaLiMnPCO7,2.80453109741211,3.428105115890503,2.8,val,3.611788034439087,0.0,111.74310852806052,3.437214624077471,3.611788034439087,0.10503400844680653
386,JVASP-137759,Li4CoNi3P4O16,3.3343653678894043,4.287882089614868,3.313,val,5.368887662887573,0.0236,166.81519184149323,3.9670488945547655,5.368887662887573,0.10484143481062846
387,JVASP-117252,Li2TiFe3O8,3.4013423919677734,4.274475336074829,3.408,train,4.644591569900513,0.0242,150.03101978011097,4.034025918633135,4.644591569900513,0.10388087732784912
388,JVASP-147097,Li2TiFe3O8,3.4011740684509277,4.275404691696167,3.408,test,4.667613744735718,0.0242,150.03101978011097,4.033857595116289,4.667613744735718,0.10384335168377534
389,JVASP-119747,LiVNiO4,3.2023792266845703,3.3666326999664307,3.219,train,3.7157256603240967,0.0174,148.42422260803002,3.8350627533499315,3.7157256603240967,0.1037193563929995
390,JVASP-45862,Li3Co3NiO8,3.61570143699646,3.8828418254852295,3.639,train,4.747353792190552,0.0377,209.21702833950394,4.248384963661821,4.747353792190552,0.10360522162127117
391,JVASP-13168,LiCoPO4,3.1800122261047363,4.189325571060181,3.145,train,4.627910852432251,0.0188,166.62867076341504,3.8126957527700975,4.627910852432251,0.10229815526220995
392,JVASP-106472,Li2CrNiO4,3.209929943084717,3.931360483169556,3.23,train,4.751201868057251,0.0324,284.2616458487749,3.842613469750078,4.751201868057251,0.10164893076111758
393,JVASP-142606,Li2Cr3SnO8,2.735161304473877,3.99372124671936,2.776,val,4.673149824142456,0.0,128.67526468124558,3.367844831139238,4.673149824142456,0.10156598037214001
394,JVASP-55326,LiCoPO4,3.1196818351745605,4.181046724319458,3.147,train,5.047292947769165,0.0169,166.62867076341504,3.7523653618399218,5.047292947769165,0.10151490821925462
395,JVASP-143973,Li5Mn3Cr2O10,2.9337756633758545,3.848886728286743,2.959,train,5.411043405532837,0.0238,289.11729097046,3.5664591900412157,5.411043405532837,0.10085750484622963
396,JVASP-145652,Li2VCr3O8,3.01676344871521,3.94150710105896,3.006,test,4.763219118118286,0.0122,153.6751347370386,3.649446975380571,4.763219118118286,0.10072576427032072
397,JVASP-117433,Li3Fe2NiO6,3.14750337600708,3.7220327854156494,3.174,train,5.052804231643677,0.03,279.9570341352289,3.7801869026724413,5.052804231643677,0.10068171133617851
398,JVASP-133604,LiCoPO4,3.1835012435913086,4.245105981826782,3.145,test,4.631947755813599,0.0192,166.62867076341504,3.81618477025667,4.631947755813599,0.10040932184678261
399,JVASP-41334,Li2CrFeO4,2.976266860961914,3.300921678543091,3.004,train,4.001044511795044,0.0253,288.62136919698355,3.6089503876272753,4.001044511795044,0.09997901089742597
400,JVASP-97849,Na2Li3CoO4,2.654202699661255,3.431887070337931,2.587,train,4.70287299156189,0.0289,423.77605755768144,3.286886226326616,4.70287299156189,0.09994128432089955
401,JVASP-142604,LiV2OF5,3.003420114517212,3.2943241596221924,3.022,val,3.466785192489624,0.0085,121.92721442754093,3.636103641182573,3.466785192489624,0.09992303118342896
402,JVASP-48179,LiVPO4,2.5790274143218994,2.7579662799835205,2.589,train,3.0566890239715576,0.0,175.34055738226039,3.2117109409872606,3.0566890239715576,0.09982208493898438
403,JVASP-142873,Li3MnFe3O8,3.1274971961975098,3.6192896366119385,3.175,train,4.415018320083618,0.0228,216.55356856942137,3.760180722862871,4.415018320083618,0.09929769546039982
404,JVASP-42632,Li2MnSi2O6,2.825906991958618,4.090752840042114,2.837,train,5.271627187728882,0.0155,242.56112252088445,3.4585905186239794,5.271627187728882,0.09915595000376023
405,JVASP-112358,LiTiCrO4,2.6326684951782227,3.4004786014556885,2.638,train,4.6999475955963135,0.0,156.91577637172878,3.265352021843584,4.6999475955963135,0.09872600710954692
406,JVASP-144028,Li2V2SiGeO10,3.6058621406555176,4.3724071979522705,3.636,train,5.295674085617065,0.0312,142.37760843334112,4.238545667320879,5.295674085617065,0.09738660909342856
407,JVASP-42698,LiVPO4,2.565976858139038,3.226842164993286,2.547,train,3.7445967197418217,0.0,175.34055738226039,3.1986603848043993,3.7445967197418217,0.09691262501645198
408,JVASP-144071,Li5Fe2Ni5O12,3.2197370529174805,3.4309783935546876,3.211,val,4.0659685134887695,0.0258,212.0857621174288,3.8524205795828417,4.0659685134887695,0.09669581031678048
409,JVASP-144072,LiVFeO4,2.642465591430664,3.3986175060272217,2.628,val,3.752184629440307,0.0,150.80301747536566,3.2751491180960253,3.752184629440307,0.09657901478353492
410,JVASP-111706,Li4MnGe2S7,2.368237257003784,2.9337459802627563,2.351,train,4.174035310745239,0.0,236.95213871013686,3.0009207836691454,4.174035310745239,0.09648329343616308
411,JVASP-144047,Li2NbCr3O8,2.6834053993225098,3.624293088912964,2.74,val,4.371412515640259,0.0,137.172006138779,3.316088925987871,4.371412515640259,0.09604792253377484
412,JVASP-147437,LiFePO4,3.2370855808258057,4.055351495742798,3.267,test,5.3086817264556885,0.022,169.89052695436877,3.869769107491167,5.3086817264556885,0.09599977503275112
413,JVASP-143954,LiFePO4F,3.7962417602539062,4.247764825820923,3.824,train,5.30700421333313,0.0388,151.63002649890998,4.4289252869192675,5.30700421333313,0.09571842899650596
414,JVASP-44763,Li4Mn3FeP4O16,2.9894542694091797,3.6764070987701416,3.014,train,5.349141836166382,0.0139,170.62623103533895,3.622137796074541,5.349141836166382,0.09531471576948769
415,JVASP-40982,Li3Cr3FeO8,3.123988628387451,3.4265668392181396,3.133,train,4.154680490493774,0.024,222.94221452935406,3.7566721550528124,4.154680490493774,0.0950421143397912
416,JVASP-122389,Li4Co3Ni3Sn2O16,3.513134479522705,4.338679075241089,3.495,train,5.3594934940338135,0.0265,122.65363782274487,4.145818006188066,5.3594934940338135,0.09407223807439091
417,JVASP-8570,Li2CoCl4,3.2290732860565186,3.793254852294922,3.196,train,4.9286487102508545,0.0306,249.7491649286206,3.8617568127218798,4.9286487102508545,0.09346323194011322
418,JVASP-141226,Li4MnCo2O7,3.512382984161377,4.134068727493286,3.538,train,5.408172845840454,0.05,342.9884594584036,4.145066510826738,5.408172845840454,0.0933540495033503
419,JVASP-42958,Li4V2SiGeO10,3.1465399265289307,3.4380927085876465,3.14,train,4.105895280838013,0.0307,274.6289075636471,3.779223453194292,4.105895280838013,0.09202506521551956
420,JVASP-133214,Li4MnCo5O12,3.718146800994873,4.070974826812744,3.755,val,4.9003212451934814,0.0408,188.2917153386923,4.350830327660234,4.9003212451934814,0.09095106109649609
421,JVASP-48349,Li4MnFe3O8,3.0146713256835938,3.326744318008423,3.031,train,4.6019628047943115,0.0274,283.43941285186946,3.647354852348955,4.6019628047943115,0.09086918794074683
422,JVASP-138817,LiNbF4,3.6587324142456055,3.717207193374634,5.129,val,4.422051191329956,0.0351,152.41884690445806,4.291415940910967,4.422051191329956,0.09028800020769068
423,JVASP-46433,Li4AlCr3O8,2.732905387878418,3.430574655532837,2.746,train,5.218156099319458,0.0219,316.4946409305117,3.365588914543779,5.218156099319458,0.08814057563350058
424,JVASP-141591,Li3Co2CuO6,3.406224012374878,4.085371255874634,3.417,train,4.991040468215942,0.0395,269.6038677946886,4.038907539040239,4.991040468215942,0.08769130912405065
425,JVASP-140224,Li4Mn3VO8,2.938267707824707,2.993563413619995,2.93,train,3.983238458633423,0.026,288.5643192268337,3.5709512344900682,3.983238458633423,0.08680048132416635
426,JVASP-42723,LiFePO4,3.246301651000977,3.4900805950164795,3.267,train,3.7377712726593018,0.0237,169.89052695436877,3.878985177666338,3.7377712726593018,0.08672105044116024
427,JVASP-47597,Li2MnCo3O8,3.729524850845337,4.349978685379028,3.736,train,5.314857244491577,0.0371,143.47118587937803,4.362208377510698,5.314857244491577,0.08639718919878067
428,JVASP-46863,Li3Cr3CoO8,3.2100131511688232,3.6882145404815674,3.218,train,4.521624803543091,0.0281,221.04940755320462,3.8426966778341844,4.521624803543091,0.08554575400979364
429,JVASP-44777,LiMnP2HO7,3.2435007095336914,3.603924036026001,3.255,train,4.359787702560425,0.0178,113.16744665950299,3.8761842361990526,4.359787702560425,0.08523938234808344
430,JVASP-140648,LiFePO4,3.3271965980529785,3.961456537246704,3.343,train,4.073038339614868,0.0267,169.89052695436877,3.9598801247183397,4.073038339614868,0.08475557732916111
431,JVASP-42792,Li3Cr3FeO8,3.118387222290039,3.571385622024536,3.14,train,4.0150134563446045,0.0254,222.94221452935406,3.7510707489554003,4.0150134563446045,0.08446001686783433
432,JVASP-144269,LiMnVO4,2.5823702812194824,3.048731565475464,2.624,val,3.537682294845581,0.0,151.57653283327403,3.2150538078848436,3.537682294845581,0.0837295759117303
433,JVASP-44747,Li4MgCo3O8,3.2716331481933594,3.88973069190979,3.273,train,4.496995210647583,0.0389,300.4113332610773,3.9043166748587206,4.496995210647583,0.08351426112668775
434,JVASP-36866,Li2FeCuP2O8,3.2002737522125244,4.181979417800903,3.235,train,5.366908311843872,0.0223,165.84268258626616,3.8329572788778856,5.366908311843872,0.08292497432516419
435,JVASP-102856,K2LiTiF6,2.7147841453552246,2.6830062866210938,2.651,train,3.1461551189422607,0.0,108.51020983305362,3.347467672020586,3.1461551189422607,0.0827353988890405
436,JVASP-116845,Li2TiV3O8,2.8514504432678223,3.990031480789185,2.846,train,4.717672109603882,0.0099,156.47361455445937,3.4841339699331835,4.717672109603882,0.08118744441100409
437,JVASP-119371,Li6TiNi7O16,3.5955419540405273,4.1925740242004395,3.614,train,5.028164625167847,0.0408,212.6097142549402,4.2282254807058886,5.028164625167847,0.0808481011964029
438,JVASP-144060,LiV2OF5,3.0454249382019043,3.2418792247772217,3.048,val,3.478195905685425,0.0128,121.92721442754093,3.6781084648672655,3.478195905685425,0.08062081989715035
439,JVASP-154369,LiFeSO4F,3.799410343170166,4.02945351600647,4.219,test,4.771042108535767,0.0411,150.6996512669442,4.432093869835527,4.771042108535767,0.08043228401116537
440,JVASP-116862,Li4CoCu3P4O16,3.2420496940612793,4.495703935623169,3.268,train,5.191889524459839,0.0238,163.12014326738736,3.8747332207266405,5.191889524459839,0.0803093755701535
441,JVASP-147394,Li2Ni3SnO8,3.662989377975464,4.268779993057251,3.639,test,4.580686569213867,0.0337,122.75467031022289,4.295672904640825,4.580686569213867,0.0795521178862526
442,JVASP-119380,Li5Co2Ni5O12,3.36087417602539,3.605668067932129,3.369,train,4.206782817840576,0.0329,210.03268947644324,3.9935577026907514,4.206782817840576,0.07937256726285732
443,JVASP-121316,Li7Mn4CoO12,3.2566614151000977,3.966706105640956,3.28,train,5.359835863113403,0.0455,361.29973385520753,3.889344941765459,5.359835863113403,0.07931836047241159
444,JVASP-119273,Li2Ni3SnO8,3.663519859313965,4.265016317367554,3.639,train,4.588592290878296,0.0338,122.75467031022289,4.296203385979326,4.588592290878296,0.07900371546613552
445,JVASP-137217,LiVPO4,2.4838244915008545,2.540933847427368,2.453,val,2.873021364212036,0.0,175.34055738226039,3.1165080181662157,2.873021364212036,0.07859777199977554
446,JVASP-96515,LiTiMnF6,3.278838872909546,3.027599573135376,3.295,train,3.217801332473755,0.0207,119.7904036650594,3.911522399574907,3.217801332473755,0.07847688437931719
447,JVASP-108866,LiCoS2,2.546271324157715,2.6467456817626953,2.546,train,3.4386260509490967,0.0054,206.1585886602437,3.178954850823076,3.4386260509490967,0.07835532529554304
448,JVASP-122527,Li4Mn3Co3O12,3.447498321533203,3.7779078483581543,3.465,train,4.497886896133423,0.0341,190.9717764382149,4.080181848198564,4.497886896133423,0.07717893040578336
449,JVASP-142679,Li2Ni3SnO8,3.6629323959350586,4.254473924636841,3.639,val,4.511991739273071,0.0341,122.75467031022289,4.29561592260042,4.511991739273071,0.07687274777917
450,JVASP-148427,Li2TiCr3O8,2.7646634578704834,3.86384654045105,2.859,test,4.269196271896362,0.0075,155.04172365115292,3.3973469845358446,4.269196271896362,0.07682480867131392
451,JVASP-141160,Li3TiNi3O8,3.491711378097534,4.304231882095337,3.489,train,4.619868993759155,0.0384,215.69717598074644,4.124394904762895,4.619868993759155,0.07588794966549833
452,JVASP-119545,LiFePO4,3.2371273040771484,4.057148218154907,3.267,train,5.147427320480347,0.0253,169.89052695436877,3.8698108307425096,5.147427320480347,0.07400907671506404
453,JVASP-45929,LiVCoO4,2.789353847503662,3.7010629177093506,2.724,train,4.543360471725464,0.0081,148.2273820689519,3.4220373741690233,4.543360471725464,0.07350099237819085
454,JVASP-44686,Li2MnCrO4,3.0785069465637207,3.0975348949432373,3.113,train,5.170058965682983,0.0329,290.0377497475754,3.711190473229082,5.170058965682983,0.0731090676328777
455,JVASP-142677,Li2Cr3SbO8,2.6084752082824707,3.8764827251434326,2.64,val,4.967635869979858,0.0,127.74000322245007,3.241158734947832,4.967635869979858,0.0726602136521719
456,JVASP-59889,LiMn2S4,2.9459376335144043,2.557920217514038,2.894,train,3.3088042736053467,0.0094,109.35939120670606,3.5786211601797655,3.3088042736053467,0.07220321939899964
457,JVASP-44592,Li2TiCo3O8,3.602304458618164,4.14891505241394,3.607,train,4.535356760025024,0.0353,146.2389076443411,4.234987985283525,4.535356760025024,0.07199601919267265
458,JVASP-144046,Li4Mn2Cr3Co3O16,3.477656364440918,4.066246271133423,3.45,val,4.867627382278442,0.0313,147.5815165667367,4.110339891106279,4.867627382278442,0.07182522853078693
459,JVASP-111896,Li2TiCo3O8,3.603555202484131,4.150959730148315,3.607,train,4.477123498916626,0.0355,146.2389076443411,4.236238729149492,4.477123498916626,0.07094152371884468
460,JVASP-141842,Li4V3CrO8,2.5121467113494873,3.084404230117798,2.523,train,4.422659635543823,0.0151,297.3153943854992,3.1448302380148485,4.422659635543823,0.07066923361937932
461,JVASP-46443,Li2CrFeO4,2.9834256172180176,3.319359540939331,3.003,train,4.228215932846069,0.0301,288.62136919698355,3.616109143883379,4.228215932846069,0.06957496697243709
462,JVASP-48822,LiMn2OF3,2.5485947132110596,3.7869174480438232,2.503,train,5.363895654678345,0.0,141.20036550745425,3.1812782398764208,5.363895654678345,0.06884780253552827
463,JVASP-145775,LiFeO2,3.021040916442871,3.834627866744995,3.053,test,5.007074594497681,0.0309,282.76138538152856,3.6537244431082323,5.007074594497681,0.06847546648275102
464,JVASP-144264,Li4V3Cr5O16,2.9871201515197754,3.8031609058380127,2.964,val,4.5367186069488525,0.0163,153.9078008917035,3.6198036781851366,4.5367186069488525,0.06694867809606948
465,JVASP-44438,Li2Co3SnO8,3.405584812164306,4.333952188491821,3.412,train,4.7065417766571045,0.0271,122.55277150685342,4.038268338829667,4.7065417766571045,0.06602390349477091
466,JVASP-44427,Li2Mn3NiO8,3.4078454971313477,3.964451551437378,3.406,train,4.22957444190979,0.0298,146.70279731916608,4.040529023796709,4.22957444190979,0.06563915233324263
467,JVASP-142158,Li7Mn4CoO12,3.234672784805298,3.921334368841989,3.263,train,5.270756006240845,0.0472,361.29973385520753,3.867356311470659,5.270756006240845,0.06308293425524258
468,JVASP-47105,LiMnPO4,3.2227883338928223,3.9962899684906006,3.243,train,5.242670297622681,0.0267,170.87288374783182,3.8554718605581835,5.242670297622681,0.062175086503362426
469,JVASP-8650,LiCuPO4,3.4949827194213867,4.569865465164185,3.508,train,5.489245176315308,0.035,161.98323878675356,4.127666246086748,5.489245176315308,0.061225453155079546
470,JVASP-47887,Li3MnCo3O8,3.4993364810943604,3.86798644065857,3.51,train,4.65169358253479,0.0404,211.2815985064093,4.132020007759722,4.65169358253479,0.06112592577312248
471,JVASP-94993,LiCuPO4,3.494765043258667,4.641620874404907,3.508,train,5.313310384750366,0.0351,161.98323878675356,4.127448569924028,5.313310384750366,0.060510258282974794
472,JVASP-112823,Li3Fe2Co2O8,3.3788938522338867,3.8820297718048096,3.416,train,4.654940843582153,0.0366,212.49958693931677,4.011577378899248,4.654940843582153,0.06047105961217203
473,JVASP-143577,Li2NbCo3O8,3.3079416751861572,4.745378255844116,3.07,val,5.372183084487915,0.0257,130.23604287172975,3.9406252018515184,5.372183084487915,0.059032812755814595
474,JVASP-141646,LiFePO4,3.140470027923584,3.9371001720428462,3.185,train,4.885490655899048,0.0248,169.89052695436877,3.773153554588945,4.885490655899048,0.05579386703999625
475,JVASP-42460,Li2Fe3NiO8,3.4192380905151367,4.202035665512085,3.413,train,5.076605558395386,0.0316,145.61843862799756,4.051921617180498,5.076605558395386,0.055410678567493765
476,JVASP-122328,Li5Cu2Ni5O12,3.396690368652344,3.8735710620880126,3.4,train,5.241542339324951,0.0374,207.03900956398687,4.029373895317706,5.241542339324951,0.05523620227451395
477,JVASP-143920,Li3Mn4O8,3.170175552368164,3.2045085430145264,3.208,train,3.779409646987915,0.0311,218.152213108751,3.8028590790335253,3.779409646987915,0.05461167669417033
478,JVASP-43000,LiVSiO5,3.4384212493896484,4.270097970962524,3.5,train,4.871680498123169,0.0341,161.4887558287055,4.07110477605501,4.871680498123169,0.05426541278632804
479,JVASP-146934,LiFePO4,3.1083502769470215,3.9597280025482178,3.209,test,4.99768853187561,0.024,169.89052695436877,3.7410338036123827,4.99768853187561,0.05396649956651228
480,JVASP-146971,Li3MnCo2O6,3.2551732063293457,3.440004587173462,3.278,test,4.949734926223755,0.0404,277.61680623880056,3.887856732994707,4.949734926223755,0.05369388875413161
481,JVASP-141519,Li2MnCo3O8,3.719740629196167,4.082260847091675,3.739,val,4.570917367935181,0.0417,143.47118587937803,4.352424155861528,4.570917367935181,0.05354925145350531
482,JVASP-92255,Li2CrFeO4,2.97092342376709,3.3122546672821045,3.005,train,4.188827753067017,0.0321,288.62136919698355,3.603606950432451,4.188827753067017,0.05345442439839798
483,JVASP-46432,Li2CrFeO4,2.9937784671783447,3.3320119380950928,3.004,train,3.971602201461792,0.033,288.62136919698355,3.626461993843706,3.971602201461792,0.05254967335951963
484,JVASP-46461,Li2CrFeO4,2.9757981300354004,3.341885805130005,3.005,train,4.169041872024536,0.0325,288.62136919698355,3.6084816567007616,4.169041872024536,0.05187451314069941
485,JVASP-144053,Li2Fe2CoO6,3.3778247833251953,3.8511147499084473,3.41,val,4.577349901199341,0.0357,191.09681968910806,4.0105083099905565,4.577349901199341,0.05106800915477944
486,JVASP-119249,LiCo2O4,3.7523508071899414,4.2048609256744385,3.77,train,4.760229825973511,0.0432,141.9532468983532,4.385034333855303,4.760229825973511,0.049743766542915735
487,JVASP-11776,LiMnVO4,2.9500551223754883,2.8429267406463623,2.925,train,3.035300970077514,0.0175,151.57653283327403,3.5827386490408495,3.035300970077514,0.0490336922888516
488,JVASP-145656,Li4Mn3Ni3Sn2O16,3.233860492706299,4.227378606796265,3.231,test,5.3653247356414795,0.0241,124.3589067691272,3.86654401937166,5.3653247356414795,0.04901981149993623
489,JVASP-144772,Li3Mn2Cr2O8,3.1593031883239746,3.307455778121948,3.18,val,3.8259127140045166,0.032,221.6913127459844,3.791986714989336,3.8259127140045166,0.04869541107913672
490,JVASP-48163,Li3Fe3CoO8,3.2718281745910645,3.819565534591675,3.306,train,4.596702814102173,0.035,214.24822523431294,3.9045117012564257,4.596702814102173,0.0485077390445125
491,JVASP-140991,LiCoPO4,3.4448578357696533,4.437479257583618,3.524,val,5.1098997592926025,0.0359,166.62867076341504,4.0775413624350145,5.1098997592926025,0.04734220489364807
492,JVASP-145966,LiCoPO4,3.475316286087036,4.4258434772491455,3.474,test,4.813523530960083,0.037,166.62867076341504,4.107999812752397,4.813523530960083,0.04679920595366785
493,JVASP-144352,Li3V8ZnO16,2.5501232147216797,3.708984136581421,2.571,train,3.9740898609161377,0.0,107.2410433114275,3.182806741387041,3.9740898609161377,0.04512702793201683
494,JVASP-42233,LiVF4,3.3574228286743164,4.090647459030151,3.355,train,5.104138612747192,0.0369,200.1961425422498,3.9901063553396776,5.104138612747192,0.044966879356223455
495,JVASP-122360,LiNiPO4,3.337900876998902,4.399034261703491,3.352,train,4.817782640457153,0.0328,166.87745836361157,3.970584403664263,4.817782640457153,0.04434041777622971
496,JVASP-133654,LiVF4,3.3574748039245605,4.089083433151245,3.355,val,5.027279853820801,0.037,200.1961425422498,3.9901583305899218,5.027279853820801,0.04431179992809517
497,JVASP-122350,Li4Mn3CrP4O16,2.9155848026275635,3.497253656387329,2.941,train,5.066612482070923,0.0192,171.67789748957168,3.5482683292929247,5.066612482070923,0.04425824704702078
498,JVASP-50078,LiCuPO4,3.2975659370422363,4.4072425365448,3.293,train,5.036710500717163,0.0311,161.98323878675356,3.9302494637075975,5.036710500717163,0.04321382573327365
499,JVASP-154550,LiFeMoClO4,3.170191764831543,3.23492169380188,2.281,test,3.5025813579559326,0.0207,103.81065271256617,3.802875291496904,3.5025813579559326,0.04293306548799211
500,JVASP-121791,LiVF4,3.357033014297486,4.09049129486084,3.355,train,4.9536285400390625,0.0372,200.1961425422498,3.989716540962847,4.9536285400390625,0.042879975067185994
501,JVASP-42629,Li3Ni4O8,3.5379934310913086,4.055304527282715,3.553,train,4.598987102508545,0.0443,209.60939228454137,4.17067695775667,4.598987102508545,0.042559189318851554
502,JVASP-21076,LiTi2O4,2.3683078289031982,3.1161038875579834,2.37,train,3.3255627155303955,0.0,160.80316357404342,3.0009913555685594,3.3255627155303955,0.04254443858111716
503,JVASP-48627,LiVF4,3.3568055629730225,4.087665557861328,3.355,train,5.207244634628296,0.0373,200.1961425422498,3.9894890896383837,5.207244634628296,0.04216260094379631
504,JVASP-151500,Li2Cu2TeO6,3.3160009384155273,4.25164532661438,3.423,test,4.580133438110352,0.0304,147.03048498238536,3.9486844650808886,4.580133438110352,0.04139572487890769
505,JVASP-42794,Li4VCr3O8,2.6965417861938477,3.1891229152679443,2.709,train,4.503051519393921,0.0255,295.5863713662241,3.329225312859209,4.503051519393921,0.041219417419841725
506,JVASP-43318,Li2MnCr3O8,3.2145638465881348,4.060455560684204,3.203,train,5.330284357070923,0.0276,151.93430871626367,3.847247373253496,5.330284357070923,0.04092280263825704
507,JVASP-44793,LiTiNiO4,3.814859390258789,4.5635902881622314,3.773,train,5.2857630252838135,0.0476,150.99511186604494,4.44754291692415,5.2857630252838135,0.04075247007846261
508,JVASP-44504,Li2Fe3CuO8,3.5559797286987305,4.414594411849976,3.564,train,4.613501310348511,0.0384,143.7237811696384,4.188663255364092,4.613501310348511,0.03921976004925892
509,JVASP-116868,Li4Fe3Ni3O12,3.4903879165649414,3.8144495487213135,3.502,train,4.144921541213989,0.0412,190.29331497561904,4.123071443230303,4.144921541213989,0.03892658424672463
510,JVASP-43523,Li4VCr3O8,2.6801700592041016,3.2815463542938232,2.69,train,4.5463902950286865,0.0256,295.5863713662241,3.3128535858694628,4.5463902950286865,0.036902876918536276
511,JVASP-42994,LiVCrO4,3.185495376586914,4.334247827529907,3.188,train,5.011836767196655,0.0275,154.14117263381135,3.8181789032522753,5.011836767196655,0.03667266497519328
512,JVASP-112810,Li3Fe3NiO8,3.2475247383117676,3.661368608474731,3.285,train,4.3775389194488525,0.0361,214.38520995346533,3.880208264977129,4.3775389194488525,0.035853314633197964
513,JVASP-43525,Li4VCr3O8,2.6713500022888184,3.30472731590271,2.691,train,4.720974683761597,0.0255,295.5863713662241,3.3040335289541796,4.720974683761597,0.035603221096727644
514,JVASP-147442,Li2V2OF6,3.57287073135376,3.7719027996063232,3.472,test,4.246885538101196,0.0475,218.11561171705486,4.205554258019122,4.246885538101196,0.035028314215303
515,JVASP-46198,Li2FeNiP2O8,3.2526583671569824,4.066642999649048,3.273,train,5.373768091201782,0.0317,168.3705136723756,3.8853418938223436,5.373768091201782,0.03372787819859149
516,JVASP-144887,Li3Cr3NiO8,3.2518999576568604,3.8852927684783936,3.272,train,4.552471399307251,0.0374,221.19523026920598,3.8845834843222216,4.552471399307251,0.032987220131419054
517,JVASP-141535,Li4Co5SnO12,3.540187358856201,4.180129766464233,3.58,val,4.955456972122192,0.0417,169.3261345449135,4.172870885521562,4.955456972122192,0.03183933587280724
518,JVASP-154000,LiFeSO4F,3.795690536499023,3.910259485244751,4.126,test,4.4411633014678955,0.0484,150.6996512669442,4.428374063164384,4.4411633014678955,0.030936332501951214
519,JVASP-137382,Li5Cr2Ni3O10,3.2828304767608643,3.9586422443389897,3.298,train,5.110201120376587,0.0455,282.25669618168985,3.9155140034262255,5.110201120376587,0.029147281975578976
520,JVASP-144045,Li4Cu3Ni3Te2O16,3.3722615242004395,4.31797194480896,3.418,val,5.360615968704224,0.0312,118.37161182136286,4.004945050865801,5.360615968704224,0.0282990371771715
521,JVASP-140595,Li4CuNi3O8,3.4237074851989746,3.9614486694335938,3.438,val,4.8315064907073975,0.0492,271.14285313631825,4.056391011864336,4.8315064907073975,0.02801279879669255
522,JVASP-112852,Li3Mn2FeO6,3.009500026702881,3.190368890762329,3.022,train,4.140605688095093,0.0369,284.5767135299204,3.642183553368242,4.140605688095093,0.02718880044533889
523,JVASP-144036,Li4Co5SnO12,3.5395102500915527,4.152380704879761,3.58,val,4.95440411567688,0.0424,169.3261345449135,4.172193776756914,4.95440411567688,0.0270217161903199
524,JVASP-141023,LiNiSnO4,3.619496583938598,4.149983644485474,3.669,val,4.397458553314209,0.0386,107.9216619062064,4.252180110603959,4.397458553314209,0.026679492832706153
525,JVASP-113229,Li2Co3BiO8,3.7828500270843506,4.203974008560181,3.783,train,4.633952856063843,0.0434,101.58672002584828,4.415533553749712,4.633952856063843,0.02660856135983125
526,JVASP-111951,Li3Fe4O8,3.112393379211426,3.655662775039673,3.175,train,4.7786619663238525,0.0332,216.0258810583537,3.745076905876787,4.7786619663238525,0.02622326546822154
527,JVASP-112836,Li2CoP2O7,3.5678868293762207,4.952142953872681,3.545,train,5.418407201766968,0.0486,217.22841804793867,4.200570356041582,5.418407201766968,0.02595526951914645
528,JVASP-48326,NaLiMnPCO7,2.80485463142395,3.4727141857147217,2.798,train,3.591404676437378,0.0119,111.74310852806052,3.4375381580893114,3.591404676437378,0.025772803015750773
529,JVASP-108966,Li2MnNiO4,3.1908793449401855,3.829792737960815,3.214,train,5.152008771896362,0.0428,279.8948892071589,3.8235628716055468,5.152008771896362,0.02497448107853112
530,JVASP-110727,LiCu3O3,3.0942325592041016,3.3914270401000977,3.127,train,3.920499563217163,0.0217,109.13668435470031,3.7269160858694628,3.920499563217163,0.023105940354852306
531,JVASP-44675,Li2MnCrO4,2.8966355323791504,3.579803228378296,2.905,train,5.026879072189331,0.0345,290.0377497475754,3.5293190590445116,5.026879072189331,0.021896420916778098
532,JVASP-117087,Li2Fe3CoO8,3.4111568927764893,4.1625025272369385,3.435,train,5.077387094497681,0.0364,145.52364017533657,4.0438404194418505,5.077387094497681,0.021541907097549717
533,JVASP-43659,LiMnPO4,3.094003915786743,3.142017126083374,3.099,train,3.613736867904663,0.0285,170.87288374783182,3.7266874424521044,3.613736867904663,0.021464194961562877
534,JVASP-47982,Li3FeCo3O8,3.5145912170410156,3.8748180866241455,3.526,train,4.73134446144104,0.047,210.77926142476346,4.147274743706377,4.73134446144104,0.020170854413529893
535,JVASP-42799,Li5MnNi4O10,3.320115804672241,3.887411117553711,3.336,train,4.69420599937439,0.0475,276.6400949045113,3.9527993313376024,4.69420599937439,0.020146664708671103
536,JVASP-133650,Li2MnCrO4,2.8966150283813477,3.578987836837769,2.905,val,5.070575475692749,0.0348,290.0377497475754,3.529298555046709,5.070575475692749,0.019891849804327233
537,JVASP-142886,Li4Ti2V3Cr3O16,2.61326265335083,3.5001060962677,2.647,val,4.3476035594940186,0.0111,155.7543782350582,3.2459461800161913,4.3476035594940186,0.01957681800593336
538,JVASP-48811,Li3CrCo3O8,3.506433486938477,3.9190495014190674,3.511,train,4.853528261184692,0.0471,212.92766838627594,4.139117013603839,4.853528261184692,0.01920775489610821
539,JVASP-111148,LiV2CrO6,2.768686056137085,2.81493878364563,2.788,train,2.983675241470337,0.0109,104.36043385495522,3.401369582802446,2.983675241470337,0.019145213975830508
540,JVASP-48262,Li2Fe3O6,3.1647603511810303,3.7832067012786865,3.206,train,5.493650197982788,0.0336,193.22412948409203,3.7974438778463915,5.493650197982788,0.01907521584140559
541,JVASP-104782,LiV2CrO6,2.7653074264526367,2.8177082538604736,2.788,train,2.967099905014038,0.0109,104.36043385495522,3.397990953117998,2.967099905014038,0.018391990318367565
542,JVASP-44698,Li2FeNiO4,3.235687255859375,3.786856889724731,3.256,train,4.75298810005188,0.0452,278.57561518268676,3.868370782524736,4.75298810005188,0.018029091754425963
543,JVASP-116891,Li2TiFe3O8,3.1601507663726807,3.8552753925323486,3.171,train,4.6422646045684814,0.0291,150.03101978011097,3.792834293038042,4.6422646045684814,0.017443523919040305
544,JVASP-44373,Li2AlFeO4,3.072679042816162,4.286283731460571,3.112,train,5.342817544937134,0.0466,333.5464543494558,3.7053625694815233,5.342817544937134,0.011304128955056725
545,JVASP-116516,Li3V3O8,3.068795680999756,3.6860198179880777,3.096,train,4.255458116531372,0.0394,266.55524593611364,3.701479207665117,4.255458116531372,0.010972436740719349
546,JVASP-112806,Li3SiNi3O8,3.4959747791290283,4.110385179519653,3.522,train,4.6585705280303955,0.0497,227.7850181929922,4.1286583057943895,4.6585705280303955,0.01006980743977487
547,JVASP-143275,LiFePO4,3.242220401763916,3.8745954036712646,3.368,test,4.380991220474243,0.0352,169.89052695436877,3.8749039284292772,4.380991220474243,0.009144519786881411
548,JVASP-101528,Li2MnCoO4,3.1926536560058594,3.40700364112854,3.198,train,4.592421293258667,0.0453,279.5448652127011,3.8253371826712206,4.592421293258667,0.00845536912676298
549,JVASP-44710,Li2MnFeO4,3.005396604537964,3.2753589153289795,3.025,train,3.9031455516815186,0.0397,284.1206997931266,3.638080131203325,3.9031455516815186,0.007284222679309615
550,JVASP-45932,LiVCoO4,3.5739340782165527,4.290275812149048,3.573,train,4.6042139530181885,0.0443,148.2273820689519,4.206617604881914,4.6042139530181885,0.007080107624493404
551,JVASP-47626,Li2NbCo3O8,2.8762998580932617,4.0553672313690186,2.91,train,4.719999074935913,0.0192,130.23604287172975,3.508983384758623,4.719999074935913,0.006136947109101287
552,JVASP-140994,Li2FePCO7,3.289358139038086,4.2084009647369385,3.347,val,4.807872533798218,0.0446,238.54575168212506,3.922041665703447,4.807872533798218,0.005631594781676297
553,JVASP-47768,LiCrO2,2.973473072052002,2.979696989059448,3.002,train,4.6718785762786865,0.0402,294.72937927827303,3.606156598717363,4.6718785762786865,0.004350605829436749
554,JVASP-137307,Li4Mn7O16,3.546198844909668,4.274048447608948,3.591,test,4.973066568374634,0.0452,160.41089710116862,4.178882371575029,4.973066568374634,0.0035293873914761797
555,JVASP-45174,Li5Fe2Cu3O10,3.297204971313477,4.262315034866333,3.32,train,5.337640047073364,0.0485,269.61796201324177,3.929888497978838,5.337640047073364,0.003396849996330109
556,JVASP-52665,Li2VCl4,2.6947827339172363,2.892825484275818,2.684,train,3.703796148300171,0.0273,259.40829490683944,3.3274662605825975,3.703796148300171,0.003193647456567472
557,JVASP-117318,LiV3O6,2.7465436458587646,2.786426305770874,2.775,train,2.958875894546509,0.0126,104.7907501512583,3.379227172524126,2.958875894546509,0.003180400685115492
558,JVASP-119265,Li3Ni2SnO6,3.0693745613098145,3.865333318710327,3.082,train,4.9260900020599365,0.0365,227.82871424812274,3.7020580879751757,4.9260900020599365,0.0029955309969156296
559,JVASP-144729,Li2TiV3O8,2.4753003120422363,3.0620028972625732,2.493,val,3.4231526851654053,0.0091,156.47361455445937,3.1079838387075975,3.4231526851654053,0.0026627630879688946
560,JVASP-46829,LiV2OF5,2.97379994392395,3.2406961917877197,3.009,train,3.4210832118988037,0.0229,121.92721442754093,3.6064834705893114,3.4210832118988037,-0.0026804191241404374
561,JVASP-42785,Li2V3CrO8,3.0338492393493652,4.15429425239563,3.004,train,4.754411458969116,0.0284,154.61004575807004,3.6665327660147264,4.754411458969116,-0.0028027484756543986
562,JVASP-59595,LiV2O4,2.9403133392333984,3.9746615886688232,2.954,train,4.04382586479187,0.0258,155.0817800617001,3.5729968658987596,4.04382586479187,-0.00598784342775921
563,JVASP-42989,Li2MnV3O8,3.066495180130005,3.8003876209259033,3.072,train,4.189997911453247,0.03,153.3091231439441,3.699178706795366,4.189997911453247,-0.007113162425294861
564,JVASP-44725,LiFePO4,3.3246042728424072,3.9729039669036865,3.344,train,4.118695020675659,0.0405,169.89052695436877,3.9572877995077684,4.118695020675659,-0.007822349481056534
565,JVASP-141044,Li2Cr3NiO8,3.329737663269043,4.388464689254761,3.335,val,5.025412321090698,0.0386,150.33410390884148,3.962421189934404,5.025412321090698,-0.007867763198847605
566,JVASP-108828,Li2CrNiO4,3.1006908416748047,3.5543529987335205,3.104,train,4.400339365005493,0.0453,284.2616458487749,3.733374368340166,4.400339365005493,-0.008704574413089361
567,JVASP-146245,Li2Si2NiO6,3.12951397895813,4.414327621459961,3.169,test,5.262952566146851,0.0415,238.50803105693362,3.762197505623491,5.262952566146851,-0.009363741585432628
568,JVASP-44417,Li2VCr3O8,3.012596607208252,3.925859689712525,3.006,train,4.777381658554077,0.0286,153.6751347370386,3.645280133873613,4.777381658554077,-0.009536514787483685
569,JVASP-116776,Li3V4FeO12,3.293530225753784,3.508016029993693,3.297,train,4.007457494735718,0.04,170.19450226645344,3.9262137524191454,4.007457494735718,-0.011201211579290438
570,JVASP-117289,Li4CoSn3P4O16,3.1526918411254883,3.879593133926392,3.155,train,5.348013639450073,0.0312,130.30786187206368,3.7853753677908495,5.348013639450073,-0.012193995644395716
571,JVASP-44767,LiVFeO4,2.6386570930480957,3.4006869792938232,2.627,train,3.8069159984588623,0.0162,150.80301747536566,3.271340619713457,3.8069159984588623,-0.01227004277798599
572,JVASP-45864,Li3Fe2Ni2O8,3.3583033084869385,3.8217718601226807,3.389,train,4.062055826187134,0.0469,212.7692721082135,3.9909868351522997,4.062055826187134,-0.012594931146855892
573,JVASP-42660,Li2TiFe3O8,3.3984341621398926,4.266765356063843,3.408,train,4.689848184585571,0.0416,150.03101978011097,4.031117688805254,4.689848184585571,-0.012767476505594733
574,JVASP-47724,Li2NbCr3O8,2.6789801120758057,3.625403642654419,2.739,train,4.394934415817261,0.0162,137.172006138779,3.311663638741167,4.394934415817261,-0.012938640468565826
575,JVASP-45795,Li3MnFe3O8,3.1413683891296387,3.621105909347534,3.175,train,4.423041582107544,0.0401,216.55356856942137,3.774051915795,4.423041582107544,-0.012943227147424019
576,JVASP-143603,LiMnVF6,3.557680368423462,3.603902101516723,3.664,val,3.765669584274292,0.0438,118.16660387492462,4.190363895088823,3.765669584274292,-0.014509383478828075
577,JVASP-97999,LiVSi2O6,2.587153673171997,3.395833730697632,2.623,train,4.212665319442749,0.0125,127.59578253125144,3.2198371998373583,4.212665319442749,-0.015528678068487359
578,JVASP-46857,Li2Co3SnO8,3.6440510749816895,4.58417534828186,3.638,train,4.983010530471802,0.0477,122.55277150685342,4.276734601647051,4.983010530471802,-0.018146328985098215
579,JVASP-43277,Li3V4FeO12,3.318739891052246,3.52298903465271,3.281,train,3.8999173641204834,0.0419,170.19450226645344,3.9514234177176073,3.8999173641204834,-0.018247695487566107
580,JVASP-43011,Li2TiV3O8,2.8440566062927246,3.984632730484009,2.845,train,4.7076332569122314,0.0246,156.47361455445937,3.476740132958086,4.7076332569122314,-0.01846091999978136
581,JVASP-43661,Li4Mn3Co3Sn2O16,3.1741557121276855,4.047107934951782,3.174,train,5.159255266189575,0.0325,124.25521742747736,3.8068392387930468,5.159255266189575,-0.02036409816425891
582,JVASP-43767,Li4Ti5Cr3O16,2.3835744857788086,3.3991997241973877,2.416,train,3.8854615688323975,0.01,157.8698953660891,3.01625801244417,3.8854615688323975,-0.02279705354297125
583,JVASP-145578,LiVCoO4,2.9109232425689697,3.377398729324341,2.831,test,3.7746870517730713,0.0267,148.2273820689519,3.543606769234331,3.7746870517730713,-0.023396616138025517
584,JVASP-116861,LiCr2O4,3.2084012031555176,4.197753190994263,3.225,train,4.772886037826538,0.0372,153.21190642877704,3.841084729820879,4.772886037826538,-0.02354585344740656
585,JVASP-141122,Li3Ti8O16,2.6991567611694336,3.146128416061402,2.737,train,3.327932596206665,0.0169,121.87118939908599,3.331840287834795,3.327932596206665,-0.023948412341144268
586,JVASP-116484,Li2MnSnS4,2.632207155227661,2.9109675884246826,2.652,train,4.6866538524627686,0.0198,169.74240819473022,3.2648906818930223,4.6866538524627686,-0.024288662363672955
587,JVASP-47678,LiVC2O6,3.209971189498902,4.116772890090942,3.25,train,4.423787355422974,0.0372,150.65450345564966,3.842654716164263,4.423787355422974,-0.0250078665023942
588,JVASP-143934,LiCoSnO4,3.55594801902771,4.370116472244263,3.544,train,4.627296686172485,0.0445,107.81755502695243,4.188631545693071,4.627296686172485,-0.02689497013401254
589,JVASP-121895,LiCoSnO4,3.555428266525269,4.36504864692688,3.544,train,4.630511522293091,0.0445,107.81755502695243,4.188111793190631,4.630511522293091,-0.02701084251939584
590,JVASP-42995,LiFeO2,2.915537118911743,3.4038937091827393,2.957,train,4.60731053352356,0.0417,282.76138538152856,3.5482206455771044,4.60731053352356,-0.02704529893833535
591,JVASP-144419,Li4Mn3Fe3Co2O16,3.433103084564209,3.9903995990753174,3.438,train,4.663384675979614,0.0445,146.06310394045698,4.06578661122957,4.663384675979614,-0.027183229550774957
592,JVASP-44582,Li2Fe3SnO8,3.0341310501098633,3.8905203342437744,3.04,train,4.300699472427368,0.029,125.204819376856,3.6668145767752245,4.300699472427368,-0.02757469870811055
593,JVASP-145936,LiCr2S4,2.5707764625549316,3.469041109085083,2.564,test,4.386051416397095,0.0122,112.04951211452128,3.203459989220293,4.386051416397095,-0.028194927451187
594,JVASP-44509,Li2FeSnP2O8,3.1361913681030273,3.718012571334839,3.14,train,4.169366121292114,0.0343,141.66446910940243,3.7688748947683886,4.169366121292114,-0.028492629010330173
595,JVASP-48920,LiV2OF5,3.0378265380859375,3.2338993549346924,3.047,train,3.4084532260894775,0.029,121.92721442754093,3.6705100647512987,3.4084532260894775,-0.02907314933320343
596,JVASP-146730,Li4Mn5Cu3O16,3.431821346282959,4.499327898025513,3.424,test,5.325594186782837,0.0447,143.11628900008785,4.06450487294832,5.325594186782837,-0.030890246557270462
597,JVASP-140538,Li3Mn4O8,3.168621063232422,3.3984010219573975,3.236,val,4.4177868366241455,0.0439,218.152213108751,3.801304589897783,4.4177868366241455,-0.03106821074590621
598,JVASP-122524,Li2TiCrO4,2.4216127395629883,2.8921334743499756,2.42,train,4.072609186172485,0.0279,301.57617006055506,3.0542962662283495,4.072609186172485,-0.03182859821296233
599,JVASP-99366,LiNbGeO5,3.348005533218384,3.6073758602142334,3.39,train,5.082042455673218,0.0382,106.15104728898916,3.980689059883745,5.082042455673218,-0.03243396005984467
600,JVASP-140523,Li2MnV3O8,2.7665371894836426,3.5198657512664795,2.781,val,4.087459325790405,0.0238,153.3091231439441,3.399220716149004,4.087459325790405,-0.03265174933816811
601,JVASP-42824,LiTiMnO4,3.2019877433776855,3.4487063884735107,3.198,train,3.5853488445281982,0.0385,154.25877223371887,3.8346712700430468,3.5853488445281982,-0.032900575363569995
602,JVASP-44377,Li2Cr3SbO8,2.607011318206787,3.8648974895477295,2.64,train,5.234130144119263,0.0158,127.74000322245007,3.2396948448721483,5.234130144119263,-0.0329994758491681
603,JVASP-116768,Li2MnV3O8,2.763134002685547,3.5526163578033447,2.781,train,4.051222562789917,0.0238,153.3091231439441,3.395817529350908,4.051222562789917,-0.03341044770007806
604,JVASP-46343,Li2TiVO4,2.5269033908843994,2.109546899795532,2.517,train,2.541701555252075,0.032,303.3761907124601,3.1595869175497606,2.541701555252075,-0.034413297963088424
605,JVASP-47509,LiFePO4,3.410266399383545,3.682451486587525,3.402,train,3.938198328018189,0.0475,169.89052695436877,4.042949926048906,3.938198328018189,-0.03539170561488619
606,JVASP-44376,Li2Fe3SbO8,2.977492332458496,3.7221100330352783,3.007,train,4.297362565994263,0.0282,124.31915304887981,3.6101758591238573,4.297362565994263,-0.03549579617363091
607,JVASP-117265,LiV2O5,3.262775421142578,2.9652369022369385,3.268,train,3.1132571697235107,0.0399,141.94121078222818,3.8954589478079393,3.1132571697235107,-0.037409532430865367
608,JVASP-145777,Li2NbNi3O8,2.957505226135254,4.30429482460022,2.721,test,5.177981615066528,0.0285,130.46407430273416,3.590188752800615,5.177981615066528,-0.037597752116898475
609,JVASP-141022,Li2VFe3O8,3.437605381011963,4.26196026802063,3.439,val,4.701666593551636,0.0465,148.75097084398527,4.070288907677324,4.701666593551636,-0.03760837066003819
610,JVASP-43926,Li4Cr3Co3Sn2O16,3.08038330078125,4.250211954116821,3.092,train,4.732294321060181,0.0321,125.53941471132352,3.713066827446611,4.732294321060181,-0.037692924586780835
611,JVASP-145866,Li2FeBr4,2.6560187339782715,3.1248671412467957,2.244,test,4.575807571411133,0.0192,137.67542429739902,3.2887022606436327,4.575807571411133,-0.03770090357468828
612,JVASP-48011,Li4Mn2Cr3Co3O16,3.4724197387695312,4.077523946762085,3.45,train,4.8865697383880615,0.0478,147.5815165667367,4.1051032654348925,4.8865697383880615,-0.03934221232818674
613,JVASP-47182,LiCrO2,2.6410398483276367,3.2167680263519287,2.635,train,4.219083070755005,0.0358,294.72937927827303,3.273723374992998,4.219083070755005,-0.04042793222355959
614,JVASP-46544,Li3CoCu4O8,3.241265296936035,4.048357407251994,3.243,train,4.651602506637573,0.0436,174.0599333881599,3.8739488236013964,4.651602506637573,-0.04411421815020439
615,JVASP-141606,Li3VCr3O8,2.9425883293151855,3.5526559352874756,2.947,train,4.49054217338562,0.0392,226.01516827454643,3.5752718559805468,4.49054217338562,-0.04455485939162318
616,JVASP-133636,Li3CoCu4O8,3.2432920932769775,4.034500598907471,3.243,test,4.682869911193848,0.0438,174.0599333881599,3.8759756199423387,4.682869911193848,-0.04499570233301248
617,JVASP-48346,Li5Mn3Cr2O10,2.9281861782073975,3.866668462753296,2.96,train,5.4235475063323975,0.0455,289.11729097046,3.5608697048727587,5.4235475063323975,-0.045055268335542575
618,JVASP-58270,LiTiSi2O6,2.417574644088745,2.8185365200042725,2.459,train,3.090688467025757,0.0116,129.49114417032706,3.0502581707541063,3.090688467025757,-0.04599128368604345
619,JVASP-112839,Li3Mn3NiO8,3.229785203933716,3.524869203567505,3.251,train,4.090290307998657,0.048,215.95188439857196,3.862468730599077,4.090290307998657,-0.046324776886957575
620,JVASP-48233,Li4Mn5O10,3.151608467102051,3.0971481800079346,3.182,train,3.718907117843628,0.0471,231.82254714988784,3.784291993767412,3.718907117843628,-0.046508314503610426
621,JVASP-133652,Li2TiVO4,2.4812545776367188,2.1129167079925537,2.517,val,2.6562259197235107,0.0323,303.3761907124601,3.11393810430208,2.6562259197235107,-0.046590135700449425
622,JVASP-52314,LiCuCO3,2.597990036010742,3.6032721996307377,2.605,train,3.9526054859161377,0.0259,205.38178870838937,3.2306735626761034,3.9526054859161377,-0.04733168865882459
623,JVASP-119543,Li3Mn2VO6,2.8919873237609863,3.539480447769165,2.883,train,5.022117853164673,0.0449,289.6027798145101,3.5246708504263475,5.022117853164673,-0.04878136653589016
624,JVASP-48119,LiMn2F5,3.4387454986572266,3.5818943977355957,3.406,train,4.025076389312744,0.0459,126.5360204160019,4.071429025322588,4.025076389312744,-0.04909437452273002
625,JVASP-50508,Li5Cu3Sb2O10,3.2130401134490967,4.1234776973724365,3.192,train,5.388372182846069,0.0481,213.09678799083977,3.845723640114458,5.388372182846069,-0.052747503908499915
626,JVASP-40678,Li2MnSnP2O8,2.9535441398620605,3.827796220779419,2.969,train,5.06760048866272,0.0323,142.00484677140304,3.5862276665274218,5.06760048866272,-0.05563706270699384
627,JVASP-144437,Li3TiFe2O6,2.8148159980773926,3.3358609676361084,2.837,train,4.293665170669556,0.0435,290.9236971149973,3.447499524742754,4.293665170669556,-0.055716502183336486
628,JVASP-107881,Li2CuSnO4,3.127479076385498,4.248672246932983,3.172,train,5.3162522315979,0.045,206.0577741847799,3.7601626030508593,5.3162522315979,-0.056143033335572134
629,JVASP-47766,LiCrSiO4,2.6258180141448975,3.862338781356811,2.641,train,4.8973681926727295,0.0254,177.4695130923619,3.2585015408102587,4.8973681926727295,-0.05757141338929826
630,JVASP-50866,LiCoS2,2.5661473274230957,2.6869168281555176,2.546,train,3.351384162902832,0.0265,206.1585886602437,3.198830854088457,3.351384162902832,-0.05788023252714253
631,JVASP-48234,LiCrSiO4,2.5962202548980713,3.7753303050994873,2.603,train,4.834031820297241,0.0245,177.4695130923619,3.2289037815634325,4.834031820297241,-0.05816986736465396
632,JVASP-45918,LiFeC2O6,2.863326072692871,4.921365022659302,2.863,train,5.098039865493774,0.0303,146.61337106291614,3.4960095993582323,5.098039865493774,-0.05915140707605018
633,JVASP-121742,Li4Mn3Nb2Cr3O16,2.7299184799194336,3.5630815029144287,2.787,train,4.86519980430603,0.0248,135.6402449216742,3.362602006584795,4.86519980430603,-0.060001209311988296
634,JVASP-146780,Li4V5Co3O16,3.1018733978271484,3.603818655014038,3.091,test,4.613644361495972,0.0389,149.883542861873,3.7345569244925096,4.613644361495972,-0.060986520484019424
635,JVASP-132895,Li4Ni3SbO8,3.056023597717285,3.6628568172454834,3.057,train,4.391631603240967,0.0466,236.34494543962015,3.6887071243826464,4.391631603240967,-0.061280144690003396
636,JVASP-44428,LiTiVO4,2.655632972717285,3.5895836353302,2.715,train,4.111020803451538,0.0249,157.89065828583293,3.2883164993826464,4.111020803451538,-0.061463604201798014
637,JVASP-144094,Li4Ti2Mn3Co3O16,3.3365225791931152,3.9327056407928462,3.35,val,4.555737257003784,0.0471,148.6695468936417,3.9692061058584764,4.555737257003784,-0.06420122194169525
638,JVASP-42735,LiMnSiO4,2.826594591140747,4.330296754837036,2.864,train,5.211155652999878,0.0328,174.07838375537773,3.4592781178061083,5.211155652999878,-0.06454684516360162
639,JVASP-42466,Li4Fe3Co3Sn2O16,3.224100112915039,4.05823016166687,3.214,train,4.629054307937622,0.0408,123.86460141074612,3.8567836395804003,4.629054307937622,-0.06483971273908873
640,JVASP-46809,LiMnSi2O6,2.910402536392212,4.174944639205933,2.919,train,4.767881631851196,0.0305,125.21339170623044,3.543086063057573,4.767881631851196,-0.06515236512598577
641,JVASP-140714,Li3Mn3CrO8,3.16147518157959,3.163950204849243,3.192,train,3.6836788654327393,0.0491,219.9075246522698,3.794158708244951,3.6836788654327393,-0.06608425497119264
642,JVASP-154237,LiV2O5,3.1889004707336426,3.03912615776062,3.333,test,3.2579801082611084,0.0418,141.94121078222818,3.821583997399004,3.2579801082611084,-0.06654570464827109
643,JVASP-111917,Li2Mn3CrO8,3.332750082015991,3.653714895248413,3.339,train,4.093747854232788,0.0477,149.441986230218,3.9654336086813524,4.093747854232788,-0.06849494938220657
644,JVASP-59875,LiCr2S4,2.5732851028442383,3.4434454441070557,2.565,train,4.387494325637817,0.0184,112.04951211452128,3.2059686295095995,4.387494325637817,-0.06896899049139882
645,JVASP-42171,LiMnSiO4,3.212902784347534,3.984980344772339,3.219,train,4.39910101890564,0.0467,174.07838375537773,3.8455863110128954,4.39910101890564,-0.07109088302176747
646,JVASP-44918,Li2TiNi2O5,3.1501755714416504,3.3119447231292725,3.128,train,3.9992401599884033,0.0482,206.8551828337525,3.7828590981070116,3.9992401599884033,-0.07185146824823052
647,JVASP-48745,LiVCuO4,3.342100143432617,3.3568851947784424,3.323,train,3.544949769973755,0.0482,144.53996153244398,3.9747836700979784,3.544949769973755,-0.07321708242342517
648,JVASP-142672,Li2Cr3SnO8,3.00728988647461,4.204225778579712,3.006,val,4.66599440574646,0.0354,128.67526468124558,3.639973413139971,4.66599440574646,-0.07376632148435339
649,JVASP-145531,Li3V5O12,3.113828659057617,3.3884011109670005,3.158,test,3.8918182849884033,0.0436,171.97954429936078,3.7465121857229784,3.8918182849884033,-0.07399867747471628
650,JVASP-119746,Na3Li3Mn2P2C2O14,2.4009432792663574,3.3459320863087973,2.418,train,4.66716456413269,0.0184,157.77056724535078,3.0336268059317186,4.66716456413269,-0.07499527401501371
651,JVASP-100378,Li2Cu3Ge,2.926699638366699,1.1117093563079834,2.838,train,1.8742406368255615,0.0399,193.40078915508087,3.5593831650320604,1.8742406368255615,-0.0758723022326015
652,JVASP-147127,LiMnP2O7,3.400534152984619,4.392934083938599,3.249,test,4.769301652908325,0.0473,113.6511412160019,4.03321767964998,4.769301652908325,-0.07607590542874246
653,JVASP-144292,LiMnPO4,3.1718389987945557,3.7820041179656982,3.219,val,4.763847589492798,0.0462,170.87288374783182,3.804522525459917,4.763847589492798,-0.0791834369550285
654,JVASP-143988,Li2Cr3CuO8,3.2487802505493164,4.863363981246948,3.279,train,5.388098478317261,0.0464,148.31559793261206,3.8814637772146776,5.388098478317261,-0.07934640807672874
655,JVASP-116826,Li2VCrO4,2.5785794258117676,3.1019561290740967,2.587,train,3.7528579235076904,0.0403,296.4483617831834,3.211262952477129,3.7528579235076904,-0.083134742394125
656,JVASP-109815,Li2MnBr4,2.664764881134033,3.4117836356163025,2.714,train,5.4800074100494385,0.0265,137.99688111390955,3.2974484077993944,5.4800074100494385,-0.08418996003486547
657,JVASP-44783,Li4Ti2V3Cr3O16,2.592388391494751,3.552318811416626,2.621,train,4.454490900039673,0.026,155.7543782350582,3.225071918160112,4.454490900039673,-0.08441017356477579
658,JVASP-133672,Li4Co3Ni3Te2O16,3.370760440826416,4.07218861579895,3.396,val,4.791173458099365,0.0484,120.2083607553622,4.003443967491777,4.791173458099365,-0.08540086751856779
659,JVASP-133662,Li2Fe3SbO8,3.1240193843841553,4.006852388381958,3.137,val,4.669353723526001,0.0406,124.31915304887981,3.7567029110495165,4.669353723526001,-0.08549607075929275
660,JVASP-43466,Li2Fe3SbO8,3.123480319976806,4.002432107925415,3.137,train,4.674747705459595,0.0406,124.31915304887981,3.7561638466421674,4.674747705459595,-0.08561624849477542
661,JVASP-120690,Li2VCrO4,2.572573661804199,3.120979070663452,2.588,train,3.950910806655884,0.0405,296.4483617831834,3.2052571884695604,3.950910806655884,-0.08580698645581139
662,JVASP-142545,Li2Fe3SnO8,3.166584014892578,4.144829034805298,3.175,train,4.4217846393585205,0.0422,125.204819376856,3.7992675415579393,4.4217846393585205,-0.08604595010489105
663,JVASP-105096,LiCr2O4,3.1714460849761963,3.970304250717163,3.191,train,4.466960668563843,0.0455,153.21190642877704,3.8041296116415575,4.466960668563843,-0.08711787283891603
664,JVASP-144756,Li4NbNi3O8,2.908616542816162,3.8798348903656006,2.592,val,4.900191068649292,0.0476,252.40021323918612,3.5413000694815233,4.900191068649292,-0.08943359120472577
665,JVASP-153830,LiV2O5,3.209010124206543,2.8252599239349365,3.245,test,3.071005582809448,0.0461,141.94121078222818,3.841693650871904,3.071005582809448,-0.09072917305000455
666,JVASP-121939,Li2VCrO4,2.574810028076172,3.101682424545288,2.586,train,4.0004308223724365,0.0419,296.4483617831834,3.207493554741533,4.0004308223724365,-0.09464174961717364
667,JVASP-43300,Li2Ti3FeO8,2.8444948196411133,3.3842809200286865,2.842,train,3.8568999767303462,0.0363,157.0445921115887,3.4771783463064745,3.8568999767303462,-0.09595866537234474
668,JVASP-44413,Li2TiFe3O8,3.151297092437744,3.848207235336304,3.172,train,4.575248956680298,0.046,150.03101978011097,3.7839806191031053,4.575248956680298,-0.09719695973442241
669,JVASP-8671,Li2MnBr4,2.55808687210083,3.0896605253219604,2.548,train,5.2110207080841064,0.025,137.99688111390955,3.1907703987661913,5.2110207080841064,-0.09797250137247185
670,JVASP-44523,LiCrSnO4,2.8869454860687256,3.655393362045288,2.891,train,3.8900887966156006,0.0334,110.91276308195921,3.519629012734087,3.8900887966156006,-0.0998477235258729
671,JVASP-11743,LiV2O5,3.1322133541107178,3.364666223526001,3.12,train,3.5397207736968994,0.0452,141.94121078222818,3.764896880776079,3.5397207736968994,-0.10185006212499792
672,JVASP-146916,Li2Ti3CoO8,2.952722549438477,3.784580945968628,2.931,test,4.377884149551392,0.0413,155.63643799364482,3.585406076103838,4.377884149551392,-0.10616169970266959
673,JVASP-43113,Li2NiSnO4,3.028017997741699,3.720787763595581,3.095,train,4.706583261489868,0.0499,209.97466624186578,3.6607015244070604,4.706583261489868,-0.10820804171662615
674,JVASP-147436,Li2Cr3O6,3.043165922164917,3.952127695083618,3.255,test,5.4226086139678955,0.0496,201.615932804756,3.675849448830278,5.4226086139678955,-0.10875349574922943
675,JVASP-137240,Li4V5Cr3O16,2.841142177581787,3.559452772140503,2.794,test,4.674199342727661,0.0379,154.37525317790164,3.4738257042471483,4.674199342727661,-0.10926409524492547
676,JVASP-141648,LiTiFeO4,2.68827223777771,4.39460301399231,2.675,train,5.0598742961883545,0.0332,153.45771134545836,3.320955764443071,5.0598742961883545,-0.11266133732137962
677,JVASP-43192,Li2Co3WO8,3.060840129852295,3.860573053359986,3.05,train,5.062395811080933,0.0408,106.6689995682875,3.693523656517656,5.062395811080933,-0.11342027482844483
678,JVASP-40482,Li2FeP2S6,2.6208901405334473,2.7853658199310303,2.546,train,3.603102684020996,0.0324,165.40830221274766,3.2535736671988085,3.603102684020996,-0.11388253773644173
679,JVASP-116898,LiV2OF5,2.870051622390747,3.0542662143707275,2.868,train,3.307278871536255,0.0371,121.92721442754093,3.5027351490561083,3.307278871536255,-0.12047648957263726
680,JVASP-140950,LiAlCrO4,3.037571907043457,4.147966146469116,3.056,train,5.237005949020386,0.0489,178.77637280255982,3.6702554337088182,5.237005949020386,-0.12151668528202678
681,JVASP-50018,Li3Cu3P2O8,2.9902210235595703,4.044311920801799,3.025,train,4.865529775619507,0.0499,200.30816675565603,3.6229045502249315,4.865529775619507,-0.12348350982320316
682,JVASP-122383,LiV2OF5,2.9577198028564453,2.92511248588562,2.938,train,3.2150089740753174,0.0405,121.92721442754093,3.5904033295218065,3.2150089740753174,-0.12359862082086298
683,JVASP-141695,Li4Ti2V3Co3O16,2.969066381454468,3.668174982070923,2.982,val,4.490823984146118,0.0444,151.18324343766764,3.6017499081198294,4.490823984146118,-0.1263399774434442
684,JVASP-12704,LiMo2O4,2.911916732788086,3.2284319400787354,2.924,train,4.177927732467651,0.0376,101.9771103000743,3.544600259453447,4.177927732467651,-0.12861195985532817
685,JVASP-52353,LiCuS,2.5176212787628174,2.7026885747909546,2.477,train,3.544458508491516,0.0414,261.345282014111,3.1503048054281786,3.544458508491516,-0.12892987287034088
686,JVASP-47613,LiVCoO4,2.901899814605713,3.3445985317230225,2.831,train,3.633014440536499,0.0424,148.2273820689519,3.534583341271074,3.633014440536499,-0.13007494435038405
687,JVASP-141048,LiV2OF5,2.9941020011901855,2.97273325920105,2.905,val,3.2981116771698,0.043,121.92721442754093,3.6267855278555468,3.2981116771698,-0.1321543268156271
688,JVASP-42984,Li2NbCr3O8,2.9332027435302734,4.075214147567749,2.978,train,4.456270933151245,0.0429,137.172006138779,3.5658862701956346,4.456270933151245,-0.13426285230646073
689,JVASP-59895,LiCr2S4,2.7101569175720215,3.2273142337799072,2.701,train,4.2703211307525635,0.0333,112.04951211452128,3.3428404442373827,4.2703211307525635,-0.13778844733587164
690,JVASP-43165,Li2MnV3O8,2.7608118057250977,3.52712082862854,2.78,train,3.99557900428772,0.0395,153.3091231439441,3.393495332390459,3.99557900428772,-0.13859481942804516
691,JVASP-141617,Li2V3FeO8,3.060629367828369,3.981309652328491,3.066,train,4.248518705368042,0.0495,152.91247278100812,3.6933128944937303,4.248518705368042,-0.1387019152659862
692,JVASP-43199,LiMnVO4,2.7585325241088867,2.9536373615264893,2.728,train,3.3938496112823486,0.0401,151.57653283327403,3.391216050774248,3.3938496112823486,-0.1443305664273961
693,JVASP-122376,LiFe2O4,3.0247819423675537,4.455795526504517,3.069,train,4.793334245681763,0.0486,146.7540207892472,3.657465469032915,4.793334245681763,-0.14505716396659155
694,JVASP-122353,Li5Mn5V2O12,2.769867420196533,2.77572922706604,2.781,train,3.726102113723755,0.0483,222.1346646070985,3.4025509468618944,3.726102113723755,-0.14647700601445196
695,JVASP-44478,Li2Mn3SnO8,2.9998135566711426,3.433030843734741,2.991,train,4.124084234237671,0.0465,126.00562883100076,3.632497083336504,4.124084234237671,-0.15132462019483464
696,JVASP-119390,LiV2OF5,2.934406995773315,2.9023783206939697,2.918,train,3.083050012588501,0.044,121.92721442754093,3.567090522438676,3.083050012588501,-0.15212925585840809
697,JVASP-111808,Li2FeP2S6,2.762333869934082,2.8273134231567383,2.668,train,3.432480573654175,0.0429,165.40830221274766,3.3950173965994432,3.432480573654175,-0.15234940947596953
698,JVASP-43385,LiVFeO4,2.81571364402771,3.465757131576538,2.852,train,3.653898000717163,0.0435,150.80301747536566,3.448397170693071,3.653898000717163,-0.15479747686746098
699,JVASP-117452,LiV2OF5,2.9349188804626465,2.855114221572876,2.914,train,3.1474297046661377,0.0445,121.92721442754093,3.5676024071280077,3.1474297046661377,-0.15534847083787973
700,JVASP-113243,Li3MnV3O8,2.7445476055145264,3.088509321212769,2.756,train,3.509298086166382,0.0496,225.48734111633914,3.3772311321798876,3.509298086166382,-0.1584129067688422
701,JVASP-44569,Li2MgCu2Si4O12,2.756648302078247,4.143486261367798,2.755,train,4.659966707229614,0.0384,114.14264811260279,3.3893318287436083,4.659966707229614,-0.15994069837665134
702,JVASP-143141,Li2Ti6O13,2.6651172637939453,3.403022050857544,2.618,val,3.6056368350982666,0.0347,105.29457617979827,3.2978007904593065,3.6056368350982666,-0.16194895554375402
703,JVASP-42946,Li4Ti3V3Cr2O16,2.587208032608032,3.3947813510894775,2.585,train,3.84266209602356,0.0377,156.6943835395282,3.219891559273393,3.84266209602356,-0.16289903916695617
704,JVASP-133696,Li4Ti3V3Cr2O16,2.588498592376709,3.3897016048431396,2.585,val,3.8479483127593994,0.0378,156.6943835395282,3.22118211904207,3.8479483127593994,-0.16327799151156738
705,JVASP-141651,Li4Mn3Cr3Sb2O16,2.751911878585815,3.772495985031128,2.775,train,5.264339208602905,0.0403,126.41062816489314,3.384595405251176,5.264339208602905,-0.16497093853786943
706,JVASP-46436,Li2TiCrO4,2.41299819946289,2.970818281173706,2.434,train,3.7835371494293217,0.0478,301.57617006055506,3.0456817261282514,3.7835371494293217,-0.16641576993865465
707,JVASP-145972,Li4V3Co3Sn2O16,2.9627692699432373,3.7256019115448,3.027,test,4.4441978931427,0.0477,126.00624864117434,3.5954527966085985,4.4441978931427,-0.16758274611668061
708,JVASP-142854,Li3Nb4VO12,2.6430487632751465,2.8582441806793213,2.688,train,4.197774171829224,0.0373,126.54488215991319,3.2757322899405077,4.197774171829224,-0.1691454979527766
709,JVASP-47126,LiCrSiO4,2.7769317626953125,3.988814115524292,2.761,train,4.543009519577026,0.0475,177.4695130923619,3.4096152893606737,4.543009519577026,-0.17121580741685283
710,JVASP-145654,Li2V3FeO8,2.7373783588409424,3.6225335597991943,2.801,test,4.009664297103882,0.0439,152.91247278100812,3.3700618855063036,4.009664297103882,-0.17343339222803128
711,JVASP-99666,Li2TiCrO4,2.4156949520111084,2.979625940322876,2.487,train,3.875896692276001,0.0491,301.57617006055506,3.0483784786764696,3.875896692276001,-0.17448122901308608
712,JVASP-44677,Li2TiCrO4,2.4033403396606445,2.886474847793579,2.42,train,3.9219024181365967,0.0492,301.57617006055506,3.0360238663260057,3.9219024181365967,-0.17790220354130612
713,JVASP-42228,LiCu2PO4,2.852940082550049,3.641200542449951,2.899,train,3.942405223846435,0.0452,117.0348072283056,3.48562360921541,3.942405223846435,-0.18175776127922208
714,JVASP-11785,LiMnBO3,2.390596628189087,4.010639429092407,2.408,train,5.244328737258911,0.0413,222.07201174489785,3.023280154854448,5.244328737258911,-0.18440845874203016
715,JVASP-8567,Li2FeBr4,2.62874698638916,3.0668909549713135,2.629,train,4.604864597320557,0.0414,137.67542429739902,3.2614305130545214,4.604864597320557,-0.19178080204921769
716,JVASP-117317,Na3Li3Fe2P2C2O14,2.464526653289795,3.35271954536438,2.456,train,4.150614023208618,0.0382,157.2110098680337,3.097210179955156,4.150614023208618,-0.19321661673354834
717,JVASP-117092,Li4Nb2Fe3Co3O16,2.7847647666931152,3.738377809524536,2.835,train,4.433204889297485,0.0464,131.71851037675862,3.4174482933584764,4.433204889297485,-0.19455261416690414
718,JVASP-50751,LiCu2PO4,2.9096031188964844,3.5613582134246826,2.938,train,3.831394910812378,0.0492,117.0348072283056,3.5422866455618456,3.831394910812378,-0.19579210553533494
719,JVASP-143216,LiCr2S4,2.834537982940674,2.6326630115509033,2.832,train,3.123985528945923,0.0466,112.04951211452128,3.467221509606035,3.123985528945923,-0.19872589543580632
720,JVASP-43809,Li4Ti5Fe3O16,2.6809816360473633,3.429121255874634,2.7,train,4.057426691055298,0.0469,155.23043414690306,3.3136651627127245,4.057426691055298,-0.20436397519171787
721,JVASP-120596,Li4Nb2Ni3Sn3O16,2.7208755016326904,3.771539449691773,2.676,train,4.975844621658325,0.0434,107.015719984373,3.3535590282980516,4.975844621658325,-0.20629884768189707
722,JVASP-47051,Li3Nb4VO12,2.64281702041626,2.7460502783457437,2.654,train,4.338721990585327,0.0434,126.54488215991319,3.2755005470816214,4.338721990585327,-0.20986382882063254
723,JVASP-112848,Li4Mn3Nb2Cu3O16,2.6687235832214355,4.258316278457642,2.671,train,5.332096338272095,0.0454,129.94353719259914,3.3014071098867968,5.332096338272095,-0.215013531993879
724,JVASP-43133,LiTiFeO4,2.682539939880371,4.425030469894409,2.675,train,5.050758600234985,0.0489,153.45771134545836,3.3152234665457323,5.050758600234985,-0.21860594883289716
725,JVASP-140663,LiMnNbO4,2.482509136199951,2.7421209812164307,2.447,train,3.152909994125366,0.0416,122.50256326381404,3.1151926628653124,3.152909994125366,-0.23646663110754162
726,JVASP-43617,Li2V3SnO8,2.512401342391968,3.2397162914276123,2.523,train,3.8233296871185303,0.0436,129.6600041126611,3.1450848690573294,3.8233296871185303,-0.23806453467005817
727,JVASP-43844,Li4Ti3V5O16,2.3965258598327637,3.180171251296997,2.431,train,3.768074750900269,0.0427,157.1789426524217,3.029209386498125,3.768074750900269,-0.23839927262163502
728,JVASP-122024,LiVCrO4,2.5581674575805664,3.262087106704712,2.52,train,3.858492612838745,0.0489,154.14117263381135,3.1908509842459276,3.858492612838745,-0.24584899431098722
