,name,avg_voltage,voltage_profile,max_voltage,max_vol_cap,vol_capacity_profile,max_grav_cap,grav_capacity_profile
0,Na_JVASP-23351_Na2MgAlF7.json,6.276258826255798,3.112258195877075;3.1583621501922607;3.1070950031280518;3.1828763484954834;3.3430678844451904;3.3554527759552;3.3477511405944824;3.37971830368042;3.7391626834869385;3.736588716506958;3.8098368644714355;3.8715991973876953;4.1661036014556885;4.227140665054321;4.919562339782715;5.92099142074585;23.62201476097107;18.465821504592896;14.90034031867981;9.592689275741577;8.789339780807495;6.475401163101196;5.816390514373779;5.121938228607178;6.5210795402526855;6.6105217933654785;5.773041486740112;5.731592416763306;5.9168829917907715;6.073449611663818;5.3888936042785645;5.663318157196045,23.62201476097107,21.17818901316562,21.178189013165618;21.178189013165618;21.178189013165618;21.17818901316562;21.17818901316562;21.178189013165618;21.17818901316562;21.17818901316562;21.178189013165618;21.178189013165618;21.178189013165618;21.178189013165618;21.17818901316562;21.17818901316562;21.178189013165618;21.178189013165618;21.178189013165618;21.178189013165618;21.178189013165618;21.17818901316562;21.178189013165614;21.178189013165618;21.17818901316562;21.178189013165618;21.178189013165618;21.178189013165614;21.178189013165618;21.17818901316562;21.17818901316562;21.17818901316562;21.178189013165618;21.178189013165614,9.019829555740131,7.274948712363653;7.320631679811997;7.366892004239188;7.413740700502668;7.461189065442753;7.509248686964283;7.55793145347155;7.607249563672598;7.6572155367699235;7.707842223055432;7.759142814928485;7.8111308583569015;7.863820264801799;7.917225323628356;7.971360715025732;8.026241523460685;8.081883251690803;8.13830183536467;8.19551365823787;8.253535568035337;8.31238489299232;8.372079459108063;8.43263760814831;8.494078216434792;8.556420714462174;8.619685107385244;8.68389199642175;8.749062601218974;8.815218783235053;8.882383070189192;8.95057868163816;9.019829555740131
1,Ca_JVASP-102282_Li2CaAl.json,1.5656664371490479,0.602760910987854;0.42831504344940186;1.6838643550872803;2.80915904045105;1.1661189794540405;1.5882397890090942;2.3872199058532715;1.8596534729003906,2.80915904045105,67.36253951890221,67.3625395189022;67.3625395189022;67.3625395189022;67.36253951890221;67.36253951890221;67.3625395189022;67.3625395189022;67.3625395189022,73.03128405184556,41.39018392885959;44.1209832128054;47.2375757419202;50.8279296819757;55.00895770769872;59.939488689939665;65.8409022400421;73.03128405184556
2,Li_JVASP-82056_LiAl2Au.json,-0.09798264503479004,-0.09798264503479004,-0.09798264503479004,62.91323843431487,62.91323843431487,103.93382013835085,103.93382013835085
3,Li_JVASP-16683_LiAlAg2.json,1.2638654708862305,0.5501047372817993;0.6502288579940796;1.2246003150939941;1.8282577991485596;1.3378733396530151;1.6621984243392944;1.2179683446884155;1.639691948890686,1.8282577991485596,88.05156924181149,88.05156924181149;88.05156924181148;88.05156924181149;88.05156924181149;88.05156924181149;88.05156924181148;88.05156924181149;88.05156924181149,13.7536277627698,13.419047557141576;13.465844613551205;13.512969208618369;13.560424793147593;13.608214866589144;13.656342977899241;13.70481272641861;13.7536277627698
4,Li_JVASP-18768_LiAl2Rh.json,0.8756508827209473,0.2755002975463867;0.23436212539672852;1.3361215591430664;2.3708767890930176;0.5601043701171875;0.770197868347168;1.1541223526000977;0.3039216995239258,2.3708767890930176,101.19728683271686,101.19728683271683;101.19728683271684;101.19728683271683;101.19728683271686;101.19728683271681;101.19728683271684;101.19728683271683;101.19728683271683,21.239164652202387,20.45170512862351;20.560605325427595;20.6706714630057;20.781922366866016;20.894377269990226;21.008055823918113;21.12297811019587;21.239164652202387
5,Na_JVASP-118646_NaAlO.json,0.818336009979248,0.18023252487182617;0.2098069190979004;0.20458126068115234;0.4671945571899414;0.19721293449401855;0.4706246852874756;1.2833988666534424;2.4855234622955322;1.697868824005127;0.35756444931030273;1.6744070053100586;0.5916166305541992,2.4855234622955322,68.8719777809512,68.8719777809512;68.87197778095118;68.87197778095118;68.8719777809512;68.8719777809512;68.8719777809512;68.87197778095118;68.8719777809512;68.87197778095118;68.87197778095118;68.87197778095118;68.87197778095118,49.74651050344113,33.85527989414978;34.86785549900329;35.94286867577616;37.086278190401615;38.304825960025894;39.606170084448046;40.9990459483801;42.49346255680431;44.10094343323192;45.8348243451671;47.710624136432756;49.74651050344113
6,K_JVASP-10486_K3AlO3.json,4.271351337432861,0.20515227317810059;0.36804699897766113;0.43930602073669434;0.5200293064117432;0.26399731636047363;0.30213475227355957;0.40877723693847656;0.4876866340637207;1.1875009536743164;1.392033576965332;1.873403787612915;2.4904839992523193;2.7938716411590576;2.7570388317108154;3.386337995529175;3.0543134212493896;6.6157684326171875;6.221682071685791;6.065953254699707;5.0567545890808105;3.904651641845703;3.1876659393310547;3.11918306350708;2.6388497352600098;5.178928375244141;4.542297840118408;4.940679550170898;4.378930568695068;4.908308982849121;4.359026908874512;4.6620049476623535;4.1401896476745605;7.2834038734436035;7.067282199859619;6.333172082901001;6.13340163230896;6.913180351257324;7.196146488189697;6.221667051315308;6.530331373214722;7.7246880531311035;7.0718207359313965;7.3715739250183105;7.125692844390869;6.572652101516724;6.402175188064575;6.391451597213745;6.8352344036102295,7.7246880531311035,22.892644503480174,22.89264450348017;22.89264450348017;22.892644503480174;22.892644503480174;22.892644503480174;22.892644503480167;22.89264450348017;22.89264450348017;22.89264450348017;22.89264450348017;22.892644503480167;22.89264450348017;22.89264450348017;22.89264450348017;22.892644503480167;22.892644503480174;22.89264450348017;22.89264450348017;22.892644503480174;22.89264450348017;22.892644503480174;22.89264450348017;22.892644503480167;22.89264450348017;22.892644503480167;22.89264450348017;22.89264450348017;22.89264450348017;22.89264450348017;22.89264450348017;22.89264450348017;22.89264450348017;22.89264450348017;22.89264450348017;22.89264450348017;22.89264450348017;22.892644503480174;22.892644503480163;22.89264450348017;22.89264450348017;22.89264450348017;22.89264450348017;22.892644503480174;22.892644503480167;22.89264450348017;22.892644503480174;22.892644503480174;22.89264450348017,21.635487035389694,8.711978851013399;8.824125830415962;8.939197737928025;9.057310513946742;9.17858630855537;9.303153902898421;9.431149165341177;9.562715545810285;9.698004612096632;9.837176632335765;9.980401208372129;10.127857965269643;10.2797373028625;10.436241215957885;10.597584190620086;10.763994184898738;10.935713703431244;11.113000976572431;11.29613125610893;11.48539824123193;11.68111565030602;11.883618956126735;12.093267304856408;12.310445641728629;12.53556706998956;12.769075473488734;13.011448437950092;13.263200511376393;13.52488685042529;13.797107307137276;14.080511019331745;14.375801578610185;14.683742862576219;15.005165633049018;15.3409750202684;15.69215903506583;16.05979827758514;16.44507704349179;16.849296068121898;17.27388719749613;17.720430334874838;18.190673085552906;18.68655361477523;19.210227349086455;19.76409829681453;20.350855947619827;20.973518946005232;21.635487035389694
7,Na_JVASP-98841_KNa2AlH6.json,2.64216947555542,1.210233449935913;1.2761857509613037;1.252326250076294;1.3030979633331299;2.923766613006592;2.4713921546936035;3.229046583175659;2.469388246536255;2.572995185852051;2.207650661468506;2.1763463020324707;1.8212461471557617;5.458580732345581;4.091629266738892;4.690954208374023;3.1198720932006836,5.458580732345581,32.84498431224358,32.84498431224358;32.84498431224358;32.84498431224358;32.844984312243575;32.84498431224358;32.844984312243575;32.84498431224358;32.84498431224358;32.844984312243575;32.84498431224358;32.84498431224358;32.84498431224358;32.84498431224358;32.84498431224358;32.844984312243575;32.84498431224358,44.66842105005399,28.36567420545708;29.073065567254876;29.816641571575467;30.599251478923016;31.424051756120797;32.29454862686156;33.214647896067085;34.18871354125848;35.22163692504523;36.31891894493785;37.48676803251723;38.732217687982285;40.06326824947179;41.48905893451142;43.020077973247574;44.66842105005399
8,Ca_JVASP-86893_CaAlSi.json,3.085977077484131,1.1429619789123535;0.9973807334899902;1.0471630096435547;1.309814453125;0.9679341316223145;0.9846115112304688;1.107161045074463;1.1693792343139648;1.988224983215332;2.119906425476074;2.9602506160736084;6.158682107925415;2.310558795928955;3.4129624366760254;5.524105548858643;8.80520486831665;1.5384931564331055;2.541830062866211;3.2619853019714355;5.243743419647217;2.820225715637207;3.8791861534118652;4.923619985580444;7.848064184188843,8.80520486831665,27.649464541786926,27.64946454178692;27.649464541786923;27.649464541786923;27.64946454178692;27.649464541786926;27.649464541786923;27.64946454178692;27.64946454178692;27.64946454178692;27.64946454178692;27.649464541786923;27.649464541786923;27.649464541786923;27.64946454178692;27.649464541786923;27.64946454178692;27.649464541786923;27.64946454178692;27.64946454178692;27.649464541786923;27.64946454178692;27.649464541786923;27.649464541786923;27.649464541786923,19.682557599321537,11.737116369684212;11.946797896051416;12.164107544910271;12.389469289903579;12.623339117229419;12.866208105197527;13.11860586625758;13.381104402269864;13.65432243208203;13.938930260324444;14.235655268072483;14.545288120057283;14.86868979994767;15.206799605514064;15.560644260021707;15.931348325998194;16.320146143862573;16.728395562427494;17.157593783091365;17.609395707331366;18.08563526140318;18.588350277536243;19.1198116434133;19.682557599321537
9,Na_JVASP-23880_Na4Al3Si3BrO12.json,3.70837140083313,2.283787727355957;2.7130823135375977;7.883611679077148;4.863335609436035;3.276973247528076;2.5601229667663574;2.351484775543213;3.7345728874206543,7.883611679077148,61.43900960722878,61.43900960722877;61.439009607228776;61.439009607228776;61.43900960722877;61.43900960722877;61.439009607228776;61.43900960722878;61.43900960722877,29.872839393346272,25.3294840818443;25.892043614030918;26.48015926454943;27.095612964629538;27.740356250550718;28.41653093436465;29.12649287325618;29.872839393346272
10,Li_JVASP-41707_Li2PrAl.json,0.6372060775756836,-0.021941781044006348;0.10962522029876709;0.5312904119491577;1.3202732801437378;0.34127771854400635;0.6382962465286255;0.657727837562561;1.0711151361465454;0.3360252380371094;0.33861398696899414;0.6496646404266357;0.7328240871429443;0.5386326313018799;1.8321301937103271;0.656221866607666;0.46352052688598633,1.8321301937103271,68.37791616954237,68.37791616954236;68.37791616954237;68.37791616954237;68.37791616954236;68.37791616954237;68.37791616954237;68.37791616954237;68.37791616954237;68.37791616954237;68.37791616954237;68.37791616954236;68.37791616954237;68.37791616954237;68.37791616954237;68.37791616954236;68.37791616954237,19.852147588421218,18.43078210546998;18.519177309002934;18.608424496745947;18.69853604593446;18.789524574718268;18.881402948051722;18.97418428375761;19.067881958770652;19.162509615566982;19.258081168785957;19.354610812051146;19.4521130249975;19.55060258051198;19.650094552195267;19.7506043220525;19.852147588421218
11,Na_JVASP-120989_NaAlAs.json,0.5015642642974854,-0.0886082649230957;-0.05481696128845215;0.3212435245513916;-0.19131755828857422;-0.208440899848938;1.5624760389328003;0.10207366943359375;1.2168924808502197;1.222834587097168;-0.059247493743896484;1.3759236335754395;0.819758415222168,1.5624760389328003,49.30499688515477,49.304996885154765;49.304996885154765;49.304996885154765;49.30499688515477;49.30499688515477;49.30499688515477;49.304996885154765;49.304996885154765;49.304996885154765;49.30499688515477;49.30499688515476;49.304996885154765,21.512996633698197,17.882975246589258;18.161567423354583;18.448977131600223;18.745629719058464;19.051978338276342;19.36850625634959;19.6957293987887;20.034199155682014;20.384505482260373;20.74728033053881;21.123201454026848;21.512996633698197
12,K_JVASP-106204_K3AlCl6.json,5.019472559293111,2.230502724647522;2.408628821372986;2.7472413778305054;2.869458794593811;2.3764911890029907;2.8093308210372925;2.8199622631073;2.8738133907318115;4.290743112564087;5.608220815658569;6.558951497077942;6.660952925682068;6.719391584396362;6.086694717407227;5.376122713088989;4.331807613372803;10.607283115386963;7.6377434730529785;6.8153977394104;6.413846969604492;5.899329900741577;5.178930759429932;6.495615005493164;4.6508800983428955,10.607283115386963,19.694585657923643,19.69458565792364;19.694585657923643;19.69458565792364;19.694585657923643;19.694585657923643;19.69458565792364;19.69458565792364;19.69458565792364;19.69458565792364;19.694585657923643;19.69458565792364;19.69458565792364;19.694585657923643;19.69458565792364;19.694585657923643;19.69458565792364;19.694585657923643;19.694585657923643;19.69458565792364;19.694585657923643;19.69458565792364;19.69458565792364;19.694585657923643;19.69458565792364,13.697324682438767,9.384418377151963;9.514675176782823;9.648598831310894;9.786346389542123;9.92808399855931;10.073987572265596;10.224243519756808;10.37904953986387;10.538615488986277;10.703164330227109;10.87293317285661;11.048174412295236;11.229156982142532;11.416167731314058;11.609512941118114;11.809519999148408;12.016539249235372;12.230946039445534;12.45314299331431;12.683562533225434;12.922669689210872;13.17096523155961;13.428989171640005;13.697324682438767
13,Li_JVASP-139085_LiAlF.json,0.19107508659362793,-0.3603367805480957;-0.49918317794799805;0.0829010009765625;-0.19432735443115234;-0.05746722221374512;0.1731865406036377;-0.013020038604736328;-0.0062770843505859375;1.1116571426391602;0.2174534797668457;-0.21367931365966797;2.0519938468933105,2.0519938468933105,75.3534627425701,75.35346274257009;75.35346274257009;75.3534627425701;75.3534627425701;75.3534627425701;75.3534627425701;75.3534627425701;75.35346274257009;75.35346274257009;75.35346274257009;75.3534627425701;75.35346274257009,47.97112384646529,42.203647632223216;42.67002354974767;43.146822117699955;43.63439667513867;44.13311671510028;44.64336881843315;45.16555765316929;45.70010704486349;46.247461123849845;46.80808555594222;47.38246886374662;47.97112384646529
14,K_JVASP-108583_K2AlHgCl6.json,3.20239520072937,1.9336738586425781;2.178110122680664;2.460117816925049;2.7195844650268555;2.3183422088623047;2.7807629108428955;2.815593123435974;2.4910048246383667;3.179404854774475;3.964192748069763;4.289268612861633;4.236274600028992;4.160363435745239;4.047438859939575;4.238695383071899;3.4254953861236572,4.289268612861633,20.185160131216154,20.18516013121615;20.18516013121615;20.18516013121615;20.185160131216154;20.185160131216154;20.18516013121615;20.18516013121615;20.18516013121615;20.18516013121615;20.185160131216154;20.18516013121615;20.18516013121615;20.18516013121615;20.18516013121615;20.18516013121615;20.18516013121615,7.525515646194793,6.461474899184293;6.522960795110097;6.585628104127665;6.64951120670878;6.7146458304071475;6.781069116487091;6.848819690546413;6.9179377374156;6.988465080638549;7.060445266865126;7.133923655513397;7.20894751408945;7.285566119585721;7.363830866414907;7.443795381376278;7.525515646194793
15,K_JVASP-62190_K6Na3AlSb4.json,1.7257065375645955,0.8653267621994019;0.8326147794723511;1.6689083576202393;1.0894808769226074;1.446254551410675;1.6675687432289124;2.477570056915283;2.5059252977371216;1.2490445971488953;2.527807891368866;2.4787593483924866;1.8992171883583069,2.527807891368866,47.457217714055254,47.45721771405525;47.45721771405525;47.457217714055254;47.457217714055254;47.45721771405525;47.45721771405525;47.45721771405525;47.45721771405525;47.45721771405525;47.457217714055254;47.45721771405525;47.45721771405525,22.240416834951105,16.390726393667144;16.79224534411981;17.213930080543438;17.65733893762413;18.124195058140202;18.616408772108674;19.136103724344075;19.685647503948605;20.267687707485255;20.885194594691196;21.54151178692529;22.240416834951105
16,Na_JVASP-61909_Na4BeAlSi4ClO12.json,4.28546404838562,2.306575298309326;2.3698296546936035;2.415473461151123;2.4877476692199707;2.856886863708496;3.067246437072754;3.133918285369873;3.5170464515686035;6.679860591888428;6.955665111541748;7.5104169845581055;6.590368270874023;6.975828647613525;5.993835926055908;5.305118083953857;4.190974712371826;3.904163360595703;3.8018455505371094;3.474518299102783;3.259580135345459;3.096388339996338;2.9912009239196777;2.989276885986328;2.7827892303466797;4.596418380737305;4.656521797180176;5.235482215881348;5.244283676147461;4.517894268035889;4.367636203765869;5.152307510375977;4.70775032043457,7.5104169845581055,16.551737065708902,16.5517370657089;16.5517370657089;16.5517370657089;16.5517370657089;16.5517370657089;16.551737065708895;16.551737065708902;16.5517370657089;16.5517370657089;16.551737065708902;16.551737065708895;16.5517370657089;16.5517370657089;16.551737065708902;16.5517370657089;16.5517370657089;16.5517370657089;16.5517370657089;16.5517370657089;16.5517370657089;16.5517370657089;16.5517370657089;16.5517370657089;16.5517370657089;16.551737065708902;16.5517370657089;16.551737065708895;16.5517370657089;16.551737065708902;16.5517370657089;16.5517370657089;16.551737065708902,8.847586935723209,7.162485331547775;7.206762492802566;7.251590485660448;7.296979653419797;7.342940599973272;7.3894841980667545;7.436621597874408;7.484364235904027;7.532723844247662;7.581712460193167;7.6313424362133;7.681626450349699;7.7325775170101405;7.784208998198339;7.836534615196698;7.889568460723416;7.943325011586613;7.997819141859305;8.053066136600474;8.109081706148745;8.16588200101681;8.223483627416227;8.281903663443964;8.341159675963814;8.401269738217717;8.462252448204145;8.524126947862726;8.586912943106736;8.650630724747451;8.715301190357101;8.78094586711983;8.847586935723209
17,Na_JVASP-49235_Na3Ca3AlAs4.json,0.7830063899358114,0.4991854429244995;0.5099486112594604;0.60990309715271;0.635350227355957;0.8066551685333252;0.905921220779419;0.9550843238830566;0.9086942672729492;0.9584856033325195;0.653623104095459;0.8935637474060059;1.059661865234375,1.059661865234375,40.36009886266796,40.360098862667954;40.36009886266796;40.36009886266796;40.36009886266796;40.36009886266796;40.36009886266796;40.36009886266796;40.36009886266796;40.360098862667954;40.360098862667954;40.360098862667954;40.36009886266796,14.802561591179956,12.988454748188962;13.134792546755184;13.284465426503612;13.437588712795325;13.594283110182069;13.75467501973769;13.918896879121949;14.08708752729955;14.259392596025346;14.43596493041584;14.616965041159776;14.802561591179956
18,Li_JVASP-46281_Li2AlCoO4.json,4.461969614028931,3.7273905277252197;3.724792718887329;4.071888208389282;4.027338266372681;4.109618902206421;4.249361753463745;3.720404863357544;3.7267353534698486;4.0319273471832275;4.34142804145813;4.384201288223267;4.726292848587036;5.517224550247192;5.63349175453186;5.233881235122681;6.165536165237427,6.165536165237427,65.62716657264008,65.62716657264008;65.62716657264006;65.62716657264008;65.62716657264008;65.62716657264008;65.62716657264006;65.62716657264008;65.62716657264008;65.62716657264008;65.62716657264008;65.62716657264006;65.62716657264006;65.62716657264008;65.62716657264006;65.62716657264006;65.62716657264006,22.21903495163109,20.453608476593168;20.562528998016525;20.672615787510775;20.783887677649496;20.89636390867146;21.010064139571476;21.125008459555275;21.241217399872493;21.358711946042366;21.477513550487462;21.597644145591342;21.71912615719697;21.841982518563203;21.966236684797668;22.091912647785104;22.21903495163109
19,Na_JVASP-10256_Na3AlAs2.json,1.8907461166381836,0.8871155977249146;0.8862653970718384;0.8100368976593018;0.9118051528930664;0.932074785232544;0.8074028491973877;0.5484371185302734;1.1077075004577637;1.9060814380645752;1.6898090839385986;1.7538453340530396;1.6930698156356812;1.6725354194641113;1.3771767616271973;1.391798496246338;1.1375374794006348;2.754793643951416;2.6245155334472656;2.798163652420044;3.718055009841919;3.3520967960357666;1.743084192276001;5.014128684997559;3.86037015914917,5.014128684997559,38.15071606663891,38.1507160666389;38.1507160666389;38.1507160666389;38.1507160666389;38.1507160666389;38.15071606663891;38.1507160666389;38.1507160666389;38.1507160666389;38.1507160666389;38.15071606663891;38.1507160666389;38.15071606663891;38.15071606663891;38.15071606663891;38.1507160666389;38.15071606663889;38.15071606663891;38.15071606663891;38.15071606663891;38.1507160666389;38.15071606663891;38.15071606663891;38.15071606663891,18.64337164944707,13.630050111716972;13.791292129538057;13.956394769342879;14.125498363587834;14.298750129540107;14.476304596737739;14.658324066697975;14.844979107748445;15.036449088152185;15.232922751029141;15.434598834947652;15.641686744475237;15.854407275444705;16.072993400216085;16.29769111880555;16.52876038241835;16.76647609667495;17.01112921267043;17.263027914971524;17.522498916750415;17.78988887349947;18.0655659281899;18.349921402356927;18.64337164944707
20,Li_JVASP-101575_Li2SmAl.json,0.6884297132492065,-0.06040167808532715;0.0162351131439209;0.46090519428253174;1.014706015586853;0.5855194330215454;0.8937095403671265;0.8542214632034302;1.3268121480941772;0.5441603660583496;0.1595461368560791;0.4519221782684326;0.6984295845031738;0.5761929750442505;1.953011155128479;0.7060952186584473;0.833810567855835,1.953011155128479,71.51452649680401,71.51452649680401;71.51452649680401;71.51452649680401;71.514526496804;71.514526496804;71.51452649680401;71.51452649680401;71.51452649680401;71.51452649680401;71.514526496804;71.51452649680401;71.51452649680401;71.51452649680401;71.514526496804;71.51452649680401;71.514526496804,18.799174534360972,17.519732113873186;17.59958546482944;17.680170077481446;17.761496042891075;17.8435736386473;17.926413333195995;18.010025790290943;18.094421873569917;18.179612651260104;18.26560940101704;18.35242361490155;18.44006700449928;18.528551506187647;18.617889286555148;18.708092747978217;18.799174534360972
21,Li_JVASP-145615_LiAlFeO3.json,3.510740041732788,2.5343987941741943;2.574392080307007;2.7423675060272217;2.7782371044158936;2.61690354347229;2.6371233463287354;2.797650098800659;2.824514150619507;2.8676931858062744;2.8630402088165283;3.0553290843963623;3.0747478008270264;3.007951498031616;2.9859626293182373;3.1444485187530518;3.155484437942505;3.6899383068084717;3.6657874584198;3.921668767929077;3.916785955429077;3.7207038402557373;3.7302405834198;3.8142831325531006;3.8194215297698975;4.504163503646851;4.471215009689331;4.5296289920806885;4.470909357070923;4.605675458908081;4.484335660934448;4.721022844314575;4.617656946182251,4.721022844314575,22.879567455150937,22.879567455150934;22.87956745515093;22.87956745515093;22.879567455150934;22.87956745515093;22.879567455150934;22.879567455150934;22.87956745515093;22.879567455150937;22.87956745515093;22.879567455150937;22.879567455150934;22.87956745515093;22.879567455150937;22.879567455150934;22.87956745515093;22.879567455150937;22.87956745515093;22.879567455150937;22.879567455150934;22.87956745515093;22.879567455150937;22.87956745515093;22.879567455150937;22.879567455150937;22.87956745515093;22.879567455150937;22.879567455150934;22.87956745515093;22.879567455150937;22.87956745515093;22.879567455150937,6.3914513091883105,6.079496259708814;6.089083260289284;6.09870054487441;6.108348257185641;6.1180265418553015;6.127735544433806;6.137475411396967;6.147246290153357;6.157048329051743;6.166881677388596;6.176746485415672;6.1866429043476625;6.196571086369927;6.206531184646281;6.216523353326893;6.22654774755621;6.236604523481015;6.246693838258515;6.256815850064534;6.26697071810178;6.2771586026081945;6.287379664865372;6.2976340672070785;6.307921973027842;6.318243546791631;6.328598954040624;6.338988361404051;6.349411936607139;6.35986984848013;6.370362266967404;6.38088936313668;6.3914513091883105
22,Na_JVASP-80290_NaCa2Al.json,0.6323342323303223,0.928530216217041;0.8093874454498291;0.5010638236999512;0.2903554439544678,0.928530216217041,74.61536169330712,74.61536169330712;74.61536169330711;74.61536169330712;74.61536169330711,59.35572904092738,51.49088572904838;53.870216936724084;56.480093361344856;59.35572904092738
23,K_JVASP-140865_KAlSi3Ni3H2O12.json,3.523324489593506,2.6551828384399414;3.050617218017578;3.954531192779541;4.432966709136963,4.432966709136963,45.37771255085128,45.37771255085127;45.37771255085128;45.37771255085127;45.37771255085127,13.643555207215883,12.874799492427554;13.121241350135797;13.377301812414396;13.643555207215883
24,Na_JVASP-58408_NaAlPO4F.json,4.8619914054870605,2.7643113136291504;2.787259578704834;2.8427858352661133;2.8953981399536133;2.7819037437438965;2.8548874855041504;2.8854832649230957;2.9682326316833496;4.207406997680664;4.654529571533203;6.959629058837891;7.394443511962891;9.080657958984375;8.743545532226562;8.014649868011475;5.956737995147705,9.080657958984375,33.22123682762832,33.22123682762832;33.22123682762832;33.22123682762831;33.22123682762832;33.22123682762831;33.22123682762831;33.22123682762832;33.22123682762832;33.22123682762832;33.22123682762832;33.22123682762831;33.22123682762831;33.22123682762832;33.22123682762832;33.22123682762832;33.22123682762832,11.76426841629212,10.217650486233136;10.307994847022469;10.399951108039822;10.493562796230659;10.588875019948016;10.68593454142986;10.784789853299298;10.885491259350694;10.988090959904383;11.092643142034342;11.199204074996416;11.307832211210329;11.418588293176096;11.531535466735926;11.646739401125178;11.76426841629212
25,Li_JVASP-12870_LiAlO2.json,4.275066614151001,2.169713258743286;2.069871187210083;2.4449002742767334;2.949352979660034;5.256463289260864;7.856158494949341;5.733665227890015;5.720408201217651,7.856158494949341,170.19552861013156,170.19552861013153;170.19552861013153;170.19552861013156;170.19552861013153;170.19552861013153;170.19552861013153;170.19552861013153;170.19552861013156,55.978265067299446,50.82095177810738;51.49875364131232;52.19487965713007;52.910083088922086;53.64515906018416;54.400947503312636;55.1783363611975;55.978265067299446
26,Na_JVASP-11189_NaAlAsO4F.json,4.484555721282959,3.7311034202575684;3.7722201347351074;3.829096794128418;3.843332290649414;3.7529945373535156;3.7997169494628906;3.726846694946289;3.7967300415039062;3.6411356925964355;3.942866802215576;4.815788269042969;5.080996513366699;5.184503555297852;5.630237579345703;6.365746021270752;6.839576244354248,6.839576244354248,30.56450740411494,30.564507404114938;30.56450740411494;30.564507404114938;30.56450740411494;30.564507404114938;30.564507404114938;30.564507404114938;30.56450740411494;30.564507404114934;30.564507404114938;30.564507404114938;30.564507404114938;30.56450740411494;30.56450740411494;30.564507404114938;30.56450740411494,8.98963465822017,8.057633167479691;8.113712511029018;8.170577925094674;8.22824605398859;8.286734015266607;8.346059416668469;8.406240373790647;8.467295528529368;8.529244068333202;8.59210574630706;8.655900902211744;8.720650484406086;8.786376072781243;8.853099902740045;8.92084489027724;8.98963465822017
27,K_JVASP-146469_KAlCo3Si3H2O12.json,3.8698863983154297,2.990645408630371;3.4472246170043945;4.158645153045654;4.883030414581299,4.883030414581299,44.941351117071754,44.941351117071754;44.94135111707175;44.94135111707175;44.941351117071754,13.62359881782737,12.857027193589802;13.102782653535002;13.358116171485525;13.62359881782737
28,Li_JVASP-97013_LiAlSiH2O5.json,5.970961332321167,4.049516916275024;6.238665819168091;5.6562659740448;8.238831281661987;7.080888032913208;5.703503847122192;6.119009733200073;4.68100905418396,8.238831281661987,52.06213496590857,52.06213496590856;52.06213496590856;52.062134965908555;52.06213496590857;52.06213496590856;52.06213496590857;52.062134965908555;52.06213496590856,24.28593567315169,23.26179559681609;23.402780934261987;23.545485663472423;23.68994143077573;23.836180663917915;23.984236596331137;24.134143292312285;24.28593567315169
29,Na_JVASP-125522_NaAl3.json,0.6497170925140381,1.5726720094680786;0.9268690347671509;0.5285184383392334;0.12707805633544922;0.48737215995788574;0.5267288684844971;0.44330501556396484;0.5851931571960449,1.5726720094680786,73.00217847491729,73.00217847491727;73.00217847491727;73.00217847491729;73.00217847491729;73.00217847491727;73.00217847491729;73.00217847491729;73.00217847491727,39.96959724621681,32.233655566059255;33.150239076114794;34.120475451891835;35.14921764158362;36.241922059211085;37.404745395733784;38.644660685082926;39.96959724621681
30,Li_JVASP-25636_Li4Al3Ge3IO12.json,4.685808777809143,3.1939289569854736;3.733901262283325;4.8134706020355225;6.305128812789917;5.557005167007446;4.7856504917144775;4.276605844497681;4.820779085159302,6.305128812789917,65.86795632743883,65.86795632743882;65.86795632743883;65.86795632743882;65.86795632743882;65.86795632743882;65.86795632743882;65.86795632743882;65.86795632743882,21.571220346631765,20.759416431376756;20.8716272410958;20.9850577089176;21.099727828831607;21.215658034246665;21.332869210129395;21.451382705547207;21.571220346631765
31,K_JVASP-110672_K2AlAgCl6.json,4.41481351852417,2.752111554145813;2.6666988134384155;2.849353313446045;2.790947914123535;2.6978543996810913;2.788525700569153;3.0008026361465454;2.9268463850021362;4.191397070884705;5.205641388893127;5.903579950332642;6.218536615371704;6.069702863693237;6.6912853717803955;6.704076886177063;7.179655432701111,7.179655432701111,22.173011303026094,22.173011303026094;22.17301130302609;22.173011303026087;22.173011303026094;22.173011303026087;22.173011303026094;22.173011303026094;22.17301130302609;22.173011303026094;22.17301130302609;22.17301130302609;22.17301130302609;22.17301130302609;22.17301130302609;22.17301130302609;22.17301130302609,9.505284141382509,7.8686373338710816;7.960009131842372;8.053527906903737;8.149270230432672;8.247316358812508;8.347750457808598;8.450660843541003;8.556140241503845;8.66428606522799;8.775200716347276;8.888991908011176;9.005773013790876;9.125663444454482;9.24878905524347;9.375282586570483;9.505284141382509
32,Ca_JVASP-106117_YbCaAl4.json,1.7340912818908691,2.2122682332992554;1.6186696290969849;1.6006505489349365;1.7473394870758057;1.5301185846328735;1.7648645639419556;1.6394145488739014;1.7594046592712402,2.2122682332992554,43.57150551992085,43.571505519920834;43.57150551992084;43.57150551992085;43.57150551992084;43.57150551992084;43.57150551992084;43.57150551992084;43.57150551992085,11.714921147527592,10.435278525472782;10.600697656634276;10.7714456804132;10.947784313667857;11.1299926966928;11.318368867685328;11.513231389522716;11.714921147527592
33,Li_JVASP-118599_Li2AlO2.json,1.7822728157043457,0.8024189472198486;0.8674309253692627;0.5400106906890869;0.4377272129058838;0.5132763385772705;0.4124176502227783;0.651322603225708;0.6994259357452393;0.7103531360626221;0.7818443775177002;0.313610315322876;0.21133828163146973;1.026566743850708;1.053504228591919;0.5487349033355713;0.5779078006744385;0.29887890815734863;0.37267422676086426;2.811897039413452;2.811945676803589;1.3285753726959229;1.3285658359527588;1.437877893447876;1.437861680984497;2.542863130569458;2.542930841445923;3.547762632369995;3.5477683544158936;3.7784926891326904;3.7784812450408936;4.472391843795776;4.038910627365112;3.5301015377044678;3.0286500453948975;3.7678520679473877;3.609449625015259,4.472391843795776,52.75229921582478,52.75229921582477;52.75229921582477;52.75229921582477;52.75229921582477;52.75229921582476;52.75229921582476;52.75229921582476;52.75229921582476;52.75229921582476;52.75229921582476;52.75229921582478;52.75229921582476;52.75229921582477;52.75229921582476;52.75229921582477;52.75229921582476;52.75229921582477;52.752299215824756;52.75229921582477;52.75229921582476;52.75229921582477;52.75229921582476;52.75229921582477;52.75229921582476;52.75229921582477;52.752299215824756;52.75229921582477;52.75229921582476;52.75229921582477;52.75229921582476;52.75229921582477;52.75229921582476;52.75229921582477;52.75229921582476;52.75229921582477;52.75229921582476,25.081232490578934,20.435402093014826;20.544128278372714;20.65401760358053;20.76508883371002;20.877361139667503;20.990854109224845;21.105587758412153;21.221582543286143;21.338859372088756;21.45743961781112;21.577345131178824;21.698598254074938;21.821221833418235;21.945239235514634;22.070674360900814;22.197551659699847;22.32589614750951;22.455733421845025;22.587089679158836;22.71999173246134;22.854467029567303;22.99054367199415;23.12825043453942;23.26761678556605;23.40867290802552;23.551449721250297;23.695978903548816;23.842292915637405;23.990425024945818;24.140409330834434;24.29228079076336;24.446075247455585;24.6018294570985;24.759581118630482;24.919368904161434;25.081232490578934
34,Na_JVASP-118650_NaAlP.json,0.1887657642364502,-0.1552562713623047;-0.10924720764160156;0.3175160884857178;-0.21713471412658691;0.05312085151672363;0.2089226245880127;0.3990590572357178;0.43144774436950684;0.7704637050628662,0.7704637050628662,76.32067511372243,76.32067511372242;76.32067511372242;76.32067511372242;76.32067511372242;76.32067511372242;76.32067511372242;76.32067511372243;76.32067511372242;76.3206751137224,49.21428164843431,36.789669560747186;37.98848884104032;39.2680686345259;40.63685426334566;42.104511108139675;43.68215318398418;45.38262510476398;47.220852573504416;49.21428164843431
35,Ca_JVASP-99237_CaAl2Si2H4O10.json,10.01830530166626,7.438178539276123;9.057884693145752;9.497706413269043;10.263251304626465;10.448028564453125;11.724238395690918;10.80652904510498;10.910625457763672,11.724238395690918,32.29934952423729,32.299349524237286;32.299349524237286;32.29934952423729;32.299349524237286;32.299349524237286;32.299349524237286;32.29934952423729;32.299349524237286,12.000537751050873,10.661304189178937;10.834026108281954;11.012436663002342;11.196821593557821;11.387486103017435;11.584756543119267;11.78898227840222;12.000537751050873
36,Li_JVASP-57519_LiAlSiO4.json,4.4133946895599365,2.8748137950897217;2.876509428024292;3.4671075344085693;4.148311376571655;7.981781721115112;7.554077863693237;6.020325422286987;5.501471281051636;4.0401389598846436;4.934138059616089;5.056910276412964;4.266363859176636;2.752732515335083;2.761237382888794;3.0922372341156006;3.286158323287964,7.981781721115112,33.92594996302936,33.92594996302936;33.92594996302936;33.92594996302935;33.92594996302936;33.92594996302936;33.92594996302936;33.92594996302936;33.92594996302936;33.92594996302936;33.92594996302936;33.92594996302935;33.92594996302935;33.92594996302936;33.92594996302936;33.92594996302936;33.92594996302936,14.017692862543257,13.293790688105322;13.339716695172312;13.385961123083101;13.43252729494006;13.47941858024772;13.526638395725513;13.57419020613769;13.62207752514077;13.670303916149031;13.718872993218412;13.767788421949342;13.817053920408972;13.866673260073224;13.916650266789286;13.966988821758921;14.017692862543257
37,Li_JVASP-18763_Li2AlPd.json,0.8972792625427246,0.2431337833404541;0.21974873542785645;0.9132401943206787;1.9187629222869873;-0.00021767616271972656;1.1822178363800049;1.2426722049713135;0.34473681449890137;0.7375280857086182;0.48132967948913574;0.33289670944213867;1.3280282020568848;0.5417606830596924;1.1932237148284912;1.7765100002288818;1.9008963108062744,1.9187629222869873,98.65362541898405,98.65362541898405;98.65362541898402;98.65362541898403;98.65362541898403;98.65362541898403;98.65362541898402;98.65362541898402;98.653625418984;98.65362541898402;98.65362541898402;98.65362541898403;98.65362541898403;98.65362541898402;98.65362541898403;98.65362541898402;98.65362541898405,24.951262675020406,22.746501082089626;22.8812913006943;23.017688509866055;23.15572162014115;23.29542023972567;23.436814695668478;23.57993605580998;23.724816151540022;23.87148760139991;24.019983835565455;24.17033912124942;24.322588589064107;24.476768260386596;24.6329150757714;24.791066924457674;24.951262675020406
38,Ca_JVASP-62958_CaAlB3O7.json,11.071539878845215,6.448334217071533;7.083591938018799;6.772640705108643;8.551146030426025;7.811288356781006;8.829563617706299;8.669847965240479;10.938544750213623;23.3865065574646;17.037720203399658;16.797638416290283;12.349441051483154;15.224446773529053;9.435899257659912;9.928082466125488;7.879945755004883,23.3865065574646,26.819281293594084,26.81928129359408;26.81928129359408;26.819281293594084;26.819281293594077;26.819281293594084;26.81928129359408;26.81928129359408;26.81928129359408;26.819281293594077;26.81928129359408;26.81928129359408;26.81928129359408;26.81928129359408;26.81928129359408;26.81928129359408;26.81928129359408,9.63166217834231,7.920496213446751;8.015431250941543;8.112669678862016;8.212296356747041;8.314400364391858;8.419075267504594;8.526419403685681;8.636536190567423;8.7495344581433;8.865528807531804;8.984639998660908;9.10699536963013;9.232729290811617;9.361983657094589;9.494908422064155;9.63166217834231
39,Ca_JVASP-96084_Ba2CaMgAl2F14.json,14.992846250534058,8.426227569580078;8.852509498596191;17.654288053512573;20.255604028701782;11.228367567062378;11.76020884513855;20.46759271621704;21.297971725463867,21.297971725463867,21.1882687376324,21.1882687376324;21.1882687376324;21.1882687376324;21.1882687376324;21.1882687376324;21.1882687376324;21.1882687376324;21.1882687376324,5.369665505156633,5.0839126396732555;5.1228581728447224;5.1624050001463555;5.2025671553094215;5.243359112204329;5.2847958022320665;5.326892632546837;5.369665505156633
40,Na_JVASP-98174_Na2LiAlP2.json,1.2509632110595703,0.25797104835510254;0.3310854434967041;0.47473978996276855;0.5385034084320068;0.828193187713623;0.8330287933349609;0.8542478084564209;0.7687051296234131;1.673102855682373;1.8189873695373535;2.5325474739074707;2.7627463340759277;2.1393227577209473;2.747844696044922;0.9568452835083008;0.4975399971008301,2.7627463340759277,49.08934867825162,49.08934867825162;49.0893486782516;49.08934867825161;49.08934867825161;49.08934867825161;49.08934867825161;49.08934867825161;49.08934867825162;49.0893486782516;49.08934867825161;49.08934867825161;49.08934867825162;49.0893486782516;49.0893486782516;49.08934867825161;49.08934867825162,33.92806152012185,23.617868099326056;24.10623462243152;24.615224318942097;25.14617170686684;25.700528984119096;26.279879292424194;26.88595181659859;27.52063902248925;28.18601639552385;28.884365113565288;29.618198175910667;30.39029061910266;31.203714585264006;32.061880177135045;32.96858324534119;33.92806152012185
41,Li_JVASP-145569_Li3AlMo2As2O14.json,4.24556549390157,3.677561044692993;3.5763895511627197;3.7247135639190674;3.76659893989563;4.466350317001343;4.80520224571228;4.615318536758423;5.072137117385864;4.487754583358765;4.103902578353882;4.441003084182739;4.209854364395142,5.072137117385864,44.937387714559165,44.937387714559165;44.937387714559165;44.93738771455916;44.937387714559165;44.93738771455916;44.93738771455916;44.93738771455916;44.93738771455916;44.937387714559165;44.937387714559165;44.937387714559165;44.93738771455916,11.271894813090992,10.921204791306927;10.952181439714838;10.983334310830664;11.014664912711071;11.046174770669229;11.07786542752235;11.109738443843495;11.141795398217752;11.174037887502854;11.206467527094329;11.239085951195303;11.271894813090992
42,Li_JVASP-44912_Li2Al2FeO6.json,3.8601715564727783,3.4662387371063232;3.2922074794769287;3.5046069622039795;3.478626012802124;3.458172559738159;3.551992177963257;3.561347246170044;3.81963849067688;4.430009603500366;4.71902060508728;4.376094102859497;4.504467248916626;4.122256517410278;3.9978153705596924;3.803180456161499;3.6770713329315186,4.71902060508728,56.12298696844948,56.12298696844948;56.12298696844947;56.12298696844948;56.122986968449474;56.12298696844948;56.122986968449474;56.122986968449474;56.12298696844948;56.12298696844948;56.12298696844948;56.12298696844948;56.12298696844948;56.12298696844948;56.12298696844948;56.12298696844947;56.12298696844948,16.210147061342898,15.2498470221675;15.310313240638088;15.371260869591877;15.432695681235055;15.494623540423953;15.557050406531454;15.619982335358703;15.683425481093401;15.747386098316026;15.81187054405533;15.87688527989457;15.94243687412989;16.00853200398241;16.07517745786556;16.14238013770931;16.210147061342898
43,K_JVASP-102412_KRb2AlF6.json,2.786320447921753,2.7440009117126465;2.537566661834717;2.389439821243286;2.3950040340423584;2.564361810684204;2.891362428665161;2.9577560424804688;3.8110718727111816,3.8110718727111816,34.078764286795206,34.078764286795206;34.078764286795206;34.0787642867952;34.0787642867952;34.0787642867952;34.0787642867952;34.0787642867952;34.0787642867952,10.575251522689118,9.544527806848725;9.679299111963566;9.817930943050362;9.960591587641431;10.107459258783143;10.258722837739283;10.41458268439735;10.575251522689118
44,Li_JVASP-140950_LiAlCrO4.json,4.147966146469116,2.795328378677368;3.57283616065979;3.5829317569732666;3.267622232437134;3.7338807582855225;3.713071584701538;4.243305444717407;4.610223054885864;4.86413311958313;5.055459260940552;5.237005949020386;5.0997960567474365,5.237005949020386,55.8181850071049,55.8181850071049;55.818185007104894;55.818185007104894;55.818185007104894;55.8181850071049;55.818185007104894;55.8181850071049;55.81818500710489;55.818185007104894;55.81818500710489;55.818185007104894;55.818185007104894,15.558341415575253,14.898031066879986;14.955734261944986;15.013886188163292;15.072492100330019;15.13155733560905;15.191087315153323;15.25108754576347;15.311563621585947;15.372521225851717;15.433966132656623;15.495904208784653;15.558341415575253
45,Li_JVASP-111323_Li2Al.json,1.0003896653652191,0.28272056579589844;0.5109415054321289;0.30850446224212646;0.4401909112930298;0.752845048904419;0.6123936176300049;0.8662885427474976;0.8365117311477661;1.113991618156433;1.1952186822891235;0.9175021648406982;1.3714840412139893;0.6975712776184082;1.152501106262207;1.116305947303772;1.1283773183822632;0.4399787187576294;1.29421865940094;0.48085570335388184;0.9334430694580078;0.4003711938858032;1.5280674695968628;0.8134026527404785;2.4246439933776855;0.6991121768951416;0.3912785053253174;1.3008286952972412;1.2199318408966064;1.6709010601043701;1.4630796909332275;2.428115963935852;1.2208913564682007,2.428115963935852,56.506111006351844,56.50611100635184;56.50611100635184;56.50611100635184;56.50611100635184;56.50611100635184;56.50611100635184;56.506111006351844;56.50611100635184;56.50611100635184;56.506111006351844;56.50611100635184;56.50611100635184;56.50611100635184;56.50611100635183;56.50611100635183;56.50611100635184;56.50611100635184;56.506111006351844;56.506111006351844;56.506111006351844;56.50611100635184;56.506111006351844;56.50611100635184;56.50611100635184;56.506111006351844;56.50611100635184;56.50611100635184;56.50611100635184;56.50611100635183;56.50611100635184;56.506111006351844;56.506111006351844,61.10053374692854,40.992352656151134;41.43220216051487;41.88159325030256;42.34083980614074;42.810269628542976;43.29022521820483;43.78106460938237;44.28316226061556;44.796910007453754;45.32271808227728;45.861016206793735;46.41225476332344;46.97690605158403;47.55546563834525;48.14845380805983;48.756417123395984;49.37993010550939;50.01959704491251;50.67605395493892;51.34997068107686;52.042053180877254;52.753045990748845;53.48373489776066;54.23494983660801;55.007568034195394;55.80251742688567;56.62078037840318;57.46339772971077;58.33147321596553;59.2261782899659;60.14875739641403;61.10053374692854
46,K_JVASP-98841_KNa2AlH6.json,1.5773146152496338,1.042025089263916;1.355659008026123;1.1912031173706055;1.9071435928344727;1.3319530487060547;1.8393583297729492;1.6324100494384766;2.3187646865844727,2.3187646865844727,32.84498431224358,32.84498431224358;32.84498431224358;32.844984312243575;32.84498431224358;32.84498431224358;32.84498431224358;32.844984312243575;32.84498431224358,39.93259492768423,28.36567420545708;29.590118084538165;30.92504058194204;32.38610045245872;33.992062396197745;35.765607326219126;37.734410254818926;39.93259492768423
47,Na_JVASP-152183_NaAlH4.json,1.7531471252441406,0.2897613048553467;0.581066370010376;0.5751354694366455;0.7922341823577881;1.1936938762664795;1.4013521671295166;1.1206996440887451;1.4095327854156494;2.0255954265594482;1.6954834461212158;2.1410465240478516;1.9074106216430664;3.3908531665802;3.067342519760132;3.404385566711426;3.0547609329223633,3.404385566711426,45.03404644766618,45.034046447666164;45.034046447666164;45.03404644766617;45.034046447666164;45.03404644766617;45.03404644766617;45.03404644766618;45.03404644766617;45.03404644766617;45.03404644766616;45.034046447666164;45.034046447666164;45.034046447666164;45.03404644766617;45.034046447666164;45.034046447666164,51.62047359391241,31.018470817096187;31.86633906284208;32.76186168078316;33.70917245617698;34.71289752500816;35.77823092482275;36.91102449789314;38.11789543163651;39.40635560950509;40.784968113550505;42.263537768933546;43.85334469415427;45.56743262370144;47.420967598868394;49.43168791274799;51.62047359391241
48,Na_JVASP-62327_NaAlBP2H3O10.json,3.5526108741760254,3.530348777770996;3.5768556594848633;3.4486169815063477;3.468083381652832;3.5797033309936523;3.663379669189453;3.533567428588867;3.6203317642211914,3.663379669189453,33.02067127057204,33.02067127057204;33.02067127057204;33.02067127057204;33.02067127057204;33.02067127057204;33.02067127057204;33.02067127057204;33.02067127057204,12.612148263674996,11.724278915669977;11.843386068174084;11.9649380813088;12.089011012557142;12.215684107235003;12.345039967276199;12.477164730856126;12.612148263674996
49,Na_JVASP-146449_NaCaAlSi2O7.json,5.381974220275879,3.0179905891418457;3.0796923637390137;4.17588996887207;4.725658416748047;3.3927512168884277;3.3924241065979004;4.420373916625977;4.917911529541016;6.123633861541748;6.649398326873779;7.709655284881592;7.787791728973389;6.781052589416504;6.810873985290527;6.704975605010986;6.42151403427124,7.787791728973389,18.7238783772017,18.7238783772017;18.723878377201697;18.723878377201697;18.723878377201697;18.723878377201693;18.723878377201697;18.723878377201697;18.723878377201697;18.723878377201693;18.723878377201697;18.723878377201697;18.723878377201693;18.723878377201697;18.723878377201693;18.723878377201697;18.723878377201697,7.077959694930903,6.487173084677991;6.523473383004361;6.5601822188115415;6.597306527884791;6.634853403902327;6.672830102954089;6.711244048216565;6.750102834790032;6.7894142347048305;6.829186202103587;6.869426878606656;6.9101445988683805;6.951347896332142;6.993045509192524;7.035246386573374;7.077959694930903
50,Na_JVASP-58325_Na2MgAlF7.json,6.245400071144104,2.769655227661133;2.8380751609802246;2.9391443729400635;3.0408804416656494;3.02516508102417;3.0712642669677734;3.2407941818237305;3.3152079582214355;4.701489448547363;6.209519863128662;7.09950065612793;9.390833377838135;8.829428672790527;12.028319358825684;11.004307746887207;11.633174896240234;13.484293222427368;11.890890836715698;6.9852454662323;6.193598031997681;6.649921655654907;5.961259126663208;4.9565958976745605;4.8230390548706055;5.748596668243408;5.668549060821533;5.061227798461914;5.044421195983887;5.8429131507873535;5.918303966522217;5.123802661895752;5.363383769989014,13.484293222427368,21.179398987433434,21.17939898743343;21.17939898743343;21.17939898743343;21.17939898743343;21.17939898743343;21.179398987433427;21.17939898743343;21.179398987433427;21.17939898743343;21.17939898743343;21.17939898743343;21.17939898743343;21.179398987433434;21.17939898743343;21.17939898743343;21.17939898743343;21.179398987433427;21.179398987433427;21.179398987433427;21.179398987433434;21.179398987433427;21.17939898743343;21.179398987433434;21.179398987433427;21.17939898743343;21.179398987433427;21.17939898743343;21.17939898743343;21.17939898743343;21.17939898743343;21.179398987433434;21.179398987433427,9.019829555740131,7.274948712363653;7.320631679811997;7.366892004239188;7.413740700502668;7.461189065442753;7.509248686964283;7.55793145347155;7.607249563672598;7.6572155367699235;7.707842223055432;7.759142814928485;7.8111308583569015;7.863820264801799;7.917225323628356;7.971360715025732;8.026241523460685;8.081883251690803;8.13830183536467;8.19551365823787;8.253535568035337;8.31238489299232;8.372079459108063;8.43263760814831;8.494078216434792;8.556420714462174;8.619685107385244;8.68389199642175;8.749062601218974;8.815218783235053;8.882383070189192;8.95057868163816;9.019829555740131
51,Li_JVASP-146366_LiAlH4.json,1.2139875888824463,0.9733695983886719;0.9886260032653809;0.9278099536895752;0.9284327030181885;0.9220230579376221;0.9799106121063232;0.9469606876373291;0.9863841533660889;1.4370296001434326;1.501072645187378;1.4286859035491943;1.461129903793335;1.4009854793548584;1.402921438217163;1.417924404144287;1.4216156005859375;1.4288945198059082;1.0539965629577637;1.4327661991119385;1.0446593761444092;1.4067049026489258;1.095815658569336;1.3765952587127686;1.0506870746612549;1.464782476425171;1.6283276081085205;1.442229986190796;1.5977909564971924;0.7584521770477295;0.9478085041046143;0.9155066013336182;1.0777032375335693,1.6283276081085205,23.63628171095366,23.636281710953657;23.636281710953657;23.636281710953657;23.636281710953657;23.636281710953657;23.636281710953657;23.636281710953657;23.636281710953657;23.636281710953657;23.636281710953657;23.636281710953657;23.636281710953657;23.636281710953657;23.636281710953657;23.636281710953657;23.636281710953654;23.636281710953657;23.63628171095366;23.636281710953657;23.63628171095366;23.636281710953657;23.63628171095366;23.636281710953657;23.63628171095366;23.636281710953654;23.636281710953657;23.636281710953657;23.63628171095366;23.636281710953657;23.636281710953657;23.636281710953657;23.636281710953657,26.818469381084515,22.067231471238994;22.194069075223798;22.322373177748414;22.452169360220857;22.583483802513964;22.716343300569328;22.850775284626337;22.986807838102315;23.12446971715105;23.263790370928362;23.40479996259469;23.54752939108616;23.69201031368712;23.838275169438813;23.986357203420543;24.136290491941466;24.288109968683152;24.44185145183503;24.597551672266974;24.755248302785603;24.914979988523207;25.07678637851085;25.240708158489728;25.406787085017946;25.57506602093267;25.745588972230976;25.918401126436006;26.09354889251873;26.27107994244941;26.45104325445685;26.633489158077932;26.818469381084515
52,Li_JVASP-116565_LiMgAlF6.json,7.153609037399292,3.511212110519409;4.213385343551636;5.284496784210205;8.874197006225586;15.269879817962646;5.7684831619262695,15.269879817962646,81.333459415307,81.33345941530699;81.333459415307;81.33345941530699;81.33345941530699;81.33345941530699;81.333459415307,26.83898221489562,25.93755969033553;26.11296736246825;26.29076364339586;26.47099765780996;26.653719886780674;26.83898221489562
53,Li_JVASP-145163_Li3AlFe2O6.json,4.243834733963013,2.9863169193267822;2.992274522781372;3.0915729999542236;3.1033060550689697;2.9877541065216064;2.9497673511505127;3.093402147293091;3.064936876296997;3.7347443103790283;3.7278378009796143;3.8357064723968506;3.834202527999878;3.946357488632202;3.9451329708099365;4.026733636856079;4.030337572097778;3.55839467048645;3.551448106765747;3.570361375808716;3.570990800857544;3.652336835861206;3.6202332973480225;3.5744235515594482;3.5501744747161865;4.245126008987427;4.219491243362427;4.233450174331665;4.206522226333618;4.312711954116821;4.275538682937622;4.3725645542144775;4.2944557666778564;4.968693017959595;4.8331139087677;5.157891035079956;5.101498365402222;5.1012609004974365;4.984137296676636;5.0500147342681885;5.043455362319946;5.368242025375366;5.574566602706909;5.143910646438599;5.293751955032349;6.132551908493042;6.2392213344573975;5.829424142837524;5.723726511001587,6.2392213344573975,23.306954647086705,23.306954647086698;23.306954647086705;23.306954647086698;23.3069546470867;23.3069546470867;23.3069546470867;23.306954647086698;23.3069546470867;23.3069546470867;23.306954647086705;23.3069546470867;23.3069546470867;23.306954647086698;23.3069546470867;23.3069546470867;23.3069546470867;23.306954647086698;23.306954647086698;23.3069546470867;23.3069546470867;23.3069546470867;23.3069546470867;23.3069546470867;23.3069546470867;23.3069546470867;23.3069546470867;23.3069546470867;23.306954647086698;23.3069546470867;23.306954647086705;23.306954647086705;23.306954647086705;23.3069546470867;23.3069546470867;23.3069546470867;23.3069546470867;23.306954647086698;23.3069546470867;23.306954647086698;23.306954647086705;23.306954647086698;23.3069546470867;23.306954647086698;23.3069546470867;23.3069546470867;23.3069546470867;23.3069546470867;23.3069546470867,7.124968560344527,6.556367886267745;6.567519248267121;6.578708608359908;6.589936161094438;6.6012021023494185;6.612506629345322;6.623849940655895;6.635232236219786;6.64665371735229;6.658114586757219;6.669615048538896;6.6811553082142705;6.692735572725154;6.704356050450604;6.716016951219406;6.7277184863227175;6.739460868526822;6.751244312086027;6.763069032755694;6.774935247805408;6.786843176032289;6.79879303777443;6.810785054924496;6.822819450943454;6.8348964508744565;6.847016281356867;6.859179170640434;6.87138534859963;6.88363504674812;6.8959284982534115;6.90826593795164;6.920647602362526;6.933073729704487;6.945544559909922;6.958060334640645;6.9706212973035;6.983227693066143;6.995879768872986;7.008577773461327;7.021321957377651;7.034112572994103;7.046949874525158;7.059834118044447;7.072765561501802;7.085744464740458;7.098771089514461;7.111845699506265;7.124968560344527
54,K_JVASP-105026_K2AlHgF6.json,3.7069692611694336,2.1735033988952637;2.2970967292785645;2.8191351890563965;3.486619472503662;2.679536819458008;3.526106834411621;3.8340067863464355;3.790050983428955;3.325195550918579;3.4313175678253174;4.2498779296875;4.757908344268799;4.424099445343018;4.987990856170654;5.032686710357666;4.496375560760498,5.032686710357666,34.11205593577661,34.1120559357766;34.11205593577661;34.112055935776596;34.112055935776596;34.112055935776596;34.1120559357766;34.112055935776596;34.1120559357766;34.1120559357766;34.112055935776596;34.1120559357766;34.1120559357766;34.112055935776596;34.112055935776596;34.1120559357766;34.1120559357766,9.670060522827436,7.981219460295392;8.075240225037316;8.171502572511933;8.270087633417653;8.371080501468633;8.474570478364624;8.580651337159303;8.689421605659717;8.800984871657093;8.915450111976531;9.032932047542733;9.153551526893509;9.277435940836181;9.404719671237798;9.535544577272862;9.670060522827436
55,Li_JVASP-106548_LiAlZn2.json,1.1900246143341064,0.7911365032196045;0.7154653072357178;1.1307196617126465;1.3963851928710938;1.1490811109542847;1.0232688188552856;1.5160233974456787;1.79811692237854,1.79811692237854,91.75841634443063,91.75841634443061;91.7584163444306;91.75841634443061;91.75841634443063;91.75841634443063;91.75841634443061;91.75841634443061;91.75841634443063,21.114546287502225,20.33613097668292;20.443800604634447;20.552616414550418;20.662596806648992;20.773760577117443;20.886126928821277;20.99971548236275;21.114546287502225
56,Ca_JVASP-63625_CaAlAu.json,2.112290143966675,1.006959080696106;0.9486249685287476;0.9605296850204468;0.9106141328811646;1.3127881288528442;1.2439197301864624;1.395209550857544;1.3644688129425049;1.1969525814056396;1.2292323112487793;1.2657595872879028;1.2178198099136353;1.4282256364822388;1.4838179349899292;1.5192503929138184;1.5091137886047363;2.1279176473617554;2.078565001487732;2.0852028131484985;2.080776810646057;2.997800827026367;2.89379620552063;3.0337672233581543;2.81069016456604;3.1519662141799927;3.1873306035995483;2.98768413066864;3.0457903146743774;3.8650083541870117;3.555387258529663;3.947496175765991;3.7508187294006348,3.947496175765991,21.621502642537628,21.621502642537628;21.621502642537628;21.621502642537624;21.621502642537628;21.621502642537624;21.621502642537624;21.621502642537624;21.621502642537624;21.621502642537624;21.621502642537628;21.621502642537624;21.621502642537624;21.621502642537628;21.621502642537624;21.621502642537628;21.621502642537624;21.621502642537624;21.621502642537624;21.621502642537628;21.621502642537628;21.621502642537628;21.621502642537628;21.621502642537624;21.621502642537624;21.621502642537624;21.621502642537628;21.621502642537628;21.621502642537624;21.621502642537628;21.621502642537628;21.621502642537624;21.621502642537628,3.7191130783578292,3.1722101278090507;3.1873295837288005;3.202593855221537;3.2180050328850287;3.2335652477522223;3.2492766722735844;3.2651415213282236;3.2811620532647767;3.297340570973092;3.313679422987776;3.330181004624706;3.3468477591516788;3.363682178994383;3.380686806978956;3.397864237612417;3.415217118402338;3.4327481512171594;3.4504600936886196;3.4683557606578224;3.4864380256665433;3.504709822495427;3.523174146750811;3.541834057501971;3.5606926789706757;3.5797532022750063;3.5990188872294846;3.618493064203642;3.6381791360412628;3.658080580042614;3.6782009500120907;3.698543878373816;3.7191130783578292
57,K_JVASP-22176_K2LiAlF6.json,7.012877464294434,2.8958609104156494;4.298588991165161;11.34386682510376;9.513193130493164,11.34386682510376,176.46836806429025,176.46836806429022;176.46836806429022;176.46836806429025;176.46836806429022,80.02252483624571,59.26658214248896;64.87564980763732;71.65740094046656;80.02252483624571
58,Li_JVASP-85711_LiAlPHO5.json,4.692275762557983,2.8579342365264893;2.7706377506256104;2.9305365085601807;2.91825795173645;3.1164371967315674;3.0638105869293213;3.08306622505188;3.1149542331695557;4.55220103263855;4.962292432785034;5.72711443901062;5.8261878490448;7.629181146621704;7.503262758255005;7.444742918014526;7.57579493522644,7.629181146621704,34.08788167547064,34.08788167547063;34.08788167547063;34.08788167547063;34.08788167547063;34.087881675470626;34.08788167547063;34.08788167547063;34.08788167547063;34.08788167547063;34.08788167547063;34.08788167547064;34.08788167547064;34.08788167547063;34.08788167547063;34.08788167547063;34.08788167547063,12.016958742621167,11.481003027670242;11.515241638271903;11.54968507224779;11.5843351730639;11.619193806375055;11.65426286035976;11.68954424606113;11.725039897734048;11.760751773198631;11.796681854200228;11.832832146775981;11.869204681628196;11.905801514504576;11.942624726585562;11.979676424878821;12.016958742621167
59,Li_JVASP-95283_SrLiAl3N4.json,1.5476410388946533,1.6353542804718018;1.6288988590240479;1.571716070175171;1.5512540340423584;1.4584839344024658;1.5225450992584229;1.5525319576263428;1.4919679164886475;1.3284599781036377;1.377065896987915;1.3753130435943604;1.4069797992706299;1.6203162670135498;1.8004491329193115;1.7024805545806885;1.7384397983551025,1.8004491329193115,26.469789553885615,26.469789553885615;26.46978955388561;26.469789553885615;26.46978955388561;26.469789553885615;26.46978955388561;26.469789553885615;26.469789553885615;26.469789553885615;26.469789553885615;26.469789553885615;26.469789553885615;26.469789553885615;26.46978955388561;26.46978955388561;26.469789553885615,7.444021266967622,7.234808047424365;7.248389047574327;7.262021131442849;7.275704587793276;7.289439707569467;7.3032267839164176;7.317066112201123;7.330957990033655;7.344902717288513;7.358900596126191;7.372951931015003;7.387057028753164;7.401216198491111;7.415429751754099;7.429698002465041;7.444021266967622
60,Li_JVASP-34965_Li8Al3Si5.json,0.8376200199127197,0.4911930561065674;0.4605224132537842;0.3732719421386719;0.4770803451538086;0.5134294033050537;0.48290228843688965;0.4801342487335205;0.38442444801330566;-1.3140127658843994;-1.0658619403839111;-0.2778933048248291;-0.20133519172668457;0.23938965797424316;0.15317845344543457;0.48578619956970215;0.42967963218688965;1.0609703063964844;0.3054986000061035;0.372143030166626;0.6347095966339111;0.3041188716888428;0.6117293834686279;0.3573305606842041;0.5451691150665283;0.44790196418762207;0.5971291065216064;0.5619618892669678;0.41228365898132324;0.558413028717041;0.381558895111084;0.32093119621276855;0.10856842994689941;0.4564225673675537;0.5399940013885498;0.5566246509552002;0.7113516330718994;0.4836385250091553;0.809765100479126;0.7181284427642822;0.7481591701507568;0.2029275894165039;0.2400379180908203;0.3675537109375;0.29138755798339844;0.8675501346588135;0.3685896396636963;0.41907215118408203;0.6485152244567871;0.8876791000366211;1.1552700996398926;2.401338577270508;1.2627615928649902;1.1054503917694092;0.9641096591949463;2.099860906600952;1.1672098636627197;3.0353291034698486;4.4189512729644775;2.6218454837799072;2.950025796890259;2.0525920391082764;2.403640031814575;3.153977632522583;3.805615186691284,4.4189512729644775,22.586129409916364,22.58612940991636;22.586129409916357;22.586129409916357;22.58612940991636;22.58612940991636;22.586129409916364;22.586129409916357;22.586129409916357;22.586129409916357;22.58612940991636;22.586129409916357;22.586129409916357;22.58612940991636;22.586129409916364;22.586129409916357;22.586129409916357;22.58612940991636;22.58612940991636;22.586129409916357;22.586129409916357;22.58612940991636;22.58612940991636;22.58612940991636;22.586129409916357;22.58612940991636;22.58612940991636;22.586129409916357;22.58612940991636;22.58612940991636;22.58612940991636;22.586129409916357;22.586129409916357;22.586129409916357;22.586129409916357;22.586129409916357;22.58612940991636;22.586129409916357;22.58612940991636;22.58612940991636;22.586129409916357;22.58612940991636;22.586129409916357;22.58612940991636;22.586129409916357;22.58612940991636;22.58612940991636;22.586129409916357;22.58612940991636;22.58612940991636;22.586129409916357;22.58612940991636;22.586129409916357;22.58612940991636;22.586129409916357;22.58612940991636;22.586129409916357;22.586129409916357;22.586129409916357;22.58612940991636;22.58612940991636;22.586129409916357;22.58612940991636;22.58612940991636;22.586129409916357,15.074644877100614,12.098894073986838;12.136923303591363;12.175192353859329;12.213703500508883;12.252459048142686;12.29146133070763;12.330712711963379;12.370215585959922;12.409972377524317;12.44998554275685;12.49025756953686;12.530790978038349;12.57158832125574;12.612652185539881;12.6539851911446;12.695589992784061;12.737469280201148;12.779625778747116;12.822062249972797;12.864781492231652;12.90778634129487;12.951079670978897;12.994664393785602;13.038543461555404;13.082719866133734;13.127196640051007;13.171976857216592;13.217063633626982;13.262460128088572;13.308169542955396;13.354195124882157;13.400540165592949;13.44720800266602;13.494202020335027;13.541525650307115;13.589182372598286;13.637175716386471;13.685509260882743;13.734186636221118;13.783211524367408;13.832587660047636;13.882318831696436;13.932408882426019;13.982861711016179;14.033681272925891;14.084871581327047;14.136436708160886;14.188380785217761;14.240708005240725;14.293422623053702;14.346528956714762;14.400031388695213;14.453934367085184;14.508242406826371;14.562960090972698;14.618092071979586;14.673643073022651;14.72961788934656;14.786021389644887;14.84285851747179;14.900134292686378;14.957853812930656;15.016022255141916;15.074644877100614
61,Na_JVASP-24487_Na4Al3Ge3BrO12.json,4.086638569831848,2.768237590789795;2.7419791221618652;3.691208839416504;5.0329179763793945;6.636781692504883;4.321054458618164;3.7277274131774902;3.7732014656066895,6.636781692504883,57.99688015641517,57.99688015641516;57.996880156415166;57.99688015641516;57.996880156415166;57.99688015641516;57.99688015641517;57.996880156415166;57.996880156415166,23.015192227939604,20.22080322506825;20.577723772179723;20.947470842586334;21.330748500254785;21.72831329883334;22.14097926609425;22.56962346736198;23.015192227939604
62,Na_JVASP-95609_Na7AlH2C4O12F4.json,4.716222286224365,2.646852970123291;2.792123317718506;2.820136070251465;2.943345069885254;3.4549827575683594;3.4464406967163086;3.954624652862549;3.99015474319458;6.366970062255859;6.5385942459106445;7.021950721740723;7.279048919677734;4.986684799194336;5.31097412109375;5.058366775512695;5.46354866027832;5.004894256591797;4.939029693603516;4.791722297668457;4.808424949645996;5.024592399597168;5.03598690032959;5.010292053222656;4.924776077270508;4.500669479370117;4.432990074157715;4.818645477294922;4.68740177154541,7.279048919677734,33.84041598988586,33.84041598988586;33.84041598988586;33.84041598988586;33.84041598988586;33.84041598988586;33.84041598988586;33.84041598988586;33.840415989885855;33.84041598988586;33.84041598988586;33.84041598988586;33.84041598988586;33.84041598988586;33.84041598988586;33.840415989885855;33.84041598988586;33.84041598988586;33.84041598988586;33.84041598988586;33.84041598988586;33.84041598988586;33.84041598988586;33.840415989885855;33.84041598988586;33.84041598988586;33.84041598988586;33.84041598988586;33.84041598988586,19.10166925742136,13.243015927546988;13.395179697422915;13.550880870759514;13.710244251083237;13.873400582729518;14.040486908587777;14.211646954012886;14.38703153916353;14.566799022253829;14.751115776456295;14.94015670347491;15.13410578712059;15.333156690571984;15.537513401397163;15.747390928852239;15.96301605846761;16.18462816948904;16.412480121367786;16.64683921620159;16.887988244828232;17.1362266251789;17.391871642526038;17.655259802427466;17.926748308497505;18.206716678651304;18.495568515200723;18.793733446163255;19.10166925742136
63,Na_JVASP-155693_NaAl2Zn2.json,0.5897984504699707,0.41924214363098145;0.3468027114868164;0.6197073459625244;0.7518725395202637;0.5456202030181885;0.32637619972229004;0.7364435195922852;0.972322940826416,0.972322940826416,56.65594521269625,56.65594521269624;56.655945212696246;56.65594521269624;56.65594521269624;56.655945212696246;56.65594521269624;56.655945212696246;56.65594521269625,17.852915030245263,16.124423743257825;16.350571853590946;16.5831537393835;16.822447917925576;17.068749217848126;17.322369990956034;17.583641433728854;17.852915030245263
64,Li_JVASP-114883_LiAlB.json,1.2152070999145508,0.5778272151947021;0.5793673992156982;0.4185159206390381;0.5265071392059326;0.8528854846954346;0.5671637058258057;1.6184680461883545;1.1477363109588623;0.5795724391937256;0.5339090824127197;1.9188029766082764;1.914959192276001;1.450202465057373;1.3034181594848633;0.1966540813446045;0.431751012802124;0.48957371711730957;0.7663633823394775;0.9596719741821289;1.298656940460205;1.0509562492370605;1.753129005432129;0.3336789608001709;0.8278491497039795;2.508765459060669;2.842120409011841;1.6540563106536865;1.5026977062225342;1.8700883388519287;1.962411642074585;2.3697969913482666;2.0790703296661377,2.842120409011841,29.42203081761901,29.422030817619003;29.422030817619003;29.422030817619003;29.422030817619007;29.422030817619;29.422030817619007;29.422030817619;29.422030817619007;29.422030817619003;29.422030817619007;29.42203081761901;29.422030817619;29.422030817619007;29.422030817619003;29.42203081761901;29.422030817619003;29.422030817619007;29.422030817619003;29.422030817619007;29.422030817619;29.422030817619007;29.422030817619;29.422030817619003;29.422030817619;29.422030817619003;29.422030817618996;29.422030817619003;29.422030817619007;29.422030817619003;29.422030817619007;29.422030817619;29.422030817619003,22.03521508509278,18.723005573601597;18.814232980377774;18.906353746840033;18.99938106011887;19.093328368173374;19.188209386271925;19.284038103667108;19.38082879047165;19.478596004742432;19.577354599780065;19.677119731651583;19.777906866944388;19.879731790759692;19.982610614954144;20.086559786638713;20.191596096944238;20.297736690063395;20.40499907257942;20.513401123092123;20.62296110215241;20.73369766251687;20.8456298597345;20.95877716307824;21.073159466834404;21.18879710196391;21.30571084814946;21.42392194624384;21.54345211113492;21.664323545043718;21.786558951272692;21.910181548422027;22.03521508509278
65,Li_JVASP-155714_LiAl2Ga2.json,0.4272260069847107,0.6853668093681335;0.47651582956314087;0.4537947177886963;0.5678246021270752;0.34136807918548584;0.2905217409133911;0.36786603927612305;0.23455023765563965,0.6853668093681335,58.663875515342866,58.663875515342866;58.66387551534286;58.66387551534286;58.663875515342866;58.66387551534286;58.66387551534286;58.66387551534286;58.66387551534286,17.24440003459606,16.721656497264824;16.79438533661102;16.867749590343216;16.941757622191474;17.016417943317734;17.091739215578755;17.16773025487614;17.24440003459606
66,Ca_JVASP-15277_CaAl2Ge2.json,2.70910108089447,1.4347667694091797;1.2998015880584717;1.7367582321166992;1.9451406002044678;3.6564048528671265;3.7643853425979614;3.713983178138733;4.121568083763123,4.121568083763123,51.09125244579733,51.091252445797316;51.09125244579733;51.09125244579733;51.09125244579733;51.09125244579732;51.09125244579733;51.09125244579732;51.09125244579732,16.402148337748386,13.998705042344213;14.298007741125069;14.61038869007347;14.936724230934834;15.27797078957481;15.635174237930658;16.009480600714348;16.402148337748386
67,Li_JVASP-118197_LiAlAu.json,0.7426073551177979,0.735060453414917;0.3244493007659912;0.6227585077285767;0.48171699047088623;1.0434982776641846;0.3881685733795166;0.5190439224243164;1.528568983078003;0.25361013412475586;1.0024783611297607;0.6024796962738037;0.7751255035400391;0.7233350276947021;0.9716782569885254;0.5738744735717773;0.5513558387756348;1.6734576225280762;0.5962724685668945,1.6734576225280762,44.72437237200356,44.72437237200356;44.72437237200355;44.72437237200356;44.72437237200355;44.72437237200355;44.72437237200355;44.72437237200355;44.72437237200355;44.72437237200355;44.72437237200355;44.72437237200355;44.72437237200355;44.72437237200355;44.72437237200355;44.72437237200355;44.72437237200355;44.72437237200355;44.72437237200355,6.637304437706213,6.448858511367884;6.459646857461743;6.4704713598597285;6.481332200629502;6.492229563063199;6.50316363168774;6.5141345922752505;6.525142631853576;6.5361879387169175;6.547270702436554;6.558391113871705;6.569549365180477;6.5807456498309325;6.591980162612272;6.603253099646131;6.614564658397996;6.625915037688727;6.637304437706213
68,Na_JVASP-151604_Rb2NaAlF6.json,2.8436696529388428,2.6530988216400146;2.811260938644409;2.5666563510894775;2.718302011489868;2.966409206390381;2.8062334060668945;3.091066360473633;3.1363301277160645,3.1363301277160645,38.893641673952565,38.893641673952565;38.89364167395256;38.89364167395256;38.89364167395256;38.89364167395256;38.89364167395256;38.89364167395256;38.893641673952565,10.642898399827025,10.00361871905475;10.0902017519384;10.178296652243036;10.267943367895136;10.35918326671401;10.452059200062486;10.546615569952607;10.642898399827025
69,Na_JVASP-101479_KNa2AlF6.json,5.134464979171753,1.551100730895996;1.6545133590698242;1.7763664722442627;2.0456607341766357;1.987515926361084;1.9455199241638184;2.331228733062744;2.356926441192627;24.83246374130249;10.077657222747803;4.816920757293701;4.383702754974365;4.978219747543335;5.455768823623657;5.612685203552246;6.345189094543457,24.83246374130249,36.62747962768763,36.62747962768762;36.62747962768763;36.62747962768762;36.62747962768763;36.62747962768762;36.62747962768763;36.62747962768762;36.62747962768762;36.62747962768763;36.62747962768762;36.62747962768762;36.62747962768762;36.62747962768761;36.62747962768763;36.62747962768762;36.62747962768762,18.31262875763402,14.820562655157124;15.011399260142957;15.207214578971772;15.408206020353694;15.61458156926732;15.826560504861177;16.044374177636044;16.26826685169885;16.498496618534425;16.735336389481684;16.9790749749382;17.230018259265783;17.48849048144653;17.754835632763267;18.029418984172974;18.31262875763402
70,Na_JVASP-50748_NaAl11O17.json,2.333779811859131,2.4181466102600098;2.2884984016418457;2.2910661697387695;2.3374080657958984,2.4181466102600098,35.374913780928345,35.37491378092834;35.374913780928345;35.37491378092834;35.374913780928345,11.662266103681105,11.322467873549018;11.43351225070071;11.546756322423024;11.662266103681105
71,Li_JVASP-44426_LiAlFeO4.json,4.9609105587005615,5.797755002975464;5.481375455856323;5.6098902225494385;5.354445695877075;5.723028898239136;5.344526052474976;5.508483648300171;5.2458884716033936;4.924952745437622;4.710197687149048;4.453768968582153;4.3478662967681885;4.571825265884399;4.578787088394165;4.410893678665161;4.4212048053741455;4.6103856563568115;4.829205274581909;4.492675065994263;4.661746263504028;4.887427568435669;4.973888635635376;4.863053560256958;4.890127420425415;4.9779884815216064;4.865483522415161;4.9800989627838135;5.07715630531311;5.080171823501587;4.874483346939087;5.1293957233428955;5.070960283279419,5.797755002975464,21.72991532998715,21.729915329987147;21.729915329987147;21.729915329987147;21.72991532998715;21.729915329987143;21.729915329987147;21.729915329987147;21.729915329987147;21.729915329987143;21.729915329987147;21.729915329987143;21.72991532998715;21.729915329987147;21.729915329987143;21.729915329987147;21.729915329987147;21.729915329987143;21.72991532998715;21.729915329987147;21.72991532998715;21.729915329987147;21.729915329987147;21.729915329987147;21.729915329987147;21.72991532998715;21.729915329987147;21.729915329987143;21.729915329987147;21.729915329987147;21.729915329987143;21.729915329987147;21.729915329987147,5.696003407682003,5.446919244247487;5.454613704869017;5.4623299350355135;5.470068027265051;5.477828074600699;5.485610170614259;5.493414409410018;5.501240885628549;5.50908969445053;5.516960931600605;5.524854693351275;5.532771076526829;5.540710178507291;5.548672097232424;5.556656931205751;5.564664779498622;5.572695741754305;5.580749918192126;5.588827409611632;5.5969283173968005;5.60505274352028;5.613200790547667;5.621372561641823;5.629568160567229;5.6377876916943785;5.6460312600042055;5.654298971092556;5.662590931174696;5.6709072470898585;5.679248026305835;5.687613376923606;5.696003407682003
72,K_JVASP-55692_K2LiAlH6.json,1.9052915573120117,0.7516918182373047;0.9338798522949219;2.20375394821167;3.7318406105041504,3.7318406105041504,183.12042613756142,183.12042613756142;183.12042613756142;183.12042613756142;183.1204261375614,225.14939257153438,113.40531441512574;135.88585398772764;169.4827182441266;225.14939257153438
73,K_JVASP-120529_KMg3AlSi3O11F.json,5.2021484375,4.302570819854736;4.585387706756592;5.921795845031738;5.998839378356934,5.998839378356934,45.54361532528439,45.54361532528439;45.543615325284385;45.54361532528439;45.543615325284385,17.228171314787843,16.020275458531806;16.403637598773923;16.80579712281929;17.228171314787843
74,Ca_JVASP-96941_CaAlB3O7.json,11.02294635772705,6.35780143737793;6.61130428314209;6.655441761016846;6.9529194831848145;8.488193988800049;9.583248615264893;9.862845420837402;10.861394882202148;23.660166263580322;20.389551639556885;18.982134342193604;13.974823474884033;9.293356895446777;8.407217979431152;8.495078563690186;7.791662693023682,23.660166263580322,26.850733151419874,26.85073315141987;26.85073315141987;26.850733151419874;26.850733151419867;26.85073315141987;26.85073315141987;26.85073315141987;26.85073315141987;26.850733151419867;26.850733151419874;26.850733151419867;26.85073315141987;26.85073315141987;26.85073315141987;26.85073315141987;26.85073315141987,9.63166217834231,7.920496213446751;8.015431250941543;8.112669678862016;8.212296356747041;8.314400364391858;8.419075267504594;8.526419403685681;8.636536190567423;8.7495344581433;8.865528807531804;8.984639998660908;9.10699536963013;9.232729290811617;9.361983657094589;9.494908422064155;9.63166217834231
75,Na_JVASP-147062_Na2Al2B2O7.json,4.78530740737915,3.84666109085083;4.871439456939697;9.973127841949463;6.345127582550049;4.0732550621032715;4.951562404632568;9.09642219543457;5.235245704650879;2.1589064598083496;3.5013861656188965;3.634791851043701;5.2677435874938965;2.100015163421631;3.537008762359619;3.549107551574707;4.423117637634277,9.973127841949463,35.951592111305175,35.95159211130517;35.95159211130517;35.95159211130517;35.951592111305175;35.951592111305175;35.95159211130517;35.951592111305175;35.951592111305175;35.951592111305175;35.951592111305175;35.951592111305175;35.95159211130517;35.951592111305175;35.95159211130517;35.951592111305175;35.951592111305175,17.590466174023906,14.343976736115433;14.522663198880862;14.705857702266636;14.893733024277344;15.086470886508327;15.28426254042183;15.487309400354173;15.695823727658091;15.910029370865276;16.130162567294807;16.35647281214219;16.589223801770707;16.828694458703016;17.075180046689454;17.32899338522574;17.590466174023906
76,K_JVASP-152580_KAlMo2O8.json,3.6189069747924805,3.4291772842407227;3.8751392364501953;3.6987314224243164;3.556529998779297;3.5979671478271484;3.7581653594970703;3.315247058868408;3.7202982902526855,3.8751392364501953,29.794213573029463,29.794213573029456;29.794213573029456;29.794213573029456;29.79421357302946;29.794213573029456;29.794213573029452;29.794213573029463;29.79421357302946,9.524497707280007,8.680247269970188;8.79157357311963;8.905792549878948;9.023018427994451;9.143371529697868;9.266978683656143;9.39397367079347;9.524497707280007
77,Li_JVASP-18765_Li2AlPt.json,0.8470959663391113,0.22801470756530762;0.28545641899108887;0.5468347072601318;1.3483960628509521;0.3857920169830322;1.352754831314087;0.47722744941711426;0.394669771194458;0.7733883857727051;0.49974489212036133;0.650162935256958;0.9095265865325928;0.7223079204559326;0.8698489665985107;1.9128515720367432;2.1965582370758057,2.1965582370758057,101.1524852072202,101.1524852072202;101.15248520722018;101.1524852072202;101.1524852072202;101.1524852072202;101.1524852072202;101.1524852072202;101.1524852072202;101.15248520722018;101.15248520722018;101.1524852072202;101.15248520722018;101.1524852072202;101.15248520722018;101.1524852072202;101.15248520722018,15.027755924865405,14.198856194971507;14.251260853529974;14.304053771749398;14.357239280525329;14.410821775406461;14.464805717805628;14.519195636238075;14.573996127587819;14.629211858402757;14.684847566219359;14.74090806091768;14.797398226107541;14.854323020546698;14.911687479591873;14.969496716683548;15.027755924865405
78,Zn_JVASP-57554_Na2AlZnF7.json,8.284536361694336,8.239958047866821;9.937010049819946;11.920398473739624;12.051092863082886;11.589388132095337;11.348005533218384;9.925169467926025;8.022985458374023;7.454587459564209;7.063113689422607;6.470061540603638;6.362976789474487;5.745254993438721;5.605180263519287;5.2923054695129395;5.5250935554504395,12.051092863082886,20.603721656622294,20.603721656622294;20.603721656622294;20.60372165662229;20.603721656622294;20.60372165662229;20.603721656622294;20.603721656622294;20.603721656622294;20.603721656622294;20.603721656622294;20.603721656622294;20.603721656622294;20.603721656622294;20.603721656622294;20.60372165662229;20.60372165662229,7.975189668765368,6.172978250521928;6.267397533885825;6.3647500786095685;6.465174729932481;6.56881923651687;6.675840975738055;6.786407751048877;6.900698669915453;7.018905111985208;7.141231798495324;7.2678979754917;7.399138725244429;7.535206422362245;7.676372353581655;7.8229285231047125;7.975189668765368
79,Li_JVASP-18767_Li2AlRh.json,1.1598742008209229,0.025846004486083984;0.24283504486083984;0.800710916519165;2.327979326248169;0.5340592861175537;1.0760796070098877;0.9296810626983643;0.45156264305114746;0.8730852603912354;0.40064263343811035;0.6664226055145264;0.7484109401702881;0.6365394592285156;1.1448054313659668;3.22477126121521;4.474555730819702,4.474555730819702,103.9262323947866,103.92623239478657;103.92623239478657;103.92623239478657;103.92623239478655;103.9262323947866;103.92623239478657;103.9262323947866;103.92623239478655;103.92623239478658;103.92623239478657;103.9262323947866;103.92623239478657;103.92623239478658;103.92623239478655;103.92623239478658;103.92623239478655,25.62191724486138,23.302549719762048;23.444030998297194;23.58724077672662;23.732210925783694;23.87897410457338;24.027563785100874;24.178014277721815;24.33036075755467;24.484639291897942;24.64088686869726;24.79914142610932;24.95944188321249;25.12182817191625;25.286341270124346;25.453023236209624;25.62191724486138
80,Li_JVASP-1435_LiAlSi.json,1.0259251594543457,0.6205670833587646;0.6984908580780029;0.7673108577728271;0.9343383312225342;0.882828950881958;1.0425174236297607;1.7520792484283447;1.5092685222625732,1.7520792484283447,105.43599859638996,105.43599859638996;105.43599859638996;105.43599859638995;105.43599859638996;105.43599859638996;105.43599859638996;105.43599859638996;105.43599859638996,59.89461551242598,54.028239656961;54.79493796127818;55.5837094641891;56.39552131691948;57.23139800994107;58.09242568622278;58.97975684977751;59.89461551242598
81,K_JVASP-98445_KAl2NiP3H4O14.json,3.4429192543029785,3.417015552520752;3.468822956085205,3.468822956085205,81.29572255451538,81.29572255451538;81.29572255451538,29.572398987920447,28.349390802801288;29.572398987920447
82,Na_JVASP-157457_NaPm2Al.json,0.48991990089416504,-0.4546668529510498;-0.5490741729736328;0.4211890697479248;2.336637496948242;0.7631217241287231;0.4613691568374634;0.7874763011932373;0.1533064842224121,2.336637496948242,50.73380378738165,50.733803787381646;50.73380378738164;50.73380378738165;50.733803787381646;50.73380378738164;50.733803787381646;50.73380378738164;50.73380378738164,10.474066215614727,9.854317386458408;9.938324396613433;10.023776023670763;10.110709854088986;10.199164789647897;10.28918110549265;10.380800511279006;10.474066215614727
83,Na_JVASP-105219_NaAl3.json,0.3923304080963135,1.2936146259307861;0.8568406105041504;0.4677072763442993;-0.009607195854187012;0.26788485050201416;0.13537704944610596;0.19044959545135498;-0.06362354755401611,1.2936146259307861,72.95673913242868,72.95673913242867;72.95673913242868;72.95673913242868;72.95673913242867;72.95673913242868;72.95673913242868;72.95673913242867;72.95673913242867,39.96959724621681,32.233655566059255;33.150239076114794;34.120475451891835;35.14921764158362;36.241922059211085;37.404745395733784;38.644660685082926;39.96959724621681
84,Li_JVASP-52766_LiMn3Al2H6O12.json,4.859465837478638,3.501861810684204;3.997183084487915;5.1351258754730225;6.803692579269409,6.803692579269409,53.59274462537923,53.59274462537923;53.59274462537923;53.59274462537923;53.59274462537923,16.00841925849577,15.811760551653409;15.876774381109847;15.942325057712576;16.00841925849577
85,Li_JVASP-41765_LiDy2Al.json,0.6457393169403076,-0.3452012538909912;-0.25005030632019043;0.56046462059021;0.7186524868011475;0.6858828067779541;0.8161342144012451;1.3572771549224854;1.6227548122406006,1.6227548122406006,58.64740872915202,58.64740872915202;58.64740872915201;58.64740872915201;58.64740872915202;58.64740872915202;58.647408729152005;58.64740872915202;58.64740872915202,9.494666604727326,9.334006115097974;9.356623922445422;9.379351609263534;9.402189978209467;9.425139839777215;9.448202012393498;9.471377322515046;9.494666604727326
86,Li_JVASP-9794_K2LiAlP2.json,0.7955470085144043,0.568408727645874;0.6936733722686768;0.8130722045898438;0.7901020050048828;0.7729222774505615;0.8045909404754639;0.9805052280426025;0.9411013126373291,0.9805052280426025,40.443752099853576,40.44375209985357;40.44375209985357;40.44375209985357;40.44375209985357;40.443752099853576;40.44375209985356;40.44375209985357;40.44375209985357,19.94237518653625,19.24656404677278;19.342977978180688;19.440362726643652;19.53873302947432;19.638103923791828;19.738490754184692;19.839909180609798;19.94237518653625
87,Li_JVASP-119639_LiAlPO5.json,4.505644083023071,3.729238271713257;3.6827809810638428;3.5636112689971924;3.5717642307281494;4.551620721817017;4.430255174636841;4.257954359054565;4.228874921798706;4.129115343093872;4.350276231765747;4.849767446517944;4.9331653118133545;5.185991525650024;5.221484422683716;5.675086736679077;5.729318380355835,5.729318380355835,33.908731249753394,33.908731249753394;33.90873124975339;33.908731249753394;33.90873124975339;33.90873124975339;33.908731249753394;33.908731249753394;33.908731249753394;33.90873124975339;33.908731249753394;33.908731249753394;33.90873124975339;33.90873124975339;33.908731249753394;33.90873124975339;33.90873124975339,12.10448467368251,11.560869813393182;11.595587158040361;11.63051364342598;11.665651165086416;11.701001641534258;11.73656701460748;11.772349249825032;11.808350336748907;11.844572289352925;11.881017146398289;11.917686971816103;11.954583855096999;11.991709911688037;12.029067283397001;12.066658138804277;12.10448467368251
88,Li_JVASP-101582_LiSm2Al.json,0.342479944229126,-0.043853044509887695;-0.11644339561462402;0.34646153450012207;0.8879220485687256;-0.1585252285003662;0.6568820476531982;0.5363643169403076;0.6310312747955322,0.8879220485687256,55.31903755720155,55.31903755720154;55.31903755720155;55.31903755720155;55.31903755720154;55.31903755720155;55.31903755720154;55.31903755720154;55.31903755720155,10.196286022194714,10.01123522477034;10.037258744238017;10.063417909015069;10.089713782431648;10.116147438961013;10.14271996436589;10.169432455847124;10.196286022194714
89,Na_JVASP-27529_NaAlSiO4.json,3.9372329711914062,2.163674831390381;2.5348525047302246;2.2521791458129883;2.3353271484375;2.183114528656006;2.2582507133483887;2.261505126953125;2.03403377532959;2.0725221633911133;2.384336471557617;2.1509242057800293;2.603614330291748;2.390681743621826;2.4540953636169434;2.575289726257324;3.0326480865478516;7.268545150756836;8.433952331542969;8.353387355804443;7.856167316436768;8.988367557525635;7.7297492027282715;6.810097694396973;5.057547569274902;2.9659485816955566;3.2306981086730957;3.0836706161499023;3.511777877807617;3.086181640625;3.6595983505249023;3.9260144233703613;4.342701435089111,8.988367557525635,13.782205655631394,13.782205655631389;13.78220565563139;13.78220565563139;13.782205655631387;13.782205655631389;13.782205655631389;13.782205655631392;13.782205655631389;13.78220565563139;13.78220565563139;13.78220565563139;13.782205655631389;13.78220565563139;13.78220565563139;13.78220565563139;13.78220565563139;13.78220565563139;13.782205655631394;13.78220565563139;13.782205655631389;13.78220565563139;13.782205655631392;13.782205655631389;13.78220565563139;13.78220565563139;13.78220565563139;13.78220565563139;13.78220565563139;13.78220565563139;13.78220565563139;13.782205655631392;13.78220565563139,6.99219263870976,5.895954268749174;5.925924218420529;5.956200407534219;5.9867875540261934;6.017690473245583;6.0489140804818975;6.080463393571319;6.112343535584992;6.144559737602321;6.177117341572431;6.210021803267096;6.243278695328542;6.276893710415709;6.310872664452713;6.345221499983379;6.379946289635935;6.415053239702089;6.45054869383493;6.486439136870276;6.522731198776312;6.559431658736557;6.596547449371459;6.634085661104114;6.672053546675923;6.710458525818177;6.74930819008594;6.788610307860806;6.828372829529482;6.868603892845427;6.909311828481153;6.950505165779152;6.99219263870976
90,K_JVASP-152388_KAlS2O8.json,4.699701309204102,4.795997142791748;4.70785665512085;4.517134189605713;4.6064133644104;4.572338581085205;4.643835544586182;4.889764785766602;4.864270210266113,4.889764785766602,36.04956595259523,36.04956595259523;36.04956595259522;36.04956595259522;36.04956595259523;36.04956595259522;36.04956595259523;36.04956595259523;36.04956595259523,14.956582675304166,12.974902381083467;13.225228613435643;13.485404010407718;13.756021514490255;14.037722638195522;14.331202541207697;14.63721575800537;14.956582675304166
91,Na_JVASP-57334_NaAlMo2O8.json,3.165400505065918,2.7631258964538574;2.9687399864196777;3.0936331748962402;3.4218344688415527;2.910240650177002;3.137279987335205;3.4640355110168457;3.564314365386963,3.564314365386963,32.78747043620782,32.78747043620781;32.78747043620781;32.78747043620781;32.78747043620781;32.78747043620782;32.78747043620781;32.78747043620782;32.78747043620781,9.579334818128022,9.058312296478102;9.129246885260399;9.201301203523167;9.27450197522433;9.348876781549162;9.424454095559877;9.501263318539579;9.579334818128022
92,Li_JVASP-140418_Li5AlSi2O8.json,4.896511793136597,3.172239065170288;3.5348527431488037;3.916470766067505;4.858839273452759;5.706635236740112;7.135157346725464;6.857466459274292;8.004101514816284;6.53518271446228;4.956932783126831;4.100789308547974;3.4950363636016846;3.125974416732788;2.990539312362671;3.006849527359009;3.037125825881958;4.47819972038269;4.575896978378296;4.703978776931763;4.771416902542114;4.753077268600464;4.901022672653198;4.828072786331177;4.964643716812134;4.27355694770813;4.3279640674591064;4.6998655796051025;4.454326868057251;4.441393613815308;4.788968801498413;5.385403871536255;5.053292512893677;5.337794542312622;5.5552685260772705;5.47308611869812;6.052650213241577;5.775526285171509;5.621310472488403;6.2639477252960205;5.9456140995025635,8.004101514816284,33.81572304498971,33.81572304498971;33.81572304498971;33.8157230449897;33.8157230449897;33.81572304498971;33.8157230449897;33.81572304498971;33.81572304498971;33.81572304498971;33.81572304498971;33.8157230449897;33.8157230449897;33.81572304498971;33.81572304498971;33.81572304498971;33.8157230449897;33.81572304498971;33.81572304498971;33.81572304498971;33.81572304498971;33.81572304498971;33.81572304498971;33.81572304498971;33.81572304498971;33.8157230449897;33.81572304498971;33.8157230449897;33.81572304498971;33.8157230449897;33.81572304498971;33.81572304498971;33.81572304498971;33.81572304498971;33.81572304498971;33.8157230449897;33.81572304498971;33.81572304498971;33.8157230449897;33.81572304498971;33.81572304498971,15.80161509643959,13.626796224505789;13.675056091811813;13.723659002687645;13.77260862784257;13.821908690544163;13.871562967562342;13.921575290133877;13.971949544947782;14.022689675152233;14.073799681383463;14.125283622817278;14.177145618243703;14.229389847165407;14.28202055092052;14.335042033830401;14.388458664373163;14.442274876383433;14.496495170279216;14.551124114316444;14.60616634587204;14.661626572756186;14.717509574554605;14.773820204001673;14.830563388385151;14.887744130983446;14.945367512536198;15.003438692749215;15.061962911834579;15.120945492086957;15.180391839497108;15.240307445403566;15.30069788818364;15.361568834984718;15.42292604349713;15.484775363769609;15.547122740068636;15.609974212782907;15.673335920374118;15.737214101375544;15.80161509643959
93,K_JVASP-152554_KAlS2O8.json,5.228855609893799,4.172346115112305;4.014153480529785;4.410129547119141;4.597994804382324;5.3490891456604;5.52392053604126;6.602725505828857;7.160485744476318,7.160485744476318,33.80027375194645,33.80027375194645;33.80027375194644;33.80027375194645;33.80027375194645;33.80027375194644;33.80027375194645;33.80027375194644;33.80027375194645,14.956582675304166,12.974902381083467;13.225228613435643;13.485404010407718;13.756021514490255;14.037722638195522;14.331202541207697;14.63721575800537;14.956582675304166
94,Li_JVASP-60812_LiAlGeO4.json,5.246144533157349,3.9623911380767822;6.2236387729644775;8.424128293991089;5.148671865463257;3.896958589553833;3.8210785388946533,8.424128293991089,86.65876971246878,86.65876971246878;86.65876971246878;86.65876971246877;86.65876971246877;86.65876971246877;86.65876971246878,27.10901054185529,26.189668915906854;26.368514788737926;26.54982008749148;26.733635895153494;26.920014719250446;27.10901054185529
95,Al.json,0.0,0,-9999.0,-9999.0,-9999,-9999.0,-9999
96,Li_JVASP-41937_LiCa2Al.json,1.149972915649414,-0.11115890741348267;-0.12010663747787476;1.9346504211425781;3.9865236282348633;-0.14672815799713135;1.0204917192459106;2.1955909729003906;0.4405202865600586,3.9865236282348633,51.54155084894079,51.54155084894078;51.54155084894078;51.54155084894078;51.54155084894079;51.54155084894079;51.54155084894078;51.54155084894079;51.54155084894078,31.01875001593802,29.36735700906751;29.592422352281844;29.820964045901082;30.053063260157963;30.2888037121281;30.528271766408654;30.771556540610998;31.01875001593802
97,Li_JVASP-153225_Li9Al4.json,1.002131700515747,0.2958533763885498;0.31731200218200684;0.6731059551239014;0.7175939083099365;0.38220810890197754;0.5870740413665771;1.281121015548706;1.6716535091400146;0.7187793254852295;0.39111828804016113;1.0315276384353638;0.7024821043014526;1.3792393207550049;1.758331060409546;0.8688130378723145;1.9564602375030518;2.0133160948753357;1.2923815846443176,2.0133160948753357,103.40592265634506,103.40592265634503;103.40592265634506;103.40592265634504;103.40592265634504;103.40592265634503;103.40592265634503;103.40592265634504;103.40592265634503;103.40592265634503;103.40592265634503;103.40592265634503;103.40592265634504;103.40592265634503;103.40592265634503;103.40592265634503;103.40592265634503;103.40592265634503;103.40592265634504,120.29751479282805,78.64508076971205;80.2801762790743;81.98470531230227;83.76318650060512;85.62053925708595;87.56212921876474;89.59382001490751;91.72203241358747;93.95381210316806;96.29690761611965;98.75986021101878;101.35210790987784;104.08410636175451;106.96746979552132;110.01513606839079;113.24156075680636;116.66294643193106;120.29751479282805
98,Na_JVASP-118655_NaAlSe2.json,2.470979690551758,1.3223867416381836;1.2548713684082031;2.0014047622680664;2.1277456283569336;2.998872995376587;3.688997983932495;2.95798397064209;3.415574073791504,3.688997983932495,65.32984626487573,65.32984626487573;65.32984626487573;65.32984626487573;65.32984626487571;65.32984626487571;65.32984626487573;65.32984626487571;65.32984626487573,17.84146204575001,16.115080540417296;16.340964810567;16.573271520547294;16.812278528859682;17.05827995678364;17.31158739584962;17.572531224516176;17.84146204575001
99,Li_JVASP-109547_Li2AcAl.json,0.5514087677001953,0.07618153095245361;0.03081953525543213;0.6364190578460693;1.919023036956787;0.8389542102813721;0.9865787029266357;0.2860668897628784;0.49236881732940674;0.5306596755981445;-0.14182424545288086;0.15096700191497803;0.34661591053009033;0.46073198318481445;1.3055086135864258;0.35338568687438965;0.5500838756561279,1.919023036956787,59.90000891420738,59.900008914207376;59.900008914207376;59.900008914207376;59.90000891420738;59.900008914207376;59.900008914207376;59.90000891420738;59.90000891420738;59.90000891420737;59.900008914207376;59.900008914207376;59.900008914207376;59.90000891420737;59.90000891420737;59.90000891420737;59.90000891420737,13.145756975672056,12.507059331959741;12.547702041455096;12.588609755704447;12.629785075071677;12.6712306340538;12.71294910184286;12.75494318289897;12.797215617534716;12.839769182511276;12.882606691646409;12.92573099643471;12.969144986680327;13.012851591142494;13.056853778194142;13.101154556493944;13.145756975672056
100,K_JVASP-106424_K2AlAgBr6.json,3.7243306636810303,2.6181771755218506;2.5042238235473633;2.58882212638855;2.8728528022766113;2.469789505004883;2.6365602016448975;2.7595081329345703;2.718837022781372;3.6945836544036865;4.441533803939819;4.6026530265808105;4.716485023498535;4.9967076778411865;5.225773811340332;5.275626063346863;5.467156767845154,5.467156767845154,18.527698244258474,18.527698244258474;18.527698244258474;18.527698244258474;18.527698244258474;18.52769824425847;18.527698244258474;18.527698244258474;18.527698244258474;18.527698244258474;18.527698244258474;18.527698244258474;18.527698244258474;18.527698244258474;18.527698244258474;18.527698244258474;18.527698244258474,5.410846337084861,4.838019743794538;4.872408016426874;4.907288647101968;4.942672286152735;4.978569893316759;5.014992749054198;5.0519524663661635;5.089461003139578;5.127530675046076;5.1661741690241705;5.2054045573757115;5.245235312509512;5.285680322367091;5.326753906567635;5.368470833311597;5.410846337084861
101,Na_JVASP-109837_Na2AlAgCl6.json,3.334181308746338,1.6717581748962402;1.6211333274841309;1.8490188121795654;1.8802897930145264;1.860142469406128;2.212167739868164;1.9625457525253296;1.9397653341293335;3.6631165742874146;4.1781216859817505;4.826678991317749;5.090961456298828;5.131730318069458;5.274204969406128;5.179466009140015;5.0057995319366455,5.274204969406128,22.629983157372784,22.62998315737278;22.62998315737278;22.62998315737278;22.62998315737278;22.62998315737278;22.629983157372777;22.629983157372784;22.62998315737278;22.629983157372784;22.62998315737278;22.62998315737278;22.629983157372777;22.629983157372784;22.629983157372777;22.629983157372777;22.62998315737278,9.559899597591176,8.51278960514023;8.575408083517402;8.638954607912924;8.70344996370912;8.768915561662162;8.83537346159999;8.902846397206094;8.97135780194761;9.04093183620989;9.111593415703517;9.183368241213966;9.256282829768471;9.330364547299599;9.40564164288992;9.482143284687957;9.559899597591176
102,Na_JVASP-118652_NaAlSe2.json,2.4574108123779297,2.1083984375;1.8366107940673828;3.3480887413024902;3.0767884254455566;3.0128259658813477;2.6211776733398438;2.3191590309143066;2.1796517372131348;2.3819708824157715;2.2162318229675293;2.907867908477783;2.6796021461486816;1.889697551727295;2.0018067359924316;2.302567481994629;2.054165840148926;2.6337192058563232;2.6630642414093018,3.3480887413024902,25.870208083699954,25.870208083699954;25.870208083699954;25.87020808369995;25.87020808369995;25.87020808369995;25.87020808369995;25.870208083699954;25.870208083699954;25.87020808369995;25.870208083699954;25.87020808369995;25.87020808369995;25.87020808369995;25.87020808369995;25.870208083699954;25.87020808369995;25.870208083699954;25.87020808369995,7.997535716014432,7.162258017963242;7.2065323601552524;7.25135748118178;7.296743723015948;7.34270168818328;7.3892422480190705;7.436376551241752;7.484116032856522;7.532472423404124;7.581457758570506;7.631084389173915;7.681364991546792;7.732312578330841;7.78394050970456;7.836262505063572;7.889292655175245;7.943045434830177;7.997535716014432
103,Li_JVASP-16583_LiAl2Ir.json,0.8970115184783936,0.34684014320373535;0.4799010753631592;1.7220768928527832;2.219414234161377;0.43131279945373535;1.1447842121124268;1.2660439014434814;-0.4342811107635498,2.219414234161377,100.75323623832723,100.75323623832722;100.75323623832723;100.75323623832722;100.75323623832722;100.75323623832723;100.75323623832723;100.75323623832723;100.75323623832722,13.5608837495955,13.235504554572465;13.281028033196877;13.32686574837616;13.373020965016682;13.419496993411672;13.466297190032655;13.513424958337504;13.5608837495955
104,Na_JVASP-139136_NaAlF3.json,0.9875946044921875,0.9670686721801758;1.293839454650879;5.096270322799683;1.4582254886627197;-2.787008047103882;4.162551641464233;-0.33739209175109863;-1.95279860496521,5.096270322799683,86.18568046497431,86.1856804649743;86.1856804649743;86.1856804649743;86.18568046497431;86.1856804649743;86.18568046497431;86.1856804649743;86.18568046497431,38.57417461098784,31.319942436803064;32.18460151497724;33.0983578425623;34.065515389154925;35.090896326801406;36.17992144052302;37.338705991358204;38.57417461098784
105,Li_JVASP-117276_LiAlNiO3.json,3.9789164066314697,2.769848108291626;3.008629083633423;3.3236262798309326;3.3556973934173584;3.3932993412017822;3.4509127140045166;3.5365960597991943;3.475914716720581;4.327863931655884;4.363018274307251;4.910826921463013;5.036803483963013;4.623777627944946;4.555672883987427;4.70501446723938;4.8251612186431885,5.036803483963013,46.52678351928148,46.52678351928147;46.52678351928147;46.52678351928147;46.52678351928147;46.526783519281466;46.526783519281466;46.526783519281466;46.52678351928148;46.52678351928147;46.52678351928147;46.52678351928147;46.52678351928147;46.526783519281466;46.526783519281466;46.52678351928147;46.52678351928147,12.490721557157556,11.912689589732654;11.949555488082463;11.986650270675836;12.023976075713634;12.061535068112898;12.099329439925414;12.137361410764187;12.17563322823797;12.214147168394032;12.25290553616939;12.291910665850622;12.331164921542516;12.370670697645718;12.410430419343577;12.45044654309844;12.490721557157556
106,Na_JVASP-38503_NaAl3.json,0.7492326498031616,1.0530493259429932;0.6578261852264404;0.7947849035263062;1.07729971408844;0.3654606342315674;0.7168219089508057;0.4211428165435791;0.9074757099151611,1.07729971408844,71.51668174155327,71.51668174155326;71.51668174155327;71.51668174155327;71.51668174155327;71.51668174155327;71.51668174155327;71.51668174155327;71.51668174155327,39.96959724621681,32.233655566059255;33.150239076114794;34.120475451891835;35.14921764158362;36.241922059211085;37.404745395733784;38.644660685082926;39.96959724621681
107,Li_JVASP-44373_Li2AlFeO4.json,4.286283731460571,3.1889808177948;3.1944148540496826;3.227525472640991;3.3143365383148193;3.4057109355926514;3.4022557735443115;3.4920523166656494;3.49001145362854;4.467328310012817;4.6572887897491455;4.404428720474243;4.4676783084869385;4.677656412124634;4.816815614700317;4.613395929336548;4.6835644245147705;4.371998071670532;4.393818140029907;4.307361841201782;4.248771905899048;4.21515965461731;4.115981340408325;4.250996351242065;4.345479726791382;4.904163599014282;4.750465631484985;5.2291100025177;4.720240831375122;4.513661623001099;4.832986116409302;5.114622354507446;5.342817544937134,5.342817544937134,32.47229055104704,32.47229055104703;32.47229055104703;32.47229055104703;32.47229055104703;32.472290551047024;32.472290551047024;32.47229055104703;32.47229055104704;32.47229055104703;32.47229055104703;32.47229055104703;32.47229055104703;32.472290551047024;32.47229055104703;32.47229055104703;32.47229055104703;32.472290551047024;32.47229055104703;32.47229055104703;32.472290551047024;32.472290551047024;32.472290551047024;32.472290551047024;32.47229055104703;32.472290551047024;32.47229055104703;32.47229055104703;32.47229055104703;32.47229055104703;32.472290551047024;32.47229055104703;32.47229055104703,11.375226753847212,10.423326698420494;10.451539737585705;10.479905920930964;10.50842649878062;10.537102735106963;10.565935907716947;10.594927308442003;10.624078243330958;10.653390032846183;10.682864012062959;10.712501530872196;10.742303954186509;10.77227266214976;10.802409050350112;10.832714530036663;10.863190528339752;10.893838488494975;10.924659870071027;10.955656149201397;10.986828818820037;11.01817938890106;11.04970938670255;11.081420357014583;11.113313862411502;11.14539148350861;11.177654819223264;11.21010548704056;11.242745123283646;11.275575383388757;11.308597942185113;11.341814494179717;11.375226753847212
108,Li_JVASP-120278_Li2AlN2.json,2.5036771297454834,0.8964941501617432;-0.05188155174255371;1.1156208515167236;0.8276169300079346;1.237450361251831;0.7061402797698975;1.219585657119751;1.2446091175079346;1.4419634342193604;1.684668779373169;2.163893938064575;2.3004000186920166;1.808229684829712;2.006274461746216;2.1076223850250244;1.827026605606079;1.2144200801849365;1.297255277633667;4.427079916000366;4.107153654098511;4.042535066604614;4.541606187820435;4.693670988082886;3.9489524364471436;3.9423816204071045;2.823469877243042;4.099210023880005;3.2141640186309814;4.095607042312622;3.247258424758911;3.5841944217681885;2.4685041904449463;3.3851029872894287;2.133293867111206;3.7190706729888916;2.6117308139801025,4.693670988082886,58.090479961543416,58.09047996154341;58.09047996154341;58.09047996154341;58.0904799615434;58.090479961543416;58.09047996154341;58.09047996154341;58.0904799615434;58.090479961543416;58.0904799615434;58.09047996154341;58.09047996154339;58.090479961543394;58.090479961543416;58.0904799615434;58.09047996154341;58.0904799615434;58.090479961543416;58.0904799615434;58.09047996154341;58.0904799615434;58.0904799615434;58.090479961543394;58.0904799615434;58.090479961543394;58.0904799615434;58.0904799615434;58.0904799615434;58.090479961543394;58.090479961543394;58.090479961543394;58.090479961543394;58.09047996154341;58.0904799615434;58.09047996154341;58.0904799615434,26.886175642811647,21.617847961790723;21.73955800418594;21.862646278752475;21.987136329235735;22.113052238702306;22.240418645071824;22.369260757188727;22.499604371455874;22.631475889053114;22.764902333764965;22.899911370442624;23.036531324126855;23.174791199859527;23.314720703212842;23.45635026156685;23.599711046167204;23.744834994996808;23.891754836496485;24.04050411417185;24.191117212125075;24.34362938155248;24.498076768250776;24.654496441177105;24.812926422110213;24.97340571646261;25.13597434529628;25.300673378596958;25.46754496986524;25.636632392085644;25.807980075138094;25.98163364471983;26.15763996284926;26.336047170027378;26.516904729136396;26.700263471159662;26.886175642811647
109,Li_JVASP-140422_Li2Al2P2O9F.json,4.555567026138306,4.79110312461853;5.002015829086304;4.927622556686401;4.684500455856323;4.758611440658569;4.614802122116089;4.189244508743286;4.061623811721802;3.639033079147339;3.9620797634124756;4.283485651016235;4.489977121353149;4.2116944789886475;4.526792287826538;5.261892557144165;5.484593629837036,5.484593629837036,34.3078804674257,34.30788046742569;34.30788046742569;34.30788046742569;34.3078804674257;34.30788046742569;34.3078804674257;34.30788046742569;34.30788046742569;34.30788046742569;34.3078804674257;34.30788046742569;34.30788046742569;34.30788046742569;34.3078804674257;34.30788046742568;34.3078804674257,11.974730844639485,11.44245181386004;11.476460535335184;11.510672017717665;11.545088079728046;11.579710561903482;11.614541326925837;11.64958225995572;11.684835268972622;11.720302285121212;11.755985263063984;11.791886181340352;11.828007042732345;11.86434987463705;11.90091672944594;11.93770968493124;11.974730844639485
110,K_JVASP-61253_K2Al2B2O7.json,5.8569090366363525,2.0251364707946777;2.3341445922851562;5.215785980224609;10.922161102294922;5.965541839599609;8.67868423461914,10.922161102294922,81.9024594488951,81.90245944889509;81.90245944889509;81.9024594488951;81.9024594488951;81.9024594488951;81.9024594488951,44.532500124009694,33.61393604337504;35.34723674936069;37.269011198455644;39.41176790353362;41.815947658884284;44.532500124009694
111,Ca_JVASP-97930_Ca2AlH10ClO8.json,10.623673439025879,11.052756786346436;11.692834377288818;10.11434531211853;9.634757280349731,11.692834377288818,85.67190650002273,85.67190650002273;85.67190650002273;85.67190650002271;85.67190650002271,60.761069060120164,47.74636688902822;51.41748541623659;55.700154042048005;60.761069060120164
112,Na_JVASP-61639_Na4BeAlSi4ClO12.json,4.28791356086731,2.272092342376709;2.2802681922912598;2.3817896842956543;2.4086098670959473;2.7446670532226562;2.902228355407715;3.190638542175293;3.3355712890625;6.614548206329346;7.084127902984619;6.800806999206543;6.423088073730469;7.917392253875732;6.5571112632751465;4.971009731292725;4.317836284637451;3.8842062950134277;3.8093676567077637;3.296360492706299;3.2297520637512207;3.364323139190674;3.1403136253356934;3.17686128616333;3.0214457511901855;4.572021007537842;4.649948596954346;5.300975322723389;5.17315149307251;4.388209342956543;4.200595855712891;5.187602519989014;4.616313457489014,7.917392253875732,16.551911717875132,16.55191171787513;16.55191171787513;16.55191171787513;16.551911717875125;16.55191171787513;16.55191171787513;16.551911717875132;16.551911717875125;16.55191171787513;16.55191171787513;16.551911717875125;16.55191171787513;16.551911717875125;16.55191171787513;16.55191171787513;16.55191171787513;16.551911717875125;16.55191171787513;16.551911717875125;16.55191171787513;16.551911717875125;16.55191171787513;16.551911717875125;16.55191171787513;16.55191171787513;16.55191171787513;16.551911717875125;16.55191171787513;16.55191171787513;16.55191171787513;16.55191171787513;16.55191171787513,8.847586935723209,7.162485331547775;7.206762492802566;7.251590485660448;7.296979653419797;7.342940599973272;7.3894841980667545;7.436621597874408;7.484364235904027;7.532723844247662;7.581712460193167;7.6313424362133;7.681626450349699;7.7325775170101405;7.784208998198339;7.836534615196698;7.889568460723416;7.943325011586613;7.997819141859305;8.053066136600474;8.109081706148745;8.16588200101681;8.223483627416227;8.281903663443964;8.341159675963814;8.401269738217717;8.462252448204145;8.524126947862726;8.586912943106736;8.650630724747451;8.715301190357101;8.78094586711983;8.847586935723209
113,Na_JVASP-97400_K6Na3AlSb4.json,1.129796028137207,0.8534964919090271;0.5666013360023499;1.0710589289665222;1.5294297337532043;1.1040034294128418;1.6541862487792969,1.6541862487792969,47.56797871002853,47.56797871002851;47.56797871002851;47.56797871002851;47.56797871002852;47.56797871002853;47.56797871002852,17.63008941491633,16.390726393667144;16.62446021950757;16.864956628311706;17.112513419245094;17.367446137259368;17.63008941491633
114,Li_JVASP-46246_Li2AlNiO4.json,4.750030755996704,4.050341844558716;3.968578577041626;4.2528417110443115;4.103704214096069;4.175995111465454;4.364097833633423;3.666733980178833;3.7879440784454346;4.2552573680877686;4.290391683578491;4.671750783920288;5.149140119552612;5.981934309005737;6.300252676010132;6.407429933547974;6.5740978717803955,6.5740978717803955,66.04587630221185,66.04587630221184;66.04587630221182;66.04587630221185;66.04587630221182;66.04587630221184;66.04587630221182;66.04587630221184;66.04587630221184;66.04587630221184;66.04587630221184;66.04587630221184;66.04587630221182;66.04587630221184;66.04587630221182;66.04587630221182;66.04587630221184,22.254427589441576,20.483596473787422;20.59283746925105;20.703249897607627;20.814852703012935;20.92766524031765;21.041707286257378;21.156999051010665;21.273561190138988;21.39141481692368;21.5105815151152;21.63108335211091;21.75294289257831;21.876183212541328;22.000827913948207;22.126901139740234;22.254427589441576
115,K_JVASP-10240_KAlSiO4.json,4.29173469543457,2.12624454498291;2.455294609069824;3.307809829711914;10.258487701416016;4.089707374572754;4.440802574157715;4.450817108154297;3.204713821411133,10.258487701416016,54.14215683154199,54.14215683154198;54.14215683154198;54.142156831541975;54.14215683154198;54.14215683154198;54.14215683154199;54.14215683154199;54.142156831541975,27.02810093839186,21.181859668222483;21.85725616623323;22.577142094306975;23.34606304836545;24.169205704394756;25.052514965852858;26.00283777375438;27.02810093839186
116,Li_JVASP-95587_Na3Li3Al2F12.json,6.242503563563029,4.569599866867065;5.256852388381958;6.901422500610352;9.818739891052246;10.012477159500122;9.0070641040802;5.99576473236084;5.076297283172607;4.1861913204193115;4.617470979690552;4.442052125930786;5.026110410690308,10.012477159500122,49.85292695244787,49.85292695244787;49.852926952447866;49.85292695244787;49.85292695244787;49.852926952447866;49.85292695244786;49.85292695244786;49.85292695244786;49.852926952447866;49.852926952447866;49.852926952447866;49.852926952447866,19.000139926645073,18.02452900143386;18.109061384305576;18.194390392049183;18.28052733894883;18.367483754566834;18.4552713888883;18.54390221761399;18.633388447606436;18.723742522494504;18.814977128441814;18.90710520008463;19.000139926645073
117,Ca_JVASP-15153_CaAlSi.json,2.97404146194458,0.852118730545044;1.1998145580291748;0.9868614673614502;2.08589243888855;2.671679973602295;3.834493637084961;4.225924015045166;7.935546875,7.935546875,82.81096414451768,82.81096414451768;82.81096414451765;82.81096414451767;82.81096414451767;82.81096414451765;82.81096414451765;82.81096414451765;82.81096414451765,55.76505083260873,35.21134910905264;37.168407869710734;39.355817598772745;41.816790780973335;44.606069399843015;47.79404497799458;51.4727813492741;55.76505083260873
118,K_JVASP-39479_K2Al2O3F2.json,5.908304214477539,1.5133709907531738;2.490452289581299;2.3555426597595215;2.455287456512451;2.283602237701416;2.4849801063537598;2.5693111419677734;2.4320058822631836;7.616668224334717;8.460726261138916;8.086463451385498;7.706833362579346;8.380395412445068;8.137025356292725;6.883139133453369;6.6896443367004395;5.9395976066589355;6.079274654388428;5.384930610656738;5.452751159667969;4.959329128265381;5.761168956756592;5.347275257110596;5.880302906036377;8.453800678253174;8.54713487625122;8.38964319229126;8.01289987564087;7.8217949867248535;7.6456217765808105;7.480059623718262;7.364701271057129,8.54713487625122,19.635275205006078,19.635275205006074;19.635275205006074;19.635275205006074;19.635275205006078;19.63527520500607;19.635275205006074;19.635275205006074;19.635275205006074;19.635275205006074;19.635275205006074;19.635275205006074;19.635275205006074;19.63527520500607;19.635275205006078;19.635275205006074;19.635275205006074;19.635275205006074;19.63527520500607;19.635275205006078;19.63527520500607;19.635275205006074;19.635275205006074;19.635275205006074;19.635275205006074;19.63527520500607;19.635275205006074;19.635275205006074;19.635275205006078;19.635275205006074;19.635275205006074;19.635275205006074;19.635275205006074,11.763147935364174,7.6784626276501555;7.765446711648423;7.854424144063736;7.945464239193182;8.038639562689259;8.134026124462942;8.231703585485574;8.33175547967217;8.434269452145035;8.539337515306082;8.647056324290375;8.757527473534148;8.87085781636997;8.987159809762368;9.106551886521768;9.229158857586498;9.355112347245264;9.484551264490472;9.617622314050951;9.75448055105644;9.89528998374279;10.040224229123343;10.189467227137683;10.343214019454305;10.501671599860561;10.66505984403644;10.833612527494243;11.007578441594617;11.187222618843185;11.372827680159098;11.564695318519878;11.763147935364174
119,Li_JVASP-112360_Li2AlCr2SbO8.json,4.019786596298218,3.904794931411743;3.9398529529571533;4.077331304550171;4.153236150741577;3.759760618209839;3.7000491619110107;3.6504085063934326;3.656357526779175;3.3447725772857666;3.1357738971710205;2.9832851886749268;2.8816206455230713;4.731022119522095;4.663809061050415;5.394896745681763;6.339614152908325,6.339614152908325,39.504490422675254,39.50449042267525;39.50449042267525;39.50449042267525;39.50449042267525;39.50449042267525;39.50449042267525;39.50449042267525;39.50449042267524;39.504490422675254;39.504490422675254;39.504490422675254;39.50449042267525;39.504490422675254;39.50449042267525;39.50449042267525;39.50449042267525,8.77939030302863,8.489843647073418;8.508551267850377;8.527341516287676;8.546214941020638;8.565172095552507;8.584213538308548;8.60333983269089;8.622551547134087;8.641849255161434;8.66123353544204;8.680704971848671;8.700264153516372;8.719911674901882;8.739648135843867;8.759474141623958;8.77939030302863
120,Li_JVASP-7669_LiAl.json,1.0603408813476562,0.5058531761169434;0.4093179702758789;0.5301709175109863;0.7228875160217285;0.8521190881729126;1.0813568830490112;0.8539190292358398;0.9808721542358398;0.9636112451553345;0.5119050741195679;0.8359584808349609;1.069239616394043;1.2590584754943848;1.5781433582305908;2.182081937789917;2.6289591789245605,2.6289591789245605,86.15589988546151,86.15589988546148;86.15589988546151;86.1558998854615;86.1558998854615;86.1558998854615;86.1558998854615;86.15589988546148;86.1558998854615;86.1558998854615;86.15589988546148;86.15589988546148;86.15589988546148;86.15589988546148;86.15589988546148;86.1558998854615;86.1558998854615,61.10053374692854,49.37993010550939;50.01959704491251;50.67605395493892;51.34997068107686;52.042053180877254;52.753045990748845;53.48373489776066;54.23494983660801;55.007568034195394;55.80251742688567;56.62078037840318;57.46339772971077;58.33147321596553;59.2261782899659;60.14875739641403;61.10053374692854
121,Na_JVASP-23952_Na4Al3Si3IO12.json,3.6078927516937256,2.131669044494629;2.3740129470825195;4.627786159515381;7.75214147567749;3.4119668006896973;3.2579808235168457;2.2972965240478516;3.0102882385253906,7.75214147567749,59.8414318698533,59.8414318698533;59.841431869853295;59.84143186985329;59.84143186985329;59.84143186985329;59.841431869853295;59.841431869853295;59.84143186985329,27.03979549330451,23.26285404346299;23.736501844281527;24.22983810961538;24.74411650263548;25.280699430626548;25.84107009706884;26.426846192929528;27.03979549330451
122,Zn_JVASP-18568_CaAl2Zn2.json,0.8941248953342438,0.4576485753059387;0.6005186438560486;0.661216676235199;0.5423751473426819;0.6370437145233154;0.5298261642456055;0.5375425219535828;0.5340140461921692;1.6412631273269653;1.3551384210586548;1.1704682111740112;1.05791175365448;1.2009977102279663;0.8719228506088257;1.0835696458816528;1.4245411157608032,1.6412631273269653,57.30141600460032,57.301416004600306;57.30141600460031;57.301416004600306;57.30141600460032;57.30141600460032;57.3014160046003;57.30141600460031;57.301416004600306;57.30141600460031;57.301416004600306;57.30141600460031;57.30141600460031;57.30141600460031;57.301416004600306;57.30141600460031;57.30141600460031,32.775160129934456,14.899043489176467;15.461230964984464;16.067508268807842;16.72327373361989;17.434844482793245;18.20966058838758;19.0565461987746;19.986047086729787;21.01087204828828;22.146477443185944;23.411852127261987;24.830587781740043;26.4323635123963;28.255044684594473;30.34771444173746;32.775160129934456
123,Li_JVASP-114308_LiAlH.json,0.7817428112030029,0.6370704174041748;0.7810533046722412;0.9403340816497803;0.3996312618255615;0.8860061168670654;0.5605542659759521;0.6030912399291992;0.4054265022277832;0.4797699451446533;1.2127554416656494;1.2284743785858154;0.9566333293914795;0.5960090160369873;1.2822558879852295;0.7085912227630615;0.6138885021209717;1.4166805744171143;0.363145112991333,1.4166805744171143,56.53318072002572,56.53318072002572;56.53318072002571;56.533180720025705;56.533180720025705;56.5331807200257;56.533180720025705;56.533180720025705;56.533180720025705;56.533180720025705;56.533180720025705;56.533180720025705;56.53318072002571;56.53318072002572;56.53318072002571;56.53318072002572;56.53318072002572;56.53318072002572;56.533180720025705,52.47458957443733,42.62670442564148;43.10252998386264;43.58909837677385;44.08677757381299;44.595952543694146;45.11702624753321;45.65042070242047;46.196578121340245;46.7559621359087;47.3290591090356;47.91637954532138;48.51845960778596;49.13586275040093;49.769181476873136;50.419039237219636;51.086092474894755;51.77103283859925;52.47458957443733
124,K_JVASP-30990_KAlH4.json,1.6389832496643066,0.9199461936950684;0.9166831970214844;0.9015798568725586;0.8941454887390137;1.4024991989135742;1.4422788619995117;1.2919893264770508;1.2557592391967773;2.0115246772766113;1.8074603080749512;2.021268367767334;1.9714245796203613;2.0708231925964355;2.2347755432128906;2.386399745941162;2.695174217224121,2.695174217224121,30.734293548797282,30.73429354879728;30.73429354879728;30.734293548797275;30.734293548797275;30.734293548797275;30.734293548797275;30.734293548797275;30.734293548797275;30.734293548797275;30.73429354879728;30.734293548797275;30.73429354879728;30.734293548797282;30.73429354879727;30.734293548797275;30.734293548797275,50.067115145967435,23.891804188151035;24.754591575622953;25.682028017149026;26.681662616468575;27.762267429271144;28.934095563422947;30.209207525325702;31.601887836001637;33.12918245556336;34.81159996161967;36.67403780803401;38.74702272205684;41.068396982318895;43.6856494868274;46.65919883323143;50.067115145967435
125,K_JVASP-96877_K2LiAlF6.json,12.057813048362732,3.9948619604110718;5.064189791679382;5.2396546602249146;4.110558390617371;15.396356463432312;38.54125702381134,38.54125702381134,68.77536062805447,68.77536062805447;68.77536062805447;68.77536062805446;68.77536062805447;68.77536062805446;68.77536062805446,55.508322137632476,39.51105476165931;41.92773447005782;44.65930509141008;47.77160062697771;51.35018163551999;55.508322137632476
126,K_JVASP-61626_KAlH6O2F6.json,3.6130313873291016,3.443230390548706;3.5200822353363037;3.71486234664917;3.7739505767822266,3.7739505767822266,68.67396067354714,68.67396067354714;68.67396067354714;68.67396067354714;68.67396067354713,35.49057065474514,30.719199437090403;32.16042080318948;33.743531682359716;35.49057065474514
127,Li_JVASP-55692_K2LiAlH6.json,0.8944942951202393,0.8198118209838867;0.9691767692565918,0.9691767692565918,183.12042613756142,183.12042613756142;183.12042613756142,116.83675219568593,113.40531441512574;116.83675219568593
128,Li_JVASP-119356_Li4AlCr3O8.json,3.546800374984741,2.185870885848999;2.282151937484741;2.2279927730560303;2.247941732406616;2.355456590652466;2.5020382404327393;2.386787176132202;2.4869067668914795;2.792506456375122;2.8471128940582275;2.8488032817840576;2.9275290966033936;3.0107457637786865;2.9874722957611084;3.0592024326324463;3.1917030811309814;3.5199592113494873;3.7032248973846436;3.890399694442749;4.095653295516968;3.5876214504241943;3.7871034145355225;4.028137445449829;4.293927431106567;4.46992564201355;4.304774045944214;5.621009588241577;5.772611379623413;4.58501124382019;4.291422605514526;5.697226285934448;5.509382963180542,5.772611379623413,40.00699682184688,40.00699682184687;40.006996821846876;40.00699682184687;40.00699682184687;40.006996821846876;40.006996821846876;40.00699682184687;40.006996821846876;40.006996821846876;40.006996821846876;40.006996821846876;40.00699682184687;40.006996821846876;40.006996821846876;40.006996821846876;40.00699682184687;40.00699682184687;40.006996821846876;40.006996821846876;40.006996821846876;40.006996821846876;40.006996821846876;40.006996821846876;40.00699682184687;40.006996821846876;40.006996821846876;40.006996821846876;40.00699682184688;40.006996821846876;40.006996821846876;40.006996821846876;40.006996821846876,10.74353511098601,9.89045752907849;9.915856132968269;9.94138551946856;9.967046701326433;9.992840701772625;10.018768554657548;10.044831304589412;10.071030007074526;10.097365728659781;10.123839547077397;10.150452551391922;10.17720584214959;10.204100531530024;10.23113774350035;10.258318613971795;10.285644290958746;10.313115934740397;10.340734718024963;10.368501826116564;10.396418457084785;10.424485821937;10.45270514479348;10.481077663065362;10.509604627635522;10.538287303042406;10.567126967666889;10.5961249139222;10.625282448446987;10.654600892301584;10.684081581167522;10.713725865550382;10.74353511098601
129,Li_JVASP-41854_LiAl2Ni.json,0.9525566101074219,0.20550799369812012;0.17240691184997559;2.4312546253204346;3.0954535007476807;0.753154993057251;0.7402479648590088;0.6191694736480713;-0.396742582321167,3.0954535007476807,108.8628348838311,108.86283488383108;108.86283488383108;108.86283488383108;108.8628348838311;108.86283488383107;108.86283488383107;108.86283488383108;108.86283488383108,29.510783218851028,28.01217256896192;28.216873078351973;28.424587331562734;28.6353823778281;28.849327270174467;29.066493140839366;29.286953280122244;29.510783218851028
130,Li_JVASP-41907_LiY2Al.json,0.7730734348297119,-0.26410889625549316;-0.14574122428894043;0.1625516414642334;1.0378963947296143;0.6446521282196045;1.9600369930267334;1.7406935691833496;1.0486068725585938,1.9600369930267334,57.75488973670467,57.75488973670466;57.75488973670466;57.75488973670466;57.75488973670466;57.75488973670467;57.75488973670466;57.75488973670466;57.75488973670466,16.289852680259234,15.822595307639059;15.88769845042406;15.95333954926909;16.019525299642282;16.08626250858482;16.15355809704473;16.2214191022695;16.289852680259234
131,Li_JVASP-61675_LiAlSi2O6.json,4.566881418228149,2.8595664501190186;3.4054973125457764;3.9119808673858643;4.891901254653931;4.794646501541138;5.641839265823364;5.339463949203491;5.690155744552612,5.690155744552612,56.544565333762584,56.544565333762584;56.54456533376258;56.544565333762584;56.544565333762584;56.54456533376258;56.54456533376258;56.54456533376258;56.54456533376258,18.610427302584554,18.00304301964496;18.087373519012605;18.172497784463122;18.258427076048584;18.345172867807122;18.432746852870405;18.52116094871815;18.610427302584554
132,Li_JVASP-102282_Li2CaAl.json,0.6822425127029419,0.15406811237335205;0.09541261196136475;1.0317764282226562;2.3312735557556152;0.06868410110473633;1.5016474723815918;1.0809282660484314;0.8079882264137268;0.8462652564048767;-0.09469765424728394;0.34852683544158936;0.04511415958404541;0.3756176829338074;1.4301597476005554;0.5188871622085571;0.37422823905944824,2.3312735557556152,67.36253951890221,67.3625395189022;67.36253951890221;67.36253951890221;67.36253951890221;67.3625395189022;67.36253951890221;67.3625395189022;67.3625395189022;67.36253951890221;67.3625395189022;67.36253951890221;67.3625395189022;67.36253951890221;67.3625395189022;67.3625395189022;67.36253951890221,49.320257060444796,41.39018392885959;41.83865905286399;42.2969593621243;42.76541130756395;43.24435596425434;43.73414985959435;44.23516585841543;44.747794109629915;45.272443059473744;45.8095405368738;46.359534917001476;46.9228963696634;47.500118199834475;48.09171828836674;48.69824064171757;49.320257060444796
133,Li_JVASP-52817_LiAl3Si9N14O2.json,1.496889352798462,1.418165922164917;1.4555470943450928;1.4022786617279053;1.4460704326629639;1.5614268779754639;1.5868384838104248;1.541259527206421;1.5635278224945068,1.5868384838104248,18.03378463358029,18.033784633580286;18.03378463358029;18.033784633580286;18.03378463358029;18.033784633580286;18.033784633580286;18.033784633580286;18.033784633580286,5.9540393567185905,5.89045912109998;5.89945874915129;5.908485919109556;5.917540757599868;5.926623392024725;5.935733950570014;5.944872562211034;5.9540393567185905
134,Na_JVASP-57796_Na3AlF6.json,7.0023365418116255,1.934826374053955;2.041855812072754;2.432140350341797;2.7487921714782715;2.4468743801116943;2.8620173931121826;3.026857852935791;3.200674057006836;23.550050497055054;10.637088060379028;5.339687347412109;4.660395622253418;5.521693706512451;5.4614176750183105;5.634866714477539;6.382021903991699;18.352290630340576;14.060109615325928;10.75510048866272;8.362855672836304;7.559021234512329;8.870671510696411;7.596434831619263;4.618333101272583,23.550050497055054,44.304331412226105,44.3043314122261;44.3043314122261;44.30433141222609;44.30433141222609;44.3043314122261;44.3043314122261;44.304331412226105;44.3043314122261;44.3043314122261;44.30433141222609;44.304331412226105;44.3043314122261;44.304331412226105;44.304331412226105;44.304331412226105;44.304331412226105;44.3043314122261;44.304331412226105;44.304331412226105;44.3043314122261;44.30433141222609;44.3043314122261;44.304331412226105;44.304331412226105,23.290134221344907,15.957725890267186;16.179190121523234;16.40688790516785;16.64108618162887;16.88206735369434;17.130130422522807;17.385592225301657;17.64878878532518;17.920076786588865;18.199835186507016;18.488466982087225;18.786401146871953;19.094094758225673;19.412035337153924;19.740743425846315;20.08077543160673;20.43272676985325;20.797235343534314;21.17498540173465;21.566711826574632;21.973204904910922;22.39531565003046;22.833961748744976;23.290134221344907
135,Ca_JVASP-88635_CaAl2SiO6.json,8.464257717132568,5.1349196434021;6.849215984344482;9.576198101043701;15.515716075897217;10.251986026763916;6.439090251922607;7.1006317138671875;6.846303939819336,15.515716075897217,51.57303605875705,51.57303605875705;51.57303605875705;51.57303605875704;51.57303605875704;51.57303605875705;51.57303605875703;51.57303605875705;51.57303605875704,18.301549604226164,15.359157541055648;15.720212274739975;16.09865060985578;16.495758959801535;16.912953876912002;17.351798936211868;17.814024317713567;18.301549604226164
136,Na_JVASP-9698_Na3AlP2.json,2.0043485164642334,0.6060671806335449;0.10601139068603516;0.5363380908966064;0.3283379077911377;1.1728672981262207;1.101954460144043;1.385237216949463;1.1819639205932617;0.6109461784362793;1.1250972747802734;1.2928457260131836;1.9513297080993652;2.7395410537719727;2.785325527191162;3.0780091285705566;2.850888252258301;2.778770923614502;2.5133442878723145;3.130587577819824;2.3839950561523438;3.168776512145996;2.7680835723876953;4.436530590057373;4.0715155601501465,4.436530590057373,41.11845585478637,41.11845585478636;41.11845585478637;41.11845585478636;41.11845585478636;41.11845585478637;41.11845585478637;41.118455854786355;41.11845585478636;41.11845585478636;41.11845585478636;41.11845585478637;41.11845585478636;41.11845585478637;41.11845585478636;41.11845585478636;41.11845585478636;41.11845585478636;41.11845585478636;41.11845585478636;41.11845585478636;41.11845585478636;41.11845585478637;41.11845585478636;41.11845585478636,36.49328520251932,21.2173511405042;21.61066118000308;22.018828353755616;22.442710701551356;22.883233632261568;23.341396668083387;23.818281015527457;24.315058083852517;24.83299909221955;25.373485931436367;25.938023475687245;26.528253575212524;27.145971003927826;27.79314168822852;28.47192360696748;29.184690830697885;29.934061264425775;30.72292877707565;31.554500548809514;32.43234065231707;33.360421116811786;34.34318201775805;35.38560251003918;36.49328520251932
137,Na_JVASP-62190_K6Na3AlSb4.json,1.1842938264211018,0.9881176352500916;0.6483848690986633;1.0692952275276184;1.125572144985199;1.334151029586792;1.940242052078247,1.940242052078247,47.457217714055254,47.45721771405525;47.45721771405525;47.45721771405525;47.457217714055254;47.457217714055254;47.45721771405525,17.63008941491633,16.390726393667144;16.62446021950757;16.864956628311706;17.112513419245094;17.367446137259368;17.63008941491633
138,K_JVASP-61527_K4Nb11Al2O20F.json,3.0437934398651123,2.2470617294311523;2.655095100402832;3.5346412658691406;3.738375663757324,3.738375663757324,87.91643547326818,87.91643547326818;87.91643547326814;87.91643547326817;87.91643547326815,18.432703096554615,17.05674410014592;17.491989734201656;17.95002979468665;18.432703096554615
139,Na_JVASP-62434_Na4BeAlSi4ClO12.json,4.285009145736694,2.2854561805725098;2.2627644538879395;2.522247791290283;2.5984997749328613;2.7860569953918457;2.76243257522583;3.3841676712036133;3.659749984741211;6.127087116241455;7.000443935394287;7.446974754333496;7.054966926574707;6.892983913421631;5.8189005851745605;5.4742512702941895;4.302849292755127;3.858793258666992;3.5906333923339844;3.591029167175293;3.394402503967285;3.347949504852295;3.168220043182373;3.5295190811157227;3.2866077423095703;4.479971408843994;4.542100429534912;4.510166645050049;4.676805019378662;4.6243133544921875;4.849469184875488;4.795083045959473;4.495395660400391,7.446974754333496,16.551185257453785,16.55118525745378;16.55118525745378;16.55118525745378;16.55118525745378;16.55118525745378;16.55118525745378;16.55118525745378;16.55118525745378;16.55118525745378;16.551185257453785;16.55118525745378;16.55118525745378;16.55118525745378;16.551185257453785;16.551185257453778;16.55118525745378;16.55118525745378;16.55118525745378;16.551185257453778;16.551185257453778;16.55118525745378;16.55118525745378;16.55118525745378;16.55118525745378;16.551185257453785;16.55118525745378;16.55118525745378;16.55118525745378;16.551185257453785;16.55118525745378;16.55118525745378;16.55118525745378,8.847586935723209,7.162485331547775;7.206762492802566;7.251590485660448;7.296979653419797;7.342940599973272;7.3894841980667545;7.436621597874408;7.484364235904027;7.532723844247662;7.581712460193167;7.6313424362133;7.681626450349699;7.7325775170101405;7.784208998198339;7.836534615196698;7.889568460723416;7.943325011586613;7.997819141859305;8.053066136600474;8.109081706148745;8.16588200101681;8.223483627416227;8.281903663443964;8.341159675963814;8.401269738217717;8.462252448204145;8.524126947862726;8.586912943106736;8.650630724747451;8.715301190357101;8.78094586711983;8.847586935723209
140,Na_JVASP-107602_K2NaAlCl6.json,2.1798975467681885,2.307378649711609;2.2526859045028687;2.132086992263794;2.068188190460205;2.169129729270935;2.1505600214004517;2.214522957801819;2.1446279287338257,2.307378649711609,22.376330935551827,22.376330935551827;22.376330935551824;22.376330935551827;22.376330935551824;22.376330935551824;22.376330935551827;22.376330935551824;22.376330935551824,10.444201873098354,9.827878163031116;9.911433083665973;9.996420925723621;10.082878868742501;10.170845389729658;10.260360320256657;10.351464906597377;10.444201873098354
141,Ca_JVASP-106124_CaDyAl4.json,1.608344554901123,1.3280863761901855;1.3545832633972168;1.5012516975402832;1.8443121910095215;1.597299575805664;1.7150530815124512;1.66609787940979;1.860072374343872,1.860072374343872,44.625409179946764,44.62540917994676;44.62540917994675;44.62540917994676;44.625409179946764;44.625409179946764;44.62540917994676;44.62540917994676;44.62540917994676,12.163211537133531,10.789501920232242;10.966437099621352;11.14927208788233;11.338306977175854;11.533862562823437;11.736282160012552;11.945933615218426;12.163211537133531
142,Na_JVASP-113076_NaCaMgAlSi4O12.json,2.8910107612609863,2.6324501037597656;2.598475456237793;2.776797294616699;2.7858753204345703;2.9149837493896484;2.9796667098999023;3.1756949424743652;3.2641425132751465,3.2641425132751465,26.1247175132054,26.124717513205397;26.1247175132054;26.124717513205397;26.12471751320539;26.124717513205393;26.124717513205397;26.124717513205397;26.124717513205397,8.405448105690326,8.001605742987422;8.056905244814383;8.112974421206983;8.169829453606246;8.227486980246995;8.285964112391243;8.345278451258801;8.405448105690326
143,K_JVASP-120477_KLiAl2Si4O10F2.json,2.2608184814453125,1.589982509613037;2.111584186553955;2.4590044021606445;2.8827028274536133,2.8827028274536133,44.822567365605785,44.822567365605785;44.822567365605785;44.822567365605785;44.822567365605785,17.585744966563002,16.32901736939376;16.727481925135503;17.145879750493155;17.585744966563002
144,Li_JVASP-100080_Li3AlF6.json,6.531285802523295,1.7309134006500244;1.851449728012085;2.395097017288208;3.370612859725952;2.6767361164093018;3.147810220718384;3.371089458465576;3.4063987731933594;15.25906491279602;13.157045602798462;6.134468078613281;4.428161144256592;4.98440957069397;5.413081407546997;5.588098526000977;5.1790385246276855;14.093008756637573;12.585910558700562;11.611632347106934;9.400332927703857;7.550272464752197;7.618215084075928;7.429311513900757;4.368700265884399,15.25906491279602,53.80916854461864,53.809168544618636;53.80916854461863;53.80916854461863;53.80916854461862;53.80916854461863;53.80916854461864;53.80916854461863;53.809168544618636;53.80916854461863;53.80916854461864;53.80916854461862;53.809168544618636;53.809168544618636;53.80916854461862;53.80916854461863;53.80916854461863;53.80916854461863;53.80916854461863;53.80916854461862;53.809168544618636;53.80916854461863;53.80916854461863;53.80916854461862;53.809168544618636,23.619536267691906,20.706363261827736;20.81799972601602;20.930846470899837;21.04492328521057;21.16025039145208;21.276848457851678;21.394738610708323;21.51394244715376;21.634482048342512;21.75637999308786;21.8796593719614;22.00434380187468;22.130457441162303;22.25802500518662;22.387071782485382;22.517623651484236;22.649707097797545;22.78334923214162;22.918577808885907;23.055421245268807;23.193908641305942;23.334069800420405;23.475935250825422;23.619536267691906
145,K_JVASP-34427_K2Al2Sb2O7.json,3.642840623855591,2.683906078338623;2.81199312210083;2.990891456604004;3.4128637313842773;3.5449843406677246;3.7267508506774902;4.294184684753418;5.677150726318359,5.677150726318359,49.24842412895943,49.24842412895943;49.24842412895943;49.24842412895943;49.24842412895943;49.24842412895942;49.24842412895942;49.24842412895943;49.24842412895943,15.981670049747006,13.739403873141434;14.020417851133693;14.31316708965002;14.618402369178892;14.936939908760424;15.269668654389253;15.617558563730537;15.981670049747006
146,Na_JVASP-118659_NaAlTe.json,0.962071418762207,0.3512282371520996;0.137542724609375;0.29523158073425293;0.13350844383239746;0.4869542121887207;0.6439099311828613;0.5412993431091309;0.8570094108581543;0.7113659381866455;0.998521089553833;1.0824103355407715;1.3895444869995117;1.6671464443206787;1.9202892780303955;2.0466190576553345;2.13056218624115,2.13056218624115,33.759305198433715,33.759305198433715;33.759305198433715;33.759305198433715;33.759305198433715;33.75930519843371;33.759305198433715;33.759305198433715;33.759305198433715;33.75930519843371;33.759305198433715;33.759305198433715;33.759305198433715;33.759305198433715;33.759305198433715;33.759305198433715;33.759305198433715,10.736506680451665,9.433351621205867;9.510306534282602;9.588527331829901;9.66804550799307;9.74889361038447;9.831105284502573;9.914715320417592;9.99975970185983;10.086275657856252;10.174301717070927;10.263877765016012;10.355045104311744;10.447846518186704;10.54232633742349;10.638530510969858;10.736506680451665
147,K_JVASP-119499_KMg3AlGe3O10F2.json,3.0094594955444336,3.1661014556884766;2.928311347961426;3.036470890045166;2.906954288482666,3.1661014556884766,42.439826506080514,42.439826506080514;42.43982650608051;42.439826506080514;42.439826506080514,12.74847951443569,12.074792175303566;12.291301503467372;12.515716915469154;12.74847951443569
148,Na_JVASP-10461_K2NaAlP2.json,0.43703150749206543,0.5195823907852173;0.34600722789764404;0.5087335109710693;0.3428037166595459;0.2881946563720703;0.2588834762573242;0.5191628932952881;0.7128841876983643,0.7128841876983643,36.85961714117558,36.85961714117557;36.859617141175576;36.85961714117558;36.859617141175576;36.85961714117558;36.85961714117557;36.85961714117557;36.859617141175576,19.70704302592402,17.621847616523365;17.892301652534744;18.17118675608608;18.4589034115134;18.755877875782556;19.06256428559275;19.379446974642146;19.70704302592402
149,Li_JVASP-122330_LiAlVO4.json,2.6069014072418213,2.3410251140594482;2.4079864025115967;2.4931981563568115;2.542684316635132;2.268312692642212;2.3521111011505127;2.6318094730377197;2.423976182937622;3.338449239730835;3.242114782333374;3.063894033432007;2.177255392074585,3.338449239730835,36.04397505632378,36.043975056323774;36.04397505632378;36.043975056323774;36.04397505632378;36.043975056323774;36.043975056323774;36.043975056323774;36.043975056323774;36.04397505632377;36.043975056323774;36.043975056323774;36.043975056323774,15.673484823551963,15.003575139287715;15.06210042493366;15.12108408430114;15.180531523578717;15.240448234306664;15.30083979506801;15.361711873219985;15.423070226666944;15.484920705675949;15.547269254736229;15.610121914463706;15.673484823551963
150,K_JVASP-62179_KAlH6O2F6.json,3.6096909046173096,3.484706401824951;3.4993319511413574;3.6652140617370605;3.789511203765869,3.789511203765869,68.6575363368237,68.65753633682368;68.6575363368237;68.6575363368237;68.65753633682368,35.49057065474514,30.719199437090403;32.16042080318948;33.743531682359716;35.49057065474514
151,Ca_JVASP-98330_Ca4Al2H22CO20.json,7.560202479362488,5.261754035949707;5.428682327270508;6.137986183166504;6.611573219299316;7.269338607788086;7.805519104003906;10.427635192871094;11.539131164550781,11.539131164550781,52.75716287486678,52.75716287486678;52.75716287486677;52.75716287486678;52.75716287486678;52.75716287486678;52.75716287486678;52.75716287486678;52.75716287486677,31.297311546504854,23.57424056802516;24.43564840944824;25.362395830323788;26.362210110642657;27.4440870076081;28.618562179311027;29.898055418091843;31.297311546504854
152,Li_JVASP-13976_LiSmAlF6.json,2.939201593399048,3.0833847522735596;1.5088942050933838;-3.35375714302063;2.801098585128784;2.999260663986206;3.854276418685913;5.2821338176727295;7.3383214473724365,7.3383214473724365,49.03670947342352,49.03670947342352;49.036709473423514;49.03670947342351;49.036709473423514;49.03670947342351;49.036709473423514;49.03670947342351;49.03670947342351,11.465400251553296,11.231944038270067;11.26471115563967;11.297670016382613;11.330822308474994;11.364169739764256;11.39771403826246;11.431456952444778;11.465400251553296
153,Li_JVASP-113223_LiMnAlO3.json,2.7922627925872803,2.1324751377105713;2.1520769596099854;2.4028937816619873;2.398078680038452;2.23134446144104;2.304788827896118;2.4832818508148193;2.5063140392303467;3.0488293170928955;3.0260660648345947;3.363560438156128;3.419171094894409;3.166480302810669;3.195124864578247;3.3720719814300537;3.473646879196167,3.473646879196167,43.57065705736429,43.570657057364286;43.570657057364286;43.57065705736429;43.57065705736429;43.57065705736428;43.570657057364286;43.57065705736429;43.57065705736429;43.57065705736428;43.570657057364286;43.570657057364286;43.57065705736429;43.57065705736429;43.570657057364286;43.570657057364286;43.57065705736429,12.850572107950157,12.239569437978288;12.278489572422892;12.317658017728252;12.357077157837958;12.396749407310084;12.436677211810222;12.476863048614044;12.517309427119669;12.558018889370013;12.59899401058536;12.640237399706407;12.681751699947997;12.723539589363812;12.765603781422266;12.807947025593837;12.850572107950157
154,Li_JVASP-119603_LiMg17Al11.json,0.30382245779037476,0.30382245779037476,0.30382245779037476,76.95733583522868,76.95733583522868,37.384048468061934,37.384048468061934
155,Li_JVASP-76801_LiAl2Ru.json,0.9504923820495605,0.14133358001708984;1.187471866607666;1.7145190238952637;0.7586450576782227,1.7145190238952637,204.55257939037327,204.55257939037327;204.5525793903732;204.5525793903732;204.55257939037324,42.74058708127733,41.366930166265995;41.81489878177152;42.27267585149351;42.74058708127733
156,Na_JVASP-54566_NaSr2AlP3.json,0.9334216117858887,0.5710687637329102;0.6692237854003906;0.7484216690063477;1.7449722290039062,1.7449722290039062,66.02043671739243,66.02043671739241;66.02043671739243;66.02043671739243;66.02043671739243,22.268484816291036,21.061565112077655;21.449067943265646;21.851097038536487;22.268484816291036
157,K_JVASP-97443_K2Al2B2O7.json,5.804342031478882,2.1733860969543457;2.4318270683288574;4.652082920074463;9.547925472259521;7.448765277862549;8.572065353393555,9.547925472259521,82.65271544999875,82.65271544999872;82.65271544999874;82.65271544999874;82.65271544999874;82.65271544999875;82.65271544999875,44.532500124009694,33.61393604337504;35.34723674936069;37.269011198455644;39.41176790353362;41.815947658884284;44.532500124009694
158,Na_JVASP-106453_Na2AlHgCl6.json,2.193591594696045,1.4472923278808594;1.5158560276031494;1.6776655912399292;1.7635263204574585;1.602630615234375;1.8545002937316895;2.0617563724517822;2.1072680950164795;2.4027754068374634;2.5137890577316284;2.391632914543152;2.97528612613678;2.6397370100021362;3.024205803871155;2.7202378511428833;2.3993057012557983,3.024205803871155,20.487383352282514,20.487383352282514;20.48738335228251;20.487383352282514;20.487383352282514;20.48738335228251;20.487383352282514;20.48738335228251;20.487383352282514;20.487383352282514;20.487383352282514;20.48738335228251;20.48738335228251;20.487383352282514;20.487383352282514;20.48738335228251;20.48738335228251,7.5597087447032925,6.889570666728942;6.9305282488872075;6.971975718126417;7.013921916517243;7.056375900208099;7.099346945943446;7.142844557821744;7.186878474303367;7.231458675479336;7.276595390612267;7.322299105961507;7.368580572905027;7.415450816371286;7.462921143594957;7.511003153211121;7.5597087447032925
159,Na_JVASP-139137_NaAlF4.json,6.431541204452515,2.0965850353240967;2.199669599533081;2.712646484375;3.000916004180908;3.838958263397217;3.1604466438293457;6.430554151535034;9.312773942947388;11.192522048950195;6.694840908050537;9.496315956115723;5.583585262298584;15.089967727661133;5.939390182495117;7.326144695281982;6.055420398712158;9.020922183990479;6.616082191467285,15.089967727661133,31.51509881364398,31.51509881364398;31.515098813643977;31.515098813643974;31.515098813643977;31.515098813643974;31.515098813643977;31.515098813643974;31.515098813643977;31.515098813643977;31.51509881364398;31.51509881364398;31.51509881364398;31.51509881364398;31.51509881364398;31.51509881364398;31.515098813643974;31.515098813643977;31.515098813643974,14.282373801792295,11.820522560490968;11.941603318372087;12.065190272732739;12.191362049252653;12.320200597282348;12.451791367341983;12.586223500118184;12.723590027837094;12.86398808896978;13.007519157311126;13.154289286567627;13.304409371692945;13.457995428324622;13.615168891801718;13.776056937383089;13.940792823440937;14.109516259576099;14.282373801792295
160,Na_JVASP-58320_NaAlSi2O6.json,3.1488895416259766,2.2671923637390137;2.320373058319092;2.295991897583008;2.281125068664551;2.4539127349853516;2.516110420227051;2.5178089141845703;2.5756845474243164;3.2779154777526855;3.482621669769287;3.3645071983337402;3.643237590789795;3.802511692047119;4.267479419708252;4.320173740386963;4.99558687210083,4.99558687210083,26.96763876535934,26.967638765359332;26.967638765359336;26.967638765359332;26.967638765359336;26.967638765359332;26.967638765359336;26.967638765359332;26.967638765359336;26.967638765359336;26.967638765359336;26.967638765359336;26.967638765359336;26.96763876535933;26.96763876535934;26.967638765359332;26.967638765359336,9.275882116288589,8.286847198330099;8.34617422611757;8.40635684493445;8.467413697706496;8.529363972949614;8.592227424875519;8.656024394393071;8.720775831052247;8.786503315980417;8.85322908586373;8.920976058029549;8.989767856689406;9.05962884040556;9.130584130848298;9.202659642915242;9.275882116288589
161,K_JVASP-12902_K3Al2As3.json,1.938196341196696,1.0699514150619507;0.7962254285812378;1.020982265472412;0.7980701923370361;0.593203067779541;0.6795058250427246;0.6318089962005615;0.6947720050811768;1.6018719673156738;1.6334166526794434;1.736419677734375;1.7499608993530273;1.7251801490783691;1.955805778503418;1.7154443264007568;1.8267133235931396;2.032163619995117;2.1092357635498047;2.584456443786621;2.3790979385375977;4.469594478607178;4.262307643890381;4.646125316619873;3.804399013519287,4.646125316619873,24.950301629794087,24.950301629794083;24.950301629794083;24.95030162979408;24.950301629794083;24.95030162979408;24.950301629794087;24.950301629794083;24.950301629794083;24.95030162979408;24.95030162979408;24.950301629794083;24.95030162979408;24.950301629794083;24.950301629794087;24.950301629794083;24.950301629794083;24.950301629794083;24.950301629794087;24.95030162979408;24.950301629794083;24.950301629794083;24.95030162979408;24.95030162979408;24.95030162979408,11.812433138695594,8.459576981469864;8.565280467667286;8.673658934997857;8.784815226212507;8.898857524378771;9.015899704073242;9.1360617106577;9.259469970294443;9.38625783364708;9.516566056540386;9.650543321221448;9.788346802280445;9.930142781759676;10.076107318512033;10.226426977474103;10.381299625205532;10.540935298827517;10.705557156384609;10.875402517672374;11.050724005739614;11.231790800612114;11.4188900183236;11.612328230113008;11.812433138695594
162,Li_JVASP-38435_Li3Al.json,0.9731791416803995,0.7864328622817993;0.780025839805603;0.9062536954879761;0.9731971025466919;0.443642258644104;0.699018120765686;0.791287899017334;0.5781710147857666;1.164447546005249;0.28573179244995117;1.7089893817901611;2.415544033050537;0.04597127437591553;0.7876654863357544;1.3310967087745667;2.3548502326011658;-0.2852479815483093;0.267447292804718;0.32410091161727905;0.7231706976890564;1.538184642791748;0.5012760162353516;2.339597463607788;1.8954451084136963,2.415544033050537,82.45026493134537,82.45026493134537;82.45026493134536;82.45026493134536;82.45026493134537;82.45026493134536;82.45026493134536;82.45026493134537;82.45026493134537;82.45026493134536;82.45026493134536;82.45026493134536;82.45026493134536;82.45026493134536;82.45026493134536;82.45026493134536;82.45026493134536;82.45026493134536;82.45026493134537;82.45026493134536;82.45026493134536;82.45026493134537;82.45026493134537;82.45026493134536;82.45026493134537,120.29751479282805,70.08090169369167;71.37634141625556;72.72057528882459;74.11641305473741;75.56688440603489;77.07526093523596;78.64508076971205;80.2801762790743;81.98470531230227;83.76318650060512;85.62053925708595;87.56212921876474;89.59382001490751;91.72203241358747;93.95381210316806;96.29690761611965;98.75986021101878;101.35210790987784;104.08410636175451;106.96746979552132;110.01513606839079;113.24156075680636;116.66294643193106;120.29751479282805
163,Na_JVASP-140848_NaAlSi3O8.json,4.65826940536499,2.699291229248047;2.815476417541504;2.794590473175049;3.0749802589416504;2.5984654426574707;2.664236545562744;2.7130932807922363;2.8471226692199707;5.6831254959106445;6.462786674499512;6.406551361083984;6.816793441772461;6.602431297302246;6.803804397583008;6.933027744293213;6.6165337562561035,6.933027744293213,16.672870475566103,16.672870475566103;16.672870475566103;16.672870475566103;16.672870475566103;16.672870475566103;16.672870475566103;16.672870475566103;16.672870475566103;16.672870475566103;16.672870475566103;16.672870475566103;16.672870475566103;16.672870475566103;16.672870475566103;16.672870475566103;16.672870475566103,6.960119228673366,6.388045803501765;6.423242194465459;6.458828579227658;6.494811475892871;6.531197548631869;6.567993611796313;6.605206634173219;6.642843743384911;6.680912230440242;6.719419554443218;6.758373347465398;6.797781419588769;6.837651764126072;6.877992563025935;6.918812192470465;6.960119228673366
164,K_JVASP-52410_KAlP4H4O14.json,4.020933628082275,3.8554248809814453;3.9733400344848633;3.9146313667297363;4.0203423500061035;4.01824951171875;4.136707305908203;4.068262577056885;4.180510997772217,4.180510997772217,20.687472186402292,20.68747218640229;20.687472186402292;20.687472186402292;20.687472186402292;20.687472186402292;20.68747218640229;20.687472186402292;20.687472186402292,8.729277246532805,8.014830677854064;8.109649711151633;8.2067391070393;8.30618139648981;8.408063159701713;8.512475277517694;8.619513201811294;8.729277246532805
165,Li_JVASP-46708_Li2AlPCO7.json,4.549104928970337,3.018798589706421;3.2190492153167725;3.294267416000366;3.3705499172210693;3.8371026515960693;4.032759428024292;4.215061902999878;4.39236044883728;4.336833238601685;4.734490633010864;4.579367399215698;5.222356557846069;6.0426185131073;6.2251927852630615;6.373205900192261;5.891664266586304,6.373205900192261,43.816363659651174,43.81636365965117;43.81636365965117;43.816363659651174;43.81636365965116;43.816363659651174;43.81636365965117;43.816363659651174;43.816363659651174;43.81636365965117;43.816363659651174;43.81636365965117;43.81636365965117;43.816363659651174;43.81636365965117;43.81636365965117;43.81636365965117,18.32410269377824,17.106414192713988;17.182536070519216;17.259338446365632;17.336830486279187;17.41502152164503;17.49392105295332;17.573538753647373;17.653884474077337;17.734968245562836;17.816800284568078;17.89939099699309;17.98275098258487;18.066891039472377;18.151822168829412;18.237555579669653;18.32410269377824
166,Na_JVASP-10481_K2NaAlAs2.json,0.38246607780456543,0.27360987663269043;0.2942345142364502;0.44075846672058105;0.3406789302825928;0.3638036251068115;0.23194527626037598;0.5405049324035645;0.574193000793457,0.574193000793457,34.18176789021672,34.18176789021671;34.18176789021672;34.18176789021671;34.18176789021672;34.18176789021672;34.18176789021672;34.18176789021671;34.18176789021672,12.990497659228557,12.050544295463741;12.176408339402755;12.30492935312587;12.436192366424828;12.570286076439032;12.707303047527233;12.84733992435496;12.990497659228557
167,Na_JVASP-31153_NaAlB14.json,1.722785472869873,2.8340067863464355;1.9744725227355957;1.5569467544555664;1.3720121383666992;0.7795710563659668;0.6216979026794434;0.5105481147766113;0.5315003395080566;2.3398375511169434;2.12105131149292;2.101613998413086;1.8444585800170898;2.0447821617126465;2.307849407196045;2.163151264190674;2.4610676765441895,2.8340067863464355,22.103551711497303,22.103551711497296;22.1035517114973;22.1035517114973;22.1035517114973;22.1035517114973;22.1035517114973;22.103551711497303;22.103551711497296;22.103551711497303;22.1035517114973;22.1035517114973;22.103551711497296;22.1035517114973;22.103551711497303;22.1035517114973;22.103551711497303,9.317851865525983,8.320327944402717;8.380137059924245;8.440812254289868;8.502372476863036;8.564837233871714;8.628226609015488;8.692561284994577;8.757862566009248;8.824152401281053;8.891453409650406;8.959788905308468;9.029182924724763;9.099660254835928;9.17124646256499;9.243967925745057;9.317851865525983
168,Li_JVASP-38448_LiAl3.json,1.0189430713653564,2.2453715801239014;1.2069756984710693;0.9358344078063965;0.9842767715454102;0.5818054676055908;0.5782320499420166;0.8853662014007568;0.73368239402771,2.2453715801239014,83.5586077447827,83.55860774478269;83.5586077447827;83.5586077447827;83.5586077447827;83.5586077447827;83.55860774478269;83.55860774478269;83.55860774478269,40.949681091474126,38.119834965517626;38.499914090626056;38.88764881064369;39.28327277843407;39.68702925286858;40.09917159760935;40.519963811296954;40.949681091474126
169,Li_JVASP-120477_KLiAl2Si4O10F2.json,1.7260606288909912,2.097696542739868;1.8211357593536377;2.0740911960601807;0.9113190174102783,2.097696542739868,44.822567365605785,44.822567365605785;44.822567365605785;44.822567365605785;44.82256736560578,16.538838663826418,16.32901736939376;16.398363752151567;16.468301650052034;16.538838663826418
170,Na_JVASP-121474_NaAlH8N2F6.json,3.2916183471679688,3.8763480186462402;3.5583138465881348;3.440704345703125;3.2739028930664062;3.171611785888672;3.0807647705078125;3.030376434326172;2.9009246826171875,3.8763480186462402,37.237154997124435,37.23715499712443;37.23715499712443;37.23715499712443;37.23715499712443;37.237154997124435;37.237154997124435;37.23715499712443;37.237154997124435,18.620146604728042,16.747689604194704;16.99179077874242;17.24311285360156;17.50198104756032;17.768740406912233;18.0437573398642;18.327421295678153;18.620146604728042
171,Na_JVASP-23878_Na4Al3Si3ClO12.json,3.826291561126709,5.634263038635254;6.823487281799316;3.5511441230773926;2.1829848289489746;2.2925143241882324;2.5176281929016113;3.936758518218994;3.6715521812438965,6.823487281799316,62.5886926642075,62.588692664207485;62.5886926642075;62.58869266420749;62.5886926642075;62.5886926642075;62.588692664207485;62.58869266420749;62.5886926642075,33.15851185392308,27.65285794302544;28.324722134033326;29.03004702669716;29.771396109162364;30.55160159026108;31.373800558315597;32.24147714000807;33.15851185392308
172,K_JVASP-22421_K2AlF5.json,6.73010778427124,2.606865406036377;3.6188883781433105;4.839660882949829;2.947352170944214;4.717106342315674;7.1515069007873535;3.615273952484131;4.781628131866455;6.197148084640503;1.9570252895355225;6.307087659835815;11.37114691734314;13.303923845291138;9.846894025802612;7.192670106887817;12.559875249862671;8.117104530334473;7.480233192443848;6.495139122009277;6.771087646484375;7.6773717403411865;6.3393518924713135;6.863348722457886;8.764896631240845,13.303923845291138,28.706898756212336,28.706898756212333;28.70689875621233;28.70689875621233;28.706898756212333;28.706898756212325;28.70689875621233;28.706898756212333;28.70689875621233;28.70689875621233;28.706898756212325;28.706898756212336;28.706898756212333;28.70689875621233;28.706898756212333;28.70689875621233;28.706898756212333;28.706898756212333;28.70689875621233;28.70689875621233;28.70689875621233;28.706898756212336;28.70689875621233;28.70689875621233;28.706898756212325,17.834589444570245,11.157791153010342;11.342412857103827;11.533247018551785;11.730612574014781;11.934850671786917;12.146326639657332;12.365432165759268;12.59258771979501;12.828245246125471;13.072891165017314;13.32704972398518;13.591286747818772;13.866213843747424;14.152493127518952;14.450842547262752;14.76204189525026;15.086939613532262;15.426460518512537;15.781614592550632;16.153507018604934;16.543349667909496;16.95247429222397;17.382347723223397;17.834589444570245
173,Na_JVASP-39435_Na3Al.json,0.8629535039265951,0.2043379545211792;0.07275211811065674;1.2515536546707153;1.9069427251815796;0.7535018920898438;0.9963955879211426;0.6415293216705322;1.1799266338348389;0.06887531280517578;0.11516666412353516;0.09247303009033203;-0.014132022857666016;0.4959394931793213;1.8936290740966797;0.6542830467224121;1.392571210861206;0.014173746109008789;0.3407926559448242;0.0002180337905883789;0.25434601306915283;2.250025987625122;0.8461892604827881;2.084737539291382;3.2146551609039307,3.2146551609039307,49.53353937872946,49.53353937872946;49.53353937872945;49.53353937872945;49.53353937872944;49.533539378729444;49.533539378729444;49.53353937872945;49.533539378729444;49.53353937872945;49.53353937872945;49.53353937872946;49.53353937872946;49.53353937872945;49.53353937872945;49.53353937872945;49.53353937872945;49.533539378729444;49.53353937872945;49.533539378729444;49.53353937872946;49.53353937872945;49.53353937872946;49.533539378729444;49.53353937872945,112.21423618720137,34.91563956378256;35.9936467747652;37.14034079780457;38.36250237703701;39.667835150258014;41.06512819281753;42.56445416928694;44.17741253826662;45.91743023190433;47.80013630616753;49.84383270022373;52.07009115370155;54.50451756953708;57.17774131005503;60.12671063355776;63.396410807212014;67.04217504540705;71.13284147776157;75.75514097910731;81.01991465207286;87.0711175319447;94.09918277019969;102.3614263556755;112.21423618720137
174,Li_JVASP-88250_LiAlSiO4.json,4.7669947147369385,2.620595693588257;3.099989652633667;12.036229848861694;9.176371335983276;4.538447618484497;3.6074154376983643;3.3537209033966064;3.6884968280792236;3.577744245529175;2.9771344661712646;4.1840856075286865;4.34370493888855,12.036229848861694,40.2031400608042,40.203140060804195;40.203140060804195;40.2031400608042;40.20314006080419;40.203140060804195;40.203140060804195;40.203140060804195;40.203140060804195;40.203140060804195;40.203140060804195;40.203140060804195;40.2031400608042,18.667667547560935,17.725054250807094;17.80679461496574;17.889292375062098;17.972558106996956;18.05660258449405;18.141436783747135;18.227071888198708;18.31351929345472;18.400790612339783;18.488897680097633;18.577852559741707;18.667667547560935
175,Li_JVASP-101579_LiAl2Cu.json,0.5468006134033203,0.8324545621871948;0.62378990650177;0.536603569984436;0.320611834526062;0.19825279712677002;0.4914740324020386;1.1523959636688232;0.21882224082946777,1.1523959636688232,101.18442856802442,101.18442856802442;101.18442856802442;101.18442856802442;101.1844285680244;101.18442856802442;101.1844285680244;101.18442856802442;101.1844285680244,28.301051709302378,26.91991234971197;27.108906729873812;27.300573586586843;27.49497000874829;27.692154722945162;27.89218815260326;28.095132479718405;28.301051709302378
176,Li_JVASP-40584_LiTm2Al.json,0.9574966430664062,-0.16053318977355957;-0.13503360748291016;0.8002221584320068;2.104910373687744;-0.0519101619720459;1.020390272140503;2.1816238164901733;1.9003034830093384,2.1816238164901733,60.9569467112986,60.956946711298585;60.9569467112986;60.9569467112986;60.956946711298585;60.95694671129859;60.95694671129859;60.95694671129859;60.9569467112986,9.160579967637325,9.010937712832504;9.032015154246658;9.053191431131697;9.0744672403042;9.095843285146497;9.11732027568419;9.138898928664762;9.160579967637325
177,Na_JVASP-139138_NaAlF.json,0.749326229095459,0.5375056266784668;0.09572410583496094;0.323445200920105;0.2963443994522095;0.9726724624633789;0.9390373229980469;0.37566709518432617;0.3814249038696289;0.8733270168304443;0.9139306545257568;0.5889475345611572;0.6612417697906494;0.9206364154815674;0.7887289524078369;0.9468026161193848;0.9928617477416992;1.289412021636963;1.5901622772216797,1.5901622772216797,38.46825172029106,38.46825172029106;38.46825172029105;38.46825172029105;38.46825172029106;38.46825172029105;38.46825172029105;38.46825172029105;38.46825172029106;38.46825172029106;38.46825172029106;38.46825172029105;38.46825172029106;38.46825172029106;38.46825172029105;38.46825172029106;38.46825172029106;38.46825172029106;38.46825172029105,31.507849050967767,21.588769380247125;21.9961022251018;22.419101622715555;22.858689129310427;23.31586002514069;23.791690837304827;24.287347802902794;24.804096412589082;25.34331219892853;25.906492963189454;26.495272669414806;27.111437277186706;27.75694283619745;28.43393622878615;29.14477902383132;29.892075000443352;30.678702017467096;31.507849050967767
178,K_JVASP-98415_KAlH2CO5.json,3.4637789726257324,2.588683605194092;2.6674790382385254;2.6806259155273438;2.8634300231933594;2.776820659637451;2.972555637359619;2.7659707069396973;3.0266776084899902;3.1198325157165527;3.6009392738342285;3.3724398612976074;3.9556260108947754;4.382843494415283;4.769149303436279;4.857755661010742;5.019634246826172,5.019634246826172,26.395998497751226,26.395998497751226;26.395998497751222;26.395998497751226;26.395998497751222;26.395998497751226;26.395998497751226;26.395998497751226;26.395998497751222;26.395998497751226;26.395998497751226;26.395998497751222;26.395998497751226;26.395998497751226;26.395998497751222;26.395998497751226;26.395998497751226,13.569132271413528,10.462566007128622;10.624730288135662;10.792000632912597;10.964622060723713;11.142855522301403;11.32697921609797;11.517290037227841;11.714105174972817;11.91776387693034;12.128629400444309;12.347091174931762;12.573567202183922;12.80850672576774;13.052393205395548;13.305747637700001;13.569132271413528
179,Ca_JVASP-87116_CaAlF5.json,14.115207195281982,7.5156168937683105;8.525505542755127;17.799546718597412;22.589998722076416;18.02177357673645;15.455803155899048;12.19447112083435;10.695875883102417;13.921373844146729;13.396650791168213;13.167150735855103;13.456169843673706;14.489388942718506;14.37023115158081;14.583841562271118;15.659916639328003,22.589998722076416,29.75264804101933,29.752648041019324;29.75264804101932;29.752648041019327;29.752648041019327;29.75264804101932;29.752648041019324;29.752648041019327;29.752648041019327;29.752648041019327;29.75264804101933;29.752648041019327;29.752648041019327;29.752648041019324;29.752648041019327;29.752648041019327;29.752648041019324,13.45689040625111,10.336788124027319;10.499075187707286;10.666539329040825;10.839432292366732;11.018022412948726;11.202596006628912;11.393458901537613;11.590938129095015;11.795383793972286;12.00717114550477;12.226702876339836;12.454411677943364;12.690763087086284;12.936258662713058;13.191439538811974;13.45689040625111
180,Li_JVASP-96877_K2LiAlF6.json,1.5937870740890503,1.2574787139892578;1.516944169998169;2.006938338279724,2.006938338279724,68.77536062805447,68.77536062805447;68.77536062805447;68.77536062805446,40.33654232019383,39.51105476165931;39.919531476329766;40.33654232019383
181,Li_JVASP-39356_LiLa2Al.json,0.9277052879333496,-0.044348955154418945;-0.0974733829498291;0.6244986057281494;1.9090540409088135;0.6782395839691162;0.8089501857757568;1.7906973361968994;1.7520248889923096,1.9090540409088135,49.90990577839651,49.9099057783965;49.90990577839649;49.9099057783965;49.9099057783965;49.90990577839649;49.9099057783965;49.90990577839649;49.90990577839651,10.960492163292221,10.746953407714255;10.7769480994515;10.807110689854078;10.837442592626207;10.867945237387932;10.898620069899744;10.929468552290992;10.960492163292221
182,K_JVASP-99696_K2AlAuBr6.json,3.666030764579773,2.419435143470764;2.458872437477112;2.739622712135315;2.9905325174331665;2.616914987564087;2.7695705890655518;2.790419101715088;2.8617539405822754;3.5322574377059937;4.015857696533203;4.173712074756622;4.571525394916534;4.645729601383209;5.092704713344574;5.363434314727783;5.614149570465088,5.614149570465088,18.490697082123,18.490697082122995;18.490697082122995;18.490697082122995;18.490697082122995;18.490697082122995;18.490697082122992;18.490697082123;18.490697082122995;18.490697082123;18.490697082122995;18.490697082122992;18.490697082123;18.490697082122995;18.490697082122995;18.490697082122995;18.490697082122995,4.730166932223852,4.286488363161904;4.313461199712416;4.340775640328946;4.368438215859248;4.3964556246960145;4.424834738184393;4.453582606240289;4.482706463189113;4.512213733835132;4.54211203977211;4.572409205946518;4.6031132674851705;4.63423247679982;4.66577531098189;4.697750479501268;4.730166932223852
183,K_JVASP-155638_KAl2Ge2.json,1.0614678859710693,0.2041163444519043;0.11754322052001953;1.0974040031433105;1.181276798248291;1.110518455505371;0.7642171382904053;2.0061107873916626;2.0105563402175903,2.0105563402175903,45.64383410154695,45.64383410154695;45.64383410154695;45.64383410154695;45.64383410154694;45.64383410154694;45.64383410154694;45.64383410154694;45.64383410154695,16.411988363722788,14.056246588386704;14.3505096631378;14.657356789755571;14.977612834291833;15.312176364823294;15.662028071149255;16.028240365714378;16.411988363722788
184,Na_JVASP-155709_NaAl2Si2.json,0.9827280044555664,0.2836635112762451;0.2743799686431885;0.7053718566894531;1.1824827194213867;1.0971879959106445;1.2457942962646484;1.066225528717041;2.006718158721924,2.006718158721924,56.4265023476043,56.42650234760429;56.426502347604284;56.42650234760429;56.4265023476043;56.42650234760429;56.4265023476043;56.4265023476043;56.42650234760429,29.64561046899143,25.165928259458813;25.721166577829507;26.301458203598333;26.908537948044774;27.544304575632058;28.210840641267847;28.910435279204982;29.64561046899143
185,Na_JVASP-54513_Na2AlNiF7.json,6.1266560554504395,3.203704833984375;3.286095142364502;3.372986078262329;3.4055206775665283;3.574754238128662;3.687103748321533;3.6956100463867188;3.7681503295898438;5.830446720123291;6.886327743530273;7.859269857406616;8.871124029159546;9.609829425811768;9.824726581573486;10.306304216384888;9.366096258163452;8.0868399143219;7.4899680614471436;6.4869256019592285;6.1796488761901855;6.453020095825195;6.166426181793213;5.474370241165161;5.234391450881958;6.484800338745117;6.950625896453857;4.865560531616211;5.4078192710876465;6.6576948165893555;7.065902233123779;5.0686845779418945;5.432265758514404,10.306304216384888,21.139870499664717,21.139870499664713;21.13987049966471;21.13987049966471;21.139870499664713;21.139870499664717;21.13987049966471;21.139870499664713;21.139870499664713;21.139870499664713;21.139870499664713;21.139870499664713;21.13987049966471;21.139870499664713;21.13987049966471;21.139870499664713;21.139870499664713;21.139870499664713;21.139870499664713;21.139870499664713;21.139870499664713;21.13987049966471;21.139870499664713;21.13987049966471;21.139870499664717;21.139870499664713;21.13987049966471;21.139870499664713;21.13987049966471;21.139870499664713;21.139870499664713;21.139870499664713;21.139870499664713,7.610576349329383,6.329624017893062;6.364177835317804;6.399110986494389;6.434429752420293;6.470140553530027;6.506249953586082;6.542764663700889;6.579691546494975;6.617037620396744;6.654810064089506;6.693016221111705;6.731663604616524;6.770759902297346;6.810312981485843;6.850330894429836;6.89082188375829;6.931794388141328;6.973257048153325;7.0152187123477345;7.057688443552545;7.100675525395815;7.144189469071147;7.188240020353448;7.232837166875855;7.277991145679233;7.323712451046242;7.3700118426325485;7.416900353908432;7.464389300924695;7.512490291417483;7.561215234267445;7.610576349329383
186,Li_JVASP-141314_LiMgAlH6.json,1.3030948638916016,1.2728431224822998;1.2896649837493896;1.2390832901000977;1.2493290901184082;1.2610650062561035;1.2976932525634766;1.2422864437103271;1.2719018459320068;1.2988994121551514;1.2652699947357178;1.3420281410217285;1.313075065612793;1.2807941436767578;1.246464729309082;1.2707598209381104;1.2871501445770264;1.4287774562835693;1.341949224472046;1.450150966644287;1.359628677368164;1.3326668739318848;1.2747912406921387;1.3660149574279785;1.2919888496398926,1.450150966644287,23.32178737293137,23.321787372931368;23.32178737293137;23.321787372931368;23.321787372931368;23.32178737293137;23.321787372931365;23.321787372931368;23.321787372931368;23.321787372931368;23.321787372931365;23.32178737293137;23.321787372931368;23.32178737293137;23.32178737293137;23.321787372931368;23.321787372931365;23.321787372931365;23.321787372931365;23.321787372931368;23.321787372931365;23.32178737293137;23.321787372931368;23.321787372931368;23.32178737293137,19.379777022448913,17.37417793882717;17.452706982362557;17.531949131340347;17.611914143400988;17.692611955023004;17.774052685639035;17.85624664186611;17.93920432185376;18.02293641975401;18.107453830317052;18.192767653616873;18.278889199911095;18.365829994639526;18.453601783566018;18.54221653806846;18.631686460581975;18.722023990200423;18.813241808441663;18.90535284518219;18.99837028476695;19.092307572300456;19.187178420125388;19.282996814495426;19.379777022448913
187,Na_JVASP-118664_NaAlTe2.json,2.2961150407791138,1.8824312686920166;1.799499273300171;2.4179298877716064;2.099640130996704;2.1164052486419678;1.885345697402954;2.381821393966675;2.060838460922241;2.939469575881958;2.9568030834198;2.701335906982422;2.590348243713379;2.071950316429138;1.7283436059951782;2.7194985151290894;2.7739592790603638;1.7693066596984863;2.4351441860198975,2.9568030834198,20.369616322800294,20.369616322800294;20.369616322800283;20.369616322800287;20.36961632280029;20.369616322800287;20.369616322800287;20.369616322800287;20.36961632280029;20.369616322800287;20.369616322800287;20.36961632280029;20.369616322800287;20.369616322800287;20.369616322800287;20.36961632280029;20.369616322800283;20.36961632280029;20.369616322800287,5.252867294485648,4.879132304646055;4.899638374675986;4.920317538452078;4.941171996915416;4.962203988480115;4.98341578983425;5.0048097167614065;5.02638812498349;5.048153411025434;5.070108013102465;5.09225441203063;5.114595132161279;5.137132742340275;5.159869856892656;5.182809136633574;5.205953289906311;5.229305073648251;5.252867294485648
188,K_JVASP-155685_KAl2Si2.json,1.7366881370544434,0.41608762741088867;0.9886760711669922;1.463766098022461;2.1509766578674316;2.3448691368103027;1.9922332763671875;1.921891689300537;2.615004539489746,2.615004539489746,52.68816496476005,52.68816496476004;52.68816496476004;52.68816496476004;52.688164964760034;52.688164964760034;52.68816496476004;52.68816496476005;52.68816496476004,29.126633811699932,22.449452545066666;23.209554111620665;24.022931075124088;24.895387950380552;25.833604256101427;26.845305850434563;27.93947816668803;29.126633811699932
189,K_JVASP-5275_K3AlH6.json,2.677573045094808,0.8361392021179199;0.8166842460632324;0.8996133804321289;0.9677944183349609;0.7124960422515869;0.7571780681610107;0.6459493637084961;0.6718959808349609;1.2999873161315918;1.1744341850280762;1.9687457084655762;1.6741042137145996;2.121779441833496;2.3010635375976562;2.439082145690918;2.3196277618408203;4.289431810379028;4.230032205581665;4.669003009796143;4.4311323165893555;4.647870779037476;6.120594263076782;8.417555570602417;5.849558115005493,8.417555570602417,36.14718082775343,36.147180827753424;36.147180827753424;36.147180827753424;36.147180827753424;36.147180827753424;36.14718082775342;36.147180827753424;36.14718082775342;36.147180827753424;36.147180827753424;36.147180827753424;36.14718082775342;36.14718082775342;36.147180827753424;36.147180827753424;36.147180827753424;36.14718082775343;36.14718082775342;36.14718082775342;36.14718082775342;36.147180827753424;36.147180827753424;36.14718082775342;36.147180827753424,88.35699933910477,22.28641746112714;23.03533476502074;23.836335841309143;24.695049708382943;25.617946849629465;26.612502552793394;27.68739983367196;28.852783607088718;30.120581867870047;31.504915440152306;33.02262616171552;34.69396546293226;36.54350319486866;38.601343525338606;40.904776167161806;43.50055631914577;46.44811152651174;49.824147066394765;53.72941718369132;58.29895157321542;63.717985324829975;70.24768369208212;78.26849022275674;88.35699933910477
190,Li_JVASP-59130_Li3AlH6.json,2.3501226902008057,1.5204765796661377;1.4626567363739014;1.530646562576294;1.489408254623413;1.4726803302764893;1.3922111988067627;1.4740808010101318;1.4374358654022217;1.947058916091919;1.8780672550201416;1.9184558391571045;1.8531510829925537;1.9220848083496094;1.9260482788085938;1.8682358264923096;1.8991115093231201;1.940147876739502;1.9321351051330566;1.9452788829803467;1.9824554920196533;1.8585455417633057;1.9150431156158447;1.815720796585083;1.8798744678497314;2.2782413959503174;2.443767786026001;2.3365275859832764;2.538771390914917;1.7502427101135254;2.1195802688598633;1.986314058303833;2.395490884780884;3.1223881244659424;2.7923061847686768;3.1373696327209473;2.7053775787353516;3.4676859378814697;3.400355577468872;3.63954496383667;3.433034896850586;2.071075201034546;3.013871431350708;3.396921396255493;4.544011831283569;2.542879581451416;3.4548473358154297;3.592040777206421;4.3822314739227295,4.544011831283569,31.881991190905747,31.881991190905737;31.881991190905744;31.881991190905737;31.881991190905737;31.88199119090574;31.88199119090574;31.881991190905744;31.88199119090574;31.881991190905744;31.881991190905744;31.88199119090574;31.881991190905744;31.88199119090574;31.88199119090574;31.88199119090574;31.88199119090574;31.88199119090574;31.881991190905737;31.881991190905737;31.88199119090574;31.88199119090574;31.881991190905733;31.88199119090574;31.881991190905744;31.88199119090574;31.88199119090574;31.881991190905744;31.88199119090574;31.881991190905737;31.881991190905744;31.881991190905744;31.881991190905737;31.881991190905737;31.88199119090574;31.88199119090574;31.881991190905737;31.88199119090574;31.881991190905737;31.881991190905737;31.88199119090574;31.881991190905744;31.88199119090574;31.881991190905744;31.881991190905747;31.881991190905737;31.881991190905744;31.88199119090574;31.881991190905737,50.05806504456335,31.105381966282128;31.357989908071044;31.614734318898638;31.875717639868725;32.14104572289481;32.41082797384665;32.68517750296697;32.96421128299288;33.24805031544631;33.53681980559014;33.83064934658156;34.12967311339154;34.434030067100224;34.743864170221705;35.05932461375915;35.38056605674268;35.7077488790581;36.04103944843476;36.38061040252645;36.72664094709023;37.079317171345195;37.43883238167727;37.80538745494748;38.17919121276017;38.56046081815684;38.94942219631865;39.34631048099036;39.75137048847907;40.1648572212358;40.58703640319634;41.01818504924306;41.458592071352186;41.908558924213665;42.36840029335534;42.83844482907235;43.31903592975888;43.81053257856598;44.31331023766899;44.82776180482673;45.354298637353686;45.89335164911409;46.44537248668608;47.010834791443074;47.590235554964835;48.18409657593061;48.79296602747087;49.41742014487302;50.05806504456335
191,Na_JVASP-21025_Na5Al3F14.json,6.46001968383789,2.0780980587005615;2.8165652751922607;2.823451042175293;2.9218087196350098;2.6604385375976562;2.8801918029785156;2.8929851055145264;3.0212643146514893;5.653585195541382;6.289448499679565;6.953836917877197;7.81480598449707;16.320643186569214;13.998716592788696;13.516579627990723;11.697543144226074;8.110856533050537;7.4931559562683105;6.631173133850098;6.371379852294922;8.172682046890259;7.746392011642456;7.484298944473267;7.345263242721558;4.225481033325195;4.249267101287842;4.156874179840088;4.033552169799805;5.058833599090576;5.172333240509033;5.168139457702637;5.378844261169434;6.646180629730225;6.734168529510498;6.3283796310424805;6.4369611740112305;7.925973892211914;8.006958484649658;7.638168096542358;7.545508146286011,16.320643186569214,21.555297365601966,21.555297365601962;21.555297365601962;21.555297365601962;21.55529736560196;21.555297365601962;21.55529736560196;21.55529736560196;21.555297365601962;21.555297365601962;21.55529736560196;21.55529736560196;21.555297365601962;21.55529736560196;21.55529736560196;21.55529736560196;21.55529736560196;21.55529736560196;21.555297365601962;21.55529736560196;21.555297365601962;21.555297365601962;21.55529736560196;21.55529736560196;21.55529736560196;21.555297365601962;21.555297365601966;21.555297365601962;21.555297365601962;21.55529736560196;21.555297365601962;21.55529736560196;21.555297365601962;21.55529736560196;21.555297365601962;21.555297365601955;21.555297365601966;21.55529736560196;21.55529736560196;21.555297365601962;21.555297365601962,9.577540465966525,7.253506702117412;7.298919936129475;7.3449054051805405;7.3914739936223715;7.438636863606399;7.486405464003445;7.534791539669332;7.583807141072142;7.633464634297708;7.683776711450777;7.734756401470233;7.786417081377716;7.838772487980068;7.891836730047087;7.9456243009872685;8.000150092045471;8.05542940604773;8.111477971719887;8.168311958608157;8.225947992631399;8.28440317229646;8.343695085609882;8.403841827721038;8.46486201933392;8.526774825926935;8.589599977822337;8.653357791149503;8.718069189748793;8.783755728065632;8.850439615087415;8.918143739379104;8.986891695276768;9.056707810302068;9.127617173864598;9.199645667323184;9.27281999548187;9.347167719601048;9.422717292009516;9.499498092408716;9.577540465966525
192,Na_JVASP-110009_NaAlO3.json,5.177294731140137,2.286139488220215;3.5522708892822266;3.2319679260253906;0.8161487579345703;3.683347702026367;6.268904685974121;-0.7759809494018555;3.7253212928771973;7.723325252532959;5.212660789489746;6.752388954162598;5.571836471557617;6.7201032638549805;5.4955902099609375;5.086188316345215;5.498744010925293;4.934971809387207;6.295108795166016;5.048770904541016;6.115385055541992;6.111693382263184;6.0712666511535645;6.046663761138916;6.059043884277344;5.566407203674316;6.089643478393555;10.599045753479004,10.599045753479004,31.618748408273785,31.61874840827378;31.61874840827378;31.61874840827378;31.61874840827378;31.618748408273778;31.618748408273778;31.618748408273774;31.61874840827378;31.618748408273778;31.61874840827378;31.618748408273774;31.61874840827378;31.618748408273778;31.618748408273778;31.618748408273778;31.618748408273774;31.61874840827378;31.618748408273778;31.61874840827378;31.618748408273778;31.618748408273785;31.618748408273778;31.61874840827378;31.618748408273778;31.618748408273774;31.61874840827378;31.618748408273778,13.090222847670097,10.132208268666563;10.22104142031227;10.311446021543274;10.403464142648634;10.497139369160333;10.592516870691124;10.689643473559558;10.788567737447552;10.889340036354138;10.992012644128968;11.096639824890698;11.20327792865887;11.311985492553408;11.422823347943577;11.535854733958546;11.651145417804537;11.768763822369639;11.888781161636425;12.01127158446556;12.136312327360372;12.26398387687371;12.39437014237476;12.527558639954998;12.66364068832041;12.802711617591243;12.944870992012744;13.090222847670097
193,Li_JVASP-86463_LiAlTe2.json,1.799989938735962,1.5716173648834229;1.5353929996490479;1.4989452362060547;1.4825825691223145;1.490187168121338;1.5813627243041992;1.6699583530426025;1.714026689529419;2.148322820663452;2.1256120204925537;2.0120301246643066;2.0385971069335938;1.8723697662353516;1.9052367210388184;2.057950258255005;2.095647096633911,2.148322820663452,23.139306951750267,23.139306951750264;23.139306951750267;23.139306951750264;23.139306951750267;23.139306951750264;23.139306951750264;23.139306951750267;23.139306951750267;23.139306951750267;23.139306951750264;23.139306951750264;23.139306951750267;23.139306951750267;23.139306951750267;23.139306951750264;23.139306951750264,5.927111101890333,5.793711528615654;5.802417737952132;5.811150152305484;5.819908890166651;5.828694070742015;5.837505813958824;5.8463442404706365;5.855209471662838;5.864101629658191;5.873020837322445;5.881967218269997;5.890940896869601;5.8999419982501315;5.9089706483064;5.918026973705017;5.927111101890333
194,Na_JVASP-88413_NaAl6Fe3Si6B3O30F.json,3.2107362747192383,3.2107362747192383,3.2107362747192383,85.32380976070228,85.32380976070228,25.46845227760887,25.46845227760887
195,K_JVASP-11006_KAlO2.json,4.5266194343566895,0.9002957344055176;1.1027417182922363;1.2106938362121582;1.2288556098937988;1.207958698272705;1.2081913948059082;1.4594979286193848;1.5869736671447754;1.7842421531677246;1.8173775672912598;2.11154842376709;2.151364326477051;2.1987462043762207;2.0911965370178223;2.841994285583496;2.8104724884033203;5.464893341064453;6.686322212219238;13.861305713653564;9.62536096572876;6.130903244018555;4.757341384887695;4.6126203536987305;3.9913530349731445;6.2434797286987305;6.3774824142456055;9.385416030883789;9.050891876220703;7.733381748199463;7.684156894683838;7.845667362213135;7.6890950202941895,13.861305713653564,23.365988923450132,23.36598892345013;23.365988923450125;23.36598892345013;23.365988923450125;23.36598892345013;23.365988923450125;23.365988923450125;23.365988923450132;23.365988923450125;23.36598892345013;23.36598892345013;23.36598892345013;23.365988923450132;23.365988923450125;23.36598892345013;23.36598892345013;23.36598892345013;23.36598892345013;23.36598892345013;23.36598892345013;23.36598892345013;23.36598892345013;23.36598892345013;23.365988923450132;23.36598892345013;23.365988923450125;23.36598892345013;23.365988923450125;23.36598892345013;23.36598892345013;23.36598892345013;23.36598892345013,13.912229825747332,8.539538318333898;8.647262225360134;8.757738669285056;8.871074513685702;8.987382226447;9.106780252029958;9.229393413813028;9.355353349379671;9.484798981943138;9.617877031457668;9.754742569369373;9.895559621416593;10.040501823406265;10.189753135478702;10.34350862103857;10.501975297287078;10.665373065153542;10.833935727410509;11.007912104885067;11.187567261973236;11.37318385415183;11.565063611895525;11.763528977384851;11.968924912679663;12.181620900687486;12.402013163343323;12.630527125016625;12.867620153368218;13.113784614811639;13.369551287530337;13.63549318183734;13.912229825747332
196,Li_JVASP-8105_LiAlGe.json,1.1153745651245117,0.822735071182251;0.8669757843017578;0.7601065635681152;0.9216578006744385;0.9484028816223145;1.0480718612670898;1.7714836597442627;1.7835628986358643,1.7835628986358643,102.63445014002052,102.63445014002052;102.63445014002052;102.63445014002052;102.6344501400205;102.63445014002052;102.63445014002052;102.6344501400205;102.6344501400205,33.33877057106771,31.43867642562795;31.696749219338862;31.959094000060674;32.22581772704859;32.49703096024419;32.77284801307864;33.053387113124145;33.33877057106771
197,Li_JVASP-114881_LiAlB.json,2.367610216140747,2.3115930557250977;1.7327485084533691;2.926833391189575;1.874481439590454;1.053018569946289;1.968580722808838;1.8918671607971191;2.1632986068725586;3.1548609733581543;1.49005126953125;2.087026834487915;2.2073137760162354;3.4923603534698486;4.5343639850616455;2.9518210887908936;2.6711208820343018;2.4155304431915283;1.690112829208374,4.5343639850616455,46.12392747960205,46.123927479602045;46.123927479602045;46.123927479602045;46.12392747960204;46.123927479602045;46.123927479602045;46.12392747960204;46.12392747960204;46.123927479602045;46.12392747960203;46.12392747960204;46.12392747960204;46.123927479602045;46.12392747960204;46.12392747960204;46.12392747960204;46.12392747960205;46.123927479602045,39.00061155386624,33.285343241958394;33.57476371587935;33.86926143593847;34.16897118808477;34.47403257175582;34.7845902166882;35.10079401155307;35.42279934517658;35.750767361160435;36.08486522677937;36.42526641709829;36.77215101532352;37.125706030480984;37.48612573359854;37.85361201366255;38.22837475471885;38.610632235598274;39.00061155386624
198,K_JVASP-58438_K2LiAlF6.json,6.377759218215942,2.4972457885742188;2.7061409950256348;2.99522066116333;3.587522506713867;2.937577486038208;3.2156264781951904;3.6565356254577637;4.204864025115967;23.2474422454834;15.072963237762451;6.6862921714782715;5.873882293701172;5.51763129234314;5.797855615615845;6.434062242507935;7.6132848262786865,23.2474422454834,45.80469068202261,45.80469068202261;45.8046906820226;45.8046906820226;45.8046906820226;45.8046906820226;45.8046906820226;45.8046906820226;45.8046906820226;45.80469068202261;45.804690682022596;45.8046906820226;45.8046906820226;45.80469068202261;45.8046906820226;45.8046906820226;45.8046906820226,21.925260418013796,14.81664553562224;15.143977889729165;15.48609996764189;15.844037294356307;16.21891245190933;16.611956839638825;17.024524186879823;17.45810613051525;17.91435023511664;18.395080914502163;18.902323814756528;19.43833434580602;20.005631209061427;20.607035972463496;21.24572000494188;21.925260418013796
199,Li_JVASP-98174_Na2LiAlP2.json,1.0315778255462646,0.6866023540496826;0.729231595993042;0.9799587726593018;1.0114529132843018;0.8868241310119629;1.3106598854064941;1.0047416687011719;1.6431512832641602,1.6431512832641602,49.08934867825162,49.08934867825162;49.08934867825161;49.0893486782516;49.08934867825162;49.08934867825161;49.08934867825161;49.0893486782516;49.08934867825161,24.674313500148383,23.617868099326056;23.763216131520064;23.910364230379443;24.05934604372238;24.210196063242652;24.362949651131785;24.51764306771525;24.674313500148383
200,Na_JVASP-146454_Na2AlFeSi4O12.json,3.507335662841797,2.8124032020568848;3.0872702598571777;2.9817147254943848;3.3100333213806152;2.970414638519287;3.360715389251709;3.2069597244262695;3.5740013122558594;3.4612278938293457;3.4166226387023926;3.840088367462158;3.8498730659484863;4.0229692459106445;4.057053565979004;4.004743576049805;4.161279678344727,4.161279678344727,27.17748082040029,27.177480820400284;27.177480820400287;27.177480820400284;27.177480820400284;27.177480820400284;27.177480820400287;27.177480820400287;27.177480820400287;27.17748082040029;27.177480820400284;27.177480820400287;27.177480820400284;27.17748082040029;27.177480820400284;27.177480820400284;27.177480820400284,8.58944622106627,7.734631725606788;7.786290734538168;7.838644436344867;7.891706938877837;7.945492734595311;8.000016713759166;8.05529417817838;8.111340855526231;8.16817291425937;8.225806979168512;8.284260147592143;8.343550006326474;8.403694649266775;8.464712695817239;8.526623310108763;8.58944622106627
201,Na_JVASP-62221_Na4BeAlSi4ClO12.json,4.285563945770264,2.298464775085449;2.2981948852539062;2.4090118408203125;2.399136543273926;2.8091259002685547;2.978440284729004;3.3010969161987305;3.467763900756836;5.939626216888428;6.60407018661499;7.143208980560303;6.845973491668701;7.24186372756958;6.141178607940674;5.6825690269470215;4.481194972991943;4.059021472930908;3.676483631134033;3.445957660675049;3.195648670196533;3.3399605751037598;3.312382221221924;3.430488109588623;3.2767176628112793;4.546504974365234;4.74276065826416;5.1214823722839355;5.220311641693115;4.1445512771606445;4.2711687088012695;4.7628068923950195;4.55087947845459,7.24186372756958,16.551308937706384,16.551308937706384;16.55130893770638;16.551308937706384;16.551308937706384;16.551308937706384;16.551308937706384;16.551308937706384;16.551308937706384;16.551308937706384;16.551308937706384;16.55130893770638;16.551308937706384;16.55130893770638;16.551308937706384;16.551308937706384;16.551308937706384;16.551308937706384;16.551308937706384;16.551308937706384;16.551308937706384;16.551308937706384;16.551308937706384;16.551308937706384;16.551308937706384;16.551308937706384;16.551308937706384;16.55130893770638;16.551308937706384;16.551308937706384;16.551308937706384;16.551308937706384;16.551308937706384,8.847586935723209,7.162485331547775;7.206762492802566;7.251590485660448;7.296979653419797;7.342940599973272;7.3894841980667545;7.436621597874408;7.484364235904027;7.532723844247662;7.581712460193167;7.6313424362133;7.681626450349699;7.7325775170101405;7.784208998198339;7.836534615196698;7.889568460723416;7.943325011586613;7.997819141859305;8.053066136600474;8.109081706148745;8.16588200101681;8.223483627416227;8.281903663443964;8.341159675963814;8.401269738217717;8.462252448204145;8.524126947862726;8.586912943106736;8.650630724747451;8.715301190357101;8.78094586711983;8.847586935723209
202,Li_JVASP-79415_LiHo2Al.json,0.40221381187438965,-0.2287062406539917;-0.31090033054351807;0.09728455543518066;1.0293686389923096;-0.04475808143615723;0.5332739353179932;0.705794095993042;1.4363539218902588,1.4363539218902588,59.41599633092804,59.415996330928024;59.41599633092803;59.41599633092804;59.41599633092803;59.41599633092803;59.415996330928024;59.41599633092804;59.415996330928024,9.365650973002543,9.20929104812349;9.231307770929575;9.253430017107654;9.275658547120422;9.297994128755281;9.320437537212749;9.342989555196137;9.365650973002543
203,Na_JVASP-10496_NaAlO2.json,4.06762170791626,1.6536235809326172;1.7002296447753906;1.619807243347168;1.603632926940918;1.7099804878234863;1.7969412803649902;1.5520544052124023;1.5438299179077148;1.498225212097168;1.5083913803100586;1.93400239944458;2.540544033050537;4.091972827911377;4.52293062210083;14.396471500396729;12.97505235671997;4.559995651245117;3.482905387878418;4.033775329589844;4.400086402893066;3.8217644691467285;4.091372966766357;4.550708770751953;4.934822082519531;5.215446472167969;5.164592742919922;5.072466850280762;4.778992652893066;5.038130760192871;5.4020843505859375;4.355844497680664;4.613215446472168,14.396471500396729,27.65526562250276,27.655265622502757;27.655265622502757;27.655265622502753;27.655265622502753;27.655265622502753;27.65526562250275;27.65526562250275;27.65526562250275;27.655265622502753;27.655265622502753;27.655265622502757;27.655265622502757;27.65526562250275;27.655265622502753;27.65526562250275;27.655265622502753;27.65526562250275;27.65526562250275;27.655265622502753;27.65526562250276;27.655265622502753;27.65526562250275;27.655265622502753;27.65526562250275;27.655265622502753;27.65526562250275;27.65526562250275;27.655265622502757;27.655265622502753;27.655265622502753;27.655265622502753;27.655265622502753,14.029540442918876,10.217703919102396;10.30804922897743;10.400006464593687;10.493619153819347;10.588932405972264;10.68599298429963;10.784849382480692;10.885551905415475;10.988152754582337;11.092706118268618;11.199268267002108;11.307897654536434;11.418655024771182;11.531603525017676;11.646808826054153;11.76433924944998;11.884265902677573;12.006662822573498;12.131607127756904;12.259179180664669;12.389462759918635;12.522545243801849;12.658517805688135;12.79747562234355;12.939518096099782;13.084749091989377;13.233277191031634;13.385215960967214;13.540684245860117;13.699806476119075;13.862713000638012;14.029540442918876
204,Li_JVASP-144353_Li3Al2CoO6.json,4.087219953536987,2.174799680709839;2.5315587520599365;2.8241922855377197;2.9069178104400635;3.281904935836792;3.5946033000946045;3.7065231800079346;3.797792673110962;4.154532194137573;2.0440328121185303;2.682542085647583;2.948378801345825;3.3638417720794678;3.5400760173797607;3.8969838619232178;3.650404691696167;4.283382177352905;4.838803052902222;2.550859212875366;3.21570086479187;5.585951089859009;6.622878313064575;7.661427736282349;7.920276880264282;5.270780801773071;4.942054986953735;6.363738775253296,7.920276880264282,50.65463124280825,50.654631242808236;50.65463124280824;50.65463124280824;50.65463124280824;50.65463124280824;50.65463124280824;50.65463124280824;50.65463124280824;50.65463124280824;50.654631242808236;50.65463124280825;50.654631242808236;50.65463124280824;50.65463124280824;50.65463124280824;50.654631242808236;50.65463124280824;50.65463124280824;50.654631242808236;50.65463124280824;50.65463124280824;50.65463124280824;50.65463124280824;50.65463124280824;50.654631242808236;50.65463124280824;50.65463124280824,14.203410566531758,12.963601242078381;13.007270426279565;13.051234812907548;13.095497405453944;13.140061248293755;13.184929427383402;13.230105070973064;13.275591350333736;13.321391480499313;13.367508721024121;13.413946376756208;13.460707798626814;13.507796384456435;13.555215579777835;13.602968878676474;13.65105982464875;13.699492011478522;13.748269084132353;13.797394739673942;13.846872728198244;13.89670685378574;13.946900975477417;13.99745900827092;14.04838492413848;14.099682753067121;14.151356584121762;14.203410566531758
205,Li_JVASP-76684_LiSc2Al.json,0.7958805561065674,-0.00681614875793457;1.5985772609710693,1.5985772609710693,280.50416826146164,280.50416826146164;280.50416826146164,111.33524955982556,108.21504144081213;111.33524955982556
206,Li_JVASP-21968_Li3AlN2.json,3.0027592182159424,0.5703165531158447;0.6853029727935791;0.8331811428070068;0.6996715068817139;0.6858475208282471;1.315079927444458;1.4380066394805908;1.2632954120635986;1.9325501918792725;3.0000293254852295;4.967958688735962;3.8268072605133057;3.3542168140411377;3.9581120014190674;4.005036115646362;4.447585821151733;3.100416421890259;3.5864317417144775;5.372852563858032;4.197799921035767;4.95742392539978;4.296108961105347;3.555028200149536;6.01716160774231,6.01716160774231,105.34554363355298,105.34554363355295;105.34554363355294;105.34554363355294;105.34554363355295;105.34554363355295;105.34554363355296;105.34554363355294;105.34554363355296;105.34554363355296;105.34554363355296;105.34554363355298;105.34554363355295;105.34554363355296;105.34554363355295;105.34554363355295;105.34554363355295;105.34554363355295;105.34554363355295;105.34554363355295;105.34554363355295;105.34554363355296;105.34554363355296;105.34554363355295;105.34554363355295,59.97191955112652,44.18723631901657;44.69874786673192;45.222240626656856;45.758140543893326;46.30689399609081;46.86896903350191;47.44485671045875;48.03507251623105;48.64015791402913;49.26068199780932;49.89724327753784;50.55047160468501;51.221030250971175;51.909618154785676;52.61697235127299;53.34387060384721;54.091134256886654;54.859631331605804;55.65027988963715;56.464051691726375;57.30197618219679;58.1651448335339;59.054715889643425;59.97191955112652
207,Na_JVASP-118662_NaAlTe.json,1.1287453174591064,0.4530155658721924;0.4873168468475342;0.6375703811645508;0.6569862365722656;0.5570195913314819;0.3783301115036011;2.520169734954834;3.3395540714263916,3.3395540714263916,44.589104165865436,44.58910416586543;44.589104165865436;44.58910416586543;44.58910416586543;44.58910416586543;44.58910416586543;44.589104165865436;44.589104165865436,21.277061021939716,18.866703242411734;19.177054663659803;19.49778722076894;19.829430640835184;20.172551315712504;20.527755530032024;20.89569303637341;21.277061021939716
208,Li_JVASP-122412_LiAlH4.json,1.2644705772399902,1.6482875347137451;1.1862952709197998;1.3986868858337402;1.0724201202392578;1.634033441543579;1.0027110576629639;1.6598620414733887;0.9501461982727051;1.5514633655548096;1.1819698810577393;1.4220898151397705;1.2053558826446533;1.358677625656128;0.8146932125091553;1.4010703563690186;0.7437665462493896,1.6598620414733887,51.508153892873416,51.50815389287341;51.508153892873416;51.508153892873416;51.50815389287341;51.508153892873416;51.50815389287341;51.508153892873416;51.50815389287341;51.50815389287341;51.50815389287341;51.508153892873416;51.508153892873416;51.50815389287341;51.508153892873416;51.50815389287341;51.508153892873416,53.266978316155864,44.13446294247799;44.64474635549683;45.16696760502793;45.701550569252674;46.2489394343021;46.80959992518938;47.38402062737424;47.972714406841085;48.576219937366304;49.19510334453395;49.829959977046414;50.481416316979455;51.15013204186534;51.83680225287201;52.54215988489882;53.266978316155864
209,Na_JVASP-95448_Na2SrAl4Si4O16.json,4.193853855133057,2.287266731262207;2.5432605743408203;4.047640323638916;7.897247791290283,7.897247791290283,62.76715370044511,62.7671537004451;62.7671537004451;62.7671537004451;62.76715370044511,23.290509730366498,21.97353914828592;22.395662858651132;22.834322691886396;23.290509730366498
210,Li_JVASP-105623_NaLi2AlF6.json,4.81110954284668,1.4152944087982178;1.5261361598968506;2.0633411407470703;2.2350211143493652;1.9140715599060059;2.925124168395996;3.8833255767822266;3.4037556648254395;19.654555320739746;9.008158683776855;4.3153369426727295;4.3683693408966064;4.491565465927124;4.926952123641968;4.832895994186401;6.0138490200042725,19.654555320739746,45.60099095341868,45.60099095341867;45.60099095341868;45.600990953418666;45.60099095341867;45.60099095341868;45.60099095341867;45.60099095341868;45.60099095341868;45.60099095341867;45.600990953418666;45.60099095341867;45.60099095341867;45.600990953418666;45.60099095341868;45.60099095341867;45.600990953418666,20.325173446734627,18.83780341958232;18.930155714608727;19.02341798468347;19.117603745783434;19.212726782890076;19.3088011567153;19.40584121063016;19.503861577803484;19.602877188558022;19.702903277951727;19.803955393592425;19.906049403694098;20.009201505383743;20.113428233267804;20.218746468267728;20.325173446734627
211,Li_JVASP-46244_Li2AlCoO4.json,4.523242712020874,4.0089170932769775;3.9792673587799072;4.214024782180786;4.224395036697388;4.187990427017212;4.069669961929321;4.207019090652466;3.9924652576446533;4.603363275527954;4.403700113296509;4.3759987354278564;4.191846132278442;3.666261911392212;3.4707138538360596;3.522756814956665;3.392493486404419;3.9624183177948;3.876249074935913;4.252098321914673;4.187013864517212;4.569565057754517;4.45254921913147;5.031202554702759;4.8491270542144775;5.4813926219940186;5.47210955619812;5.610625982284546;5.542255163192749;5.932471990585327;5.497944593429565;6.071429014205933;5.4444310665130615,6.071429014205933,33.08301449507699,33.08301449507698;33.08301449507698;33.08301449507698;33.08301449507698;33.08301449507698;33.08301449507698;33.08301449507699;33.08301449507698;33.08301449507699;33.08301449507698;33.08301449507698;33.08301449507698;33.08301449507699;33.08301449507698;33.08301449507698;33.08301449507698;33.08301449507698;33.08301449507698;33.08301449507698;33.08301449507698;33.08301449507698;33.08301449507698;33.083014495076974;33.08301449507698;33.08301449507698;33.08301449507698;33.08301449507698;33.08301449507698;33.08301449507698;33.08301449507698;33.08301449507698;33.08301449507698,11.14157315316408,10.226804238296584;10.253962057601715;10.281264499008262;10.308712720823026;10.336307893755388;10.364051201083766;10.391943838824748;10.419987015904958;10.44818195433573;10.476529889390603;10.505032069785738;10.53368975786326;10.562504229777637;10.591476775685107;10.620608699936247;10.649901321271697;10.679355973021183;10.708974003305809;10.738756775243731;10.768705667159299;10.798822072795671;10.829107401531044;10.859563078598486;10.890190545309546;10.920991259281601;10.951966694669117;10.983118342398834;11.014447710408968;11.045956323892552;11.07764572554493;11.109517475815545;11.14157315316408
212,Na_JVASP-90717_NaAl2Sb.json,1.5878279209136963,0.4066793918609619;0.47115588188171387;1.4035625457763672;2.2691001892089844;1.0166078805923462;2.0443254709243774;2.2656604051589966;2.8255316019058228,2.8255316019058228,55.13694541587124,55.13694541587123;55.13694541587123;55.13694541587124;55.136945415871224;55.13694541587124;55.13694541587124;55.136945415871224;55.136945415871224,18.758371935570057,16.859429219016686;17.106822575237228;17.36158450123544;17.6240491812516;17.894571317906028;18.173527731492396;18.461319111227112;18.758371935570057
213,Na_JVASP-12850_Na7Al3O8.json,4.302824974060059,1.0915560722351074;1.1146678924560547;1.1621513366699219;1.1931109428405762;1.3235151767730713;1.2959544658660889;1.3600645065307617;1.2810888290405273;1.9340343475341797;1.9060249328613281;2.2117862701416016;2.3744850158691406;4.890909194946289;5.3149261474609375;5.819280624389648;5.947566986083984;7.026010513305664;6.3768510818481445;5.650624752044678;5.436107158660889;5.052000999450684;4.175938606262207;3.7587594985961914;3.8149023056030273;6.576787948608398;5.781759262084961;5.660881996154785;5.7784223556518555;5.002440452575684;5.033387184143066;4.923117637634277;5.023419380187988;3.1008448600769043;3.2790703773498535;3.0861825942993164;3.4040231704711914;3.582615852355957;3.7552576065063477;4.012239456176758;4.183368682861328;4.431461811065674;4.693440914154053;4.207129001617432;4.381028652191162;5.51759672164917;5.480879306793213;6.580271244049072;6.478539943695068;5.746565818786621;6.063773155212402;5.399768352508545;5.4642014503479;6.011687278747559;5.649017333984375;5.714151382446289;5.442549705505371,7.026010513305664,23.72869445424819,23.728694454248185;23.72869445424818;23.728694454248185;23.72869445424818;23.72869445424818;23.728694454248185;23.728694454248185;23.72869445424818;23.728694454248185;23.72869445424818;23.72869445424819;23.728694454248185;23.72869445424819;23.728694454248185;23.72869445424819;23.72869445424818;23.728694454248185;23.728694454248185;23.728694454248185;23.728694454248185;23.72869445424819;23.72869445424819;23.728694454248185;23.72869445424819;23.728694454248185;23.72869445424818;23.72869445424819;23.728694454248185;23.72869445424819;23.728694454248185;23.728694454248185;23.728694454248185;23.72869445424819;23.728694454248185;23.72869445424818;23.728694454248185;23.72869445424818;23.728694454248185;23.728694454248185;23.72869445424819;23.728694454248185;23.72869445424819;23.72869445424819;23.72869445424819;23.728694454248185;23.72869445424819;23.728694454248185;23.728694454248185;23.728694454248185;23.72869445424818;23.728694454248185;23.728694454248185;23.728694454248185;23.728694454248185;23.72869445424819;23.72869445424818,15.816671673687953,9.057781023767317;9.128707259548893;9.20075302625443;9.273945041498523;9.348310879867771;9.423879007557924;9.500678818704676;9.578740673505546;9.65809593823665;9.738777027275237;9.820817447246219;9.904251843419042;9.989116048489842;10.075447133893215;10.16328346379795;10.252664751951968;10.343632121553432;10.436228168337621;10.530497027082967;10.626484441754348;10.724237839517897;10.823806408878932;10.925241182213478;11.028595122984328;11.133923217954816;11.241282574737667;11.350732525042478;11.462334734014103;11.57615331608526;11.692254957800737;11.810709048107551;11.931587816646013;12.054966480620752;12.1809234008793;12.309540247878743;12.440902178279133;12.575098022965989;12.712220487374331;12.85236636506354;12.995636765577034;13.142137357713997;13.291978629443237;13.44527616580266;13.602150946253385;13.762729663096126;13.927145062711206;14.09553631155389;14.268049389025881;14.444837509554038;14.62606157644134;14.811890670315837;15.002502575294226;15.198084346301792;15.39883292135404;15.604955783012953;15.816671673687953
214,Li_JVASP-98614_LiAlSiH2O5.json,6.096757173538208,5.028042554855347;6.306166410446167;6.374445676803589;7.1270835399627686;8.019950151443481;5.863652467727661;5.370364427566528;4.684352159500122,8.019950151443481,48.23719614029714,48.23719614029713;48.23719614029714;48.23719614029712;48.23719614029713;48.23719614029713;48.23719614029712;48.23719614029712;48.23719614029713,24.28593567315169,23.26179559681609;23.402780934261987;23.545485663472423;23.68994143077573;23.836180663917915;23.984236596331137;24.134143292312285;24.28593567315169
215,Li_JVASP-130653_Li8Al.json,0.16618193686008453,1.1486321687698364;0.5963277816772461;0.5065310001373291;0.6071834564208984;0.5726583003997803;0.5306887626647949;0.8274083137512207;0.2379016876220703;0.15332412719726562;1.7492111921310425;1.5810130834579468;1.322728157043457;0.7881314754486084;1.3375755548477173;3.2764757871627808;0.7606655955314636;1.211992084980011;2.5584303736686707;0.5076892971992493;1.3279794454574585;0.8276666402816772;0.7533282041549683;0.2599583864212036;-0.08176112174987793;0.20285749435424805;-0.013271450996398926;0.017441153526306152;-0.03730189800262451;0.6289583444595337;0.21110224723815918;0.0574493408203125;-0.22761666774749756;-0.0018094778060913086;-0.35098814964294434;-0.8080118894577026;-1.805280089378357;0.20670557022094727;-0.23574626445770264;-0.44703710079193115;0.2752130627632141;0.014922082424163818;-0.24240541458129883;0.12809836864471436;-0.3437359929084778;-2.8269129395484924;1.7004696130752563;0.6867053508758545;0.4623759984970093;0.3841583728790283;0.07604455947875977;0.18189430236816406;0.42123645544052124;0.11517077684402466;-0.05403125286102295;-0.3965425491333008;-0.6572747826576233;0.49988287687301636;-0.7085486650466919;-0.8872959613800049;-0.513252854347229;-0.17164254188537598;-0.7830303311347961;-2.4601346850395203;0.9758505821228027;-0.19483590126037598;0.25030452013015747;-0.3493195176124573;-0.725786566734314;-0.682026743888855;0.3762168288230896;-0.9503745436668396;-2.39548397064209,3.2764757871627808,29.073375155620745,29.073375155620745;29.073375155620745;29.07337515562074;29.07337515562074;29.07337515562074;29.07337515562074;29.07337515562074;29.07337515562074;29.073375155620745;29.073375155620738;29.073375155620738;29.07337515562074;29.073375155620738;29.073375155620745;29.07337515562074;29.073375155620745;29.073375155620745;29.07337515562074;29.073375155620745;29.07337515562074;29.073375155620745;29.07337515562074;29.07337515562074;29.07337515562074;29.073375155620738;29.07337515562074;29.073375155620738;29.07337515562074;29.073375155620738;29.07337515562074;29.073375155620738;29.073375155620745;29.073375155620745;29.07337515562074;29.073375155620738;29.07337515562074;29.073375155620745;29.07337515562074;29.07337515562074;29.07337515562074;29.073375155620745;29.073375155620745;29.073375155620738;29.07337515562074;29.073375155620738;29.073375155620745;29.07337515562074;29.073375155620745;29.07337515562074;29.073375155620738;29.073375155620738;29.073375155620738;29.07337515562074;29.07337515562074;29.073375155620745;29.073375155620745;29.073375155620738;29.07337515562074;29.073375155620738;29.07337515562074;29.073375155620738;29.07337515562074;29.073375155620745;29.073375155620745;29.07337515562074;29.07337515562074;29.07337515562074;29.07337515562074;29.073375155620745;29.07337515562074;29.073375155620738;29.073375155620745,107.30256324885302,36.09209824689033;36.43263655802928;36.77966221358407;37.13336237471609;37.49393147200988;37.86157156186835;38.23649270408294;38.61891336206146;39.00906082731559;39.407171669941356;39.813492216968555;40.228279060611484;40.651799598624784;41.08433260915527;41.5261688626869;41.9776117739015;42.438978096526164;42.91059866451133;43.392819183184145;43.88600107435296;44.39052237970476;44.90677872724089;45.43518436594354;45.976173274359844;46.530200349338514;47.097742681762846;47.679300926799314;48.27540077693369;48.88659454690379;49.513462880573044;50.15661659083233;50.81669864478508;51.49438630777803;52.19039346130658;52.905473111470975;53.640420106512785;54.396074084049474;55.173322670981776;55.973104961712615;56.7964153033334;57.64430741985612;58.51789891145835;59.41837616913634;60.34699975021171;61.305110265909704;62.29413483883704;63.31559419577317;64.37111046991315;65.4624157967548;66.59136179943927;67.75993007280358;68.97024379101715;70.22458058184142;71.52538683174895;72.87529361093534;74.27713443634784;75.73396512507894;77.24908603086229;78.82606700421441;80.4687754735421;82.18140811218359;83.96852663724259;85.83509838314627;87.78654240979446;89.82878204658519;91.9683049453349;94.21223192455604;96.5683961441396;99.04543446531169;101.65289324138034;104.4013512704986;107.30256324885302
216,Li_JVASP-88373_LiAlB14.json,1.5670559406280518,1.5164873600006104;1.5826504230499268;1.6291382312774658;1.7072031497955322;1.2880451679229736;1.1748230457305908;1.2251155376434326;1.1305139064788818;1.5810611248016357;1.8586280345916748;2.2186367511749268;2.4068663120269775;1.426210641860962;1.2761633396148682;1.5962626934051514;1.4550893306732178,2.4068663120269775,22.580090899207363,22.580090899207363;22.58009089920736;22.58009089920736;22.58009089920736;22.58009089920736;22.580090899207363;22.58009089920736;22.58009089920736;22.58009089920736;22.580090899207363;22.580090899207363;22.580090899207363;22.580090899207363;22.58009089920736;22.58009089920736;22.58009089920736,9.370132938125568,9.041039938067176;9.06225860444851;9.08357710247605;9.104996138357574;9.126516424977549;9.14813868197621;9.169863635829792;9.191692019931883;9.21362457467595;9.235662047539067;9.257805193166812;9.280054773459426;9.30241155765919;9.324876322439078;9.347449851992705;9.370132938125568
217,Na_JVASP-7643_NaAlSe2.json,2.0421698093414307,1.2559442520141602;1.2913074493408203;1.3440346717834473;1.3009562492370605;1.4048495292663574;1.3786392211914062;1.3663420677185059;1.5748863220214844;1.961564064025879;2.1071548461914062;2.273744821548462;2.2888267040252686;2.3835558891296387;2.4242453575134277;3.4541304111480713;4.864535093307495,4.864535093307495,30.112330614199227,30.112330614199223;30.112330614199223;30.112330614199223;30.112330614199227;30.112330614199223;30.112330614199223;30.11233061419922;30.11233061419922;30.11233061419922;30.112330614199223;30.112330614199223;30.112330614199227;30.11233061419922;30.112330614199216;30.112330614199223;30.11233061419922,8.989519027966592,8.057540270208648;8.113618316176833;8.1704824052835;8.228149181064929;8.286635760273647;8.34595974981722;8.406139264429841;8.467192945114023;8.52913997839182;8.592000116407341;8.65579369792481;8.720541670269043;8.786265612258088;8.852987758180758;8.920731022875005;8.989519027966592
218,Li_JVASP-21388_SrLiAlF6.json,7.615240097045898,4.775081634521484;12.86161184310913;8.819006204605103;4.5002663135528564;8.46397876739502;12.676648139953613;4.986498594284058;3.838829278945923,12.86161184310913,47.83577994104579,47.83577994104579;47.835779941045786;47.83577994104579;47.83577994104579;47.83577994104579;47.83577994104579;47.83577994104579;47.83577994104579,14.600327993531454,14.223848761682255;14.276438407688351;14.329418374814747;14.382793024701096;14.436566784215488;14.490744146678388;14.545329673114237;14.600327993531454
219,K_JVASP-106430_K2AlAuI6.json,3.364886164665222,2.3522497415542603;4.377522587776184,4.377522587776184,116.90544494985828,116.90544494985828;116.90544494985828,26.16123158620559,25.199510014704824;26.16123158620559
220,Li_JVASP-16365_LiAl3.json,1.1821086406707764,2.4222068786621094;2.2175307273864746;1.1533982753753662;0.9729716777801514;0.6142089366912842;0.5420496463775635;0.3891463279724121;1.1453566551208496,2.4222068786621094,84.0192872626768,84.01928726267678;84.01928726267678;84.01928726267678;84.0192872626768;84.01928726267678;84.01928726267678;84.01928726267678;84.01928726267677,40.949681091474126,38.119834965517626;38.499914090626056;38.88764881064369;39.28327277843407;39.68702925286858;40.09917159760935;40.519963811296954;40.949681091474126
221,Li_JVASP-21570_YbLiAlF6.json,7.924689292907715,8.837198495864868;13.838348627090454;6.129040241241455;5.598859786987305;12.678831100463867;5.656691551208496;5.222045421600342;5.436499118804932,13.838348627090454,54.42489657139543,54.42489657139543;54.42489657139543;54.42489657139542;54.42489657139542;54.42489657139543;54.42489657139543;54.424896571395415;54.42489657139543,10.6395757398688,10.438243638890338;10.46653759743561;10.494985360391993;10.523588185285965;10.552347343390414;10.581264119912985;10.610339814187547;10.6395757398688
222,Na_JVASP-113644_NaAlH.json,-0.028211355209350586,0.4734841585159302;-0.4251161813735962;-0.18825840950012207;-0.3812563419342041;0.05118966102600098;-0.08033919334411621;0.1926581859588623;-0.08257246017456055;0.04645800590515137;0.03419351577758789;-0.05778932571411133;-0.2411661148071289;-0.10061502456665039;-0.3294796943664551;-0.10526347160339355;-0.0554502010345459;0.4275667667388916;0.3139517307281494,0.4734841585159302,41.323992703070765,41.323992703070765;41.323992703070765;41.32399270307076;41.323992703070765;41.323992703070765;41.323992703070765;41.323992703070765;41.323992703070765;41.323992703070765;41.323992703070765;41.323992703070765;41.32399270307076;41.32399270307076;41.32399270307076;41.32399270307076;41.323992703070765;41.32399270307076;41.32399270307076,50.87597156542891,29.20739808153472;29.95795006397374;30.748093804148773;31.58104687480324;32.46038520729509;33.39009441096656;34.37463017168947;35.418989660471134;36.52879636701978;37.71040139809014;38.97100509336446;40.31880387759349;41.76316867737385;43.31486311196482;44.98631220184664;46.791935788496914;48.74856560692462;50.87597156542891
223,K_JVASP-102873_K2AlInBr6.json,2.8482450246810913,2.2626144886016846;2.204502820968628;2.264502167701721;2.2552636861801147;2.1234357357025146;2.236847400665283;2.2023744583129883;2.198376417160034;2.8092336654663086;3.1055963039398193;3.4016342163085938;3.86322283744812;3.3767489194869995;3.4965168237686157;3.942708373069763;3.828342080116272,3.942708373069763,16.23245123912101,16.23245123912101;16.232451239121005;16.232451239121005;16.232451239121005;16.232451239121005;16.232451239121005;16.232451239121005;16.232451239121005;16.232451239121005;16.232451239121005;16.232451239121005;16.232451239121;16.232451239121005;16.232451239121005;16.23245123912101;16.232451239121005,5.350786203469688,4.789946679037316;4.823652567092933;4.857836179864158;4.892507746265834;4.927677789337118;4.9633571368896705;4.999556932621806;5.03628864772258;5.073564092991197;5.111395431498621;5.1497951918199245;5.188776281867611;5.228352003357979;5.268536066944608;5.309342608055126;5.350786203469688
224,K_JVASP-57159_KAlF4.json,7.6978840827941895,3.4766039848327637;3.4521288871765137;3.738197088241577;3.6470787525177;4.5903096199035645;4.770502090454102;6.8897552490234375;7.471751689910889;15.966479301452637;13.098270416259766;16.454265594482422;12.410350799560547;10.792608261108398;7.484283447265625;7.819506406784058;5.166115045547485;6.868342399597168;6.448154926300049;6.017393350601196;5.578140497207642;7.772749662399292;7.546505689620972;7.053179502487183;6.7659242153167725;8.74057936668396;8.563142538070679;7.785468816757202;7.5977256298065186;8.182528972625732;8.04497766494751;8.15504240989685;7.9842283725738525,16.454265594482422,16.747936859587597,16.747936859587593;16.74793685958759;16.747936859587593;16.747936859587593;16.747936859587597;16.747936859587593;16.747936859587593;16.747936859587593;16.74793685958759;16.747936859587593;16.747936859587597;16.747936859587597;16.747936859587593;16.747936859587593;16.747936859587593;16.747936859587593;16.747936859587597;16.747936859587597;16.747936859587593;16.747936859587593;16.747936859587597;16.747936859587593;16.747936859587593;16.747936859587593;16.747936859587593;16.747936859587593;16.747936859587593;16.747936859587597;16.747936859587593;16.747936859587597;16.747936859587593;16.747936859587597,8.038105774188308,5.8951639752641505;5.946301759938565;5.998334500568383;6.051285898317035;6.105180498707146;6.160043729559042;6.215901940993362;6.272782447630007;6.330713573125419;6.389724697200753;6.449846305325011;6.511110041229662;6.573548762444812;6.637196599061731;6.702089015942519;6.768262878615194;6.83575652311144;6.904609830025008;6.974864303091383;7.046563152614072;7.119751384089852;7.194475892414972;7.27078556208664;7.348731373849735;7.42836651827762;7.509746516818834;7.59292935088854;7.677975599635467;7.7649485870722526;7.853914539320176;7.944942752788825;8.038105774188308
225,K_JVASP-55733_K2NaAlH6.json,1.9846744537353516,0.4574263095855713;0.5738837718963623;1.059805154800415;0.706679105758667;1.656653881072998;1.5124859809875488;1.4450597763061523;1.2870492935180664;1.3695311546325684;1.2229533195495605;1.303210973739624;1.2949507236480713;3.6828536987304688;4.030426025390625;4.338130950927734;5.813691139221191,5.813691139221191,42.46011448324489,42.46011448324488;42.46011448324488;42.46011448324487;42.46011448324488;42.46011448324489;42.46011448324488;42.46011448324488;42.46011448324488;42.46011448324487;42.46011448324488;42.46011448324487;42.46011448324487;42.46011448324488;42.46011448324489;42.46011448324488;42.46011448324488,55.005618870330004,24.96123007398693;25.904509658563214;26.921881857750456;28.022433264941718;29.216799621148862;30.517510649724112;31.939431293625436;33.50033233401628;35.22163692504523;37.12940974405522;39.25568601360272;41.640284914621695;44.33332668315785;47.398793988458074;50.91968059301598;55.005618870330004
226,Na_JVASP-51741_Na2AlH4ClO4.json,3.824352264404297,2.510242462158203;2.703078269958496;2.6950931549072266;2.6604490280151367;2.718050479888916;2.626565456390381;2.6005516052246094;2.62371826171875;2.7357654571533203;2.696094512939453;2.732235908508301;2.6383466720581055;2.75872802734375;2.6691741943359375;2.766490936279297;2.7475643157958984;5.720220565795898;5.707496643066406;6.064530372619629;6.844943046569824;6.185764789581299;6.689779758453369;7.231744289398193;6.822564601898193;3.9746718406677246;3.074282169342041;2.9602718353271484;2.885141372680664;4.002911567687988;3.635687828063965;4.237997531890869;3.459115505218506,7.231744289398193,19.461794072936872,19.46179407293687;19.461794072936872;19.46179407293687;19.46179407293687;19.461794072936865;19.46179407293687;19.461794072936872;19.461794072936872;19.46179407293687;19.46179407293687;19.46179407293687;19.46179407293687;19.46179407293687;19.461794072936865;19.46179407293687;19.461794072936872;19.461794072936872;19.46179407293687;19.461794072936865;19.46179407293687;19.46179407293687;19.461794072936872;19.46179407293687;19.46179407293687;19.46179407293687;19.461794072936872;19.46179407293687;19.461794072936865;19.46179407293687;19.461794072936865;19.46179407293687;19.46179407293687,12.699643243019615,9.493651971597334;9.571597923942685;9.650834394805626;9.7313937015816;9.813309249813235;9.896615579377384;9.981348413044838;10.067544707556124;10.15524270736683;10.244482001226636;10.335303581767947;10.427749908292537;10.521864972958236;10.617694370582486;10.7152853722954;10.81468700329234;10.915950124954708;11.01912752162796;11.124273992367927;11.2314464479905;11.34070401378581;11.452108138286418;11.565722708509929;11.681614172130185;11.799851667067898;11.92050715903181;12.043655587585329;12.16937502136157;12.297746823102374;12.428855825254406;12.562790516918737;12.699643243019615
227,Li_JVASP-96785_BaLiAlF6.json,6.377140760421753,3.5525333881378174;3.8346107006073;4.0607521533966064;4.738497495651245;5.621719837188721;7.150259494781494;8.562857627868652;13.495895385742188,13.495895385742188,48.0802739848961,48.080273984896095;48.08027398489609;48.080273984896095;48.080273984896095;48.0802739848961;48.08027398489608;48.08027398489609;48.08027398489609,12.000666901235174,11.745146773888946;11.78098142372762;11.817035407053261;11.85331074376235;11.889809478630049;11.926533681694401;11.96348544864771;12.000666901235174
228,Li_JVASP-118598_LiAlO.json,0.7397072315216064,1.5124657154083252;0.33995699882507324;0.5506942272186279;0.5659010410308838;0.6954262256622314;0.46251845359802246;0.39342808723449707;0.5017421245574951;0.5363247394561768;0.45877766609191895;0.8417098522186279;0.5992395877838135;0.7388904094696045;0.4728529453277588;0.7188398838043213;0.6356618404388428;0.6186931133270264;0.6527278423309326;0.6758706569671631;0.722975492477417;0.3814418315887451;0.8135707378387451;0.34250855445861816;0.8233773708343506;-0.29996752738952637;1.8446438312530518;3.37182354927063,3.37182354927063,45.110318581793095,45.11031858179309;45.110318581793095;45.11031858179308;45.11031858179309;45.11031858179309;45.11031858179309;45.11031858179308;45.11031858179309;45.11031858179309;45.11031858179309;45.11031858179308;45.11031858179308;45.11031858179308;45.11031858179309;45.110318581793074;45.11031858179308;45.11031858179308;45.11031858179308;45.11031858179309;45.11031858179308;45.11031858179309;45.11031858179309;45.11031858179308;45.11031858179309;45.11031858179309;45.11031858179308;45.11031858179309,22.957749360532727,19.88399260238123;19.986915645380464;20.090909727814484;20.195991655326715;20.302178587004892;20.409488044721964;20.517937922774692;20.6275464978313;20.7383324391996;20.85031481942783;20.96351312525082;21.077947268894633;21.19363759975354;21.31060491645359;21.428870479317983;21.548456023249713;21.669383771048047;21.79167644717592;21.915357291996134;22.040450076495148;22.16697911751397;22.2949692935068;22.424446060848624;22.55543547071455;22.687964186554026;22.822059502184878;22.957749360532727
229,Li_JVASP-40056_Li2NdAl.json,0.7269601821899414,-0.22783708572387695;0.009705305099487305;0.7246443033218384;1.0789490938186646;0.4156055450439453;0.746729850769043;0.8719069957733154;1.2059166431427002;0.07769906520843506;0.5684386491775513;0.7177104949951172;0.8288979530334473;0.7596063613891602;2.523427963256836;0.831287145614624;0.4986746311187744,2.523427963256836,69.54700213782635,69.54700213782634;69.54700213782634;69.54700213782634;69.54700213782634;69.54700213782634;69.54700213782635;69.54700213782635;69.54700213782634;69.54700213782634;69.54700213782634;69.54700213782634;69.54700213782634;69.54700213782633;69.54700213782634;69.54700213782633;69.54700213782635,19.46750257279851,18.098784053017464;18.184016007761006;18.27005452037495;18.356911094084925;18.44459745190865;18.53312554193058;18.622507542729203;18.712755868962134;18.8038831771144;18.8959023714155;18.988826609931074;19.082669310835175;19.177444158869477;19.273165111995894;19.369846408249465;19.46750257279851
230,K_JVASP-155692_KAl2Ga2.json,0.8756563067436218,0.16547465324401855;0.43022799491882324;0.9070872068405151;0.638898491859436;0.6061689257621765;0.7407146096229553;1.7963072657585144;1.7203713059425354,1.7963072657585144,50.96610618045327,50.96610618045327;50.96610618045326;50.96610618045325;50.96610618045326;50.96610618045326;50.96610618045326;50.96610618045327;50.96610618045326,16.89483907184754,14.408941387081668;14.718319347621664;15.041274284919352;15.378719983069216;15.73165410976378;16.10116806781975;16.48845826848903;16.89483907184754
231,Li_JVASP-18764_LiAl2Pd.json,0.6578242778778076,0.15896248817443848;0.15078186988830566;0.9350078105926514;1.8954484462738037;0.48493504524230957;0.8568079471588135;0.5968410968780518;0.18380951881408691,1.8954484462738037,97.69660748044664,97.69660748044663;97.69660748044663;97.69660748044663;97.69660748044663;97.6966074804466;97.69660748044662;97.69660748044663;97.69660748044664,20.776251665457174,20.022134448316496;20.12649630495302;20.231951797644527;20.338518207699728;20.446213182454024;20.555054745011876;20.66506130430199;20.776251665457174
232,Na_JVASP-102357_Na2AlCuF6.json,4.2224202156066895,1.8832480907440186;1.7896606922149658;2.2491321563720703;3.0566482543945312;2.255991220474243;2.50947642326355;2.662114381790161;2.6586663722991943;3.7487893104553223;4.655836582183838;5.033145427703857;5.60189962387085;5.166578769683838;6.641989231109619;9.041613101959229;8.603933811187744,9.041613101959229,44.48268467912022,44.48268467912021;44.48268467912021;44.48268467912021;44.48268467912021;44.482684679120204;44.482684679120204;44.48268467912021;44.482684679120204;44.48268467912021;44.482684679120204;44.48268467912021;44.48268467912021;44.48268467912022;44.482684679120204;44.482684679120204;44.48268467912021,16.153903507310172,13.374126363818835;13.52933565217242;13.688189705532654;13.850818433736496;14.017357994663877;14.187951174435437;14.362747795714613;14.541905156568125;14.725588502586735;14.913971535244785;15.10723695978577;15.305577076266406;15.509194417778382;15.718302440300315;15.933126269119473;16.153903507310172
233,Ca_JVASP-101113_SrCaAl4.json,1.7697420120239258,1.8696951866149902;1.6672039031982422;1.5004045963287354;1.7371256351470947;1.6380589008331299;1.660193681716919;1.7751117944717407;2.310142397880554,2.310142397880554,40.88274732598782,40.88274732598782;40.88274732598782;40.88274732598782;40.882747325987815;40.88274732598782;40.882747325987815;40.88274732598782;40.882747325987815,16.704495338402456,14.218343525390658;14.527215586793973;14.849805200379272;15.187046950386803;15.539962292222143;15.90966988611367;16.297397441792146;16.704495338402456
234,Ca_JVASP-97780_CaAl2O4.json,8.056726932525635,4.847124099731445;4.903355598449707;5.590476036071777;5.881908416748047;9.649425983428955;11.354506015777588;14.76265573501587;10.87623643875122;6.63179874420166;6.735479354858398;7.5898284912109375;7.490952491760254;7.996626377105713;7.938930988311768;8.20481252670288;8.453513622283936,14.76265573501587,31.47829995786048,31.478299957860475;31.478299957860475;31.47829995786047;31.478299957860475;31.47829995786048;31.478299957860475;31.478299957860475;31.478299957860475;31.478299957860475;31.47829995786047;31.478299957860475;31.478299957860475;31.47829995786048;31.478299957860475;31.478299957860475;31.478299957860475,13.905158399875283,10.599257186578402;10.769958435886835;10.946247978855624;11.12840480034223;11.316726769843472;11.511532266891113;11.7131619772647;11.921980881338621;12.138380458975771;12.362781138990764;12.595635025428033;12.837428937852271;13.088687808672955;13.349978487395461;13.62191400982174;13.905158399875283
235,Li_JVASP-80982_LiAl2Ru.json,1.1924982070922852,0.21864819526672363;1.8402631282806396;1.435518741607666;1.2755627632141113,1.8402631282806396,202.64013335796744,202.64013335796741;202.64013335796741;202.64013335796741;202.64013335796744,42.74058708127733,41.366930166265995;41.81489878177152;42.27267585149351;42.74058708127733
236,Na_JVASP-97011_Na3AlP3NO9.json,5.0215708414713545,2.8225455284118652;2.90455961227417;2.9000887870788574;2.8491969108581543;3.8408732414245605;4.636279582977295;5.6912617683410645;6.238192081451416;9.075339317321777;6.674795150756836;6.293423652648926;6.332294464111328,9.075339317321777,55.11672903402537,55.11672903402535;55.11672903402537;55.11672903402537;55.11672903402536;55.116729034025354;55.11672903402536;55.116729034025354;55.116729034025354;55.11672903402536;55.11672903402536;55.11672903402536;55.11672903402536,23.62183439715503,19.316470255867074;19.641922733359447;19.978529885797837;20.32687519134724;20.687583544365943;21.061324996525908;21.448818910916167;21.85083858331354;22.26821639308495;22.701849555916706;23.15270656203639;23.62183439715503
237,Li_JVASP-40729_Li3Al2CrO6.json,3.556485891342163,2.2124788761138916;2.115152597427368;2.1358706951141357;2.224088430404663;2.1039340496063232;2.1042773723602295;1.7918097972869873;2.2177131175994873;3.633617639541626;3.549199342727661;3.357591390609741;3.428992986679077;3.6153790950775146;3.560800313949585;3.5062415599823;3.6418235301971436;4.964177370071411;5.566667795181274;4.68705677986145;5.150409936904907;4.8060948848724365;5.062597990036011;4.788062334060669;5.1316235065460205,5.566667795181274,55.154516483435415,55.154516483435415;55.1545164834354;55.15451648343541;55.1545164834354;55.1545164834354;55.15451648343541;55.15451648343541;55.1545164834354;55.15451648343541;55.1545164834354;55.15451648343541;55.1545164834354;55.15451648343541;55.15451648343541;55.15451648343541;55.15451648343541;55.154516483435415;55.15451648343541;55.15451648343541;55.154516483435415;55.154516483435415;55.15451648343541;55.1545164834354;55.15451648343541,16.517760955353307,15.038183707992948;15.096979833241816;15.156237524001986;15.215962236812564;15.276159514561137;15.336834988198623;15.397994378495113;15.459643497837954;15.521788252073137;15.584434642391333;15.647588767259737;15.71125682440111;15.775445112821325;15.840160034886788;15.905408098453266;15.97119591904747;16.03753022210308;16.10441784525264;16.17186574067715;16.23988097751483;16.308470744331036;16.377642351650962;16.447403234557086;16.517760955353307
238,Na_JVASP-113642_NaAlH.json,0.3872150182723999,-0.37494099140167236;-0.06106245517730713;0.40787529945373535;-0.2081897258758545;0.0032747983932495117;0.6903096437454224;-0.23800265789031982;0.20841729640960693;0.7442917823791504;-0.29694366455078125;0.08572494983673096;0.6522854566574097;0.12061166763305664;1.7759966850280762;1.634533405303955;-0.18712282180786133;1.577657699584961;0.4351539611816406,1.7759966850280762,48.304611132919256,48.30461113291925;48.30461113291925;48.30461113291925;48.30461113291925;48.304611132919256;48.30461113291925;48.30461113291925;48.304611132919256;48.30461113291925;48.30461113291925;48.304611132919256;48.30461113291924;48.30461113291924;48.30461113291925;48.30461113291925;48.30461113291925;48.30461113291925;48.30461113291924,50.87597156542891,29.20739808153472;29.95795006397374;30.748093804148773;31.58104687480324;32.46038520729509;33.39009441096656;34.37463017168947;35.418989660471134;36.52879636701978;37.71040139809014;38.97100509336446;40.31880387759349;41.76316867737385;43.31486311196482;44.98631220184664;46.791935788496914;48.74856560692462;50.87597156542891
239,Li_JVASP-140542_LiAlVO4.json,3.815922498703003,4.124498128890991;4.057425260543823;3.8763630390167236;3.71514630317688;3.83457350730896;3.72086501121521;3.5158469676971436;3.487562894821167;4.220310926437378;4.086958646774292;3.688528299331665;3.5835297107696533;3.9979355335235596;3.884120225906372;3.6197798252105713;3.6413156986236572,4.220310926437378,41.22087032455687,41.22087032455686;41.220870324556856;41.22087032455686;41.22087032455686;41.22087032455687;41.22087032455687;41.22087032455686;41.22087032455686;41.22087032455686;41.22087032455686;41.22087032455686;41.22087032455686;41.220870324556856;41.22087032455686;41.220870324556856;41.22087032455686,11.767054504623385,11.252681354465787;11.285569755235027;11.318650966497232;11.351926688784136;11.385398642684038;11.419068569138343;11.452938229743413;11.487009407057805;11.521283904914988;11.555763548741703;11.590450185882032;11.625345685927337;11.66045194105217;11.695770866356295;11.731304400212935;11.767054504623385
240,Na_JVASP-24285_Na4Al3Ge3ClO12.json,4.307652473449707,2.6801557540893555;3.01016902923584;4.591167449951172;6.8276262283325195;5.2976975440979;4.065792560577393;3.81443452835083;4.1741766929626465,6.8276262283325195,59.107997198522106,59.107997198522106;59.107997198522106;59.107997198522106;59.107997198522106;59.1079971985221;59.10799719852209;59.1079971985221;59.1079971985221,24.917457432256384,21.674594709931;22.0852034638399;22.51166997359338;22.954930969962298;23.415998443554358;23.895967357998394;24.39602433158451;24.917457432256384
241,K_JVASP-9794_K2LiAlP2.json,1.5085582733154297,0.017482519149780273;0.3194921016693115;0.31115078926086426;0.33774495124816895;0.8629035949707031;1.0795087814331055;1.1181912422180176;1.38920259475708;1.8070473670959473;2.7034049034118652;2.812808036804199;3.145303726196289;2.5693178176879883;2.2361574172973633;1.799349308013916;1.6278672218322754,3.145303726196289,40.443752099853576,40.44375209985357;40.44375209985357;40.44375209985357;40.44375209985357;40.44375209985357;40.44375209985357;40.44375209985357;40.44375209985357;40.443752099853576;40.44375209985357;40.44375209985357;40.44375209985357;40.44375209985357;40.44375209985357;40.44375209985356;40.443752099853576,33.25003254664683,19.24656404677278;19.802562624188866;20.391640395339945;21.01683994482729;21.681588797067448;22.38976228165073;23.1457591347026;23.954592951685754;24.822003509575723;25.754593184007966;26.75999531896013;27.847083635166683;29.02623484141572;30.309660915684972;31.711833617373195;33.25003254664683
242,Li_JVASP-107321_Li2AlGa.json,0.9840033650398254,0.4993021488189697;0.5314412117004395;0.4504817724227905;0.941222071647644;0.8026435375213623;0.8665659427642822;1.1639163494110107;1.333954095840454;0.802492082118988;0.4707731604576111;0.5305512547492981;0.8267930150032043;0.8938658833503723;1.0188916325569153;2.1933944821357727;2.417765200138092,2.417765200138092,90.64316512955507,90.64316512955506;90.64316512955506;90.64316512955506;90.64316512955506;90.64316512955507;90.64316512955507;90.64316512955506;90.64316512955507;90.64316512955507;90.64316512955507;90.64316512955506;90.64316512955506;90.64316512955507;90.64316512955506;90.64316512955507;90.64316512955507,34.33546050975228,30.29469239702642;30.534253942329304;30.777634451806467;31.02492597907086;31.27622356022125;31.531625335617143;31.791232677669377;32.05515032499589;32.323486523315616;32.59635317347879;32.87386598705882;33.1561446499604;33.44331299452965;33.73549918068643;34.03283588663547;34.33546050975228
243,Na_JVASP-8138_NaAlO2.json,3.5917787551879883,0.8633198738098145;0.9152560234069824;2.086951732635498;2.3228096961975098;4.968534469604492;8.400731086730957;5.293995380401611;3.882631778717041,8.400731086730957,144.48720241284522,144.4872024128452;144.4872024128452;144.48720241284522;144.48720241284516;144.4872024128452;144.4872024128452;144.48720241284522;144.4872024128452,54.16273698344047,40.870815676409585;42.355729623889054;43.95261101832935;45.67462009908473;47.53706361071029;49.55785103967454;51.75807238439913;54.16273698344047
244,K_JVASP-105080_KRb2AlBr6.json,2.342963457107544,2.554025173187256;2.4743847846984863;2.3264896869659424;2.40985369682312;2.320190906524658;2.223909854888916;2.186406135559082;2.2484474182128906,2.554025173187256,16.271871407719246,16.271871407719246;16.271871407719246;16.271871407719246;16.271871407719246;16.271871407719246;16.271871407719246;16.271871407719246;16.271871407719246,4.910650219150827,4.6761596160667995;4.708277762859382;4.74084016724967;4.773856110873373;4.807335135734433;4.841287053399296;4.875721954583589;4.910650219150827
245,Na_JVASP-133616_NaAlMo2O8.json,3.1683406829833984,2.7685799598693848;2.9768662452697754;3.1148972511291504;3.4081215858459473;2.9098005294799805;3.146723747253418;3.461432933807373;3.560303211212158,3.560303211212158,32.81667052390974,32.81667052390974;32.816670523909735;32.816670523909735;32.816670523909735;32.81667052390974;32.816670523909735;32.81667052390974;32.81667052390974,9.579334818128022,9.058312296478102;9.129246885260399;9.201301203523167;9.27450197522433;9.348876781549162;9.424454095559877;9.501263318539579;9.579334818128022
246,K_JVASP-93261_KAlH3.json,1.4251437187194824,1.643012523651123;1.0515894889831543;0.8733811378479004;0.7775278091430664;0.8315267562866211;0.8948304653167725;0.8050644397735596;1.2286581993103027;1.0698771476745605;1.0688276290893555;0.9779529571533203;0.8927946090698242;1.422821044921875;1.4724605083465576;1.6145861148834229;1.899275779724121;2.106037139892578;1.8563952445983887;1.2708430290222168;1.3436036109924316;1.5092873573303223;1.5391650199890137;1.722318172454834;2.141359806060791;1.540633201599121;2.0845868587493896;2.8404643535614014,2.8404643535614014,26.128844762477854,26.12884476247785;26.12884476247785;26.12884476247785;26.128844762477854;26.12884476247785;26.128844762477854;26.12884476247785;26.12884476247785;26.12884476247785;26.12884476247785;26.128844762477854;26.128844762477854;26.128844762477847;26.128844762477854;26.12884476247785;26.128844762477854;26.12884476247785;26.128844762477854;26.128844762477847;26.12884476247785;26.12884476247785;26.128844762477854;26.12884476247785;26.12884476247785;26.12884476247785;26.128844762477854;26.12884476247785,31.559261510387444,14.364615100407;14.672072199177693;14.992978654862995;15.32823669078103;15.678831074494143;16.045838778724754;16.430440031640913;16.833930995347924;17.25773835952556;17.70343619643431;18.172765496942965;18.667656898655483;19.1902572316761;19.74296065168191;20.32844531257082;20.949716763776056;21.610159556219553;22.313598927319028;23.06437493892752;23.86743210331551;24.728428408216782;25.6538688228923;26.65126994782379;27.729364626771282;28.898358314117583;30.17025314272973;31.559261510387444
247,Li_JVASP-140415_LiAlSiO4.json,4.769660711288452,2.7342374324798584;3.5287673473358154;13.224198579788208;6.651665925979614;5.317227602005005;3.4181063175201416;3.5945494174957275;3.6789486408233643;3.596717596054077;2.9899423122406006;4.119216680526733;4.38235068321228,13.224198579788208,40.51604285106893,40.51604285106892;40.51604285106892;40.516042851068924;40.51604285106892;40.51604285106892;40.516042851068924;40.51604285106892;40.51604285106893;40.51604285106892;40.516042851068924;40.516042851068924;40.51604285106893,18.667667547560935,17.725054250807094;17.80679461496574;17.889292375062098;17.972558106996956;18.05660258449405;18.141436783747135;18.227071888198708;18.31351929345472;18.400790612339783;18.488897680097633;18.577852559741707;18.667667547560935
248,K_JVASP-100893_K2AlTlCl6.json,3.3149086236953735,2.519211530685425;2.4430906772613525;2.555718183517456;2.820622205734253;2.513411045074463;2.5059614181518555;2.5785897970199585;2.3414283990859985;3.365204095840454;3.7912118434906006;3.933627128601074;3.8056092262268066;4.222599029541016;4.425784587860107;4.866098761558533;4.3503700494766235,4.866098761558533,18.734869247777564,18.73486924777756;18.734869247777564;18.734869247777564;18.734869247777564;18.734869247777564;18.734869247777564;18.734869247777564;18.73486924777756;18.734869247777564;18.734869247777564;18.734869247777564;18.73486924777756;18.73486924777756;18.73486924777756;18.73486924777756;18.734869247777564,7.461933379043343,6.414545399526452;6.4751372107524965;6.536884638725384;6.5998210619068605;6.663981156712205;6.729400961219798;6.7961179426704765;6.864171069022341;6.933600884848134;7.0044495918858125;7.076761134578592;7.150581290968764;7.225957769340354;7.302940311039351;7.381580799937139;7.461933379043343
249,Na_JVASP-144825_KNa2AlH6.json,1.0626659393310547,0.5163192749023438;0.5049571990966797;0.5427403450012207;0.5251898765563965;0.5516533851623535;0.528862476348877;0.5529801845550537;0.5493881702423096;0.844416618347168;0.8815746307373047;0.9224891662597656;0.9180097579956055;1.0315940380096436;1.0061523914337158;1.0852313041687012;1.0372929573059082;1.5309762954711914;1.5526795387268066;1.2964537143707275;1.3425962924957275;1.7699980735778809;1.790571689605713;1.220959186553955;1.2771124839782715;1.3245739936828613;1.3310637474060059;1.479872703552246;1.4450082778930664;1.1066205501556396;1.179642915725708;1.1382994651794434;1.220029354095459,1.790571689605713,22.82419664580425,22.824196645804243;22.824196645804246;22.824196645804246;22.824196645804246;22.824196645804243;22.82419664580425;22.824196645804243;22.824196645804243;22.824196645804243;22.824196645804243;22.824196645804243;22.824196645804246;22.824196645804243;22.824196645804246;22.824196645804246;22.824196645804243;22.824196645804243;22.824196645804243;22.824196645804243;22.824196645804243;22.82419664580425;22.824196645804246;22.824196645804246;22.824196645804246;22.824196645804243;22.824196645804243;22.824196645804246;22.824196645804243;22.824196645804243;22.824196645804243;22.824196645804246;22.824196645804246,22.770442904010388,14.18283710272854;14.357506959552625;14.536532783627438;14.720079577949969;14.908320785787733;15.101438837342823;15.299625739461508;15.503083712396432;15.712025878060398;15.926677004695982;16.14727431343078;16.374068352802777;16.607323948033542;16.84732123261089;17.09435677062924;17.348744779341978;17.610818462522616;17.880931466531674;18.159459472468924;18.44680193948418;18.743384016258616;19.04965863989245;19.366108843991142;19.69325030068731;20.031634124735895;20.381849971755646;20.74452946725571;21.120350008396223;21.510038986623787;21.914378486562267;22.334210525026997;22.770442904010388
250,Li_JVASP-81195_Li2AlAu.json,1.0351134538650513,0.7746156454086304;0.6485022306442261;0.6230288743972778;0.5827089548110962;1.3290023803710938;1.0409750938415527;1.8635965585708618;1.4184778928756714,1.8635965585708618,178.5080304812078,178.5080304812078;178.5080304812078;178.50803048120778;178.50803048120778;178.50803048120778;178.50803048120778;178.50803048120778;178.50803048120778,29.689253171044534,28.172927338312224;28.379992721526257;28.590124419877963;28.803391052450035;29.019863301155475;29.239613988840734;29.462718160964492;29.689253171044534
251,Na_JVASP-94771_NaMg6Al.json,0.1984778642654419,0.6831902265548706;0.453525185585022;0.3366103172302246;0.2046046257019043;-0.002684950828552246;-0.03214085102081299;-0.07175230979919434;0.016470670700073242,0.6831902265548706,30.366228394460435,30.36622839446043;30.366228394460432;30.366228394460432;30.366228394460432;30.36622839446043;30.366228394460435;30.366228394460435;30.366228394460432,19.06924448138397,17.110126619747117;17.364987698732197;17.627556062948035;17.898186695377337;18.17725671870018;18.465167148652593;18.76234481669604;19.06924448138397
252,Li_JVASP-125516_LiAl3.json,1.182847261428833,3.734872579574585;1.8068528175354004;0.7418022155761719;0.728140115737915;0.6110763549804688;0.4176054000854492;0.47722601890563965;0.9452025890350342,3.734872579574585,84.68665567712335,84.68665567712334;84.68665567712335;84.68665567712334;84.68665567712335;84.68665567712334;84.68665567712334;84.68665567712334;84.68665567712333,40.949681091474126,38.119834965517626;38.499914090626056;38.88764881064369;39.28327277843407;39.68702925286858;40.09917159760935;40.519963811296954;40.949681091474126
253,Na_JVASP-121461_NaAl3Cr2O14.json,5.025358200073242,5.157052993774414;5.150928497314453;5.007054805755615;4.772614002227783;4.9741716384887695;4.920315742492676;5.152719497680664;5.0680084228515625,5.157052993774414,23.12055934006479,23.12055934006479;23.12055934006479;23.120559340064787;23.120559340064787;23.120559340064787;23.120559340064787;23.120559340064787;23.120559340064787,8.135424441627668,7.7565272448956195;7.808480127047082;7.861133658406862;7.914502108887243;7.96860013855727;8.02344281106873;8.079045607640372;8.135424441627668
254,Na_JVASP-105623_NaLi2AlF6.json,3.4056649208068848,2.890566349029541;2.837953567504883;3.1508116722106934;3.335826873779297;3.6754660606384277;3.4352188110351562;3.6721861362457275;4.2472898960113525,4.2472898960113525,45.60099095341868,45.60099095341867;45.60099095341868;45.600990953418666;45.600990953418666;45.60099095341868;45.600990953418666;45.600990953418666;45.60099095341867,21.240312367675816,18.83780341958232;19.147196986840502;19.46692326804701;19.79750867063976;20.13951597737904;20.493547543547592;20.860248837405273;21.240312367675816
255,Li_JVASP-120277_LiAlN.json,2.699251174926758,1.7635283470153809;2.2273762226104736;2.0505173206329346;2.823812246322632;2.8292739391326904;2.8395907878875732;2.677415132522583;2.8892107009887695;3.0400829315185547;2.5230085849761963;3.022817850112915;2.784024715423584;2.2314958572387695;3.2500429153442383;3.7034049034118652;2.5794835090637207;3.9079933166503906;3.0980751514434814;2.3018887042999268;2.6071555614471436;2.6335370540618896;2.451608419418335;2.870121717453003;2.8144912719726562;2.2791733741760254;2.6782448291778564;2.002406358718872,3.9079933166503906,41.313553609230155,41.31355360923015;41.31355360923015;41.31355360923015;41.313553609230155;41.31355360923015;41.31355360923015;41.31355360923015;41.313553609230155;41.313553609230155;41.313553609230155;41.313553609230155;41.31355360923015;41.313553609230155;41.31355360923015;41.313553609230155;41.313553609230155;41.313553609230155;41.31355360923015;41.31355360923015;41.31355360923015;41.313553609230155;41.31355360923014;41.31355360923015;41.31355360923015;41.31355360923015;41.313553609230155;41.31355360923015,24.06691557081799,20.71068697967862;20.822370196324748;20.93526445608965;21.049389564373072;21.164765760805235;21.281413731213004;21.399354619983903;21.518610042843566;21.639202100062846;21.761153390111463;21.884487023775982;22.009226638760627;22.13539641479027;22.26302108923591;22.392125973283818;22.522736968670593;22.654880585007277;22.788583957716984;22.92387486661145;23.060781755133252;23.199333750291686;23.339560683321643;23.48149311109628;23.625162338325776;23.770600440575954;23.917840288142518;24.06691557081799
256,K_JVASP-23881_K4Al3Si3ClO12.json,5.1989336013793945,3.2411718368530273;3.2275962829589844;4.56166934967041;7.749462127685547;6.200023651123047;4.305159568786621;6.263017654418945;6.043368339538574,7.749462127685547,54.48537003037536,54.48537003037535;54.48537003037536;54.48537003037536;54.48537003037536;54.48537003037535;54.48537003037536;54.48537003037535;54.48537003037536,32.51059821385504,24.407580238521355;25.308723936977046;26.278960197708805;27.326551996234105;28.46113460389626;29.6940128131233;31.038538911716078;32.51059821385504
257,Na_JVASP-98145_Na3AlP3NO9.json,5.015186945597331,2.8759164810180664;2.889141082763672;2.951533317565918;2.9195518493652344;3.818661689758301;4.675755500793457;5.779294967651367;6.553951263427734;8.621387958526611;6.674347400665283;6.420889377593994;6.00181245803833,8.621387958526611,55.417731547134395,55.41773154713438;55.417731547134395;55.417731547134395;55.41773154713439;55.41773154713439;55.41773154713439;55.41773154713438;55.41773154713439;55.417731547134395;55.417731547134395;55.41773154713439;55.41773154713439,23.62183439715503,19.316470255867074;19.641922733359447;19.978529885797837;20.32687519134724;20.687583544365943;21.061324996525908;21.448818910916167;21.85083858331354;22.26821639308495;22.701849555916706;23.15270656203639;23.62183439715503
258,Na_JVASP-142417_Na3CaAl3Si3SO16.json,4.552065372467041,2.1545424461364746;2.213798999786377;2.1197047233581543;2.1374611854553223;2.2381296157836914;2.250213623046875;2.23946475982666;2.305112838745117;4.066147327423096;4.783114910125732;5.242861270904541;6.018584728240967;5.3834757804870605;5.842202663421631;6.974292755126953;6.937256813049316;9.075976371765137;8.067959785461426;7.639570713043213;6.186595439910889;4.489745140075684;3.88582706451416;3.7682738304138184;3.2292561531066895,9.075976371765137,15.130295230227173,15.130295230227171;15.130295230227171;15.130295230227173;15.130295230227171;15.13029523022717;15.130295230227171;15.130295230227173;15.130295230227171;15.13029523022717;15.130295230227173;15.130295230227171;15.13029523022717;15.130295230227173;15.130295230227171;15.13029523022717;15.130295230227171;15.130295230227171;15.130295230227171;15.130295230227171;15.130295230227171;15.13029523022717;15.130295230227171;15.130295230227171;15.130295230227171,6.7515710554578146,5.95796263388697;5.988567928839082;6.019489278324619;6.050731603497881;6.0822999282131995;6.114199381718078;6.146435201431497;6.179012735810581;6.211937447308931;6.245214915430017;6.278850839879267;6.312851043818544;6.347221477226966;6.381968220372084;6.417097487395731;6.4526156300189275;6.488529141370537;6.52484465994447;6.561568973690539;6.598709024244235;6.636271911300985;6.674264897140638;6.7126954113083075;6.7515710554578146
259,Na_JVASP-99664_Na3AlSiTe4.json,1.7027239799499512,1.022932529449463;0.9876065254211426;1.5572266578674316;1.8820323944091797;2.2259979248046875;2.5405478477478027,2.5405478477478027,81.97151318470924,81.97151318470922;81.97151318470922;81.97151318470922;81.97151318470924;81.97151318470924;81.97151318470922,23.22638659636681,21.122277681206103;21.51203845355531;21.91645383444337;22.336366156861587;22.7726835701564;23.22638659636681
260,K_JVASP-55711_K3AlH6.json,3.0393754641215005,0.48566293716430664;0.5028886795043945;0.5057053565979004;0.5342960357666016;0.46053218841552734;0.4522566795349121;0.4301328659057617;0.35183000564575195;1.0881426334381104;1.2154834270477295;1.1834867000579834;1.3710663318634033;2.7118630409240723;3.8837714195251465;3.9354114532470703;4.800983428955078;4.307123184204102;4.674830436706543;5.437251806259155;5.569688081741333;7.671907186508179;6.466288805007935;7.243507385253906;7.660901069641113,7.671907186508179,36.600195266154095,36.60019526615409;36.60019526615409;36.60019526615409;36.60019526615409;36.60019526615409;36.60019526615408;36.60019526615409;36.60019526615409;36.60019526615409;36.60019526615409;36.60019526615409;36.60019526615408;36.60019526615408;36.60019526615409;36.60019526615409;36.60019526615409;36.600195266154095;36.60019526615409;36.60019526615409;36.60019526615408;36.60019526615409;36.60019526615409;36.60019526615408;36.600195266154095,88.35699933910477,22.28641746112714;23.03533476502074;23.836335841309143;24.695049708382943;25.617946849629465;26.612502552793394;27.68739983367196;28.852783607088718;30.120581867870047;31.504915440152306;33.02262616171552;34.69396546293226;36.54350319486866;38.601343525338606;40.904776167161806;43.50055631914577;46.44811152651174;49.824147066394765;53.72941718369132;58.29895157321542;63.717985324829975;70.24768369208212;78.26849022275674;88.35699933910477
261,K_JVASP-57703_KAlF4.json,6.433861017227173,3.0696234703063965;2.7977547645568848;3.0222864151000977;3.0431337356567383;3.069999933242798;3.015486478805542;3.3920462131500244;3.3889243602752686;8.690836429595947;10.992847442626953;26.093361139297485;8.591766595840454;10.017558574676514;5.25984525680542;3.398414134979248;5.097891330718994,26.093361139297485,35.082146969070926,35.08214696907092;35.08214696907092;35.08214696907092;35.08214696907092;35.08214696907091;35.08214696907092;35.08214696907092;35.08214696907092;35.08214696907092;35.08214696907092;35.082146969070926;35.08214696907092;35.082146969070926;35.08214696907092;35.08214696907092;35.08214696907092,15.88988550557765,11.790327950528301;11.996669001136766;12.210360997414291;12.431803881986724;12.661427146250839;12.899692610650021;13.147097524889624;13.404178031885039;13.67151304622288;13.949728606182767;14.239502768179705;14.54157112417328;14.85673303655524;15.18585870177708;15.529897174144505;15.88988550557765
262,Li_JVASP-140421_LiAlNi3O5.json,2.792736053466797,2.5121734142303467;2.6174962520599365;2.5066370964050293;2.6216306686401367;2.574037790298462;2.575815439224243;2.546112537384033;2.521595001220703;2.8539843559265137;3.012241840362549;2.8899312019348145;3.041891574859619;3.125161647796631;3.1176137924194336;3.09975004196167;3.067704200744629,3.125161647796631,31.913351117801838,31.913351117801838;31.913351117801835;31.913351117801835;31.913351117801827;31.913351117801838;31.913351117801835;31.913351117801838;31.913351117801838;31.913351117801835;31.913351117801838;31.913351117801838;31.913351117801835;31.913351117801838;31.913351117801835;31.913351117801835;31.913351117801835,5.908771072008051,5.776186534360705;5.784840114409595;5.793519662042288;5.802225294319352;5.810957129006019;5.819715284577495;5.828499880224316;5.837311035857761;5.846148872115296;5.855013510366094;5.863905072716583;5.872823682016054;5.881769461862316;5.890742536607412;5.899743031363377;5.908771072008051
263,Na_JVASP-53100_Na3AlF6.json,6.9198424021403,2.906459331512451;2.9949936866760254;3.2813289165496826;3.4815361499786377;4.152780771255493;4.957672834396362;6.432806491851807;10.778561115264893;14.535146236419678;5.724863529205322;4.923242092132568;5.1927266120910645;5.199971914291382;5.557196855545044;5.774797439575195;5.7833757400512695;10.326884269714355;9.905791759490967;9.806903839111328;9.335788249969482;8.871564865112305;8.726708889007568;9.040622234344482;8.384493827819824,14.535146236419678,45.77672234897974,45.776722348979725;45.776722348979725;45.776722348979725;45.776722348979725;45.77672234897973;45.776722348979725;45.77672234897973;45.77672234897973;45.776722348979725;45.776722348979725;45.77672234897974;45.77672234897973;45.77672234897973;45.77672234897973;45.77672234897974;45.77672234897974;45.77672234897973;45.776722348979725;45.776722348979725;45.77672234897973;45.77672234897973;45.77672234897973;45.77672234897974;45.77672234897974,23.290134221344907,15.957725890267186;16.179190121523234;16.40688790516785;16.64108618162887;16.88206735369434;17.130130422522807;17.385592225301657;17.64878878532518;17.920076786588865;18.199835186507016;18.488466982087225;18.786401146871953;19.094094758225673;19.412035337153924;19.740743425846315;20.08077543160673;20.43272676985325;20.797235343534314;21.17498540173465;21.566711826574632;21.973204904910922;22.39531565003046;22.833961748744976;23.290134221344907
264,Zn_JVASP-106548_LiAlZn2.json,0.8947988748550415,-0.062134385108947754;-0.03316938877105713;0.23110198974609375;0.7256894111633301;0.065407395362854;0.3870154619216919;0.5349819660186768;0.4174458980560303;1.2607799768447876;1.252605676651001;1.2271450757980347;1.2479965686798096;1.2865908741950989;1.7352189421653748;1.426476240158081;2.6136302947998047,2.6136302947998047,91.75841634443063,91.75841634443061;91.75841634443063;91.75841634443061;91.75841634443063;91.75841634443061;91.75841634443063;91.75841634443061;91.75841634443061;91.75841634443061;91.75841634443061;91.75841634443063;91.75841634443061;91.75841634443061;91.75841634443063;91.75841634443061;91.75841634443061,79.57937102162285,20.33613097668292;21.398126771631127;22.577153505488226;23.89368428616765;25.373263282217923;27.048179453428013;28.959850041934814;31.16229167256211;33.727305721396405;36.75245427375131;40.37375141028731;44.786677580290046;50.28266662506126;57.31621567227118;66.6374790114759;79.57937102162285
265,Li_JVASP-18766_LiAl2Pt.json,0.6623501777648926,0.28040146827697754;0.25515151023864746;0.44647669792175293;0.821366548538208;0.7168934345245361;1.4320380687713623;1.1076266765594482;0.238847017288208,1.4320380687713623,98.56269395353308,98.56269395353308;98.56269395353307;98.56269395353308;98.56269395353308;98.56269395353307;98.56269395353308;98.56269395353307;98.56269395353308,13.405314455881134,13.08727034002226;13.131778112060312;13.176589645170674;13.221708059709607;13.26713651891829;13.312878229662102;13.358936443185254;13.405314455881134
266,K_JVASP-10461_K2NaAlP2.json,1.5273271799087524,0.5069966316223145;0.4989433288574219;0.5037471055984497;0.424979567527771;1.0402674674987793;1.1090888977050781;1.1942739486694336;1.346693515777588;2.135756492614746;2.5883703231811523;2.6338982582092285;3.058999538421631;2.2486727237701416;2.0653631687164307;1.6373918056488037;1.4437921047210693,3.058999538421631,36.859617141175576,36.85961714117557;36.859617141175576;36.859617141175576;36.85961714117557;36.85961714117557;36.85961714117557;36.859617141175576;36.859617141175576;36.859617141175576;36.859617141175576;36.85961714117557;36.859617141175576;36.859617141175576;36.859617141175576;36.85961714117557;36.85961714117557,28.681589525629942,17.621847616523365;18.086804148217904;18.576961583187575;19.094425847119737;19.641544232616113;20.220940999043794;20.835559464762422;21.48871201638729;22.18413982859233;22.926084567824326;23.71937498260679;24.569532115421715;25.482897981934762;26.466794060091875;27.529717969375735;28.681589525629942
267,Li_JVASP-121609_Li3Al2CoO6.json,4.072761297225952,2.3223893642425537;2.266402006149292;2.3560950756073;2.3791921138763428;2.75642991065979;2.776993989944458;2.7179605960845947;2.7892086505889893;3.9152543544769287;5.683516263961792;4.134376287460327;5.392557859420776;5.209406137466431;4.70719838142395;5.1676318645477295;4.572256803512573;4.927091836929321;4.737438440322876;4.713145017623901;4.875465154647827;4.867630243301392;4.484937906265259;4.988610506057739;5.005082368850708,5.683516263961792,56.91177008454163,56.91177008454163;56.91177008454162;56.91177008454162;56.91177008454163;56.91177008454163;56.91177008454163;56.91177008454163;56.91177008454163;56.91177008454162;56.91177008454163;56.91177008454162;56.91177008454163;56.91177008454163;56.91177008454163;56.91177008454163;56.91177008454163;56.91177008454162;56.91177008454163;56.91177008454162;56.91177008454163;56.91177008454162;56.91177008454162;56.91177008454163;56.91177008454162,15.971493246620403,14.584051397338179;14.639343490709448;14.695056434275209;14.751195051279518;14.807764238952846;14.86476896993619;14.922214293738188;14.980105338226194;15.038447311152137;15.097245501714237;15.15650528215545;15.216232109399742;15.276431526727192;15.337109165488991;15.398270746863538;15.459922083654646;15.522069082133186;15.584717743923278;15.647874167934381;15.711544552340532;15.775735196608109;15.840452503573507;15.905702981572158;15.971493246620403
268,Na_JVASP-137261_NaCaAlPHO5F2.json,4.36334228515625,2.3178915977478027;2.616884708404541;2.88857364654541;3.1417856216430664;2.8771328926086426;2.957855701446533;3.130420207977295;3.4180922508239746;5.637890338897705;6.314908504486084;5.952553749084473;6.2802934646606445;5.793328762054443;5.8873820304870605;5.016871452331543;5.581611633300781,6.314908504486084,21.352621112960332,21.352621112960332;21.35262111296033;21.352621112960332;21.35262111296033;21.352621112960332;21.35262111296033;21.35262111296033;21.35262111296033;21.35262111296033;21.352621112960332;21.35262111296033;21.352621112960332;21.35262111296033;21.35262111296033;21.35262111296033;21.352621112960332,7.667313402552955,6.978830818540745;7.02085979216697;7.063398059460095;7.106454934036604;7.150039958000579;7.194162908993687;7.238833807507832;7.28406292447194;7.329860789124964;7.376238197187751;7.423206219347144;7.470776210066267;7.518959816735763;7.5677689891814595;7.617215989544763;7.667313402552955
269,Na_JVASP-21387_K2NaAlF6.json,2.701829433441162,2.906543493270874;2.752119779586792;2.6242358684539795;2.6832034587860107;2.596799612045288;2.6929919719696045;2.6963272094726562;2.662414073944092,2.906543493270874,41.294044540156314,41.294044540156314;41.294044540156314;41.29404454015631;41.29404454015631;41.29404454015631;41.29404454015631;41.29404454015631;41.294044540156314,15.08805073443878,13.834689108304394;14.000838696907046;14.171027588429084;14.345404896143428;14.524127164235557;14.707358836533404;14.895272761170641;15.08805073443878
270,Na_JVASP-109889_Na2AlHgF6.json,2.738325595855713,1.2730381488800049;1.4226806163787842;1.8583593368530273;2.447312355041504;1.9867205619812012;2.4735751152038574;2.7047808170318604;2.4991977214813232;2.6579079627990723;2.77384090423584;3.113781213760376;3.0066072940826416;3.5565426349639893;3.7662394046783447;4.1715075969696045;4.101117849349976,4.1715075969696045,35.445814390293855,35.44581439029385;35.44581439029385;35.44581439029385;35.44581439029385;35.44581439029385;35.44581439029385;35.44581439029385;35.44581439029385;35.44581439029385;35.445814390293855;35.44581439029385;35.44581439029385;35.44581439029385;35.44581439029385;35.44581439029385;35.44581439029385,9.726591566397952,8.644713409030118;8.709295101200066;8.774848991723415;8.841397199975162;8.90896252146901;8.977568453891305;9.047239224347255;9.117999817885691;9.18987600737302;9.262894384791316;9.337082394040497;9.412468365329469;9.489081551246905;9.566952164608018;9.646111418180318;9.726591566397952
271,Li_JVASP-53921_Na2LiAlH6.json,1.083484411239624,0.766427755355835;1.0584099292755127;1.1190717220306396;1.1677734851837158;1.1210744380950928;1.0806844234466553;1.0682973861694336;1.2861361503601074,1.2861361503601074,56.66356903700981,56.66356903700979;56.66356903700979;56.663569037009786;56.66356903700979;56.66356903700979;56.66356903700979;56.66356903700979;56.66356903700981,41.94214556580652,38.978431585787995;39.37591430919144;39.78158721557704;40.19570607975256;40.61853743883047;41.05035916430636;41.49146107102038;41.94214556580652
272,K_JVASP-107112_K2AlInI6.json,2.9248620867729187,2.236179828643799;3.6135443449020386,3.6135443449020386,104.53758581984489,104.53758581984489;104.53758581984488,28.44187628596044,27.30879803274974;28.44187628596044
273,Na_JVASP-58331_Na2LiAlF6.json,6.0447142124176025,2.8127553462982178;2.9997966289520264;3.162626266479492;3.558563709259033;5.841014623641968;12.154776811599731;12.873754024505615;6.503660678863525;4.370993614196777;4.895484924316406;5.063425540924072;5.431606769561768;6.1665120124816895;6.662072658538818;7.065889835357666;7.152493953704834,12.873754024505615,52.376851049133805,52.3768510491338;52.3768510491338;52.3768510491338;52.3768510491338;52.376851049133805;52.376851049133805;52.3768510491338;52.3768510491338;52.3768510491338;52.3768510491338;52.3768510491338;52.3768510491338;52.376851049133805;52.376851049133805;52.376851049133805;52.37685104913379,22.21804467905027,17.278570512180128;17.538512466280796;17.80639510952349;18.082587943105043;18.367483754566834;18.66150048157072;18.965083257592898;19.27870666059419;19.602877188558022;19.9381359890562;20.285061873783235;20.64427465338329;21.016438832988253;21.40226771482145;21.802527961157107;22.21804467905027
274,Na_JVASP-155688_NaAl2Ga2.json,0.8869699239730835,1.2790145874023438;0.6617676019668579;0.9839261770248413;0.9894170761108398;0.5321119427680969;0.6230434775352478;1.2313159108161926;0.7951626181602478,1.2790145874023438,52.6348080638531,52.634808063853086;52.63480806385309;52.63480806385309;52.6348080638531;52.6348080638531;52.63480806385309;52.63480806385309;52.634808063853086,17.06815471417089,15.48152970606763;15.68988738500036;15.903929923933761;16.123893200497807;16.350026324795483;16.58259258051035;16.821870447492188;17.06815471417089
275,K_JVASP-85716_KAlH4.json,1.6652934551239014,0.8694868087768555;0.9397768974304199;1.033820629119873;1.0868473052978516;1.1812653541564941;1.1635656356811523;1.1478602886199951;1.1755139827728271;2.1488423347473145;1.9469223022460938;2.0221614837646484;1.9725184440612793;2.2274019718170166;2.1778066158294678;2.7164418697357178;2.834463357925415,2.834463357925415,31.017333449677725,31.017333449677725;31.01733344967772;31.017333449677718;31.017333449677718;31.017333449677718;31.01733344967772;31.017333449677718;31.017333449677718;31.017333449677718;31.017333449677718;31.017333449677718;31.01733344967772;31.01733344967772;31.017333449677718;31.01733344967772;31.01733344967772,50.067115145967435,23.891804188151035;24.754591575622953;25.682028017149026;26.681662616468575;27.762267429271144;28.934095563422947;30.209207525325702;31.601887836001637;33.12918245556336;34.81159996161967;36.67403780803401;38.74702272205684;41.068396982318895;43.6856494868274;46.65919883323143;50.067115145967435
276,Ca_JVASP-62215_Ca4Al6SO12.json,9.224144577980042,2.635079860687256;3.9236292839050293;4.128942489624023;4.516901969909668;4.636896133422852;5.664466857910156;6.750117778778076;8.139976978302002;18.979877948760986;15.470973491668701;13.151920318603516;9.849615097045898;9.266291618347168;7.632195472717285;7.469858646392822;7.624873638153076;8.996193408966064;8.954765796661377;8.73465871810913;8.933988094329834;8.669992446899414;8.890641212463379;9.060877799987793;9.61793327331543;9.931856155395508;11.320682525634766;10.046570301055908;10.911523342132568;10.925957202911377;11.342393398284912;14.828056335449219;14.164918899536133,18.979877948760986,14.87542801116397,14.875428011163965;14.875428011163969;14.875428011163967;14.875428011163967;14.875428011163969;14.875428011163967;14.875428011163967;14.875428011163967;14.875428011163967;14.875428011163967;14.875428011163969;14.875428011163967;14.875428011163965;14.875428011163967;14.875428011163967;14.875428011163967;14.875428011163967;14.875428011163969;14.875428011163967;14.875428011163967;14.875428011163967;14.875428011163967;14.875428011163967;14.875428011163967;14.875428011163969;14.875428011163967;14.875428011163967;14.875428011163965;14.87542801116397;14.875428011163967;14.875428011163969;14.875428011163969,8.569195695821353,6.132960695086635;6.189726774759545;6.247553514271511;6.306470921205763;6.366510145865166;6.427703536189968;6.4900846958734295;6.553688545894719;6.618551389705786;6.684710982327941;6.752206603634421;6.821079136117886;6.891371147466296;6.963126978297705;7.036392835433896;7.111216891125181;7.187649388674108;7.265742754944727;7.345551720286864;7.427133446451875;7.510547663128121;7.5958568137815545;7.683126211549739;7.772424206007251;7.863822361697323;7.957395649409817;8.053222651279977;8.151385780887267;8.251971519649912;8.355070670940375;8.460778633491177;8.569195695821353
277,Na_JVASP-133438_NaCaAlSi2O7.json,5.482141017913818,3.1562252044677734;3.74153995513916;3.617936134338379;4.448453903198242;3.8094849586486816;4.8121867179870605;4.795238018035889;6.075047016143799;6.34993314743042;7.288406848907471;7.6100873947143555;7.478640556335449;6.3300957679748535;6.718344211578369;6.4311652183532715;5.05147123336792,7.6100873947143555,18.566639957970935,18.566639957970935;18.56663995797093;18.56663995797093;18.56663995797093;18.56663995797093;18.56663995797093;18.56663995797093;18.566639957970928;18.56663995797093;18.566639957970928;18.56663995797093;18.566639957970928;18.56663995797093;18.566639957970928;18.56663995797093;18.566639957970928,7.077959694930903,6.487173084677991;6.523473383004361;6.5601822188115415;6.597306527884791;6.634853403902327;6.672830102954089;6.711244048216565;6.750102834790032;6.7894142347048305;6.829186202103587;6.869426878606656;6.9101445988683805;6.951347896332142;6.993045509192524;7.035246386573374;7.077959694930903
278,Li_JVASP-41791_LiPm2Al.json,0.720024824142456,0.050057172775268555;-0.12550854682922363;1.0119407176971436;3.081573247909546;-0.12260150909423828;0.37504100799560547;0.6569921970367432;0.8327043056488037,3.081573247909546,54.45506164082662,54.45506164082661;54.455061640826614;54.455061640826614;54.45506164082661;54.45506164082661;54.455061640826614;54.45506164082662;54.45506164082661,10.54017299336033,10.342550365956193;10.370327238814326;10.398253713535514;10.42633100198132;10.454560329137779;10.482942933293568;10.51148006622105;10.54017299336033
279,Li_JVASP-58326_LiAlSi2O6.json,3.8347532749176025,2.948740243911743;2.9796764850616455;2.9503495693206787;2.966583013534546;3.119401693344116;3.215829610824585;3.237351655960083;3.2473528385162354;3.825181722640991;4.3607118129730225;4.164682149887085;4.2287232875823975;4.986116170883179;4.916023015975952;5.088467359542847;5.120861768722534,5.120861768722534,27.872431250444283,27.872431250444283;27.872431250444283;27.87243125044428;27.87243125044428;27.872431250444283;27.872431250444283;27.872431250444283;27.87243125044428;27.872431250444283;27.87243125044428;27.87243125044428;27.87243125044428;27.872431250444283;27.872431250444283;27.872431250444283;27.87243125044428,9.32769196823739,9.00152150982248;9.022554872049787;9.043686759506302;9.06491786609034;9.086248892231561;9.107680544968025;9.129213538024292;9.15084859189067;9.172586433903561;9.194427798326975;9.216373426435203;9.238424066596686;9.260580474359076;9.282843412535533;9.305213651292277;9.32769196823739
280,Li_JVASP-122326_Li2AlCoO4.json,4.559188604354858,4.120477914810181;4.426687479019165;4.132385492324829;4.50006890296936;4.000805139541626;4.1253416538238525;3.993696451187134;3.974151849746704;4.521507978439331;4.384931325912476;4.409870862960815;4.132312536239624;3.488682985305786;3.3529551029205322;3.4050180912017822;3.1883060932159424;3.8180620670318604;3.8286478519439697;4.5021631717681885;4.256494760513306;4.7931506633758545;4.396146535873413;5.569888353347778;4.794036149978638;5.183622121810913;5.096285581588745;5.898902654647827;5.533936262130737;6.281926393508911;5.199258089065552;7.150774717330933;5.433540105819702,7.150774717330933,33.10902537722353,33.109025377223524;33.109025377223524;33.109025377223524;33.109025377223524;33.10902537722353;33.109025377223524;33.10902537722353;33.109025377223524;33.10902537722353;33.109025377223524;33.109025377223524;33.10902537722353;33.10902537722353;33.109025377223524;33.10902537722353;33.10902537722353;33.10902537722353;33.109025377223524;33.109025377223524;33.109025377223524;33.109025377223524;33.10902537722353;33.109025377223524;33.109025377223524;33.10902537722353;33.109025377223524;33.109025377223524;33.109025377223524;33.109025377223524;33.10902537722353;33.109025377223524;33.109025377223524,11.14157315316408,10.226804238296584;10.253962057601715;10.281264499008262;10.308712720823026;10.336307893755388;10.364051201083766;10.391943838824748;10.419987015904958;10.44818195433573;10.476529889390603;10.505032069785738;10.53368975786326;10.562504229777637;10.591476775685107;10.620608699936247;10.649901321271697;10.679355973021183;10.708974003305809;10.738756775243731;10.768705667159299;10.798822072795671;10.829107401531044;10.859563078598486;10.890190545309546;10.920991259281601;10.951966694669117;10.983118342398834;11.014447710408968;11.045956323892552;11.07764572554493;11.109517475815545;11.14157315316408
281,Li_JVASP-78740_LiAlGe.json,0.618783712387085,0.833331823348999;0.5223698616027832;0.32431280612945557;0.4370461702346802;0.7015728950500488;0.7728071212768555;0.6034867763519287;0.7553422451019287,0.833331823348999,108.35523724027549,108.35523724027547;108.35523724027546;108.35523724027547;108.35523724027546;108.35523724027547;108.35523724027549;108.35523724027546;108.35523724027546,33.33877057106771,31.43867642562795;31.696749219338862;31.959094000060674;32.22581772704859;32.49703096024419;32.77284801307864;33.053387113124145;33.33877057106771
282,K_JVASP-23095_KAlTe2.json,2.1343941688537598,1.7640784978866577;1.7105821371078491;1.7748606204986572;2.3255186080932617;2.1732640266418457;2.241124391555786;2.5077691078186035;2.577955961227417,2.577955961227417,38.95645639150216,38.95645639150215;38.95645639150216;38.95645639150216;38.95645639150215;38.95645639150216;38.95645639150215;38.95645639150216;38.95645639150215,11.670320374570581,10.427623422426883;10.588697990807056;10.754826841195273;10.92625165931649;11.103229789728749;11.28603552487355;11.474961523596912;11.670320374570581
283,Li_JVASP-142071_Li2AlVO4.json,3.2625482082366943,2.2788283824920654;2.3211114406585693;2.204190492630005;2.2610771656036377;2.2686870098114014;2.54612135887146;2.2720634937286377;2.5535690784454346;2.3861124515533447;2.630101442337036;2.3777830600738525;2.5753166675567627;2.4082047939300537;2.578918218612671;2.4107167720794678;2.5534074306488037;2.9834320545196533;3.04884934425354;3.123605966567993;3.1612865924835205;3.156944990158081;3.279599905014038;3.405034303665161;3.4129841327667236;5.267127752304077;5.59895396232605;5.290632963180542;5.148181676864624;5.20473313331604;4.957492113113403;4.5296971797943115;4.206777334213257,5.59895396232605,32.3742629570274,32.37426295702738;32.37426295702739;32.37426295702739;32.3742629570274;32.3742629570274;32.37426295702739;32.3742629570274;32.3742629570274;32.37426295702739;32.37426295702739;32.3742629570274;32.37426295702739;32.3742629570274;32.3742629570274;32.37426295702739;32.37426295702739;32.3742629570274;32.37426295702739;32.37426295702739;32.37426295702739;32.3742629570274;32.3742629570274;32.3742629570274;32.37426295702739;32.37426295702739;32.37426295702739;32.3742629570274;32.37426295702739;32.37426295702739;32.3742629570274;32.37426295702739;32.37426295702739,11.767054504623385,10.751374945388404;10.781394357651289;10.811581876476787;10.84193891790686;10.87246691393226;10.903167312717681;10.934041578830767;10.965091193475013;10.996317654726631;11.02772247777551;11.059307195170264;11.091073357067561;11.123022531485717;11.155156304562706;11.187476280818657;11.219984083422915;11.252681354465787;11.285569755235027;11.318650966497232;11.351926688784136;11.385398642684038;11.419068569138343;11.452938229743413;11.487009407057805;11.521283904914988;11.555763548741703;11.590450185882032;11.625345685927337;11.66045194105217;11.695770866356295;11.731304400212935;11.767054504623385
284,Li_JVASP-61021_Li3AlB2O6.json,4.927213430404663,2.559671640396118;2.5562946796417236;2.481327772140503;2.4937121868133545;2.5763747692108154;2.5771291255950928;2.723193883895874;2.745589017868042;2.6814281940460205;2.7906134128570557;3.38093638420105;3.5454890727996826;4.964069604873657;5.067976236343384;6.191192388534546;6.140469312667847;7.590061902999878;7.3469531536102295;8.622648000717163;8.240245580673218;7.527811288833618;6.638953447341919;5.7158215045928955;5.380426645278931;4.637933015823364;4.680805444717407;4.0998804569244385;4.307641267776489;4.260157346725464;4.385838270187378;4.056900262832642;4.1989662647247314;5.505894899368286;5.596421480178833;5.553749322891235;5.603714227676392;5.510180234909058;5.535011053085327;5.759511232376099;5.718055009841919;5.235570192337036;5.412945985794067;5.4428441524505615;5.584383726119995;5.474377870559692;5.694147348403931;5.8242199420928955;5.88870644569397,8.622648000717163,24.173289704252625,24.17328970425262;24.173289704252618;24.173289704252625;24.17328970425262;24.17328970425262;24.17328970425262;24.17328970425262;24.17328970425262;24.173289704252618;24.173289704252618;24.173289704252618;24.17328970425262;24.17328970425262;24.173289704252625;24.17328970425262;24.17328970425262;24.173289704252618;24.173289704252618;24.173289704252618;24.173289704252625;24.17328970425262;24.173289704252618;24.173289704252625;24.173289704252625;24.173289704252618;24.173289704252618;24.173289704252618;24.173289704252618;24.17328970425262;24.17328970425262;24.17328970425262;24.173289704252625;24.17328970425262;24.173289704252618;24.173289704252618;24.173289704252618;24.173289704252625;24.17328970425262;24.17328970425262;24.17328970425262;24.17328970425262;24.173289704252618;24.17328970425262;24.173289704252618;24.17328970425262;24.17328970425262;24.17328970425262;24.17328970425262,11.54967428177788,10.126120350938104;10.15274536368033;10.179510757952484;10.206417646940743;10.233467155632157;10.260660420971435;10.28799859202023;10.315482830119013;10.343114309051499;10.370894215211779;10.3988237477741;10.426904118865428;10.455136553740804;10.48352229096156;10.512062582576437;10.540758694305692;10.569611905728193;10.598623510471628;10.627794816405839;10.657127145839366;10.686621835719242;10.716280237834127;10.74610371902083;10.776093661374286;10.80625146246107;10.836578535536484;10.86707630976534;10.897746230446447;10.928589759240948;10.959608374404514;10.990803571023516;11.022176861255241;11.053729774572243;11.085463858010893;11.117380676424204;11.14948181273909;11.181768868218029;11.214243462725339;11.246907234998082;11.279761842921712;11.312808963810582;11.3460502946934;11.379487552603711;11.41312247487555;11.446956819444345;11.480992365153192;11.515230912064608;11.54967428177788
285,Na_JVASP-118647_NaAlP.json,0.5795698165893555,-0.12454676628112793;-0.22896456718444824;0.03850841522216797;0.11638879776000977;0.7895221710205078;0.8418779373168945;0.5780973434448242;0.3787651062011719;0.9959466457366943;0.7332966327667236;0.6399626731872559;0.48116064071655273;1.1612024307250977;1.1444520950317383;0.8456242084503174;0.8818233013153076,1.1612024307250977,43.87130444809199,43.87130444809199;43.871304448091976;43.87130444809198;43.87130444809198;43.87130444809198;43.87130444809198;43.87130444809198;43.87130444809198;43.87130444809199;43.87130444809199;43.87130444809198;43.87130444809199;43.87130444809199;43.87130444809198;43.87130444809198;43.87130444809198,28.203933848992904,20.694189127920293;21.06817144817075;21.45591964956442;21.858208043476395;22.27587012280264;22.70980432624352;23.160980489702148;23.630447082290956;24.119339340576314;24.628888433895366;25.160431816514166;25.7154249498839;26.29545461131997;26.902254045364327;27.537720262517077;28.203933848992904
286,Na_JVASP-22917_Na2Al2As3.json,1.3413585424423218,0.6756095886230469;0.6510887145996094;0.6796212196350098;0.6591658592224121;0.7153849601745605;0.6949601173400879;0.9205338954925537;0.9076769351959229;1.0109829902648926;0.9468770027160645;1.000589370727539;1.2117853164672852;0.9270708560943604;0.8542683124542236;1.2072207927703857;1.1493375301361084;0.8363759517669678;0.9332907199859619;2.0462098121643066;2.0683741569519043;1.69181489944458;1.598855972290039;1.5487942695617676;1.7288808822631836;2.2723195552825928;2.1435396671295166;2.0108885765075684;2.2489237785339355;1.7456269264221191;1.7091727256774902;2.2181639671325684;1.9100680351257324,2.2723195552825928,17.25591130457326,17.255911304573257;17.255911304573257;17.255911304573257;17.25591130457326;17.255911304573257;17.25591130457326;17.25591130457326;17.25591130457326;17.255911304573257;17.25591130457326;17.25591130457326;17.25591130457326;17.255911304573257;17.255911304573257;17.25591130457326;17.255911304573257;17.255911304573257;17.25591130457326;17.25591130457326;17.255911304573257;17.25591130457326;17.25591130457326;17.25591130457326;17.25591130457326;17.25591130457326;17.25591130457326;17.25591130457326;17.255911304573257;17.25591130457326;17.255911304573257;17.255911304573257;17.25591130457326,5.978955804155534,5.158775265876743;5.181704792559092;5.20483906183714;5.228180828293955;5.251732896148326;5.27549812037782;5.299479407872476;5.3236797186201095;5.3481020669242385;5.372749522655696;5.397625212538997;5.4227323214746255;5.448074093898378;5.473653835179023;5.499474913055499;5.525540759114994;5.551854870313266;5.578420810538596;5.605242212220867;5.632322777987295;5.659666282366376;5.687276573541706;5.715157575157408;5.743313288176903;5.771747792796914;5.800465250418592;5.829469905677795;5.8587660885365835;5.888358216438095;5.918250796527052;5.948448427938264;5.978955804155534
287,Li_JVASP-111275_Yb2LiAl.json,0.4926215410232544,-0.08701980113983154;-0.13864362239837646;1.2297649383544922;2.9501614570617676;-0.11140173673629761;0.1298341155052185;-0.021337389945983887;-0.010385632514953613,2.9501614570617676,52.60663976480864,52.60663976480864;52.606639764808634;52.606639764808634;52.606639764808634;52.60663976480864;52.606639764808634;52.606639764808634;52.60663976480864,8.959411290323034,8.816217866547928;8.836393193989636;8.856661073015893;8.8770221419426;8.897477044969019;8.918026432245721;8.938670959943462;8.959411290323034
288,Na_JVASP-52936_NaAlH2CO5.json,3.229004383087158,2.916243076324463;2.9743828773498535;2.8982529640197754;2.9555611610412598;3.181302070617676;3.167387008666992;3.1537723541259766;3.168309211730957;2.977572441101074;2.936415672302246;3.131417751312256;3.091709613800049;3.5243635177612305;3.5919437408447266;3.941234588623047;4.054202079772949,4.054202079772949,28.225320407766983,28.225320407766983;28.22532040776698;28.225320407766983;28.22532040776698;28.225320407766976;28.22532040776698;28.225320407766976;28.225320407766976;28.22532040776698;28.225320407766983;28.22532040776698;28.22532040776698;28.22532040776698;28.22532040776698;28.22532040776698;28.22532040776698,13.680704904376933,11.633000377523155;11.750250875346143;11.86988900391543;11.991988444217679;12.116625940422505;12.243881460738745;12.373838368514622;12.506583604351295;12.64220788006559;12.780805885411418;12.922476508549757;13.067323071345978;13.215453580671088;13.366980996991364;13.522023521650105;13.680704904376933
289,Ca_JVASP-61405_CaAl2Cl8.json,9.338595390319824,6.161729574203491;6.310102701187134;12.180684685707092;12.70186460018158,12.70186460018158,35.80702350502853,35.807023505028525;35.807023505028525;35.80702350502853;35.80702350502853,19.275729459004545,17.74156718422091;18.225080772922666;18.735687265139333;19.275729459004545
290,Ca_JVASP-98206_Ca2MnAlO5.json,8.91585922241211,4.337227821350098;4.732414245605469;5.431542873382568;5.957286357879639;7.872140407562256;10.332059383392334;9.881937503814697;8.29816484451294;11.779029369354248;10.540934085845947;9.732534408569336;9.679924011230469;10.697029113769531;11.072327613830566;10.465232372283936;11.843963146209717,11.843963146209717,51.34889166853003,51.34889166853002;51.34889166853002;51.348891668530015;51.348891668530015;51.348891668530015;51.34889166853002;51.348891668530015;51.348891668530015;51.34889166853001;51.348891668530015;51.34889166853003;51.34889166853002;51.34889166853002;51.34889166853001;51.348891668530015;51.348891668530015,20.069842174613534,13.83958943353422;14.13205570550005;14.43714997519166;14.755708159399967;15.088641618172256;15.436945862423881;15.801710496079934;16.184130601886533;16.58551982152698;17.007325431671653;17.4511457805605;17.918750527872664;18.412104228160043;18.933393920493465;19.48506154143253;20.069842174613534
291,Li_JVASP-46500_LiAl2FeO6.json,4.142644643783569,4.206806421279907;4.48300576210022;4.114367723464966;4.295144319534302;4.09344220161438;4.083634614944458;3.9496419429779053;3.915114164352417,4.48300576210022,55.32375531339452,55.323755313394514;55.32375531339452;55.32375531339451;55.323755313394514;55.323755313394514;55.32375531339451;55.32375531339451;55.323755313394514,16.210147061342898,15.747386098316026;15.81187054405533;15.87688527989457;15.94243687412989;16.00853200398241;16.07517745786556;16.14238013770931;16.210147061342898
292,Na_JVASP-60893_K2NaAlP2.json,0.4374384880065918,0.4444005489349365;0.43047642707824707,0.4444005489349365,147.42462216955028,147.42462216955025;147.42462216955028,75.02351150313022,70.48739046609346;75.02351150313022
293,Na_JVASP-141969_NaAlBr4.json,4.210265874862671,2.364816665649414;2.583444595336914;2.537623882293701;2.58266019821167;3.248192071914673;3.957185745239258;3.580794095993042;4.337985038757324;4.690525770187378;4.770697593688965;4.819817781448364;5.059477806091309;5.826869010925293;6.589975357055664;5.300861358642578;5.1133270263671875,6.589975357055664,14.845611482801033,14.845611482801031;14.845611482801033;14.84561148280103;14.84561148280103;14.845611482801031;14.845611482801031;14.845611482801031;14.84561148280103;14.845611482801033;14.84561148280103;14.84561148280103;14.845611482801031;14.845611482801031;14.845611482801027;14.84561148280103;14.84561148280103,4.8130086825213585,4.532332548641861;4.550021865665256;4.567849803581023;4.585817998235753;4.603928111316897;4.622181830865029;4.64058087179836;4.659126976449816;4.677821915117057;4.696667486625777;4.715665518906691;4.734817869586572;4.754126426593754;4.773593108778511;4.793219866548731;4.8130086825213585
294,K_JVASP-125513_KAl3.json,1.1831400394439697,1.6590242385864258;0.4936504364013672;0.5194448232650757;1.005341649055481;0.8992159366607666;1.424189805984497;1.2354426383972168;2.2288107872009277,2.2288107872009277,58.78696882898705,58.78696882898703;58.78696882898703;58.786968828987035;58.78696882898704;58.78696882898703;58.786968828987035;58.78696882898705;58.78696882898703,39.03193383035336,27.908228884747636;29.092674145384244;30.38211281527588;31.791152823283543;33.33724379287703;35.04140336208669;36.929178276344246;39.03193383035336
295,Li_JVASP-153815_LiAlS2.json,3.1082849502563477,2.0349843502044678;2.03277850151062;1.9242994785308838;1.9280922412872314;1.923147439956665;1.883052110671997;1.8282415866851807;1.815004587173462;2.1409919261932373;2.087999105453491;2.124492645263672;2.0912060737609863;2.2102770805358887;2.0499935150146484;2.2836203575134277;2.2024269104003906;2.48350191116333;2.678102493286133;2.593417167663574;2.758735179901123;2.9022486209869385;3.1399190425872803;3.2343716621398926;3.533400058746338;4.8409528732299805;5.229606628417969;4.69386100769043;5.3013153076171875;5.551404237747192;5.706592798233032;5.82012152671814;6.436959981918335,6.436959981918335,17.15980093901317,17.159800939013166;17.15980093901317;17.15980093901317;17.15980093901317;17.159800939013166;17.15980093901317;17.15980093901317;17.159800939013166;17.15980093901317;17.159800939013166;17.159800939013166;17.159800939013166;17.159800939013166;17.159800939013166;17.15980093901317;17.15980093901317;17.159800939013166;17.159800939013166;17.159800939013166;17.159800939013166;17.159800939013166;17.159800939013166;17.15980093901317;17.159800939013166;17.159800939013166;17.159800939013166;17.159800939013166;17.15980093901317;17.159800939013166;17.159800939013166;17.159800939013166;17.159800939013166,9.170705730403359,8.541811405326758;8.560749007462436;8.57977076730898;8.598877247104355;8.618069014105933;8.637346640646651;8.656710704191894;8.676161787397165;8.695700478166515;8.715327369711783;8.735043060612632;8.754848154877397;8.774743262004773;8.794728997046331;8.814805980669917;8.83497483922388;8.855236204802232;8.875590715310667;8.896039014533512;8.916581752201603;8.937219584061102;8.957953171943275;8.978783183835231;8.999710293951672;9.020735182807629;9.041858537292228;9.063081050743502;9.084403423024243;9.105826360598938;9.127350576611793;9.148976790965873;9.170705730403359
296,Na_JVASP-58373_NaAlF4.json,6.326929092407227,2.2540628910064697;2.2809059619903564;2.8300116062164307;2.579015016555786;3.7675349712371826;3.199322462081909;6.364567279815674;7.854715347290039;11.914036273956299;5.201946258544922;10.1620934009552;6.731413125991821;12.910709142684937;7.377238035202026;8.136682748794556;6.088621377944946;8.677194118499756;5.554653644561768,12.910709142684937,31.19495141602942,31.19495141602942;31.194951416029415;31.19495141602941;31.194951416029415;31.19495141602941;31.194951416029415;31.194951416029408;31.19495141602941;31.19495141602941;31.194951416029415;31.194951416029415;31.194951416029415;31.194951416029415;31.194951416029415;31.194951416029415;31.19495141602941;31.194951416029415;31.194951416029415,14.282373801792295,11.820522560490968;11.941603318372087;12.065190272732739;12.191362049252653;12.320200597282348;12.451791367341983;12.586223500118184;12.723590027837094;12.86398808896978;13.007519157311126;13.154289286567627;13.304409371692945;13.457995428324622;13.615168891801718;13.776056937383089;13.940792823440937;14.109516259576099;14.282373801792295
297,Na_JVASP-12877_Na3AlSe3.json,2.6192485888799033,1.0905040502548218;1.1143625974655151;1.1923564672470093;1.2014726400375366;1.6654514074325562;1.6783808469772339;1.6457513570785522;1.6751121282577515;1.330916166305542;1.3297579288482666;1.3991289138793945;1.3988494873046875;1.915398120880127;1.9301047325134277;1.9304039478302002;1.969404935836792;2.0998377799987793;2.175990104675293;2.3546385765075684;2.643932342529297;2.8681321144104004;2.9971556663513184;3.1519641876220703;3.3724613189697266;5.1915693283081055;4.954787254333496;4.807510852813721;4.428186893463135;4.362196683883667;3.9289419651031494;3.390594720840454;3.0164926052093506;3.618703603744507;3.7920830249786377;3.3288142681121826;3.7070810794830322;3.583029866218567;3.7894917726516724;3.230109691619873;3.583202600479126;2.4863576889038086;1.8642387390136719;2.274897575378418;1.7702245712280273;2.1050920486450195;2.016848564147949;2.361142873764038;2.000866174697876,5.1915693283081055,15.695243055576801,15.695243055576801;15.6952430555768;15.695243055576798;15.695243055576801;15.6952430555768;15.6952430555768;15.6952430555768;15.695243055576801;15.6952430555768;15.695243055576798;15.695243055576798;15.695243055576801;15.695243055576798;15.6952430555768;15.6952430555768;15.695243055576798;15.6952430555768;15.6952430555768;15.6952430555768;15.695243055576798;15.695243055576801;15.695243055576801;15.695243055576796;15.695243055576798;15.6952430555768;15.6952430555768;15.695243055576798;15.695243055576798;15.6952430555768;15.695243055576801;15.6952430555768;15.6952430555768;15.695243055576801;15.695243055576798;15.695243055576798;15.6952430555768;15.6952430555768;15.695243055576798;15.695243055576798;15.6952430555768;15.695243055576798;15.6952430555768;15.6952430555768;15.695243055576801;15.695243055576798;15.695243055576798;15.695243055576801;15.6952430555768,6.313994318273008,5.0328646007016555;5.0546861335531315;5.076697718371649;5.09890184886803;5.121301062572066;5.143897941799246;5.166695114643174;5.1896952559945095;5.21290108858723;5.236315384073101;5.259940964125235;5.283780701571646;5.307837521559782;5.332114402753021;5.356614378560134;5.381340538398815;5.4062960289943645;5.431484055714671;5.456907883942696;5.482570840487673;5.508476315036323;5.534627761645411;5.561028700277013;5.587682718377933;5.614593472504773;5.641764689996171;5.669200170693846;5.696903788714092;5.724879494271485;5.753131315556559;5.781663360669395;5.810479819610992;5.839584966334526;5.86898316085853;5.898678851444267;5.928676576839509;5.958980968591147;5.989596753429087;6.020528755724013;6.051781900021696;6.083361213656663;6.11527182944811;6.147518988481122;6.1801080429763555;6.21304445925148;6.2463338207778305;6.279981831335834;6.313994318273008
298,Li_JVASP-57444_LiAlSiO4.json,4.863576173782349,2.2576282024383545;2.4921939373016357;5.168837308883667;11.669033765792847;4.657224416732788;6.6070287227630615;3.6969492435455322;3.1460373401641846;3.5894553661346436;4.082202672958374;4.902776002883911;6.093547105789185,11.669033765792847,40.53604453758099,40.53604453758099;40.536044537580985;40.53604453758099;40.536044537580985;40.53604453758099;40.536044537580985;40.536044537580985;40.53604453758099;40.53604453758099;40.53604453758099;40.53604453758099;40.53604453758099,18.667667547560935,17.725054250807094;17.80679461496574;17.889292375062098;17.972558106996956;18.05660258449405;18.141436783747135;18.227071888198708;18.31351929345472;18.400790612339783;18.488897680097633;18.577852559741707;18.667667547560935
299,K_JVASP-105081_KRb2AlCl6.json,2.4071969985961914,2.629272222518921;2.5192277431488037;2.438961982727051;2.349954128265381;2.2888823747634888;2.275847315788269;2.3850960731506348;2.3703341484069824,2.629272222518921,19.437601403080617,19.437601403080617;19.437601403080617;19.437601403080613;19.437601403080617;19.437601403080617;19.437601403080613;19.437601403080617;19.437601403080617,8.062585698642003,7.449268572441188;7.531109714796155;7.6147691234715;7.700308073834862;7.7877906258310725;7.877283783976554;7.968857668513415;8.062585698642003
300,Na_JVASP-113643_NaAlH2.json,0.8688323497772217,0.20064425468444824;0.10413241386413574;0.4049794673919678;0.3953855037689209;0.7453198432922363;0.6745028495788574;0.49634766578674316;0.510028600692749;1.079432487487793;1.1048378944396973;1.4315977096557617;1.4202189445495605;0.5545763969421387;0.37718868255615234;0.9833908081054688;1.2725787162780762;1.558574914932251;2.3252451419830322,2.3252451419830322,50.9922781638253,50.99227816382529;50.99227816382529;50.9922781638253;50.99227816382529;50.99227816382528;50.99227816382529;50.99227816382529;50.99227816382529;50.9922781638253;50.99227816382528;50.99227816382529;50.99227816382529;50.9922781638253;50.99227816382529;50.9922781638253;50.99227816382529;50.99227816382529;50.99227816382528,49.18214640027312,28.641118080195625;29.362489030559235;30.12113653974042;30.920026618630757;31.762448516203644;32.65205998622367;33.59294038021121;34.58965319211403;35.64732007775618;36.7717088826285;37.96933887171715;39.24760721521304;40.614941913789906;42.08098784403023;43.656834605971014;45.35529755690798;47.19126710221057;49.18214640027312
301,K_JVASP-106907_K2AlInCl6.json,3.1322433948516846,2.2393484115600586;2.2966177463531494;2.4381396770477295;2.4360551834106445;2.3419008255004883;2.599254846572876;2.5313315391540527;2.288151979446411;2.8839304447174072;3.323618173599243;3.809902310371399;3.9565309286117554;4.01797080039978;4.284674406051636;4.444063305854797;4.224403738975525,4.444063305854797,19.039550591369803,19.0395505913698;19.0395505913698;19.0395505913698;19.0395505913698;19.039550591369796;19.039550591369803;19.039550591369803;19.039550591369796;19.0395505913698;19.0395505913698;19.0395505913698;19.0395505913698;19.039550591369796;19.039550591369796;19.0395505913698;19.039550591369796,9.32148075609519,7.742259545708518;7.830703382747284;7.921191249223884;8.013794833011527;8.10858921393827;8.205653066803968;8.305068879155161;8.406923185084867;8.511306816450064;8.618315173039752;8.728048513382625;8.840612268057658;8.956117377565622;9.07468065703758;9.196425190300603;9.32148075609519
302,Li_JVASP-91684_LiAl.json,1.4689534902572632,0.7189596891403198;0.7697986364364624;1.0496972799301147;0.9446481466293335;1.6824803352355957;0.7725756168365479;1.3648535013198853;1.1974064111709595;0.18306803703308105;2.2339231967926025;2.1773431301116943;1.423461675643921;1.6094331741333008;1.407909870147705;2.758761405944824;3.2089357376098633,3.2089357376098633,74.40106652926882,74.4010665292688;74.40106652926882;74.40106652926882;74.40106652926882;74.40106652926882;74.40106652926882;74.40106652926882;74.4010665292688;74.40106652926882;74.40106652926882;74.4010665292688;74.4010665292688;74.4010665292688;74.4010665292688;74.4010665292688;74.40106652926882,61.10053374692854,49.37993010550939;50.01959704491251;50.67605395493892;51.34997068107686;52.042053180877254;52.753045990748845;53.48373489776066;54.23494983660801;55.007568034195394;55.80251742688567;56.62078037840318;57.46339772971077;58.33147321596553;59.2261782899659;60.14875739641403;61.10053374692854
303,Li_JVASP-94780_LiMg6Al.json,0.5973362922668457,1.2260005474090576;0.664313554763794;0.7319977283477783;0.596276044845581;0.519196629524231;0.4103654623031616;0.26095569133758545;0.36958467960357666,1.2260005474090576,32.574920557411765,32.57492055741176;32.57492055741176;32.57492055741176;32.57492055741176;32.57492055741176;32.57492055741176;32.57492055741176;32.574920557411765,19.289505434599462,18.63776276113682;18.728159366363073;18.81943712594491;18.911608986757845;19.004688150565155;19.098688080321406;19.19362250666403;19.289505434599462
304,Li_JVASP-145611_Li2AlVO4.json,3.215679407119751,1.9740278720855713;2.18437123298645;2.103529214859009;2.3782055377960205;1.971569299697876;2.1773359775543213;2.133399248123169;2.347186326980591;2.8210699558258057;2.6359341144561768;2.9663660526275635;2.693476915359497;2.7533552646636963;2.6149675846099854;2.8531696796417236;2.752558946609497;2.9335687160491943;3.045713186264038;3.2817389965057373;3.206597089767456;3.014056921005249;3.269155263900757;3.3736965656280518;3.6993086338043213;5.038754224777222;4.787921667098999;4.549530744552612;4.452695608139038;4.662975549697876;4.5539610385894775;4.629644155502319;5.0418994426727295,5.0418994426727295,32.777281723069734,32.77728172306973;32.777281723069734;32.777281723069734;32.777281723069734;32.777281723069734;32.77728172306973;32.777281723069734;32.777281723069734;32.77728172306973;32.77728172306973;32.77728172306973;32.77728172306973;32.777281723069734;32.777281723069734;32.777281723069734;32.77728172306973;32.777281723069734;32.77728172306973;32.777281723069734;32.77728172306973;32.777281723069734;32.777281723069734;32.77728172306973;32.77728172306973;32.777281723069734;32.777281723069734;32.777281723069734;32.777281723069734;32.77728172306973;32.777281723069734;32.77728172306973;32.777281723069734,11.767054504623385,10.751374945388404;10.781394357651289;10.811581876476787;10.84193891790686;10.87246691393226;10.903167312717681;10.934041578830767;10.965091193475013;10.996317654726631;11.02772247777551;11.059307195170264;11.091073357067561;11.123022531485717;11.155156304562706;11.187476280818657;11.219984083422915;11.252681354465787;11.285569755235027;11.318650966497232;11.351926688784136;11.385398642684038;11.419068569138343;11.452938229743413;11.487009407057805;11.521283904914988;11.555763548741703;11.590450185882032;11.625345685927337;11.66045194105217;11.695770866356295;11.731304400212935;11.767054504623385
305,Na_JVASP-26460_Na2Al2B2O7.json,4.892309188842773,1.7835116386413574;2.225930690765381;2.5805768966674805;5.728517532348633;9.054887294769287;9.127512454986572;6.168123722076416;5.334575176239014;7.091386795043945;6.849496841430664;3.8182411193847656;4.503925323486328;2.6143593788146973;3.3764538764953613;3.977804183959961;4.041644096374512,9.127512454986572,35.5854959334203,35.5854959334203;35.58549593342029;35.58549593342029;35.5854959334203;35.5854959334203;35.58549593342029;35.58549593342029;35.58549593342029;35.58549593342029;35.5854959334203;35.58549593342029;35.58549593342029;35.58549593342029;35.58549593342029;35.58549593342029;35.5854959334203,17.590466174023906,14.343976736115433;14.522663198880862;14.705857702266636;14.893733024277344;15.086470886508327;15.28426254042183;15.487309400354173;15.695823727658091;15.910029370865276;16.130162567294807;16.35647281214219;16.589223801770707;16.828694458703016;17.075180046689454;17.32899338522574;17.590466174023906
306,Li_JVASP-18819_Li2AlAg.json,1.083018183708191,0.25521767139434814;0.33160269260406494;0.6595659255981445;1.6881277561187744;0.4374474287033081;0.7699583768844604;1.0581200122833252;0.8812828063964844;1.0175329446792603;0.8319765329360962;0.5739729404449463;1.2621140480041504;0.9667747020721436;1.3875229358673096;1.9395721554756165;3.267502009868622,3.267502009868622,89.66991985860415,89.66991985860413;89.66991985860412;89.66991985860413;89.66991985860413;89.66991985860413;89.66991985860412;89.66991985860415;89.66991985860412;89.66991985860413;89.66991985860413;89.66991985860413;89.66991985860415;89.66991985860413;89.66991985860413;89.66991985860413;89.66991985860415,24.685015102510352,22.525018544622114;22.657189013432728;22.790919715471958;22.926238441909632;23.063173647886604;23.20175447246296;23.342010759289685;23.483973078034722;23.627672746595657;23.773141854132923;23.920413284959178;24.06952074332211;24.22049877912001;24.373382814591228;24.52820917202089;24.685015102510352
307,Na_JVASP-142192_NaMg16Al12.json,0.3650660514831543,0.3650660514831543,0.3650660514831543,76.34394294962976,76.34394294962976,36.4324689135167,36.4324689135167
308,K_JVASP-22558_KAlF4.json,6.76461386680603,2.910639762878418;2.380801200866699;3.8398513793945312;3.441356658935547;5.04847264289856;4.860758066177368;9.691535472869873;7.560480117797852;13.762216329574585;7.281733274459839;12.960363626480103;7.8292810916900635;12.196187496185303;5.8228960037231445;7.447977542877197;6.276956558227539;5.003108501434326;3.4484338760375977,13.762216329574585,30.037750353955612,30.037750353955605;30.0377503539556;30.037750353955605;30.037750353955605;30.03775035395561;30.03775035395561;30.037750353955605;30.0377503539556;30.037750353955605;30.037750353955612;30.037750353955605;30.03775035395561;30.03775035395561;30.0377503539556;30.037750353955605;30.03775035395561;30.037750353955605;30.037750353955605,14.160815176310143,10.480291511580713;10.643010002886662;10.810860962334264;10.984091113538414;11.162963251350108;11.34775757209159;11.538773138141675;11.73632949297287;11.940768444985636;12.152456041087007;12.371784753985255;12.599175910697031;12.83508239388214;13.079991652447186;13.334429063530267;13.598961694662377;13.874202522802108;14.160815176310143
309,K_JVASP-125820_K3Al.json,0.9045377572377523,2.210239052772522;0.34495723247528076;0.18766844272613525;0.22156131267547607;-0.058615684509277344;0.37113046646118164;0.20304834842681885;1.3395107984542847;-0.3466329574584961;-0.1614079475402832;1.2595787048339844;0.5135021209716797;2.3680269718170166;0.13254857063293457;0.7021646499633789;0.507664680480957;-0.4557194709777832;0.306593656539917;-0.10725927352905273;0.39251255989074707;0.5411323308944702;0.7622839212417603;5.77432644367218;4.700091242790222,5.77432644367218,30.721807847724673,30.721807847724666;30.721807847724666;30.72180784772467;30.721807847724666;30.72180784772467;30.721807847724666;30.721807847724666;30.721807847724662;30.721807847724666;30.721807847724673;30.721807847724662;30.721807847724662;30.72180784772467;30.721807847724662;30.721807847724666;30.721807847724666;30.721807847724666;30.721807847724666;30.721807847724662;30.72180784772467;30.721807847724666;30.721807847724666;30.721807847724666;30.721807847724666,105.12421008626009,23.220597920545625;24.034762703557988;24.908094806047643;25.847287172039664;26.860081765129372;27.955483472862625;29.144028576798107;30.438124748593406;31.852485837193626;33.4046937820721;35.1159332389853;37.01196419567341;39.12442766069163;41.492625551567535;44.16598865038077;47.207564322361485;50.69905195166274;54.748251378898445;59.500390477505704;65.15591285863327;71.99947542016149;80.44936488482178;91.14633844582765;105.12421008626009
310,Li_JVASP-42142_Li2PmAl.json,0.6836100816726685,-0.2218630313873291;0.09132122993469238;0.812042236328125;1.4998970031738281;0.4242197275161743;0.7336934804916382;1.2518254518508911;1.0320194959640503;0.2271251678466797;0.9015939235687256;0.3560924530029297;0.15322041511535645;0.04409968852996826;1.6192227602005005;0.3050417900085449;1.70820951461792,1.70820951461792,70.83065340176911,70.8306534017691;70.8306534017691;70.83065340176911;70.83065340176911;70.83065340176911;70.83065340176911;70.8306534017691;70.83065340176911;70.8306534017691;70.8306534017691;70.8306534017691;70.8306534017691;70.8306534017691;70.83065340176911;70.8306534017691;70.8306534017691,19.3821312198637,18.02497248989151;18.109509042360212;18.194842278781106;18.2809835145598;18.367944280406814;18.455736327482956;18.544371632693;18.633862404132596;18.724221086693706;18.815460367833897;18.907593183515136;19.00063272431793;19.09459244173689;19.18948605466398;19.285327556066097;19.3821312198637
311,Li_JVASP-10477_LiAlPdF6.json,6.329038381576538,5.6187543869018555;5.875711917877197;6.51148247718811;6.707864999771118;6.853994607925415;6.808733224868774;6.568379163742065;5.6873862743377686,6.853994607925415,55.652058535869806,55.6520585358698;55.6520585358698;55.652058535869806;55.6520585358698;55.652058535869784;55.6520585358698;55.65205853586979;55.6520585358698,13.494686216555136,13.172438205092462;13.21752814528839;13.262927836191905;13.30864048060802;13.354669325650244;13.401017663509439;13.447688832238777;13.494686216555136
312,Na_JVASP-118657_NaAlSi.json,0.5423948764801025,0.42298054695129395;0.24583196640014648;0.9233746528625488;-0.1769864559173584;-0.2838265895843506;0.08648967742919922;1.0354714393615723;0.6091446876525879;2.019073963165283,2.019073963165283,76.53357230145842,76.5335723014584;76.5335723014584;76.53357230145839;76.5335723014584;76.5335723014584;76.53357230145842;76.5335723014584;76.5335723014584;76.5335723014584,51.681135940817114,38.15096279667118;39.44169727731459;40.82282704716989;42.3041928127605;43.89711745084735;45.61469597550621;47.47215635110381;49.48731220264335;51.681135940817114
313,Na_JVASP-139135_NaAlF2.json,2.3205251693725586,1.1198225021362305;1.3108444213867188;1.5084795951843262;1.5284104347229004;1.6156573295593262;1.7330050468444824;1.9142119884490967;2.107804536819458;2.6036083698272705;2.3957345485687256;3.3941709995269775;3.2458693981170654;2.255089521408081;2.1319520473480225;2.7295727729797363;2.784621238708496;3.4414596557617188;3.949138641357422,3.949138641357422,43.082925995167095,43.08292599516709;43.08292599516709;43.08292599516709;43.08292599516709;43.08292599516709;43.08292599516709;43.08292599516709;43.082925995167095;43.082925995167095;43.08292599516709;43.08292599516709;43.08292599516709;43.08292599516709;43.08292599516709;43.08292599516709;43.082925995167095;43.082925995167095;43.082925995167095,22.47315263018182,16.92626014454558;17.175633232411258;17.432464179377412;17.6970926210133;17.9698791337296;18.251206873976844;18.541483373867777;18.84114251091992;19.1506466719404;19.470489133750085;19.801196686528264;20.143332529122798;20.49749946979824;20.864343470686936;21.24455757978655;21.638886300857862;22.048130459195153;22.47315263018182
314,K_JVASP-107602_K2NaAlCl6.json,4.595517873764038,2.6388646364212036;2.521182417869568;2.4875035285949707;2.5841050148010254;2.680097460746765;2.67881977558136;2.695898175239563;2.771169066429138;4.700230002403259;8.548149466514587;7.633429527282715;6.706718683242798;6.579679727554321;6.2298264503479;5.891437768936157;6.181174278259277,8.548149466514587,22.376330935551827,22.376330935551827;22.376330935551824;22.376330935551824;22.376330935551824;22.37633093555182;22.376330935551827;22.376330935551824;22.376330935551827;22.376330935551827;22.37633093555182;22.376330935551827;22.376330935551824;22.376330935551824;22.376330935551824;22.376330935551827;22.376330935551827,12.520471625633435,9.827878163031116;9.970830137189173;10.118002126351406;10.269583795506081;10.42577634828189;10.586793417969407;10.75286204240401;10.924223732065462;11.101135641961234;11.283871859252347;11.472724820181623;11.668006871710672;11.870051995406289;12.079217713589548;12.295887200632734;12.520471625633435
315,Na_JVASP-25841_Na3BeAlSi2O8.json,3.6018199920654297,1.833268642425537;1.8046555519104004;1.7874808311462402;1.7772889137268066;1.7517857551574707;1.729987621307373;1.745175838470459;1.7118782997131348;1.705286979675293;1.7693729400634766;1.7288594245910645;1.7322297096252441;1.9072155952453613;1.9074616432189941;1.8711051940917969;1.8351221084594727;2.7741875648498535;3.5548768043518066;3.246044635772705;3.673363208770752;4.364781379699707;4.760280609130859;5.431538105010986;6.08652925491333;9.372248649597168;8.42810344696045;8.107542514801025;7.482821941375732;7.255899906158447;5.654505252838135;4.911625862121582;3.830900192260742;3.1381993293762207;3.0123753547668457;2.9437966346740723;3.0386853218078613;3.2085866928100586;3.128173828125;3.0955514907836914;3.2581939697265625;3.59285831451416;3.5602502822875977;3.86226749420166;3.6564149856567383;3.901402473449707;3.802676200866699;4.110301971435547;4.044200897216797,9.372248649597168,15.23478460145378,15.234784601453779;15.234784601453779;15.234784601453779;15.234784601453777;15.234784601453779;15.234784601453779;15.234784601453779;15.234784601453775;15.234784601453779;15.23478460145378;15.234784601453777;15.234784601453777;15.234784601453779;15.234784601453777;15.234784601453777;15.234784601453777;15.234784601453779;15.23478460145378;15.234784601453777;15.234784601453777;15.234784601453779;15.234784601453777;15.234784601453779;15.234784601453777;15.234784601453779;15.234784601453777;15.234784601453777;15.234784601453779;15.234784601453777;15.234784601453777;15.234784601453779;15.234784601453777;15.23478460145378;15.234784601453779;15.234784601453777;15.234784601453779;15.234784601453777;15.234784601453777;15.234784601453775;15.234784601453777;15.234784601453777;15.234784601453779;15.234784601453777;15.23478460145378;15.234784601453779;15.234784601453777;15.234784601453779;15.234784601453779,7.5591918625784995,5.793577474361293;5.822513115414297;5.851739241582373;5.881260249206305;5.9110806237918005;5.941204942281525;5.971637875396951;6.00238419005258;6.033448751845103;6.064836527620277;6.096552588120326;6.128602110714868;6.16099038221841;6.193722801797677;6.226804883972104;6.260242261711005;6.294040689631062;6.328206047297976;6.362744342636201;6.397661715450991;6.432964441067019;6.46865893408816;6.504751752283127;6.541249600601932;6.578159335328314;6.615487968373562;6.653242671717353;6.691430782001544;6.730059805283061;6.769137421952387;6.8086714918244;6.848670059408647;6.889141359366493;6.9300938221628945;6.971536079920979;7.013476972487929;7.055925553721175;7.098891098004226;7.1423831070020505;7.186411316666287;7.230985704501178;7.276116497101579;7.321814177975043;7.368089495660506;7.414953472156818;7.462417411674975;7.510492909728671;7.5591918625784995
316,Li_JVASP-46238_Li2AlNiO4.json,4.762151479721069,4.036210298538208;4.2237608432769775;3.957319498062134;4.118905305862427;4.049688100814819;4.034065008163452;3.9722397327423096;3.9961493015289307;4.3157103061676025;4.41680645942688;4.125467538833618;4.1134560108184814;3.6744678020477295;3.4450623989105225;3.5543835163116455;3.3957626819610596;4.327504873275757;3.9921376705169678;4.405826807022095;4.477908372879028;4.7910730838775635;4.54266095161438;5.654237508773804;5.298719167709351;6.306435823440552;5.527905702590942;6.770059823989868;6.023569345474243;6.6554954051971436;5.9642674922943115;7.5500359535217285;6.6715545654296875,7.5500359535217285,33.29410137741829,33.294101377418286;33.29410137741828;33.29410137741828;33.294101377418286;33.294101377418286;33.29410137741828;33.29410137741828;33.294101377418286;33.294101377418286;33.29410137741828;33.29410137741828;33.294101377418286;33.294101377418286;33.29410137741829;33.29410137741828;33.294101377418286;33.294101377418286;33.294101377418286;33.29410137741828;33.29410137741828;33.294101377418286;33.294101377418286;33.294101377418286;33.294101377418286;33.294101377418286;33.294101377418286;33.29410137741828;33.294101377418286;33.29410137741828;33.294101377418286;33.294101377418286;33.294101377418286,11.159371824004351,10.241798236893711;10.269035855336623;10.296418734625526;10.323948039902483;10.351624948803813;10.379450651628026;10.407426351506468;10.435553264576717;10.463832620158826;10.49226566093441;10.520853643128689;10.549597836695499;10.578499525505332;10.607560007536515;10.636780595069494;10.666162614884401;10.69570740846184;10.725416332187077;10.7552907575576;10.785332071394173;10.815541676055455;10.845920989656193;10.876471446289155;10.907194496250773;10.938091606270664;10.969164259745039;11.000413956974104;11.03184221540354;11.063450569870117;11.095240572851578;11.127213794720788;11.159371824004351
317,Li_JVASP-62041_LiAlH4.json,1.2541277408599854,1.154679536819458;1.156923532485962;1.1582062244415283;1.1629431247711182;1.2325453758239746;1.1887316703796387;1.2234060764312744;1.18564772605896;0.9867944717407227;1.0096321105957031;0.9869024753570557;0.9811923503875732;1.034343957901001;1.010646104812622;1.0142302513122559;0.9928388595581055;1.4664559364318848;1.4678869247436523;1.3224742412567139;1.3342864513397217;1.2539293766021729;1.245520830154419;1.1521975994110107;1.1473701000213623;1.5686051845550537;1.5400269031524658;1.4636423587799072;1.4463155269622803;1.516528606414795;1.5022778511047363;1.6202340126037598;1.6046719551086426,1.6202340126037598,20.486126683269603,20.486126683269603;20.486126683269603;20.486126683269603;20.4861266832696;20.486126683269603;20.4861266832696;20.486126683269603;20.4861266832696;20.486126683269603;20.4861266832696;20.486126683269603;20.4861266832696;20.486126683269603;20.4861266832696;20.486126683269603;20.4861266832696;20.486126683269603;20.486126683269603;20.486126683269603;20.486126683269603;20.486126683269603;20.486126683269603;20.486126683269603;20.486126683269603;20.4861266832696;20.486126683269603;20.4861266832696;20.486126683269603;20.486126683269603;20.486126683269603;20.486126683269603;20.486126683269603,26.818469381084515,22.067231471238994;22.194069075223798;22.322373177748414;22.452169360220857;22.583483802513964;22.716343300569328;22.850775284626337;22.986807838102315;23.12446971715105;23.263790370928362;23.40479996259469;23.54752939108616;23.69201031368712;23.838275169438813;23.986357203420543;24.136290491941466;24.288109968683152;24.44185145183503;24.597551672266974;24.755248302785603;24.914979988523207;25.07678637851085;25.240708158489728;25.406787085017946;25.57506602093267;25.745588972230976;25.918401126436006;26.09354889251873;26.27107994244941;26.45104325445685;26.633489158077932;26.818469381084515
318,K_JVASP-99705_K2AlAuCl6.json,4.125309109687805,2.65789532661438;2.7129204273223877;2.907793879508972;3.1090065240859985;2.773719072341919;2.9740850925445557;3.057877779006958;3.069166421890259;4.13724946975708;4.649555683135986;4.778343558311462;5.132179856300354;5.247489809989929;5.70280659198761;6.062327027320862;7.032529234886169,7.032529234886169,21.912491871053987,21.912491871053984;21.912491871053987;21.912491871053984;21.912491871053987;21.912491871053987;21.912491871053984;21.912491871053987;21.912491871053984;21.912491871053987;21.912491871053984;21.912491871053984;21.912491871053987;21.912491871053984;21.912491871053987;21.912491871053987;21.912491871053984,7.587270774761366,6.506948591704311;6.569307143238311;6.632872470975352;6.697679947879978;6.763766343025068;6.831169891155651;6.899930366453935;6.970089160804643;7.041689366884217;7.114775866424368;7.189395424029877;7.2655967869627105;7.343430791339865;7.422950475231113;7.504211199185387;7.587270774761366
319,K_JVASP-98449_K2Al2Si3O10.json,4.802757024765015,2.4851579666137695;2.649874687194824;3.3505406379699707;3.931252956390381;5.3071722984313965;7.188965320587158;7.830657958984375;5.678434371948242,7.830657958984375,44.85570726284037,44.85570726284037;44.855707262840355;44.855707262840355;44.85570726284036;44.85570726284036;44.855707262840355;44.85570726284036;44.855707262840355,21.755286014790336,17.800715140381644;18.275285597121908;18.775853426332844;19.304615025471676;19.86402137955247;20.456816048959254;21.086080168428822;21.755286014790336
320,K_JVASP-101368_KAlSiO4.json,4.280262470245361,2.0336241722106934;2.4414916038513184;3.808824062347412;9.2577223777771;4.591516971588135;4.299179553985596;4.692392349243164;3.1173486709594727,9.2577223777771,54.19038948204826,54.19038948204826;54.19038948204825;54.19038948204826;54.19038948204825;54.190389482048246;54.19038948204826;54.19038948204826;54.19038948204825,27.02810093839186,21.181859668222483;21.85725616623323;22.577142094306975;23.34606304836545;24.169205704394756;25.052514965852858;26.00283777375438;27.02810093839186
321,Na_JVASP-113077_Na4Al3Si3ClO12.json,4.266999363899231,2.514774799346924;3.3719630241394043;2.785705089569092;4.10795259475708;7.711771488189697;6.79349946975708;5.882074356079102;3.993210792541504;3.611670970916748;2.9513258934020996;3.3920111656188965;3.2787203788757324;4.48063325881958;4.310685634613037;4.496110439300537;4.589880466461182,7.711771488189697,31.657820619131616,31.657820619131613;31.657820619131613;31.657820619131613;31.65782061913161;31.657820619131613;31.657820619131613;31.657820619131616;31.657820619131616;31.657820619131616;31.657820619131613;31.657820619131613;31.657820619131613;31.65782061913161;31.65782061913161;31.657820619131616;31.657820619131613,16.818436816968088,13.82642897151272;13.992379026922144;14.162361067016663;14.336523842765384;14.51502351334858;14.698024113159022;14.885698054581182;15.078226669787513;15.27580079513054;15.478621402089672;15.686900279157799;15.900860769531153;16.120738570004036;16.346782597075876;16.57925592696154;16.818436816968088
322,K_JVASP-140328_KAlBr4.json,4.204106092453003,3.0996192693710327;3.084945559501648;3.367807149887085;3.626847267150879;4.182186484336853;4.293812870979309;6.361546039581299;5.616084098815918,6.361546039581299,27.838560423196412,27.83856042319641;27.838560423196405;27.838560423196412;27.838560423196412;27.838560423196412;27.838560423196412;27.838560423196412;27.83856042319641,9.531521480775778,8.68608067512318;8.797557619075452;8.911933148063852;9.029321803230108;9.14984424124842;9.273627647994484;9.400806186252865;9.531521480775778
323,Li_JVASP-118597_Li2AlO3.json,5.247257471084595,2.4810259342193604;3.379399538040161;4.058587312698364;3.3939287662506104;3.0359585285186768;3.6995251178741455;3.496232271194458;3.735419511795044;4.1725380420684814;4.116265535354614;4.396533250808716;4.233250856399536;6.561898469924927;7.461695909500122;7.430018663406372;6.278187990188599;7.140827417373657;7.34156346321106;6.1706297397613525;6.8501198291778564;6.157843828201294;6.848646402359009;6.87590479850769;6.618178129196167,7.461695909500122,76.45816033466281,76.4581603346628;76.45816033466281;76.4581603346628;76.45816033466281;76.4581603346628;76.4581603346628;76.45816033466281;76.4581603346628;76.4581603346628;76.45816033466281;76.4581603346628;76.4581603346628;76.4581603346628;76.4581603346628;76.45816033466281;76.45816033466281;76.45816033466281;76.45816033466281;76.45816033466281;76.45816033466281;76.45816033466281;76.45816033466281;76.45816033466281;76.45816033466281,29.559440304095236,25.13406574393304;25.298739684707098;25.46558568533618;25.634647005532972;25.80596806146058;25.979594464636392;26.155573062417115;26.333951980140327;26.514780665002434;26.698109931756786;26.883992010320892;27.072480595386274;27.263630898130017;27.457499700132637;27.654145409612795;27.853628120095937;28.056009671640645;28.26135371475361;28.469725777132215;28.68119333338152;28.895825877861622;29.11369500083055;29.334874468057883;29.559440304095236
324,Li_JVASP-43984_Li2AlFeO4.json,4.304683446884155,3.532555341720581;3.5875861644744873;3.6790549755096436;3.7730624675750732;3.407702684402466;3.4922144412994385;3.502734422683716;3.4895994663238525;4.6557676792144775;4.657886743545532;4.589527368545532;4.708303689956665;4.421724557876587;4.315472841262817;4.482725381851196;4.4266197681427;4.269508600234985;3.7089684009552;4.542620420455933;4.300772428512573;4.3976500034332275;4.134536027908325;4.630557298660278;4.4656946659088135;5.168108224868774;4.909618616104126;4.919937372207642;4.525985956192017;4.900943040847778;4.576547861099243;4.83997368812561;4.735909700393677,5.168108224868774,32.773363247810614,32.77336324781061;32.773363247810614;32.773363247810614;32.77336324781061;32.77336324781061;32.77336324781061;32.773363247810614;32.773363247810614;32.77336324781061;32.773363247810614;32.773363247810614;32.77336324781061;32.77336324781061;32.77336324781061;32.773363247810614;32.773363247810614;32.77336324781061;32.773363247810614;32.773363247810614;32.773363247810614;32.77336324781061;32.77336324781061;32.77336324781061;32.77336324781061;32.77336324781061;32.773363247810614;32.773363247810614;32.773363247810614;32.773363247810614;32.77336324781061;32.773363247810614;32.77336324781061,11.375226753847212,10.423326698420494;10.451539737585705;10.479905920930964;10.50842649878062;10.537102735106963;10.565935907716947;10.594927308442003;10.624078243330958;10.653390032846183;10.682864012062959;10.712501530872196;10.742303954186509;10.77227266214976;10.802409050350112;10.832714530036663;10.863190528339752;10.893838488494975;10.924659870071027;10.955656149201397;10.986828818820037;11.01817938890106;11.04970938670255;11.081420357014583;11.113313862411502;11.14539148350861;11.177654819223264;11.21010548704056;11.242745123283646;11.275575383388757;11.308597942185113;11.341814494179717;11.375226753847212
325,Li_JVASP-140521_LiAlFeO4.json,4.109835386276245,3.456214189529419;3.6634533405303955;3.2884843349456787;3.8875815868377686;3.926978349685669;3.328517198562622;4.554820775985718;4.518120527267456;4.770588159561157;4.533595323562622;4.775046110153198;4.614624738693237,4.775046110153198,57.39856344708581,57.3985634470858;57.39856344708581;57.398563447085806;57.398563447085806;57.398563447085806;57.398563447085806;57.398563447085806;57.398563447085806;57.398563447085806;57.398563447085806;57.398563447085806;57.398563447085806,15.152089975998281,14.525117984659966;14.579963275567644;14.63522431619869;14.69090585186808;14.747012700383175;14.803549753433302;14.860521978011478;14.917934417869036;14.97579219500413;15.03410051118501;15.092864649509016;15.152089975998281
326,Li_JVASP-46433_Li4AlCr3O8.json,3.430574655532837,2.3025925159454346;2.358318567276001;2.392075300216675;2.4080398082733154;2.201099157333374;2.2662503719329834;2.243852376937866;2.247272253036499;3.2965757846832275;3.0931951999664307;2.6095330715179443;3.023361921310425;3.5556719303131104;3.521097421646118;2.932281255722046;3.421215772628784;3.298078775405884;3.227708101272583;3.40755295753479;3.345475435256958;3.553764581680298;3.525956392288208;3.7450144290924072;3.727006196975708;4.683400869369507;4.4156882762908936;4.588087797164917;4.491121053695679;5.218156099319458;4.991595506668091;4.889756441116333;4.797593355178833,5.218156099319458,39.94970870967321,39.9497087096732;39.9497087096732;39.949708709673196;39.9497087096732;39.9497087096732;39.9497087096732;39.9497087096732;39.9497087096732;39.9497087096732;39.9497087096732;39.9497087096732;39.9497087096732;39.9497087096732;39.9497087096732;39.9497087096732;39.9497087096732;39.949708709673196;39.9497087096732;39.9497087096732;39.949708709673196;39.9497087096732;39.9497087096732;39.9497087096732;39.949708709673196;39.9497087096732;39.949708709673196;39.9497087096732;39.94970870967321;39.9497087096732;39.9497087096732;39.9497087096732;39.9497087096732,10.74353511098601,9.89045752907849;9.915856132968269;9.94138551946856;9.967046701326433;9.992840701772625;10.018768554657548;10.044831304589412;10.071030007074526;10.097365728659781;10.123839547077397;10.150452551391922;10.17720584214959;10.204100531530024;10.23113774350035;10.258318613971795;10.285644290958746;10.313115934740397;10.340734718024963;10.368501826116564;10.396418457084785;10.424485821937;10.45270514479348;10.481077663065362;10.509604627635522;10.538287303042406;10.567126967666889;10.5961249139222;10.625282448446987;10.654600892301584;10.684081581167522;10.713725865550382;10.74353511098601
327,Na_JVASP-61703_Na4BeAlSi4ClO12.json,4.285769104957581,2.3217716217041016;2.3204660415649414;2.5395255088806152;2.6460509300231934;2.6031298637390137;2.606153964996338;3.0556979179382324;3.4043240547180176;6.483756065368652;6.779102325439453;7.360192775726318;7.228072643280029;6.485523223876953;5.504195213317871;5.853931427001953;4.404313087463379;4.165198802947998;3.968543529510498;3.5058059692382812;3.410630226135254;3.351712703704834;3.0940842628479004;3.2874155044555664;3.202864646911621;4.508612155914307;4.7081475257873535;4.741232395172119;4.6854424476623535;4.6737236976623535;4.764384746551514;4.987905979156494;4.492700099945068,7.360192775726318,16.55194817574456,16.551948175744556;16.551948175744556;16.551948175744556;16.551948175744556;16.551948175744556;16.551948175744556;16.55194817574456;16.551948175744556;16.551948175744556;16.55194817574456;16.551948175744556;16.551948175744556;16.551948175744553;16.55194817574456;16.551948175744556;16.551948175744556;16.551948175744556;16.551948175744556;16.551948175744556;16.551948175744553;16.551948175744556;16.551948175744556;16.551948175744556;16.551948175744556;16.55194817574456;16.551948175744556;16.551948175744556;16.551948175744556;16.551948175744556;16.551948175744556;16.551948175744556;16.551948175744556,8.847586935723209,7.162485331547775;7.206762492802566;7.251590485660448;7.296979653419797;7.342940599973272;7.3894841980667545;7.436621597874408;7.484364235904027;7.532723844247662;7.581712460193167;7.6313424362133;7.681626450349699;7.7325775170101405;7.784208998198339;7.836534615196698;7.889568460723416;7.943325011586613;7.997819141859305;8.053066136600474;8.109081706148745;8.16588200101681;8.223483627416227;8.281903663443964;8.341159675963814;8.401269738217717;8.462252448204145;8.524126947862726;8.586912943106736;8.650630724747451;8.715301190357101;8.78094586711983;8.847586935723209
328,K_JVASP-97400_K6Na3AlSb4.json,1.73153821627299,0.7998679876327515;1.0413265228271484;1.2904061079025269;1.1679332256317139;1.4832330346107483;1.9470180869102478;2.5252853631973267;2.089826464653015;1.292216956615448;2.474774181842804;2.7224379181861877;1.9441327452659607,2.7224379181861877,47.56797871002852,47.56797871002851;47.56797871002851;47.56797871002852;47.56797871002852;47.56797871002852;47.56797871002851;47.56797871002851;47.56797871002851;47.56797871002851;47.56797871002852;47.56797871002852;47.567978710028505,22.240416834951105,16.390726393667144;16.79224534411981;17.213930080543438;17.65733893762413;18.124195058140202;18.616408772108674;19.136103724344075;19.685647503948605;20.267687707485255;20.885194594691196;21.54151178692529;22.240416834951105
329,K_JVASP-140431_KAlSi3O9.json,5.267823219299316,5.522350311279297;5.9161481857299805;5.469500541687012;5.397649765014648;5.214266300201416;5.095824718475342;4.507022380828857;5.0198235511779785,5.9161481857299805,29.269587739452128,29.269587739452124;29.26958773945212;29.269587739452124;29.269587739452124;29.269587739452128;29.269587739452124;29.26958773945212;29.269587739452124,12.87938690575727,11.38237517970151;11.574567821428674;11.77336232356495;11.979104793627517;12.192165962700514;12.412943414870073;12.641864063352005;12.87938690575727
330,Li_JVASP-37739_LiAl2Os.json,1.9487359523773193,-0.016156435012817383;0.1958320140838623;6.573486566543579;4.932474374771118;2.040184497833252;1.1590971946716309;0.5185668468475342;0.1864025592803955,6.573486566543579,100.31926282026606,100.31926282026606;100.31926282026605;100.31926282026605;100.31926282026605;100.31926282026606;100.31926282026605;100.31926282026605;100.31926282026605,13.670838041607835,13.340225299137098;13.386473259554556;13.433043000848917;13.479937893041297;13.527161353376789;13.57471684715455;13.622607888575468;13.670838041607835
331,K_JVASP-7642_KAlTe2.json,2.2906978130340576,1.3243905305862427;1.385198950767517;1.4979788064956665;1.5372132062911987;1.5436004400253296;1.6542965173721313;1.6863727569580078;1.7767753601074219;1.9362460374832153;2.3487309217453003;2.4590117931365967;2.6997225284576416;2.8121646642684937;3.4017127752304077;3.7796401977539062;4.808109521865845,4.808109521865845,21.574211611888593,21.57421161188859;21.574211611888593;21.574211611888593;21.57421161188859;21.57421161188859;21.57421161188859;21.57421161188859;21.57421161188859;21.57421161188859;21.574211611888593;21.574211611888586;21.57421161188859;21.574211611888593;21.57421161188859;21.57421161188859;21.574211611888593,5.8852578371284245,5.213811711213442;5.253771723933383;5.294348995403528;5.3355579390566215;5.3774134205976365;5.419930775883572;5.463125829658245;5.507014915190113;5.551614894864374;5.596943181783849;5.643017762436775;5.689857220493543;5.737480761798456;5.785908240627185;5.8351601872852905;5.8852578371284245
332,Na_JVASP-118653_NaAlSe.json,1.645266056060791,0.32578158378601074;0.912909746170044;1.127220869064331;1.2347052097320557;1.570541262626648;1.6339589357376099;1.5156400203704834;1.700589895248413;1.6638859510421753;1.7100502252578735;2.5100951194763184;2.2657861709594727;2.3231122493743896;1.9403588771820068;1.8484742641448975;2.0112922191619873;1.766495704650879;1.5538907051086426,2.5100951194763184,37.31839572643346,37.318395726433444;37.31839572643346;37.318395726433444;37.31839572643345;37.31839572643345;37.31839572643345;37.31839572643345;37.31839572643345;37.31839572643346;37.318395726433444;37.31839572643346;37.31839572643345;37.318395726433444;37.31839572643345;37.31839572643345;37.31839572643345;37.31839572643346;37.31839572643345,13.887227881701007,11.548561875399747;11.664107964489034;11.781989552619581;11.902278172860402;12.025048309690156;12.150377552800256;12.278346760617199;12.409040234268302;12.542545902777375;12.678955520345214;12.818364876645118;12.960874021146239;13.10658750256876;13.255614624675292;13.40806971971365;13.564072440948662;13.723748075856015;13.887227881701007
333,Li_JVASP-10083_LiAlSe2.json,2.5819027423858643,2.0512945652008057;2.020489454269409;1.9018821716308594;1.8064327239990234;2.454516649246216;2.4185092449188232;2.330348253250122;2.3046071529388428;2.421415090560913;2.3552820682525635;2.709836959838867;2.442469596862793;3.595472812652588;3.5748291015625;3.515401840209961;3.407656192779541,3.595472812652588,29.88140262469191,29.88140262469191;29.8814026246919;29.881402624691905;29.8814026246919;29.88140262469191;29.8814026246919;29.881402624691905;29.88140262469191;29.881402624691905;29.8814026246919;29.881402624691905;29.881402624691905;29.881402624691905;29.881402624691905;29.881402624691905;29.88140262469191,9.03817094325209,8.731601433622004;8.751390906777704;8.771270286200798;8.791240185970796;8.811301225772384;8.831454030959495;8.851699232620305;8.872037467643102;8.89246937878308;8.912995614730049;8.933616830177082;8.954333685890127;8.975146848778582;8.996056991966867;9.01706479486698;9.03817094325209
334,K_JVASP-10481_K2NaAlAs2.json,1.4089730978012085,0.49463438987731934;0.5526349544525146;0.5959692001342773;0.6381220817565918;1.1539212465286255;1.3007639646530151;1.399828314781189;1.3822342157363892;1.6506515741348267;1.8523646593093872;2.1540515422821045;2.340250015258789;2.0136828422546387;1.7914037704467773;1.6079294681549072;1.6151273250579834,2.340250015258789,34.18176789021672,34.18176789021671;34.18176789021671;34.18176789021671;34.18176789021672;34.18176789021671;34.18176789021671;34.18176789021671;34.18176789021671;34.18176789021672;34.18176789021671;34.18176789021671;34.18176789021671;34.18176789021671;34.18176789021672;34.18176789021672;34.18176789021672,16.366173847765932,12.050544295463741;12.266177170038635;12.489667735295582;12.721453464978554;12.962004921801023;13.211828946157729;13.471472220830218;13.741525264447125;14.022626915094497;14.315469375728812;14.620803905271387;14.939447253887375;15.272288958509085;15.620299635820837;15.984540435519886;16.366173847765932
335,Na_JVASP-18437_NaAlSi.json,0.9063175916671753,0.301044225692749;0.23128771781921387;0.6362113952636719;0.42965078353881836;0.5006511211395264;0.5609176158905029;0.5748310089111328;0.6623234748840332;2.110800266265869;1.492715835571289;1.7743148803710938;0.3331618309020996;2.7512001991271973;1.2140355110168457;0.8275249004364014;0.10041069984436035,2.7512001991271973,44.064346255259345,44.06434625525933;44.06434625525934;44.06434625525934;44.06434625525934;44.06434625525934;44.064346255259345;44.064346255259345;44.064346255259345;44.06434625525934;44.06434625525934;44.06434625525934;44.06434625525934;44.06434625525934;44.064346255259345;44.06434625525934;44.06434625525934,29.64561046899143,21.45991657312754;21.862356267496995;22.28017840379305;22.714282109696633;23.16563797921178;23.63529531716355;24.124390283176293;24.634155068178753;25.165928259458813;25.721166577829507;26.301458203598333;26.908537948044774;27.544304575632058;28.210840641267847;28.910435279204982;29.64561046899143
336,Na_JVASP-20880_Na3AlF6.json,6.824589570363362,2.7942516803741455;2.9238836765289307;2.8830819129943848;3.0202178955078125;8.170464754104614;15.888758420944214;12.194823265075684;5.083880424499512;4.912117004394531;4.903658390045166;5.8186492919921875;6.017452716827393;6.937762260437012;7.435495853424072;7.388781547546387;8.094616413116455;10.371893167495728;9.341768026351929;6.909312725067139;5.978999614715576;8.205791234970093;6.632951498031616;6.135246276855469;5.746291637420654,15.888758420944214,46.930732085764404,46.9307320857644;46.9307320857644;46.9307320857644;46.9307320857644;46.9307320857644;46.9307320857644;46.930732085764404;46.930732085764404;46.9307320857644;46.9307320857644;46.930732085764404;46.9307320857644;46.930732085764404;46.9307320857644;46.9307320857644;46.930732085764404;46.93073208576439;46.930732085764404;46.9307320857644;46.930732085764404;46.9307320857644;46.9307320857644;46.930732085764404;46.930732085764404,23.290134221344907,15.957725890267186;16.179190121523234;16.40688790516785;16.64108618162887;16.88206735369434;17.130130422522807;17.385592225301657;17.64878878532518;17.920076786588865;18.199835186507016;18.488466982087225;18.786401146871953;19.094094758225673;19.412035337153924;19.740743425846315;20.08077543160673;20.43272676985325;20.797235343534314;21.17498540173465;21.566711826574632;21.973204904910922;22.39531565003046;22.833961748744976;23.290134221344907
337,Li_JVASP-35170_LiCaAlN2.json,1.1277425289154053,0.9332764148712158;0.821030855178833;0.8668949604034424;0.7840931415557861;0.8295776844024658;0.757767915725708;0.7875101566314697;0.7200033664703369;0.8203318119049072;0.7984316349029541;0.8159687519073486;0.7635185718536377;0.8032920360565186;0.8203275203704834;0.7882144451141357;0.7574174404144287;1.3475639820098877;1.3706743717193604;1.5083515644073486;1.5870554447174072;1.3061707019805908;1.417426347732544;1.4420444965362549;1.6023495197296143;1.3607065677642822;1.5060503482818604;1.4140651226043701;1.4262940883636475;1.4025561809539795;1.538304090499878;1.472952127456665;1.5175392627716064,1.6023495197296143,24.179847923470614,24.17984792347061;24.17984792347061;24.179847923470614;24.179847923470607;24.17984792347061;24.17984792347061;24.17984792347061;24.179847923470607;24.17984792347061;24.17984792347061;24.17984792347061;24.17984792347061;24.17984792347061;24.17984792347061;24.179847923470614;24.179847923470614;24.17984792347061;24.179847923470607;24.17984792347061;24.17984792347061;24.17984792347061;24.17984792347061;24.17984792347061;24.179847923470614;24.179847923470607;24.179847923470607;24.17984792347061;24.17984792347061;24.17984792347061;24.179847923470607;24.17984792347061;24.179847923470614,8.789460134531032,8.210116225575494;8.227610110037968;8.245178704643507;8.262822489006815;8.2805419468567;8.29833756608026;8.316209838767692;8.334159261257629;8.352186334183095;8.370291562518046;8.388475455624528;8.406738527300444;8.425081295827944;8.443504284022453;8.462008019282344;8.480593033639272;8.499259863809158;8.518009051243858;8.53684114218352;8.555756687709623;8.574756243798742;8.593840371377015;8.613009636375347;8.632264609785354;8.65160586771605;8.67103399145132;8.690549567508143;8.710153187695612;8.729845449174766;8.749626954519222;8.769498311776642;8.789460134531032
338,Na_JVASP-113645_NaAlH4.json,2.177724599838257,0.7872509956359863;0.6488742828369141;0.7680561542510986;0.8211309909820557;0.9472084045410156;0.9299864768981934;1.745415210723877;1.3739070892333984;2.298572540283203;1.6295080184936523;3.6307950019836426;2.586143970489502;2.6808247566223145;2.451490879058838;4.379486322402954;3.1960256099700928;4.435838222503662;3.8885278701782227,4.435838222503662,37.56901900651417,37.56901900651416;37.56901900651417;37.56901900651416;37.56901900651417;37.56901900651417;37.56901900651416;37.56901900651416;37.56901900651416;37.56901900651416;37.56901900651417;37.56901900651417;37.56901900651417;37.56901900651416;37.56901900651417;37.56901900651416;37.56901900651417;37.56901900651416;37.56901900651416,46.111730002001025,27.57197405964105;28.23986616393743;28.94091902530568;29.67766515413849;30.452901676597985;31.26972582294984;32.131576284635265;33.04228160444429;34.00611703586762;35.02787165289342;36.112927932941034;37.267356604049205;38.49803028480124;39.81276040946735;41.220463201608396;42.73136214935723;44.357236704277916;46.111730002001025
339,Na_JVASP-118644_Na2AlO2.json,2.440876841545105,-0.12461638450622559;0.25522303581237793;1.1520626544952393;0.9209840297698975;-0.04514026641845703;-0.007857322692871094;1.9293336868286133;3.274916648864746;3.2710113525390625;3.5953311920166016;4.3326215744018555;3.814070701599121;3.981198310852051;3.9731216430664062;4.550447463989258;4.181321144104004,4.550447463989258,82.28064309266765,82.28064309266763;82.28064309266763;82.28064309266763;82.28064309266763;82.28064309266763;82.28064309266763;82.28064309266765;82.28064309266763;82.28064309266763;82.28064309266765;82.28064309266765;82.28064309266762;82.28064309266762;82.28064309266763;82.28064309266765;82.28064309266763,54.16273698344047,31.918722285010805;32.81723302559153;33.76779509082441;34.77506645217321;35.84427794633379;36.98132413690952;38.19287203644327;39.48649192340705;40.870815676409585;42.355729623889054;43.95261101832935;45.67462009908473;47.53706361071029;49.55785103967454;51.75807238439913;54.16273698344047
340,Li_JVASP-100493_LiPr2Al.json,0.24263572692871094,-0.12118983268737793;-0.23457789421081543;0.28626561164855957;1.2486469745635986;-0.07823634147644043;0.39589476585388184;0.21724796295166016;0.2270345687866211,1.2486469745635986,51.866609399889334,51.86660939988933;51.86660939988933;51.86660939988933;51.86660939988932;51.86660939988933;51.86660939988932;51.866609399889334;51.86660939988931,10.818758895326111,10.61065466525585;10.639892328446303;10.669291565639304;10.698853719888113;10.728580149172503;10.758472226606726;10.788531340650922;10.818758895326111
341,Li_JVASP-36572_LiMg2Al.json,0.7491202354431152,0.7915434837341309;0.9632673263549805;0.7439371347427368;0.4977329969406128,0.9632673263549805,120.59821151638803,120.59821151638802;120.59821151638803;120.59821151638802;120.59821151638803,86.6500531263208,81.18459039230106;82.92815831294836;84.74826173123466;86.6500531263208
342,Na_JVASP-143609_NaAlCO5.json,3.830831527709961,3.4826202392578125;3.3773422241210938;3.508273124694824;3.498354911804199;3.5522947311401367;3.375786781311035;3.3569459915161133;3.177567481994629;4.353114128112793;4.266105651855469;3.984464645385742;4.282580375671387;4.68614387512207;4.087319374084473;4.071893692016602;4.232497215270996,4.68614387512207,27.228924520261927,27.228924520261923;27.228924520261927;27.22892452026192;27.228924520261927;27.228924520261923;27.22892452026192;27.228924520261927;27.22892452026192;27.228924520261923;27.228924520261923;27.228924520261923;27.228924520261923;27.22892452026192;27.228924520261923;27.228924520261923;27.228924520261923,13.909713894873368,11.798170800610363;11.91879174504006;12.041904549905263;12.167587238674335;12.29592112652988;12.426990995810883;12.56088528279664;12.69769627669719;12.837520331791167;12.980458093735782;13.126614741165968;13.276100243801466;13.429029638392949;13.585523323962407;13.745707377930211;13.909713894873368
343,Li_JVASP-36739_LiAlB4.json,1.2617218494415283,0.20231842994689941;0.30594658851623535;0.4332897663116455;0.4505283832550049;0.5927412509918213;0.7715952396392822;0.07609868049621582;0.25060582160949707;0.6457149982452393;0.7548878192901611;1.674328088760376;1.9680769443511963;0.6684153079986572;0.8465158939361572;1.7336037158966064;1.765000581741333;3.18920636177063;2.7602531909942627;0.7801897525787354;0.6505892276763916;2.0947158336639404;2.003204107284546;3.193377733230591;2.470120668411255,3.193377733230591,33.35708911149609,33.35708911149608;33.35708911149608;33.35708911149608;33.35708911149607;33.35708911149609;33.35708911149608;33.35708911149608;33.35708911149608;33.35708911149608;33.35708911149607;33.35708911149609;33.35708911149608;33.35708911149608;33.35708911149609;33.35708911149608;33.35708911149608;33.35708911149608;33.35708911149608;33.35708911149609;33.35708911149608;33.35708911149608;33.35708911149608;33.35708911149608;33.35708911149608,15.83680632225885,14.4716662209635;14.526107841839297;14.5809606223059;14.636229237820972;14.691918435000522;14.748033032977824;14.804577924793614;14.861558078818339;14.918978540207444;14.976844432390473;15.035160958594984;15.0939334034062;15.153167134363395;15.212867603593992;15.27304034948646;15.333690998403076;15.39482526643364;15.456448961191322;15.518567983651812;15.58118833003699;15.644316093744415;15.70795746732385;15.77211874450231;15.83680632225885
344,Li_JVASP-38544_LiAlH4.json,1.243873119354248,1.4945285320281982;1.421095609664917;1.0970399379730225;1.0704782009124756;1.6488802433013916;1.7197067737579346;1.0327131748199463;1.0441162586212158;1.3668193817138672;1.453138828277588;1.1057469844818115;1.0707051753997803;1.5077526569366455;1.42012619972229;0.8273839950561523;0.6217379570007324,1.7197067737579346,51.0865628635963,51.08656286359629;51.0865628635963;51.08656286359629;51.08656286359629;51.0865628635963;51.086562863596285;51.08656286359629;51.08656286359629;51.086562863596285;51.086562863596285;51.08656286359629;51.0865628635963;51.08656286359629;51.08656286359629;51.08656286359629;51.0865628635963,53.266978316155864,44.13446294247799;44.64474635549683;45.16696760502793;45.701550569252674;46.2489394343021;46.80959992518938;47.38402062737424;47.972714406841085;48.576219937366304;49.19510334453395;49.829959977046414;50.481416316979455;51.15013204186534;51.83680225287201;52.54215988489882;53.266978316155864
345,K_JVASP-107182_KAlO3.json,5.0622735023498535,4.397535800933838;4.4234395027160645;4.405592441558838;2.9460816383361816;5.113392353057861;4.989314079284668;3.758424758911133;4.769883632659912;3.8982386589050293;5.039819240570068;5.536464214324951;4.9599609375;4.755545616149902;4.189454555511475;7.536683559417725;4.551977634429932;7.226294040679932;6.651916027069092;4.975278377532959;4.8818182945251465;3.9701743125915527;4.42800760269165;6.818554401397705;5.812408924102783;4.112110614776611;6.009215354919434;6.523797988891602,7.536683559417725,29.035421070331143,29.03542107033114;29.03542107033114;29.035421070331136;29.03542107033114;29.03542107033114;29.03542107033114;29.035421070331136;29.035421070331136;29.03542107033114;29.03542107033114;29.03542107033114;29.03542107033114;29.03542107033114;29.03542107033114;29.035421070331136;29.035421070331143;29.035421070331136;29.035421070331143;29.035421070331136;29.035421070331136;29.035421070331143;29.035421070331132;29.03542107033114;29.035421070331136;29.035421070331143;29.035421070331143;29.035421070331132,12.988037715282235,8.70147725189702;8.813352289714805;8.928141554239438;9.045960416919986;9.166930420572166;9.291179697614231;9.418843422783006;9.55006430369265;9.684993112978814;9.823789266199901;9.966621450152422;10.113668306807103;10.265119178696077;10.421174922290724;10.582048796717222;10.747967436078445;10.919171914704654;11.09591891586249;11.278482015837803;11.467153096902507;11.662243904514309;11.864087766223543;12.073041492223302;12.289487480338359;12.513836051577702;12.746528046261457;12.988037715282235
346,Na_JVASP-120991_NaAlAs.json,0.4326152801513672,0.3835487365722656;0.2639040946960449;0.630094051361084;-0.017461538314819336;0.30976009368896484;0.07185745239257812;1.3514049053192139;0.018301010131835938;0.8821287155151367,1.3514049053192139,70.29607238942168,70.29607238942167;70.29607238942167;70.29607238942167;70.29607238942167;70.29607238942165;70.29607238942168;70.29607238942165;70.29607238942167;70.29607238942167,28.50863496453326,23.84396699545234;24.341827302818945;24.860921547729205;25.402637784368455;25.968487743905694;26.560120922993427;27.17934064301383;27.828122409368866;28.50863496453326
347,K_JVASP-117353_KAlCO5.json,4.480909824371338,4.105805397033691;4.374961853027344;3.981367588043213;4.118021488189697;4.679581642150879;4.855279922485352;4.352875709533691;4.358297348022461;4.790475845336914;5.2694091796875;4.532148838043213;5.033631801605225;4.346485614776611;4.576308727264404;4.136684417724609;4.183221817016602,5.2694091796875,25.719672274900002,25.7196722749;25.719672274899995;25.719672274900002;25.719672274899995;25.71967227489999;25.7196722749;25.719672274899995;25.7196722749;25.719672274899995;25.7196722749;25.719672274899995;25.719672274899995;25.7196722749;25.719672274899995;25.7196722749;25.7196722749,13.79439038794622,10.595981188041877;10.762340448263618;10.934006785511361;11.111238270177509;11.294309980799577;11.483515428686248;11.679168128177604;11.881603330209364;12.091179939344581;12.308282637332448;12.533324239626817;12.766748315235485;13.009032104882023;13.260689777875914;13.52227607446157;13.79439038794622
348,K_JVASP-100078_K3AlBr6.json,4.210850417613983,2.3886075019836426;2.267970561981201;2.4203224182128906;2.5917978286743164;2.374139428138733;2.687627673149109;2.680037021636963;2.5667505264282227;3.4672653675079346;4.2103965282440186;4.550540447235107;4.597523212432861;4.76361083984375;4.418535232543945;4.473495602607727;4.571975588798523;8.265786528587341;6.845025658607483;5.751254439353943;4.860246777534485;6.583633720874786;6.00373238325119;4.958751916885376;2.761382818222046,8.265786528587341,16.53831564946863,16.53831564946863;16.53831564946863;16.53831564946863;16.538315649468625;16.53831564946863;16.53831564946863;16.538315649468625;16.538315649468625;16.53831564946863;16.53831564946863;16.538315649468625;16.538315649468625;16.53831564946863;16.53831564946863;16.538315649468625;16.538315649468625;16.538315649468625;16.538315649468625;16.538315649468625;16.53831564946863;16.538315649468625;16.538315649468625;16.53831564946863;16.53831564946863,6.552380552047196,5.37146515025537;5.413888124684506;5.456986533347426;5.500776636501283;5.545275220553239;5.590499619515504;5.636467737518862;5.683198072446119;5.730709740751005;5.779022503532493;5.828156793939255;5.878133745984071;5.92897522485361;5.980703858804841;6.033343072745892;6.0869171236060176;6.141451137606878;6.196971149555486;6.25350414428787;6.311078100402107;6.369722036429602;6.429466059604719;6.490341417404982;6.552380552047196
349,Li_JVASP-46248_Li2AlVO4.json,3.2355797290802,1.4300334453582764;1.8819386959075928;1.8427984714508057;2.0142557621002197;2.5205471515655518;2.2700397968292236;2.625636339187622;2.409045457839966;2.79068922996521;2.707707166671753;2.7622416019439697;2.7812063694000244;2.723365545272827;2.7255074977874756;2.8306562900543213;2.8526012897491455;2.9555747509002686;2.8963849544525146;3.132941484451294;3.0933048725128174;3.3297555446624756;3.5189712047576904;3.6885030269622803;4.032629728317261;5.061551809310913;4.2242772579193115;4.705979585647583;4.373760461807251;4.6233789920806885;4.546105623245239;5.072418928146362;5.114742994308472,5.114742994308472,32.7463889984673,32.74638899846729;32.746388998467296;32.746388998467296;32.7463889984673;32.7463889984673;32.746388998467296;32.746388998467296;32.7463889984673;32.746388998467296;32.746388998467296;32.746388998467296;32.746388998467296;32.7463889984673;32.746388998467296;32.746388998467296;32.746388998467296;32.7463889984673;32.746388998467296;32.7463889984673;32.746388998467296;32.7463889984673;32.7463889984673;32.746388998467296;32.746388998467296;32.746388998467296;32.746388998467296;32.746388998467296;32.746388998467296;32.746388998467296;32.7463889984673;32.746388998467296;32.746388998467296,11.767054504623385,10.751374945388404;10.781394357651289;10.811581876476787;10.84193891790686;10.87246691393226;10.903167312717681;10.934041578830767;10.965091193475013;10.996317654726631;11.02772247777551;11.059307195170264;11.091073357067561;11.123022531485717;11.155156304562706;11.187476280818657;11.219984083422915;11.252681354465787;11.285569755235027;11.318650966497232;11.351926688784136;11.385398642684038;11.419068569138343;11.452938229743413;11.487009407057805;11.521283904914988;11.555763548741703;11.590450185882032;11.625345685927337;11.66045194105217;11.695770866356295;11.731304400212935;11.767054504623385
350,Li_JVASP-141089_Li3AlB2O6.json,4.933921575546265,2.6625726222991943;2.641080617904663;2.7328379154205322;2.699784517288208;3.1854960918426514;3.2390286922454834;3.6234891414642334;3.509779691696167;5.397028207778931;5.702216386795044;6.206045389175415;6.35503888130188;6.900239706039429;7.2393577098846436;6.466218709945679;6.9339377880096436;6.782115697860718;6.460314512252808;5.682694673538208;5.351674318313599;5.383135557174683;5.364147901535034;4.783600568771362;4.82429575920105;5.106652021408081;4.755425214767456;4.770967245101929;4.534333944320679;3.9781415462493896;3.880805730819702;3.889697313308716;3.857191324234009;4.876696348190308;4.959529638290405;5.009166955947876;5.049621820449829;5.0692784786224365;5.067183256149292;4.913224935531616;4.875777006149292;5.254260778427124;5.06070876121521;5.125529050827026;5.067713499069214;5.502188444137573;5.28401255607605;5.4500343799591064;5.363964319229126,7.2393577098846436,24.273843659887987,24.273843659887984;24.273843659887984;24.273843659887984;24.273843659887984;24.273843659887984;24.273843659887984;24.273843659887987;24.273843659887987;24.27384365988798;24.273843659887984;24.273843659887984;24.273843659887984;24.273843659887984;24.273843659887984;24.273843659887987;24.273843659887984;24.27384365988798;24.273843659887987;24.273843659887984;24.273843659887984;24.273843659887984;24.27384365988798;24.273843659887987;24.273843659887984;24.27384365988798;24.273843659887984;24.27384365988798;24.273843659887987;24.27384365988798;24.27384365988798;24.273843659887987;24.273843659887984;24.273843659887984;24.273843659887987;24.273843659887984;24.273843659887987;24.273843659887987;24.273843659887984;24.273843659887987;24.273843659887984;24.273843659887987;24.27384365988798;24.273843659887984;24.273843659887984;24.273843659887984;24.27384365988798;24.273843659887987;24.273843659887984,11.54967428177788,10.126120350938104;10.15274536368033;10.179510757952484;10.206417646940743;10.233467155632157;10.260660420971435;10.28799859202023;10.315482830119013;10.343114309051499;10.370894215211779;10.3988237477741;10.426904118865428;10.455136553740804;10.48352229096156;10.512062582576437;10.540758694305692;10.569611905728193;10.598623510471628;10.627794816405839;10.657127145839366;10.686621835719242;10.716280237834127;10.74610371902083;10.776093661374286;10.80625146246107;10.836578535536484;10.86707630976534;10.897746230446447;10.928589759240948;10.959608374404514;10.990803571023516;11.022176861255241;11.053729774572243;11.085463858010893;11.117380676424204;11.14948181273909;11.181768868218029;11.214243462725339;11.246907234998082;11.279761842921712;11.312808963810582;11.3460502946934;11.379487552603711;11.41312247487555;11.446956819444345;11.480992365153192;11.515230912064608;11.54967428177788
351,Li_JVASP-114307_LiAlH.json,0.6434142589569092,0.3299124240875244;0.6220870018005371;0.6960535049438477;0.41055870056152344;0.4681057929992676;0.49909400939941406;0.25630617141723633;0.22083497047424316;0.17322945594787598;0.5344491004943848;0.4642953872680664;0.5609006881713867;0.6952061653137207;0.5473525524139404;0.5738847255706787;0.42660975456237793;0.4615781307220459;0.9840211868286133;0.6365652084350586;0.6633255481719971;0.5468308925628662;0.783592939376831;0.6653430461883545;0.9917018413543701;1.2661254405975342;1.1040146350860596;1.790205717086792,1.790205717086792,47.97780313754001,47.97780313753999;47.97780313753999;47.97780313754;47.97780313754001;47.97780313754;47.97780313754;47.97780313754;47.97780313754001;47.97780313754001;47.97780313754;47.97780313754;47.97780313754;47.97780313754;47.97780313754;47.97780313754;47.97780313754;47.97780313754;47.97780313754;47.97780313753999;47.97780313753999;47.97780313754;47.97780313754001;47.97780313754001;47.97780313754001;47.97780313754001;47.97780313754;47.97780313754,35.142251490746524,28.41780295042765;28.628497010632735;28.842338645243867;29.059398917849233;29.279751047486002;29.503470490986654;29.730635029129434;29.961324856799706;30.195622677381635;30.433613801613646;30.675386251155885;30.921030867133812;31.170641423939134;31.424314748587506;31.68215084595223;31.944253030214245;32.21072806289127;32.48168629783367;32.75724183360062;33.03751267365872;33.322620894875456;33.61269282481309;33.90785922836382;34.20825550430565;34.5140218923995;34.82530369169324;35.142251490746524
352,Na_JVASP-97007_NaAlSiO4.json,3.1029701232910156,2.3996663093566895;2.1475043296813965;3.0003137588500977;3.6810808181762695;2.2662715911865234;3.1818037033081055;4.045539379119873;4.10158109664917,4.10158109664917,58.671525531131884,58.671525531131884;58.67152553113187;58.671525531131884;58.67152553113188;58.67152553113188;58.671525531131884;58.671525531131884;58.67152553113188,27.47441557138171,23.583817074996695;24.070761892982333;24.578238950409283;25.107574841662835;25.660212958808355;26.237726634946227;26.841834103272706;27.47441557138171
353,K_JVASP-107809_K2RbAlI6.json,2.895666003227234,2.233742117881775;3.557589888572693,3.557589888572693,97.73976230597832,97.73976230597832;97.7397623059783,29.356222519313214,28.15066508207003;29.356222519313214
354,K_JVASP-14253_KAlS2O8.json,5.098236083984375,4.161293029785156;4.580147743225098;4.790621280670166;4.846861362457275;5.1659369468688965;5.44519567489624;6.016568660736084;5.779263973236084,6.016568660736084,34.549554876671394,34.54955487667139;34.54955487667138;34.54955487667139;34.549554876671394;34.54955487667139;34.54955487667139;34.54955487667139;34.549554876671394,14.956582675304166,12.974902381083467;13.225228613435643;13.485404010407718;13.756021514490255;14.037722638195522;14.331202541207697;14.63721575800537;14.956582675304166
355,Li_JVASP-34205_LiAlAs2O7.json,4.828373670578003,4.159534692764282;4.49397873878479;4.4889843463897705;5.014163255691528;5.01254677772522;5.166539430618286;5.371867418289185;4.919374704360962,5.371867418289185,45.607829916970914,45.60782991697091;45.60782991697091;45.607829916970914;45.607829916970914;45.60782991697091;45.60782991697091;45.607829916970914;45.607829916970914,11.564798259292388,11.327318575623913;11.36064535629293;11.39416882106265;11.427890716237012;11.461812808854582;11.495936886997224;11.530264760104279;11.564798259292388
356,Li_JVASP-62361_Li3AlF6.json,6.716403086980184,3.4482524394989014;3.8998286724090576;4.712124586105347;5.972304105758667;7.854058027267456;10.39134669303894;11.187319040298462;5.782151460647583;4.702944278717041;4.860642433166504;6.57606315612793;6.622701168060303;5.197633743286133;5.735657215118408;7.003800630569458;6.73026967048645;6.991988897323608;7.065263509750366;7.031449556350708;7.308378458023071;7.785606145858765;8.16916298866272;7.945671558380127;8.219055652618408,11.187319040298462,58.01941164510463,58.019411645104626;58.01941164510461;58.01941164510462;58.01941164510461;58.01941164510462;58.01941164510463;58.019411645104626;58.01941164510462;58.01941164510462;58.01941164510463;58.01941164510462;58.01941164510462;58.01941164510462;58.019411645104626;58.01941164510462;58.01941164510462;58.01941164510461;58.01941164510462;58.01941164510461;58.019411645104626;58.01941164510462;58.01941164510462;58.01941164510462;58.019411645104626,23.619536267691906,20.706363261827736;20.81799972601602;20.930846470899837;21.04492328521057;21.16025039145208;21.276848457851678;21.394738610708323;21.51394244715376;21.634482048342512;21.75637999308786;21.8796593719614;22.00434380187468;22.130457441162303;22.25802500518662;22.387071782485382;22.517623651484236;22.649707097797545;22.78334923214162;22.918577808885907;23.055421245268807;23.193908641305942;23.334069800420405;23.475935250825422;23.619536267691906
357,Ca_JVASP-95566_Ca2AlH8S2ClO12F2.json,8.861931800842285,8.885168075561523;8.838695526123047,8.885168075561523,142.72945186897763,142.72945186897763;142.72945186897763,66.22626254499443,60.25869665892002;66.22626254499443
358,Na_JVASP-12876_Na3AlTe3.json,2.3543624877929688,1.0146528482437134;1.0473452806472778;1.5901098251342773;1.5948936939239502;1.133651614189148;1.1486650705337524;1.7389487028121948;1.7283817529678345;1.9157540798187256;2.039811134338379;2.2817251682281494;2.5780324935913086;3.0531911849975586;3.2036080360412598;2.959449052810669;3.2872822284698486;3.4074866771698;3.6597325801849365;3.4174509048461914;3.604982852935791;2.5387721061706543;2.3965842723846436;2.4337185621261597;2.730469584465027,3.6597325801849365,25.438056331729648,25.438056331729644;25.43805633172964;25.438056331729648;25.438056331729644;25.43805633172964;25.438056331729644;25.43805633172964;25.438056331729644;25.438056331729644;25.438056331729644;25.43805633172964;25.438056331729648;25.438056331729644;25.43805633172964;25.43805633172964;25.43805633172964;25.438056331729644;25.438056331729644;25.438056331729644;25.438056331729644;25.438056331729644;25.43805633172964;25.43805633172964;25.438056331729644,8.118605278622534,6.997763440108622;7.040021451267872;7.082792937551362;7.12608731498439;7.169914231234297;7.214283572777778;7.259205472335973;7.304690316589078;7.350748754182818;7.397391704039733;7.444630363988926;7.492476219728578;7.5409410541363;7.590036956943191;7.63977633478827;7.6901719216708475;7.741236789819341;7.792984360996018;7.845428418258191;7.898583118197541;7.95246300368036;8.007083017112835;8.06245851425676;8.118605278622534
359,Na_JVASP-118654_NaAlSe2.json,2.24394154548645,2.6013901233673096;2.262641668319702;2.580272674560547;2.73056697845459;1.8567237854003906;1.7372570037841797;2.2168614864349365;1.9658186435699463,2.73056697845459,55.05016954797463,55.05016954797463;55.050169547974626;55.050169547974626;55.05016954797462;55.05016954797462;55.05016954797463;55.05016954797462;55.05016954797463,17.84146204575001,16.115080540417296;16.340964810567;16.573271520547294;16.812278528859682;17.05827995678364;17.31158739584962;17.572531224516176;17.84146204575001
360,Li_JVASP-97972_LiAlGe2O6.json,3.4926187992095947,3.261300802230835;3.3256566524505615;3.3782503604888916;3.3718979358673096;3.5128567218780518;3.499760866165161;3.707578420639038;3.883648633956909,3.883648633956909,51.9540118121484,51.954011812148394;51.954011812148394;51.9540118121484;51.9540118121484;51.9540118121484;51.954011812148394;51.9540118121484;51.954011812148394,12.44840930502705,12.173684924738618;12.212186520652773;12.250932426495796;12.289924975053415;12.329166528905557;12.368659480903547;12.408406254656487;12.44840930502705
361,Li_JVASP-12869_Li5AlO4.json,4.627740383148193,2.164201021194458;2.1969263553619385;2.3835599422454834;2.4080464839935303;2.5620429515838623;2.7751576900482178;2.844352960586548;2.934337854385376;4.860939264297485;5.3191893100738525;5.132102727890015;5.9277637004852295;5.1983349323272705;5.8497936725616455;5.889032602310181;5.862510919570923;4.313069581985474;3.8886148929595947;3.5748531818389893;3.1053335666656494;2.922673463821411;2.8230745792388916;2.856311559677124;2.8762929439544678;3.61409068107605;3.443420171737671;3.5507285594940186;3.1774938106536865;4.11853814125061;4.098361253738403;3.970446825027466;3.828779458999634;3.8882505893707275;4.057968378067017;4.091196298599243;4.293659448623657;3.8501880168914795;4.204442739486694;3.878774404525757;4.287195920944214;5.505080461502075;5.089898347854614;5.243364572525024;4.925508737564087;5.551075220108032;5.40323281288147;4.89302659034729;4.908384561538696;6.0728538036346436;5.336382627487183;6.419327020645142;5.4349377155303955;5.822491407394409;5.761078596115112;5.038075685501099;5.787855386734009;5.678386211395264;5.099056243896484;5.180238962173462;4.723489999771118;4.958866119384766;4.901334762573242;4.3764166831970215;4.167139530181885;5.911781311035156;6.28547477722168;6.02344536781311;6.419701337814331;5.277600526809692;5.383984327316284;5.791930437088013;5.442418813705444;5.5560853481292725;4.869837522506714;5.65929388999939;5.19175124168396;5.453172206878662;5.5984110832214355;5.731824636459351;6.322964906692505,6.419701337814331,29.82098836428305,29.820988364283046;29.820988364283046;29.82098836428305;29.820988364283046;29.82098836428305;29.82098836428305;29.820988364283043;29.820988364283043;29.820988364283043;29.820988364283046;29.820988364283043;29.820988364283046;29.820988364283046;29.820988364283046;29.820988364283046;29.820988364283046;29.820988364283043;29.82098836428305;29.820988364283043;29.82098836428305;29.820988364283043;29.820988364283043;29.820988364283043;29.820988364283046;29.820988364283043;29.820988364283046;29.820988364283046;29.820988364283046;29.82098836428305;29.820988364283043;29.820988364283046;29.820988364283046;29.820988364283046;29.820988364283046;29.820988364283046;29.820988364283043;29.820988364283046;29.820988364283043;29.820988364283046;29.820988364283043;29.820988364283046;29.820988364283043;29.820988364283046;29.820988364283043;29.820988364283046;29.820988364283046;29.820988364283046;29.82098836428305;29.820988364283043;29.82098836428305;29.820988364283046;29.820988364283046;29.820988364283043;29.820988364283046;29.820988364283046;29.820988364283046;29.82098836428305;29.820988364283043;29.820988364283043;29.820988364283043;29.820988364283046;29.820988364283043;29.82098836428305;29.820988364283046;29.820988364283046;29.820988364283043;29.820988364283043;29.82098836428305;29.820988364283043;29.82098836428305;29.820988364283046;29.82098836428304;29.820988364283046;29.820988364283043;29.820988364283046;29.820988364283043;29.82098836428305;29.820988364283046;29.820988364283046;29.820988364283043,18.324455833801917,13.327796201878447;13.373957874824603;13.420440426958411;13.467247215693762;13.514381645447399;13.561847168464357;13.609647285660824;13.657785547484927;13.706265554795817;13.755090959761555;13.804265466776277;13.853792833397062;13.903676871301087;13.953921447263491;14.004530484156565;14.055507961970713;14.106857918857841;14.158584452197674;14.21069171968761;14.263183940456774;14.316065396204785;14.369340432366029;14.423013459299952;14.477088953508177;14.531571458879093;14.586465587960623;14.641776023262013;14.697507518585274;14.753664900387223;14.8102530691728;14.867277000920629;14.924741748541608;14.982652443371457;15.041014296698174;15.099832601325295;15.159112733172012;15.218860152911095;15.27908040764574;15.339779132626353;15.400962053008431;15.4626349856527;15.524803840968621;15.587474624802628;15.650653440372208;15.714346490247273;15.778560078380053;15.84330061218501;15.908574604670143;15.974388676621182;16.040749558840275;16.10766409444064;16.175139241198952;16.243182073967063;16.311799787144864;16.380999697216104;16.450789245348993;16.521176000063626;16.59216765996811;16.663772056565605;16.73599715713431;16.8088510676827;16.882342035982276;16.956478454680234;17.0312688644945;17.10672195749368;17.182846580464624;17.25965173837027;17.337146597900645;17.415340491119977;17.49424291921294;17.573863556333194;17.654212253557503;17.735299042948846;17.817134141731955;17.89972795658507;17.98309108805156;18.067234335075412;18.15216869966468;18.237905391687033;18.324455833801917
362,Na_JVASP-120116_NaAlAs.json,0.8705613613128662,0.4414045810699463;0.156846284866333;0.37527334690093994;0.14151322841644287;1.1512715816497803;1.1217200756072998;0.8922245502471924;0.7490489482879639;1.3167853355407715;0.851496696472168;1.0861632823944092;0.8578269481658936;1.280043125152588;1.0680122375488281;1.4216928482055664;1.0176587104797363,1.4216928482055664,39.44155726900399,39.44155726900399;39.44155726900398;39.44155726900398;39.44155726900398;39.44155726900399;39.44155726900399;39.44155726900399;39.44155726900399;39.44155726900399;39.44155726900399;39.44155726900398;39.44155726900398;39.44155726900398;39.44155726900398;39.44155726900398;39.44155726900398,16.209527756544,13.412231434941944;13.56833157794972;13.728108095928508;13.891692412075443;14.059222289293848;14.230842217134944;14.406703827430015;14.58696634112591;14.771797049091527;14.961371829947057;15.155875708285173;15.355503457008334;15.560460247904107;15.770962355026425;15.987237915951876;16.209527756544
363,Li_JVASP-100197_LiCe2Al.json,0.24811577796936035,-0.13318419456481934;-0.22686266899108887;0.22481274604797363;0.8370468616485596;-0.257615327835083;1.003694772720337;0.18891549110412598;0.34811854362487793,1.003694772720337,57.990722038336656,57.990722038336656;57.99072203833665;57.99072203833664;57.99072203833664;57.99072203833665;57.99072203833665;57.99072203833665;57.99072203833664,10.874358987064305,10.664131051770482;10.693664576160222;10.723362136670866;10.75322510375094;10.783254863157582;10.8134528161709;10.843820379811932;10.874358987064305
364,Li_JVASP-58438_K2LiAlF6.json,3.050919532775879,3.2644505500793457;3.0007128715515137;2.8837575912475586;2.8521947860717773;2.9353396892547607;3.0318796634674072;3.143010139465332;3.296010971069336,3.296010971069336,45.80469068202261,45.80469068202261;45.8046906820226;45.80469068202261;45.80469068202261;45.8046906820226;45.8046906820226;45.804690682022596;45.8046906820226,15.225610295121374,14.81664553562224;14.87371879868227;14.931233450868785;14.989194632434002;15.047607563756447;15.106477546908327;15.165809967259825;15.225610295121374
365,Na_JVASP-15800_NaAlGe.json,0.8604631423950195,0.08058631420135498;0.11402928829193115;0.6464039087295532;0.5645853281021118;0.6596981287002563;0.6117361783981323;0.5274914503097534;0.623271107673645;1.8043615818023682;1.4749221801757812;1.7523090839385986;0.4130277633666992;2.5318684577941895;0.825495719909668;0.8128013610839844;0.32482242584228516,2.5318684577941895,43.036642842093705,43.0366428420937;43.0366428420937;43.036642842093705;43.036642842093705;43.0366428420937;43.0366428420937;43.036642842093705;43.0366428420937;43.0366428420937;43.0366428420937;43.0366428420937;43.0366428420937;43.0366428420937;43.036642842093705;43.036642842093705;43.036642842093705,16.575490989975567,13.661811573764972;13.823810402223675;13.989697228377917;14.159613721111894;14.333708516679366;14.512137652360357;14.695065032915638;14.882662932769902;15.075112537157692;15.27260452580514;15.475339703099957;15.683529679127563;15.897397606428747;16.11717897787136;16.34312249163321;16.575490989975567
366,Li_JVASP-104541_Rb2LiAlF6.json,2.7702853679656982,3.0772347450256348;2.954489231109619;2.6948816776275635;2.817509412765503;2.6659481525421143;2.6907870769500732;2.7077744007110596;2.5536582469940186,3.0772347450256348,41.91205664147505,41.91205664147504;41.91205664147505;41.91205664147505;41.91205664147504;41.91205664147505;41.91205664147505;41.91205664147505;41.91205664147504,10.711160457641299,10.507136031144654;10.535805215232983;10.564631277637252;10.593615509551833;10.62275921637973;10.652063717928561;10.681530348609794;10.711160457641299
367,Li_JVASP-27075_LiAl5O8.json,4.388089895248413,3.411010980606079;3.7495052814483643;3.906043767929077;3.8252904415130615;3.862987756729126;3.850726366043091;3.8318545818328857;3.7980411052703857;3.8676955699920654;3.806795835494995;3.7840659618377686;3.7746284008026123;3.866103410720825;3.938983201980591;3.869757890701294;3.8848869800567627;3.899948835372925;4.0176684856414795;3.9734084606170654;3.990309476852417;4.0000011920928955;4.015753984451294;3.9815776348114014;3.964660406112671;5.465304136276245;5.62121844291687;5.7772157192230225;6.008586645126343;5.328016042709351;5.967585325241089;6.562787294387817;6.816457033157349,6.816457033157349,10.970503372383968,10.970503372383966;10.970503372383966;10.970503372383966;10.970503372383966;10.970503372383966;10.970503372383964;10.970503372383968;10.970503372383966;10.970503372383966;10.970503372383966;10.970503372383966;10.970503372383966;10.970503372383966;10.970503372383966;10.970503372383964;10.970503372383966;10.970503372383964;10.970503372383966;10.970503372383968;10.970503372383966;10.970503372383964;10.970503372383964;10.970503372383966;10.970503372383966;10.970503372383964;10.970503372383966;10.970503372383964;10.970503372383966;10.970503372383966;10.970503372383966;10.970503372383966;10.970503372383966,3.1831367115742517,3.1038178526972344;3.1063147744602464;3.108815716844427;3.1113206895687933;3.1138297023837143;3.1163427650710376;3.1188598874442115;3.1213810793484185;3.1239063506606994;3.126435711290084;3.128969171177722;3.13150674029701;3.1340484286537262;3.1365942462861587;3.139144203265238;3.141698309694674;3.144256575711082;3.1468190114841232;3.1493856272166387;3.1519564331447794;3.1545314395381503;3.1571106566999405;3.159694094967063;3.1622817647102957;3.164873676334413;3.1674698402783346;3.1700702670152574;3.1726749670527994;3.175283950933145;3.1778972292331793;3.1805148125646396;3.1831367115742517
368,K_JVASP-147334_KAlNiF6.json,4.77688193321228,3.68264102935791;3.768528461456299;3.8387460708618164;3.940556049346924;3.9301838874816895;4.0758891105651855;4.170383930206299;4.3587822914123535;5.729579925537109;5.830908298492432;5.694865703582764;5.774614334106445;5.595075607299805;5.542477130889893;5.349752902984619;5.147126197814941,5.830908298492432,22.858797461160965,22.85879746116096;22.858797461160965;22.858797461160965;22.85879746116096;22.858797461160965;22.85879746116096;22.858797461160965;22.858797461160965;22.85879746116096;22.858797461160965;22.85879746116096;22.85879746116096;22.85879746116096;22.85879746116096;22.85879746116096;22.858797461160965,8.288065213439003,7.015693261294326;7.088238344108394;7.1622993931398655;7.237924428581401;7.315163520404495;7.394068898909684;7.474695072509508;7.5570989533023765;7.641339991045267;7.727480316188021;7.815584892692439;7.905721681426113;7.997961814994645;8.092379784957524;8.189053642463183;8.288065213439003
369,Na_JVASP-118640_NaAlO2.json,3.5685553550720215,0.977757453918457;1.0298337936401367;2.225531578063965;2.510190010070801;7.006295680999756;8.567187786102295;3.5456085205078125;2.686038017272949,8.567187786102295,145.4661428460711,145.4661428460711;145.4661428460711;145.4661428460711;145.46614284607108;145.46614284607108;145.4661428460711;145.4661428460711;145.4661428460711,54.16273698344047,40.870815676409585;42.355729623889054;43.95261101832935;45.67462009908473;47.53706361071029;49.55785103967454;51.75807238439913;54.16273698344047
370,Li_JVASP-146921_LiAlVO4.json,3.2309582233428955,2.5002501010894775;2.822068452835083;2.9548861980438232;2.7676379680633545;3.065932035446167;2.9741313457489014;3.207288980484009;3.729853868484497;3.41418194770813;3.4105141162872314;3.839372396469116;4.085381269454956,4.085381269454956,54.975024814015015,54.975024814015015;54.975024814015015;54.97502481401501;54.975024814015015;54.975024814015015;54.975024814015015;54.97502481401501;54.97502481401501;54.97502481401501;54.975024814015015;54.97502481401501;54.97502481401501,15.673484823551963,15.003575139287715;15.06210042493366;15.12108408430114;15.180531523578717;15.240448234306664;15.30083979506801;15.361711873219985;15.423070226666944;15.484920705675949;15.547269254736229;15.610121914463706;15.673484823551963
371,Li_JVASP-122194_Li3AlCo2O6.json,3.892763376235962,3.010976552963257;3.0717408657073975;3.1548855304718018;3.5214006900787354;3.7914655208587646;3.8632285594940186;3.6129772663116455;3.717761278152466;4.1068408489227295;2.0420987606048584;2.667311906814575;3.1415817737579346;3.46822190284729;3.4190638065338135;3.774249792098999;3.6148746013641357;4.400802373886108;4.3756043910980225;2.8748891353607178;3.827735662460327;6.184069871902466;6.701716661453247;4.110830545425415;5.166727304458618;3.697993516921997;4.461184740066528;5.3243772983551025,6.701716661453247,50.779744953703755,50.77974495370375;50.77974495370375;50.77974495370374;50.77974495370375;50.779744953703755;50.77974495370375;50.77974495370375;50.77974495370375;50.77974495370375;50.77974495370374;50.77974495370374;50.77974495370374;50.779744953703755;50.779744953703755;50.77974495370375;50.77974495370375;50.77974495370375;50.77974495370375;50.77974495370374;50.77974495370374;50.779744953703755;50.779744953703755;50.77974495370375;50.77974495370375;50.77974495370375;50.779744953703755;50.77974495370374,12.32512710097838,11.380642701516043;11.414284462891628;11.44812570748122;11.48216821485354;11.516413785807552;11.550864242690034;11.585521429718817;11.620387213311895;11.65546348242247;11.690752148880108;11.726255147738087;11.761974437627117;11.79791200111553;11.83406984507608;11.870450001059549;11.907054525675225;11.94388550097847;11.980945034865469;12.018235261475406;12.055758341600106;12.093516463101432;12.131511841336527;12.169746719591084;12.208223369520862;12.246944091601588;12.28591121558745;12.32512710097838
372,Ca_JVASP-98098_Ca10Al6Ge9.json,3.1933634877204895,1.2018306255340576;1.6649794578552246;1.7169767618179321;1.9243038892745972;2.841973662376404;2.103103756904602;2.7782950401306152;3.6151509284973145;2.995043635368347;2.8087512254714966;2.9843528270721436;5.2551023960113525;4.487081289291382;3.7352378368377686;5.473583698272705;4.406259775161743;4.209152638912201;4.26982718706131;2.1725306510925293;3.2237324714660645,5.473583698272705,38.08265520704498,38.08265520704497;38.08265520704498;38.08265520704497;38.08265520704497;38.08265520704498;38.08265520704498;38.08265520704497;38.08265520704497;38.08265520704498;38.08265520704498;38.08265520704498;38.08265520704497;38.08265520704497;38.08265520704497;38.08265520704497;38.08265520704498;38.08265520704498;38.08265520704497;38.08265520704497;38.08265520704497,16.035574241483136,11.016457293556833;11.200978014200256;11.391785310862213;11.589206024408153;11.793590052003433;12.005312416684315;12.2247755639257;12.452411914793911;12.688686709763893;12.934101182553555;13.189196109536875;13.454555787630959;13.730812502240743;14.018651557172921;14.318816950748703;14.632117797088885;14.959435609256776;15.301732582304277;15.660061040127772;16.035574241483136
373,Ca_JVASP-86111_CaAlAu.json,2.1550300121307373,1.0032801628112793;0.9603047370910645;0.9345011711120605;0.8695192337036133;1.324386477470398;1.296002984046936;1.2262320518493652;1.2296290397644043;1.1721513271331787;1.1564908027648926;1.216953158378601;1.225742220878601;1.5277223587036133;1.4483602046966553;1.6257766485214233;1.4971197843551636;2.524876356124878;2.489391326904297;2.2691357135772705;2.239932060241699;2.2873541116714478;2.3111261129379272;2.5520435571670532;2.698537230491638;3.2965056896209717;3.4483702182769775;3.281651258468628;3.317960023880005;4.101014852523804;4.536020517349243;3.850455164909363;4.042413830757141,4.536020517349243,21.622931959500885,21.62293195950088;21.62293195950088;21.62293195950088;21.62293195950088;21.62293195950088;21.622931959500878;21.62293195950088;21.62293195950088;21.62293195950088;21.622931959500885;21.62293195950088;21.62293195950088;21.62293195950088;21.62293195950088;21.62293195950088;21.622931959500878;21.62293195950088;21.622931959500878;21.62293195950088;21.62293195950088;21.622931959500885;21.62293195950088;21.62293195950088;21.62293195950088;21.622931959500878;21.62293195950088;21.62293195950088;21.62293195950088;21.62293195950088;21.622931959500885;21.62293195950088;21.62293195950088,3.7191130783578292,3.1722101278090507;3.1873295837288005;3.202593855221537;3.2180050328850287;3.2335652477522223;3.2492766722735844;3.2651415213282236;3.2811620532647767;3.297340570973092;3.313679422987776;3.330181004624706;3.3468477591516788;3.363682178994383;3.380686806978956;3.397864237612417;3.415217118402338;3.4327481512171594;3.4504600936886196;3.4683557606578224;3.4864380256665433;3.504709822495427;3.523174146750811;3.541834057501971;3.5606926789706757;3.5797532022750063;3.5990188872294846;3.618493064203642;3.6381791360412628;3.658080580042614;3.6782009500120907;3.698543878373816;3.7191130783578292
374,Li_JVASP-105796_LiAl2Au.json,0.3574826717376709,0.47315239906311035;0.5331523418426514;0.1752934455871582;0.6863608360290527;0.2696864604949951;0.604081392288208;0.3463022708892822;-0.22816777229309082,0.6863608360290527,90.75602263292427,90.75602263292426;90.75602263292427;90.75602263292426;90.75602263292426;90.75602263292426;90.75602263292426;90.75602263292426;90.75602263292426,13.305089265553919,12.991727517293857;13.035586719938875;13.079743057156145;13.124199558721608;13.16895929574308;13.214025381367481;13.25940097150262;13.305089265553919
375,Ca_JVASP-103508_CaNdAlO4.json,7.711669445037842,3.3333053588867188;3.5574817657470703;5.15344762802124;5.39721155166626;13.522289752960205;11.373680591583252;9.651186466217041;9.704752445220947,13.522289752960205,66.64501488293355,66.64501488293355;66.64501488293355;66.64501488293355;66.64501488293355;66.64501488293354;66.64501488293355;66.64501488293355;66.64501488293355,13.945688623402482,12.169254096383463;12.394808347792047;12.628881688090813;12.871966050931366;13.124591988836633;13.38733253874711;13.660807561356958;13.945688623402482
376,K_JVASP-88209_K3AlH6.json,3.468684196472168,1.0721073150634766;1.7634797096252441;1.8469805717468262;0.7823085784912109;1.5795416831970215;2.082876205444336;3.624484062194824;3.4392600059509277;3.2524752616882324;3.734673023223877;3.319552421569824;3.350635528564453;0.9281764030456543;1.564157485961914;2.060145854949951;2.374917984008789;4.518798351287842;5.179040908813477;4.824572563171387;5.5073981285095215;6.294575214385986;2.1128039360046387;3.814645767211914;6.008150100708008;4.790314197540283;4.318774223327637;5.13025426864624;4.306780815124512;4.783761978149414;5.660694122314453;2.684642791748047;3.208566665649414;3.1558384895324707;3.762296676635742;3.865800142288208;4.16914963722229,6.294575214385986,23.503956100625754,23.50395610062575;23.503956100625746;23.50395610062575;23.50395610062575;23.503956100625746;23.50395610062575;23.50395610062575;23.50395610062575;23.50395610062575;23.50395610062575;23.503956100625746;23.50395610062575;23.50395610062575;23.503956100625754;23.503956100625754;23.50395610062575;23.50395610062575;23.503956100625746;23.503956100625746;23.50395610062575;23.50395610062575;23.503956100625746;23.50395610062575;23.50395610062575;23.50395610062575;23.50395610062575;23.503956100625746;23.50395610062575;23.50395610062575;23.50395610062575;23.50395610062575;23.50395610062575;23.50395610062575;23.503956100625746;23.503956100625746;23.503956100625754,61.54914957131051,14.857611640751426;15.186776666332172;15.530857204484297;15.89089056087276;16.268012510340977;16.663469265275634;17.078631233086313;17.51500888279677;17.97427110786991;18.458266555781307;18.96904849901767;19.508903953018205;20.080387911913366;20.686363783157287;21.33005137126978;22.015084107810353;22.74557767521139;23.52621276175523;24.36233546324578;25.260079883300783;26.226518877427537;27.269850778107866;28.399632535669486;29.62707331767482;30.965407684341155;32.43037469307062;34.04083975454205;35.81961145579421;37.79452859694498;39.99992781473388;42.47865688321999;45.284886031674745;48.48811241389023;52.17899348183782;56.47806405830815;61.54914957131051
377,Li_JVASP-119496_Li2Al2Si4O13.json,4.353288650512695,5.241208791732788;5.2735278606414795;4.473056077957153;4.18645977973938;3.6326377391815186;3.7220752239227295;4.136394262313843;4.160949468612671,5.2735278606414795,37.87843275302955,37.87843275302955;37.87843275302954;37.87843275302955;37.87843275302954;37.87843275302954;37.87843275302954;37.87843275302955;37.87843275302955,17.818592423825237,17.261020187910685;17.338527364041965;17.41673374089521;17.495648822689112;17.575282286680572;17.655643987120683;17.736743959319828;17.818592423825237
378,Na_JVASP-45953_Na2AlPCO7.json,4.119316577911377,2.573286533355713;2.838074207305908;2.6797165870666504;3.153656482696533;3.7637429237365723;3.9066414833068848;4.511270046234131;4.717471599578857;3.643080711364746;4.223920822143555;4.193471908569336;4.982914924621582;5.383553981781006;5.342635631561279;5.175949573516846;4.819677829742432,5.383553981781006,38.55340148141688,38.55340148141687;38.55340148141687;38.55340148141688;38.55340148141687;38.55340148141687;38.55340148141688;38.55340148141687;38.55340148141687;38.55340148141687;38.55340148141688;38.55340148141687;38.55340148141688;38.55340148141688;38.55340148141688;38.55340148141686;38.55340148141687,18.12522364877971,14.697576062704785;14.885238489256544;15.077755139923262;15.275316827335532;15.478124497665663;15.686389912385435;15.90033638581476;16.120199583861428;16.34622838995786;16.57868584488407;16.817850167937998;17.06401586778811;17.317494952333593;17.578618248022416;17.84773684035744;18.12522364877971
379,K_JVASP-150051_KAlO2.json,4.3207573890686035,1.259803295135498;1.352220058441162;1.621894359588623;1.1572356224060059;1.4964323043823242;1.6847782135009766;2.32566499710083;2.759411334991455;3.509349822998047;3.989901542663574;10.2311110496521;11.28693151473999;6.563891887664795;5.644404888153076;5.958616733551025;8.290470600128174,11.28693151473999,43.10444435978303,43.10444435978303;43.10444435978303;43.104444359783024;43.10444435978302;43.104444359783024;43.104444359783024;43.10444435978303;43.104444359783024;43.10444435978303;43.104444359783024;43.104444359783024;43.10444435978303;43.104444359783024;43.10444435978303;43.10444435978303;43.10444435978303,27.27098636367468,17.079076636667796;17.51547733857011;17.974764452894;18.458786827626056;18.969597963886276;19.509485138738746;20.08100364681253;20.68701724207714;21.330746130307084;22.015824209770134;22.74636770830366;23.527057954769703;24.363241801374972;25.26105425003325;26.227569229623278;27.27098636367468
380,Na_JVASP-95587_Na3Li3Al2F12.json,5.972128073374431,3.083660125732422;4.000428199768066;6.107440710067749;9.17113995552063;13.853134632110596;8.874100685119629;4.385638236999512;3.998382091522217;3.925443649291992;5.067439079284668;4.252183675765991;4.946545839309692,13.853134632110596,49.85292695244787,49.85292695244787;49.852926952447866;49.852926952447866;49.85292695244787;49.852926952447866;49.852926952447866;49.85292695244786;49.852926952447866;49.852926952447866;49.852926952447866;49.85292695244786;49.852926952447866,21.718179942909604,18.02452900143386;18.307583964113007;18.599670883406613;18.901229067157725;19.212726782890076;19.53466368411383;19.867573484725995;20.212026911614807;20.568634969827293;20.938052559595977;21.32098249027003;21.718179942909604
381,Li_JVASP-46252_Li2AlCoO4.json,4.539734601974487,3.3633010387420654;3.5958011150360107;3.435943841934204;3.5744869709014893;3.4111406803131104;3.552543878555298;3.4946043491363525;3.588728189468384;5.266080141067505;5.013299226760864;5.10165810585022;4.87087082862854;4.257599115371704;4.169983148574829;4.248616456985474;4.173556566238403;4.1886045932769775;4.316385507583618;4.237185716629028;4.384564638137817;4.624179124832153;4.583848237991333;4.22735857963562;4.560437917709351;5.45674729347229;5.605043649673462;5.671410799026489;6.027573823928833;5.6371471881866455;5.5450756549835205;5.471987009048462;5.61574387550354,6.027573823928833,31.55512990486784,31.555129904867833;31.555129904867833;31.555129904867833;31.555129904867833;31.55512990486784;31.55512990486783;31.555129904867837;31.555129904867833;31.55512990486784;31.55512990486783;31.555129904867833;31.555129904867837;31.55512990486784;31.55512990486783;31.555129904867833;31.555129904867837;31.555129904867837;31.55512990486783;31.555129904867833;31.555129904867837;31.555129904867833;31.55512990486784;31.55512990486783;31.555129904867833;31.555129904867833;31.555129904867837;31.55512990486783;31.555129904867833;31.555129904867837;31.555129904867837;31.55512990486783;31.555129904867833,11.14157315316408,10.226804238296584;10.253962057601715;10.281264499008262;10.308712720823026;10.336307893755388;10.364051201083766;10.391943838824748;10.419987015904958;10.44818195433573;10.476529889390603;10.505032069785738;10.53368975786326;10.562504229777637;10.591476775685107;10.620608699936247;10.649901321271697;10.679355973021183;10.708974003305809;10.738756775243731;10.768705667159299;10.798822072795671;10.829107401531044;10.859563078598486;10.890190545309546;10.920991259281601;10.951966694669117;10.983118342398834;11.014447710408968;11.045956323892552;11.07764572554493;11.109517475815545;11.14157315316408
382,Li_JVASP-61409_Li3AlB2O6.json,4.927245855331421,2.552645444869995;2.5572240352630615;2.640141725540161;2.604947328567505;3.1222736835479736;3.155400514602661;3.457427740097046;3.4546077251434326;5.2811572551727295;5.389532804489136;5.844552755355835;6.087653875350952;6.979048013687134;7.439456224441528;6.688236951828003;6.813072919845581;6.891023397445679;6.539617300033569;5.876668214797974;5.776664972305298;5.45117449760437;5.457460165023804;5.081593751907349;4.9703590869903564;5.037421464920044;4.684735536575317;4.7658936977386475;4.492193937301636;3.9523117542266846;3.791430711746216;3.8834407329559326;3.819305181503296;5.000957727432251;5.112097978591919;5.017215013504028;5.094774484634399;5.015122175216675;5.014029264450073;4.983487844467163;5.025375127792358;5.179704427719116;5.047508001327515;5.162174463272095;5.075011491775513;5.335346937179565;5.193937063217163;5.330859899520874;5.381525754928589,7.439456224441528,24.175482350270425,24.17548235027042;24.175482350270418;24.175482350270425;24.175482350270418;24.175482350270418;24.17548235027042;24.17548235027042;24.175482350270418;24.175482350270414;24.17548235027042;24.17548235027042;24.175482350270418;24.175482350270418;24.17548235027042;24.175482350270418;24.175482350270425;24.175482350270418;24.175482350270418;24.175482350270418;24.17548235027042;24.175482350270418;24.175482350270414;24.17548235027042;24.17548235027042;24.175482350270414;24.175482350270418;24.175482350270418;24.175482350270418;24.175482350270418;24.175482350270418;24.17548235027042;24.175482350270418;24.17548235027042;24.175482350270418;24.175482350270418;24.17548235027042;24.17548235027042;24.175482350270418;24.17548235027042;24.17548235027042;24.175482350270418;24.17548235027042;24.17548235027042;24.175482350270418;24.175482350270418;24.175482350270418;24.175482350270418;24.175482350270418,11.54967428177788,10.126120350938104;10.15274536368033;10.179510757952484;10.206417646940743;10.233467155632157;10.260660420971435;10.28799859202023;10.315482830119013;10.343114309051499;10.370894215211779;10.3988237477741;10.426904118865428;10.455136553740804;10.48352229096156;10.512062582576437;10.540758694305692;10.569611905728193;10.598623510471628;10.627794816405839;10.657127145839366;10.686621835719242;10.716280237834127;10.74610371902083;10.776093661374286;10.80625146246107;10.836578535536484;10.86707630976534;10.897746230446447;10.928589759240948;10.959608374404514;10.990803571023516;11.022176861255241;11.053729774572243;11.085463858010893;11.117380676424204;11.14948181273909;11.181768868218029;11.214243462725339;11.246907234998082;11.279761842921712;11.312808963810582;11.3460502946934;11.379487552603711;11.41312247487555;11.446956819444345;11.480992365153192;11.515230912064608;11.54967428177788
383,Li_JVASP-87262_Li3AlMo2As2O14.json,4.232699791590373,3.7439582347869873;3.575575590133667;3.860053777694702;3.8526418209075928;4.357354402542114;4.742626428604126;4.532513856887817;4.797977685928345;4.429132699966431;4.200783967971802;4.3695008754730225;4.330278158187866,4.797977685928345,44.76678130466964,44.76678130466964;44.766781304669635;44.76678130466963;44.766781304669635;44.76678130466963;44.766781304669635;44.76678130466964;44.76678130466963;44.766781304669635;44.766781304669635;44.76678130466964;44.76678130466963,11.271894813090992,10.921204791306927;10.952181439714838;10.983334310830664;11.014664912711071;11.046174770669229;11.07786542752235;11.109738443843495;11.141795398217752;11.174037887502854;11.206467527094329;11.239085951195303;11.271894813090992
384,Li_JVASP-153753_Li9Al4.json,1.011440912882487,0.2761279344558716;0.31503474712371826;0.6781201362609863;0.7186675071716309;0.3989638090133667;0.5869313478469849;1.2803090810775757;1.5455747842788696;0.84920334815979;0.38984179496765137;1.0267959833145142;0.7036300897598267;1.42625892162323;1.698557734489441;0.8690500259399414;1.9712884426116943;2.1705676317214966;1.3010131120681763,2.1705676317214966,103.40551390625645,103.40551390625643;103.40551390625645;103.40551390625643;103.40551390625643;103.40551390625642;103.40551390625642;103.40551390625645;103.40551390625643;103.40551390625642;103.40551390625643;103.40551390625643;103.40551390625643;103.40551390625643;103.40551390625643;103.40551390625643;103.40551390625643;103.40551390625643;103.40551390625643,120.29751479282805,78.64508076971205;80.2801762790743;81.98470531230227;83.76318650060512;85.62053925708595;87.56212921876474;89.59382001490751;91.72203241358747;93.95381210316806;96.29690761611965;98.75986021101878;101.35210790987784;104.08410636175451;106.96746979552132;110.01513606839079;113.24156075680636;116.66294643193106;120.29751479282805
385,Na_JVASP-118656_NaAlSi.json,1.2288014888763428,0.41976773738861084;0.21545255184173584;0.17817926406860352;0.2618672847747803;0.3020693063735962;0.04502284526824951;0.616602897644043;0.2903714179992676;1.7298595905303955;1.5988633632659912;1.2012524604797363;7.8863091468811035,7.8863091468811035,60.152370755308006,60.152370755308;60.152370755308;60.152370755308006;60.152370755308;60.152370755308;60.152370755308006;60.152370755308006;60.152370755308;60.152370755308;60.15237075530799;60.152370755308006;60.152370755308006,39.19524337593036,28.61322209750338;29.33317086379834;30.090284592407688;30.887517305615706;31.728144609570368;32.61580867933441;33.55457101261175;34.54897456374463;35.60411726332786;36.72573943417607;37.92032826771875;39.19524337593036
386,K_JVASP-109444_K2AlTlBr6.json,3.0437475442886353,2.3081241846084595;2.212502121925354;2.3395737409591675;2.452200770378113;2.2975027561187744;2.590104103088379;2.4185500144958496;2.459803819656372;2.9783343076705933;3.4594160318374634;3.6696701049804688;3.881328582763672;3.672502875328064;3.7704142332077026;4.371791243553162;3.81814181804657,4.371791243553162,15.907280213799385,15.907280213799385;15.907280213799382;15.907280213799382;15.907280213799382;15.907280213799385;15.907280213799384;15.907280213799382;15.907280213799382;15.907280213799384;15.90728021379938;15.907280213799384;15.907280213799385;15.907280213799385;15.907280213799384;15.907280213799382;15.907280213799384,4.681147027210985,4.2461939171951775;4.272660464048999;4.2994590124948155;4.326595849002316;4.354077419762197;4.381910335791149;4.410101378233903;4.4386575038712595;4.467585850843514;4.49689374459915;4.526588704079241;4.556678448148484;4.587170902284472;4.61807420553734;4.649396717772639;4.681147027210985
387,Ca_JVASP-86712_CaAlAu.json,2.1541004180908203,1.0032914876937866;0.9602934122085571;0.9345122575759888;0.8694971799850464;1.3243974447250366;1.2960137128829956;1.2262213230133057;1.2296290397644043;1.1721513271331787;1.1564908027648926;1.2169430255889893;1.2257423400878906;1.5277323722839355;1.4483699798583984;1.6257668733596802;1.4971102476119995;2.524885892868042;2.489382028579712;2.2691450119018555;2.239932060241699;2.2873451709747314;2.3111350536346436;2.552034854888916;2.698554515838623;3.296497106552124;3.4483702182769775;3.28163480758667;3.317976474761963;4.101014852523804;4.429301500320435;3.9048866033554077;4.064954400062561,4.429301500320435,21.622931959500885,21.62293195950088;21.62293195950088;21.62293195950088;21.62293195950088;21.62293195950088;21.622931959500878;21.62293195950088;21.62293195950088;21.62293195950088;21.622931959500885;21.62293195950088;21.62293195950088;21.62293195950088;21.62293195950088;21.62293195950088;21.622931959500878;21.62293195950088;21.622931959500878;21.62293195950088;21.62293195950088;21.622931959500885;21.62293195950088;21.62293195950088;21.62293195950088;21.622931959500878;21.62293195950088;21.62293195950088;21.62293195950088;21.62293195950088;21.622931959500885;21.62293195950088;21.62293195950088,3.7191130783578292,3.1722101278090507;3.1873295837288005;3.202593855221537;3.2180050328850287;3.2335652477522223;3.2492766722735844;3.2651415213282236;3.2811620532647767;3.297340570973092;3.313679422987776;3.330181004624706;3.3468477591516788;3.363682178994383;3.380686806978956;3.397864237612417;3.415217118402338;3.4327481512171594;3.4504600936886196;3.4683557606578224;3.4864380256665433;3.504709822495427;3.523174146750811;3.541834057501971;3.5606926789706757;3.5797532022750063;3.5990188872294846;3.618493064203642;3.6381791360412628;3.658080580042614;3.6782009500120907;3.698543878373816;3.7191130783578292
388,K_JVASP-120440_K2AlOF5.json,6.763126850128174,3.909665584564209;3.9841623306274414;4.120201826095581;4.198837041854858;4.619441986083984;4.611472129821777;4.8889241218566895;5.01137113571167;3.743107795715332;5.718270778656006;3.597656488418579;5.557873010635376;5.992894172668457;5.9168219566345215;5.994350910186768;6.056781768798828;9.928828716278076;9.445676326751709;8.825695991516113;8.183364868164062;7.583454132080078;7.158451557159424;7.513312339782715;7.063095569610596;8.39627456665039;7.755969047546387;8.678361415863037;8.05277967453003;9.667558193206787;10.17986011505127;9.434946537017822;10.630597114562988,10.630597114562988,21.3364445522569,21.3364445522569;21.336444552256896;21.3364445522569;21.3364445522569;21.336444552256896;21.336444552256896;21.336444552256896;21.3364445522569;21.336444552256896;21.3364445522569;21.336444552256893;21.336444552256893;21.3364445522569;21.336444552256896;21.3364445522569;21.336444552256896;21.336444552256896;21.336444552256896;21.336444552256896;21.336444552256896;21.336444552256896;21.3364445522569;21.336444552256893;21.336444552256896;21.336444552256893;21.336444552256896;21.3364445522569;21.336444552256896;21.336444552256896;21.336444552256896;21.336444552256896;21.336444552256896,11.92944854634733,7.748975512157735;7.837573733608184;7.928221369740521;8.020990361835981;8.115956058213367;8.213197418336225;8.312797231771007;8.414842353272398;8.5194239553988;8.62663780020226;8.736584531694573;8.849369990967036;8.96510555603776;9.08390850872034;9.20590243105407;9.331217634112564;9.459991622318604;9.592369596743207;9.728505001261784;9.868560115886243;10.0127067020967;10.161126705568307;10.314013022338283;10.471570335196976;10.634016027928592;10.801581185988695;10.97451169330516;11.153069436150354;11.337533626480644;11.528202258807275;11.725393716587048;11.92944854634733
389,Li_JVASP-99362_LiAlSiH2O5.json,3.9216597080230713,3.466759443283081;3.4984490871429443;3.4722492694854736;3.623784303665161;4.228911638259888;3.93141770362854;4.702561616897583;4.449144601821899,4.702561616897583,44.69749438140343,44.69749438140342;44.69749438140343;44.69749438140342;44.69749438140342;44.69749438140342;44.69749438140342;44.69749438140342;44.69749438140342,24.28593567315169,23.26179559681609;23.402780934261987;23.545485663472423;23.68994143077573;23.836180663917915;23.984236596331137;24.134143292312285;24.28593567315169
390,Li_JVASP-9407_LiAlO2.json,4.843055486679077,2.2017552852630615;2.198169469833374;2.4434006214141846;2.225303888320923;2.442239999771118;2.665942430496216;3.112409830093384;4.511752367019653;7.520447492599487;10.79912257194519;11.382088899612427;8.29671311378479;5.569164991378784;3.9654853343963623;3.337946653366089;3.547405958175659;4.357090711593628;4.642748594284058;4.525460958480835;4.4209020137786865;4.684641599655151;4.644217252731323;4.6676108837127686;4.882654905319214;4.858533143997192;4.90394139289856;4.766505002975464;5.0245091915130615;4.945261716842651;5.456105947494507;5.6384546756744385;6.3397886753082275,11.382088899612427,32.80216979030684,32.802169790306834;32.80216979030684;32.80216979030683;32.80216979030683;32.802169790306834;32.80216979030684;32.802169790306834;32.80216979030683;32.802169790306834;32.802169790306834;32.802169790306834;32.802169790306834;32.802169790306834;32.802169790306834;32.80216979030683;32.802169790306834;32.802169790306834;32.802169790306834;32.802169790306834;32.802169790306834;32.802169790306834;32.802169790306834;32.802169790306834;32.802169790306834;32.80216979030683;32.802169790306834;32.802169790306834;32.802169790306834;32.802169790306834;32.802169790306834;32.802169790306834;32.802169790306834,14.148399890180398,12.705237944526845;12.747181013195712;12.789401927563762;12.83190345762776;12.87468841032808;12.917759630166648;12.961119999837358;13.004772440869218;13.048719914282518;13.092965421258386;13.137512003821964;13.182362745539637;13.227520772230521;13.272989252692701;13.318771399444437;13.364870469480795;13.41128976504604;13.458032634422178;13.505102472734052;13.552502722771372;13.600236875828159;13.648308472559938;13.69672110385922;13.745478411749657;13.794584090299375;13.844041886553951;13.893855601489522;13.94402909098657;13.994566266824862;14.045471097700101;14.096747610262872;14.148399890180398
391,K_JVASP-121550_KAl4Fe3H2O12.json,4.253642559051514,5.520955562591553;4.822417736053467;3.7599682807922363;2.911228656768799,5.520955562591553,45.64433599457486,45.64433599457485;45.64433599457486;45.64433599457486;45.64433599457486,13.981113204150772,13.174970838829216;13.4331532835702;13.701656896815104;13.981113204150772
392,Li_JVASP-95739_Li3AlSiO5.json,4.888219753901164,2.5623972415924072;2.817466974258423;2.9080021381378174;3.100146532058716;3.3617703914642334;4.313853025436401;3.5631792545318604;5.690481424331665;6.905447244644165;6.233571290969849;7.050592660903931;6.382222414016724;6.954401731491089;5.8485352993011475;4.357503652572632;4.782433271408081;5.09452748298645;4.891987085342407;5.267420530319214;5.0917041301727295;5.763557195663452;6.113445043563843;5.196372747421265;5.983747243881226;4.169732332229614;4.122597932815552;3.7308013439178467;3.285339117050171;4.760648012161255;4.867473840713501;4.931573152542114;5.1278345584869385;5.134507417678833;5.048074007034302;5.420851469039917;5.270810842514038;3.5002095699310303;3.816060781478882;3.9843642711639404;4.093121290206909;5.29738450050354;5.113538026809692;5.131429433822632;4.799196004867554;5.905029535293579;6.001781702041626;5.336836099624634;5.550586938858032,7.050592660903931,27.765041329305742,27.765041329305735;27.76504132930574;27.765041329305735;27.76504132930574;27.76504132930573;27.765041329305735;27.765041329305735;27.765041329305735;27.765041329305742;27.765041329305735;27.765041329305735;27.76504132930574;27.76504132930574;27.76504132930574;27.76504132930573;27.76504132930574;27.76504132930574;27.765041329305735;27.765041329305735;27.765041329305735;27.76504132930574;27.765041329305735;27.76504132930573;27.76504132930574;27.76504132930574;27.76504132930574;27.76504132930573;27.765041329305735;27.76504132930574;27.76504132930574;27.76504132930573;27.765041329305735;27.765041329305735;27.76504132930574;27.76504132930573;27.765041329305735;27.765041329305735;27.765041329305742;27.76504132930573;27.76504132930573;27.765041329305735;27.765041329305742;27.765041329305735;27.76504132930573;27.765041329305735;27.76504132930574;27.76504132930574;27.76504132930573,12.362502958317723,10.745553960824582;10.775540830473922;10.805695533023512;10.836019481438266;10.866514104588497;10.89718084747438;10.928021171454168;10.959036554476349;10.990228491315735;11.021598493813597;11.053148091121944;11.084878829951988;11.11679227482691;11.148890008339011;11.18117363141131;11.213644763563728;11.246305043183902;11.279156127802763;11.312199694374929;11.345437439564083;11.378871080033358;11.412502352740896;11.446333015240654;11.480364845988577;11.514599644654242;11.54903923243812;11.583685452394523;11.618540169760381;11.653605272289989;11.688882670595822;11.724374298495574;11.760082113365518;11.796008096500346;11.83215425347965;11.868522614541126;11.905115234960707;11.941934195439746;11.978981602499392;12.016259588882338;12.053770313962113;12.091515964160031;12.129498753370019;12.16772092339146;12.20618474437028;12.244892515248388;12.283846564221722;12.323049249207042;12.362502958317723
393,K_JVASP-12800_K3AlTe3.json,2.759547154108683,1.3559706211090088;1.7146387100219727;1.6027239561080933;1.6124752759933472;2.7747302055358887;2.540043592453003;2.885835647583008;3.5999410152435303;3.7021589279174805;3.3849387168884277;4.013286828994751;3.9278223514556885,4.013286828994751,42.61053993283029,42.610539932830285;42.61053993283029;42.610539932830285;42.610539932830285;42.610539932830285;42.610539932830285;42.61053993283028;42.610539932830285;42.610539932830285;42.610539932830285;42.610539932830285;42.61053993283028,15.970141116012517,12.712331361415133;12.952534703139582;13.201990298414424;13.461243218178163;13.730882206118931;14.011544142072509;14.303919064239095;14.60875583358341;14.926868538305026;15.259143753697828;15.606548793721096;15.970141116012517
394,Li_JVASP-25776_Li2AlBO4.json,5.043438673019409,2.4163553714752197;2.7627832889556885;2.499685049057007;2.928337812423706;3.52178692817688;5.341393709182739;4.442763566970825;5.995869874954224;6.512325048446655;7.705518484115601;7.416244268417358;6.191331624984741;6.065272569656372;4.813373804092407;4.6855480670928955;4.2401793003082275;5.120896100997925;4.879503965377808;4.955693960189819;4.676135778427124;4.815063238143921;4.355875730514526;4.68815016746521;4.4112327098846436;5.810641527175903;5.892982721328735;5.894988775253296;5.985706090927124;5.4320666790008545;5.538405179977417;5.719233274459839;5.674692869186401,7.705518484115601,33.92586113779837,33.925861137798364;33.925861137798364;33.925861137798364;33.92586113779836;33.925861137798364;33.92586113779836;33.925861137798364;33.925861137798364;33.925861137798364;33.925861137798364;33.925861137798364;33.92586113779836;33.925861137798364;33.925861137798364;33.925861137798364;33.92586113779836;33.925861137798364;33.92586113779836;33.925861137798364;33.925861137798364;33.925861137798364;33.925861137798364;33.925861137798364;33.92586113779837;33.925861137798364;33.925861137798364;33.92586113779836;33.925861137798364;33.92586113779836;33.925861137798364;33.92586113779836;33.92586113779836,16.386498144948384,14.48138337670057;14.53589827064873;14.590825156106442;14.646168721172982;14.701933725347;14.758125000891004;14.8147474542272;14.871806067365627;14.9293058993654;14.98725208782999;15.045649850437481;15.104504486506691;15.163821378600263;15.223605994165617;15.283863887214913;15.344600700045056;15.40582216499887;15.467534106268618;15.529742441743009;15.592453184899016;15.655672446739644;15.719406437779082;15.78366147007652;15.848443959320058;15.913760426962149;15.979617502408043;16.04602192525884;16.112980547610658;16.180500336411626;16.24858837587841;16.317251869973955;16.386498144948384
395,K_JVASP-140430_KMg3AlSi3H2O12.json,2.859304428100586,2.4044647216796875;2.597344398498535;2.972154140472412;3.463254451751709,3.463254451751709,44.91208624151449,44.91208624151448;44.91208624151449;44.91208624151448;44.91208624151449,17.27183161466844,16.05802147725298;16.44321397368752;16.84734028985442;17.27183161466844
396,Li_JVASP-91415_LiAlSi2O6.json,4.568280935287476,2.8623335361480713;3.4109508991241455;3.9105422496795654;4.890284299850464;4.7874596118927;5.649878740310669;5.3483359813690186;5.686462163925171,5.686462163925171,56.546515196341325,56.54651519634132;56.54651519634132;56.54651519634132;56.54651519634132;56.54651519634131;56.54651519634132;56.54651519634132;56.546515196341325,18.610427302584554,18.00304301964496;18.087373519012605;18.172497784463122;18.258427076048584;18.345172867807122;18.432746852870405;18.52116094871815;18.610427302584554
397,Na_JVASP-118651_NaAlSe.json,0.9543588161468506,0.6241549253463745;0.5236231088638306;0.5606392621994019;0.3181034326553345;0.6840413808822632;0.7797113656997681;0.6975648403167725;0.9619667530059814;1.54115629196167;0.7685356140136719;0.7536423206329346;3.239166498184204,3.239166498184204,53.436419676923855,53.43641967692385;53.43641967692385;53.436419676923855;53.436419676923855;53.43641967692385;53.43641967692384;53.43641967692385;53.43641967692385;53.43641967692385;53.43641967692385;53.43641967692384;53.436419676923855,20.707506016458556,17.32284281309962;17.58412862668808;17.853417259290605;18.131082101857956;18.4175201409258;18.71315385236865;19.018433280517822;19.33383832416212;19.65988125385314;19.997109488288384;20.346108661422992;20.707506016458556
398,Li_JVASP-143594_LiMg16Al12.json,0.45110487937927246,0.45110487937927246,0.45110487937927246,77.30705085034786,77.30705085034786,37.24499910259398,37.24499910259398
399,Na_JVASP-142408_NaAlGeO4.json,3.4073638916015625,2.01926326751709;2.331252098083496;2.4441165924072266;2.3998184204101562;2.5490641593933105;2.750919818878174;2.5903024673461914;3.2177419662475586;3.487642288208008;3.628511428833008;5.163590431213379;8.306143760681152,8.306143760681152,55.754936384032334,55.754936384032334;55.75493638403233;55.75493638403232;55.754936384032334;55.75493638403232;55.754936384032334;55.75493638403233;55.754936384032334;55.75493638403233;55.75493638403233;55.75493638403233;55.754936384032334,13.492357617368887,11.96865040080954;12.092800734788854;12.219553678475668;12.348991937985003;12.481201761279168;12.616273129816816;12.754299962782309;12.895380334869445;13.039616708680827;13.187116182900105;13.337990757500386;13.492357617368887
400,Li_JVASP-39932_LiNd2Al.json,0.9196298122406006,0.00428462028503418;-0.07747578620910645;1.1629822254180908;2.4337399005889893;-0.09708666801452637;0.4522068500518799;2.1019833087921143;1.376404047012329,2.4337399005889893,53.053702858523096,53.053702858523096;53.053702858523096;53.05370285852309;53.05370285852309;53.05370285852309;53.053702858523096;53.053702858523096;53.05370285852309,10.590685883239113,10.391182463874785;10.419221526345572;10.447412316722415;10.47575606991542;10.50425403427234;10.532907471761883;10.561717658159973;10.590685883239113
401,Na_JVASP-122439_Na4Al6ClO12.json,4.348709464073181,4.442259311676025;3.7845635414123535;4.725201606750488;3.926931381225586;4.092376708984375;3.6204872131347656;3.9851465225219727;3.4423398971557617;4.195436954498291;4.046374797821045;4.085867881774902;3.947768211364746;4.146143436431885;4.1175856590271;3.9842100143432617;3.925717353820801;4.47304630279541;4.349831581115723;4.556581497192383;4.329620361328125;3.6922669410705566;3.78529691696167;3.8206558227539062;3.772737503051758;5.414934158325195;5.479971885681152;5.247493743896484;5.200381278991699;5.341240882873535;5.212314605712891;5.049041748046875;4.964877128601074,5.479971885681152,14.58403776521715,14.584037765217149;14.584037765217147;14.584037765217147;14.58403776521715;14.584037765217145;14.584037765217147;14.584037765217149;14.584037765217147;14.584037765217149;14.584037765217147;14.584037765217147;14.584037765217149;14.584037765217149;14.584037765217147;14.584037765217147;14.584037765217149;14.584037765217147;14.584037765217147;14.584037765217149;14.584037765217149;14.584037765217147;14.584037765217149;14.584037765217147;14.584037765217145;14.584037765217149;14.584037765217145;14.584037765217149;14.584037765217149;14.584037765217147;14.584037765217147;14.584037765217149;14.584037765217147,8.54184193127615,6.960785742939373;7.002596998897195;7.04491358440293;7.087744716249478;7.131099836743026;7.174988620642741;7.219420982358278;7.264407083416424;7.309957340208615;7.3560824320318;7.402793309435638;7.450101202889772;7.498017631785549;7.5465544137873986;7.595723674549739;7.645537857816279;7.696009735919308;7.74715242069763;7.7989793748527365;7.851504423763853;7.9047417677836815;7.958705995037773;8.013412094751782;8.068875471132177;8.125111957827398;8.18213783299799;8.23996983502585;8.298625178894383;8.358121573273337;8.418477238343808;8.479710924401232;8.54184193127615
402,Na_JVASP-94418_NaAlSi4.json,0.9128243923187256,0.7586798667907715;0.45816755294799805;0.8254101276397705;0.5746915340423584;1.6819329261779785;1.6322617530822754;0.5147476196289062;0.8567037582397461,1.6819329261779785,47.50977761682252,47.50977761682252;47.50977761682251;47.50977761682251;47.50977761682252;47.50977761682251;47.50977761682251;47.50977761682251;47.509777616822504,23.56012468730634,20.640237167834183;21.01225447869681;21.397928329754695;21.798024767093356;22.213368222313793;22.644847183019102;23.093420537263494;23.56012468730634
403,Li_JVASP-46518_LiAlVO4.json,2.418588399887085,2.191455602645874;2.196676015853882;2.44319224357605;2.4381606578826904;2.303518056869507;2.370983839035034;2.3212039470672607;2.261522054672241;3.0744664669036865;3.3946759700775146;2.990260362625122;1.0369455814361572,3.3946759700775146,35.86235699845615,35.86235699845614;35.86235699845614;35.86235699845614;35.86235699845614;35.86235699845614;35.86235699845615;35.86235699845614;35.86235699845614;35.86235699845614;35.86235699845615;35.86235699845615;35.86235699845614,15.673484823551963,15.003575139287715;15.06210042493366;15.12108408430114;15.180531523578717;15.240448234306664;15.30083979506801;15.361711873219985;15.423070226666944;15.484920705675949;15.547269254736229;15.610121914463706;15.673484823551963
404,Li_JVASP-120741_Li2AlCoO4.json,4.393697500228882,3.6043283939361572;4.129479646682739;3.549135446548462;4.089928865432739;3.980214834213257;3.89593768119812;3.9978301525115967;3.753162145614624;3.956639528274536;4.256028413772583;4.135141134262085;4.441342115402222;5.4710071086883545;5.336623907089233;5.613081693649292;6.089278936386108,6.089278936386108,65.68550671982207,65.68550671982206;65.68550671982206;65.68550671982207;65.68550671982206;65.68550671982207;65.68550671982206;65.68550671982206;65.68550671982206;65.68550671982206;65.68550671982206;65.68550671982206;65.68550671982204;65.68550671982206;65.68550671982204;65.68550671982206;65.68550671982204,22.21903495163109,20.453608476593168;20.562528998016525;20.672615787510775;20.783887677649496;20.89636390867146;21.010064139571476;21.125008459555275;21.241217399872493;21.358711946042366;21.477513550487462;21.597644145591342;21.71912615719697;21.841982518563203;21.966236684797668;22.091912647785104;22.21903495163109
405,K_JVASP-55732_K2LiAlH6.json,2.0531554222106934,0.5438952445983887;1.0810818672180176;1.0019826889038086;0.9514064788818359;0.8490023612976074;0.9257750511169434;1.028674602508545;1.1654057502746582;0.7318081855773926;1.2559895515441895;1.241096019744873;1.2226901054382324;0.8985037803649902;0.8990654945373535;1.1302900314331055;1.0832128524780273;1.3768949508666992;1.3789148330688477;2.176276922225952;2.142130136489868;1.7249915599822998;1.7833378314971924;2.2496070861816406;2.4220657348632812;2.0906589031219482;3.2996914386749268;4.2382025718688965;4.152937412261963;4.364421367645264;4.8956379890441895;5.831482648849487;5.563842058181763,5.831482648849487,23.576689149622318,23.57668914962231;23.576689149622315;23.57668914962231;23.576689149622315;23.576689149622315;23.57668914962231;23.57668914962231;23.576689149622315;23.576689149622315;23.576689149622315;23.576689149622315;23.57668914962231;23.576689149622315;23.576689149622318;23.57668914962231;23.576689149622315;23.57668914962231;23.57668914962231;23.576689149622315;23.576689149622315;23.57668914962231;23.57668914962231;23.57668914962231;23.576689149622315;23.576689149622315;23.576689149622315;23.57668914962231;23.576689149622315;23.576689149622315;23.57668914962231;23.576689149622315;23.576689149622315,39.49402558549275,14.175664301890718;14.47500179839316;14.787253798577881;15.113274496650874;15.453995116208192;15.81043279343305;16.183700718631318;16.57501974909031;16.985731748465955;17.417314959778796;17.87140178314623;18.349799408855976;18.854513855537313;19.387778087577345;19.952085042905043;20.5502266015951;21.185339780515825;21.860961767142314;22.581095830765708;23.350290704766397;24.173736765342863;25.05738330453841;26.008082499919514;27.033767450786993;28.143674071441797;29.348619985405996;30.661358267821413;32.09703056860481;33.673753789976445;35.4133886156467;37.34255923718893;39.49402558549275
406,Na_JVASP-62112_Na4BeAlSi4ClO12.json,4.287793874740601,2.304142475128174;2.3593525886535645;2.4185757637023926;2.500257968902588;2.868661403656006;3.1729331016540527;3.3561549186706543;4.109719753265381;6.218273162841797;6.841957092285156;7.293219089508057;6.62129545211792;6.715210437774658;6.218250751495361;5.181509494781494;4.083078861236572;3.924802780151367;3.696150779724121;3.4404406547546387;3.1785387992858887;3.2799925804138184;3.171029567718506;3.262089729309082;3.3584518432617188;4.517456531524658;4.807816982269287;5.215679168701172;5.267797470092773;4.135410785675049;4.328238010406494;4.767995834350586;4.5949201583862305,7.293219089508057,16.550996494161055,16.55099649416105;16.550996494161055;16.55099649416105;16.550996494161055;16.55099649416105;16.55099649416105;16.550996494161055;16.55099649416105;16.55099649416105;16.55099649416105;16.55099649416105;16.55099649416105;16.55099649416105;16.550996494161055;16.55099649416105;16.55099649416105;16.550996494161055;16.55099649416105;16.55099649416105;16.55099649416105;16.550996494161055;16.550996494161055;16.55099649416105;16.550996494161055;16.550996494161055;16.550996494161055;16.55099649416105;16.550996494161055;16.550996494161055;16.55099649416105;16.55099649416105;16.550996494161055,8.847586935723209,7.162485331547775;7.206762492802566;7.251590485660448;7.296979653419797;7.342940599973272;7.3894841980667545;7.436621597874408;7.484364235904027;7.532723844247662;7.581712460193167;7.6313424362133;7.681626450349699;7.7325775170101405;7.784208998198339;7.836534615196698;7.889568460723416;7.943325011586613;7.997819141859305;8.053066136600474;8.109081706148745;8.16588200101681;8.223483627416227;8.281903663443964;8.341159675963814;8.401269738217717;8.462252448204145;8.524126947862726;8.586912943106736;8.650630724747451;8.715301190357101;8.78094586711983;8.847586935723209
407,Na_JVASP-118648_NaAlP.json,0.8649473190307617,-0.08376598358154297;0.06283235549926758;0.40523838996887207;0.26752209663391113;0.6068277359008789;1.2506284713745117;0.26258087158203125;0.5040450096130371;2.0249836444854736;0.26599621772766113;0.45380496978759766;0.7981081008911133;0.0642232894897461;1.269516944885254;1.6822586059570312;-0.039483070373535156;1.7156615257263184;4.058072566986084,4.058072566986084,37.700920234248336,37.70092023424833;37.70092023424833;37.70092023424833;37.70092023424833;37.700920234248336;37.70092023424833;37.70092023424833;37.70092023424833;37.700920234248336;37.70092023424833;37.70092023424833;37.700920234248336;37.70092023424833;37.700920234248336;37.70092023424833;37.70092023424833;37.70092023424832;37.70092023424833,25.137735790981534,18.394834780373593;18.689734829583568;18.99424442052016;19.308841034027182;19.63403431726295;19.970368838773883;20.31842713167283;20.678833060694696;21.052255554069838;21.43941274717894;21.84107659199209;22.258077994542884;22.69131255238199;23.141746975379387;23.610426286752208;24.098481917215505;24.607140824217154;25.137735790981534
408,Li_JVASP-58331_Na2LiAlF6.json,6.49593448638916,3.930299997329712;4.147518873214722;4.673500299453735;6.087256193161011;8.919443607330322;10.023850440979004;8.033313512802124;6.152292966842651,10.023850440979004,52.376851049133805,52.3768510491338;52.3768510491338;52.3768510491338;52.376851049133805;52.37685104913379;52.376851049133805;52.37685104913379;52.3768510491338,17.837295510063974,17.278570512180128;17.35623573550086;17.43460230410688;17.513679761192922;17.593477823881422;17.674006387202997;17.75527552818675;17.837295510063974
409,Li_JVASP-37738_LiAl2Tc.json,1.914602279663086,-0.12666821479797363;-0.2126920223236084;7.480073690414429;4.368133783340454;0.3969106674194336;1.645510196685791;1.1668853759765625;0.5986647605895996,7.480073690414429,98.49713098564187,98.49713098564185;98.49713098564187;98.49713098564186;98.49713098564185;98.49713098564183;98.49713098564186;98.49713098564185;98.49713098564185,21.920891037683717,21.083066143874177;21.198812827683113;21.315837433053574;21.434161241140398;21.553806008261184;21.674793979232437;21.797147901157437;21.920891037683717
410,Na_JVASP-155668_NaAl2Pt2.json,0.3044288158416748,0.41690611839294434;0.24087262153625488;0.8341403007507324;0.12902212142944336;0.4385030269622803;0.12408280372619629;0.06641578674316406;0.1854877471923828,0.8341403007507324,60.13689461176966,60.136894611769655;60.136894611769655;60.136894611769655;60.13689461176966;60.13689461176966;60.136894611769655;60.13689461176966;60.13689461176966,7.494740956764366,7.171988138367805;7.21638323087008;7.261331363992268;7.3068429365498355;7.352928609707621;7.399599315305786;7.446866264504881;7.494740956764366
411,Na_JVASP-3081_NaAlTe2.json,1.7868905067443848,1.1904805898666382;1.303543210029602;1.3264697790145874;1.343598484992981;1.259306788444519;1.240540623664856;1.3445849418640137;1.3684439659118652;1.846515417098999;1.9004552364349365;1.7389700412750244;1.8060052394866943;1.934855341911316;2.351537346839905;2.7851977348327637;3.849743366241455,3.849743366241455,23.80041184702686,23.80041184702686;23.800411847026858;23.800411847026854;23.800411847026858;23.80041184702686;23.80041184702686;23.800411847026854;23.800411847026858;23.80041184702686;23.800411847026858;23.800411847026854;23.80041184702686;23.800411847026858;23.800411847026854;23.80041184702686;23.80041184702686,5.906149212859557,5.489023842726811;5.514990479216034;5.541203961449357;5.567667826108918;5.59438567776349;5.6213611905051755;5.648598109633712;5.676100253389957;5.703871514740274;5.73191586321355;5.76023734679269;5.788840093862442;5.817728315215559;5.846906306119331;5.876378448444611;5.906149212859557
412,Na_JVASP-102866_Na3AlCl6.json,4.4494374593098955,1.7244844436645508;1.5690903663635254;1.6650545597076416;1.679854154586792;1.6221468448638916;1.6250598430633545;1.6912086009979248;1.9185101985931396;3.83920681476593;6.400157570838928;6.375042200088501;6.330082893371582;5.624935746192932;5.158436179161072;4.933734655380249;5.517990350723267;8.437708020210266;6.254802584648132;4.980826377868652;5.002031326293945;5.4284703731536865;5.512093782424927;6.377039670944214;7.1185314655303955,8.437708020210266,22.95142025930194,22.951420259301933;22.951420259301937;22.951420259301937;22.95142025930194;22.95142025930194;22.95142025930193;22.951420259301937;22.951420259301937;22.95142025930194;22.951420259301937;22.95142025930194;22.951420259301937;22.951420259301937;22.951420259301937;22.951420259301933;22.951420259301937;22.951420259301937;22.951420259301937;22.951420259301933;22.951420259301937;22.951420259301937;22.951420259301937;22.951420259301933;22.951420259301937,13.81102423842403,10.853655005284466;10.955652635310344;11.059585504930968;11.165509218698112;11.273481531984235;11.383562455991909;11.495814368976138;11.610302134112704;11.727093224480537;11.846257855664122;11.967869126523508;12.092003168724968;12.218739305675012;12.348160221554998;12.48035214121322;12.615405021736938;12.75341275659875;12.894473393350882;13.038689365928057;13.186167742715597;13.337020491645244;13.491364763698112;13.64932319632334;13.81102423842403
413,K_JVASP-144185_KAlSi3O8.json,5.259860992431641,3.0437827110290527;3.1031699180603027;3.237546920776367;3.342820167541504;3.359034538269043;3.510427474975586;3.5460920333862305;3.761171340942383;5.167786598205566;6.747851371765137;6.973599433898926;7.537322044372559;8.207499027252197;8.790005207061768;7.3766374588012695;6.453029632568359,8.790005207061768,15.166619314317426,15.166619314317424;15.166619314317424;15.166619314317424;15.166619314317424;15.166619314317424;15.166619314317426;15.166619314317423;15.166619314317423;15.166619314317423;15.166619314317426;15.166619314317424;15.166619314317424;15.166619314317423;15.166619314317423;15.166619314317424;15.166619314317424,6.9311246023256405,6.018335519916694;6.071642200830126;6.1259016356385345;6.1811395976173795;6.2373827981031145;6.294658929562952;6.352996711059578;6.412425936267696;6.472977524211029;6.534683572901345;6.597577416075021;6.661693683237841;6.727068363245306;6.793738871663734;6.8617441221770505;6.9311246023256405
414,Na_JVASP-98546_NaAlAs2O7.json,3.940464973449707,3.458724021911621;3.4381465911865234;3.659191608428955;3.5530457496643066;4.158080101013184;4.172248840332031;4.354969024658203;4.729313850402832,4.729313850402832,42.450434811150636,42.450434811150636;42.45043481115062;42.450434811150636;42.45043481115063;42.450434811150636;42.450434811150636;42.45043481115063;42.45043481115063,11.485262592741288,10.744305385273554;10.844248671573748;10.946068756198471;11.049819005785249;11.155554829635093;11.263333778388015;11.373215648474524;11.485262592741288
415,Li_JVASP-41992_LiAlAu2.json,1.4783927202224731,0.9073408842086792;0.9472376108169556;1.8576949834823608;2.7135554552078247;1.3539234399795532;1.3261092901229858;1.8708667755126953;0.8504133224487305,2.7135554552078247,89.51855603166342,89.51855603166341;89.51855603166341;89.51855603166342;89.51855603166341;89.5185560316634;89.51855603166341;89.51855603166341;89.51855603166341,7.942924957804557,7.830175812464349;7.84608645976193;7.862061898487006;7.878102525213061;7.894208739756649;7.910380945210604;7.9266195479776735;7.942924957804557
416,Na_JVASP-146450_Na4Al3FeO8.json,4.019993782043457,1.8096284866333008;1.8419933319091797;1.9385161399841309;1.9691519737243652;1.788548469543457;1.8172149658203125;1.861830711364746;1.926187515258789;2.8798627853393555;3.3180837631225586;3.916776657104492;5.398479461669922;8.977199077606201;6.868784427642822;6.859094619750977;6.138652801513672;4.515031814575195;3.985157012939453;3.4972238540649414;3.5724401473999023;3.5958738327026367;3.7040271759033203;3.3198442459106445;3.477386474609375;4.660688400268555;4.459790229797363;4.594127655029297;4.723576545715332;4.901079177856445;4.8959197998046875;5.4773406982421875;5.950288772583008,8.977199077606201,27.205707681744904,27.2057076817449;27.2057076817449;27.205707681744897;27.2057076817449;27.2057076817449;27.205707681744897;27.205707681744897;27.205707681744897;27.2057076817449;27.2057076817449;27.2057076817449;27.205707681744897;27.2057076817449;27.205707681744897;27.2057076817449;27.2057076817449;27.205707681744897;27.2057076817449;27.205707681744897;27.2057076817449;27.2057076817449;27.2057076817449;27.2057076817449;27.205707681744894;27.205707681744897;27.2057076817449;27.205707681744897;27.205707681744897;27.205707681744897;27.2057076817449;27.205707681744904;27.205707681744897,12.516638580594028,9.391009171081086;9.467272003956959;9.544783613657684;9.623574925797262;9.7036778956418;9.78512555132133;9.867952039236268;9.952192671789605;10.037883977585029;10.1250637542409;10.213771123980496;10.304046592170296;10.39593210899033;10.489471134433854;10.584708706847966;10.681691515242239;10.780467975609326;10.8810883115196;10.983604639271753;11.088071057902665;11.19454374438315;11.303081054351573;11.41374362876484;11.526594506876313;11.641699245982936;11.75912604841949;11.878945896316921;12.001232694684221;12.126063423419891;12.253518298910002;12.383680945925668;12.516638580594028
417,Na_JVASP-61109_Na4BeAlSi4ClO12.json,4.281574964523315,2.3027572631835938;2.3989439010620117;2.5173697471618652;2.714343547821045;2.7551608085632324;2.8960165977478027;3.6913657188415527;4.038732051849365;6.414767265319824;7.176491737365723;6.83681583404541;7.003727912902832;6.964832305908203;5.887579917907715;4.612746238708496;4.125663757324219;3.99387264251709;3.690614700317383;3.7702860832214355;3.4622244834899902;3.049999713897705;3.0497078895568848;3.1449122428894043;3.252692699432373;4.510876178741455;4.295017719268799;4.4574408531188965;4.154601573944092;5.154311656951904;5.305534839630127;4.830962181091309;4.5500288009643555,7.176491737365723,16.551542101348467,16.551542101348463;16.551542101348467;16.551542101348467;16.551542101348463;16.551542101348463;16.551542101348463;16.551542101348467;16.551542101348463;16.551542101348463;16.551542101348467;16.551542101348463;16.551542101348463;16.551542101348467;16.551542101348467;16.551542101348463;16.551542101348467;16.551542101348467;16.551542101348467;16.551542101348463;16.551542101348463;16.551542101348467;16.551542101348463;16.551542101348463;16.551542101348467;16.551542101348467;16.551542101348463;16.551542101348463;16.551542101348467;16.551542101348467;16.551542101348463;16.551542101348463;16.551542101348467,8.847586935723209,7.162485331547775;7.206762492802566;7.251590485660448;7.296979653419797;7.342940599973272;7.3894841980667545;7.436621597874408;7.484364235904027;7.532723844247662;7.581712460193167;7.6313424362133;7.681626450349699;7.7325775170101405;7.784208998198339;7.836534615196698;7.889568460723416;7.943325011586613;7.997819141859305;8.053066136600474;8.109081706148745;8.16588200101681;8.223483627416227;8.281903663443964;8.341159675963814;8.401269738217717;8.462252448204145;8.524126947862726;8.586912943106736;8.650630724747451;8.715301190357101;8.78094586711983;8.847586935723209
418,Na_JVASP-55689_Na3AlH6.json,2.610178311665853,0.2168729305267334;0.3105432987213135;0.35547971725463867;0.44975900650024414;0.522913932800293;0.522097110748291;0.5697665214538574;0.49324893951416016;1.6034362316131592;1.660353422164917;1.673553466796875;1.872438907623291;2.457685708999634;2.7646987438201904;3.1860904693603516;3.3610925674438477;3.035008668899536;3.7861344814300537;3.703378915786743;4.515917539596558;6.32658052444458;6.642693996429443;6.387292385101318;6.2272419929504395,6.642693996429443,49.030041531371275,49.03004153137126;49.03004153137127;49.03004153137127;49.03004153137127;49.03004153137127;49.03004153137127;49.03004153137127;49.030041531371275;49.03004153137127;49.030041531371275;49.030041531371275;49.03004153137127;49.03004153137127;49.03004153137126;49.03004153137127;49.03004153137127;49.03004153137127;49.030041531371275;49.030041531371275;49.03004153137127;49.030041531371275;49.03004153137127;49.03004153137127;49.030041531371275,93.31238402841724,32.84544003610892;33.79766056116798;34.80674106726655;35.87793121434854;37.01714742295359;38.2310822024519;39.527335720413745;40.9145750770907;42.402728338880024;44.00322251463557;45.72927754063212;47.59627228088784;49.62220400014241;51.82827039824716;54.23961412170868;56.88628524992537;59.80450002944412;63.03830798934427;66.64183085068696;70.68231590459929;75.2443718373195;80.43595809378976;86.39703745848954;93.31238402841724
419,Ca_JVASP-97001_CaAlBO4.json,10.406856536865234,7.414431095123291;11.37914228439331;14.906642436981201;10.433096408843994;9.68839168548584;9.334874153137207;10.465871334075928;9.632402896881104,14.906642436981201,60.63998104453483,60.639981044534814;60.63998104453483;60.63998104453482;60.63998104453483;60.63998104453482;60.639981044534814;60.63998104453482;60.63998104453483,31.368807721199147,23.6147820306912;24.479209527525363;25.409326980634354;26.41291804995277;27.49904668651157;28.678331656145037;29.963294865161014;31.368807721199147
420,K_JVASP-106903_K2RbAlCl6.json,4.037041187286377,2.453969717025757;2.3176157474517822;2.3529058694839478;2.4832576513290405;2.557774782180786;2.666672468185425;2.7389981746673584;2.889385461807251;4.541802883148193;5.180367469787598;5.824127674102783;6.103638172149658;5.935283899307251;6.32707142829895;5.502166271209717;4.717621326446533,6.32707142829895,18.4888692038052,18.488869203805198;18.488869203805198;18.488869203805198;18.488869203805198;18.488869203805198;18.488869203805198;18.488869203805198;18.4888692038052;18.488869203805198;18.488869203805194;18.4888692038052;18.488869203805198;18.488869203805198;18.488869203805198;18.488869203805194;18.488869203805198,10.150396041180919,8.305613986631398;8.407481745519238;8.511879334075807;8.618902177607609;8.728650561795702;8.84122994613359;8.95675130193779;9.075331477208325;9.197093590860835;9.322167459126305;9.450690057222895;9.582806019751366;9.71866818365731;9.858438178045343;10.002287065630739;10.150396041180919
421,Li_JVASP-139087_LiAlF2.json,4.767624616622925,2.8962955474853516;3.3316597938537598;4.253859758377075;4.672370195388794;6.29748272895813;5.781405687332153;6.071639776229858;4.836283445358276,6.29748272895813,132.4146941215562,132.41469412155618;132.41469412155615;132.41469412155618;132.4146941215562;132.41469412155618;132.41469412155618;132.41469412155618;132.41469412155618,50.879122444986216,46.582531725489005;47.151359180874;47.73425047567955;48.33173371550642;48.9443637820169;49.572724051724556;50.217428248903225;50.879122444986216
422,Na_JVASP-118661_NaAlTe.json,1.3658292293548584,0.9966695308685303;0.9879724979400635;1.231713891029358;1.761090636253357;1.777472972869873;1.7863197326660156;1.0961899757385254;1.2892045974731445,1.7863197326660156,69.97068089398529,69.97068089398527;69.97068089398529;69.97068089398527;69.97068089398529;69.97068089398527;69.97068089398529;69.97068089398529;69.97068089398529,21.277061021939716,18.866703242411734;19.177054663659803;19.49778722076894;19.829430640835184;20.172551315712504;20.527755530032024;20.89569303637341;21.277061021939716
423,Li_JVASP-108708_LiAl2Ge.json,0.5474094152450562,0.6058279275894165;0.45535600185394287;0.41522037982940674;0.522795557975769;0.4656505584716797;0.44331884384155273;0.5912255048751831;0.8798805475234985,0.8798805475234985,78.3826624842644,78.3826624842644;78.38266248426439;78.3826624842644;78.38266248426437;78.38266248426439;78.38266248426437;78.38266248426439;78.38266248426439,26.282001372225032,25.086737206035288;25.250789530373716;25.417001587120478;25.585416307861642;25.756077769643202;25.92903123343019;26.104323184125843;26.282001372225032
424,K_JVASP-101500_K2AlAuF6.json,4.956255197525024,2.9038188457489014;2.9310858249664307;2.9798660278320312;3.6016035079956055;3.5183684825897217;3.8230717182159424;4.005511522293091;4.107168912887573;4.444492816925049;5.146727085113525;5.852207183837891;6.062105178833008;5.922658443450928;6.754481792449951;7.674793481826782;9.57212233543396,9.57212233543396,36.06130442445206,36.061304424452054;36.06130442445205;36.06130442445205;36.061304424452054;36.06130442445205;36.061304424452054;36.06130442445205;36.06130442445206;36.06130442445205;36.06130442445205;36.06130442445205;36.06130442445205;36.061304424452054;36.06130442445205;36.06130442445205;36.061304424452054,9.77226635333595,8.050714670259095;8.146389719253872;8.24436613076498;8.34472795088908;8.447563368657388;8.552964974495994;8.661030038279726;8.771860808734717;8.885564836126742;9.002255320375964;9.122051486966592;9.245078993275499;9.371470368230854;9.501365488534612;9.634912095046309;9.77226635333595
425,Na_JVASP-55733_K2NaAlH6.json,0.4611499309539795,0.1459054946899414;0.30545997619628906;0.34622883796691895;0.38382601737976074;0.37952637672424316;0.47357916831970215;0.590548038482666;1.0641255378723145,1.0641255378723145,42.46011448324488,42.46011448324488;42.46011448324488;42.46011448324488;42.46011448324488;42.46011448324488;42.46011448324488;42.46011448324488;42.46011448324488,29.361961947122985,24.96123007398693;25.50737456454716;26.07795262127697;26.674641435153916;27.299275294715958;27.95386442069235;28.640616576935482;29.361961947122985
426,Ca_JVASP-86290_CaAlSi.json,3.085977077484131,1.1429619789123535;0.9973807334899902;1.0471630096435547;1.309814453125;0.9679341316223145;0.9846115112304688;1.107161045074463;1.1693792343139648;1.988224983215332;2.119906425476074;2.960236072540283;6.158682346343994;2.310573101043701;3.4129624366760254;5.524105548858643;8.80520486831665;1.5384800434112549;2.5418431758880615;3.2619853019714355;5.24375581741333;2.8202133178710938;3.8791861534118652;4.923619985580444;7.848064184188843,8.80520486831665,27.649464541786926,27.64946454178692;27.649464541786923;27.649464541786923;27.64946454178692;27.649464541786926;27.649464541786923;27.64946454178692;27.64946454178692;27.64946454178692;27.64946454178692;27.649464541786923;27.649464541786923;27.649464541786923;27.64946454178692;27.649464541786923;27.64946454178692;27.649464541786923;27.64946454178692;27.64946454178692;27.649464541786923;27.64946454178692;27.649464541786923;27.649464541786923;27.649464541786923,19.682557599321537,11.737116369684212;11.946797896051416;12.164107544910271;12.389469289903579;12.623339117229419;12.866208105197527;13.11860586625758;13.381104402269864;13.65432243208203;13.938930260324444;14.235655268072483;14.545288120057283;14.86868979994767;15.206799605514064;15.560644260021707;15.931348325998194;16.320146143862573;16.728395562427494;17.157593783091365;17.609395707331366;18.08563526140318;18.588350277536243;19.1198116434133;19.682557599321537
427,Li_JVASP-41898_LiEr2Al.json,0.3513360023498535,-0.21486210823059082;-0.2947971820831299;0.19492411613464355;0.47659945487976074;-0.11387515068054199;0.7687532901763916;0.7364733219146729;1.257472276687622,1.257472276687622,60.1784076063145,60.178407606314494;60.178407606314494;60.17840760631449;60.178407606314494;60.1784076063145;60.17840760631449;60.17840760631449;60.17840760631449,9.245278012654039,9.092878820742472;9.11434179773275;9.135906337563762;9.157573162838471;9.179343003031068;9.201216594568844;9.223194680915231;9.245278012654039
428,K_JVASP-98241_KAlO2.json,4.430351734161377,1.5712847709655762;1.7325682640075684;1.3066859245300293;1.4850974082946777;1.3545570373535156;1.172154426574707;1.276705265045166;1.6342148780822754;1.3327598571777344;1.3646345138549805;1.553612232208252;2.1089253425598145;5.033026218414307;11.35072374343872;4.632604598999023;6.169386863708496;6.756186485290527;6.44608211517334;4.986446857452393;6.55519437789917;6.0783209800720215;6.810970783233643;3.630967140197754;3.72171688079834;3.714702606201172;5.044492721557617;7.567707061767578;7.749866485595703;6.594393253326416;7.368897914886475;6.703006267547607;6.963362216949463,11.35072374343872,24.16026357570027,24.160263575700267;24.160263575700263;24.160263575700263;24.160263575700267;24.160263575700267;24.160263575700267;24.160263575700263;24.160263575700267;24.160263575700263;24.160263575700263;24.160263575700267;24.16026357570027;24.160263575700267;24.160263575700263;24.160263575700263;24.160263575700263;24.160263575700267;24.160263575700267;24.160263575700263;24.160263575700267;24.160263575700263;24.160263575700267;24.160263575700263;24.16026357570027;24.16026357570027;24.160263575700263;24.160263575700267;24.160263575700267;24.16026357570027;24.160263575700263;24.160263575700263;24.160263575700267,13.912229825747332,8.539538318333898;8.647262225360134;8.757738669285056;8.871074513685702;8.987382226447;9.106780252029958;9.229393413813028;9.355353349379671;9.484798981943138;9.617877031457668;9.754742569369373;9.895559621416593;10.040501823406265;10.189753135478702;10.34350862103857;10.501975297287078;10.665373065153542;10.833935727410509;11.007912104885067;11.187567261973236;11.37318385415183;11.565063611895525;11.763528977384851;11.968924912679663;12.181620900687486;12.402013163343323;12.630527125016625;12.867620153368218;13.113784614811639;13.369551287530337;13.63549318183734;13.912229825747332
429,Li_JVASP-21143_LiCaAlF6.json,7.950503587722778,4.892704486846924;12.197556018829346;9.922893047332764;4.740127086639404;7.39461350440979;12.625576257705688;6.732877254486084;5.097681045532227,12.625576257705688,52.42704963134732,52.42704963134732;52.42704963134731;52.427049631347316;52.42704963134731;52.42704963134732;52.427049631347316;52.427049631347316;52.427049631347316,18.415950336268917,17.820991016509886;17.903620676314123;17.98702015476644;18.071200260229933;18.156172004353703;18.241946606874713;18.328535500556455;18.415950336268917
430,Ca_JVASP-97576_Ca4Al6SO12.json,9.099090218544006,3.606276035308838;3.9041972160339355;3.9843907356262207;4.433587551116943;4.699692249298096;5.6646904945373535;6.1988701820373535;7.999304294586182;19.585771083831787;16.066093921661377;12.263757228851318;9.740923404693604;9.037080764770508;7.580643653869629;7.590865612030029;7.539279460906982;8.482306480407715;8.929712295532227;8.916941165924072;9.273472309112549;8.386288166046143;9.066338062286377;9.113443851470947;9.432514667510986;9.270594596862793;9.967787742614746;10.168108940124512;10.550139427185059;11.052924156188965;10.872930526733398;14.002475261688232;13.789485454559326,19.585771083831787,14.979062206477694,14.979062206477689;14.979062206477694;14.97906220647769;14.979062206477693;14.979062206477694;14.97906220647769;14.97906220647769;14.979062206477693;14.979062206477693;14.979062206477693;14.97906220647769;14.979062206477693;14.97906220647769;14.97906220647769;14.97906220647769;14.97906220647769;14.97906220647769;14.979062206477693;14.97906220647769;14.97906220647769;14.979062206477693;14.979062206477693;14.97906220647769;14.97906220647769;14.979062206477694;14.979062206477693;14.979062206477693;14.97906220647769;14.979062206477694;14.979062206477693;14.979062206477693;14.979062206477693,8.569195695821353,6.132960695086635;6.189726774759545;6.247553514271511;6.306470921205763;6.366510145865166;6.427703536189968;6.4900846958734295;6.553688545894719;6.618551389705786;6.684710982327941;6.752206603634421;6.821079136117886;6.891371147466296;6.963126978297705;7.036392835433896;7.111216891125181;7.187649388674108;7.265742754944727;7.345551720286864;7.427133446451875;7.510547663128121;7.5958568137815545;7.683126211549739;7.772424206007251;7.863822361697323;7.957395649409817;8.053222651279977;8.151385780887267;8.251971519649912;8.355070670940375;8.460778633491177;8.569195695821353
431,Na_JVASP-57554_Na2AlZnF7.json,6.345523476600647,3.3796839714050293;3.3888673782348633;3.2919325828552246;3.389336585998535;3.569540023803711;3.6087822914123535;3.591820001602173;3.6689302921295166;5.230482578277588;6.9647135734558105;6.078434228897095;7.8562963008880615;8.048701286315918;11.098945617675781;10.852309226989746;12.420173645019531;13.964022636413574;10.168347358703613;7.919206857681274;6.965742826461792;5.58030366897583;5.274019241333008;5.1305999755859375;5.112879276275635;6.30419921875;5.862218379974365;5.534023284912109;5.169809818267822;6.380515098571777;6.149204254150391;5.760172128677368;5.3425376415252686,13.964022636413574,20.603721656622294,20.603721656622294;20.603721656622294;20.603721656622294;20.60372165662229;20.603721656622294;20.603721656622294;20.60372165662229;20.603721656622294;20.603721656622294;20.603721656622294;20.603721656622294;20.603721656622294;20.603721656622294;20.603721656622294;20.603721656622294;20.603721656622294;20.60372165662229;20.603721656622294;20.603721656622294;20.603721656622294;20.603721656622294;20.603721656622294;20.603721656622294;20.603721656622294;20.603721656622294;20.603721656622294;20.603721656622294;20.60372165662229;20.603721656622294;20.603721656622294;20.60372165662229;20.603721656622294,7.385241555479421,6.172978250521928;6.205838513221816;6.239050494526086;6.272619871728665;6.306552444971799;6.340854140586934;6.375531014545249;6.410589256022008;6.446035191079176;6.481875286470889;6.518116153576572;6.55476455246675;6.591827396106806;6.629311754704145;6.667224860204541;6.705574110943659;6.744367076460032;6.783611502476075;6.823315316054022;6.86348663093399;6.90413375306172;6.945265186313912;6.986889638429435;7.029016027155112;7.07165348661517;7.114811373913942;7.158499275981812;7.202727016674957;7.247504664139895;7.292842538454474;7.338751219557438;7.385241555479421
432,Li_JVASP-39151_LiLu2Al.json,0.1974656581878662,-0.3183140754699707;-0.3807554244995117;-0.13793456554412842;0.7935003042221069;0.012720584869384766;0.7076654434204102;0.26868224143981934;0.6341607570648193,0.7935003042221069,62.50047295461898,62.50047295461897;62.50047295461897;62.50047295461898;62.50047295461897;62.500472954618964;62.50047295461897;62.50047295461897;62.50047295461898,8.868010787495265,8.727701193674257;8.74747297160115;8.767334535097891;8.787286497143809;8.807329476310827;8.827464096827391;8.84769098864327;8.868010787495265
433,Na_JVASP-102084_Na2AlInF6.json,2.0904836654663086,1.2620134353637695;1.271571159362793;1.5375027656555176;1.8898921012878418;1.1665046215057373;1.5457308292388916;1.707287311553955;1.461397647857666;2.4134302139282227;2.0490245819091797;2.298211097717285;2.3732948303222656;2.3022589683532715;2.4248485565185547;3.2807607650756836;4.464009761810303,4.464009761810303,34.227179325886915,34.227179325886915;34.22717932588691;34.22717932588691;34.22717932588691;34.22717932588691;34.22717932588691;34.22717932588691;34.227179325886915;34.22717932588691;34.227179325886915;34.227179325886915;34.22717932588691;34.22717932588691;34.22717932588691;34.22717932588691;34.22717932588691,12.951896391518366,11.101801906917194;11.20853972558555;11.317349921793987;11.42829344184019;11.541433645497355;11.656836426675854;11.77457034139703;11.894706743601304;12.017319929355923;12.142487290074751;12.270289475414083;12.40081056656495;12.534138260724367;12.670364067596033;12.809583518845635;12.951896391518366
434,Li_JVASP-22176_K2LiAlF6.json,4.975275039672852,4.083581447601318;5.866968631744385,5.866968631744385,176.46836806429022,176.46836806429022;176.4683680642902,60.19043025502579,59.26658214248896;60.19043025502579
435,Na_JVASP-112467_NaAlF4.json,7.600282192230225,2.989506483078003;2.918994665145874;2.903308629989624;2.713714361190796;8.436676502227783;14.616414546966553;10.673877000808716;11.45231318473816;8.723544359207153;6.557084798812866;6.743696451187134;6.104010343551636;9.481677293777466;8.930646181106567;9.413286924362183;8.945763349533081,14.616414546966553,38.51710904991414,38.51710904991414;38.51710904991414;38.51710904991414;38.51710904991414;38.51710904991414;38.51710904991414;38.51710904991414;38.51710904991414;38.51710904991414;38.51710904991414;38.51710904991414;38.51710904991414;38.51710904991414;38.51710904991414;38.51710904991413;38.51710904991414,16.043102257145534,13.298087880552337;13.451527179691803;13.608548715111622;13.7692794162944;13.933852281057314;14.102406742588036;14.275089063446524;14.452052758872705;14.633459051975017;14.819477363636691;15.010285840268818;15.206071922865766;15.407032961183889;15.61337687727381;15.825322883055982;16.043102257145534
436,K_JVASP-99686_K2RbAlF6.json,5.840435028076172,2.0585055351257324;2.0374860763549805;2.369990348815918;2.808411121368408;2.2435262203216553;2.6148226261138916;3.059969425201416;3.18764066696167;28.895629167556763;8.380688428878784;5.344259023666382;5.733091592788696;5.902905464172363;5.809337139129639;6.281667470932007;6.719030141830444,28.895629167556763,32.35071061191458,32.35071061191457;32.350710611914565;32.35071061191457;32.35071061191457;32.35071061191457;32.350710611914565;32.35071061191457;32.35071061191458;32.35071061191457;32.35071061191457;32.35071061191457;32.350710611914565;32.35071061191457;32.35071061191457;32.35071061191457;32.35071061191457,14.482462116758335,10.997325448390352;11.176632397177743;11.361883314702961;11.553378743440437;11.75143983482127;11.956410146555237;12.168657631386719;12.38857684150247;12.61659137637516;12.853156605994075;13.098762706318952;13.353938049533586;13.619252998443082;13.895324162360634;14.18281918132145;14.482462116758335
437,Na_JVASP-105070_Na2AlHgBr6.json,2.101440966129303,1.3620929718017578;1.4920878410339355;1.5372148156166077;1.6316141486167908;1.3793327808380127;1.3958593606948853;1.4570796489715576;1.77940833568573;2.0799269676208496;2.5909128189086914;2.6437816619873047;2.739091396331787;2.5496355295181274;2.5753504037857056;3.0604812502861023;3.349185526371002,3.349185526371002,17.33904552423134,17.339045524231338;17.33904552423134;17.339045524231338;17.339045524231338;17.33904552423134;17.339045524231338;17.339045524231338;17.339045524231338;17.339045524231338;17.33904552423134;17.339045524231338;17.339045524231338;17.33904552423134;17.339045524231338;17.339045524231338;17.339045524231338,4.71943970537836,4.449264353841298;4.4663099770998;4.4834867099853;4.500796071019442;4.518239602264931;4.535818869783492;4.55353546410457;4.571391000705039;4.58938712050026;4.607525490346774;4.625807803556966;4.644235780426029;4.662811168771577;4.6815357444862515;4.7004113121037125;4.71943970537836
438,Li_JVASP-102252_LiAl2FeO6.json,4.1434338092803955,4.210685968399048;4.484741449356079;4.213392972946167;4.408591985702515;4.000378370285034;3.9610068798065186;3.9517672061920166;3.916905641555786,4.484741449356079,55.335487597083485,55.33548759708348;55.335487597083485;55.33548759708348;55.33548759708348;55.33548759708348;55.33548759708348;55.33548759708347;55.33548759708348,16.210147061342898,15.747386098316026;15.81187054405533;15.87688527989457;15.94243687412989;16.00853200398241;16.07517745786556;16.14238013770931;16.210147061342898
439,Na_JVASP-142109_NaAlH4.json,1.7480881214141846,0.1768643856048584;0.6131818294525146;0.5191078186035156;0.7944684028625488;1.1249518394470215;1.4852442741394043;1.0924229621887207;1.3871941566467285;1.9999709129333496;1.8398404121398926;2.055412769317627;1.645087718963623;3.4879679679870605;3.1028800010681152;3.391099452972412;3.2537150382995605,3.4879679679870605,45.038391764176424,45.03839176417642;45.03839176417642;45.03839176417642;45.03839176417641;45.03839176417642;45.03839176417641;45.038391764176424;45.03839176417642;45.03839176417641;45.03839176417642;45.03839176417642;45.03839176417642;45.03839176417641;45.03839176417641;45.03839176417642;45.03839176417642,51.62047359391241,31.018470817096187;31.86633906284208;32.76186168078316;33.70917245617698;34.71289752500816;35.77823092482275;36.91102449789314;38.11789543163651;39.40635560950509;40.784968113550505;42.263537768933546;43.85334469415427;45.56743262370144;47.420967598868394;49.43168791274799;51.62047359391241
440,Na_JVASP-53921_Na2LiAlH6.json,1.466728687286377,0.5478997230529785;0.7611880302429199;0.4754445552825928;0.19935059547424316;0.647470235824585;0.5564091205596924;0.39888906478881836;0.6369719505310059;0.7813634872436523;1.6156325340270996;2.38045597076416;2.4758152961730957;2.7178049087524414;2.941605567932129;3.2864413261413574;3.0449166297912598,3.2864413261413574,56.66356903700981,56.66356903700979;56.66356903700979;56.6635690370098;56.66356903700979;56.66356903700979;56.6635690370098;56.6635690370098;56.66356903700981;56.6635690370098;56.6635690370098;56.6635690370098;56.66356903700979;56.66356903700979;56.66356903700979;56.6635690370098;56.6635690370098,78.1951500424967,38.978431585787995;40.32675299058573;41.77169758367029;43.324037638187065;44.996208530036846;46.802642575496456;48.76018664639788;50.888629161825136;53.211371402725;55.75629146677242;58.556868596245565;61.653664268185004;65.09629949380954;68.94613374998364;73.27995426536488;78.1951500424967
441,K_JVASP-25605_KCaAl2F9.json,4.881910085678101,3.149198055267334;3.2759265899658203;3.3253731727600098;3.466244697570801;4.116753578186035;4.064497947692871;4.5177695751190186;4.728483438491821;3.184955358505249;3.32171893119812;3.365464687347412;3.5279836654663086;5.1834588050842285;5.9554948806762695;6.798213958740234;8.176475048065186;4.261352777481079;4.398077726364136;4.650407314300537;4.940025806427002;5.471266269683838;6.928170680999756;7.075430631637573;9.283098459243774,9.283098459243774,11.058021282120894,11.058021282120892;11.058021282120892;11.058021282120892;11.058021282120892;11.05802128212089;11.058021282120892;11.05802128212089;11.058021282120892;11.05802128212089;11.05802128212089;11.058021282120892;11.05802128212089;11.05802128212089;11.058021282120892;11.058021282120892;11.058021282120892;11.058021282120892;11.058021282120892;11.05802128212089;11.05802128212089;11.058021282120894;11.058021282120892;11.05802128212089;11.058021282120892,4.187902090891988,3.6719387357654383;3.691714011706838;3.7117034410084915;3.7319105213211827;3.7523388268796096;3.772992010610005;3.793873806307748;3.814988030887687;3.8363385867100246;3.857929463984752;3.8797647432577236;3.901848597981646;3.9241852971753732;3.9467792081750637;3.969634799480934;3.9927566437034994;4.016149420613384;4.039817920298966;4.063767046436353;4.088001819676343;4.112527381153324;4.137348996121227;4.1624720577219625;4.187902090891988
442,Li_JVASP-46429_Li4AlCr3O8.json,3.476066827774048,2.039471387863159;2.057859182357788;2.162018060684204;2.210329294204712;2.1401469707489014;2.1475255489349365;2.3284995555877686;2.358354330062866;2.962543249130249;2.9360034465789795;2.9763100147247314;2.9663422107696533;2.9092519283294678;2.8840692043304443;3.0361554622650146;3.0071332454681396;3.4921767711639404;3.414757490158081;3.805232286453247;3.712455987930298;3.499016046524048;3.498638391494751;3.8563907146453857;3.8199517726898193;4.834228754043579;5.11877179145813;5.423185110092163;5.545272588729858;4.709131956100464;4.92663836479187;5.288282155990601;5.16799521446228,5.545272588729858,39.94638203438228,39.946382034382275;39.94638203438228;39.94638203438227;39.94638203438228;39.94638203438228;39.946382034382275;39.946382034382275;39.946382034382275;39.946382034382275;39.946382034382275;39.946382034382275;39.946382034382275;39.94638203438228;39.946382034382275;39.946382034382275;39.946382034382275;39.94638203438227;39.94638203438228;39.946382034382275;39.946382034382275;39.946382034382275;39.946382034382275;39.946382034382275;39.946382034382275;39.946382034382275;39.946382034382275;39.94638203438228;39.94638203438228;39.94638203438228;39.94638203438228;39.94638203438228;39.94638203438228,10.74353511098601,9.89045752907849;9.915856132968269;9.94138551946856;9.967046701326433;9.992840701772625;10.018768554657548;10.044831304589412;10.071030007074526;10.097365728659781;10.123839547077397;10.150452551391922;10.17720584214959;10.204100531530024;10.23113774350035;10.258318613971795;10.285644290958746;10.313115934740397;10.340734718024963;10.368501826116564;10.396418457084785;10.424485821937;10.45270514479348;10.481077663065362;10.509604627635522;10.538287303042406;10.567126967666889;10.5961249139222;10.625282448446987;10.654600892301584;10.684081581167522;10.713725865550382;10.74353511098601
443,Na_JVASP-94763_NaMg6Al.json,0.1898277997970581,0.7278457880020142;0.31614649295806885;0.4431469440460205;-0.02511453628540039;0.199487566947937;-0.048806071281433105;0.07077956199645996;-0.16486334800720215,0.7278457880020142,30.385930615180296,30.38593061518029;30.385930615180296;30.385930615180293;30.385930615180293;30.385930615180293;30.385930615180296;30.385930615180296;30.385930615180293,19.06924448138397,17.110126619747117;17.364987698732197;17.627556062948035;17.898186695377337;18.17725671870018;18.465167148652593;18.76234481669604;19.06924448138397
444,Li_JVASP-46539_LiMnAlO3.json,2.7628567218780518,2.109980821609497;2.1401665210723877;2.3228862285614014;2.332811117172241;2.2866175174713135;2.397498369216919;2.50150465965271;2.5335214138031006;3.054584264755249;3.1985766887664795;3.1350009441375732;3.162963628768921;3.2982985973358154;3.2709414958953857;3.2318742275238037;3.2284810543060303,3.2982985973358154,43.424913907118174,43.42491390711817;43.424913907118174;43.424913907118174;43.424913907118174;43.42491390711816;43.42491390711817;43.424913907118174;43.424913907118174;43.42491390711817;43.424913907118174;43.424913907118174;43.424913907118174;43.424913907118174;43.424913907118174;43.424913907118174;43.424913907118174,12.850572107950157,12.239569437978288;12.278489572422892;12.317658017728252;12.357077157837958;12.396749407310084;12.436677211810222;12.476863048614044;12.517309427119669;12.558018889370013;12.59899401058536;12.640237399706407;12.681751699947997;12.723539589363812;12.765603781422266;12.807947025593837;12.850572107950157
445,Li_JVASP-44442_Li3Al2FeO6.json,4.538090467453003,2.822654962539673;2.843228578567505;2.902989625930786;2.9395201206207275;3.216435194015503;3.253197431564331;3.347665548324585;3.4057557582855225;3.6539738178253174;3.7472574710845947;3.872846841812134;3.9455387592315674;4.178227186203003;4.373791456222534;4.458116292953491;4.729890584945679;5.184236764907837;4.973985910415649;5.54614520072937;5.301271200180054;5.478771448135376;5.381288766860962;5.158898591995239;5.1257336139678955;4.583942651748657;4.535550355911255;4.5553648471832275;4.5445473194122314;4.203662157058716;4.217500925064087;4.338700532913208;4.2599451541900635;4.9913599491119385;5.029978036880493;4.953715562820435;5.028729677200317;4.342674493789673;4.294218301773071;4.647687196731567;4.723540544509888;5.791102647781372;5.473872423171997;5.765458345413208;5.4498817920684814;5.69953179359436;5.508661508560181;5.606670141220093;5.440624952316284,5.791102647781372,23.534409268007856,23.534409268007856;23.53440926800785;23.534409268007852;23.534409268007852;23.534409268007852;23.53440926800785;23.534409268007852;23.534409268007852;23.534409268007856;23.534409268007852;23.534409268007852;23.534409268007852;23.534409268007852;23.534409268007852;23.53440926800785;23.53440926800785;23.534409268007852;23.534409268007852;23.53440926800785;23.534409268007852;23.534409268007852;23.534409268007852;23.53440926800785;23.53440926800785;23.534409268007852;23.534409268007852;23.53440926800785;23.534409268007852;23.534409268007852;23.534409268007852;23.534409268007852;23.534409268007852;23.534409268007852;23.534409268007852;23.534409268007852;23.534409268007852;23.53440926800785;23.534409268007852;23.534409268007852;23.53440926800785;23.534409268007852;23.534409268007852;23.53440926800785;23.53440926800785;23.53440926800785;23.53440926800785;23.534409268007852;23.534409268007852,8.122122169971837,7.3913922784886585;7.405568088262395;7.4197983775498075;7.434083461013514;7.448423655744046;7.4628192812833065;7.47727065964831;7.4917781153551894;7.506341975443483;7.520962569500722;7.535640229687279;7.550375290761533;7.565168090105317;7.5800189677496626;7.594928266400862;7.609896331466823;7.62492351108375;7.64001015614313;7.655156620319044;7.670363260095808;7.6856304347959385;7.700958506608457;7.716347840617527;7.731798804831447;7.747311770211977;7.762887110704031;7.778525203265727;7.794226427898794;7.809991167679351;7.82581980878907;7.841712740546701;7.857670355439994;7.873693049158013;7.889781220623835;7.905935272027665;7.922155608860344;7.938442639947285;7.954796777482813;7.971218437064945;7.987708037730592;8.004266001991205;8.020892755868855;8.03758872893278;8.054354354336377;8.071190068854655;8.088096312922174;8.105073530671449;8.122122169971837
446,Na_JVASP-12555_NaAlH4.json,1.2495009899139404,1.2963550090789795;1.4008214473724365;0.8723645210266113;0.8687238693237305;0.8891446590423584;0.8645551204681396;0.7379851341247559;0.7149362564086914;1.986776351928711;1.850555419921875;1.349092721939087;1.2627665996551514;1.5452063083648682;1.5533421039581299;1.2090764045715332;1.5903139114379883,1.986776351928711,40.339285136330176,40.33928513633017;40.339285136330176;40.339285136330176;40.33928513633017;40.33928513633017;40.339285136330176;40.339285136330176;40.339285136330176;40.339285136330176;40.339285136330176;40.339285136330176;40.33928513633017;40.339285136330176;40.339285136330176;40.339285136330176;40.339285136330176,51.62047359391241,31.018470817096187;31.86633906284208;32.76186168078316;33.70917245617698;34.71289752500816;35.77823092482275;36.91102449789314;38.11789543163651;39.40635560950509;40.784968113550505;42.263537768933546;43.85334469415427;45.56743262370144;47.420967598868394;49.43168791274799;51.62047359391241
447,K_JVASP-60893_K2NaAlP2.json,1.5274680852890015,0.7172641754150391;1.0545506477355957;2.6439194679260254;1.6941380500793457,2.6439194679260254,147.42462216955028,147.42462216955025;147.42462216955025;147.42462216955028;147.42462216955025,101.93159192773905,70.48739046609346;78.56617693046445;88.73655931436932;101.93159192773905
448,Li_JVASP-88749_LiAlMo2O8.json,3.916172742843628,3.9325268268585205;4.038542985916138;3.9529407024383545;4.112642049789429;3.6828367710113525;3.6579906940460205;3.786515474319458;3.7660105228424072;3.8658230304718018;4.0372536182403564;3.961604356765747;4.040988206863403;3.7986204624176025;4.042227029800415;3.8780734539031982;4.104167699813843,4.112642049789429,18.329885477882545,18.32988547788254;18.329885477882545;18.32988547788254;18.32988547788254;18.32988547788254;18.32988547788254;18.329885477882538;18.32988547788254;18.32988547788254;18.32988547788254;18.32988547788254;18.32988547788254;18.32988547788254;18.32988547788254;18.32988547788254;18.329885477882538,4.823317478013136,4.734605121270395;4.740417629940535;4.746244427779099;4.7520855675425535;4.757941102247393;4.763811085171743;4.769695569856974;4.775594610109334;4.78150826000158;4.7874365738746425;4.793379606339278;4.7993374122777555;4.805310046845536;4.811297565472984;4.817300023867078;4.823317478013136
449,Li_JVASP-44355_Li3MnAl2O6.json,4.592022180557251,2.3916900157928467;2.413344144821167;2.39595103263855;2.4079291820526123;2.499224901199341;2.5231335163116455;2.4832851886749268;2.5100319385528564;3.148289442062378;3.146796941757202;3.408618688583374;3.40960955619812;3.3095381259918213;3.3097879886627197;3.641766309738159;3.648162603378296;4.726388692855835;5.329204320907593;6.045474290847778;6.463320016860962;6.183812856674194;6.7378175258636475;6.756746053695679;6.582109212875366;6.2766273021698;5.744553327560425;5.881003141403198;5.649153470993042;4.974287748336792;4.669821500778198;5.2544004917144775;5.090930223464966;4.218914747238159;4.262128591537476;4.055696725845337;3.9799749851226807;4.340286493301392;4.2994444370269775;4.042346239089966;4.035996675491333;5.4325926303863525;5.3997557163238525;5.967499017715454;5.83339524269104;6.637325048446655;6.372699499130249;6.529497861862183;5.996701002120972,6.756746053695679,23.703780643041533,23.70378064304153;23.703780643041526;23.70378064304153;23.70378064304153;23.70378064304153;23.70378064304153;23.70378064304153;23.70378064304153;23.703780643041526;23.70378064304153;23.70378064304153;23.70378064304153;23.703780643041526;23.70378064304153;23.70378064304153;23.70378064304153;23.703780643041533;23.70378064304153;23.703780643041526;23.70378064304153;23.70378064304153;23.703780643041526;23.70378064304153;23.70378064304153;23.70378064304153;23.70378064304153;23.703780643041526;23.70378064304153;23.70378064304153;23.70378064304153;23.70378064304153;23.70378064304153;23.703780643041533;23.70378064304153;23.703780643041526;23.70378064304153;23.70378064304153;23.70378064304153;23.703780643041526;23.70378064304153;23.70378064304153;23.70378064304153;23.703780643041526;23.70378064304153;23.70378064304153;23.703780643041533;23.703780643041526;23.703780643041526,8.157997840499325,7.421091218215533;7.435381285030345;7.449726491980662;7.4641271588318014;7.478583607826356;7.493096163708227;7.507665153746944;7.522290907762262;7.536973758149053;7.551714039902487;7.566512090643512;7.581368250644624;7.596282862855953;7.611256272931658;7.6262888292566196;7.6413808829734675;7.656532788009921;7.671744901106451;7.687017581844285;7.702351192673734;7.71774609894287;7.7332026689265385;7.748721273855729;7.764302287947292;7.779946088434023;7.795653055595107;7.811423572786927;7.827258026474257;7.843156806261833;7.859120304926305;7.87514891844858;7.891243046046568;7.907403090208323;7.9236294567256005;7.93992255472782;7.956282796716452;7.972710598599827;7.9892063797283885;8.00577056293037;8.022403574547923;8.039105844473694;8.055877806187869;8.072719896795668;8.089632557065324;8.106616231466521;8.123671368209354;8.140798419283731;8.157997840499325
450,K_JVASP-101479_KNa2AlF6.json,3.122288942337036,2.794674873352051;2.8316917419433594;2.856142997741699;2.772951126098633;2.6654627323150635;2.726879358291626;3.2939023971557617;5.036606311798096,5.036606311798096,36.62747962768763,36.62747962768762;36.62747962768762;36.62747962768762;36.62747962768762;36.62747962768762;36.62747962768763;36.62747962768762;36.62747962768762,17.463544663543036,14.820562655157124;15.148070020582098;15.490379106177643;15.848516558933213;16.22360621718535;16.616880890642033;17.029695896321734;17.463544663543036
451,Li_JVASP-55732_K2LiAlH6.json,0.8039405345916748,0.3275301456451416;0.591651201248169;0.6449453830718994;0.7100212574005127;0.6930606365203857;0.9014146327972412;0.6602375507354736;0.7980949878692627;0.7121293544769287;0.8386447429656982;0.7697834968566895;0.8733978271484375;0.8738815784454346;1.0420548915863037;1.1846764087677002;1.2415244579315186,1.2415244579315186,23.576689149622318,23.57668914962231;23.57668914962231;23.576689149622315;23.57668914962231;23.57668914962231;23.576689149622315;23.576689149622315;23.57668914962231;23.576689149622315;23.576689149622315;23.57668914962231;23.576689149622315;23.57668914962231;23.576689149622318;23.576689149622315;23.576689149622315,15.001779682045104,14.175664301890718;14.227897593666794;14.280517238697655;14.333527539496005;14.386932862697503;14.440737640259837;14.494946370688748;14.54956362029183;14.604594024460742;14.66004228898263;14.71591319138158;14.772211582290794;14.828942386856456;14.886110606174006;14.943721318757817;15.001779682045104
452,Na_JVASP-144564_Na3Ca3AlSb4.json,0.7282143433888754,0.5383888483047485;0.5944575071334839;0.6923495531082153;0.7046636343002319;0.6430485248565674;0.6597292423248291;0.9754576683044434;0.8720111846923828;0.8351047039031982;0.775554895401001;0.8424011468887329;0.6054052114486694,0.9754576683044434,33.713726434048624,33.71372643404862;33.71372643404862;33.713726434048624;33.71372643404862;33.713726434048624;33.71372643404862;33.71372643404862;33.713726434048624;33.71372643404862;33.713726434048624;33.71372643404862;33.71372643404862,10.46927989404993,9.528062573724009;9.606576930949561;9.686396007543557;9.76755259792466;9.850080604857965;9.934015086677192;10.019392306941965;10.10624978667795;10.194626359357946;10.284562228793217;10.376099030116336;10.46927989404993
453,K_JVASP-21387_K2NaAlF6.json,6.1985228061676025,2.02156662940979;2.2799770832061768;2.8469085693359375;3.6209378242492676;2.6460680961608887;3.2329578399658203;3.6453542709350586;4.013949871063232;23.534622192382812;12.859027862548828;6.504739046096802;6.131170988082886;5.497846603393555;6.074074745178223;6.8783440589904785;7.388819217681885,23.534622192382812,41.294044540156314,41.294044540156314;41.29404454015631;41.294044540156314;41.294044540156314;41.2940445401563;41.294044540156314;41.294044540156314;41.294044540156314;41.294044540156314;41.29404454015631;41.29404454015631;41.29404454015631;41.29404454015631;41.2940445401563;41.29404454015631;41.294044540156314,19.841307208527322,13.834689108304394;14.119654788334655;14.416606755645981;14.726317511456461;15.049627396694964;15.38745220612231;15.740791851503664;16.110740246419628;16.498496618534425;16.905378495746426;17.332836662493676;17.78247244397273;18.25605775225195;18.755558423253184;19.283161492617907;19.841307208527322
454,Li_JVASP-36558_Li2YAl.json,0.4180474281311035,0.40818262100219727;0.32292938232421875;0.39933133125305176;0.7952244281768799;1.9645719528198242;0.29351091384887695;-0.22036290168762207;-0.6190083026885986,1.9645719528198242,113.60991325698313,113.60991325698312;113.6099132569831;113.60991325698312;113.60991325698313;113.6099132569831;113.6099132569831;113.60991325698313;113.60991325698312,56.96497221987824,51.63290366521598;52.33268574728223;53.051696769070205;53.79074034433174;54.55066549882082;55.332369924036115;56.136803514784845;56.96497221987824
455,Li_JVASP-107740_SrLiAlSb2.json,0.974048376083374,0.7022640705108643;0.9904778003692627;0.891251802444458;0.9168121814727783;1.0691215991973877;1.0409681797027588;1.1024391651153564;1.079052209854126,1.1024391651153564,39.28204148810332,39.28204148810331;39.28204148810331;39.28204148810332;39.28204148810332;39.28204148810331;39.28204148810332;39.28204148810331;39.28204148810332,9.332273811673598,9.177017129686087;9.198879624712278;9.220846534946698;9.24291861020998;9.265096607519412;9.287381291175487;9.309773432849694;9.332273811673598
456,K_JVASP-144825_KNa2AlH6.json,1.1443450450897217,0.8581132888793945;0.8786849975585938;0.7906427383422852;0.80340576171875;0.7347002029418945;0.7658157348632812;0.7237133979797363;0.7575879096984863;1.5631117820739746;1.4345245361328125;1.4041552543640137;1.3916807174682617;1.5570273399353027;1.4378838539123535;1.569587230682373;1.6388859748840332,1.6388859748840332,22.82419664580425,22.824196645804243;22.824196645804243;22.824196645804243;22.824196645804243;22.824196645804243;22.824196645804243;22.824196645804243;22.824196645804246;22.824196645804246;22.82419664580425;22.824196645804246;22.824196645804243;22.824196645804243;22.824196645804246;22.824196645804243;22.824196645804246,20.565304263191603,14.18283710272854;14.482480803422769;14.795059042269083;15.12142780013344;15.46252029097102;15.819355873541113;16.19305022622936;16.584826998895874;16.996031198098873;17.428144614183743;17.882803663109563;18.361820095788463;18.867205127409463;19.401197664310068;19.966297463842114;20.565304263191603
457,Li_JVASP-46517_Li3Al2VO6.json,3.048140287399292,1.768078088760376;1.881838083267212;1.856151819229126;2.060394525527954;2.040825605392456;2.1109139919281006;2.1204135417938232;2.225480794906616;3.1308605670928955;3.262251138687134;3.060290575027466;3.0960638523101807;3.113029718399048;3.022991418838501;3.0585877895355225;3.1230990886688232;4.050354719161987;4.306929349899292;4.026172399520874;4.053237676620483;3.9636189937591553;3.918576955795288;3.972022294998169;3.9331839084625244,4.306929349899292,54.42875722217276,54.428757222172756;54.428757222172756;54.428757222172756;54.42875722217276;54.428757222172756;54.42875722217276;54.428757222172756;54.42875722217276;54.428757222172756;54.428757222172756;54.428757222172756;54.428757222172756;54.428757222172756;54.428757222172756;54.42875722217275;54.428757222172756;54.42875722217275;54.428757222172756;54.428757222172756;54.42875722217276;54.428757222172756;54.42875722217275;54.428757222172756;54.428757222172756,16.604095650214546,15.109710787466827;15.169068658279183;15.228894738288611;15.289194589214187;15.34997386121319;15.41123829464597;15.47299372188324;15.535246069156996;15.598001358456301;15.661265709469209;15.725045341572125;15.789346575867983;15.854175837274642;15.919539656664925;15.985444673059826;16.051897635876422;16.118905407232088;16.186474964306658;16.254613401764253;16.323327934236545;16.392625898869262;16.46251475793385;16.533002101506202;16.604095650214546
458,K_JVASP-61646_K3AlF6.json,7.5813292264938354,1.8842663764953613;2.096855640411377;3.296417713165283;3.212663173675537;2.339392900466919;2.6111414432525635;2.432210683822632;2.337043523788452;16.71330213546753;17.78144645690918;8.20018744468689;5.839369535446167;6.413055896759033;6.523782253265381;7.182774066925049;7.6552863121032715;16.65990686416626;14.424617290496826;12.043463706970215;9.532246589660645;8.176904082298279;7.463260769844055;7.086724638938904;10.045581936836243,17.78144645690918,35.0434740144466,35.043474014446595;35.0434740144466;35.0434740144466;35.0434740144466;35.0434740144466;35.0434740144466;35.043474014446595;35.0434740144466;35.0434740144466;35.0434740144466;35.043474014446595;35.0434740144466;35.043474014446595;35.0434740144466;35.043474014446595;35.0434740144466;35.0434740144466;35.0434740144466;35.0434740144466;35.0434740144466;35.0434740144466;35.0434740144466;35.0434740144466;35.0434740144466,22.968617198370275,12.971796686097631;13.22200194029964;13.482049150135172;13.752530673737333;14.034087378828662;14.327413712213598;14.633263418586752;14.952456007800876;15.28588408742492;15.63452169873985;15.999433820114952;16.3817872330505;16.78286298442214;17.204070725351666;17.646965264881775;18.113265748120245;18.604877957468492;19.123920346833444;19.6727545587485;20.25402135159272;20.870683089933728;21.526074240682817;22.223961691932786;22.968617198370275
459,K_JVASP-97867_K4Nb11Al2O20F.json,3.084182024002075,2.2264671325683594;3.0697126388549805;3.0966544151306152;3.9438939094543457,3.9438939094543457,88.26446487172923,88.26446487172923;88.2644648717292;88.26446487172922;88.26446487172922,18.432703096554615,17.05674410014592;17.491989734201656;17.95002979468665;18.432703096554615
