,name,avg_voltage,voltage_profile,max_voltage,max_vol_cap,vol_capacity_profile,max_grav_cap,grav_capacity_profile
0,Ca_JVASP-102282_Li2CaAl.json,1.5656664371490479,0.602760910987854;0.42831504344940186;1.6838643550872803;2.80915904045105;1.1661189794540405;1.5882397890090942;2.3872199058532715;1.8596534729003906,2.80915904045105,67.36253951890221,67.3625395189022;67.3625395189022;67.3625395189022;67.36253951890221;67.36253951890221;67.3625395189022;67.3625395189022;67.3625395189022,73.03128405184556,41.39018392885959;44.1209832128054;47.2375757419202;50.8279296819757;55.00895770769872;59.939488689939665;65.8409022400421;73.03128405184556
1,Ca_JVASP-99860_CaMnSb2.json,3.2585790157318115,5.003791809082031;3.8159360885620117;4.385712146759033;2.2612318992614746;3.794854164123535;2.062901496887207;2.4846668243408203;2.259537696838379,5.003791809082031,55.88559722154355,55.88559722154353;55.885597221543534;55.885597221543534;55.885597221543534;55.88559722154355;55.885597221543534;55.885597221543534;55.88559722154352,11.039672826366594,9.896095909488423;10.04474076066143;10.19791916458542;10.355841737849397;10.518732348486589;10.686829174811976;10.860385867434495;11.039672826366594
2,Ca_JVASP-68306_CaMgBe.json,2.099472999572754,1.0985153913497925;0.9182268381118774;0.5382481813430786;1.1261504888534546;1.3403146266937256;1.657731294631958;1.935511827468872;2.411442995071411;3.0229859352111816;0.9133110046386719;3.79177188873291;6.439465522766113,6.439465522766113,53.29777135409464,53.297771354094635;53.297771354094635;53.297771354094635;53.297771354094635;53.29777135409464;53.297771354094635;53.29777135409464;53.297771354094635;53.297771354094635;53.297771354094635;53.297771354094635;53.297771354094635,60.928495126597035,30.430563958443383;31.88131702433883;33.47732186333996;35.24154233310803;37.20205226869161;39.39354056826414;41.85938154444021;44.65453475977301;47.84968980959046;51.5373276637236;55.840818828158156;60.928495126597035
3,Ca_JVASP-71158_CaMnBe2.json,2.7384443283081055,-0.29864728450775146;-0.023959755897521973;0.19298052787780762;3.17582631111145;1.6082196235656738;1.4571547508239746;3.4238481521606445;0.43306636810302734;0.9411847591400146;1.8661339282989502;9.640167713165283;10.445356845855713,10.445356845855713,62.1916225699568,62.19162256995679;62.191622569956785;62.191622569956785;62.191622569956785;62.191622569956785;62.1916225699568;62.191622569956785;62.191622569956785;62.191622569956785;62.19162256995679;62.191622569956785;62.191622569956785,29.271181446221878,19.758038738983974;20.359572103606062;20.998882962784943;21.679645440641497;22.40602607019679;23.182769144340103;24.015300457357505;24.90985423227311;25.87362951350135;26.91498432619322;28.043678688642988;29.271181446221878
4,Ca_JVASP-99492_SrCa3.json,0.45071156819661456,0.028845548629760742;0.011376142501831055;1.6639187335968018;4.295315980911255;0.6833546161651611;1.1661059856414795;1.1543960571289062;1.235361099243164;0.7107658386230469;-0.005836009979248047;-0.35063791275024414;-0.28337669372558594;-0.1097264289855957;0.6160025596618652;0.60569167137146;1.9530575275421143;-0.6742234230041504;-0.7414193153381348;-0.7341060638427734;-0.6911344528198242;0.3607931137084961;-0.8746638298034668;-0.10968279838562012;0.9068996906280518,4.295315980911255,32.36822246355538,32.36822246355537;32.36822246355537;32.36822246355537;32.36822246355537;32.36822246355537;32.36822246355537;32.36822246355537;32.36822246355537;32.36822246355537;32.36822246355537;32.36822246355537;32.36822246355537;32.36822246355537;32.36822246355537;32.36822246355537;32.36822246355538;32.36822246355537;32.36822246355537;32.36822246355536;32.36822246355537;32.36822246355537;32.36822246355537;32.36822246355536;32.36822246355537,36.16748582543825,16.117973049057937;16.516047017053175;16.934281786740375;17.374248742129257;17.837686926703878;18.326526016834247;18.842913179123705;19.389244599967814;19.968202663902396;20.58279999778141;21.236431907014218;21.932939130547055;22.67668336394328;23.472638687699007;24.326502950887786;25.24483438336411;26.235220364758167;27.306487541707444;28.46896561511991;29.73482150231443;31.118486797563495;32.637210404741275;34.31178129895061;36.16748582543825
5,Ca_JVASP-65128_Ca4BeTe.json,0.9548446536064148,1.443437099456787;0.2698993682861328;0.3383352756500244;-0.016138792037963867;-0.2476787567138672;-0.3656954765319824;-0.3455268144607544;-0.3839353322982788;-0.5577199459075928;-0.47021937370300293;0.8913500308990479;0.7132112979888916;1.094470500946045;0.984454870223999;-0.8744003772735596;-0.7656354904174805;1.0808101892471313;0.41104304790496826;0.018134117126464844;0.07511091232299805;0.25067782402038574;0.35979557037353516;1.5969064235687256;1.1420369148254395;0.8828991651535034;0.691250205039978;1.1116888523101807;1.1846942901611328;2.998870372772217;2.6631035804748535;6.878213882446289;7.501585483551025,7.501585483551025,28.46450448623854,28.46450448623853;28.46450448623854;28.464504486238535;28.464504486238532;28.46450448623854;28.464504486238535;28.464504486238535;28.464504486238535;28.46450448623854;28.464504486238535;28.464504486238535;28.464504486238535;28.464504486238535;28.464504486238535;28.46450448623854;28.464504486238535;28.464504486238535;28.464504486238532;28.464504486238532;28.464504486238535;28.464504486238532;28.464504486238535;28.46450448623854;28.46450448623854;28.464504486238535;28.46450448623854;28.464504486238535;28.46450448623854;28.46450448623854;28.464504486238535;28.46450448623854;28.464504486238532,23.655835807542076,11.28296505718382;11.476599999478232;11.676997206127465;11.884517207776153;12.0995466277386;12.32250058599958;12.553825373990534;12.794001436403926;13.043546701966894;13.30302031176684;13.573026801611702;13.854220804268945;14.147312348570951;14.453072845685748;14.77234186880965;15.106034851740294;15.455151854984367;15.82078757618912;16.20414281595705;16.60653765203282;17.029426626390837;17.474416313412032;17.94328571637163;18.438010038104412;18.96078849553106;19.51407700406351;20.100626756533515;20.723529975312086;21.38627444342481;22.092808844873534;22.847621499280688;23.655835807542076
6,Ca_JVASP-64967_CaTiBe2.json,1.0592567920684814,0.14187109470367432;0.22247064113616943;0.3189873695373535;0.6496434211730957;0.36447858810424805;1.084275245666504;1.3046584129333496;4.387669563293457,4.387669563293457,85.65417968787919,85.65417968787919;85.65417968787918;85.65417968787919;85.65417968787916;85.65417968787918;85.65417968787916;85.65417968787919;85.65417968787918,47.251516670653274,31.61465770558828;33.18341896730002;34.91599706841574;36.83946525665108;38.98721027341265;41.40088667813233;44.13314502834388;47.251516670653274
7,K_JVASP-9975_K2CaC2O6.json,3.0398216247558594,3.0933756828308105;3.1080269813537598;2.887643814086914;2.9270801544189453;2.7164177894592285;2.712240695953369;2.508676052093506;2.66780424118042;3.1659369468688965;3.279719829559326;3.4024462699890137;3.6281142234802246;3.125328540802002;3.3486380577087402;3.092285633087158;2.9734110832214355,3.6281142234802246,36.78383023426861,36.783830234268606;36.783830234268606;36.783830234268606;36.783830234268606;36.783830234268606;36.783830234268606;36.783830234268606;36.783830234268606;36.783830234268606;36.783830234268606;36.783830234268606;36.78383023426861;36.78383023426861;36.783830234268606;36.783830234268606;36.783830234268606,20.30623393527466,14.059135625554523;14.353520941572729;14.660498235264091;14.980893072972597;15.31560480215453;15.665614982041422;16.031996997343686;16.415927053312927;16.818696789407362;17.241727796542843;17.686588381735667;18.155012996788102;18.64892483834858;19.170462240182967;19.722009621388597;20.30623393527466
8,Ca_JVASP-102235_CaCrN2.json,5.717456817626953,3.3849620819091797;3.2729101181030273;3.4826159477233887;3.42872953414917;3.728196144104004;3.6360788345336914;4.348006248474121;4.283282279968262;3.8260302543640137;3.8907971382141113;4.07470703125;4.024578094482422;5.3300347328186035;5.292967319488525;4.273716449737549;4.274031162261963;4.865119934082031;4.9345598220825195;6.918445110321045;7.155013561248779;8.088557243347168;8.460254669189453;9.3000168800354;9.856424808502197;6.113551616668701;5.928177356719971;7.427934169769287;7.7408833503723145;7.905477523803711;8.103198051452637;5.48712158203125;5.556183815002441;6.497865200042725;6.835041522979736;6.797417640686035;7.305558204650879,9.856424808502197,24.946018968621107,24.946018968621104;24.946018968621104;24.946018968621107;24.946018968621107;24.946018968621104;24.946018968621104;24.946018968621104;24.946018968621107;24.946018968621104;24.946018968621104;24.946018968621104;24.946018968621107;24.946018968621104;24.946018968621104;24.946018968621107;24.946018968621107;24.946018968621104;24.946018968621104;24.946018968621107;24.946018968621107;24.946018968621104;24.946018968621104;24.946018968621107;24.946018968621104;24.946018968621104;24.946018968621107;24.946018968621107;24.946018968621107;24.946018968621104;24.946018968621104;24.946018968621104;24.946018968621104;24.946018968621107;24.946018968621107;24.946018968621104;24.946018968621104,9.177269489015659,6.199526123569877;6.257536964382366;6.316643709868813;6.376877710882423;6.438271525606115;6.500858978235723;6.564675221119624;6.6297568005946435;6.696141726777317;6.7638695475905575;6.832981427328659;6.903520230088595;6.9755306084229325;7.049059097599641;7.124154215886919;7.200866571317178;7.279248975423873;7.359356564488319;7.441246928881467;7.524980251138262;7.610619453460258;7.698230355406246;7.787881842601401;7.879646047373786;7.973598542313701;8.069818547847499;8.168389155024139;8.269397564831305;8.372935345489802;8.479098709321908;8.58798881095328;8.699712068791154;8.814380511926418;8.932112154836641;9.053031402524544;9.177269489015659
9,Ca_JVASP-73645_CaBe2Ge.json,1.7395257949829102,0.5312619209289551;0.7116641998291016;1.484731674194336;2.8934288024902344;2.1167306900024414;1.3657221794128418;1.5933246612548828;3.2193422317504883,3.2193422317504883,91.49579416358235,91.49579416358235;91.49579416358233;91.49579416358233;91.49579416358232;91.49579416358233;91.49579416358232;91.49579416358232;91.49579416358233,35.01663125031802,25.624327629098772;26.64531551168489;27.751041179232534;28.952510690697412;30.262722369835924;31.697138959964875;33.274300737394114;35.01663125031802
10,Ca_JVASP-69696_CaBe2Rh.json,3.666579484939575,0.7305691242218018;0.8576486110687256;2.769283413887024;6.120023131370544;4.438899397850037;3.090727925300598;4.021772146224976;7.3037121295928955,7.3037121295928955,93.46154274789036,93.46154274789035;93.46154274789035;93.46154274789035;93.46154274789033;93.46154274789035;93.46154274789036;93.46154274789035;93.46154274789033,26.601520075636316,20.80758720045431;21.475805599411853;22.188366582598967;22.949835447395664;23.765426457142258;24.641122404923063;25.583821622370678;26.601520075636316
11,Ca_JVASP-64238_Ba4CaRu.json,1.0281176567077637,2.9318246841430664;1.1623783111572266;0.8048217296600342;1.1400949954986572;0.3979372978210449;0.5639176368713379;0.5930454730987549;0.6309211254119873,2.9318246841430664,22.275112039867615,22.275112039867615;22.27511203986761;22.275112039867615;22.275112039867615;22.27511203986761;22.27511203986761;22.275112039867608;22.27511203986761,5.111760435160542,4.852134198470126;4.887597196919363;4.9235823918012755;4.960101402763347;4.997166196768413;5.034789101169079;5.072982817377244;5.111760435160542
12,Ca_JVASP-63056_CaB2H8.json,3.2503418922424316,2.1247332096099854;2.0541584491729736;1.9191842079162598;1.885493278503418;1.8766767978668213;1.8567140102386475;1.7400598526000977;1.7532081604003906;3.567509174346924;3.6352438926696777;4.590014457702637;4.609004020690918;4.516035079956055;4.568454742431641;5.64665412902832;5.662326812744141,5.662326812744141,25.56280986331439,25.562809863314385;25.562809863314385;25.56280986331439;25.562809863314385;25.56280986331439;25.56280986331439;25.56280986331439;25.56280986331439;25.56280986331439;25.562809863314385;25.56280986331439;25.56280986331439;25.562809863314385;25.562809863314385;25.562809863314385;25.56280986331439,52.0370310792845,24.01101012491119;24.905238353663595;25.86864957931321;26.909595504778746;28.037828473367615;29.264807939906234;30.604091094472338;32.07183588991303;33.68745610957018;35.474484932477665;37.46172875471448;39.68483184024609;42.18843322757284;45.02919504935919;48.28014265545258;52.0370310792845
13,Ca_JVASP-68535_CaBeSe2.json,4.381969094276428,4.69516658782959;3.9718823432922363;4.108276605606079;5.086416959762573;4.259226083755493;4.5525970458984375;4.79520320892334;3.5869839191436768,5.086416959762573,62.03089057937914,62.03089057937913;62.03089057937914;62.030890579379125;62.03089057937913;62.03089057937913;62.03089057937914;62.03089057937913;62.03089057937913,19.48439878027478,16.183673371867712;16.585039630701825;17.00682050605261;17.450614158592003;17.918190034969605;18.41151244698321;18.9327681561054;19.48439878027478
14,Ca_JVASP-86687_Ca3N2.json,5.224198341369629,1.8115150928497314;2.1163384914398193;2.4383630752563477;2.21596097946167;2.5521762371063232;2.4521920680999756;5.2388691902160645;5.3139753341674805;5.462873697280884;5.732699632644653;5.738811254501343;5.7293617725372314;6.944989204406738;6.1525774002075195;6.12059473991394;6.013658761978149;5.625222444534302;5.645807981491089;5.950257062911987;5.067760229110718;5.886037826538086;5.267014980316162;5.313338279724121;4.97739315032959;6.86116099357605;6.553918123245239;6.725199222564697;7.464564800262451;7.723069190979004;7.372354507446289;6.3784565925598145;6.738651275634766;6.736846446990967;7.070063591003418;7.186630725860596;7.59346866607666;6.133524179458618;5.7781593799591064;5.917270183563232;5.5855326652526855;5.379143476486206;5.328622102737427;7.903579235076904;7.379131555557251;8.03334379196167;7.626408815383911;5.638293266296387;4.296884059906006;5.436948180198669;4.4270206689834595;1.8622934818267822;2.9803295135498047;-6.310752749443054;-1.461194396018982,8.03334379196167,28.801655294983906,28.801655294983902;28.8016552949839;28.801655294983895;28.801655294983902;28.801655294983902;28.8016552949839;28.801655294983902;28.801655294983902;28.8016552949839;28.801655294983895;28.801655294983906;28.8016552949839;28.8016552949839;28.8016552949839;28.8016552949839;28.8016552949839;28.801655294983902;28.801655294983895;28.801655294983902;28.801655294983902;28.8016552949839;28.801655294983902;28.8016552949839;28.801655294983902;28.801655294983902;28.801655294983902;28.801655294983902;28.8016552949839;28.8016552949839;28.801655294983902;28.8016552949839;28.8016552949839;28.801655294983906;28.801655294983902;28.8016552949839;28.8016552949839;28.801655294983906;28.8016552949839;28.801655294983902;28.801655294983902;28.801655294983902;28.801655294983902;28.801655294983895;28.8016552949839;28.8016552949839;28.801655294983902;28.8016552949839;28.8016552949839;28.8016552949839;28.8016552949839;28.8016552949839;28.8016552949839;28.8016552949839;28.801655294983902,49.23853753663495,10.043826648753335;10.196976961702847;10.354870128944663;10.51772993512925;10.685794468473748;10.859317282114619;11.03856867048082;11.223837074200835;11.415430628902268;11.61367887539658;11.818934651214782;12.031576186333632;12.252009429279507;12.480670633706932;12.71802924012794;12.96459109284645;13.220902038486834;13.487551959990839;13.765179308828513;14.054476208718365;14.356194216739935;14.671150842795216;15.000236946491688;15.34442515237724;15.704779450934481;16.082466184950086;16.47876666022582;16.895091667896605;17.332998265186365;17.794209235262503;18.280635738844115;18.79440378548237;19.337885297692534;19.91373472530901;20.524932402505915;21.174836141986738;21.867242951802947;22.606463270163943;23.39741078406598;24.245711786809387;25.157839219796312;26.141278153098963;27.204731657524256;28.358379058104276;29.61420280664266;30.986406230040437;32.49195306228352;34.1512722953574;35.98919062784656;38.0361831282962;40.33007645002854;42.91840790652873;45.861755260140036;49.23853753663495
15,Ca_JVASP-92635_CaSi3Ir.json,3.236344337463379,1.6051788330078125;1.510366439819336;1.6541156768798828;2.9989681243896484;3.7833304405212402;4.084301471710205;5.1107892990112305;5.143704414367676,5.143704414367676,62.41735128098341,62.41735128098339;62.4173512809834;62.4173512809834;62.41735128098339;62.417351280983404;62.41735128098341;62.417351280983404;62.4173512809834,11.90189885237892,10.583381124837153;10.753567283161528;10.929316254547285;11.11090531507671;11.298630479790525;11.492808112921367;11.693776707070986;11.90189885237892
16,Ca_JVASP-86893_CaAlSi.json,3.085977077484131,1.1429619789123535;0.9973807334899902;1.0471630096435547;1.309814453125;0.9679341316223145;0.9846115112304688;1.107161045074463;1.1693792343139648;1.988224983215332;2.119906425476074;2.9602506160736084;6.158682107925415;2.310558795928955;3.4129624366760254;5.524105548858643;8.80520486831665;1.5384931564331055;2.541830062866211;3.2619853019714355;5.243743419647217;2.820225715637207;3.8791861534118652;4.923619985580444;7.848064184188843,8.80520486831665,27.649464541786926,27.64946454178692;27.649464541786923;27.649464541786923;27.64946454178692;27.649464541786926;27.649464541786923;27.64946454178692;27.64946454178692;27.64946454178692;27.64946454178692;27.649464541786923;27.649464541786923;27.649464541786923;27.64946454178692;27.649464541786923;27.64946454178692;27.649464541786923;27.64946454178692;27.64946454178692;27.649464541786923;27.64946454178692;27.649464541786923;27.649464541786923;27.649464541786923,19.682557599321537,11.737116369684212;11.946797896051416;12.164107544910271;12.389469289903579;12.623339117229419;12.866208105197527;13.11860586625758;13.381104402269864;13.65432243208203;13.938930260324444;14.235655268072483;14.545288120057283;14.86868979994767;15.206799605514064;15.560644260021707;15.931348325998194;16.320146143862573;16.728395562427494;17.157593783091365;17.609395707331366;18.08563526140318;18.588350277536243;19.1198116434133;19.682557599321537
17,Ca_JVASP-68195_CaBeHg2.json,1.3380036354064941,0.6215877532958984;0.6353154182434082;1.0027313232421875;0.9948821067810059;1.0357186794281006;1.0560896396636963;1.527827262878418;1.2773256301879883;1.7071959972381592;1.4552290439605713;1.4537372589111328;1.327652931213379;1.8396949768066406;1.5117712020874023;1.549666404724121;1.525167465209961;1.7493209838867188;1.8131513595581055,1.8396949768066406,28.65089369941361,28.650893699413608;28.650893699413608;28.650893699413608;28.650893699413608;28.650893699413604;28.650893699413604;28.650893699413604;28.6508936994136;28.650893699413604;28.650893699413604;28.65089369941361;28.650893699413608;28.650893699413604;28.650893699413608;28.650893699413604;28.650893699413604;28.650893699413608;28.650893699413608,3.6103383555113586,3.3068394183126144;3.3232727771277006;3.3398702830280174;3.3566344077702315;3.3735676729882447;3.3906726514576566;3.4079519683988875;3.4254083028203506;3.443044388903123;3.460863017428604;3.478867037250742;3.4970593568144497;3.515442945721917;3.5340208363485823;3.552796125510621;3.5717719761858655;3.5909516192901783;3.6103383555113586
18,Ca_JVASP-69117_Ba2CaGe.json,0.08539998531341553,-0.5962826013565063;-0.5025027990341187;1.91493821144104;1.9207022190093994;-0.9134600758552551;-0.444963276386261;0.035334765911102295;-0.7305665612220764,1.9207022190093994,37.4178185978571,37.41781859785709;37.4178185978571;37.41781859785709;37.41781859785709;37.4178185978571;37.41781859785709;37.4178185978571;37.4178185978571,9.50936562593753,8.648495942243862;8.761809436310433;8.87813164120786;8.997584000598613;9.12029458322255;9.246398540913091;9.376038605143352;9.50936562593753
19,Li_JVASP-22735_LiCaAs.json,2.3457820415496826,0.9313442707061768;0.8828389644622803;0.7555339336395264;1.5298082828521729;2.7658228874206543;3.2275123596191406;4.574233174324036;4.099162459373474,4.574233174324036,76.27464794221645,76.27464794221645;76.27464794221645;76.27464794221645;76.27464794221645;76.27464794221645;76.27464794221643;76.27464794221645;76.27464794221645,28.914001954727826,27.47391082329338;27.670792512853414;27.87051633008754;28.073144264639605;28.27874012209738;28.487369590979174;28.69910031270772;28.914001954727826
20,Ca_JVASP-96799_CaTa2Bi2O9.json,9.64739990234375,5.128195762634277;5.406458854675293;5.958803653717041;10.188902378082275;12.876633167266846;11.245838642120361;14.307625770568848;10.907132148742676;10.807008743286133,14.307625770568848,25.68425419263568,25.684254192635677;25.684254192635677;25.684254192635677;25.684254192635674;25.684254192635677;25.684254192635677;25.68425419263568;25.68425419263568;25.68425419263568,3.207937813204732,3.0893788641654853;3.1037172599622105;3.1181893708083073;3.132797075938594;3.147542289968057;3.162426963728405;3.1774530851284855;3.1926226800393405;3.207937813204732
21,Li_JVASP-87005_Li2CaGeO4.json,4.075312376022339,3.38935923576355;3.345473051071167;3.2094643115997314;3.103586435317993;3.251912832260132;3.475550413131714;4.02398419380188;6.10636830329895;3.22463059425354;4.292595148086548;4.861051321029663;4.660759687423706;3.867536783218384;4.629717111587524;4.784231424331665;4.978777170181274,6.10636830329895,63.13363061147933,63.133630611479326;63.133630611479326;63.133630611479326;63.133630611479326;63.133630611479326;63.13363061147932;63.13363061147932;63.133630611479326;63.13363061147932;63.13363061147932;63.13363061147931;63.13363061147932;63.13363061147931;63.13363061147932;63.13363061147933;63.13363061147931,18.865437150039867,17.57726839235588;17.657648298002933;17.738766726872186;17.820633904163472;17.90326024471543;17.98665635742229;18.07083304977478;18.15580133252904;18.24157242450796;18.3281577575392;18.415568981534538;18.50381796971528;18.592916823988578;18.682877880479904;18.773713715226847;18.865437150039867
22,Ca_JVASP-94735_CaMg6Ti.json,0.8680890798568726,1.260446548461914;1.2259652614593506;0.3098827600479126;0.676061749458313,1.260446548461914,59.43321428385173,59.43321428385173;59.433214283851726;59.43321428385173;59.433214283851726,32.890660993477596,28.66162053375159;29.945053150772953;31.348815081585595;32.890660993477596
23,Ca_JVASP-94730_CaMg6V.json,0.41388368606567383,0.8577873706817627;0.400496244430542;0.691972017288208;0.2564504146575928;0.6410644054412842;0.21672964096069336;0.24982810020446777;-0.0032587051391601562,0.8577873706817627,30.545836343345254,30.54583634334525;30.545836343345254;30.545836343345254;30.545836343345247;30.545836343345247;30.545836343345247;30.545836343345247;30.545836343345254,16.60305489305319,14.144784642310366;14.450434708193436;14.769585901948107;15.103152981474365;15.452135252392708;15.817626567133917;16.2008267774656;16.60305489305319
24,Na_JVASP-74932_NaCa2Be.json,0.3532276153564453,-0.26282477378845215;-0.33214640617370605;0.7623676061630249;2.1498910188674927;-0.5265685319900513;0.15153276920318604;0.49271249771118164;0.3908567428588867,2.1498910188674927,50.99145995642125,50.99145995642125;50.991459956421245;50.991459956421245;50.99145995642125;50.99145995642125;50.99145995642124;50.991459956421245;50.99145995642125,36.398477814122685,29.870242206682438;30.65570546143944;31.483593142085546;32.35743778926555;33.28117533037327;34.25920435088782;35.29645613291256;36.398477814122685
25,Ca_JVASP-67814_CaBeCu2.json,1.4865226745605469,0.30900895595550537;0.40744197368621826;1.6917518377304077;1.9726442098617554;1.9405856132507324;2.013240098953247;1.220142126083374;1.3499932289123535;1.613518476486206;1.9696698188781738;1.7800543308258057;1.9170374870300293;0.39009833335876465;0.3510758876800537;1.0332508087158203;1.0755820274353027;2.4640122652053833;3.2583006620407104,3.2583006620407104,39.36298162298504,39.36298162298503;39.36298162298504;39.36298162298503;39.36298162298504;39.36298162298503;39.36298162298503;39.36298162298503;39.36298162298503;39.36298162298503;39.36298162298503;39.36298162298503;39.36298162298504;39.362981622985025;39.36298162298503;39.36298162298503;39.36298162298503;39.36298162298504;39.36298162298504,10.763849112930549,8.451315393110496;8.55948851533079;8.670466677664495;8.784360419668552;8.901286166323352;9.021366625011545;9.144731215068216;9.271516533063602;9.401866857334843;9.535934695684599;9.673881380617662;9.815877717000001;9.962104687606827;10.11275422268752;10.268030040428068;10.428148566049963;10.593339938265299;10.763849112930549
26,Ca_JVASP-69110_BaSrCa2.json,0.466686487197876,0.08126842975616455;-0.047890543937683105;2.2460622787475586;0.04958987236022949;2.2407355308532715;-0.22258615493774414;-0.07060670852661133;-0.5430808067321777,2.2460622787475586,58.03516108833661,58.03516108833661;58.035161088336594;58.0351610883366;58.03516108833659;58.0351610883366;58.0351610883366;58.035161088336594;58.0351610883366,28.51627930057169,21.961011003752102;22.70669264895454;23.504793100067975;24.361040996194347;25.282031281116037;26.27539539452199;27.350013226379374;28.51627930057169
27,Ca_JVASP-50378_Sr2CaI6.json,6.644027233123779,3.6632747650146484;4.131678581237793;4.236509323120117;5.700742244720459;7.161256790161133;7.616042733192444;9.757656633853912;10.885056793689728,10.885056793689728,13.462833709656644,13.462833709656643;13.46283370965664;13.46283370965664;13.462833709656643;13.46283370965664;13.462833709656644;13.462833709656643;13.462833709656643,3.557681349275674,3.429949257513225;3.447632254477435;3.465498524584924;3.4835509319443467;3.5017924006555;3.520225916388295;3.538854528011864;3.557681349275674
28,Ca_JVASP-69198_BaCaTa2.json,-0.9051704406738281,-0.6617350578308105;-1.7709383964538574;-1.1390440464019775;-0.11507201194763184;-0.7743263244628906;-0.5902814865112305;-1.0398807525634766;-1.15008544921875,-0.11507201194763184,56.206642156269254,56.206642156269254;56.206642156269254;56.20664215626925;56.20664215626924;56.20664215626925;56.206642156269254;56.206642156269254;56.20664215626925,6.644127666696637,6.2120905784351;6.27033790094819;6.329687867919013;6.390172088769211;6.451823392769937;6.514675888459608;6.578765026568865;6.644127666696637
29,Ca_JVASP-94732_CaMg6V.json,0.6867802143096924,0.7434148788452148;0.9215526580810547;0.8046896457672119;0.583599328994751;0.6129302978515625;0.4544944763183594,0.9215526580810547,39.84217074566341,39.84217074566341;39.8421707456634;39.84217074566341;39.84217074566341;39.84217074566341;39.84217074566341,21.95570383483597,18.859712856413818;19.407033039452102;19.987069797337178;20.602847003190274;21.257773023244336;21.95570383483597
30,Li_JVASP-35164_Li4Ca2MgSi2N6.json,1.843123197555542,1.013899564743042;0.9671294689178467;0.9565713405609131;0.994617223739624;0.8535501956939697;0.9002277851104736;0.9915335178375244;0.9612934589385986;1.2801125049591064;1.2228214740753174;1.064892053604126;1.074718713760376;1.2017552852630615;0.9766004085540771;1.0225417613983154;1.0467803478240967;1.9265062808990479;1.8559420108795166;2.0583298206329346;2.3784115314483643;1.9141695499420166;1.8715593814849854;1.8066074848175049;2.389594316482544;2.830820322036743;2.9210731983184814;2.9239675998687744;3.73893666267395;3.0939691066741943;3.401723623275757;4.079980134963989;3.2593061923980713,4.079980134963989,34.423977701386605,34.423977701386605;34.423977701386605;34.423977701386605;34.4239777013866;34.423977701386605;34.423977701386605;34.423977701386605;34.4239777013866;34.4239777013866;34.4239777013866;34.423977701386605;34.4239777013866;34.4239777013866;34.4239777013866;34.423977701386605;34.423977701386605;34.4239777013866;34.4239777013866;34.4239777013866;34.423977701386605;34.423977701386605;34.423977701386605;34.423977701386605;34.4239777013866;34.423977701386605;34.4239777013866;34.423977701386605;34.4239777013866;34.423977701386605;34.4239777013866;34.423977701386605;34.4239777013866,13.644162083030272,12.297136614513375;12.336424308809988;12.375963845486647;12.415757653873511;12.455808194646712;12.496117960335555;12.53668947583963;12.577525298955997;12.618628020916718;12.660000266936992;12.70164469677405;12.74356400529718;12.785760923069041;12.828238216938557;12.870998690645697;12.914045185438383;12.957380580701795;13.001007794600431;13.044929784733132;13.08914954880147;13.133670125291772;13.178494594171076;13.22362607759743;13.269067740644813;13.314822792043058;13.360894484933139;13.407286117638186;13.454001034450634;13.501042626435872;13.548414332252811;13.596119638991796;13.644162083030272
31,Ca_JVASP-87990_Ca2Si5N8.json,5.273460626602173,3.544921398162842;3.5395331382751465;3.633908748626709;3.621913433074951;5.1009440422058105;5.232301235198975;5.021458625793457;5.0655517578125;4.26235294342041;4.240654945373535;4.738455772399902;4.848210334777832;7.389921188354492;7.524028778076172;8.152558326721191;8.45865535736084,8.45865535736084,30.24578008950161,30.245780089501608;30.245780089501608;30.245780089501604;30.245780089501604;30.24578008950161;30.245780089501608;30.245780089501604;30.245780089501604;30.24578008950161;30.245780089501608;30.245780089501604;30.245780089501604;30.245780089501604;30.245780089501608;30.245780089501604;30.24578008950161,13.010890173918368,10.071592044720473;10.225596764552435;10.384384392354566;10.548181256032835;10.717228192170356;10.891781727555312;11.072115378083211;11.258521078865911;11.451310761274863;11.650818094837943;11.857400414451243;12.0714408563219;12.293350729501745;12.523572153895685;12.762581000343955;13.010890173918368
32,Ca_JVASP-15454_CaCuO2.json,8.49062180519104,7.1834118366241455;7.26091742515564;6.964505910873413;8.055341005325317;7.779359817504883;8.017971515655518;8.412144184112549;8.329667091369629;9.501633405685425;7.545541048049927;7.579609394073486;7.634395122528076;8.642305850982666;8.394102573394775;8.840389728546143;8.708765506744385;9.22192120552063;9.77745509147644;8.61288833618164;8.388666152954102;8.13141918182373;8.873147964477539;8.821482181549072;9.57332181930542;9.38373589515686;9.472450494766235;10.140239000320435,10.140239000320435,34.71841505520695,34.71841505520694;34.71841505520694;34.71841505520694;34.71841505520694;34.71841505520694;34.71841505520694;34.71841505520694;34.71841505520693;34.71841505520693;34.71841505520694;34.71841505520694;34.71841505520693;34.71841505520694;34.71841505520693;34.71841505520695;34.71841505520693;34.71841505520694;34.71841505520694;34.71841505520694;34.71841505520694;34.71841505520694;34.71841505520694;34.71841505520694;34.71841505520695;34.71841505520694;34.71841505520694;34.71841505520694,10.230402404038829,7.31917832266352;7.400172050319468;7.482978382733834;7.567658856458682;7.6542778254208015;7.742902624026097;7.833603741727707;7.926455010008994;8.021533802823852;8.118921251637966;8.218702476327184;8.32096683331414;8.425808182463463;8.533325174411242;8.643621560177474;8.756806525104086;8.872995049377842;8.992308297640465;9.114874040461244;9.240827110754125;9.370309898566795;9.503472888058933;9.64047524092702;9.781485431031314;9.926681935545288;10.076253988589164;10.230402404038829
33,Ca_JVASP-86997_CaCu2O3.json,8.356323719024658,7.16588830947876;7.7371978759765625;8.24476957321167;8.439165115356445;7.987105846405029;8.818494319915771;7.940871715545654;8.122195720672607;8.098880767822266;9.274106502532959;8.664196729660034;9.78301215171814,9.78301215171814,49.66486944054693,49.66486944054693;49.66486944054692;49.664869440546916;49.664869440546916;49.664869440546916;49.664869440546916;49.66486944054692;49.66486944054693;49.66486944054692;49.66486944054692;49.66486944054692;49.66486944054692,12.51726930925451,10.380050491162693;10.543709585445477;10.712612076951597;10.887014054159701;11.067188558080826;11.253427008642955;11.44604077755965;11.645362925538933;11.851750124220308;12.06558478617054;12.287277429698243;12.51726930925451
34,Ca_JVASP-14558_CaSn.json,2.2595049142837524,1.0204600095748901;1.4926496744155884;1.3367458581924438;1.784702181816101;1.530381441116333;1.4863207340240479;2.125174880027771;2.3388792276382446;2.48944091796875;2.264012098312378;2.440559148788452;2.1535940170288086;3.901045799255371;4.390982151031494;2.6806052923202515;2.7165251970291138,4.390982151031494,46.292412923065065,46.29241292306505;46.292412923065065;46.29241292306506;46.29241292306505;46.29241292306506;46.292412923065065;46.29241292306506;46.29241292306506;46.292412923065065;46.29241292306506;46.29241292306506;46.29241292306505;46.29241292306506;46.292412923065065;46.29241292306506;46.29241292306506,13.819199871875828,10.549239143193718;10.71832026054921;10.89290966095299;11.073280972738557;11.259726253000094;11.452557565624703;11.652108724299874;11.85873722097496;12.072826363213029;12.294787647316495;12.525063398138126;12.764129711209005;13.012499738361791;13.270727364564914;13.539411331411877;13.819199871875828
35,Ca_JVASP-66925_CaTiBe.json,0.6263332366943359,-0.5817112922668457;1.443789005279541;1.9205374717712402;0.6458277702331543;0.7006893157958984;0.46631717681884766;0.7125034332275391;-0.2972869873046875,1.9205374717712402,95.81633985867846,95.81633985867845;95.81633985867846;95.81633985867846;95.81633985867845;95.81633985867846;95.81633985867846;95.81633985867846;95.81633985867846,54.13221818303293,34.553244030327626;36.43587533949713;38.53547843774911;40.891855663327235;43.55517880205344;46.58960120475008;50.07849287881171;54.13221818303293
36,Na_JVASP-49235_Na3Ca3AlAs4.json,0.7830063899358114,0.4991854429244995;0.5099486112594604;0.60990309715271;0.635350227355957;0.8066551685333252;0.905921220779419;0.9550843238830566;0.9086942672729492;0.9584856033325195;0.653623104095459;0.8935637474060059;1.059661865234375,1.059661865234375,40.36009886266796,40.360098862667954;40.36009886266796;40.36009886266796;40.36009886266796;40.36009886266796;40.36009886266796;40.36009886266796;40.36009886266796;40.360098862667954;40.360098862667954;40.360098862667954;40.36009886266796,14.802561591179956,12.988454748188962;13.134792546755184;13.284465426503612;13.437588712795325;13.594283110182069;13.75467501973769;13.918896879121949;14.08708752729955;14.259392596025346;14.43596493041584;14.616965041159776;14.802561591179956
37,Ca_JVASP-18499_CaB2Rh3.json,2.626774311065674,0.12529802322387695;1.0712151527404785;0.8399558067321777;0.8889460563659668;1.5238876342773438;1.2852630615234375;3.0028839111328125;3.6895484924316406;2.999540328979492;5.138733863830566;5.924680709838867;5.031338691711426,5.924680709838867,46.67536520552522,46.67536520552521;46.67536520552521;46.67536520552521;46.6753652055252;46.6753652055252;46.67536520552521;46.67536520552521;46.67536520552521;46.67536520552521;46.67536520552522;46.67536520552521;46.67536520552521,6.693442627158668,6.029582321771824;6.084442251189831;6.140309628873419;6.19721246317975;6.255179810401768;6.314241824241746;6.374429808114369;6.435776270469946;6.498314983343196;6.5620810443491635;6.627110942365399;6.693442627158668
38,Ca_JVASP-70274_CaBe2In.json,1.0530976057052612,0.3830687999725342;0.2920025587081909;0.6637833118438721;0.7181669473648071;1.2426552772521973;1.072999358177185;0.8874168395996094;1.1923547983169556;1.2759382724761963;1.2568455934524536;1.6761907935142517;1.801174819469452;0.30304956436157227;0.38999056816101074;1.1234608888626099;0.7058640718460083;2.040985882282257;1.9298085570335388,2.040985882282257,35.12935468756371,35.129354687563705;35.1293546875637;35.129354687563705;35.129354687563705;35.129354687563705;35.1293546875637;35.129354687563705;35.129354687563705;35.129354687563705;35.129354687563705;35.129354687563705;35.129354687563705;35.129354687563705;35.129354687563705;35.129354687563705;35.129354687563705;35.129354687563705;35.12935468756371,11.023788386165052,8.61073359022304;8.723053286452442;8.8383419400234;8.95671884570372;9.07830977615209;9.203247427668702;9.331671903266606;9.463731236760852;9.599581961997012;9.73938973182104;9.883329991936293;10.031588715411317;10.184363204304033;10.341862965667968;10.504310670119162;10.671943202186537;10.845012812865052;11.023788386165052
39,Ca_JVASP-67852_CaYBe2.json,2.3152002096176147,0.18269574642181396;0.153234601020813;-0.018161535263061523;7.096763849258423;1.686216115951538;0.11078810691833496;4.41085410118103;1.9460904598236084;0.34786415100097656;2.9163460731506348;7.855694055557251;1.0940167903900146,7.855694055557251,45.13957852432356,45.13957852432356;45.13957852432356;45.13957852432356;45.139578524323554;45.13957852432356;45.13957852432356;45.13957852432356;45.13957852432356;45.139578524323554;45.139578524323554;45.139578524323554;45.139578524323554,20.25442841555256,15.192734605241803;15.54591740874817;15.915911783703487;16.30394734629447;16.711376623221046;17.1396908027373;17.590537971610917;18.065744308098633;18.56733880545314;19.097582231732456;19.65900119766513;20.25442841555256
40,Ca_JVASP-85481_Ca2FeWO6.json,7.155700206756592,4.901529312133789;4.789943695068359;6.065929412841797;8.308429718017578;5.553675651550293;5.875800132751465;5.667994022369385;5.108975887298584;8.18865966796875;9.4701509475708;9.653860569000244;10.015772342681885;8.922107219696045;8.091833591461182;7.259840965270996;6.616700172424316,10.015772342681885,49.84596131443326,49.84596131443325;49.84596131443325;49.845961314433254;49.84596131443326;49.845961314433254;49.845961314433254;49.845961314433254;49.845961314433254;49.84596131443325;49.84596131443325;49.84596131443326;49.84596131443325;49.84596131443326;49.845961314433254;49.84596131443326;49.845961314433254,9.83349632104881,8.056478734570023;8.154721743141895;8.255390336746823;8.358575468435182;8.464372696147555;8.572882477878743;8.684210489839876;8.798467969736752;8.915772087508358;9.03624634612302;9.16002101531413;9.287233601457734;9.418029357154914;9.552561834489168;9.690993486389214;9.83349632104881
41,Na_JVASP-80290_NaCa2Al.json,0.6323342323303223,0.928530216217041;0.8093874454498291;0.5010638236999512;0.2903554439544678,0.928530216217041,74.61536169330712,74.61536169330712;74.61536169330711;74.61536169330712;74.61536169330711,59.35572904092738,51.49088572904838;53.870216936724084;56.480093361344856;59.35572904092738
42,Ca_JVASP-64978_NaCaBe2.json,1.4238909482955933,0.2657480239868164;0.24837112426757812;1.3336327075958252;4.124902963638306;0.9894297122955322;1.2406361103057861;1.0715748071670532;2.116832137107849,4.124902963638306,76.65991572109708,76.65991572109706;76.65991572109706;76.65991572109706;76.65991572109706;76.65991572109706;76.65991572109706;76.65991572109708;76.65991572109706,72.79231849596522,41.31331899447211;44.033651756274054;47.137484788841206;50.71206407900047;54.87327169228764;59.778424750000006;65.64661292598623;72.79231849596522
43,Ca_JVASP-66433_BaCaV.json,-0.33107757568359375,-0.670453667640686;-0.5655492544174194;-0.5365384817123413;-0.5591026544570923;-0.545432448387146;-0.48486077785491943;1.0518047213554382;-0.33848804235458374,1.0518047213554382,44.38512806779306,44.385128067793055;44.38512806779306;44.385128067793055;44.38512806779306;44.38512806779306;44.38512806779306;44.38512806779306;44.385128067793055,17.33348253173282,14.67149779015176;15.00059963323944;15.34480467435951;15.70517700813642;16.082883094170345;16.47920436964447;16.895551773878847;17.33348253173282
44,Ca_JVASP-92633_CaFe2As2.json,2.492521286010742,2.7170023918151855;2.7552857398986816;2.4916932582855225;2.2449262142181396;2.2384674549102783;2.315457582473755;2.512773275375366;2.3341615200042725;2.622908592224121;2.4749655723571777;2.7946877479553223;2.570769786834717;2.167374849319458;2.0792367458343506;2.684985399246216;2.4376094341278076;2.636165142059326;2.786912441253662,2.7946877479553223,29.845178740826253,29.84517874082625;29.84517874082625;29.84517874082625;29.84517874082625;29.84517874082625;29.84517874082625;29.845178740826245;29.84517874082625;29.845178740826253;29.84517874082625;29.84517874082625;29.84517874082625;29.845178740826245;29.845178740826245;29.845178740826242;29.845178740826245;29.84517874082625;29.84517874082625,5.645179582427895,4.936723791186783;4.973438732943089;5.0107038724600885;5.048531670723561;5.086934967873437;5.125926997735137;5.165521403024374;5.205732251262128;5.24657405143878;5.288061771468898;5.330210856480771;5.37303724798763;5.416557403990583;5.460788320066478;5.505747551497486;5.551453236502929;5.597924120637935;5.645179582427895
45,Ca_JVASP-93693_CaAg2.json,2.9158260822296143,1.9414615631103516;1.768291711807251;1.47458016872406;1.4858802556991577;2.6332740783691406;2.6859328746795654;2.9286692142486572;2.688570976257324;2.554567337036133;3.2288670539855957;2.750755786895752;3.411264419555664;4.342427730560303;4.473347187042236;3.8993442058563232;4.3859827518463135,4.473347187042236,40.25903198818495,40.25903198818495;40.25903198818495;40.25903198818495;40.259031988184944;40.25903198818495;40.25903198818495;40.25903198818495;40.259031988184944;40.25903198818495;40.25903198818495;40.25903198818495;40.259031988184944;40.25903198818495;40.259031988184944;40.25903198818495;40.25903198818495,7.675416050742209,6.548077766808453;6.612829048056698;6.678873717331175;6.746250918147003;6.815001389652284;6.885167548770009;6.956793577467066;7.029925515527646;7.104611359240381;7.180901166443743;7.258847168412823;7.338503889112986;7.419928272392634;7.503179817738549;7.588320725274005;7.675416050742209
46,Ca_JVASP-86896_Ca3SiBr2.json,4.170222997665405,1.7101730108261108;4.953327298164368;5.847168684005737,5.847168684005737,263.58809648470094,263.58809648470094;263.5880964847009;263.5880964847009,117.56505247853838,86.98178955500924;99.98705970767008;117.56505247853838
47,Ca_JVASP-90166_CaU2P2O4.json,5.195258617401123,5.044173717498779;4.771022319793701;4.605481147766113;6.360357284545898,6.360357284545898,47.42622270685326,47.42622270685326;47.42622270685326;47.42622270685325;47.42622270685326,10.947916054329825,10.43539822025582;10.600821176299716;10.77157321127171;10.947916054329825
48,Ca_JVASP-86941_Ba2CaReO6.json,4.917099952697754,4.8854875564575195;4.692447662353516;4.800032138824463;4.731703281402588;4.762683391571045;4.8473124504089355;5.151352882385254;5.465780258178711,5.465780258178711,37.071970052758466,37.071970052758466;37.07197005275846;37.07197005275846;37.071970052758466;37.07197005275846;37.07197005275846;37.07197005275846;37.071970052758466,5.9625930616141,5.6123077474361365;5.659807393274626;5.708117926501717;5.757260290407463;5.8072561557653835;5.8581279526963765;5.90989890422222;5.9625930616141
49,Ca_JVASP-100874_SrCaI4.json,6.125203251838684,3.4271891117095947;3.930255174636841;10.19403350353241;6.949335217475891,10.19403350353241,43.36666990990253,43.36666990990252;43.36666990990252;43.36666990990253;43.36666990990253,11.070282761819074,10.54651796249415;10.715511163326704;10.890008316707394;11.070282761819074
50,Ca_JVASP-68251_CaBeNb2.json,0.2360849380493164,-0.09846043586730957;-0.7244718074798584;0.6327085494995117;2.889057159423828;0.10245084762573242;-0.06274843215942383;-0.4447627067565918;-0.4050936698913574,2.889057159423828,75.68298398253737,75.68298398253735;75.68298398253735;75.68298398253735;75.68298398253735;75.68298398253735;75.68298398253735;75.68298398253735;75.68298398253737,16.764782614116317,14.261997494007073;14.572789829021508;14.897429265329764;15.23686230792399;15.592123736326538;15.964347141270776;16.35477700751524;16.764782614116317
51,Ca_JVASP-69274_BaLi2Ca.json,0.8431997299194336,0.36298900842666626;0.18648594617843628;0.08355462551116943;2.614115595817566;0.5904299020767212;0.2469843626022339;2.6265474557876587;1.2287839651107788;1.1626836061477661;0.3866780996322632;0.9530558586120605;-0.3239116668701172,2.6265474557876587,26.514833420031103,26.514833420031096;26.5148334200311;26.514833420031096;26.514833420031096;26.514833420031103;26.514833420031096;26.514833420031096;26.5148334200311;26.514833420031096;26.5148334200311;26.5148334200311;26.514833420031096,14.45146321664841,11.675946510178907;11.883428836433248;12.09841851764245;12.321330520322686;12.552610967898524;12.792740120832736;13.04223570548323;13.301656640242388;13.571607215397407;13.85274179250314;14.145770100192493;14.45146321664841
52,Ca_JVASP-18482_CaCu4As2.json,3.0698589086532593,2.4469011425971985;2.4897443652153015;2.7933300733566284;2.791437029838562;3.2488613724708557;3.200382173061371;3.8355501890182495;3.7526649236679077,3.8355501890182495,48.743723295366756,48.74372329536675;48.743723295366756;48.74372329536675;48.74372329536675;48.74372329536675;48.74372329536675;48.743723295366756;48.74372329536674,8.190421843647348,7.543674719726067;7.629742394595272;7.717796670424502;7.807907131916595;7.900146651958795;7.9945915881712075;8.091321993724112;8.190421843647348
53,Ca_JVASP-106117_YbCaAl4.json,1.7340912818908691,2.2122682332992554;1.6186696290969849;1.6006505489349365;1.7473394870758057;1.5301185846328735;1.7648645639419556;1.6394145488739014;1.7594046592712402,2.2122682332992554,43.57150551992085,43.571505519920834;43.57150551992084;43.57150551992085;43.57150551992084;43.57150551992084;43.57150551992084;43.57150551992084;43.57150551992085,11.714921147527592,10.435278525472782;10.600697656634276;10.7714456804132;10.947784313667857;11.1299926966928;11.318368867685328;11.513231389522716;11.714921147527592
54,Na_JVASP-107959_Na3Ca.json,0.44970178604125977,2.298366069793701;0.1067342758178711;0.058171987533569336;0.306532621383667;0.07476139068603516;0.0666799545288086;0.0058901309967041016;0.5615584850311279;-0.07340097427368164;0.38074159622192383;2.664170742034912;-0.20505285263061523;1.0407917499542236;-0.033333539962768555;0.5867671966552734;0.29162168502807617;0.22304987907409668;-0.41101622581481934;-0.3444342613220215;-0.29958677291870117;2.355167865753174;-0.9336991310119629;1.602379322052002;0.46998167037963867,2.664170742034912,37.30856568484554,37.30856568484553;37.30856568484554;37.30856568484554;37.30856568484554;37.30856568484554;37.30856568484553;37.30856568484554;37.30856568484553;37.30856568484554;37.308565684845526;37.30856568484553;37.30856568484553;37.30856568484554;37.30856568484554;37.30856568484553;37.30856568484553;37.30856568484554;37.30856568484554;37.30856568484554;37.30856568484553;37.30856568484553;37.30856568484554;37.30856568484553;37.30856568484554,77.99885731375167,30.722309761690386;31.55384757073452;32.43165083782472;33.35969125857705;34.34240852500821;35.38478134948974;36.492411828046436;37.67162616032814;38.92959554964627;40.274482163148335;41.71561642918644;43.26371381250467;44.93114171785489;46.73225058817138;48.68378796264413;50.80542080235833;53.12040061644128;55.65641911074195;58.44672122119536;61.531570626187474;64.96020522265842;68.79348495410518;73.10753591300826;77.99885731375167
55,Ca_JVASP-105785_KCa3.json,-0.015742381413777668,2.1293318271636963;0.57997727394104;0.13370633125305176;0.37663865089416504;0.35923290252685547;0.1927480697631836;0.18088626861572266;0.06333255767822266;-0.3765757083892822;-0.1882469654083252;3.1547250747680664;-0.6287703514099121;0.5395030975341797;-0.7859640121459961;0.13416743278503418;-0.2941396236419678;-0.7189061641693115;-0.6110780239105225;-0.9432411193847656;-0.6731553077697754;-0.32097887992858887;-1.0091702938079834;0.05749964714050293;-1.729339838027954,3.1547250747680664,30.41651886265924,30.416518862659235;30.416518862659238;30.416518862659235;30.416518862659238;30.416518862659235;30.41651886265924;30.41651886265923;30.416518862659238;30.416518862659238;30.41651886265924;30.416518862659235;30.416518862659235;30.416518862659235;30.416518862659235;30.416518862659235;30.416518862659238;30.416518862659235;30.416518862659235;30.416518862659238;30.416518862659235;30.416518862659235;30.41651886265923;30.416518862659238;30.416518862659238,75.95405306149078,21.026403121896116;21.708980120785256;22.43736083000847;23.216315733720723;24.051301607032702;24.94858953415283;25.915422693066102;26.960212307090334;28.092782986767677;29.32468262283749;30.669577553480103;32.14376169777696;33.76681993743796;35.562503166096775;37.55989822546452;39.795015565392234;42.312979643389355;45.17110705754668;48.443322567540555;52.226644407480755;56.65096597475516;61.894269556610055;68.2071503637966;75.95405306149078
56,Ca_JVASP-93218_CaZn.json,1.6064300537109375,0.9695014953613281;1.1690778732299805;1.1797101497650146;0.8222439289093018;1.3323850631713867;2.1711511611938477;1.5234460830688477;1.181473731994629;1.859229326248169;1.4790747165679932;2.6320600509643555;2.9578070640563965,2.9578070640563965,64.97163655996538,64.97163655996536;64.97163655996536;64.97163655996536;64.97163655996535;64.97163655996536;64.97163655996535;64.97163655996536;64.97163655996536;64.97163655996535;64.97163655996535;64.97163655996538;64.97163655996536,32.487195371934924,21.172815418891354;21.865087921439418;22.604160083522064;23.394943620526277;24.243062490376676;25.154986851718707;26.13819843755959;27.201396289357238;28.354754830738987;29.610250503358703;30.982079200048908;32.487195371934924
57,Li_JVASP-18642_LiCaSn.json,0.9115243554115295,0.5445421934127808;0.569985032081604;1.2986449599266052;1.2328374981880188;0.5016206502914429;0.8769739866256714;1.4567241668701172;1.4015767574310303;0.8309556245803833;0.7926024198532104;0.811896562576294;0.6199324131011963,1.4567241668701172,50.222251333015286,50.22225133301528;50.22225133301528;50.22225133301528;50.222251333015286;50.22225133301528;50.22225133301528;50.22225133301528;50.22225133301528;50.222251333015286;50.22225133301528;50.222251333015286;50.222251333015286,14.014601236621429,13.476559806024246;13.523759559387523;13.57129109575592;13.619157925790418;13.667363609856638;13.715911758907612;13.764806035385465;13.814050154142418;13.863647883381669;13.913603045618578;13.963919518662742;14.014601236621429
58,Ca_JVASP-90286_Ca2H6Ru.json,5.497875690460205,1.645106315612793;1.8288040161132812;2.229646921157837;2.922013998031616;2.142364263534546;2.807518243789673;2.8267242908477783;3.233142614364624;5.119837760925293;5.795276165008545;6.901542663574219;7.879566669464111;8.631544828414917;9.430514097213745;11.22221326828003;13.350194931030273,13.350194931030273,60.04249514527977,60.04249514527977;60.04249514527975;60.042495145279766;60.04249514527976;60.04249514527976;60.04249514527976;60.04249514527976;60.042495145279766;60.04249514527975;60.04249514527977;60.04249514527976;60.04249514527976;60.04249514527977;60.042495145279766;60.04249514527976;60.042495145279766,29.878383596897145,17.889251098760557;18.380959443688425;18.90046218462874;19.450184532215467;20.032842299531296;20.651486773323676;21.309558164302043;22.01094961314372;22.760084267026446;23.562008650358266;24.42250649521767;25.348238460162893;26.346914877106606;27.42751100858064;28.600537542054457;29.878383596897145
59,Ca_JVASP-87064_CaB2Rh2.json,3.2306814193725586,1.3367652893066406;1.5761032104492188;1.6154570579528809;1.734114170074463;1.8398866653442383;1.9411687850952148;2.1113061904907227;1.9983739852905273;2.5552048683166504;3.173798084259033;3.1655125617980957;3.8063530921936035;5.126598358154297;5.587436676025391;6.688915729522705;7.433907985687256,7.433907985687256,38.234780186655456,38.23478018665545;38.234780186655456;38.23478018665545;38.23478018665545;38.234780186655456;38.234780186655456;38.234780186655456;38.234780186655456;38.234780186655456;38.23478018665545;38.23478018665545;38.23478018665545;38.23478018665545;38.234780186655456;38.234780186655456;38.234780186655456,7.2849789756013195,6.261770862018549;6.3209579969875955;6.381274698956459;6.4427536155819265;6.505428664905226;6.569335097750497;6.634509563837562;6.7009901818696;6.768816613877305;6.838030144124214;6.908673762903067;6.980792255580576;7.054432297278169;7.129642553609317;7.206473787930337;7.2849789756013195
60,Ca_JVASP-99237_CaAl2Si2H4O10.json,10.01830530166626,7.438178539276123;9.057884693145752;9.497706413269043;10.263251304626465;10.448028564453125;11.724238395690918;10.80652904510498;10.910625457763672,11.724238395690918,32.29934952423729,32.299349524237286;32.299349524237286;32.29934952423729;32.299349524237286;32.299349524237286;32.299349524237286;32.29934952423729;32.299349524237286,12.000537751050873,10.661304189178937;10.834026108281954;11.012436663002342;11.196821593557821;11.387486103017435;11.584756543119267;11.78898227840222;12.000537751050873
61,Na_JVASP-71352_Na2CaBe.json,0.33327245712280273,0.3460078239440918;1.1104583740234375;0.796821117401123;-0.056792259216308594;0.27164602279663086;0.28969478607177734;0.5815813541412354;-0.19624590873718262;0.09817957878112793;1.5202758312225342;1.8349133729934692;-0.5816112756729126;1.3338054418563843;-0.22839677333831787;0.0309295654296875;0.566185474395752;-0.6861422061920166;-1.0324060916900635,1.8349133729934692,43.25252676932364,43.25252676932363;43.25252676932363;43.25252676932363;43.25252676932362;43.25252676932363;43.25252676932362;43.25252676932363;43.25252676932362;43.25252676932363;43.25252676932363;43.25252676932364;43.25252676932364;43.25252676932362;43.25252676932363;43.25252676932363;43.25252676932364;43.25252676932363;43.25252676932363,57.662220770699356,31.323773288860817;32.1886468194006;33.102636124296225;34.07004736988464;35.095705260494114;36.18503351240526;37.34415079477457;38.579985720471946;39.90041545081826;41.31443377214212;42.83235622386882;44.46607217070394;46.22935684975914;48.13826072802934;50.211599478786916;52.47157627823213;54.94458007650009;57.662220770699356
62,Ca_JVASP-68960_BaCaBr2.json,1.8372565507888794,-0.01186227798461914;-0.03715944290161133;0.18082213401794434;0.30323243141174316;2.80977463722229;2.4805872440338135;4.56486451625824;4.407793164253235,4.56486451625824,39.65944731664598,39.659447316645974;39.659447316645974;39.659447316645974;39.659447316645974;39.659447316645974;39.65944731664598;39.659447316645974;39.659447316645974,11.088013841507717,9.934922942291339;10.0847453182318;10.239155637685005;10.398367919359336;10.562609703629203;10.732123137543422;10.90716616601381;11.088013841507717
63,Ca_JVASP-69053_BaCaTi4.json,1.600092887878418,3.657283306121826;2.9601683616638184;2.1177635192871094;1.4111719131469727;0.2152705192565918;1.6427526473999023;1.0193543434143066;-0.2230215072631836,3.657283306121826,36.0782143422836,36.0782143422836;36.078214342283594;36.078214342283594;36.078214342283594;36.078214342283594;36.078214342283594;36.078214342283594;36.0782143422836,10.036361586043604,9.082218460388505;9.207264460312738;9.335801852674946;9.467978931771125;9.603952510761248;9.743888542297086;9.887962794210074;10.036361586043604
64,Ca_JVASP-92685_Ca2CdPt2.json,3.7541139125823975,1.472795009613037;1.5947988033294678;1.444827914237976;1.70905339717865;2.2996788024902344;3.019784450531006;2.948297619819641;3.3285874128341675;5.156325697898865;4.648867726325989;3.970970392227173;5.157983064651489;4.890141248703003;5.908143520355225;6.296366453170776;6.21920108795166,6.296366453170776,49.50866395526727,49.50866395526727;49.50866395526726;49.50866395526727;49.50866395526727;49.50866395526727;49.50866395526727;49.50866395526726;49.50866395526726;49.50866395526727;49.50866395526727;49.50866395526726;49.50866395526727;49.50866395526726;49.50866395526727;49.50866395526727;49.50866395526727,6.600195867498814,5.749071482129765;5.79892461016528;5.8496499049508675;5.901270455934061;5.9538101748348815;6.007293832578603;6.061747098237194;6.117196580108047;6.173669869068101;6.231195584351801;6.289803421912442;6.349524205538637;6.41038994091074;6.472433872796442;6.5356905456002865;6.600195867498814
65,Li_JVASP-38480_Li3Ca.json,0.23838019371032715,0.9281032681465149;0.5155442357063293;-0.047889649868011475;0.04926186800003052;0.03738892078399658;0.07990920543670654;0.18925321102142334;0.3450695276260376;1.1664714813232422;0.9691858291625977;0.4875831604003906;0.5670995712280273;-0.14528274536132812;0.03444623947143555;2.6131434440612793;-0.49906158447265625;-0.45167088508605957;-0.45341062545776367;-0.24505376815795898;-0.27532410621643066;0.8325827121734619;-0.6773149967193604;-0.3422505855560303;0.04334092140197754,2.6131434440612793,54.53218948425947,54.53218948425946;54.53218948425947;54.53218948425947;54.53218948425947;54.53218948425946;54.53218948425947;54.53218948425946;54.53218948425947;54.53218948425946;54.53218948425946;54.53218948425946;54.53218948425946;54.53218948425946;54.53218948425947;54.53218948425946;54.53218948425946;54.53218948425946;54.53218948425946;54.53218948425946;54.53218948425947;54.53218948425947;54.53218948425947;54.53218948425947;54.53218948425946,81.82034515626245,55.01034745141933;55.805377760935286;56.62372521499159;57.46643086958438;58.334598691268376;59.22940038212146;60.15208065569126;61.10396301388011;62.086456081150644;63.10106055980521;64.14937687856597;65.23311361644345;66.35409679515321;67.5142801463848;68.7157564753614;69.96077025973095;71.25173164335456;72.59123200855637;73.98206133853509;75.42722761472075;76.92997853287457;78.49382586788319;80.12257287196974;81.82034515626245
66,Ca_JVASP-67923_CaSc2Be.json,1.0536525249481201,-0.09615492820739746;2.746192693710327;1.7131423950195312;1.2554645538330078;0.9160292148590088;1.7305309772491455;0.11323404312133789;0.9624862670898438;0.14194750785827637,2.746192693710327,53.91253978842002,53.912539788420005;53.912539788420005;53.912539788420005;53.912539788420005;53.912539788420005;53.91253978842002;53.912539788420005;53.912539788420005;53.912539788420005,28.80659140703312,21.423736672237595;22.132789540307922;22.89038343120744;23.7016796145156;24.57259796332909;25.50996164539036;26.521676244560478;27.616953265829032;28.80659140703312
67,Ca_JVASP-86819_CaTe.json,5.521092891693115,1.5635149478912354;1.6620385646820068;1.6258013248443604;1.6940200328826904;3.9335408210754395;2.9952034950256348;3.960169553756714;3.0362961292266846;7.648393750190735;6.6842042207717896;9.07232940196991;6.27733314037323;8.13101315498352;7.29304575920105;4.640006065368652;5.7039079666137695;3.777823805809021;3.7558857202529907;4.801099181175232;4.6306763887405396;4.23590874671936;3.902656316757202;4.831669330596924;4.191964149475098;8.479532182216644;8.462769329547882;7.9329530000686646;8.711072087287903;4.732797384262085;7.22610068321228;7.8692626953125;13.21198320388794,13.21198320388794,21.47182239295294,21.471822392952937;21.471822392952937;21.471822392952937;21.471822392952934;21.471822392952937;21.471822392952937;21.471822392952937;21.471822392952937;21.471822392952937;21.471822392952934;21.471822392952934;21.471822392952937;21.471822392952937;21.47182239295294;21.471822392952937;21.471822392952937;21.471822392952937;21.471822392952937;21.471822392952934;21.471822392952937;21.471822392952937;21.471822392952937;21.471822392952934;21.471822392952937;21.471822392952934;21.471822392952934;21.471822392952937;21.47182239295294;21.471822392952937;21.471822392952937;21.471822392952934;21.471822392952937,6.500042287013175,4.99496828763894;5.032557979395276;5.070717724416259;5.109460589193309;5.148800042631073;5.188749971659203;5.2293246975765975;5.270538993168562;5.312408100639814;5.354947750409114;5.398174180814158;5.442104158778647;5.486755001496718;5.532144599193737;5.5782914390262155;5.625214630188;5.672933930294313;5.721469773120209;5.770843297775229;5.8210763794018066;5.872191661491049;5.924212589916201;5.977163448791277;6.031069398270058;6.0859565144090935;6.1418518312273696;6.1987833851052185;6.25678026167563;6.3158726453727745;6.3760918718150705;6.437470483213809;6.500042287013175
68,Ca_JVASP-62958_CaAlB3O7.json,11.071539878845215,6.448334217071533;7.083591938018799;6.772640705108643;8.551146030426025;7.811288356781006;8.829563617706299;8.669847965240479;10.938544750213623;23.3865065574646;17.037720203399658;16.797638416290283;12.349441051483154;15.224446773529053;9.435899257659912;9.928082466125488;7.879945755004883,23.3865065574646,26.819281293594084,26.81928129359408;26.81928129359408;26.819281293594084;26.819281293594077;26.819281293594084;26.81928129359408;26.81928129359408;26.81928129359408;26.819281293594077;26.81928129359408;26.81928129359408;26.81928129359408;26.81928129359408;26.81928129359408;26.81928129359408;26.81928129359408,9.63166217834231,7.920496213446751;8.015431250941543;8.112669678862016;8.212296356747041;8.314400364391858;8.419075267504594;8.526419403685681;8.636536190567423;8.7495344581433;8.865528807531804;8.984639998660908;9.10699536963013;9.232729290811617;9.361983657094589;9.494908422064155;9.63166217834231
69,Ca_JVASP-99759_CaEu3.json,1.1586763858795166,2.5108550786972046;2.315378785133362;0.6374697685241699;0.1598358154296875;0.4417855739593506;0.46800899505615234;0.4394872188568115;2.2965898513793945,2.5108550786972046,41.84643996307161,41.84643996307161;41.8464399630716;41.84643996307161;41.84643996307161;41.8464399630716;41.8464399630716;41.8464399630716;41.8464399630716,7.268762095476723,6.754814142264428;6.823740150325589;6.894087299300832;6.965899999405101;7.0392245307384655;7.1141091427470915;7.190604160100982;7.268762095476723
70,Ca_JVASP-96084_Ba2CaMgAl2F14.json,14.992846250534058,8.426227569580078;8.852509498596191;17.654288053512573;20.255604028701782;11.228367567062378;11.76020884513855;20.46759271621704;21.297971725463867,21.297971725463867,21.1882687376324,21.1882687376324;21.1882687376324;21.1882687376324;21.1882687376324;21.1882687376324;21.1882687376324;21.1882687376324;21.1882687376324,5.369665505156633,5.0839126396732555;5.1228581728447224;5.1624050001463555;5.2025671553094215;5.243359112204329;5.2847958022320665;5.326892632546837;5.369665505156633
71,Ca_JVASP-87924_Ca2PbAu2.json,3.601598083972931,1.83602774143219;1.6606236696243286;1.7785334587097168;3.284679412841797;3.2751722931861877;3.09240859746933;4.017335534095764;4.131577253341675;5.39934229850769;4.7203449010849;4.776066541671753;5.247065305709839,5.39934229850769,59.190690310169124,59.1906903101691;59.1906903101691;59.1906903101691;59.1906903101691;59.19069031016911;59.1906903101691;59.1906903101691;59.19069031016912;59.19069031016911;59.19069031016911;59.190690310169124;59.19069031016911,7.349160014216721,6.5565606598371815;6.621480649176988;6.687699109960242;6.75525539199991;6.824190451314226;6.894546932925475;6.96636925883403;7.039703721548929;7.114598583588874;7.191104183402999;7.269273048199958;7.349160014216721
72,Ca_JVASP-96980_Ca3Mn2O7.json,9.079194068908691,4.785085201263428;5.141576290130615;5.725438594818115;7.548034191131592;7.499312877655029;7.600220203399658;10.197117805480957;10.29641056060791;10.115740776062012;8.852392196655273;9.3533353805542;8.704999923706055;10.150064468383789;10.34387493133545;10.151085376739502;9.752041339874268;11.2026047706604;11.101243495941162;10.573808670043945;10.93539810180664;9.122426986694336;9.145875930786133;9.31021499633789;9.347793579101562;8.142866611480713;9.18412733078003;10.855149269104004,11.2026047706604,36.632343955922316,36.632343955922316;36.63234395592231;36.63234395592231;36.63234395592231;36.63234395592231;36.6323439559223;36.6323439559223;36.632343955922316;36.63234395592231;36.63234395592231;36.63234395592231;36.63234395592231;36.632343955922316;36.6323439559223;36.63234395592231;36.63234395592231;36.63234395592231;36.63234395592231;36.632343955922316;36.63234395592231;36.63234395592231;36.6323439559223;36.63234395592231;36.63234395592231;36.63234395592231;36.632343955922316;36.63234395592231,13.157814465202678,8.70473868034482;8.819540544746232;8.937410992386946;9.058474721839541;9.182863280986759;9.310715543833487;9.442178227712786;9.577406454935629;9.716564363404608;9.859825771245132;10.007374901112572;10.159407170521545;10.31613005532674;10.47776403437825;10.644543624396134;10.816718515279153;10.994554817406355;11.178336434035712;11.36836657368625;11.564969419449655;11.768491974563105;11.97930610634535;12.197810813823454;12.424434748141776;12.659639019250903;12.90392032754498;13.157814465202678
73,Ca_JVASP-99314_CaCuP2O7.json,10.58762264251709,7.89885139465332;9.213617324829102;11.809930324554443;11.93354845046997;9.13990592956543;10.230271339416504;12.307397842407227;12.167458534240723,12.307397842407227,42.71969854336458,42.71969854336458;42.71969854336457;42.71969854336458;42.71969854336458;42.71969854336457;42.71969854336458;42.71969854336458;42.71969854336457,13.815249332205237,12.069811106940271;12.291660514042029;12.521818043786029;12.760759302815972;13.008996906060277;13.267084147793772;13.535619118528432;13.815249332205237
74,Li_JVASP-118837_LiCaAs.json,0.7500419616699219,0.8285634517669678;0.4322855472564697;1.2314531803131104;0.637779951095581;1.4664857387542725;0.8897597789764404;0.6590690612792969;0.1563420295715332;2.8559072017669678;1.6812527179718018;0.19435381889343262;-0.040650129318237305;0.6443016529083252;0.5302541255950928;0.3416168689727783;-0.508103609085083,2.8559072017669678,34.045820138384634,34.045820138384634;34.04582013838463;34.045820138384634;34.04582013838463;34.04582013838463;34.04582013838463;34.04582013838463;34.04582013838463;34.04582013838463;34.04582013838463;34.04582013838463;34.045820138384634;34.04582013838463;34.045820138384634;34.04582013838463;34.045820138384634,14.511332107325895,13.73695541164669;13.786000103652187;13.835396256426707;13.885147661477212;13.93525816504377;13.985731669090784;14.036572132319803;14.087783571204557;14.13937006104869;14.191335737066826;14.243684795489587;14.296421494693124;14.34955015635386;14.403075166629053;14.457000977363913;14.511332107325895
75,Ca_JVASP-71440_CaBe2Sb.json,1.9383368492126465,1.0343436002731323;0.7700158357620239;0.7970403432846069;1.152608036994934;1.1436142921447754;1.4682984352111816;1.785787582397461;2.2797131538391113;2.227532386779785;1.9453117847442627;2.1420419216156006;2.1273345947265625;2.354931354522705;2.244802474975586;2.309459924697876;2.2920849323272705;3.3415359258651733;3.4736067056655884,3.4736067056655884,31.466206625739243,31.466206625739243;31.466206625739243;31.466206625739236;31.466206625739236;31.466206625739243;31.466206625739236;31.466206625739236;31.466206625739236;31.466206625739236;31.466206625739236;31.466206625739236;31.46620662573924;31.466206625739236;31.46620662573924;31.466206625739236;31.466206625739243;31.46620662573924;31.466206625739236,10.484906311348121,8.278392175076688;8.382156727110965;8.488555547702877;8.597690240743265;8.709667703333388;8.824600475030932;8.942607115117704;9.063812610547583;9.18834881752552;9.316354939997352;9.447978048700666;9.583373644845736;9.722706272968535;9.866150188034124;10.01389008247695;10.166121879556231;10.323053600192244;10.484906311348121
76,Ca_JVASP-49954_CaAsH5O6.json,9.875819206237793,8.271678924560547;8.82478141784668;8.9463210105896;9.976324558258057;10.47806453704834;10.622199058532715;10.883399963378906;11.0037841796875,11.0037841796875,39.01458978163654,39.01458978163653;39.01458978163654;39.01458978163653;39.01458978163653;39.01458978163653;39.01458978163654;39.01458978163653;39.01458978163654,18.51263953898278,15.507553474443755;15.875702349113409;16.26175596937954;16.6670530728685;17.093069271772887;17.541435004532453;18.013956388949232;18.51263953898278
77,Ca_JVASP-70745_CaHf2Be.json,0.9828319549560547,-0.3948240280151367;2.017444610595703;1.556161880493164;0.8270549774169922;0.9435243606567383;3.6438608169555664;-0.41315650939941406;-0.01934051513671875;0.6847620010375977,3.6438608169555664,57.29718692213308,57.29718692213308;57.29718692213308;57.29718692213307;57.29718692213308;57.29718692213307;57.297186922133065;57.29718692213308;57.29718692213308;57.29718692213307,8.038818224540345,7.333565736813421;7.414879967292689;7.498017632624612;7.583040762860286;7.670014233858451;7.759005932378582;7.850086932801875;7.9433316864469905;8.038818224540345
78,Ca_JVASP-99757_CaPrRh2.json,3.7112696170806885,0.9365675449371338;1.1461656093597412;4.1828343868255615;6.167226076126099;4.285287857055664;4.7481689453125;4.472087860107422;3.7518186569213867,6.167226076126099,65.63955807699251,65.63955807699251;65.6395580769925;65.6395580769925;65.63955807699251;65.6395580769925;65.6395580769925;65.63955807699249;65.6395580769925,9.524920848412835,8.661360355987801;8.775013417534463;8.891688814300148;9.01150872868059;9.134602018905095;9.2611046812957;9.391160351475973;9.524920848412835
79,Na_JVASP-122475_NaCa3MgFeSi4O14.json,3.226731300354004,2.9497900009155273;2.992367744445801;3.06486177444458;3.0776190757751465;3.181166648864746;3.3887367248535156;3.4945573806762695;3.6647510528564453,3.6647510528564453,17.917132349660935,17.917132349660932;17.917132349660935;17.917132349660935;17.917132349660932;17.917132349660935;17.917132349660932;17.917132349660932;17.917132349660932,6.208745468583045,5.985601323149491;6.016491965688305;6.0477031046702345;6.0792397539247;6.111107032410777;6.143310166987157;6.1758544952701575;6.208745468583045
80,Ca_JVASP-71131_CaBe2Bi.json,1.8223623037338257,1.489140510559082;1.9745228290557861;2.0711501836776733;1.7049931287765503;1.8282328248023987;1.4628908038139343;2.150580644607544;1.8973875045776367,2.150580644607544,70.73945605327074,70.73945605327074;70.73945605327073;70.73945605327071;70.73945605327073;70.73945605327073;70.73945605327073;70.73945605327073;70.73945605327073,14.439549976338501,12.543621759653831;12.783403827068165;13.032531828969885;13.291563037438504;13.561099927779956;13.841794856729884;14.134355333928548;14.439549976338501
81,Na_JVASP-99279_NaCa4B3O9.json,1.808732509613037,1.322094440460205;1.397977352142334;1.3757200241088867;1.2041444778442383;2.224421501159668;2.3302154541015625;2.3115062713623047;2.3037805557250977,2.3302154541015625,28.484433137190106,28.484433137190102;28.484433137190102;28.484433137190102;28.4844331371901;28.4844331371901;28.484433137190102;28.484433137190106;28.484433137190102,9.86470483164745,9.313071036830548;9.388068222510858;9.464283103124245;9.5417455781345;9.620486533957898;9.700537885024971;9.781932616909549;9.86470483164745
82,Na_JVASP-112554_NaCaBe2B2O6F.json,1.9822998046875,1.5140066146850586;1.6394329071044922;2.128467559814453;2.2300596237182617;1.6961569786071777;2.210496425628662;1.954338550567627;2.4854397773742676,2.4854397773742676,42.05657652177179,42.05657652177179;42.056576521771774;42.05657652177178;42.056576521771774;42.05657652177179;42.05657652177178;42.05657652177178;42.05657652177178,16.954988602803823,15.388367718413141;15.594208636366911;15.805631034144287;16.02286504882755;16.24615364591291;16.475753525802663;16.711936108265704;16.954988602803823
83,Ca_JVASP-67428_CaBeIn.json,1.4227538108825684,1.0111547112464905;0.9906477332115173;1.4238337278366089;2.2598496675491333;1.4684885740280151;0.8759628534317017;1.8455089330673218;1.5065842866897583,2.2598496675491333,86.06498546759947,86.06498546759947;86.06498546759947;86.06498546759947;86.06498546759946;86.06498546759947;86.06498546759944;86.06498546759946;86.06498546759946,26.002692784244008,20.4394016775739;21.083815164009224;21.770185608184548;22.502748542949575;23.2863294526752;24.1264501941711;25.029459316450886;26.002692784244008
84,K_JVASP-96803_KCa12Si4S2O26F.json,3.3623666763305664,3.3623666763305664,3.3623666763305664,72.1224643647302,72.1224643647302,23.68691071377797,23.68691071377797
85,Ca_JVASP-74151_CaMn2Be.json,0.8203866481781006,-1.4504446983337402;-1.4341645240783691;0.024036884307861328;0.06135129928588867;0.172806978225708;1.552586317062378;0.05345749855041504;-0.1882784366607666;0.9879071712493896;0.9426267147064209;1.3286728858947754;2.007147789001465;1.00766921043396;1.0750095844268799;0.999830961227417;0.7326576709747314;2.9830594062805176;3.911026954650879,3.911026954650879,44.038002065157656,44.03800206515765;44.03800206515765;44.03800206515764;44.03800206515765;44.038002065157656;44.03800206515765;44.03800206515765;44.03800206515765;44.038002065157656;44.03800206515764;44.03800206515765;44.03800206515765;44.03800206515765;44.03800206515764;44.038002065157656;44.038002065157656;44.03800206515765;44.03800206515764,12.293880252154937,9.366585552993248;9.499641957411304;9.636533083412363;9.77742713135704;9.922502284474753;10.071947460635574;10.225963133096627;10.384762227720737;10.54857110511129;10.717630637189759;10.892197388983819;11.072544917820142;11.258965203758562;11.45177022699965;11.651293710190822;11.857893046098544;12.071951434070325;12.293880252154937
86,Ca_JVASP-86715_Ca4TiN4.json,6.131302237510681,2.2105894088745117;2.1012144088745117;2.461825370788574;2.499823570251465;2.3499231338500977;2.2940902709960938;2.618957042694092;2.4250521659851074;6.211566925048828;6.188808441162109;6.826669692993164;7.588499069213867;8.467519283294678;7.60968542098999;7.557836055755615;6.881911754608154;8.600116729736328;8.16433334350586;7.179862976074219;6.8984527587890625;6.105564594268799;6.923202037811279;6.183758735656738;6.895659446716309;9.985572814941406;8.330131530761719;7.7803425788879395;7.371095180511475;6.353325366973877;6.818429470062256;6.8025336265563965;9.515318393707275,9.985572814941406,39.23777471730659,39.23777471730658;39.23777471730658;39.237774717306586;39.237774717306586;39.237774717306586;39.23777471730658;39.23777471730658;39.237774717306586;39.237774717306586;39.237774717306586;39.237774717306586;39.23777471730658;39.23777471730659;39.237774717306586;39.237774717306586;39.23777471730659;39.23777471730658;39.23777471730659;39.237774717306586;39.237774717306586;39.237774717306586;39.237774717306586;39.23777471730658;39.237774717306586;39.237774717306586;39.23777471730658;39.237774717306586;39.237774717306586;39.23777471730659;39.237774717306586;39.237774717306586;39.237774717306586,30.76286466454848,12.68021054094531;12.925294078126917;13.180038303161455;13.44502590688766;13.72088740213202;14.0083061324719;14.308023923995231;14.620847478463869;14.947655623884625;15.289407559709884;15.647152259575591;16.022039225709065;16.4153308272619;16.828416501580094;17.262829155043526;17.720264171468138;18.202601524907326;18.711931604905654;19.250585502288327;19.821170680955;20.426613187295523;21.07020783912363;21.75567821129433;22.487248724012396;23.269731781771767;24.10863376108001;25.010284781514677;25.981998728417334;27.0322720872835;28.17103303471353;29.40995625742463;30.76286466454848
87,Li_JVASP-77273_BaLi2Ca.json,-0.7592740058898926,-0.9691762924194336;-0.5493717193603516,-0.5493717193603516,23.297609907088948,23.297609907088948;23.297609907088944,145.38683432844275,140.11135812214687;145.38683432844275
88,Li_JVASP-40313_LiCa2In.json,0.6527358293533325,0.12296473979949951;-0.05649268627166748;1.5306553840637207;2.6799492835998535;0.1522507667541504;0.7079005241394043;0.07326197624206543;0.011396646499633789,2.6799492835998535,49.65811883199638,49.658118831996376;49.65811883199637;49.65811883199638;49.658118831996376;49.658118831996376;49.658118831996376;49.658118831996376;49.658118831996376,17.106604227466395,16.592056905821202;16.663660344428216;16.735884474522965;16.80873740189609;16.882227374096477;16.956362783543817;17.031152170723484;17.106604227466395
89,Ca_JVASP-71373_CaBe2V.json,1.0793933868408203,0.1645493507385254;0.4154510498046875;1.255357265472412;1.3392343521118164;1.4853670597076416;1.481731653213501;0.5145764350891113;0.4033546447753906;0.9242029190063477;1.2321557998657227;1.5726635456085205;1.793745756149292;1.1034045219421387;0.9564728736877441;0.9468109607696533;0.649040937423706;0.9818458557128906;2.209115982055664,2.209115982055664,40.574588987185926,40.57458898718592;40.57458898718592;40.57458898718592;40.57458898718592;40.574588987185926;40.57458898718591;40.574588987185926;40.57458898718592;40.57458898718592;40.57458898718592;40.57458898718592;40.57458898718591;40.574588987185926;40.574588987185926;40.57458898718592;40.574588987185926;40.57458898718592;40.57458898718592,20.91474339576933,13.654791128168338;13.939418699197116;14.236164723952136;14.545819979223676;14.869245573334668;15.207380943042313;15.561252966955331;15.931986381666993;16.320815723158653;16.72909906056814;17.158333844242144;17.61017525781022;18.08645754834423;18.58921891409011;19.120730661810494;19.68353151344224;20.280468155201156;20.91474339576933
90,Na_JVASP-146449_NaCaAlSi2O7.json,5.381974220275879,3.0179905891418457;3.0796923637390137;4.17588996887207;4.725658416748047;3.3927512168884277;3.3924241065979004;4.420373916625977;4.917911529541016;6.123633861541748;6.649398326873779;7.709655284881592;7.787791728973389;6.781052589416504;6.810873985290527;6.704975605010986;6.42151403427124,7.787791728973389,18.7238783772017,18.7238783772017;18.723878377201697;18.723878377201697;18.723878377201697;18.723878377201693;18.723878377201697;18.723878377201697;18.723878377201697;18.723878377201693;18.723878377201697;18.723878377201697;18.723878377201693;18.723878377201697;18.723878377201693;18.723878377201697;18.723878377201697,7.077959694930903,6.487173084677991;6.523473383004361;6.5601822188115415;6.597306527884791;6.634853403902327;6.672830102954089;6.711244048216565;6.750102834790032;6.7894142347048305;6.829186202103587;6.869426878606656;6.9101445988683805;6.951347896332142;6.993045509192524;7.035246386573374;7.077959694930903
91,Ca_JVASP-93325_CaMg.json,0.2640190124511719,1.8743858337402344;1.2535476684570312;1.0128936767578125;0.3989105224609375;0.12534403800964355;0.25778889656066895;-0.03982090950012207;-0.34906649589538574;-0.7019863128662109;2.5542221069335938;2.2510986328125;1.0336880683898926;1.235849380493164;0.5511221885681152;-0.625117301940918;-0.3850226402282715;-0.7692277431488037;-2.8921315670013428;1.5535409450531006;1.2902429103851318;0.5026438236236572;0.5929853916168213;0.1296379566192627;-0.7713100910186768;-0.5258066654205322;-0.7098052501678467;-1.7200937271118164,2.5542221069335938,25.55267168287973,25.552671682879726;25.552671682879723;25.552671682879726;25.55267168287972;25.552671682879723;25.552671682879723;25.552671682879723;25.55267168287973;25.552671682879723;25.55267168287973;25.552671682879723;25.552671682879726;25.552671682879723;25.552671682879723;25.552671682879726;25.552671682879726;25.552671682879726;25.552671682879726;25.552671682879726;25.552671682879726;25.552671682879726;25.552671682879726;25.552671682879723;25.552671682879726;25.552671682879726;25.552671682879723;25.55267168287972,38.490565824724094,15.417850330350094;15.781702457811958;16.163143051656547;16.563479028958596;16.984150076526547;17.42674595036585;17.89302655239203;18.384945318862467;18.904676575868884;19.454647669753186;20.03757687396022;20.656518321327606;21.31491552929335;22.01666549835098;22.76619590342494;23.56855860825778;24.429543676890752;25.355819322442073;26.355104948596725;27.43638678776682;28.61018889271997;29.888916799777753;31.28729766363474;32.822950009137394;34.51712993192402;36.395720970396304;38.490565824724094
92,Ca_JVASP-101893_CaH2C3O4.json,6.272075176239014,5.337213039398193;5.354292392730713;5.365053653717041;5.393012523651123;6.462782859802246;6.409544944763184;6.62285852432251;6.556752681732178;6.016142845153809;5.985019683837891;6.062652587890625;6.031037330627441;7.079235076904297;7.079031944274902;7.296543598175049;7.302029132843018,7.302029132843018,27.696986037039554,27.696986037039554;27.696986037039547;27.696986037039547;27.69698603703955;27.696986037039547;27.69698603703955;27.696986037039554;27.696986037039547;27.69698603703955;27.696986037039547;27.69698603703955;27.696986037039547;27.69698603703955;27.69698603703955;27.696986037039547;27.696986037039547,16.02185839429818,11.786169368020735;11.997622990912602;12.216802528741589;12.444139285305678;12.680097276855069;12.925176393400285;13.179915933853575;13.444898567615088;13.720754783851035;14.008167899974703;14.307879713081322;14.620696892736358;14.947498231112176;15.28924288768394;15.646979791379321;16.02185839429818
93,Ca_JVASP-66959_CaTaBe.json,0.10594940185546875,-1.262453556060791;0.5755610466003418;1.358553409576416;0.702446460723877;0.2388782501220703;-0.07921123504638672;-0.15658330917358398;-0.5295958518981934,1.358553409576416,99.63343857687094,99.63343857687093;99.63343857687092;99.63343857687093;99.63343857687093;99.63343857687093;99.63343857687093;99.63343857687093;99.63343857687094,17.18309688957842,14.563612390974189;14.887838514021688;15.226829680574353;15.58161797637805;15.953333973172171;16.343218763224538;16.752637802751508;17.18309688957842
94,Ca_JVASP-3945_Ca3AsCl3.json,16.24063817660014,3.358529567718506;6.6095805168151855;6.1146767139434814;7.103560209274292;8.337243556976318;8.002899169921875;6.698947429656982;5.66650390625;7.002173185348511;5.770326375961304;5.660893201828003;6.845855474472046;6.64145827293396;7.017164945602417;4.9284491539001465;8.776148319244385;6.3809561133384705;4.510306298732758;9.488240897655487;10.014819324016571;13.701111912727356;28.903515458106995;119.65219593048096;92.58976030349731,119.65219593048096,29.59731141890289,29.597311418902883;29.597311418902887;29.597311418902883;29.597311418902887;29.59731141890289;29.597311418902887;29.597311418902887;29.59731141890288;29.597311418902883;29.597311418902887;29.597311418902883;29.597311418902883;29.597311418902887;29.597311418902883;29.59731141890289;29.597311418902887;29.59731141890289;29.597311418902883;29.597311418902887;29.597311418902883;29.59731141890289;29.597311418902887;29.597311418902887;29.59731141890289,17.983675322628837,11.111187219918667;11.29892199112051;11.49310973027982;11.694088965243383;11.902222324559887;12.117898721085762;12.341535777383116;12.573582524732982;12.814522412465923;13.06487667004796;13.325208071125187;13.5961251567329;13.878286984373036;14.17240848097264;14.479266491249122;14.79970662921247;15.13465106003963;15.485107363126211;15.85217865571912;16.23707519138159;16.64112769019454;17.06580271004684;17.512720433177446;17.983675322628837
95,Na_JVASP-146448_NaCaYCdF8.json,2.7748913764953613,2.422842502593994;2.522740364074707;2.7158846855163574;2.62740421295166;2.987253189086914;2.8967413902282715;3.103173017501831;2.9230916500091553,3.103173017501831,34.63935431074805,34.63935431074804;34.63935431074805;34.63935431074805;34.63935431074804;34.63935431074805;34.63935431074805;34.63935431074805;34.63935431074804,8.454602298645975,8.046137632347415;8.102056522044741;8.15875809925681;8.216258912520088;8.274575980201467;8.3337268072912;8.393729402921252;8.454602298645975
96,Ca_JVASP-14720_CaAu2.json,4.734931111335754,2.0928199887275696;2.5885671973228455;2.8443772196769714;3.1202908158302307;4.445827960968018;4.713541388511658;3.6836440563201904;3.7978566884994507;5.7405455112457275;4.5853129625320435;3.921119451522827;3.945496916770935;6.014208793640137;6.990098237991333;8.36433219909668;8.910858392715454,8.910858392715454,41.10282572103225,41.10282572103224;41.10282572103225;41.10282572103224;41.10282572103224;41.10282572103223;41.10282572103224;41.10282572103224;41.10282572103224;41.10282572103225;41.10282572103224;41.10282572103224;41.10282572103223;41.10282572103224;41.10282572103224;41.10282572103224;41.10282572103224,4.225358139582453,3.8595612840457667;3.8819658686377965;3.904632087272977;3.9275645497937384;3.950767974979366;3.9742471937830333;3.9980071526849494;4.022052917166509;4.046389675310575;4.071022741533254;4.095957560452832;4.12119971090175;4.146754910087862;4.172629017911464;4.198828041444981;4.225358139582453
97,Ca_JVASP-102346_CaMnS2.json,3.0764966011047363,1.50990891456604;2.2559268474578857;2.6418190002441406;1.8672714233398438;2.981790781021118;3.323773145675659;3.913271903991699;6.118210792541504,6.118210792541504,82.65414128226587,82.65414128226585;82.65414128226585;82.65414128226585;82.65414128226585;82.65414128226585;82.65414128226587;82.65414128226587;82.65414128226585,27.000682677661132,21.05101116486362;21.73521278774015;22.465384483620195;23.246320251146916;24.083504686185297;24.983241982165925;25.952814968623724;27.000682677661132
98,Ca_JVASP-74586_Ca2BeCr.json,1.9484170079231262,-0.8766181468963623;-0.36331915855407715;-0.7235121726989746;0.22621917724609375;0.10665178298950195;0.5623364448547363;-0.11132049560546875;0.34416675567626953;0.9027178287506104;1.3824164867401123;2.4338390827178955;2.4944522380828857;3.643350601196289;3.2484331130981445;7.349010109901428;10.555848479270935,10.555848479270935,64.15793847877578,64.15793847877578;64.15793847877578;64.15793847877576;64.15793847877578;64.15793847877578;64.15793847877578;64.15793847877576;64.15793847877578;64.15793847877576;64.15793847877576;64.15793847877576;64.15793847877576;64.15793847877578;64.15793847877576;64.15793847877576;64.15793847877576,50.74651680224107,23.732527256001546;24.60575583439917;25.545699333572326;26.56030697434547;27.658843098824644;28.85217087184244;30.153112734842985;31.576912981428833;33.14183788200746;34.86996356341098;36.78822394469685;38.92982470205211;41.33618163948902;44.05962531949207;47.16725027593975;50.74651680224107
99,Ca_JVASP-19862_CaPt2.json,4.21905779838562,2.0567455291748047;2.5799765586853027;3.0071988105773926;3.4890146255493164;3.433333396911621;3.4923763275146484;4.580831050872803;4.7212605476379395;3.8950254917144775;4.535127401351929;4.799301385879517;5.127193212509155;4.451558589935303;4.833967685699463;5.214635848999023;7.287378311157227,7.287378311157227,48.78494009171048,48.784940091710475;48.78494009171048;48.784940091710475;48.78494009171048;48.784940091710475;48.78494009171048;48.784940091710475;48.784940091710475;48.78494009171048;48.784940091710475;48.78494009171048;48.784940091710475;48.784940091710475;48.784940091710475;48.784940091710475;48.784940091710475,4.265872923026436,3.893336800503536;3.9161363899004202;3.9392045834978653;3.962546156100773;3.986165996360164;4.010069110186585;4.034260624287061;4.058745789830846;4.08352998624949;4.108618725176976;4.134017654536017;4.159732562776845;4.1857693832752005;4.21213419889653;4.2388332467337655;4.265872923026436
100,Ca_JVASP-68049_CaBePt.json,3.4928650856018066,0.28487181663513184;0.9762823581695557;0.5089242458343506;1.2153055667877197;0.7271327972412109;1.407567024230957;1.7005805969238281;2.1795291900634766;2.8050708770751953;4.935325622558594;2.5458035469055176;7.271472454071045;2.658421516418457;4.428252220153809;3.2316956520080566;8.695554256439209;4.388068199157715;12.911713600158691,12.911713600158691,43.737729148218676,43.73772914821867;43.73772914821867;43.73772914821867;43.73772914821866;43.73772914821867;43.73772914821867;43.737729148218676;43.737729148218676;43.73772914821867;43.73772914821867;43.73772914821867;43.73772914821867;43.73772914821867;43.73772914821867;43.73772914821866;43.73772914821867;43.73772914821867;43.73772914821867,7.216709143981122,6.097987815633984;6.154105368214015;6.211265372740369;6.269497148759677;6.328831125729155;6.3892988960388815;6.450933271102961;6.513768340728817;6.5778395359903055;6.6431836958483155;6.709839137782072;6.777845732715661;6.847244984547666;6.918080114617224;6.990396151467724;7.06424002629989;7.13966067453942;7.216709143981122
101,Ca_JVASP-63625_CaAlAu.json,2.112290143966675,1.006959080696106;0.9486249685287476;0.9605296850204468;0.9106141328811646;1.3127881288528442;1.2439197301864624;1.395209550857544;1.3644688129425049;1.1969525814056396;1.2292323112487793;1.2657595872879028;1.2178198099136353;1.4282256364822388;1.4838179349899292;1.5192503929138184;1.5091137886047363;2.1279176473617554;2.078565001487732;2.0852028131484985;2.080776810646057;2.997800827026367;2.89379620552063;3.0337672233581543;2.81069016456604;3.1519662141799927;3.1873306035995483;2.98768413066864;3.0457903146743774;3.8650083541870117;3.555387258529663;3.947496175765991;3.7508187294006348,3.947496175765991,21.621502642537628,21.621502642537628;21.621502642537628;21.621502642537624;21.621502642537628;21.621502642537624;21.621502642537624;21.621502642537624;21.621502642537624;21.621502642537624;21.621502642537628;21.621502642537624;21.621502642537624;21.621502642537628;21.621502642537624;21.621502642537628;21.621502642537624;21.621502642537624;21.621502642537624;21.621502642537628;21.621502642537628;21.621502642537628;21.621502642537628;21.621502642537624;21.621502642537624;21.621502642537624;21.621502642537628;21.621502642537628;21.621502642537624;21.621502642537628;21.621502642537628;21.621502642537624;21.621502642537628,3.7191130783578292,3.1722101278090507;3.1873295837288005;3.202593855221537;3.2180050328850287;3.2335652477522223;3.2492766722735844;3.2651415213282236;3.2811620532647767;3.297340570973092;3.313679422987776;3.330181004624706;3.3468477591516788;3.363682178994383;3.380686806978956;3.397864237612417;3.415217118402338;3.4327481512171594;3.4504600936886196;3.4683557606578224;3.4864380256665433;3.504709822495427;3.523174146750811;3.541834057501971;3.5606926789706757;3.5797532022750063;3.5990188872294846;3.618493064203642;3.6381791360412628;3.658080580042614;3.6782009500120907;3.698543878373816;3.7191130783578292
102,Na_JVASP-118850_NaCaAs.json,0.7433713674545288,0.8123819828033447;0.5128483772277832;0.7026691436767578;0.56430983543396;0.8895847797393799;0.5051436424255371;1.2934393882751465;0.5922520160675049;2.0125811100006104;0.994431734085083;1.041836142539978;0.618510365486145;0.7523467540740967;0.4028587341308594;0.44774842262268066;-0.24900054931640625,2.0125811100006104,31.250673086226186,31.250673086226186;31.250673086226183;31.25067308622618;31.25067308622618;31.250673086226183;31.250673086226183;31.250673086226186;31.25067308622618;31.250673086226186;31.250673086226183;31.250673086226183;31.250673086226186;31.250673086226186;31.25067308622618;31.250673086226183;31.250673086226183,14.386323465393716,12.139287206034284;12.267021682842538;12.397472893604059;12.530728441625154;12.666879737589724;12.80602220867467;12.948255521600844;13.093683820715196;13.242415982299262;13.394565886409056;13.550252707672765;13.709601226606786;13.872742163159302;14.03981253435516;14.210956038098658;14.386323465393716
103,Ca_JVASP-86331_CaGe2.json,2.3991512060165405,1.4345030784606934;2.3062567710876465;3.020878791809082;2.247511863708496;1.7360453605651855;2.3047573566436768;3.6025331020355225;2.5407233238220215,3.6025331020355225,78.20912725538027,78.20912725538027;78.20912725538024;78.20912725538025;78.20912725538025;78.20912725538027;78.20912725538024;78.20912725538025;78.20912725538025,22.291508037899384,18.074133137705893;18.576200047069424;19.106956944076106;19.668935339095064;20.264973597341434;20.89826488576853;21.57241440016799;22.291508037899384
104,Ca_JVASP-92696_CaGa2As2.json,3.2829580307006836,1.9011130332946777;2.6666786670684814;4.520629286766052;4.043411135673523,4.520629286766052,95.02125026839428,95.02125026839428;95.02125026839428;95.02125026839427;95.02125026839427,22.38615295939536,20.34316210077317;20.981426640235007;21.661039440561115;22.38615295939536
105,Ca_JVASP-19870_CaB6.json,5.4469709396362305,0.7903733253479004;1.079103946685791;1.7249431610107422;8.008271217346191;4.077293872833252;5.9947896003723145;6.226531028747559;15.674461364746094,15.674461364746094,78.41326083987225,78.41326083987225;78.41326083987225;78.41326083987225;78.41326083987225;78.41326083987224;78.41326083987224;78.41326083987224;78.41326083987224,47.944890325168444,31.92355132393361;33.523893661471305;35.293155825302094;37.25957276352199;39.45804334419514;41.93221962680996;44.73743475224026;47.944890325168444
106,Ca_JVASP-66026_BaCaTl.json,-0.4993619918823242,-0.35444438457489014;-0.6610981225967407;-0.6040554046630859;-0.6025376319885254;-0.330019474029541;-0.5065124034881592;0.41722750663757324;-1.3534560203552246,0.41722750663757324,44.503674618292834,44.50367461829283;44.50367461829283;44.50367461829283;44.50367461829282;44.50367461829283;44.503674618292834;44.50367461829283;44.50367461829283,9.662507749808206,8.774981239966989;8.891655775358997;9.011474793309414;9.1345671501191;9.261068840047207;9.391123496508555;9.524882936102909;9.662507749808206
107,Ca_JVASP-96770_Ca2SiIr2.json,4.286410093307495,0.7558655738830566;0.8825888633728027;1.36519193649292;1.4253392219543457;1.5246696472167969;1.5496368408203125;1.4963583946228027;1.4265503883361816;2.120120048522949;2.22598934173584;2.2535295486450195;2.174715995788574;1.6416206359863281;1.410426139831543;2.037370204925537;1.704087734222412;3.5820999145507812;3.7264842987060547;5.655091762542725;5.492527484893799;4.833759784698486;5.167001247406006;5.130754470825195;4.673679351806641;8.7212495803833;8.087084770202637;7.776584625244141;8.712699890136719;8.709249496459961;9.582289695739746;10.20626163482666;11.11424446105957,11.11424446105957,27.25478465428254,27.25478465428253;27.254784654282535;27.254784654282535;27.254784654282535;27.254784654282535;27.25478465428253;27.254784654282535;27.254784654282535;27.25478465428253;27.254784654282535;27.254784654282535;27.254784654282535;27.25478465428253;27.254784654282535;27.254784654282535;27.254784654282535;27.254784654282535;27.254784654282535;27.25478465428253;27.25478465428253;27.254784654282535;27.25478465428254;27.254784654282535;27.254784654282535;27.254784654282535;27.254784654282535;27.25478465428253;27.25478465428253;27.254784654282535;27.254784654282535;27.254784654282535;27.25478465428253,4.0361306129777175,3.3999916477873247;3.4173663202878473;3.4349194813649397;3.452653895616468;3.470572385030838;3.488677830483984;3.506973173283459;3.5254614167613676;3.5441456279179544;3.5630289391177294;3.5821145498401115;3.6014057284866343;3.62090581424687;3.6406182190252956;3.6605464294314487;3.6806940088358013;3.7010645994939084;3.721661924741478;3.7424897912631527;3.7635520914379015;3.784852805764056;3.8063960053671635;3.8281858545939844;3.850226613696095;3.8725226416067287;3.8950783988146696;3.917898450339158;3.9409874688100004;3.96435023765722;3.987991654414851;4.011916734143642;4.0361306129777175
108,Na_JVASP-129867_NaCa3.json,0.3112753629684448,1.3542150259017944;0.37399017810821533;0.7553391456604004;-0.17345714569091797;0.003390669822692871;0.0024040937423706055;0.08938193321228027;0.08493900299072266,1.3542150259017944,35.31718546338867,35.31718546338866;35.31718546338866;35.31718546338867;35.31718546338867;35.31718546338866;35.31718546338867;35.31718546338867;35.31718546338867,27.21344476667501,23.391265199768164;23.870210342033253;24.36917863766942;24.88945254980263;25.43242645145415;25.99961910458389;26.592687847065825;27.21344476667501
109,Ca_JVASP-101545_Ca3Cd.json,0.8344346682230631,2.081728458404541;1.0099377632141113;0.7943887710571289;0.5439815521240234;0.6121442317962646;0.6894214153289795;0.57745361328125;0.8717989921569824;-0.5830135345458984;-0.05369758605957031;4.002181053161621;0.28975391387939453;1.2152912616729736;-0.4035928249359131;0.7910854816436768;1.1827614307403564;0.5836429595947266;-0.3267331123352051;-0.37563061714172363;-0.04567074775695801;1.115468978881836;-0.8226804733276367;2.3908252716064453;3.8855857849121094,4.002181053161621,42.624160562397904,42.6241605623979;42.62416056239789;42.6241605623979;42.6241605623979;42.6241605623979;42.62416056239789;42.62416056239789;42.6241605623979;42.624160562397904;42.6241605623979;42.6241605623979;42.6241605623979;42.62416056239789;42.62416056239789;42.62416056239789;42.6241605623979;42.6241605623979;42.6241605623979;42.62416056239789;42.6241605623979;42.62416056239789;42.6241605623979;42.6241605623979;42.62416056239789,28.531457771636518,14.400417675595385;14.717339120979235;15.048523956774442;15.394957259016817;15.757716951256732;16.137985007623637;16.537060318130223;16.956373511250128;17.397504090206986;17.862200315577716;18.352402361790155;18.870269394193002;19.418211363598303;19.99892650585168;20.615445777537104;21.271185772197484;21.970012067354947;22.716315482611204;23.515104426834434;24.372117439024066;25.293961269451785;26.28828152910002;27.363975236063634;28.531457771636518
110,Ca_JVASP-101759_CaAgN.json,5.423288822174072,3.516756534576416;3.8113608360290527;5.2885847091674805;4.962006092071533;6.105364680290222;5.88839590549469;6.470054745674133;7.34378707408905,7.34378707408905,91.19534825556977,91.19534825556977;91.19534825556975;91.19534825556977;91.19534825556975;91.19534825556977;91.19534825556977;91.19534825556977;91.19534825556977,26.403392137180415,20.686169683524586;21.34648864980019;22.050353445252252;22.802218500145404;23.607167234068605;24.471027139344486;25.400511091743766;26.403392137180415
111,Ca_JVASP-3735_CaHBr.json,7.220095753669739,3.51668643951416;3.451228141784668;5.111097574234009;5.020026922225952;6.2684712409973145;6.410193920135498;5.990329742431641;5.842384338378906;6.003246307373047;5.919034957885742;7.96725058555603;7.77423882484436;7.163221478462219;7.226075291633606;7.445069789886475;7.411936044692993;8.423139214515686;8.78670585155487;5.736945152282715;5.648662090301514;5.939000368118286;5.504092693328857;6.223377227783203;6.012658357620239;5.9316675662994385;5.569120168685913;7.902989625930786;8.007790327072144;7.58969247341156;7.998867630958557;8.630368828773499;9.314242005348206;10.808313071727753;11.276703298091888;12.111080646514893;13.987538933753967,13.987538933753967,21.18387260717706,21.183872607177054;21.183872607177058;21.183872607177058;21.183872607177058;21.18387260717706;21.183872607177058;21.18387260717706;21.183872607177058;21.183872607177058;21.183872607177058;21.183872607177058;21.183872607177058;21.183872607177058;21.18387260717706;21.183872607177058;21.183872607177058;21.183872607177058;21.18387260717706;21.183872607177058;21.183872607177058;21.183872607177054;21.183872607177058;21.183872607177058;21.183872607177058;21.18387260717706;21.183872607177058;21.183872607177058;21.183872607177058;21.183872607177054;21.183872607177054;21.183872607177054;21.18387260717706;21.183872607177058;21.183872607177058;21.183872607177058;21.183872607177054,9.076301331880073,6.153285086050936;6.210429783105756;6.268645819136752;6.32796360715183;6.388414722302264;6.450031957927956;6.512849384877662;6.5769024143296635;6.64222786435625;6.708864030494945;6.77685076061068;6.846229534356422;6.9170435475652265;6.989337801934468;7.06315920039356;7.138556648579819;7.215581162883837;7.29428598556597;7.3747267074897715;7.456961399066967;7.541050750062106;7.627058218964264;7.71505019269838;7.805096157520986;7.897268882024904;7.991644613265827;8.08830328712179;8.187328754105264;8.288809021968628;8.392836516578365;8.499508362683276;8.608926686369541;8.721198941182328;8.836438260103062;8.954763835805888;9.076301331880073
112,Li_JVASP-97878_Li2Ca3Be3Si3O12F2.json,2.8778188228607178,2.551826238632202;2.5329978466033936;2.527761697769165;2.6880228519439697;2.828965425491333;3.180338144302368;3.0445830821990967;3.668055295944214,3.668055295944214,41.42572645032083,41.42572645032083;41.42572645032083;41.42572645032083;41.42572645032082;41.42572645032083;41.42572645032083;41.42572645032083;41.42572645032083,14.463772961459464,14.094213995878333;14.145847676488712;14.19786106466188;14.25025836433761;14.303043841744225;14.356221826556526;14.409796713079631;14.463772961459464
113,Ca_JVASP-101894_CaH4C4O4.json,6.925354480743408,5.7029948234558105;5.708643436431885;6.006478786468506;5.938436985015869;7.8148579597473145;8.136110782623291;7.774776458740234;8.320536613464355,8.320536613464355,44.17426448683106,44.17426448683106;44.174264486831056;44.17426448683106;44.174264486831056;44.17426448683106;44.17426448683106;44.17426448683106;44.174264486831056,27.668750601463827,21.45489425139807;22.166045269685906;22.92595660718215;23.739821194030625;24.613596490830645;25.55415056282681;26.569442976156306;27.668750601463827
114,Ca_JVASP-87944_Ca2MgP2H4O10.json,9.805920124053955,6.042117118835449;6.194840431213379;6.301994800567627;6.461402416229248;6.948744773864746;7.297614097595215;9.208186149597168;10.224848747253418;15.020087242126465;14.093379020690918;14.343246459960938;12.662351608276367;12.079368591308594;10.55375862121582;10.202814102172852;9.259967803955078,15.020087242126465,29.730723345319888,29.73072334531988;29.730723345319884;29.730723345319884;29.73072334531988;29.730723345319884;29.73072334531988;29.73072334531988;29.73072334531988;29.73072334531988;29.73072334531988;29.730723345319888;29.730723345319884;29.73072334531988;29.730723345319884;29.730723345319884;29.730723345319877,13.123157860735802,10.13873357686725;10.294814373580355;10.455775879988387;10.621850665005203;10.793286312104177;10.970346650862934;11.153313111748345;11.34248621877385;11.538187236680878;11.740759991634903;11.950572887141663;12.168021140048632;12.393529265183385;12.62755384149358;12.870586597613482;13.123157860735802
115,Li_JVASP-95309_Li2Ca2Ta3O10.json,3.3537168502807617,2.304126501083374;2.239985227584839;2.2041566371917725;2.055621385574341;1.9614574909210205;2.1910784244537354;1.9022133350372314;1.894758939743042;2.233240842819214;3.7476794719696045;4.588602781295776;4.916249990463257;4.773935079574585;5.048538446426392;4.715968370437622;4.907024621963501;4.795171022415161;3.887094736099243,5.048538446426392,23.825661927271906,23.825661927271902;23.825661927271902;23.825661927271902;23.825661927271902;23.825661927271906;23.825661927271906;23.825661927271906;23.825661927271902;23.825661927271906;23.825661927271906;23.825661927271902;23.825661927271902;23.825661927271902;23.825661927271902;23.825661927271906;23.825661927271906;23.825661927271902;23.825661927271902,3.7995354435938578,3.7370227222114485;3.7406429445138993;3.744270187762803;3.747904472402291;3.751545818955948;3.7551942480271934;3.7588497802996756;3.7625124365376603;3.7661822375864222;3.769859204372643;3.7735433579048077;3.777234719273605;3.7809333096523305;3.7846391502972905;3.7883522625482096;3.7920726678286396;3.7958003876463735;3.7995354435938578
116,Li_JVASP-25640_Li4CaB2O6.json,4.462018847465515,1.9983642101287842;3.122643232345581;4.073436975479126;1.9773666858673096;3.1968891620635986;3.9387152194976807;4.28067946434021;5.579524755477905;4.647301435470581;4.531454801559448;7.1392505168914795;6.186394453048706;4.235066175460815;3.6002776622772217;4.005084753036499;4.344259023666382;5.147165060043335;5.8619630336761475;5.437120199203491;5.151751279830933;5.409161329269409;4.173717260360718;4.615541219711304;4.435324430465698,7.1392505168914795,57.10192109944832,57.10192109944831;57.10192109944831;57.10192109944832;57.10192109944831;57.10192109944832;57.10192109944831;57.10192109944831;57.10192109944831;57.10192109944832;57.10192109944831;57.10192109944832;57.10192109944832;57.10192109944832;57.10192109944831;57.10192109944832;57.101921099448305;57.10192109944832;57.10192109944831;57.10192109944832;57.10192109944832;57.10192109944831;57.10192109944832;57.101921099448305;57.10192109944832,28.119752216890255,24.085538261457348;24.236717937554033;24.389807445024143;24.544843203854636;24.701862565982687;24.86090384529721;25.022006348806826;25.185210409027597;25.350557417646563;25.518089860520032;25.68785135406897;25.859886683136747;26.034241840378424;26.21096406725431;26.390101896704522;26.57170519758551;26.755825220954073;26.942514648289045;27.131827641745954;27.323819896545412;27.518548695601616;27.716072966503575;27.916453340968037;28.119752216890255
117,K_JVASP-121997_K4CaW3O12.json,3.9506359100341797,3.591543197631836;3.1781253814697266;3.483865261077881;3.520287036895752;3.252410411834717;2.911841869354248;2.771803855895996;2.51348876953125;6.231069564819336;5.726412773132324;4.456000328063965;4.303834915161133;3.9087986946105957;3.902357578277588;2.9474220275878906;3.1181745529174805;6.898887634277344;5.969771385192871;5.359295845031738;5.022064208984375;3.8433713912963867;3.053769111633301;3.464284896850586;2.729032516479492;4.253280162811279;3.688019275665283;4.035031318664551;3.403059959411621;4.127304553985596;3.517487049102783;3.6240925788879395;3.6141610145568848,6.898887634277344,20.72471064545536,20.724710645455357;20.724710645455353;20.724710645455353;20.724710645455353;20.724710645455357;20.724710645455353;20.724710645455357;20.724710645455353;20.724710645455353;20.724710645455353;20.724710645455357;20.724710645455357;20.724710645455357;20.724710645455353;20.724710645455357;20.724710645455357;20.724710645455357;20.724710645455353;20.724710645455357;20.724710645455353;20.724710645455357;20.72471064545536;20.724710645455357;20.724710645455357;20.724710645455357;20.724710645455353;20.724710645455357;20.724710645455357;20.724710645455357;20.724710645455353;20.724710645455353;20.724710645455357,4.248926156922387,3.5640874420616617;3.582715162351604;3.601538621411935;3.6205609207516543;3.6397852277528266;3.6592147774287684;3.678852874238847;3.6987028939620354;3.71876828563145;3.7390525735321978;3.7595593592649728;3.7802923238779265;3.8012552300694766;3.82245192446481;3.8438863399689835;3.865562498199636;3.8874845120024832;3.9096565880528913;3.932083029546989;3.954768238985935;3.977716721057122;4.000933085616283;4.024422050774635;4.048188446095423;4.072237215904391;4.096573422718953;4.121202250801078;4.146129009839088;4.171359138763909;4.196898209705488;4.222751932095459;4.248926156922387
118,Ca_JVASP-15277_CaAl2Ge2.json,2.70910108089447,1.4347667694091797;1.2998015880584717;1.7367582321166992;1.9451406002044678;3.6564048528671265;3.7643853425979614;3.713983178138733;4.121568083763123,4.121568083763123,51.09125244579733,51.091252445797316;51.09125244579733;51.09125244579733;51.09125244579733;51.09125244579732;51.09125244579733;51.09125244579732;51.09125244579732,16.402148337748386,13.998705042344213;14.298007741125069;14.61038869007347;14.936724230934834;15.27797078957481;15.635174237930658;16.009480600714348;16.402148337748386
119,Ca_JVASP-100710_Ca2ZnIn.json,2.2177236080169678,0.5819708108901978;0.8791404962539673;2.2275843620300293;3.613703966140747;1.4508962631225586;3.2297520637512207;2.294635534286499;2.9050958156585693;0.7710525989532471;0.9636209011077881;1.056992530822754;0.630126953125;1.4584970474243164;2.500385284423828;2.2708702087402344;8.649252891540527,8.649252891540527,52.68835940035937,52.68835940035936;52.68835940035937;52.68835940035936;52.68835940035936;52.68835940035937;52.68835940035936;52.68835940035937;52.68835940035936;52.68835940035936;52.68835940035937;52.68835940035936;52.68835940035937;52.68835940035935;52.68835940035936;52.68835940035937;52.68835940035936,18.085963882107027,12.86637441821812;13.118778768484518;13.381284293193252;13.654509744150594;13.939125462415907;14.235858869411864;14.545500674652018;14.868911911620915;15.207031933632413;15.560887526031756;15.931603320908424;16.320413736833935;16.72867671066925;17.15788954329958;17.609707248958;18.085963882107027
120,Na_JVASP-22736_NaCaAs.json,1.8857742547988892,0.6253209114074707;0.41777563095092773;0.46105051040649414;0.5518851280212402;2.3728127479553223;2.4278411865234375;3.0865284204483032;5.1429795026779175,5.1429795026779175,67.33395480690584,67.33395480690584;67.33395480690584;67.33395480690584;67.33395480690584;67.33395480690584;67.33395480690584;67.33395480690584;67.33395480690584,28.421912076197316,24.27857441206857;24.794945787208118;25.33375947517945;25.896511043201688;26.484831964598524;27.10050541534553;27.745484326318604;28.421912076197316
121,Ca_JVASP-98216_CaCrO3.json,7.702581405639648,5.632678985595703;5.467165946960449;5.481112480163574;5.435861587524414;5.774688243865967;5.6998467445373535;5.626531600952148;5.649982452392578;14.143231391906738;8.323025703430176;11.185638427734375;8.494285583496094;11.275694847106934;8.705327033996582;8.617724418640137;8.710783958435059;9.393621921539307;8.403358936309814;8.60427713394165;7.940340518951416;7.931601524353027;7.482586860656738;6.696132659912109;6.337665557861328;7.6969709396362305;7.244999885559082;7.110757827758789;7.048061370849609;7.6811652183532715;7.479861736297607;7.588332653045654;7.619290828704834,14.143231391906738,26.314310906861646,26.314310906861643;26.31431090686164;26.314310906861635;26.314310906861643;26.31431090686164;26.314310906861643;26.31431090686164;26.314310906861643;26.314310906861643;26.314310906861635;26.314310906861646;26.31431090686164;26.31431090686164;26.31431090686164;26.314310906861643;26.31431090686164;26.31431090686164;26.31431090686164;26.31431090686164;26.314310906861643;26.31431090686164;26.31431090686164;26.314310906861643;26.314310906861643;26.31431090686164;26.31431090686164;26.314310906861643;26.31431090686164;26.31431090686164;26.314310906861635;26.314310906861646;26.31431090686164,8.272328701304792,5.97938559254558;6.03333181182716;6.0882603024278605;6.14419813914242;6.201173401025837;6.259215218391825;6.318353822475554;6.3786205979386175;6.4400481384078025;6.502670305254165;6.566522289835152;6.631640679440128;6.69806352719901;6.765830426234641;6.834982588362543;6.90556292766676;6.977616149307918;7.051188843949691;7.126329588222783;7.203089051681649;7.281520110748818;7.361677970185289;7.4436202926733905;7.527407337151328;7.613102106596828;7.700770506021587;7.790481511509134;7.882307351207353;7.976323699273716;8.072609883867802;8.17124911039257;8.272328701304792
122,Ca_JVASP-97598_CaMo5O8.json,5.36989164352417,4.387286186218262;4.464469909667969;4.8648271560668945;4.954683303833008;5.728013515472412;5.793858051300049;6.42969274520874;6.336302280426025,6.42969274520874,34.24502183466969,34.245021834669686;34.24502183466969;34.24502183466969;34.24502183466969;34.24502183466969;34.245021834669686;34.24502183466969;34.24502183466969,5.467860460632624,5.171848989953411;5.21215879673757;5.253101895196984;5.294693327591499;5.3369486163712105;5.379883783491862;5.423515370670131;5.467860460632624
123,Ca_JVASP-99279_NaCa4B3O9.json,10.04884421825409,4.701913833618164;4.8902435302734375;5.490119457244873;5.860004901885986;10.911464214324951;11.587801456451416;12.874114513397217;12.016945362091064;11.317187309265137;10.03696346282959;8.729810237884521;7.587774753570557;10.355052471160889;10.487779140472412;10.871129989624023;11.073336601257324;7.254145622253418;7.390898704528809;7.582065582275391;7.618276596069336;10.016511917114258;10.32323932647705;10.483441352844238;10.601604461669922;13.572413444519043;13.137253761291504;12.97498893737793;12.533308029174805;11.823858737945557;11.986488819122314;12.547901153564453;12.92497730255127,13.572413444519043,28.48443313719011,28.484433137190102;28.4844331371901;28.484433137190106;28.4844331371901;28.484433137190102;28.4844331371901;28.484433137190102;28.4844331371901;28.4844331371901;28.484433137190106;28.484433137190106;28.4844331371901;28.484433137190102;28.484433137190106;28.484433137190102;28.484433137190102;28.484433137190106;28.484433137190106;28.4844331371901;28.4844331371901;28.48443313719011;28.484433137190102;28.484433137190102;28.484433137190106;28.484433137190102;28.484433137190102;28.484433137190102;28.484433137190102;28.484433137190102;28.4844331371901;28.484433137190102;28.484433137190095,16.38816406520997,9.313071036830548;9.444600715739945;9.579898837388878;9.719129709431671;9.862467332352887;10.010096124915025;10.162211715750564;10.31902180824296;10.48074712673694;10.647622453142649;10.819897764171419;10.997839480787977;11.181731843013477;11.371878425000569;11.568603807366816;11.772255426164815;11.983205620645474;12.201853905205006;12.428629494681347;12.663994116584274;12.908445149029664;13.162519129253203;13.426795684786969;13.701901947919366;13.988517524203584;14.287380097874667;14.599291771506865;14.92512625462132;15.265837036903013;15.622466707039099;15.996157609002283;16.38816406520997
124,Ca_JVASP-98684_Ba2CaPd3O6.json,6.231515407562256,5.965423583984375;5.983430862426758;5.873981714248657;5.924767255783081;6.466868877410889;6.505298137664795;6.543892860412598;6.5884599685668945,6.5884599685668945,29.02343531325454,29.023435313254534;29.023435313254538;29.023435313254538;29.023435313254538;29.02343531325454;29.02343531325454;29.023435313254538;29.023435313254538,4.820964207382516,4.589367680553401;4.621081145132879;4.65323595246807;4.685841380082889;4.7189069673682225;4.752442524886901;4.78645814407827;4.820964207382516
125,Ca_JVASP-99794_KCa3.json,-0.05327590306599935,1.8834242820739746;1.2954134941101074;0.134995698928833;0.3442351818084717;-0.04165387153625488;0.13658547401428223;0.08021664619445801;-0.11458134651184082;0.6941428184509277;0.12668848037719727;0.5541970729827881;1.6895954608917236;-0.25490427017211914;-0.14801836013793945;-0.5564901828765869;-0.31551527976989746;-0.6883964538574219;-0.8899273872375488;-0.9397673606872559;-0.9956941604614258;-0.26783275604248047;-0.7820982933044434;-0.1165151596069336;-2.1067214012145996,1.8834242820739746,30.468559719728002,30.468559719727995;30.468559719727995;30.468559719727995;30.468559719728;30.468559719727995;30.468559719727995;30.468559719727995;30.468559719727995;30.468559719727995;30.468559719728;30.468559719727992;30.468559719727995;30.468559719727995;30.468559719727995;30.468559719727992;30.468559719727995;30.468559719727995;30.468559719728;30.468559719728002;30.468559719727995;30.468559719727995;30.468559719727992;30.468559719728;30.468559719728,75.95405306149078,21.026403121896116;21.708980120785256;22.43736083000847;23.216315733720723;24.051301607032702;24.94858953415283;25.915422693066102;26.960212307090334;28.092782986767677;29.32468262283749;30.669577553480103;32.14376169777696;33.76681993743796;35.562503166096775;37.55989822546452;39.795015565392234;42.312979643389355;45.17110705754668;48.443322567540555;52.226644407480755;56.65096597475516;61.894269556610055;68.2071503637966;75.95405306149078
126,Ca_JVASP-98992_Ca5Sn2As6.json,4.061331558227539,2.600785732269287;2.8252100944519043;2.4731760025024414;2.7871837615966797;2.457657814025879;2.6580305099487305;2.4427294731140137;2.594128131866455;4.463807106018066;5.802832126617432;4.316685676574707;5.8260416984558105;4.872500419616699;5.221498489379883;4.273517847061157;4.445172071456909;5.722098112106323;6.213121175765991;4.285166501998901;4.945288419723511,6.213121175765991,33.064534305291296,33.06453430529129;33.06453430529129;33.06453430529129;33.06453430529129;33.06453430529129;33.064534305291296;33.06453430529129;33.06453430529129;33.06453430529128;33.06453430529129;33.06453430529129;33.06453430529129;33.06453430529129;33.06453430529128;33.06453430529129;33.06453430529129;33.06453430529129;33.06453430529129;33.06453430529129;33.06453430529129,9.613583070293616,7.551077783835836;7.637315433987866;7.725545606999209;7.815838165891885;7.908266278417171;8.002906614798489;8.099839559844929;8.19914944066876;8.30092477136277;8.405258516129587;8.512248372507132;8.62199707650387;8.734612731647086;8.850209164159502;8.968906306717203;9.090830613508658;9.216115509614461;9.344901878064944;9.477338588313557;9.613583070293616
127,Ca_JVASP-98615_Ca3La3B5O15.json,8.431678295135498,5.000799655914307;5.105101108551025;5.288088321685791;6.5188889503479;10.451090335845947;11.29181718826294;13.90950870513916;11.634649276733398;8.704433917999268;8.200613498687744;7.504323482513428;7.570825099945068,13.90950870513916,36.103925463710254,36.103925463710254;36.103925463710254;36.10392546371025;36.10392546371025;36.103925463710254;36.10392546371025;36.10392546371025;36.10392546371025;36.10392546371025;36.10392546371025;36.10392546371025;36.10392546371025,9.295974617728374,8.063055699937113;8.161460156385857;8.262296216366995;8.365655135836656;8.471632794939971;8.580329994669576;8.691852776659033;8.806312768243732;8.923827555149538;9.044521084424815;9.16852410051833;9.295974617728374
128,Ca_JVASP-88375_BaCaGaF7.json,12.641955614089966,8.694920539855957;10.777377605438232;11.986377239227295;13.5882568359375;8.980961322784424;11.129518032073975;12.260029077529907;13.885980367660522;16.049142837524414;12.369244575500488;15.070393562316895;12.070636749267578;16.04857587814331;12.279624462127686;15.067516326904297;12.012734413146973,16.049142837524414,19.568865568438408,19.568865568438408;19.568865568438405;19.568865568438408;19.568865568438405;19.568865568438405;19.568865568438405;19.568865568438408;19.568865568438405;19.568865568438408;19.568865568438405;19.568865568438405;19.568865568438408;19.568865568438405;19.568865568438408;19.568865568438408;19.568865568438408,4.890157366151687,4.4067836158714675;4.436015853320017;4.465638502499865;4.4956594372179195;4.5260867444455855;4.5569287315815625;4.588193934013637;4.619891122993902;4.6520293138426965;4.684617774497345;4.717666034422768;4.751183893901923;4.785181433725126;4.8196690252983645;4.854657341191898;4.890157366151687
129,Ca_JVASP-94733_CaMg6Sn.json,0.7994558811187744,0.8796646595001221;0.984513521194458;0.9009373188018799;0.8007614612579346;0.8226163387298584;0.6865932941436768;0.6667399406433105;0.6538205146789551,0.984513521194458,28.182551699461914,28.18255169946191;28.182551699461914;28.182551699461914;28.182551699461914;28.18255169946191;28.18255169946191;28.182551699461914;28.18255169946191,12.428819429952686,10.997988202072396;11.181885579382039;11.372037434470606;11.568768365963418;11.772425829519708;11.983382185769319;12.202036972455476;12.428819429952686
130,Li_JVASP-40526_LiCa2Cd.json,0.5944886207580566,-0.09396421909332275;-0.1299647092819214;0.6515334844589233;2.3649131059646606;0.0818946361541748;0.9282710552215576;0.7116959095001221;0.2415297031402588,2.3649131059646606,49.644688512816224,49.64468851281621;49.644688512816224;49.64468851281622;49.64468851281622;49.64468851281621;49.64468851281622;49.64468851281622;49.644688512816224,17.319469924988294,16.792234748174952;16.86558017290739;16.939569127389333;17.014210118395287;17.089511803297267;17.16548299341222;17.242132657439058;17.319469924988294
131,Na_JVASP-25783_Na2Ca3Si3O10.json,4.6473517417907715,2.3204731941223145;2.640084743499756;2.7196221351623535;3.455901622772217;6.958897590637207;7.919212341308594;5.945413112640381;5.21920919418335,7.919212341308594,46.337966599956,46.337966599956;46.337966599956;46.337966599956;46.33796659995599;46.337966599956;46.337966599956;46.33796659995599;46.33796659995599,18.097764061876898,16.323891281156275;16.555709359406666;16.79420645542265;17.039675436573162;17.292426546744185;17.552788714480076;17.821110981107054;18.097764061876898
132,Li_JVASP-24348_LiCaNiF6.json,5.85541033744812,5.872446298599243;5.967134714126587;5.90775203704834;5.731075763702393;5.792924642562866;5.857372045516968;6.164185285568237;5.550391912460327,6.164185285568237,51.2178868824471,51.21788688244709;51.21788688244709;51.2178868824471;51.21788688244709;51.21788688244709;51.21788688244709;51.21788688244709;51.21788688244709,15.682225746945461,15.24871270354135;15.309169909283673;15.370108417664957;15.431533999163916;15.493452516874678;15.55586992837236;15.618792287623894;15.682225746945461
133,Li_JVASP-100290_LiCa2Ge.json,-0.14813727140426636,-0.12863647937774658;-0.12766671180725098;-0.5513055920600891;0.43677204847335815;-0.14210432767868042;0.11872023344039917;-0.24051791429519653;-0.5503594279289246,0.43677204847335815,57.70189507925681,57.7018950792568;57.70189507925681;57.7018950792568;57.70189507925681;57.70189507925681;57.7018950792568;57.70189507925681;57.7018950792568,21.802070399802737,20.973131898926912;21.087671366107465;21.203468759927585;21.32054491752755;21.438921138816628;21.558619199391813;21.679661363891697;21.802070399802737
134,Ca_JVASP-96941_CaAlB3O7.json,11.02294635772705,6.35780143737793;6.61130428314209;6.655441761016846;6.9529194831848145;8.488193988800049;9.583248615264893;9.862845420837402;10.861394882202148;23.660166263580322;20.389551639556885;18.982134342193604;13.974823474884033;9.293356895446777;8.407217979431152;8.495078563690186;7.791662693023682,23.660166263580322,26.850733151419874,26.85073315141987;26.85073315141987;26.850733151419874;26.850733151419867;26.85073315141987;26.85073315141987;26.85073315141987;26.85073315141987;26.850733151419867;26.850733151419874;26.850733151419867;26.85073315141987;26.85073315141987;26.85073315141987;26.85073315141987;26.85073315141987,9.63166217834231,7.920496213446751;8.015431250941543;8.112669678862016;8.212296356747041;8.314400364391858;8.419075267504594;8.526419403685681;8.636536190567423;8.7495344581433;8.865528807531804;8.984639998660908;9.10699536963013;9.232729290811617;9.361983657094589;9.494908422064155;9.63166217834231
135,Ca_JVASP-87239_Na2CaPO4F.json,9.88037395477295,6.072711944580078;6.335631370544434;12.092560291290283;11.144474506378174;12.532370567321777;11.137482643127441;10.303072929382324;9.976758003234863;9.567161560058594;9.783092498779297;9.71290111541748;8.803709030151367;10.226457595825195;10.256836891174316;9.895213842391968;10.245548486709595,12.532370567321777,23.979965789920634,23.97996578992063;23.97996578992063;23.979965789920634;23.97996578992063;23.97996578992063;23.979965789920634;23.97996578992063;23.979965789920634;23.979965789920634;23.97996578992063;23.97996578992063;23.97996578992063;23.97996578992063;23.97996578992063;23.979965789920623;23.97996578992063,10.311169573200853,8.37431967327461;8.48051836738383;8.589445169284152;8.701206569141005;8.815914672563995;8.933687575693973;9.05464977076224;9.178932585049594;9.306674656499048;9.438022449603281;9.573130815602669;9.71216360149866;9.85529431291824;10.002706836468015;10.15459622790118;10.311169573200853
136,Ca_JVASP-101895_CaH10C7O4.json,6.098771572113037,4.970638275146484;4.739952087402344;6.14481258392334;5.875554084777832;6.573686122894287;6.62276029586792;6.940237522125244;6.922531604766846,6.940237522125244,30.884686045159942,30.88468604515994;30.884686045159942;30.884686045159935;30.88468604515994;30.88468604515993;30.884686045159942;30.88468604515993;30.88468604515994,20.532920389925504,16.90050375921538;17.3386945933894;17.80021279450492;18.28697207209084;18.801101347705682;19.344975882992397;19.921253971477245;20.532920389925504
137,Ca_JVASP-64351_BaCaBi.json,-0.3327432870864868,-0.777334451675415;-0.6379168033599854;-0.5441006422042847;-0.8887139558792114;-0.18651145696640015;-0.47741204500198364;0.1782805323600769;0.6717625260353088,0.6717625260353088,41.824366616617716,41.82436661661771;41.8243666166177;41.82436661661771;41.82436661661771;41.8243666166177;41.8243666166177;41.8243666166177;41.824366616617716,9.536070670443754,8.670579090563175;8.784475805256283;8.901404644094718;9.02148832095251;9.144856262102994;9.271645071538934;9.401999035545417;9.536070670443754
138,Ca_JVASP-62553_NaCaBe2B2O6F.json,9.137729167938232,5.119051933288574;6.689421653747559;13.078324794769287;11.373873233795166;5.16609001159668;6.580269813537598;13.60630178451538;11.488500118255615,13.60630178451538,41.70405437476625,41.70405437476625;41.70405437476625;41.704054374766244;41.704054374766244;41.70405437476625;41.704054374766244;41.70405437476625;41.704054374766244,18.343038644380858,15.388367718413141;15.750813275695839;16.130744186700625;16.529457037962597;16.948379858855553;17.38908921115713;17.853330016079955;18.343038644380858
139,Ca_JVASP-99636_Ca3Dy.json,0.8172388871510824,1.9035718441009521;0.9870920181274414;1.8924349546432495;0.9044884443283081;0.8029742240905762;0.44249415397644043;0.370638370513916;0.38384032249450684;0.9098831415176392;1.1033467054367065;1.530750036239624;0.6223218441009521;1.484604001045227;0.2716892957687378;2.7073638439178467;0.4924337863922119;1.3195111751556396;1.0216100215911865;1.662041425704956;0.1849205493927002;2.0349643230438232;0.24380850791931152;1.2871119976043701;-0.003939390182495117;-0.05410003662109375;-0.4715230464935303;-0.07837605476379395;-0.30287742614746094;-0.00038123130798339844;-0.14697003364562988;0.6244876384735107;0.8913528919219971;-0.05403709411621094;0.3010830879211426;0.4177844524383545;0.8851959705352783;0.5071673393249512;1.1611084938049316;1.854021668434143;1.8618210554122925;-0.05917978286743164;1.664207935333252;-0.5031988620758057;0.634497880935669;0.45029783248901367;1.9154832363128662;0.6003401279449463;2.569304943084717,2.7073638439178467,18.70498440663664,18.704984406636637;18.70498440663664;18.704984406636637;18.704984406636633;18.704984406636633;18.704984406636633;18.704984406636637;18.704984406636637;18.704984406636637;18.704984406636637;18.704984406636637;18.704984406636637;18.704984406636637;18.704984406636637;18.704984406636637;18.704984406636633;18.704984406636633;18.704984406636637;18.704984406636633;18.704984406636637;18.704984406636637;18.704984406636637;18.704984406636633;18.704984406636637;18.704984406636637;18.704984406636637;18.704984406636637;18.704984406636637;18.704984406636637;18.704984406636637;18.704984406636637;18.704984406636637;18.704984406636637;18.704984406636633;18.704984406636637;18.704984406636637;18.704984406636637;18.704984406636637;18.704984406636633;18.704984406636633;18.704984406636637;18.704984406636637;18.704984406636633;18.704984406636633;18.704984406636637;18.704984406636637;18.704984406636633;18.704984406636633,10.151776334301907,5.924623798586106;5.977582041372196;6.031495575447389;6.086390484207168;6.142293809348033;6.199233595285306;6.257238936064618;6.316340024931928;6.3765682067395435;6.437956033379223;6.500537322448391;6.564347219371569;6.6294222632168305;6.695800456466239;6.763521339020209;6.832626066738603;6.9031574948463845;6.975160266559002;7.04868090731263;7.123767925017213;7.200471916786249;7.278845682636815;7.358944346696705;7.440825486503453;7.52454927103251;7.610178608150026;7.697779302249554;7.787420222902906;7.879173485433481;7.973114644407172;8.069322901131903;8.167881326363522;8.268877099534226;8.372401765951546;8.478551513562753;8.58742747104342;8.69913602915189;8.81378918749613;8.931504929088806;9.052407625323692;9.1766284742956;9.30430597571124;9.435586446005063;9.57062457768779;9.709584047423302;9.852638177859372;9.99997065883893;10.151776334301907
140,Ca_JVASP-50828_CaCl2O6.json,8.906325817108154,8.086946964263916;8.389838695526123;8.252968311309814;8.439586162567139;9.187845468521118;9.488587141036987;9.42562484741211;9.979208946228027,9.979208946228027,45.2734719851556,45.273471985155595;45.2734719851556;45.273471985155595;45.2734719851556;45.2734719851556;45.273471985155595;45.2734719851556;45.273471985155595,19.487774250620962,16.186002008590613;16.58748521202902;17.009392067861633;17.453321692206007;17.9210446168633;18.41452639020692;18.935955187791272;19.487774250620962
141,Li_JVASP-17917_LiCaPb.json,0.735524594783783,0.5141526460647583;0.5335453748703003;0.8277971148490906;1.0701389908790588;0.673831582069397;0.520616888999939;0.8846194744110107;0.9644014835357666;1.0871801972389221;0.7539469599723816;0.5187349319458008;0.4773294925689697,1.0871801972389221,48.625540652829166,48.62554065282916;48.62554065282915;48.62554065282916;48.62554065282915;48.625540652829166;48.62554065282915;48.62554065282916;48.62554065282915;48.62554065282916;48.625540652829145;48.62554065282915;48.62554065282915,9.011091220189348,8.785561976455703;8.805597080485317;8.825723771797547;8.845942679846098;8.866254439866006;8.886659692940142;8.907159086066688;8.927753272227498;8.948442910457452;8.969228665914736;8.990111209952143;9.011091220189348
142,Li_JVASP-74219_LiCa2Be.json,-0.1081998348236084,-0.23294717073440552;-0.29509156942367554;-0.03214287757873535;-0.22122669219970703;-0.24193143844604492;0.14001846313476562;-0.0744466781616211;0.09216928482055664,0.14001846313476562,56.93000485774217,56.93000485774216;56.93000485774216;56.930004857742155;56.93000485774217;56.93000485774217;56.93000485774217;56.93000485774216;56.93000485774216,37.20947567159462,34.858117616055544;35.1756657037735;35.49905253644501;35.82844064346257;36.16399864301706;36.505901529922326;36.854330979922615;37.20947567159462
143,Ca_JVASP-66991_CaBeNb.json,0.10851120948791504,-1.1287212371826172;1.0299739837646484;2.018678903579712;0.5820538997650146;0.17866992950439453;-0.1243743896484375;-0.34595489501953125;-1.3422365188598633,2.018678903579712,97.97597494805203,97.97597494805203;97.97597494805203;97.97597494805201;97.97597494805201;97.97597494805201;97.975974948052;97.97597494805203;97.97597494805201,31.331133050514147,23.59342453755246;24.456260578856956;25.38460183436186;26.38620222296971;27.470089719724708;28.646839242609246;29.928918817076614;31.331133050514147
144,K_JVASP-21706_KCaP3O9.json,4.237301826477051,4.160991668701172;4.101784706115723;4.15976619720459;4.276819229125977;4.105785846710205;4.252575397491455;4.34593391418457;4.494757652282715,4.494757652282715,26.401427251075006,26.401427251075006;26.401427251075;26.401427251075006;26.401427251075003;26.401427251075;26.401427251075003;26.401427251075003;26.401427251075003,11.88509728599838,10.598759850833165;10.765207059036342;10.93696558680359;11.114293781855988;11.297467023096399;11.486779147570576;11.682544023343238;11.88509728599838
145,Ca_JVASP-94774_CaMg6Zn.json,0.6651778221130371,1.1159441471099854;0.7493588924407959;0.9432153701782227;0.6310434341430664;0.4649026393890381;0.31122469902038574;0.5885577201843262;0.5171756744384766,1.1159441471099854,29.23581674670166,29.23581674670165;29.23581674670165;29.235816746701648;29.23581674670165;29.23581674670166;29.23581674670165;29.235816746701648;29.235816746701655,15.492275308592022,13.33051552477106;13.601650662491211;13.884044261291097;14.17841242357629;14.485533298190443;14.80625394919035;15.141498157760669;15.492275308592022
146,Ca_JVASP-62770_Ca3Ni7B2.json,3.2945942878723145,1.6425855159759521;1.5684969425201416;1.117070198059082;1.1816949844360352;1.7070143222808838;1.8718898296356201;3.282893657684326;2.8244433403015137;2.1248152256011963;2.229177713394165;2.4395220279693604;2.285921335220337;3.143176555633545;4.030492782592773;3.6437132358551025;3.5258591175079346;4.07653546333313;4.51595664024353;3.8056559562683105;4.456837177276611;5.145323991775513;5.88158655166626;6.260597109794617;6.309003233909607,6.309003233909607,34.33820057674189,34.33820057674188;34.33820057674188;34.33820057674188;34.338200576741876;34.33820057674189;34.33820057674188;34.33820057674188;34.338200576741876;34.33820057674188;34.33820057674189;34.33820057674189;34.33820057674188;34.33820057674188;34.33820057674188;34.33820057674188;34.33820057674188;34.33820057674188;34.33820057674188;34.33820057674188;34.33820057674188;34.33820057674188;34.33820057674188;34.33820057674188;34.33820057674188,7.657819029997422,6.061381886369463;6.116824656376951;6.1732910467330795;6.230809669680053;6.28941021384857;6.349123495355379;6.409981511839517;6.472017499636358;6.535265994304077;6.599762894734161;6.665545531096013;6.732652736885871;6.8011249253722115;6.871004170753862;6.942334294373287;7.015160956356255;7.089531753080578;7.165496320911128;7.243106446676255;7.322416185402267;7.4034819858685035;7.486362824595809;7.571120348936788;7.657819029997422
147,Ca_JVASP-65062_Ca4BeW.json,1.1224341094493866,4.405915141105652;2.6401230096817017;0.21555495262145996;-0.05286860466003418;-0.5764340162277222;-0.7001439332962036;-0.5954641103744507;0.4227198362350464;-0.5670976638793945;-0.5232870578765869;1.7204036712646484;1.3264458179473877;2.2951303720474243;2.134416937828064;1.4128464460372925;1.7042428255081177;1.5165337920188904;0.6996763348579407;-0.4675832986831665;-0.3800708055496216;-0.5421326756477356;0.14860635995864868;2.771690011024475;5.480869889259338;-0.8504877686500549;-0.9812589287757874;-0.9685420989990234;-0.8104549646377563;1.7518977522850037;1.4253495335578918;5.714130282402039;6.147164463996887,6.147164463996887,34.33995640654121,34.339956406541205;34.339956406541205;34.3399564065412;34.339956406541205;34.339956406541205;34.339956406541205;34.339956406541205;34.339956406541205;34.3399564065412;34.3399564065412;34.339956406541205;34.339956406541205;34.339956406541205;34.339956406541205;34.339956406541205;34.339956406541205;34.339956406541205;34.339956406541205;34.339956406541205;34.339956406541205;34.339956406541205;34.339956406541205;34.339956406541205;34.3399564065412;34.339956406541205;34.339956406541205;34.33995640654121;34.339956406541205;34.3399564065412;34.339956406541205;34.339956406541205;34.339956406541205,16.93193398181763,9.48619747100766;9.622698613639617;9.763185460466756;9.907835166048116;10.056835541597959;10.210385868528393;10.368697787675826;10.531996272554936;10.700520696051953;10.874526001193393;11.054283988032997;11.240084730318866;11.432238137471284;11.631075679562677;11.83695229549627;12.050248507491556;12.271372768376914;12.500764072152814;12.738894862931357;12.986274282811936;13.243451805678404;13.511021311497798;13.789625664704054;14.07996187096031;14.382786899376091;14.69892427256758;15.029271545357744;15.374808815131129;15.736608433781388;16.115846123952466;16.5138137423186;16.93193398181763
148,Li_JVASP-65781_BaLiCa2.json,0.12699437141418457,-0.05078387260437012;0.6348636150360107;0.312009334564209;-0.38811159133911133,0.6348636150360107,68.9381054769422,68.9381054769422;68.9381054769422;68.93810547694218;68.93810547694218,30.56483819334283,29.855854722657902;30.08849948763814;30.32479838643777;30.56483819334283
149,Ca_JVASP-75006_KCa2Be.json,0.3733406066894531,0.5172399282455444;-0.09726226329803467;-0.13805079460144043;-0.2840688228607178;-0.13991868495941162;-0.22799408435821533;-0.13477063179016113;-0.13832306861877441;5.15792715549469;1.1927851438522339;0.03608405590057373;0.44352972507476807;-0.20969486236572266;-0.19049358367919922;0.11662054061889648;0.0698399543762207,5.15792715549469,41.716543109776616,41.71654310977661;41.7165431097766;41.7165431097766;41.71654310977661;41.7165431097766;41.71654310977661;41.71654310977661;41.716543109776595;41.7165431097766;41.7165431097766;41.716543109776616;41.71654310977661;41.71654310977661;41.71654310977661;41.7165431097766;41.7165431097766,63.06796947232626,26.11894485528097;27.180545157881426;28.33209874344944;29.585544533081563;30.955032014316735;32.45745769863349;34.11316577240014;35.94687472331974;37.988919801781925;40.27694447348499;42.85824229025893;45.79306095147211;49.159363678492646;53.0598573040964;57.63265452480079;63.06796947232626
150,Ca_JVASP-65509_BaCa2Ir.json,1.7006475925445557,1.8086400032043457;1.3460140228271484;0.8529608249664307;0.11774325370788574;0.16377520561218262;0.3075292110443115;-0.10290789604187012;0.10937952995300293;0.9910651445388794;0.7241247892379761;6.6463634967803955;0.16017603874206543;3.556889772415161;-1.6507527828216553;6.885178446769714;5.2941824197769165,6.885178446769714,49.05253501002,49.052535010019994;49.052535010019994;49.05253501002;49.052535010019994;49.052535010019994;49.052535010019994;49.05253501002;49.05253501001999;49.052535010019994;49.05253501002;49.052535010019994;49.05253501001999;49.052535010019994;49.052535010019994;49.052535010019994;49.05253501002,10.013892147790568,8.177166634461528;8.278393586548944;8.382158174188854;8.488557031750867;8.59769176319644;8.709669265702084;8.824602078905727;8.942608762174824;9.063814302554741;9.188350556348254;9.316356727605866;9.447979887177299;9.583375536393042;9.722708219918083;9.86615219285609;10.013892147790568
151,Ca_JVASP-87093_Ca2Pt3O8.json,8.894661784172058,8.044231414794922;7.697378158569336;7.54305362701416;7.386185646057129;8.153190612792969;8.00574779510498;7.958468914031982;8.060903072357178;10.454119205474854;10.376494407653809;10.351053237915039;10.062416553497314;9.367412090301514;9.445916652679443;9.82661509513855;9.581402063369751,10.454119205474854,31.754372977449567,31.754372977449563;31.75437297744956;31.754372977449563;31.75437297744956;31.754372977449567;31.754372977449567;31.754372977449563;31.754372977449563;31.754372977449563;31.754372977449563;31.754372977449563;31.754372977449563;31.754372977449563;31.754372977449567;31.754372977449563;31.754372977449563,4.664326840330454,4.222550615045275;4.249382297809411;4.276557158565961;4.304081823574503;4.331963090790715;4.360207935463755;4.38882351595405;4.41781717978169;4.4471964699161655;4.476969131318736;4.5071431177493855;4.537726598850893;4.568727967523307;4.600155847602774;4.632019101859506;4.664326840330454
152,Ca_JVASP-67611_CaBeFe2.json,2.117292881011963,-0.05787205696105957;0.10553669929504395;2.278028964996338;5.970774173736572;0.4875965118408203;1.5382981300354004;2.385847330093384;4.230133295059204,5.970774173736572,95.84370064022924,95.84370064022923;95.84370064022924;95.84370064022923;95.84370064022924;95.84370064022923;95.84370064022924;95.84370064022922;95.84370064022924,26.64969917206339,20.837052977952773;21.507195731080007;22.221875927431057;22.985686089052855;23.803872630108284;24.682456530325926;25.628381756431875;26.64969917206339
153,Ca_JVASP-105730_CaScO3.json,7.886288642883301,4.9051833152771;6.874063968658447;9.76579999923706;7.942324161529541;8.260383605957031;3.558438301086426;9.326018810272217;12.458096981048584,12.458096981048584,82.55127960623349,82.55127960623349;82.55127960623348;82.55127960623348;82.55127960623348;82.55127960623348;82.55127960623348;82.55127960623349;82.55127960623348,34.19817371163755,25.183281839041157;26.168749879328807;27.234485274882942;28.390711151894678;29.649463678271722;31.025012632398763;32.53440473797198;34.19817371163755
154,Ca_JVASP-91586_CaFeAsF.json,8.248205423355103,4.109425783157349;4.489708662033081;3.9894015789031982;4.451603174209595;4.8585851192474365;5.321100950241089;5.3078835010528564;6.814652681350708;9.19806432723999;15.956393241882324;11.750398397445679;11.156052350997925;8.344542503356934;9.984635353088379;10.381038665771484;9.352128028869629;10.984219551086426;12.017863750457764,15.956393241882324,39.628616666436024,39.62861666643602;39.62861666643602;39.62861666643602;39.62861666643602;39.62861666643602;39.62861666643602;39.62861666643602;39.62861666643602;39.62861666643602;39.62861666643602;39.62861666643602;39.62861666643602;39.628616666436024;39.62861666643602;39.62861666643602;39.62861666643602;39.628616666436024;39.62861666643602,9.796407109180794,7.843171260621919;7.936250821410781;8.031566176296591;8.129198861025452;8.229234424764453;8.331762680118274;8.436877972071365;8.544679467548454;8.655271467461358;8.768763743306112;8.885271900593704;9.00491777164382;9.127829840547022;9.254143703411563;9.384002567360659;9.517557792140842;9.6549694786478;9.796407109180794
155,Ca_JVASP-66241_BaCaIn.json,-0.24122929573059082,-0.3616194725036621;-0.5410981178283691;-0.2767587900161743;-0.5666717290878296;-0.15090346336364746;-0.4728353023529053;0.6699042320251465;-0.22985172271728516,0.6699042320251465,44.46181615492144,44.46181615492144;44.461816154921436;44.46181615492144;44.461816154921436;44.46181615492144;44.46181615492144;44.461816154921436;44.46181615492144,13.02789534371381,11.464481475239419;11.664452006092645;11.871522394792724;12.086077590634307;12.308530884030247;12.539326563614903;12.778942877997933;13.02789534371381
156,Ca_JVASP-64334_BaCaBr.json,-1.5170334577560425,-1.1344609260559082;-1.1433629989624023;-0.9353852272033691;-1.0332374572753906;-1.72296941280365;-1.5005282163619995;-1.3413434028625488;-3.3249800205230713,-0.9353852272033691,37.93593462950588,37.93593462950587;37.93593462950587;37.93593462950588;37.93593462950588;37.93593462950588;37.93593462950587;37.93593462950587;37.93593462950587,15.074576422815747,13.02008546198885;13.278617237819331;13.547624020182372;13.827755601278641;14.119716652500902;14.424272643032499;14.74225654130085;15.074576422815747
157,Ca_JVASP-74516_Ca2BeCu.json,3.016847848892212,0.6561694145202637;0.7020196914672852;0.7381778955459595;3.1810039281845093;3.817237615585327;1.6307964324951172;2.3654754161834717;2.3054304122924805;1.2266334295272827;1.5776718854904175;2.851188898086548;1.1628665924072266;1.5736441612243652;2.204585075378418;0.9968123435974121;4.2635579109191895;3.2036166191101074;2.740098476409912;4.184980392456055;3.6322622299194336;5.262438774108887;2.1125192642211914;7.221863746643066;12.79329776763916,12.79329776763916,42.48208772132048,42.482087721320475;42.48208772132048;42.48208772132047;42.482087721320475;42.482087721320475;42.482087721320475;42.482087721320475;42.482087721320475;42.482087721320475;42.48208772132048;42.482087721320475;42.48208772132048;42.482087721320475;42.482087721320475;42.482087721320475;42.482087721320475;42.482087721320475;42.48208772132047;42.482087721320475;42.48208772132048;42.482087721320475;42.482087721320475;42.48208772132048;42.482087721320475,29.42707751030862,14.625077716047304;14.952077113833099;15.294033571410026;15.651997318951189;16.027119267553907;16.420663370283332;16.834020850203867;17.26872663287772;17.726478392375842;18.209158708950742;18.71886094807248;19.257919610992722;19.828946084949795;20.43487094801507;21.07899427483304;21.76504576607332;22.497257014993274;23.280448868796288;24.120137695903015;25.022665511088405;25.995360450397946;27.046736188266856;28.1867417865946;29.42707751030862
158,Ca_JVASP-15983_CaGe2Au2.json,2.867762327194214,1.7699130773544312;2.076477885246277;2.4720025658607483;2.54096382856369;3.3848546743392944;3.1484570503234863;3.9439878463745117;3.605441689491272,3.9439878463745117,52.614603901351884,52.61460390135188;52.614603901351884;52.61460390135188;52.61460390135187;52.61460390135187;52.61460390135186;52.61460390135186;52.614603901351884,6.155906419979324,5.783249475739241;5.833699716103091;5.885037908983073;5.93728770520629;5.990473603051095;6.044620986547295;6.099756165872446;6.155906419979324
159,Na_JVASP-87239_Na2CaPO4F.json,4.55548095703125,2.2225608825683594;2.2177371978759766;2.1903443336486816;2.1945910453796387;2.6255760192871094;3.078329086303711;3.5013504028320312;4.308664321899414;4.052556037902832;3.8668737411499023;5.521252632141113;5.95920467376709;8.324394226074219;7.223407745361328;6.922019958496094;5.8765411376953125;4.992032051086426;4.570473670959473;3.7910194396972656;3.7212352752685547;4.146057605743408;4.442140102386475;3.7005581855773926;3.774545192718506;4.951846122741699;4.404955863952637;4.844989776611328;5.295270919799805;5.6143646240234375;5.421684265136719;5.965578079223633;6.05323600769043,8.324394226074219,23.979965789920634,23.97996578992063;23.97996578992063;23.97996578992063;23.979965789920634;23.979965789920627;23.97996578992063;23.97996578992063;23.979965789920634;23.97996578992063;23.97996578992063;23.979965789920627;23.979965789920627;23.97996578992063;23.97996578992063;23.979965789920634;23.979965789920627;23.979965789920634;23.97996578992063;23.97996578992063;23.97996578992063;23.979965789920627;23.97996578992063;23.979965789920627;23.979965789920627;23.97996578992063;23.979965789920634;23.97996578992063;23.97996578992063;23.97996578992063;23.979965789920627;23.97996578992063;23.979965789920634,10.773364740508717,8.37431967327461;8.434910352413889;8.496384204531541;8.55876068115564;8.62205980925495;8.68630221267676;8.751509134550343;8.817702460707094;8.884904744171642;8.953139230781465;9.022429885996193;9.09280142296149;9.164279331896628;9.236889910879077;9.310660298104318;9.385618505703897;9.461793455210369;9.539215014763359;9.61791403815735;9.697922405838446;9.779273067964494;9.862000089650836;9.946138698532128;10.031725334779816;10.118797703724399;10.207394831242192;10.297557122077459;10.389326421283089;10.48274607897605;10.577861018618211;10.674717809048442;10.773364740508717
160,K_JVASP-137235_KCaPO5.json,4.642552852630615,4.247281551361084;4.485755443572998;4.175923824310303;4.152965068817139;4.1827778816223145;4.201786518096924;3.8804287910461426;3.836212635040283;4.8178277015686035;4.655137538909912;5.21229362487793;5.141254425048828;5.0778117179870605;4.96942663192749;5.541011333465576;5.702950954437256,5.702950954437256,23.34590984532169,23.345909845321685;23.345909845321685;23.345909845321685;23.345909845321685;23.345909845321682;23.345909845321682;23.345909845321682;23.34590984532169;23.345909845321685;23.345909845321682;23.345909845321685;23.345909845321685;23.345909845321685;23.345909845321682;23.345909845321682;23.345909845321685,10.913195196104642,8.80945815018401;8.924145338889927;9.041858058989726;9.162717634365228;9.286851963567173;9.414395971291992;9.545492097579682;9.680290828461558;9.818951272213955;9.96164178585722;10.1085406570865;10.259836847441942;10.4157308032319;10.576435341526615;10.74217661945735;10.913195196104642
161,Ca_JVASP-86381_CaSi2.json,2.6835834980010986,1.1846084594726562;1.5450520515441895;1.6747641563415527;2.0015482902526855;1.9232025146484375;2.1383047103881836;2.2686710357666016;2.087240695953369;1.919851541519165;2.670304536819458;2.9431445598602295;3.09045147895813;3.1539151668548584;3.581695795059204;2.957843065261841;3.5440690517425537;4.2895684242248535;5.330267429351807,5.330267429351807,37.32547024531558,37.32547024531558;37.32547024531557;37.32547024531558;37.32547024531558;37.32547024531558;37.32547024531558;37.32547024531558;37.32547024531558;37.32547024531557;37.32547024531558;37.32547024531557;37.32547024531558;37.32547024531558;37.32547024531557;37.32547024531557;37.32547024531557;37.32547024531558;37.32547024531557,25.49714919679963,15.469991238645544;15.83633775452617;16.220456109212776;16.62367164425765;17.04744484445773;17.493389013917643;17.963290800965076;18.459134122379435;18.98312816240097;19.53774027986347;20.1257348574314;20.75021938359082;21.414699388684962;22.12314428537205;22.880066725096775;23.69061882231525;24.56070958301438;25.49714919679963
162,Na_JVASP-104498_NaCaSb.json,0.3512025475502014,-0.04928433895111084;0.0354839563369751;0.3433040380477905;0.48426997661590576;-0.15959513187408447;0.6739083528518677;0.8767716884613037;0.6047618389129639,0.8767716884613037,63.80221208171267,63.80221208171266;63.80221208171267;63.80221208171266;63.80221208171267;63.80221208171267;63.80221208171265;63.80221208171265;63.80221208171265,20.33968892161923,18.125983899441067;18.412259604850437;18.707723103985607;19.012823922966053;19.328041399051216;19.65388719352695;19.990908063134732;20.33968892161923
163,K_JVASP-36935_KCaCl3.json,5.306058168411255,2.281714916229248;2.3207345008850098;2.406345844268799;2.4079232215881348;2.5079190731048584;2.5029308795928955;2.491063117980957;2.7222986221313477;6.542112112045288;9.007232427597046;10.030654311180115;11.523329377174377;10.060443639755249;8.749451398849487;5.584606409072876;3.7581708431243896,11.523329377174377,18.25480830789121,18.254808307891206;18.254808307891206;18.254808307891203;18.254808307891206;18.254808307891206;18.254808307891206;18.254808307891203;18.254808307891203;18.254808307891206;18.254808307891203;18.254808307891206;18.254808307891206;18.25480830789121;18.254808307891206;18.254808307891203;18.254808307891203,11.251244909192193,9.028430627861352;9.148929117677607;9.272687597763879;9.399840176866844;9.530528421918175;9.664901883809241;9.803118668280106;9.945346056504592;10.091761180492735;10.242551759044257;10.397916900682302;10.558067980788966;10.723229601067938;10.89364064049242;11.069555408079777;11.251244909192193
164,Na_JVASP-156450_NaCaAu.json,0.7657691836357117,-0.03476309776306152;0.5884208679199219;0.9446123838424683;0.986117959022522;0.6256493330001831;0.6040867567062378;1.5188285112380981;0.8932007551193237,1.5188285112380981,64.66015881258848,64.66015881258846;64.66015881258846;64.66015881258846;64.66015881258846;64.66015881258846;64.66015881258848;64.66015881258846;64.66015881258848,13.96385897842416,12.883626033002894;13.027598112255179;13.174824276693684;13.325416111562062;13.479490362892264;13.637169239351003;13.798580735522401;13.96385897842416
165,Ca_JVASP-101224_CaZnAg.json,2.470264434814453,1.0707272291183472;1.122895359992981;1.3408515453338623;1.3630850315093994;1.5672729015350342;1.5819909572601318;2.5237178802490234;2.1992974281311035;3.185757637023926;2.4366092681884766;2.7292816638946533;2.3544538021087646;3.158233642578125;3.241237163543701;4.39620304107666;5.2526164054870605,5.2526164054870605,42.060448451248895,42.06044845124888;42.060448451248895;42.060448451248895;42.06044845124889;42.06044845124889;42.06044845124889;42.06044845124889;42.06044845124888;42.06044845124889;42.06044845124889;42.06044845124888;42.06044845124888;42.06044845124889;42.06044845124888;42.06044845124889;42.06044845124889,9.529370870547774,7.85119174535912;7.944462903101735;8.039976803282453;8.137815321733552;8.238064368772648;8.340814140804552;8.446159390989653;8.55419972068606;8.66503989354976;8.77879017437484;8.895566694977491;9.015491849675893;9.138694723197112;9.26531155415597;9.395486237604292;9.529370870547774
166,Ca_JVASP-49806_CaTm2O4.json,7.66404390335083,3.042224407196045;3.027306079864502;6.3715291023254395;6.958909511566162;10.281189441680908;11.623864650726318;6.253311634063721;6.562793254852295;11.703704357147217;9.640692234039307;7.719849109649658;8.783153057098389,11.703704357147217,38.88809123360143,38.88809123360142;38.88809123360142;38.88809123360142;38.88809123360143;38.88809123360143;38.88809123360143;38.88809123360142;38.88809123360142;38.888091233601415;38.88809123360142;38.88809123360143;38.88809123360142,5.511906508061447,5.05370969855547;5.092192113045172;5.1312650874999886;5.170942321340294;5.211237941008545;5.252166516738229;5.293743080119294;5.3359831425045225;5.378902714304212;5.4225183252195714;5.4668470454685645;5.511906508061447
167,K_JVASP-70869_KCaBe2.json,1.1528711318969727,-0.29735445976257324;-0.38567280769348145;-0.46251487731933594;3.7575082778930664;0.3412761688232422;-0.8160538673400879;2.5047597885131836;0.27255678176879883;-0.3410543203353882;0.16064023971557617;7.8142746686935425;1.286087989807129,7.8142746686935425,37.17031128446537,37.17031128446537;37.17031128446536;37.17031128446537;37.17031128446537;37.17031128446537;37.17031128446537;37.17031128446537;37.17031128446537;37.17031128446537;37.17031128446537;37.17031128446536;37.17031128446537,36.398900821980156,22.97779344483277;23.77472856119523;24.628929773421657;25.546799652591034;26.535732159820366;27.60431226006469;28.76256578967143;30.022274984375176;31.397380719779456;32.90450060060299;34.563603787789184;36.398900821980156
168,Ca_JVASP-18554_Ca3SiBr2.json,4.425426959991455,1.46694815158844;2.2380751371383667;2.089812755584717;2.6552438735961914;2.9785172939300537;3.2874505519866943;5.466456651687622;4.334116220474243;5.260979890823364;5.5238871574401855;6.736643314361572;11.06699252128601,11.06699252128601,66.33770770863924,66.33770770863924;66.33770770863923;66.33770770863924;66.33770770863923;66.33770770863923;66.33770770863923;66.33770770863924;66.33770770863924;66.33770770863924;66.33770770863924;66.33770770863924;66.33770770863924,33.855129982758974,21.74544738875231;22.47631844927938;23.258027794506816;24.09607090426397;24.99676492691752;25.967408209424402;27.01647849699016;28.153881198355307;29.391263119634594;30.742412734353334;32.22377617870115;33.855129982758974
169,Ca_JVASP-106119_CaMgS2.json,6.79369044303894,3.3289265632629395;4.001226902008057;10.502010583877563;7.275213956832886;8.353105306625366;6.7593958377838135;6.9659929275512695;7.163651466369629,10.502010583877563,68.82169761907515,68.82169761907515;68.82169761907514;68.82169761907514;68.82169761907514;68.82169761907514;68.82169761907512;68.82169761907514;68.82169761907512,35.852042732618884,26.068842608443415;27.12629157644749;28.27315565949937;29.521276571657957;30.884683612099572;32.38012328063934;34.02775058670644;35.852042732618884
170,Ca_JVASP-105729_CaCd3.json,1.500788688659668,1.0807290077209473;1.5680599212646484;1.4114315509796143;1.6344044208526611;1.623976469039917;1.5294849872589111;1.3892707824707031;1.1237306594848633;1.7855148315429688;1.710402488708496;1.395810604095459;1.3139777183532715;1.4524471759796143;1.5309956073760986;1.5865271091461182;1.8758556842803955,1.8758556842803955,28.431360610758173,28.431360610758166;28.431360610758173;28.43136061075817;28.431360610758166;28.43136061075817;28.43136061075817;28.43136061075817;28.431360610758166;28.431360610758173;28.431360610758166;28.431360610758166;28.43136061075817;28.431360610758173;28.431360610758166;28.431360610758166;28.43136061075817,4.930544129262727,4.439554068313524;4.4692241490702544;4.49929347556433;4.529770160860674;4.560662539343939;4.591979174317162;4.623728865915671;4.655920659351561;4.688563853505017;4.721668009879563;4.75524296193942;4.789298824848066;4.823846005628309;4.85889521376527;4.894457472274999;4.930544129262727
171,Ca_JVASP-92266_Ca3BiP.json,2.8016779820124307,0.9848549365997314;1.2200243473052979;0.9165801405906677;1.0070238709449768;4.150292217731476;2.6190378069877625;1.7604855298995972;2.112322449684143;3.471451163291931;2.2073429822921753;2.0165045261383057;2.9735708236694336;0.5647255182266235;2.0941966772079468;2.3878679275512695;4.2710137367248535;6.132361888885498;4.455082416534424;1.0542794466018677;3.2105449438095093;1.8901965618133545;3.0954794883728027;7.795177459716797;4.8498547077178955,7.795177459716797,28.766331821594186,28.76633182159418;28.766331821594175;28.766331821594182;28.766331821594182;28.76633182159418;28.76633182159418;28.766331821594182;28.76633182159418;28.76633182159418;28.766331821594182;28.76633182159418;28.76633182159418;28.766331821594186;28.766331821594182;28.76633182159418;28.76633182159418;28.766331821594182;28.76633182159418;28.766331821594175;28.766331821594182;28.76633182159418;28.76633182159418;28.76633182159418;28.76633182159418,13.676239666432535,9.301208433771036;9.432400891918196;9.567347206355343;9.706210831197916;9.849164850033905;9.996392695642994;10.148088935246566;10.304460128356851;10.465725765178579;10.632119294527891;10.80388925139219;10.981300495584229;11.164635574473794;11.354196224543548;11.55030502855346;11.753307247458011;11.963572848960428;12.181498757777197;12.407511356407753;12.642069269559151;12.885666470485436;13.138835753515169;13.402152624138813;13.676239666432535
172,Ca_JVASP-15087_CaTl.json,1.9807860851287842,0.6610231399536133;0.6930618286132812;0.7173614501953125;2.3236501216888428;3.7538779973983765;-1.1306763887405396;5.666343450546265;-0.15994858741760254;-0.943474531173706;1.0746309757232666;3.1883621215820312;-0.7896926403045654;5.775252103805542;1.5025815963745117;1.9456915855407715;1.0221238136291504;0.7561030387878418;1.0121617317199707;3.712615966796875;1.2050108909606934;1.2762296199798584;0.9056174755096436;13.36417293548584;1.0194597244262695;-0.08567047119140625;1.5149116516113281;3.500443696975708,13.36417293548584,28.88094683320797,28.88094683320797;28.880946833207968;28.88094683320797;28.880946833207968;28.880946833207968;28.88094683320797;28.88094683320797;28.88094683320797;28.88094683320797;28.880946833207965;28.88094683320797;28.880946833207965;28.88094683320797;28.88094683320797;28.880946833207968;28.88094683320797;28.88094683320797;28.880946833207965;28.880946833207965;28.88094683320797;28.88094683320797;28.880946833207968;28.88094683320797;28.88094683320797;28.880946833207968;28.880946833207968;28.88094683320797,4.821774375904131,4.060550515844144;4.085356825160418;4.110468085905923;4.135889956148427;4.1616282347998;4.187688866025927;4.214077943823363;4.240801716770121;4.267866592958386;4.295279145117314;4.323046115934545;4.351174423585451;4.379671167479666;4.408543634234915;4.437799303888702;4.467445856358971;4.497491178165483;4.527943369424247;4.5588107511280365;4.590101872726749;4.6218255200221;4.653990723391981;4.686606766360632;4.719683194531738;4.753229824902485;4.787256755577683;4.821774375904131
173,Ca_JVASP-66931_CaBePt.json,1.678187370300293,-0.036611318588256836;0.19304966926574707;1.5032432079315186;0.7158582210540771;0.9925334453582764;3.3968098163604736;4.454437255859375;2.206178665161133,4.454437255859375,105.65604283283665,105.65604283283665;105.65604283283663;105.65604283283663;105.65604283283663;105.65604283283665;105.65604283283663;105.65604283283665;105.65604283283663,16.02147360477028,13.720472585176465;14.00787375498581;14.307572846819644;14.620376461735965;14.94716331565871;15.288892482999822;15.646612797557205;16.02147360477028
174,K_JVASP-121549_K2Ca2MgH2S4O16.json,4.699792385101318,4.306258201599121;4.405498504638672;4.378594875335693;4.353898525238037;5.039356708526611;4.9758477210998535;5.183657646179199;4.955226898193359,5.183657646179199,32.60597688996854,32.60597688996854;32.60597688996853;32.60597688996854;32.60597688996853;32.60597688996853;32.60597688996853;32.60597688996853;32.60597688996853,13.387303709948842,11.77727034463341;11.98315061891703;12.196357011684498;12.417287649366553;12.646370037999631;12.884063824235426;13.130863873680736;13.387303709948842
175,Ca_JVASP-93323_Ca2Mg.json,0.17677587270736694,2.342881917953491;1.563838005065918;1.089583158493042;0.8228204250335693;0.44948554039001465;0.2311551570892334;0.607149600982666;0.2426433563232422;0.21276378631591797;0.08348703384399414;1.6130547523498535;1.7314815521240234;0.9186573028564453;-0.2485203742980957;-0.7633490562438965;-0.7492413520812988;-0.9146728515625;-2.889739990234375;3.657806634902954;2.0522267818450928;1.524181842803955;0.330686092376709;0.369687557220459;0.09462594985961914;0.019908666610717773;-0.44664549827575684;-0.31870341300964355;0.5371248722076416;1.028315544128418;-0.7223362922668457;0.10027122497558594;-0.3185739517211914;0.6580212116241455;0.20101428031921387;-1.5778515338897705;-7.169306516647339,3.657806634902954,23.356504253168634,23.35650425316863;23.35650425316863;23.356504253168627;23.356504253168634;23.35650425316863;23.35650425316863;23.35650425316863;23.356504253168634;23.356504253168634;23.35650425316863;23.356504253168634;23.356504253168627;23.356504253168634;23.35650425316863;23.35650425316863;23.356504253168627;23.35650425316863;23.35650425316863;23.356504253168627;23.35650425316863;23.356504253168627;23.356504253168634;23.35650425316863;23.35650425316863;23.35650425316863;23.35650425316863;23.35650425316863;23.356504253168627;23.35650425316863;23.356504253168634;23.35650425316863;23.356504253168634;23.35650425316863;23.35650425316863;23.356504253168627;23.35650425316863,56.12076471017972,14.25384772047362;14.564281097429172;14.888537327117032;15.22756068024294;15.582383438650727;15.954136393844847;16.34406088503754;16.75352264670468;17.184027791135268;17.637241320134503;18.115008645458257;18.619380704378862;19.15264339113904;19.71735219506086;20.3163731525714;20.95293149795103;21.630669755951015;22.353717485571895;23.126775495525138;23.955218160189975;24.845218543437895;25.803902490816157;26.839539828588045;27.961783530492422;29.18197150462978;30.51351100146082;31.97237329394003;33.577737387885506;35.35283791238667;37.32609696604503;39.532657422895085;42.016494263985564;44.83337519966663;48.0550977922971;51.77569489788603;56.12076471017972
176,Ca_JVASP-94421_CaMnSn.json,2.5759758949279785,1.466111660003662;1.461043357849121;1.6754684448242188;1.7501120567321777;1.941739559173584;2.0022192001342773;2.932130813598633;2.365016460418701;3.74996018409729;4.064562559127808;2.4517693519592285;2.870436191558838;3.8355393409729004;3.6763386726379395;2.626291275024414;2.3468751907348633,4.064562559127808,37.83466033327867,37.83466033327866;37.834660333278656;37.83466033327866;37.83466033327866;37.83466033327866;37.83466033327866;37.834660333278656;37.83466033327866;37.83466033327866;37.83466033327866;37.834660333278656;37.83466033327867;37.834660333278656;37.83466033327866;37.83466033327866;37.834660333278656,9.509309213094193,7.837568814177254;7.93051465944178;8.025691453891726;8.12318049635391;8.223067084415202;8.325440763336827;8.430395593796288;8.538030440139657;8.648449281000927;8.761761544339853;8.878082469167497;8.997533496473025;9.120242692139453;9.24634520494451;9.375983763089902;9.509309213094193
177,Na_JVASP-55252_Na3Ca2TaO6.json,3.259819507598877,1.0777568817138672;1.0728740692138672;1.062509536743164;1.0655097961425781;1.5590238571166992;1.7830610275268555;1.9540495872497559;1.978090763092041;1.4142074584960938;1.4686813354492188;1.452256679534912;1.4197888374328613;4.077850341796875;5.083815574645996;5.741026401519775;6.320457935333252;4.683784008026123;5.154917240142822;4.806085586547852;4.2174072265625;7.463725566864014;4.577579975128174;4.562695026397705;4.238513469696045,7.463725566864014,35.9891125597647,35.98911255976469;35.98911255976469;35.98911255976469;35.98911255976469;35.98911255976469;35.98911255976469;35.989112559764685;35.9891125597647;35.989112559764685;35.9891125597647;35.98911255976469;35.98911255976469;35.989112559764685;35.98911255976469;35.9891125597647;35.989112559764685;35.98911255976469;35.98911255976469;35.98911255976469;35.98911255976469;35.98911255976469;35.98911255976469;35.98911255976469;35.9891125597647,9.306742040655903,7.86300000223665;7.916393882627721;7.970517865515316;8.02538702900876;8.08101686928709;8.137423315189935;8.194622743423764;8.252631994414006;8.31146838883525;8.37114974485366;8.431694396117576;8.493121210534571;8.555449609875247;8.618699590246646;8.682891743480557;8.748047279484814;8.814188049608518;8.88133657107528;8.949516052541862;9.018750420843157;9.089064348988277;9.160483285476527;9.233033485006468;9.306742040655903
178,Na_JVASP-38528_NaCa2In.json,0.47874915599823,-0.08144617080688477;-0.07780575752258301;0.6977009773254395;2.5327093601226807;-0.02710425853729248;0.40812623500823975;0.24703145027160645;0.1307814121246338,2.5327093601226807,46.23569299769549,46.23569299769548;46.23569299769549;46.23569299769548;46.23569299769548;46.23569299769549;46.23569299769549;46.23569299769549;46.23569299769549,16.933150154555406,15.370376375879163;15.575733044932885;15.786651376594387;16.003360411685907;16.22610194257738;16.455131413119208;16.690718895880885;16.933150154555406
179,Ca_JVASP-91322_Na2CaV4O12.json,8.138792037963867,6.870161533355713;8.990452289581299;7.519744396209717;9.17480993270874,9.17480993270874,41.2702111135451,41.270211113545095;41.270211113545095;41.2702111135451;41.270211113545095,14.831774389649846,13.906482209181847;14.201812713981695;14.5099591962917;14.831774389649846
180,Ca_JVASP-103608_K3Ca.json,-0.14997291564941406,-0.2688918113708496;-0.2390761375427246;-0.0840921401977539;0.5578842163085938;-0.34512972831726074;0.8001229763031006;-0.4789144992828369;-1.141686201095581,0.8001229763031006,23.120256893291096,23.12025689329109;23.120256893291092;23.120256893291096;23.12025689329109;23.120256893291092;23.12025689329109;23.120256893291092;23.120256893291092,27.392132434366875,21.28819618967998;21.988159014426312;22.735716787932198;23.535894787992916;24.39445155303161;25.318017687163596;26.314267436667716;27.392132434366875
181,Ca_JVASP-101391_CaPmAg2.json,1.75315260887146,0.5192123055458069;0.5688844323158264;1.4016773700714111;2.0451685190200806;1.4798485040664673;3.1659222841262817;2.7796460390090942;2.0648614168167114,3.1659222841262817,55.99708841388501,55.99708841388501;55.99708841388501;55.99708841388501;55.99708841388501;55.99708841388501;55.99708841388501;55.99708841388501;55.997088413885,9.159864485624492,8.358445131060384;8.464239038472359;8.57274537139274;8.684069799314173;8.798323552779115;8.915623794082531;9.036094018028813;9.159864485624492
182,Li_JVASP-41937_LiCa2Al.json,1.149972915649414,-0.11115890741348267;-0.12010663747787476;1.9346504211425781;3.9865236282348633;-0.14672815799713135;1.0204917192459106;2.1955909729003906;0.4405202865600586,3.9865236282348633,51.54155084894079,51.54155084894078;51.54155084894078;51.54155084894078;51.54155084894079;51.54155084894079;51.54155084894078;51.54155084894079;51.54155084894078,31.01875001593802,29.36735700906751;29.592422352281844;29.820964045901082;30.053063260157963;30.2888037121281;30.528271766408654;30.771556540610998;31.01875001593802
183,Ca_JVASP-71172_CaBeGa2.json,1.6064531803131104,0.8615803718566895;0.8383867740631104;1.7849655151367188;1.7209241390228271;2.02397084236145;1.8735718727111816;0.9374324083328247;0.8663078546524048;1.753380298614502;1.6337168216705322;2.04097580909729;1.8543329238891602;1.0180569887161255;1.0483378171920776;1.5158072710037231;1.4380358457565308;2.9147746562957764;2.7915990352630615,2.9147746562957764,33.007256459712046,33.00725645971204;33.00725645971204;33.00725645971204;33.00725645971204;33.007256459712046;33.007256459712046;33.00725645971204;33.00725645971204;33.007256459712046;33.007256459712046;33.00725645971204;33.007256459712046;33.00725645971204;33.00725645971204;33.007256459712046;33.007256459712046;33.00725645971204;33.00725645971204,9.88136695781436,7.897535480634668;7.99191762199357;8.088582939965873;8.187615296593524;8.289102711877339;8.39313762470563;8.499817173681823;8.609243499644215;8.72152407185829;8.83677204007124;8.95510661485299;9.076653478911238;9.201545232363834;9.329921875284859;9.461931331216071;9.59773001575933;9.737483454844975;9.88136695781436
184,Ca_JVASP-99383_CaMg2.json,1.189971923828125,1.4567465782165527;1.4038686752319336;1.2731208801269531;1.4333395957946777;0.9516260623931885;0.8385159969329834;1.0200648307800293;1.1352505683898926;1.641523838043213;1.2681822776794434;1.1473183631896973;0.8882412910461426;0.9227399826049805;0.6999416351318359;1.0259861946105957;1.9330840110778809,1.9330840110778809,33.41142588176027,33.41142588176027;33.411425881760266;33.41142588176027;33.41142588176026;33.411425881760266;33.411425881760266;33.411425881760266;33.411425881760266;33.411425881760266;33.411425881760266;33.411425881760266;33.411425881760266;33.41142588176026;33.41142588176027;33.41142588176027;33.411425881760266,32.771137268152266,18.887477280685598;19.436433583366167;20.018255461478272;20.63598544559031;21.293053573786768;21.99334111354921;22.74125728537946;23.541832192125085;24.400830093219774;25.324888417065676;26.321689603027128;27.400175188990552;28.570814778728188;29.845947034290997;31.240216246242188;32.771137268152266
185,Ca_JVASP-67226_CaBe2Ga.json,1.1624243259429932,0.2892782688140869;-0.04948830604553223;1.5029785633087158;1.0561583042144775;1.6658331155776978;1.3172980546951294;0.5390591621398926;0.5341942310333252;1.467031717300415;1.423532247543335;1.877865493297577;1.9310234189033508;0.17220604419708252;0.2747424840927124;0.9588202834129333;0.722908079624176;2.577874541282654;2.662322163581848,2.662322163581848,39.75220197574848,39.75220197574847;39.75220197574848;39.75220197574848;39.75220197574848;39.75220197574848;39.75220197574848;39.75220197574848;39.75220197574848;39.75220197574848;39.75220197574847;39.75220197574848;39.75220197574848;39.75220197574848;39.75220197574848;39.75220197574848;39.75220197574848;39.75220197574848;39.75220197574848,16.54891988793498,11.648479927101125;11.854978603455502;12.068930832197637;12.290747583312672;12.52087060559864;12.759775363045682;13.00797431392014;13.266020580142527;13.53451206225354;13.814096064400085;14.1054745046457;14.409409798890591;14.72673152224016;15.058343970366606;15.405234765992123;15.76848468299884;16.149278893997355;16.54891988793498
186,Ca_JVASP-106233_CaYZn2.json,2.543423295021057,0.34971141815185547;0.3845036029815674;1.3672147989273071;3.7916489839553833;3.1475048065185547;3.183298110961914;3.8299381732940674;4.293566465377808,4.293566465377808,60.04111048576205,60.04111048576204;60.04111048576204;60.04111048576205;60.04111048576204;60.04111048576204;60.04111048576203;60.04111048576203;60.04111048576204,14.907362184109934,12.895155173602067;13.148701118044432;13.412417531258267;13.686928888849849;13.972911859109484;14.271100872103023;14.582294417396144;14.907362184109934
187,Ca_JVASP-92538_Ca2CdPd2.json,2.888636499643326,0.49327534437179565;1.1614752411842346;1.4579442143440247;1.7067896723747253;2.5031115412712097;2.8851051926612854;2.2585564255714417;1.8346299529075623;3.6703362464904785;3.3937594890594482;3.1704821586608887;3.2234339714050293;4.175927519798279;5.448346257209778;4.38236939907074;4.4526413679122925,5.448346257209778,48.92941505981623,48.92941505981622;48.92941505981622;48.92941505981623;48.92941505981622;48.92941505981623;48.92941505981622;48.92941505981623;48.92941505981622;48.92941505981622;48.92941505981622;48.92941505981623;48.92941505981623;48.92941505981622;48.92941505981623;48.92941505981622;48.929415059816215,10.144060928036069,8.263757582229434;8.367153296229903;8.47316915719108;8.581906038801876;8.693470060147414;8.807972931148171;8.925532325662388;9.04627228487132;9.170323653854165;9.297824554582883;9.428920898931462;9.563766945705467;9.702525906162615;9.84537060302174;9.99248418855488;10.144060928036069
188,Ca_JVASP-67017_CaBeSb.json,1.9495866298675537,0.9238326549530029;1.3782885074615479;1.3462713956832886;2.1450225114822388;2.4511921405792236;2.3322713375091553;2.815078616142273;2.2047358751296997,2.815078616142273,81.3160958287294,81.31609582872939;81.3160958287294;81.3160958287294;81.31609582872939;81.31609582872939;81.3160958287294;81.3160958287294;81.31609582872939,24.673276634028806,19.608906065659845;20.20125689336656;20.830510251389025;21.500225464823227;22.214434803242167;22.97772473276455;23.79533451513768;24.673276634028806
189,Ca_JVASP-106122_CaLaVFeO6.json,5.468438625335693,3.338686943054199;3.73220157623291;4.607461452484131;6.195356845855713;5.65997838973999;6.369744777679443;6.8702073097229;6.97387170791626,6.97387170791626,50.78633827000094,50.78633827000094;50.78633827000094;50.78633827000094;50.78633827000094;50.78633827000093;50.78633827000094;50.78633827000094;50.78633827000094,9.663118940878274,8.775485305682867;8.892173334973885;9.012006396015893;9.135113375321508;9.261630299468045;9.391700836473648;9.525476840023197;9.663118940878274
190,Ca_JVASP-66754_CaTiBe2.json,3.651832103729248,-0.20636415481567383;0.019823074340820312;3.558786630630493;5.47816014289856;2.427886724472046;2.152733564376831;4.282095193862915;11.501535654067993,11.501535654067993,84.42896897948769,84.42896897948769;84.42896897948766;84.42896897948768;84.42896897948768;84.42896897948766;84.42896897948766;84.42896897948769;84.42896897948768,47.251516670653274,31.61465770558828;33.18341896730002;34.91599706841574;36.83946525665108;38.98721027341265;41.40088667813233;44.13314502834388;47.251516670653274
191,Ca_JVASP-71153_Ca4BeNb.json,1.02863347530365,5.425132513046265;1.384993076324463;0.9213615655899048;-0.5710724592208862;-0.8230568170547485;-0.49050986766815186;-0.5779346227645874;0.06578338146209717;-0.5293102860450745;1.1823070645332336;1.809519648551941;0.88396155834198;-0.7367219924926758;0.994390606880188;1.727766513824463;0.4704502820968628;0.5147193670272827;-1.3402469158172607;-0.400205135345459;-0.34747183322906494;0.44887763261795044;-0.5958713889122009;2.277599811553955;3.968255639076233;-0.44200432300567627;0.6060768365859985;-0.36273032426834106;-0.46177786588668823;2.0242878794670105;2.329250991344452;7.349448800086975;6.211001873016357,7.349448800086975,31.48677668483511,31.48677668483511;31.48677668483511;31.48677668483511;31.486776684835103;31.48677668483511;31.486776684835103;31.486776684835107;31.486776684835103;31.486776684835103;31.48677668483511;31.486776684835107;31.48677668483511;31.486776684835107;31.48677668483511;31.486776684835103;31.486776684835107;31.486776684835107;31.486776684835107;31.486776684835107;31.486776684835107;31.486776684835107;31.486776684835107;31.486776684835107;31.486776684835103;31.486776684835107;31.48677668483511;31.486776684835103;31.486776684835103;31.486776684835103;31.486776684835103;31.486776684835107;31.486776684835103,31.331133050514147,12.775723563979124;13.024549390423697;13.283260232808061;13.552457076517815;13.832790632643462;14.124966589507668;14.429751544089267;14.747979718303311;15.080560584031836;15.428487543667293;15.79284784065809;16.174833908309118;16.57575640638548;16.997059245809456;17.440336964392415;17.907354894294336;18.400072658908215;18.920671658572616;19.471587358114974;20.0555473842863;20.675616690482357;21.335251367073898;22.03836309178229;22.789396758275856;23.59342453755246;24.456260578856956;25.38460183436186;26.38620222296971;27.470089719724708;28.646839242609246;29.928918817076614;31.331133050514147
192,Li_JVASP-147191_LiCa2TeO6.json,5.2176477909088135,6.501137971878052;5.130505800247192;5.412976503372192;4.67187237739563;5.500441312789917;4.9664342403411865;4.652902841567993;4.904911279678345,6.501137971878052,45.80109943704016,45.80109943704015;45.80109943704016;45.80109943704016;45.80109943704015;45.80109943704015;45.80109943704015;45.80109943704016;45.80109943704015,10.997915091560014,10.782929956474417;10.813126087198164;10.843491813175632;10.874028567217017;10.904737798318058;10.935620971889218;10.9666795699888;10.997915091560014
193,Ca_JVASP-97024_CaFe2As2.json,2.4132866859436035,2.2860782146453857;2.6028425693511963;1.8469350337982178;2.7464983463287354;2.6322529315948486;2.6470839977264404;2.5573830604553223;2.695712089538574;2.221453905105591;1.9898197650909424;2.3767619132995605;2.199618339538574;2.23222017288208;2.1661787033081055;2.8240890502929688;2.256190776824951;2.410794258117676;2.7472472190856934,2.8240890502929688,29.85239338233149,29.852393382331485;29.852393382331485;29.852393382331485;29.852393382331485;29.85239338233148;29.85239338233148;29.85239338233148;29.85239338233148;29.852393382331485;29.85239338233149;29.85239338233149;29.85239338233148;29.852393382331478;29.85239338233148;29.852393382331478;29.85239338233148;29.852393382331485;29.852393382331485,5.645179582427895,4.936723791186783;4.973438732943089;5.0107038724600885;5.048531670723561;5.086934967873437;5.125926997735137;5.165521403024374;5.205732251262128;5.24657405143878;5.288061771468898;5.330210856480771;5.37303724798763;5.416557403990583;5.460788320066478;5.505747551497486;5.551453236502929;5.597924120637935;5.645179582427895
194,Ca_JVASP-1333_CaS.json,10.981728076934814,2.4682140350341797;3.737968921661377;11.85356092453003;7.359982490539551;8.178898811340332;8.018731355667114;9.445908069610596;36.79056000709534,36.79056000709534,121.24778749022441,121.24778749022438;121.24778749022441;121.2477874902244;121.24778749022441;121.24778749022441;121.2477874902244;121.2477874902244;121.24778749022438,90.36298748174671,46.438118322482964;49.90351532420803;53.92782393359821;58.65811945702898;64.29804180367897;71.13788137912566;79.60615357528042;90.36298748174671
195,Ca_JVASP-4062_Ca3PCl3.json,12.12439258893331,2.6665618419647217;3.894829511642456;5.3490495681762695;6.717187404632568;5.590820789337158;7.30956506729126;6.536989212036133;8.084160804748535;9.53060507774353;7.319575548171997;5.5101399421691895;5.320594310760498;6.377090096473694;7.504309296607971;6.7627023458480835;10.861292243003845;6.127116084098816;6.808279514312744;7.733635365962982;50.39566248655319;-5.2634758949279785;-5.643646240234375;23.32578420639038;102.16659355163574,102.16659355163574,30.581726442931323,30.58172644293132;30.58172644293132;30.581726442931316;30.58172644293132;30.581726442931316;30.581726442931316;30.581726442931316;30.58172644293132;30.581726442931316;30.58172644293132;30.581726442931316;30.581726442931316;30.58172644293132;30.581726442931316;30.58172644293132;30.581726442931316;30.58172644293132;30.581726442931313;30.581726442931316;30.581726442931316;30.58172644293132;30.581726442931323;30.581726442931316;30.58172644293132,23.53608295277864,13.00705550718104;13.265064959427413;13.533517369862441;13.81305985417583;14.10439412189169;14.408282357664783;14.725553879616418;15.057112697180143;15.403946113495687;15.767134544746888;16.14786276214203;16.547432802954145;16.967278847056235;17.40898441712261;17.874302337254846;18.365177980307877;18.8837764539836;19.432514526880436;20.01409828751329;20.63156777440826;21.28835013068538;21.98832324515962;22.735892375638514;23.53608295277864
196,Ca_JVASP-1318_CaTe.json,5.537459850311279,2.2702431678771973;5.812138080596924;6.260007858276367;4.767939567565918;4.591372728347778;4.669106364250183;7.288568317890167;8.6403027176857,8.6403027176857,86.82928652241321,86.82928652241321;86.82928652241321;86.8292865224132;86.82928652241321;86.82928652241321;86.82928652241321;86.82928652241321;86.82928652241321,25.263490581491098,19.97987315055576;20.595200170524294;21.249632402559257;21.94702000598687;22.691735721177253;23.488766645964198;24.343826057636374;25.263490581491098
197,Li_JVASP-69274_BaLi2Ca.json,0.2513110637664795,-0.0014443397521972656;-0.11894893646240234;-0.15935897827148438;1.837679386138916;0.061676979064941406;-0.21205449104309082;1.7897934913635254;0.7954585552215576;0.33642101287841797;1.2995998859405518;-0.13352060317993164;-0.4024350643157959;-0.30157577991485596;-0.24043071269989014;-0.4630458354949951;0.7770555019378662;-0.4701869487762451;-0.03503990173339844;1.8053569793701172;0.08387351036071777;0.051346659660339355;-0.14436662197113037;-0.4681558609008789;0.3437676429748535,1.837679386138916,26.514833420031106,26.514833420031096;26.5148334200311;26.5148334200311;26.5148334200311;26.514833420031106;26.514833420031096;26.5148334200311;26.514833420031103;26.514833420031103;26.5148334200311;26.514833420031096;26.5148334200311;26.5148334200311;26.514833420031096;26.514833420031103;26.5148334200311;26.514833420031103;26.514833420031096;26.5148334200311;26.514833420031103;26.5148334200311;26.514833420031106;26.514833420031096;26.5148334200311,12.548679095623193,11.675946510178907;11.711359504930126;11.746987967502575;11.78283387039472;11.818899210255024;11.855186008252659;11.89169631045511;11.928432188212739;11.965395738550512;12.00258908456705;12.040014375841118;12.077673788845763;12.11556952737023;12.15370382294987;12.192078935304176;12.230697152783131;12.269560792822114;12.308672202405436;12.348033758538843;12.387647868731056;12.42751697148465;12.467643536796407;12.508030066667432;12.548679095623193
198,Ca_JVASP-106123_CaBeSi.json,3.648317813873291,0.4479396343231201;0.4493105411529541;0.5952668190002441;1.5254206657409668;0.7216441631317139;1.912675142288208;1.4400005340576172;3.213568687438965;2.8724825382232666;5.30077052116394;3.3916757106781006;5.979784250259399;3.3709402084350586;4.461176872253418;4.375690460205078;7.741576194763184;7.206004858016968;10.663792848587036,10.663792848587036,43.290028445611355,43.29002844561134;43.29002844561135;43.29002844561135;43.29002844561135;43.29002844561135;43.29002844561135;43.29002844561134;43.29002844561135;43.29002844561134;43.29002844561135;43.29002844561134;43.29002844561134;43.29002844561135;43.29002844561135;43.29002844561134;43.290028445611355;43.29002844561135;43.29002844561134,37.863955648849945,19.293268917641633;19.86642483194364;20.474677511103934;21.121352457836718;21.81020900963781;22.545513469823813;23.33212754784469;24.17561598302848;25.082378388391124;26.05981192132219;27.116513531158372;28.262533492057255;29.509696062912752;30.872008966716084;32.366191780939026;34.01236557439443;35.83496427485108;37.863955648849945
199,Ca_JVASP-93915_CaC2.json,3.2078208923339844,1.5235486030578613;1.2329535484313965;1.6295905113220215;1.4120545387268066;1.7926130294799805;1.9266185760498047;1.6993565559387207;1.190788745880127;2.14894437789917;2.0457396507263184;2.550075054168701;2.1927905082702637;2.3010168075561523;3.1314592361450195;2.276231288909912;3.0547280311584473;2.7514052391052246;4.413814067840576;5.257877826690674;7.623302936553955;4.452571392059326;6.0447611808776855;6.5501203536987305;7.78533935546875,7.78533935546875,48.02418765217486,48.02418765217486;48.02418765217486;48.02418765217486;48.02418765217486;48.02418765217486;48.02418765217486;48.02418765217485;48.02418765217486;48.02418765217485;48.02418765217486;48.02418765217485;48.02418765217486;48.02418765217486;48.02418765217485;48.02418765217485;48.02418765217485;48.02418765217485;48.02418765217485;48.02418765217485;48.02418765217485;48.024187652174845;48.02418765217485;48.02418765217485;48.02418765217486,43.467152911442696,17.421822825896907;17.88783649039163;18.379466005292382;18.898883138524194;19.44851230087501;20.031068384014944;20.64960160884721;21.307550947760834;22.00880809602726;22.757794505341764;23.559554700777763;24.419870043460513;25.345398363298933;26.34384659559114;27.424185895734006;28.596921947427155;29.874437724058282;31.271432419765333;32.805489574197395;34.497821043834925;36.37425377336388;38.46655713074736;40.8142563034913;43.467152911442696
200,Ca_JVASP-67900_CaBeHg.json,1.9291068315505981,0.6471130847930908;0.7570388317108154;0.863802433013916;0.9550294876098633;1.3177871704101562;1.63405179977417;1.7304730415344238;2.6016006469726562;3.500206232070923;2.0723397731781006;3.310696244239807;3.7591432332992554,3.7591432332992554,58.14265887706462,58.14265887706461;58.14265887706461;58.14265887706461;58.14265887706461;58.14265887706461;58.14265887706462;58.14265887706461;58.14265887706462;58.14265887706461;58.14265887706461;58.14265887706461;58.14265887706461,10.488567869503832,8.945270554523196;9.06654874924601;9.191160673173357;9.31924569960371;9.45095108067638;9.586432512095953;9.725854747135871;9.869392265012038;10.017229999327533;10.169564132982973;10.326602966737136;10.488567869503832
201,Ca_JVASP-94789_CaZn.json,1.2536892890930176,0.7829139232635498;0.014326810836791992;0.021168947219848633;-0.03625750541687012;-0.11736202239990234;0.026376724243164062;0.01090097427368164;0.2211613655090332;5.941770076751709;1.2242369651794434;1.45465087890625;0.6335134506225586;1.2072534561157227;0.9477910995483398;0.743952751159668;1.1062650680541992;1.879401683807373;0.016784191131591797;0.2271137237548828;0.6325178146362305;0.7371172904968262;-0.2049870491027832;-0.23044633865356445;0.8684573173522949;1.1724772453308105;1.8793692588806152;1.9119362831115723;2.4354748725891113;1.81406831741333;2.2029452323913574;2.647027015686035;7.946137428283691,7.946137428283691,18.37878925387034,18.378789253870337;18.378789253870337;18.378789253870334;18.378789253870337;18.378789253870337;18.378789253870334;18.378789253870337;18.378789253870337;18.378789253870334;18.378789253870334;18.378789253870337;18.378789253870337;18.378789253870337;18.37878925387034;18.378789253870337;18.378789253870337;18.378789253870334;18.378789253870337;18.37878925387034;18.378789253870337;18.378789253870334;18.378789253870337;18.378789253870337;18.378789253870337;18.378789253870337;18.378789253870337;18.378789253870334;18.378789253870334;18.378789253870337;18.378789253870337;18.378789253870337;18.378789253870337,12.564179890881023,7.939805782084258;8.035207060371382;8.13292882172243;8.233056771502635;8.335680888307772;8.440895693652452;8.548800542343923;8.659499935416337;8.773103857697354;8.889728142299136;9.009494864572963;9.132532768343998;9.258977727554822;9.38897324679763;9.522671004611528;9.660231443869266;9.801824414084848;9.947629871048395;10.097838639847753;10.252653248079495;10.412288836899386;10.576974158530255;10.746952669953304;10.922483733779627;11.103843938759514;11.291328554069882;11.485253133462882;11.68595528760734;11.893796645562754;12.109165029359085;12.332476869192373;12.564179890881023
202,Ca_JVASP-101664_Ba2CaBiO6.json,8.611841678619385,10.777205467224121;9.262150764465332;8.482381820678711;8.160383224487305;7.483137130737305;7.693512439727783;8.070401668548584;8.965560913085938,10.777205467224121,33.46224183594035,33.46224183594034;33.46224183594034;33.46224183594034;33.46224183594035;33.46224183594035;33.46224183594035;33.46224183594035;33.46224183594035,5.730333228064473,5.406063573954232;5.450122576468742;5.494905634950275;5.540430745737786;5.586716506548918;5.6337821418117615;5.681647529287933;5.730333228064473
203,Ca_JVASP-67756_CaBeRu2.json,2.9919536113739014,0.20171236991882324;0.3544309139251709;5.2766828536987305;7.553393840789795;1.2894878387451172;2.9347004890441895;2.216031074523926;4.109189510345459,7.553393840789795,91.56098849488332,91.56098849488332;91.5609884948833;91.5609884948833;91.5609884948833;91.56098849488329;91.56098849488329;91.5609884948833;91.5609884948833,15.498497534426594,13.335122171502821;13.606446641840385;13.889041490040183;14.183623839972354;14.490972973782748;14.811937215690142;15.147441751330938;15.498497534426594
204,Ca_JVASP-88729_CaH8Cl2O4.json,8.024023056030273,7.033578157424927;7.111336946487427;7.376934051513672;7.463479518890381;8.614227771759033;8.75505781173706;8.820549249649048;9.01702094078064,9.01702094078064,35.16998951951642,35.16998951951642;35.16998951951641;35.16998951951642;35.16998951951641;35.16998951951642;35.16998951951641;35.16998951951641;35.16998951951641,22.639924537793565,18.30251016874358;18.817525810398735;19.36236477660874;19.939694804656778;20.552511587533576;21.204190768046686;21.898550148626647;22.639924537793565
205,K_JVASP-99794_KCa3.json,0.5114388465881348,1.6086187362670898;0.9920516014099121;-0.165740966796875;0.2496809959411621;-0.21915984153747559;-0.1551973819732666;1.0093517303466797;0.7719058990478516,1.6086187362670898,30.468559719728,30.468559719727995;30.468559719727995;30.468559719728;30.468559719727992;30.468559719727995;30.468559719727995;30.468559719727995;30.468559719727995,26.77550109240115,21.026403121896116;21.691766641793553;22.400616017252794;23.157358393548012;23.967017270242433;24.835344154005377;25.768955394972128;26.77550109240115
206,Ca_JVASP-85882_CaSi2.json,2.6826367378234863,1.186875581741333;1.5901153087615967;1.7028181552886963;2.0387160778045654;1.8709344863891602;2.087606430053711;2.253513813018799;2.028913974761963;1.976351022720337;3.0288045406341553;2.6342592239379883;2.9375510215759277;2.9482553005218506;3.4250552654266357;3.3363897800445557;3.5451419353485107;3.987328290939331;5.708831071853638,5.708831071853638,37.326942104238505,37.3269421042385;37.32694210423849;37.3269421042385;37.3269421042385;37.32694210423849;37.3269421042385;37.3269421042385;37.3269421042385;37.32694210423849;37.3269421042385;37.32694210423849;37.3269421042385;37.326942104238505;37.32694210423849;37.32694210423849;37.32694210423849;37.3269421042385;37.32694210423849,25.49714919679963,15.469991238645544;15.83633775452617;16.220456109212776;16.62367164425765;17.04744484445773;17.493389013917643;17.963290800965076;18.459134122379435;18.98312816240097;19.53774027986347;20.1257348574314;20.75021938359082;21.414699388684962;22.12314428537205;22.880066725096775;23.69061882231525;24.56070958301438;25.49714919679963
207,Ca_JVASP-14862_CaPd.json,5.247254371643066,1.2744321823120117;1.3750030994415283;1.2483326196670532;4.510826468467712;6.36887001991272;2.250488042831421;7.173126697540283;3.805145502090454;2.428831100463867;1.9016430377960205;5.122813701629639;2.409512519836426;6.4093194007873535;4.403838157653809;5.950238227844238;2.98187255859375;5.2741758823394775;6.841728448867798;3.700954258441925;4.06586366891861;2.553529679775238;3.3772312998771667;7.328128099441528;10.251998662948608;4.45284116268158;14.830837845802307;19.38428568840027,19.38428568840027,38.15900143748601,38.159001437486005;38.159001437486005;38.159001437486005;38.159001437486005;38.159001437486005;38.159001437486005;38.159001437486005;38.159001437486005;38.159001437486005;38.15900143748601;38.159001437486005;38.159001437486005;38.159001437486005;38.159001437486005;38.159001437486005;38.159001437486005;38.159001437486005;38.15900143748601;38.159001437486005;38.159001437486;38.159001437486005;38.159001437486;38.159001437486005;38.15900143748601;38.159001437486005;38.159001437486005;38.15900143748601,9.199325795718675,6.77584306829397;6.845201105262929;6.915993734949154;6.988265931873155;7.062064570344844;7.137438525846513;7.214438782978286;7.293118550466981;7.37353338378361;7.455741315963281;7.5398029972748795;7.625781844446947;7.713744200221357;7.803759504078435;7.8959004750568464;7.990243307679841;8.0868678820973;8.185857989661683;8.28730157527673;8.391290997992185;8.497923311467538;8.60730056609499;8.719530134758456;8.834725064414478;8.95300445591494;9.074493874754227;9.199325795718675
208,Ca_JVASP-63839_CaAu.json,3.7442232370376587,1.1376187801361084;1.6074676513671875;1.2247394323349;1.868160605430603;1.9197834730148315;4.301884651184082;2.218411147594452;4.794388711452484;5.442489862442017;3.7311477661132812;4.546346426010132;2.7762832641601562;5.7933149337768555;5.5511558055877686;6.028022050857544;6.966357231140137,6.966357231140137,55.39649486076813,55.39649486076812;55.39649486076813;55.396494860768115;55.39649486076812;55.39649486076813;55.39649486076812;55.396494860768115;55.39649486076813;55.39649486076812;55.39649486076812;55.396494860768115;55.39649486076812;55.39649486076813;55.39649486076812;55.39649486076812;55.39649486076812,8.397656082889961,7.066572299614442;7.142043022659714;7.219143197079592;7.297926169796148;7.378447642138783;7.460765801179757;7.544941459960446;7.6310382073184835;7.719122568091533;7.809264174545954;7.901535949958732;7.996014305369899;8.09277935062115;8.191915120905664;8.293509820175723;8.397656082889961
209,Ca_JVASP-97341_Ca5P12Ir19.json,3.379837894439697,2.6490488052368164;2.7473764419555664;2.102898120880127;2.978818416595459;2.6296234130859375;2.924640655517578;3.458169460296631;4.037771701812744;3.9130587577819824;6.356973171234131,6.356973171234131,39.60355381829245,39.60355381829244;39.60355381829244;39.60355381829244;39.60355381829244;39.60355381829244;39.60355381829244;39.60355381829245;39.60355381829244;39.60355381829244;39.60355381829244,3.3138593530763667,3.172375022130485;3.1874960536830605;3.202761923500721;3.2181747226190835;3.233736582519551;3.249449676111972;3.2653162187460754;3.2813384692526952;3.2975187310157956;3.3138593530763667
210,Na_JVASP-121511_Na2CaP2O8.json,4.531669616699219,4.201173782348633;4.373099327087402;4.396738052368164;4.600804328918457;4.212339878082275;4.1974263191223145;4.240862846374512;4.324552536010742;5.1212663650512695;5.051212310791016;5.105762958526611;5.24914026260376;4.551871299743652;4.313205718994141;4.234978199005127;4.332279682159424,5.24914026260376,32.469922940624926,32.469922940624926;32.46992294062492;32.469922940624926;32.469922940624926;32.469922940624926;32.46992294062492;32.469922940624926;32.46992294062492;32.469922940624926;32.469922940624926;32.469922940624926;32.469922940624926;32.469922940624926;32.46992294062492;32.46992294062492;32.469922940624926,14.38499388784172,12.1383405184645;12.266054968390884;12.396485509989247;12.529719718804614;12.665848976243335;12.80496867858801;12.947178459940105;13.09258243018521;13.241289429175286;13.393413298432105;13.549073171797318;13.708393786588669;13.871505816970327;14.038546231409857;14.209658676276925;14.38499388784172
211,Ca_JVASP-64036_BaCaY.json,-0.25328314304351807,-1.0025927424430847;-0.6272727847099304;-0.5257468223571777;-0.3909364938735962;-0.32737046480178833;-0.06640762090682983;1.1949812173843384;-0.2809194326400757,1.1949812173843384,41.56345692111021,41.56345692111021;41.5634569211102;41.5634569211102;41.56345692111021;41.56345692111021;41.56345692111021;41.5634569211102;41.56345692111021,14.48775083024879,12.579980012601396;12.821167496573448;13.07178400729829;13.332393498524716;13.603605812596482;13.886081444780963;14.180536913765678;14.48775083024879
212,Li_JVASP-94731_LiCaMg6.json,0.3911159038543701,0.7743690013885498;0.4321630001068115;0.4665677547454834;0.2929847240447998;0.4788055419921875;0.4058213233947754;0.16003775596618652;0.11817812919616699,0.7743690013885498,28.208699572280608,28.208699572280608;28.208699572280604;28.2086995722806;28.208699572280604;28.208699572280604;28.208699572280604;28.208699572280608;28.2086995722806,17.936950660124353,17.3720639989779;17.450573891029215;17.529796627081456;17.60974195999466;17.69041982135717;17.771840325598664;17.85401377421724;17.936950660124353
213,Ca_JVASP-63912_Ba4CaRe.json,1.2509181499481201,4.161491870880127;1.2492003440856934;0.8315777778625488;1.2985639572143555;0.8816180229187012;0.8123779296875;0.48147904872894287;0.2910362482070923,4.161491870880127,23.740832474104625,23.740832474104625;23.74083247410462;23.74083247410462;23.74083247410462;23.740832474104625;23.74083247410462;23.74083247410462;23.740832474104625,4.524069141698354,4.319514449123302;4.34759666802891;4.376046415058631;4.404870952814789;4.43407773652034;4.463674420447413;4.493668864605043;4.524069141698354
214,Li_JVASP-85076_LiCaTl2.json,1.105322241783142,1.105322241783142,1.105322241783142,444.748032607956,444.748032607956,58.802826068026526,58.802826068026526
215,Ca_JVASP-101225_CaFeSi2Rh.json,2.3923563957214355,2.0968570709228516;1.2245330810546875;1.1691274642944336;1.8768110275268555;2.1512527465820312;2.8649282455444336;4.221138000488281;3.53420352935791,4.221138000488281,68.55611407052328,68.55611407052326;68.55611407052326;68.55611407052326;68.55611407052326;68.55611407052326;68.55611407052325;68.55611407052328;68.55611407052326,15.232874683060679,13.138006820165877;13.401290133451026;13.67534153865168;13.960835437471472;14.25850374909352;14.569142175613205;14.89361730471052;15.232874683060679
216,Ca_JVASP-97930_Ca2AlH10ClO8.json,10.623673439025879,11.052756786346436;11.692834377288818;10.11434531211853;9.634757280349731,11.692834377288818,85.67190650002273,85.67190650002273;85.67190650002273;85.67190650002271;85.67190650002271,60.761069060120164,47.74636688902822;51.41748541623659;55.700154042048005;60.761069060120164
217,Ca_JVASP-2994_CaMg2Sb2.json,2.6710383892059326,1.880710482597351;1.6765028238296509;1.9669749736785889;1.9547555446624756;2.6583012342453003;2.739750027656555;3.7429760694503784;4.748335957527161,4.748335957527161,39.18107465352304,39.18107465352304;39.181074653523034;39.18107465352304;39.18107465352304;39.18107465352304;39.18107465352304;39.18107465352304;39.181074653523034,11.274779527609109,10.08460112381065;10.239006993890976;10.398214617029748;10.56245152028277;10.731959836303057;10.90699749442313;11.087839530228873;11.274779527609109
218,Li_JVASP-59276_LiCaTa2O6F.json,3.5998117923736572,2.3679721355438232;2.3819901943206787;2.5227081775665283;2.4366695880889893;2.341597318649292;2.292712926864624;2.3669912815093994;2.233989953994751;3.05536150932312;3.4102065563201904;3.6483747959136963;4.161135911941528;5.398874998092651;6.7629125118255615;5.57726263999939;6.638228178024292,6.7629125118255615,19.62534358728865,19.62534358728865;19.625343587288647;19.62534358728865;19.62534358728865;19.625343587288647;19.625343587288647;19.62534358728865;19.62534358728865;19.625343587288647;19.625343587288647;19.625343587288647;19.625343587288647;19.625343587288647;19.625343587288647;19.625343587288647;19.625343587288647,3.237504626458646,3.197293393230132;3.1999430400156723;3.2025970820506653;3.2052555302804864;3.2079183956868835;3.2105856892881315;3.213257422139178;3.2159336053318017;3.218614249994762;3.2212993672939545;3.223988968432569;3.2266830646512394;3.2293816672282065;3.2320847874794705;3.23479243675895;3.237504626458646
219,Na_JVASP-38690_Na3Ca.json,0.33978939056396484,-0.05186605453491211;0.017471790313720703;1.7315924167633057;1.5687806606292725;1.0359435081481934;0.9563984870910645;0.5399570465087891;0.8111124038696289;-0.34697914123535156;-0.2291851043701172;0.18654870986938477;-0.0013985633850097656;-0.058485984802246094;0.9458503723144531;-0.15005874633789062;0.11540889739990234;-0.3399667739868164;-0.11935758590698242;-0.30231332778930664;-0.5156259536743164;0.9556872844696045;-0.23646950721740723;0.25923705101013184;1.3826634883880615,1.7315924167633057,37.164015617160175,37.16401561716017;37.16401561716017;37.164015617160175;37.16401561716017;37.164015617160175;37.16401561716017;37.16401561716017;37.16401561716017;37.164015617160175;37.16401561716016;37.16401561716017;37.16401561716017;37.16401561716017;37.164015617160175;37.16401561716017;37.16401561716017;37.16401561716017;37.16401561716017;37.16401561716017;37.16401561716017;37.16401561716017;37.16401561716017;37.16401561716017;37.164015617160175,77.99885731375167,30.722309761690386;31.55384757073452;32.43165083782472;33.35969125857705;34.34240852500821;35.38478134948974;36.492411828046436;37.67162616032814;38.92959554964627;40.274482163148335;41.71561642918644;43.26371381250467;44.93114171785489;46.73225058817138;48.68378796264413;50.80542080235833;53.12040061644128;55.65641911074195;58.44672122119536;61.531570626187474;64.96020522265842;68.79348495410518;73.10753591300826;77.99885731375167
220,Ca_JVASP-50827_BaCaI4.json,5.820633172988892,2.902787208557129;3.0711488723754883;9.88374924659729;7.424847364425659,9.88374924659729,42.500479015413674,42.50047901541366;42.500479015413674;42.500479015413674;42.50047901541367,10.230129370207548,9.7812358329955;9.926424872535865;10.07598912063519;10.230129370207548
221,Li_JVASP-40312_LiCa2Hg.json,0.42620015144348145,-0.18380248546600342;-0.18907034397125244;0.9794408082962036;1.6113861799240112;-0.05820798873901367;0.2697329521179199;0.9743127822875977;0.005809307098388672,1.6113861799240112,51.96695658145363,51.96695658145363;51.96695658145363;51.96695658145363;51.966956581453616;51.96695658145363;51.96695658145363;51.96695658145363;51.96695658145362,11.896388784949195,11.645243511659855;11.680470226737256;11.715910709197928;11.751566910780769;11.787440807056905;11.823534397794552;11.859849707330625;11.896388784949195
222,Ca_JVASP-98074_CaBi2O4.json,9.725415229797363,7.395169019699097;10.443254709243774;11.232096910476685;8.760946035385132;10.991350650787354;10.183464050292969;9.23035717010498;9.566683292388916,11.232096910476685,45.29982010625524,45.29982010625524;45.29982010625523;45.29982010625523;45.29982010625524;45.29982010625524;45.29982010625524;45.29982010625524;45.29982010625524,6.879680262741801,6.417531747094433;6.4797146726167565;6.54311443653303;6.607767109672692;6.673710202759793;6.740982738985343;6.809625331013627;6.879680262741801
223,Ca_JVASP-70953_CaBe2Cr.json,1.2298054695129395,-1.056422233581543;-0.5711545944213867;-0.7904829978942871;0.021042346954345703;-0.20925521850585938;-0.4058847427368164;-0.6030936241149902;-0.42449045181274414;-0.14881277084350586;0.2280292510986328;-0.339111328125;-0.017969608306884766;0.6704416275024414;7.0297112464904785;9.638212203979492;6.656128406524658,9.638212203979492,51.534095662435966,51.534095662435966;51.53409566243596;51.534095662435966;51.53409566243596;51.53409566243596;51.534095662435966;51.53409566243596;51.53409566243596;51.53409566243596;51.534095662435966;51.534095662435966;51.53409566243596;51.534095662435966;51.53409566243596;51.534095662435966;51.53409566243596,23.096652951452516,15.21449549985951;15.568702565256412;15.939795257837527;16.329010508852612;16.7377090860917;17.167391489245105;17.61971635812035;18.0965218697175;18.599850706078424;19.131979308011424;19.695452298281033;20.293123172357806;20.928202629744366;21.604316273751156;22.325573869074187;23.096652951452516
224,Ca_JVASP-16048_CaSi2.json,2.501344680786133,1.2608397006988525;1.0562074184417725;1.6073594093322754;2.022409439086914;2.36238169670105;2.99103045463562;1.8541197776794434;1.7324743270874023;2.3346140384674072;2.6626856327056885;2.1289615631103516;2.487240791320801;1.9930601119995117;3.154524803161621;2.436267375946045;2.951694965362549;3.8677799701690674;6.1205527782440186,6.1205527782440186,38.043064158153946,38.04306415815394;38.04306415815393;38.04306415815393;38.04306415815394;38.04306415815394;38.043064158153946;38.04306415815393;38.04306415815394;38.04306415815393;38.04306415815394;38.04306415815393;38.04306415815394;38.04306415815394;38.04306415815393;38.04306415815394;38.04306415815393;38.04306415815394;38.04306415815393,25.49714919679963,15.469991238645544;15.83633775452617;16.220456109212776;16.62367164425765;17.04744484445773;17.493389013917643;17.963290800965076;18.459134122379435;18.98312816240097;19.53774027986347;20.1257348574314;20.75021938359082;21.414699388684962;22.12314428537205;22.880066725096775;23.69061882231525;24.56070958301438;25.49714919679963
225,Ca_JVASP-96498_CaMn7O12.json,5.717012882232666,3.96321439743042;5.624120235443115;5.6549248695373535;5.822512149810791;5.896831512451172;6.08699893951416;6.2093329429626465;6.47816801071167,6.47816801071167,27.550922315182756,27.550922315182753;27.550922315182753;27.55092231518275;27.55092231518275;27.55092231518275;27.550922315182753;27.550922315182756;27.55092231518275,5.760599254464712,5.432993066171323;5.477493915169882;5.522729784460494;5.568719036176312;5.6154806492120555;5.663034245338629;5.711400116655955;5.760599254464712
226,Ca_JVASP-67559_CaBe2In.json,2.0646077394485474,1.4939149618148804;1.4086562395095825;1.2610649466514587;2.3245423436164856;2.506365120410919;2.8548027873039246;1.6686773896217346;1.7253591418266296;2.574998617172241;2.119131326675415;2.306879162788391;2.5309008359909058,2.8548027873039246,49.67499166235804,49.67499166235803;49.67499166235803;49.67499166235803;49.67499166235803;49.67499166235803;49.67499166235803;49.67499166235803;49.674991662358025;49.67499166235803;49.67499166235803;49.67499166235804;49.67499166235803,16.400504793043964,12.91610038533456;13.170478776733821;13.435078268555582;13.710527527297783;13.997507854899913;14.296758815175423;14.609084597731561;14.93536123467297;15.276544806456048;15.63368079876511;16.007914803279807;16.400504793043964
227,Li_JVASP-56232_LiCaBi.json,1.0376267433166504,0.8233497142791748;0.988896369934082;0.7234563827514648;0.7990362644195557;1.0072214603424072;0.9446043968200684;0.7956640720367432;0.7550802230834961;0.9962892532348633;1.0619463920593262;1.51035475730896;1.4272944927215576;1.1748576164245605;1.0820250511169434;1.2273468971252441;1.284604549407959,1.51035475730896,35.80762461634692,35.80762461634692;35.80762461634692;35.80762461634692;35.80762461634692;35.80762461634692;35.80762461634692;35.807624616346914;35.80762461634692;35.80762461634692;35.807624616346914;35.80762461634692;35.80762461634692;35.80762461634692;35.80762461634692;35.80762461634692;35.80762461634692,6.714007496604506,6.54334574639411;6.554452817594013;6.565597660540105;6.576780468235761;6.58800143500153;6.599260756486385;6.610558629679094;6.621895252919714;6.63327082591119;6.644685549731088;6.656139626843441;6.667633261110713;6.679166657805906;6.690740023624773;6.7023535666981635;6.714007496604506
228,Ca_JVASP-86293_Ca3SiBr2.json,4.180776834487915,1.7469861507415771;4.95009970664978;5.845244646072388,5.845244646072388,263.6321786239499,263.63217862394987;263.63217862394987;263.6321786239499,117.56505247853838,86.98178955500924;99.98705970767008;117.56505247853838
229,Li_JVASP-155716_Li2CaPd2.json,1.286543607711792,0.3931910991668701;0.555772066116333;0.6144281625747681;0.5174614191055298;0.7468339204788208;0.6565157175064087;0.6661012172698975;0.742405891418457;0.7291040420532227;0.7711708545684814;0.7085318565368652;0.6876587867736816;0.5957920551300049;0.5166242122650146;0.666622519493103;0.6316720247268677;0.7177867889404297;0.7290711402893066;3.3531861305236816;2.6981124877929688;2.161668300628662;2.3632640838623047;1.8141885995864868;1.7155894041061401;1.8655767440795898;1.5844464302062988;1.2627882957458496;1.7152156829833984;1.8069943189620972;1.4707857370376587;1.0618021488189697;1.3497631549835205;1.948053240776062;1.585523247718811;2.5913257598876953;2.320542335510254,3.3531861305236816,26.80510444413694,26.805104444136933;26.805104444136937;26.805104444136937;26.80510444413693;26.805104444136937;26.805104444136937;26.805104444136937;26.805104444136937;26.80510444413693;26.805104444136937;26.805104444136937;26.805104444136933;26.805104444136937;26.80510444413693;26.805104444136937;26.805104444136937;26.805104444136933;26.805104444136937;26.805104444136933;26.80510444413693;26.80510444413694;26.805104444136937;26.805104444136937;26.805104444136933;26.80510444413693;26.80510444413694;26.805104444136937;26.805104444136937;26.805104444136933;26.805104444136933;26.805104444136937;26.805104444136937;26.805104444136933;26.805104444136933;26.80510444413693;26.80510444413694,5.878207500465758,5.580851524469247;5.5889293102310145;5.597030513639316;5.605155236674241;5.613303581908886;5.621475652513659;5.629671552260652;5.637891385528019;5.646135257304413;5.654403273193452;5.662695539418235;5.6710121628258845;5.679353250892141;5.687718911725987;5.696109254074323;5.704524387326676;5.712964421519954;5.721429467343247;5.729919636142658;5.73843503992619;5.746975791368672;5.755542003816725;5.76413379129378;5.7727512685051385;5.781394550843069;5.790063754391966;5.798758995933544;5.8074803929520815;5.816228063639714;5.825002126901766;5.8338027023621475;5.842629910368789;5.851483871999122;5.860364709065617;5.869272544121374;5.878207500465758
230,Ca_JVASP-99805_LiCa2Pb.json,1.8534610271453857,0.32891976833343506;0.43501341342926025;1.5528055429458618;2.5171159505844116;1.54831200838089;2.5966569781303406;2.7255611419677734;1.412193775177002;1.9282244443893433;0.9549736976623535;1.455417811870575;0.8351268172264099;1.638659119606018;3.2783631086349487;2.5830835103988647;3.864949345588684,3.864949345588684,49.72844684675735,49.72844684675734;49.72844684675734;49.72844684675735;49.72844684675735;49.72844684675734;49.72844684675734;49.72844684675735;49.72844684675734;49.72844684675735;49.72844684675734;49.72844684675734;49.72844684675734;49.72844684675734;49.72844684675734;49.72844684675735;49.72844684675735,15.287126191166989,11.383687805648336;11.580825529431003;11.784911469036023;11.996319554044064;12.215451035663094;12.442737028518806;12.67864134158682;12.923663637381614;13.178342964683555;13.443261717367589;13.71905008052387;14.006391035313548;14.306026006229777;14.61876124906653;14.945475095473506;15.287126191166989
231,K_JVASP-36961_KCaBr3.json,4.585146069526672,2.235123038291931;2.4785877466201782;3.4424712657928467;3.3649227619171143;2.8673670291900635;3.5252456665039062;8.484207391738892;10.283243656158447,10.283243656158447,35.127669315216984,35.12766931521698;35.12766931521698;35.12766931521697;35.12766931521698;35.12766931521697;35.12766931521698;35.12766931521698;35.127669315216984,11.768361289233125,10.505826554749387;10.669345119194126;10.838034351722456;11.012143447062812;11.191937874277015;11.377700727360448;11.56973421261523;11.768361289233125
232,Ca_JVASP-65300_Ca4BePt.json,1.1101398468017578,1.8896801471710205;0.03638648986816406;-0.1339254379272461;0.23876261711120605;-0.9774823188781738;-1.291933536529541;-0.7041399478912354;-0.3215291500091553;-1.0436995029449463;-0.6186834573745728;1.269260048866272;1.4619476795196533;1.4608440399169922;1.6123027801513672;-0.3585878610610962;0.04405653476715088;-0.12693583965301514;0.19694077968597412;-0.6481369137763977;0.4445493817329407;0.575284481048584;0.8074039220809937;0.8396312594413757;4.341183125972748;0.41907501220703125;0.0830693244934082;0.668647050857544;-0.07452201843261719;3.5236542224884033;3.596867084503174;8.326961159706116;9.987543940544128,9.987543940544128,36.835269367078446,36.835269367078446;36.835269367078446;36.835269367078446;36.835269367078446;36.835269367078446;36.83526936707844;36.835269367078446;36.835269367078446;36.835269367078446;36.835269367078446;36.835269367078446;36.83526936707844;36.835269367078446;36.835269367078446;36.835269367078446;36.835269367078446;36.835269367078446;36.835269367078446;36.835269367078446;36.83526936707844;36.835269367078446;36.835269367078446;36.83526936707844;36.835269367078446;36.835269367078446;36.83526936707844;36.835269367078446;36.835269367078446;36.83526936707844;36.835269367078446;36.835269367078446;36.83526936707844,16.02147360477028,9.193496017987018;9.321646595661521;9.453420327173113;9.588973069901332;9.728469750637815;9.872085035016468;10.0200040571263;10.172423215715272;10.329551044185239;10.491609162481932;10.658833320017067;10.8314745399438;11.009800376466016;11.194096298426187;11.384667214220391;11.581839155174034;11.785961136927662;11.997407221187963;12.216578803466206;12.443907156240645;12.67985626144455;12.924925971423436;13.179655543676684;13.444627601987149;13.720472585176465;14.00787375498581;14.307572846819644;14.620376461735965;14.94716331565871;15.288892482999822;15.646612797557205;16.02147360477028
233,Li_JVASP-77457_LiCa2Ag.json,1.0627192258834839,1.0627192258834839,1.0627192258834839,383.4586447793726,383.4586447793726,137.4680269151167,137.4680269151167
234,Ca_JVASP-65566_BaLiCa2.json,0.2517378330230713,0.22272717952728271;0.7194429636001587;1.1365125179290771;-0.6825931072235107;1.385099172592163;0.06071734428405762;0.12105846405029297;-0.9490618705749512,1.385099172592163,68.90969011329857,68.90969011329857;68.90969011329855;68.90969011329857;68.90969011329855;68.90969011329855;68.90969011329855;68.90969011329855;68.90969011329857,43.42782364273047,29.855854722657902;31.251071410710956;32.783082615053836;34.473043519954814;36.346708582110686;38.4357532576962;40.77957932576078;43.42782364273047
235,Ca_JVASP-15024_CaSi2.json,2.6995460987091064,1.3773536682128906;1.6379175186157227;2.3407697677612305;2.3486242294311523;2.949150800704956;3.624415159225464;2.6110851764678955;4.70705246925354,4.70705246925354,81.93047049446807,81.93047049446805;81.93047049446807;81.93047049446807;81.93047049446805;81.93047049446805;81.93047049446805;81.93047049446805;81.93047049446805,54.75881172000815,34.807480286952476;36.71868379166739;38.851960989439675;41.248405346469156;43.9599156296928;47.052997287774815;50.61429011926015;54.75881172000815
236,Ca_JVASP-62735_CaBHO3.json,10.184906959533691,5.98989200592041;8.105908393859863;10.807069778442383;8.189777374267578;11.076859951019287;13.382029056549072;11.836174011230469;11.192794799804688;11.2711501121521;9.434921741485596;10.105886459350586;10.826419830322266,13.382029056549072,57.88173754460485,57.88173754460485;57.881737544604846;57.88173754460485;57.881737544604846;57.881737544604846;57.881737544604846;57.881737544604846;57.88173754460485;57.88173754460484;57.88173754460484;57.881737544604846;57.88173754460485,35.363581600162064,22.358012412741925;23.131372652598472;23.96015060832095;24.850524347783143;25.80962570437231;26.84573171761589;27.96850411367983;29.189291503866702;30.52151433861474;31.9811603206081;33.587429112023415;35.363581600162064
237,Ca_JVASP-15153_CaAlSi.json,2.97404146194458,0.852118730545044;1.1998145580291748;0.9868614673614502;2.08589243888855;2.671679973602295;3.834493637084961;4.225924015045166;7.935546875,7.935546875,82.81096414451768,82.81096414451768;82.81096414451765;82.81096414451767;82.81096414451767;82.81096414451765;82.81096414451765;82.81096414451765;82.81096414451765,55.76505083260873,35.21134910905264;37.168407869710734;39.355817598772745;41.816790780973335;44.606069399843015;47.79404497799458;51.4727813492741;55.76505083260873
238,Ca_JVASP-92360_Ca2GaCu2.json,2.225573778152466,0.8280799388885498;1.0455548763275146;1.3640918731689453;1.3053736686706543;1.272617220878601;1.4507876634597778;1.2098747491836548;1.2150949239730835;1.7083162069320679;2.83906352519989;2.882784843444824;2.836463689804077;3.2652225494384766;3.636669158935547;3.612816572189331;5.136368989944458,5.136368989944458,53.85546007656369,53.85546007656369;53.85546007656368;53.85546007656369;53.85546007656369;53.85546007656368;53.85546007656369;53.85546007656369;53.85546007656369;53.85546007656367;53.85546007656368;53.85546007656369;53.85546007656368;53.85546007656368;53.85546007656369;53.85546007656368;53.85546007656368,16.599476378089847,12.095797647186487;12.318612192504956;12.54978964395738;12.78980983420508;13.0391900196896;13.298488601697105;13.568309300415688;13.84930584765526;14.142187275009766;14.447723887511877;14.766754028737992;15.100191762461822;15.449035619074994;15.814378583033946;16.197419531745858;16.599476378089847
239,Na_JVASP-67890_Na2CaBe.json,0.5577147006988525,-0.5398521423339844;-0.3324739933013916;1.4105606079101562;1.228175401687622;-0.2199993133544922;-0.2680325508117676;-0.06944167613983154;-0.18894541263580322;0.13599646091461182;0.44592583179473877;1.1747325658798218;0.36771953105926514;0.5599396228790283;0.5436651706695557;1.686342477798462;2.9891226291656494,2.9891226291656494,52.6971865882681,52.697186588268096;52.69718658826809;52.6971865882681;52.697186588268096;52.69718658826809;52.69718658826809;52.69718658826809;52.69718658826809;52.697186588268096;52.69718658826809;52.697186588268096;52.69718658826809;52.69718658826809;52.697186588268096;52.697186588268096;52.697186588268096,64.47139199346643,35.239244949968416;36.33764145886452;37.50671429514233;38.753511721874176;40.08605142037937;41.51349309240804;43.04634930160232;44.696744816882635;46.47873799365987;48.40872222529448;50.50593174696778;52.793084871042694;55.297210285265244;58.050720222766294;61.09282106367675;64.47139199346643
240,Ca_JVASP-71277_Na2CaBe.json,1.188849925994873,0.8967244625091553;1.0409510135650635;0.6815595626831055;2.849764823913574;1.2557899951934814;1.1584477424621582;0.7659924030303955;0.9197173118591309;1.130702018737793,2.849764823913574,43.2576129992169,43.257612999216896;43.25761299921689;43.257612999216896;43.257612999216896;43.257612999216896;43.257612999216896;43.2576129992169;43.257612999216896;43.257612999216896,50.09590051382053,31.323773288860817;32.86309641872508;34.56153047294659;36.445089474314976;38.5457852410252;40.90346168072934;43.56834611656581;46.60466743986189;50.09590051382053
241,Ca_JVASP-105699_BaCaI4.json,4.772448182106018,2.9154603481292725;5.134937524795532;5.67254251241684;5.366852343082428,5.67254251241684,43.29455775904512,43.294557759045105;43.29455775904512;43.29455775904511;43.2945577590451,10.230129370207548,9.7812358329955;9.926424872535865;10.07598912063519;10.230129370207548
242,Ca_JVASP-99516_CaBC.json,2.321009635925293,-0.2355508804321289;-0.47507381439208984;-0.36907386779785156;-0.21736431121826172;-0.19957304000854492;0.027666568756103516;-0.05660390853881836;0.5381922721862793;0.6675457954406738;1.0377287864685059;1.9007487297058105;3.5538458824157715;5.018190860748291;7.378624439239502;9.050517082214355;4.128068923950195;5.4847731590271;4.545510768890381,9.050517082214355,79.71593389815371,79.7159338981537;79.71593389815371;79.7159338981537;79.71593389815371;79.71593389815371;79.71593389815371;79.71593389815371;79.71593389815371;79.7159338981537;79.7159338981537;79.7159338981537;79.7159338981537;79.71593389815371;79.7159338981537;79.7159338981537;79.71593389815371;79.7159338981537;79.7159338981537,59.444107132568355,23.672150848547687;24.54086071131151;25.47575855212072;26.48470835832058;27.57687128168681;28.762984601182595;30.05571591237842;31.47011732434141;33.02421423485659;34.73977762211992;36.643350243638984;38.767629778477094;41.15336267515102;43.85198313086362;46.9293632372031;50.471261333488336;54.591438989721304;59.444107132568355
243,Ca_JVASP-93902_CaNiGe.json,1.9566152095794678,0.6929517984390259;0.755550742149353;1.2309123277664185;1.0516070127487183;2.4901585578918457;2.3425543308258057;2.369517683982849;2.005816340446472;2.4912025928497314;2.140698194503784;2.07965350151062;1.5482423305511475;3.047835111618042;2.7473533153533936;2.576948642730713;1.7348408699035645,3.047835111618042,48.28973875088154,48.289738750881526;48.28973875088153;48.28973875088153;48.28973875088153;48.289738750881526;48.289738750881526;48.28973875088154;48.28973875088153;48.28973875088154;48.289738750881526;48.28973875088154;48.289738750881526;48.28973875088153;48.28973875088154;48.28973875088153;48.28973875088153,12.515796285251318,9.772352276858156;9.917275753967731;10.066562351211326;10.220412116525443;10.379037517182981;10.542664418755681;10.711533158160599;10.885899721511473;11.066037038914917;11.252236409985619;11.444809075740595;11.644087954713912;11.85042956366261;12.064216146174527;12.285858035914856;12.515796285251318
244,K_JVASP-91459_K2CaN4O8.json,3.748623847961426,3.1919445991516113;3.4423108100891113;3.3945183753967285;3.5290169715881348;4.051602840423584;3.823991298675537;4.048529148101807;4.507076740264893,4.507076740264893,45.53395674160004,45.53395674160003;45.533956741600036;45.533956741600036;45.53395674160004;45.53395674160003;45.533956741600036;45.533956741600036;45.533956741600036,28.64941749344826,22.164888193508553;22.90552426019127;23.69736788175376;24.54591995735026;25.45749854872838;26.439396470388782;27.500076812407418;28.64941749344826
245,Ca_JVASP-68936_Ba2CaMo.json,0.6886070966720581,-0.21850436925888062;-0.5072659850120544;2.836075723171234;3.566039502620697;-0.1488943099975586;0.10830354690551758;-0.14389336109161377;0.016996026039123535,3.566039502620697,38.17965356223343,38.179653562233426;38.17965356223342;38.179653562233426;38.17965356223342;38.17965356223342;38.17965356223342;38.17965356223343;38.179653562233426,8.91946677885641,8.157812488163033;8.258557876999618;8.36182270206448;8.467702668983291;8.576298392964468;8.687715717708642;8.802066059503641;8.91946677885641
246,Ca_JVASP-92769_CaCu2Si2.json,3.1455609798431396,1.7685391902923584;1.9330964088439941;2.761110782623291;3.430915594100952;3.818993330001831;3.117786407470703;4.014264822006226;4.319781303405762,4.319781303405762,67.2957229110129,67.29572291101289;67.29572291101289;67.2957229110129;67.29572291101289;67.2957229110129;67.29572291101289;67.29572291101289;67.29572291101289,17.794317925131963,15.000314183866324;15.344505974929785;15.704864114207377;16.082554969361492;16.478859874171867;16.895189651329737;17.333101393757264;17.794317925131963
247,Ca_JVASP-52575_Ca2CuB2H12O12.json,7.41101598739624,6.092187404632568;6.241261005401611;6.199348449707031;6.344549179077148;8.32084608078003;8.61305856704712;8.550324440002441;8.926552772521973,8.926552772521973,45.77679688762392,45.77679688762391;45.77679688762391;45.77679688762391;45.77679688762391;45.77679688762391;45.77679688762391;45.77679688762392;45.77679688762391,22.38863037297523,18.137929707869265;18.643596760616976;19.178267370450456;19.744510549373835;20.345207942882126;20.98360287926025;21.66335895248569;22.38863037297523
248,Ca_JVASP-18521_Ca3SnO.json,7.597810586293538,1.2825326919555664;2.0189990997314453;2.4197442531585693;1.8227083683013916;2.829948902130127;2.3930954933166504;2.451697587966919;2.2387053966522217;4.255890607833862;3.95346999168396;2.835908889770508;4.136998653411865;5.93748140335083;5.6147637367248535;3.9712066650390625;4.108626365661621;9.40682053565979;11.224536418914795;4.111664295196533;9.320331573486328;6.223590314388275;19.78288584947586;46.30731534957886;23.69853162765503,46.30731534957886,50.02662851883944,50.02662851883944;50.02662851883944;50.02662851883944;50.02662851883944;50.02662851883943;50.02662851883944;50.02662851883943;50.02662851883944;50.02662851883944;50.02662851883943;50.02662851883944;50.02662851883943;50.02662851883944;50.02662851883943;50.02662851883944;50.02662851883943;50.02662851883943;50.02662851883944;50.02662851883944;50.02662851883943;50.02662851883944;50.02662851883944;50.02662851883944;50.02662851883944,23.97799564439727,13.140897823355647;13.404298181292868;13.678473885720782;13.964099950498495;14.261908972922127;14.572697407873077;14.89733268057966;15.236761271743937;15.59201793373381;15.964236226848735;16.35466060164684;16.764660298644106;17.195745392507835;17.649585376935523;18.12803077232987;18.63313834584635;19.1672006685773;19.732780905725154;20.332753953524254;20.97035531607551;21.649239476071408;22.373549982846036;23.14800409689349;23.97799564439727
249,Na_JVASP-103218_NaCaH6Ir.json,1.1968204975128174,0.6059343814849854;0.5010654926300049;0.7803840637207031;1.209073543548584;0.7604000568389893;1.6629154682159424;1.8451876640319824;2.2096033096313477,2.2096033096313477,60.072848694853704,60.072848694853704;60.0728486948537;60.072848694853704;60.07284869485369;60.0728486948537;60.072848694853704;60.072848694853704;60.072848694853704,13.888714488635761,12.819631439395607;12.962168904081986;13.107911666272628;13.256969073668696;13.409455504997867;13.565490662724581;13.725199886437109;13.888714488635761
250,Na_JVASP-103068_Na2CaSi.json,1.074016809463501,-0.1328260898590088;-0.15812504291534424;-0.06515312194824219;1.1961556673049927;-0.15807592868804932;0.500556230545044;0.5418428778648376;0.5260698199272156;0.6986900568008423;0.5305753946304321;0.8922857046127319;1.0747555494308472;2.7138172388076782;2.7470446825027466;3.7575228214263916;2.5191330909729004,3.7575228214263916,57.042896437962796,57.04289643796278;57.04289643796278;57.04289643796279;57.04289643796279;57.042896437962796;57.04289643796278;57.04289643796279;57.042896437962796;57.042896437962796;57.04289643796278;57.04289643796278;57.04289643796278;57.04289643796279;57.04289643796279;57.04289643796278;57.04289643796278,47.1609828683069,29.350762099940443;30.10879592345633;30.90702285285837;31.748726674909733;32.637558905831796;33.577591748354116;34.57338047184051;35.630037231455276;36.75331885078043;37.94973174970176;39.22665805587194;40.59250806295177;42.056905688953826;43.63091558005599;45.327323194367416;47.1609828683069
251,Ca_JVASP-101244_Sr2CaN2.json,6.266247987747192,6.256452798843384;7.098538875579834;6.542194843292236;6.335166692733765;6.040354013442993;5.342491149902344;5.951709747314453;6.5623791217803955;6.266944646835327,7.098538875579834,42.727550187621084,42.72755018762108;42.727550187621084;42.72755018762108;42.72755018762107;42.72755018762108;42.72755018762107;42.727550187621084;42.72755018762107;42.72755018762108,14.33726057756447,12.238216578118523;12.466358442654203;12.703167815360326;12.949148201434273;13.204842875051305;13.470838884860703;13.747771553550361;14.036329544071329;14.33726057756447
252,Ca_JVASP-15650_Ca2CuO3.json,8.717339038848877,6.830219984054565;6.66713547706604;7.209406852722168;7.3825788497924805;6.990239858627319;6.90345025062561;7.293304681777954;7.123990774154663;7.585247755050659;7.440626382827759;7.995703935623169;7.933345556259155;8.223603963851929;8.149079084396362;8.736167907714844;8.77267599105835;9.500934600830078;9.692482471466064;9.87929630279541;9.636608600616455;10.413186073303223;10.646220684051514;10.090035915374756;10.00224494934082;9.437735080718994;9.37470531463623;8.96756887435913;9.158682823181152;9.102200269699097;8.998605966567993;9.54997730255127;8.841473579406738;9.48919415473938;9.403393507003784;10.284234404563904;10.11864721775055,10.646220684051514,32.69599771081471,32.6959977108147;32.69599771081471;32.6959977108147;32.6959977108147;32.6959977108147;32.6959977108147;32.69599771081471;32.6959977108147;32.69599771081471;32.69599771081471;32.6959977108147;32.6959977108147;32.6959977108147;32.6959977108147;32.6959977108147;32.6959977108147;32.6959977108147;32.69599771081471;32.6959977108147;32.69599771081471;32.6959977108147;32.6959977108147;32.6959977108147;32.6959977108147;32.6959977108147;32.6959977108147;32.6959977108147;32.6959977108147;32.6959977108147;32.6959977108147;32.69599771081471;32.6959977108147;32.6959977108147;32.69599771081471;32.6959977108147;32.6959977108147,13.087468563055412,7.7671864021445725;7.858460690373094;7.951905664135265;8.047599690169857;8.14562495345735;8.246067692631373;8.349018453024573;8.454572358909537;8.562829406655274;8.67389478069823;8.78787919442656;8.904899258299807;9.025077877776997;9.14854468390764;9.275436499756953;9.405897846193401;9.540081490969357;9.67814904548071;9.820271614106609;9.96663050161477;10.117417984781794;10.272838155133632;10.433107840573138;10.598457614646476;10.769132903327586;10.945395200493492;11.127523404750553;11.315815291985567;11.510589139994831;11.712185523835739;11.920969303204085;12.137331826233769;12.361693377723094;12.594505904011443;12.836256051678166;13.087468563055412
253,Ca_JVASP-67795_CaBeTc2.json,1.7762622833251953,-0.14197254180908203;-0.18007183074951172;2.8144168853759766;4.067026138305664;2.124307632446289;1.95562744140625;2.0237178802490234;1.5470466613769531,4.067026138305664,90.45798950136118,90.45798950136117;90.45798950136118;90.45798950136117;90.45798950136117;90.45798950136117;90.45798950136117;90.45798950136118;90.45798950136117,15.95159676056541,13.669193693523344;13.954428281513959;14.251820523236873;14.562164644881507;14.886325592099706;15.22524708046296;15.579960771263877;15.95159676056541
254,Ca_JVASP-1309_CaSe.json,6.881595611572266,2.5774831771850586;5.860871315002441;9.037917137145996;5.079975128173828;6.7628326416015625;6.461540699005127;7.444456100463867;11.827688694000244,11.827688694000244,107.27323793089862,107.27323793089862;107.2732379308986;107.2732379308986;107.2732379308986;107.2732379308986;107.27323793089859;107.2732379308986;107.27323793089859,39.89752464594558,28.143829450586274;29.3803085651046;30.730428047889937;32.210608916450674;33.84059606802987;35.64434411529923;37.651202469545105;39.89752464594558
255,Ca_JVASP-64626_Ba4CaMo.json,0.9563472270965576,2.2335901260375977;1.3829047679901123;0.7867900133132935;0.45413506031036377;0.7792845964431763;0.8761152029037476;0.6327699422836304;0.5051881074905396,2.2335901260375977,22.424783190109643,22.424783190109643;22.42478319010964;22.424783190109636;22.424783190109636;22.424783190109643;22.424783190109643;22.42478319010964;22.42478319010964,5.15208802992181,4.888454793979637;4.924452664681886;4.960984634590203;4.998062679162459;5.03569913456732;5.073906711368426;5.112698508836298;5.15208802992181
256,Ca_JVASP-98900_BaCaC2O6.json,8.075147151947021,6.419012546539307;6.463183879852295;6.471526622772217;6.730875492095947;8.788689136505127;9.688257694244385;10.222299575805664;9.81733226776123,10.222299575805664,41.49097016519654,41.49097016519654;41.49097016519654;41.490970165196536;41.49097016519654;41.49097016519654;41.490970165196536;41.49097016519654;41.49097016519654,12.769685794048124,11.264049595857777;11.45703028691397;11.656738701813405;11.863532896338775;12.077796793247801;12.29994256111729;12.53041326062937;12.769685794048124
257,Ca_JVASP-70316_NaCaBe.json,1.0456628799438477,2.5194684267044067;2.2279924154281616;1.1237505674362183;1.1635104417800903;0.7397615909576416;0.9954731464385986;0.5317200422286987;0.5411468744277954;1.1182607412338257;1.07569420337677;1.0571889877319336;1.1638102531433105;0.3500816822052002;0.4701206684112549;0.8469657897949219;0.8431987762451172;1.010333776473999;1.0434534549713135,2.5194684267044067,27.776515714782754,27.776515714782754;27.77651571478275;27.77651571478275;27.776515714782747;27.77651571478275;27.77651571478275;27.776515714782747;27.77651571478275;27.77651571478275;27.77651571478275;27.776515714782747;27.776515714782747;27.77651571478275;27.776515714782747;27.776515714782754;27.77651571478275;27.77651571478275;27.77651571478275,43.500909749930905,20.65721688607106;21.31565933604779;22.017459088874933;22.767044448378964;23.56946801995183;24.430520747186165;25.35687189260783;26.356242120104156;27.43761918601418;28.611528999867183;29.89037937878149;31.288900304028243;32.82471383737515;34.519080547230494;36.39788969428104;38.49299139403513;40.84401696405965;43.500909749930905
258,Ca_JVASP-66538_BaCaSb.json,-0.35162848234176636,-0.3531826138496399;-0.7619521021842957;-1.0463010668754578;-1.2217701077461243;-0.8740811347961426;-0.6290669441223145;-0.0030122995376586914;2.0763384103775024,2.0763384103775024,44.336053194790935,44.33605319479093;44.33605319479092;44.33605319479093;44.336053194790935;44.33605319479093;44.33605319479092;44.33605319479093;44.33605319479093,12.68544641363019,11.198452927778613;11.389173472643742;11.586502885705945;11.79079074047841;12.002411707038718;12.221767845353527;12.449291154761735;12.68544641363019
259,Ca_JVASP-85693_Ca5Ge3H.json,2.9527585029602053,1.1986356973648071;1.5840572118759155;2.323075771331787;3.292689085006714;3.839166760444641;4.128375887870789;4.087794780731201;3.3782198429107666;2.6837282180786133;3.0118417739868164,4.128375887870789,104.12293772423328,104.12293772423328;104.12293772423327;104.12293772423328;104.12293772423327;104.12293772423328;104.12293772423327;104.12293772423325;104.12293772423327;104.12293772423325;104.12293772423327,56.07780172669724,31.95842438927262;33.56235287680225;35.33578420183157;37.307086892800314;39.51133396794332;41.99240794333229;44.80595207002941;48.02359319095896;51.739124904068035;56.07780172669724
260,Ca_JVASP-96803_KCa12Si4S2O26F.json,10.18977435429891,7.413370132446289;9.081663131713867;10.751707077026367;8.284608840942383;9.29146671295166;8.022749900817871;10.748993873596191;10.086884498596191;11.72785758972168;12.673702239990234;12.807336330413818;11.386951923370361,12.807336330413818,72.12246436473022,72.1224643647302;72.12246436473019;72.1224643647302;72.1224643647302;72.1224643647302;72.1224643647302;72.1224643647302;72.1224643647302;72.12246436473022;72.12246436473022;72.1224643647302;72.1224643647302,38.80723187375716,23.68691071377797;24.556724118464242;25.492854053138796;26.50318527570434;27.596904079390896;28.784778407582845;30.07951356579173;31.49620845427061;33.0529470997601;34.771574731650375;36.67872925592302;38.80723187375716
261,Ca_JVASP-17899_CaVF6.json,9.080909490585327,9.20815372467041;8.966066360473633;8.890516757965088;8.918466091156006;8.875474452972412;8.858168601989746;9.22161054611206;9.708819389343262,9.708819389343262,48.62956254158145,48.62956254158144;48.62956254158145;48.62956254158145;48.62956254158144;48.62956254158145;48.629562541581436;48.62956254158144;48.62956254158144,19.713735812469523,16.34157597452918;16.750911679423165;17.18128092592402;17.634347664140606;18.11195610979528;18.616155835349446;19.149231172049213;19.713735812469523
262,Ca_JVASP-102106_Ca3Eu.json,0.9502153396606445,4.562333583831787;0.4268178939819336;0.3732590675354004;0.3175959587097168;0.4759284257888794;0.994505763053894;1.0598721504211426;1.3083486557006836;-0.22362065315246582;-0.04088234901428223;4.382274270057678;0.05782210826873779;0.9775409698486328;-0.30986881256103516;0.39668941497802734;0.982945442199707;0.23972558975219727;-0.33919715881347656;-0.21776795387268066;-0.3581688404083252;2.209597110748291;-1.5587358474731445;3.1674578189849854;3.9206955432891846,4.562333583831787,36.67234341923302,36.67234341923301;36.672343419233016;36.672343419233016;36.672343419233016;36.672343419233016;36.672343419233016;36.672343419233016;36.672343419233016;36.67234341923301;36.672343419233016;36.672343419233016;36.672343419233016;36.67234341923301;36.672343419233016;36.672343419233016;36.672343419233016;36.672343419233016;36.67234341923302;36.672343419233016;36.67234341923301;36.672343419233016;36.672343419233016;36.672343419233016;36.67234341923302,21.342327428241276,12.3078978175405;12.538669534079018;12.778260498625512;13.02718611860457;13.286002760714029;13.555311902176069;13.83576479731266;14.128067735654799;14.432987980953337;14.751360496229864;15.084095578978383;15.432187553541034;15.796724695464885;16.17890059648014;16.580027220123025;17.001549948878345;17.445064986507578;17.912339557155992;18.405335440063116;18.926236500697765;19.477481033115055;20.061799923882486;20.682261897902496;21.342327428241276
263,Ca_JVASP-61495_CaAu5.json,4.884877681732178,4.164361119270325;4.327595949172974;4.7384068965911865;4.973787188529968;4.2524741888046265;5.596894145011902;5.213286340236664;5.812215626239777,5.812215626239777,46.10931218784458,46.10931218784457;46.10931218784458;46.10931218784457;46.10931218784458;46.10931218784457;46.10931218784457;46.10931218784458;46.10931218784457,3.3845635528938707,3.2687576548562025;3.284813779064419;3.3010284171246815;3.317403928070289;3.3339427179780214;3.350647241146679;3.367520001311239;3.3845635528938707
264,Ca_JVASP-1405_CaO.json,10.475228309631348,3.454010009765625;5.512796401977539;8.380494117736816;10.004618644714355;12.15974235534668;11.187210083007812;7.434662342071533;7.5656256675720215;7.421046733856201;8.060118198394775;9.125794410705566;8.849257469177246;10.476499080657959;10.444729328155518;11.315783262252808;8.489097833633423;9.556240558624268;10.539132595062256;10.650239944458008;11.92175006866455;10.59083366394043;11.701961517333984;12.262939095497131;12.53618037700653;13.17085087299347;15.584168791770935;24.435380935668945,24.435380935668945,59.25958575924376,59.259585759243755;59.259585759243755;59.259585759243755;59.25958575924375;59.25958575924376;59.259585759243755;59.259585759243755;59.25958575924374;59.25958575924375;59.25958575924376;59.259585759243755;59.259585759243755;59.259585759243755;59.259585759243755;59.25958575924375;59.25958575924375;59.259585759243755;59.25958575924375;59.25958575924375;59.25958575924376;59.259585759243755;59.259585759243755;59.25958575924376;59.259585759243755;59.259585759243755;59.259585759243755;59.259585759243755,56.77536577014093,17.701381622880696;18.182677615681985;18.69087775259298;19.228302785059334;19.797548283855082;20.40152655965321;21.04351649847004;21.72722311207037;22.45684908701289;23.237181250843047;24.073695714446337;24.97268657256625;25.941424559548743;26.9883541227277;28.12334022293767;29.357980143612952;30.706001203323567;32.18377331136525;33.810977011460416;35.61148497412744;37.61454097935428;39.856360502137264;42.38233994057172;45.25016277527396;48.53425833269248;52.33235409767238;56.77536577014093
265,Na_JVASP-110011_NaCa2Rh.json,0.1974390745162964,-0.308616042137146;-0.36039865016937256;0.5546588897705078;2.1063315868377686;-0.34500133991241455;-0.12768328189849854;-0.07515788078308105;0.13537931442260742,2.1063315868377686,58.37878904448215,58.37878904448214;58.37878904448213;58.37878904448213;58.37878904448214;58.37878904448214;58.37878904448214;58.37878904448214;58.37878904448215,18.01802342363099,16.258988269498946;16.48895363261404;16.725517534959074;16.968968114380093;17.21961053263787;17.477768251527053;17.743784425532542;18.01802342363099
266,Na_JVASP-121975_NaCaSiO4.json,3.337627410888672,2.8663411140441895;3.34089994430542;3.30535888671875;3.6981372833251953;2.8167314529418945;3.2394933700561523;3.222534656524658;3.3700156211853027;3.775338649749756;4.096822261810303;3.1916089057922363;3.5928025245666504;3.736050605773926;3.8129501342773438;2.9347939491271973;2.4021592140197754,4.096822261810303,30.33950350432204,30.339503504322032;30.339503504322035;30.339503504322032;30.339503504322035;30.33950350432203;30.33950350432204;30.33950350432203;30.339503504322035;30.339503504322035;30.339503504322035;30.339503504322035;30.33950350432203;30.339503504322035;30.339503504322035;30.339503504322032;30.339503504322032,12.53830955051428,10.796540121514969;10.897462106649519;11.000288656242825;11.105074197271346;11.211875250478153;11.320750532032752;11.431761061172105;11.544970274237514;11.66044414555512;11.778251315644084;11.898463227275881;12.021154269951479;12.146401933410301;12.274286970836624;12.404893572485731;12.53830955051428
267,Na_JVASP-41281_NaCa2Tl.json,0.5121884346008301,0.1557626724243164;-0.13863754272460938;0.45240211486816406;1.0859413146972656;1.0353806018829346;0.20166444778442383;0.5740593671798706;0.7309345006942749,1.0859413146972656,46.57499415763144,46.57499415763143;46.57499415763144;46.57499415763144;46.57499415763144;46.57499415763144;46.57499415763143;46.57499415763144;46.57499415763143,11.6563444363708,10.893881277573152;10.996639943505249;11.101355652055462;11.208084848650694;11.316886170470372;11.427820553870305;11.540951348187248;11.6563444363708
268,Ca_JVASP-61492_Ca3Au.json,1.9727521737416585,0.4073016047477722;0.4210435748100281;0.7078387141227722;0.6624283194541931;0.7732160687446594;0.8338883519172668;1.6091769337654114;1.7728915810585022;1.5525593161582947;1.5122858881950378;1.2566863298416138;0.7827086448669434;2.1631587743759155;2.0787492990493774;1.8864210844039917;1.8087047338485718;1.7994413375854492;1.9191133975982666;1.4487695693969727;1.4075229167938232;1.0509796142578125;0.9696609973907471;1.4860397577285767;0.541718602180481;1.7040576934814453;1.2556631565093994;1.3675767183303833;1.2834354639053345;1.2367701530456543;0.9125518798828125;1.1584546566009521;0.6843087673187256;0.7875914573669434;1.165954351425171;1.680924892425537;1.897392988204956;2.2609208822250366;2.076995015144348;1.7021832466125488;2.386888027191162;2.855934262275696;2.7238844633102417;2.530912399291992;2.7100048065185547;5.640969753265381;6.505975723266602;7.1331775188446045;10.177270650863647,10.177270650863647,21.806980927403337,21.806980927403334;21.80698092740333;21.806980927403334;21.806980927403337;21.806980927403334;21.806980927403334;21.80698092740333;21.806980927403334;21.80698092740333;21.806980927403334;21.806980927403334;21.806980927403334;21.806980927403334;21.80698092740333;21.80698092740333;21.806980927403334;21.806980927403334;21.806980927403334;21.806980927403334;21.806980927403334;21.806980927403334;21.806980927403334;21.80698092740333;21.806980927403337;21.806980927403337;21.806980927403334;21.806980927403334;21.806980927403334;21.80698092740333;21.806980927403334;21.80698092740333;21.806980927403334;21.806980927403334;21.806980927403334;21.806980927403334;21.80698092740333;21.806980927403337;21.806980927403334;21.80698092740333;21.806980927403334;21.806980927403334;21.80698092740333;21.80698092740333;21.806980927403334;21.806980927403334;21.806980927403334;21.80698092740333;21.806980927403334,8.397656082889961,5.2808624850526185;5.322896426633166;5.3656048900959;5.4090042429224505;5.453111386461919;5.497943777876667;5.54351945317962;5.589857051426967;5.636975840134443;5.684895741989979;5.733637362940549;5.783222021736381;5.833671781021556;5.885009480066207;5.9372587692424;5.990444146352976;6.044590994930638;6.0997256246330736;6.15587531386915;6.213068354801313;6.271334100880153;6.330703017078962;6.391206733008881;6.4528780991092365;6.51575124612279;6.579861648082162;6.645246189051646;6.711943233888285;6.779992703307434;6.849436153561434;6.9203168610655705;6.992679912333441;7.066572299614442;7.142043022659714;7.219143197079592;7.297926169796148;7.378447642138783;7.460765801179757;7.544941459960446;7.6310382073184835;7.719122568091533;7.809264174545954;7.901535949958732;7.996014305369899;8.09277935062115;8.191915120905664;8.293509820175723;8.397656082889961
269,Na_JVASP-119163_NaCaGaSi2O7.json,5.263340950012207,3.279326915740967;3.37288236618042;4.678112506866455;4.92947244644165;3.6282095909118652;3.917961597442627;5.569923400878906;5.690868377685547;6.61362361907959;6.445646286010742;6.411374568939209;6.343804836273193;5.914222717285156;5.932829856872559;5.971090793609619;5.514105319976807,6.61362361907959,18.22307172903102,18.223071729031016;18.223071729031016;18.223071729031016;18.223071729031016;18.223071729031016;18.223071729031016;18.22307172903102;18.22307172903102;18.223071729031016;18.223071729031016;18.22307172903102;18.223071729031016;18.223071729031016;18.223071729031016;18.223071729031016;18.223071729031016,5.995220629434799,5.565876243208885;5.5925768616794285;5.6195348913876755;5.646754072780106;5.67423821912591;5.701991218297882;5.730017034605837;5.7583197106843675;5.786903369436822;5.815772216037469;5.844930539993887;5.87438271727171;5.904133212483951;5.934186581147163;5.9645474720068785;5.995220629434799
270,Li_JVASP-142220_Li2CaTa2O7.json,4.502722501754761,2.285299062728882;2.0787017345428467;3.5996758937835693;3.4298007488250732;6.038922071456909;6.4080798625946045;5.939029932022095;6.2422707080841064,6.4080798625946045,79.49463585321874,79.49463585321874;79.49463585321874;79.49463585321874;79.49463585321872;79.49463585321872;79.49463585321874;79.49463585321874;79.49463585321872,12.992646588419019,12.69366399197111;12.735530552698085;12.777674197992157;12.820097687720443;12.86280381852458;12.905795424435299;12.949075377499332;12.992646588419019
271,Ca_JVASP-91864_CaMnO2.json,8.358525276184082,3.3010406494140625;3.4043684005737305;3.036062240600586;3.0782289505004883;5.200564861297607;5.313748836517334;5.149435520172119;4.7975754737854;6.82027006149292;7.053268909454346;6.742039203643799;7.0002875328063965;7.841580867767334;8.030222415924072;12.025158882141113;11.796540260314941;12.986065864562988;12.19847583770752;13.888107776641846;13.589372158050537;12.591641426086426;11.35529613494873;11.894840717315674;11.510413646697998,13.888107776641846,37.43149122671878,37.43149122671877;37.43149122671877;37.43149122671878;37.43149122671877;37.43149122671877;37.43149122671877;37.43149122671876;37.43149122671877;37.43149122671877;37.43149122671877;37.43149122671877;37.43149122671877;37.43149122671877;37.43149122671877;37.43149122671877;37.43149122671877;37.43149122671877;37.43149122671877;37.43149122671877;37.43149122671877;37.43149122671877;37.43149122671877;37.43149122671877;37.43149122671877,12.603196065864156,8.792109221928321;8.909242718433317;9.029539395202507;9.15312913814211;9.280149042974891;9.410743922540792;9.545066857542889;9.683279795142283;9.825554200323174;9.972071765536416;10.123025184796983;10.278618999170003;10.439070521446183;10.604610848796906;10.77548597333256;10.951958001787714;11.134306497051767;11.3228299559865;11.517847439961727;11.719700376844113;11.928754555847453;12.145402339763601;12.370065122721298;12.603196065864156
272,Li_JVASP-118840_LiCa2As.json,-0.012124776840209961,-0.19085490703582764;-0.21776306629180908;-0.9687449932098389;-0.7289636135101318;-0.4263559579849243;0.7863360643386841;0.6619739532470703;0.9873743057250977,0.9873743057250977,58.25521434813239,58.25521434813238;58.255214348132384;58.25521434813238;58.255214348132384;58.25521434813238;58.25521434813238;58.255214348132384;58.25521434813239,21.483089143248144,20.677781255602067;20.78910890944897;20.901641812071492;21.015399642280514;21.13040250964148;21.24667096632534;21.364226019352934;21.483089143248144
273,Ca_JVASP-66162_BaCaIn.json,-0.20684289932250977,-0.8545289039611816;-0.017488956451416016;-0.08587336540222168;-0.19719815254211426;-0.16605710983276367;1.032536506652832;-0.3760427236557007;-0.9900904893875122,1.032536506652832,47.613214476473935,47.61321447647393;47.613214476473935;47.61321447647392;47.61321447647393;47.61321447647393;47.61321447647393;47.61321447647393;47.613214476473935,13.02789534371381,11.464481475239419;11.664452006092645;11.871522394792724;12.086077590634307;12.308530884030247;12.539326563614903;12.778942877997933;13.02789534371381
274,Ca_JVASP-68887_Sr2CaBe.json,1.2401580810546875,0.8913369178771973;1.0781145095825195;0.8138511180877686;3.0068399906158447;1.349375605583191;0.9439417123794556;1.4399441480636597;0.8478695154190063;0.7901492118835449,3.0068399906158447,34.71643176711973,34.71643176711972;34.71643176711973;34.71643176711972;34.71643176711972;34.71643176711972;34.71643176711973;34.71643176711972;34.71643176711972;34.71643176711973,15.78091596881363,13.274818158248497;13.543669475939318;13.823635850574416;14.115421122289412;14.419789838418554;14.737573942837264;15.069680369757618;15.417099687936787;15.78091596881363
275,Li_JVASP-102282_Li2CaAl.json,0.6822425127029419,0.15406811237335205;0.09541261196136475;1.0317764282226562;2.3312735557556152;0.06868410110473633;1.5016474723815918;1.0809282660484314;0.8079882264137268;0.8462652564048767;-0.09469765424728394;0.34852683544158936;0.04511415958404541;0.3756176829338074;1.4301597476005554;0.5188871622085571;0.37422823905944824,2.3312735557556152,67.36253951890221,67.3625395189022;67.36253951890221;67.36253951890221;67.36253951890221;67.3625395189022;67.36253951890221;67.3625395189022;67.3625395189022;67.36253951890221;67.3625395189022;67.36253951890221;67.3625395189022;67.36253951890221;67.3625395189022;67.3625395189022;67.36253951890221,49.320257060444796,41.39018392885959;41.83865905286399;42.2969593621243;42.76541130756395;43.24435596425434;43.73414985959435;44.23516585841543;44.747794109629915;45.272443059473744;45.8095405368738;46.359534917001476;46.9228963696634;47.500118199834475;48.09171828836674;48.69824064171757;49.320257060444796
276,Ca_JVASP-101548_Ca2InHg.json,1.8895421028137207,0.6834667921066284;0.7921777963638306;2.2712122201919556;4.173102259635925;1.7927687168121338;2.0542218685150146;2.66666841506958;1.8386235237121582;1.013972520828247;0.9535753726959229;0.8571994304656982;0.8950507640838623;1.4356088638305664;2.029252529144287;2.597022533416748;4.178750038146973,4.178750038146973,50.74379553867657,50.74379553867656;50.743795538676565;50.743795538676565;50.74379553867656;50.743795538676565;50.743795538676565;50.74379553867656;50.743795538676565;50.743795538676565;50.743795538676565;50.74379553867656;50.74379553867656;50.743795538676565;50.74379553867656;50.74379553867657;50.74379553867656,10.455679094366303,8.469388443182112;8.578027687930392;8.689490240786444;8.803887608526917;8.921337248222859;9.0419629695104;9.165895369943513;9.293272306646855;9.424239407849786;9.558950628291898;9.697568852953582;9.840266554089142;9.987226507134924;10.138642571740592;10.294720544941312;10.455679094366303
277,Ca_JVASP-88635_CaAl2SiO6.json,8.464257717132568,5.1349196434021;6.849215984344482;9.576198101043701;15.515716075897217;10.251986026763916;6.439090251922607;7.1006317138671875;6.846303939819336,15.515716075897217,51.57303605875705,51.57303605875705;51.57303605875705;51.57303605875704;51.57303605875704;51.57303605875705;51.57303605875703;51.57303605875705;51.57303605875704,18.301549604226164,15.359157541055648;15.720212274739975;16.09865060985578;16.495758959801535;16.912953876912002;17.351798936211868;17.814024317713567;18.301549604226164
278,Ca_JVASP-100452_SrCa2N2.json,5.895333409309387,2.932140350341797;4.6502509117126465;5.128035068511963;4.606605529785156;5.2643678188323975;5.97666335105896;4.363879680633545;5.4217610359191895;5.825944423675537;4.638599872589111;5.09542179107666;4.846243381500244;4.542616367340088;5.593454360961914;5.929333448410034;4.177416086196899;5.801006078720093;6.375476121902466;7.029459714889526;6.077886343002319;5.603801250457764;6.194012641906738;6.36372184753418;6.499782562255859;6.914478302001953;7.5182294845581055;8.102741718292236;5.413839340209961;4.985590696334839;4.592892408370972;7.401508092880249;6.380053758621216;6.489184856414795;7.7853827476501465;8.120084166526794;9.590137124061584,9.590137124061584,26.97211341019914,26.97211341019914;26.972113410199135;26.972113410199135;26.97211341019914;26.972113410199135;26.972113410199135;26.972113410199132;26.972113410199135;26.97211341019914;26.972113410199135;26.972113410199132;26.97211341019914;26.972113410199135;26.972113410199135;26.97211341019914;26.972113410199135;26.972113410199135;26.972113410199132;26.972113410199135;26.972113410199135;26.972113410199135;26.97211341019914;26.97211341019914;26.97211341019914;26.972113410199135;26.972113410199135;26.972113410199135;26.972113410199135;26.972113410199132;26.972113410199135;26.972113410199135;26.972113410199135;26.97211341019914;26.97211341019914;26.972113410199135;26.972113410199135,12.633393417720573,7.604963224405382;7.692443201080116;7.781959164019624;7.8735830276058145;7.967390133417606;8.063459456853462;8.161873828884904;8.262720174249628;8.366089767523933;8.47207850865998;8.580787219736278;8.69232196485146;8.806794395294878;8.924322122355253;9.045029120384138;9.169046163017967;9.296511295785427;9.427570348690761;9.56237749277442;9.701095845116779;9.84389812727659;9.990967382752455;10.142497759733537;10.298695366177968;10.459779205137837;10.625982199256567;10.797552314517212;10.974753794643531;11.157868519077613;11.347197499212136;11.543062529582247;11.745808013069341;11.955802981893985;12.17344333934664;12.399154350905498;12.633393417720573
279,Ca_JVASP-100669_Ca2Mg.json,0.6029636859893799,0.5550128221511841;0.8643616437911987;1.8417367935180664;0.4453134536743164;0.18760037422180176;0.008919477462768555;0.38606929779052734;0.5346956253051758,1.8417367935180664,109.52371389339841,109.5237138933984;109.5237138933984;109.5237138933984;109.52371389339841;109.52371389339841;109.5237138933984;109.52371389339841;109.52371389339838,195.2066407457582,64.14231474213129;70.9473096072995;79.36758594060527;90.05571506707136;104.07048972986311;123.25126859524823;151.09981824548478;195.2066407457582
280,Ca_JVASP-92523_Ca2MgPd2.json,2.858081877231598,1.3476872444152832;1.3332538604736328;1.1407220363616943;1.2217462062835693;1.5615780353546143;2.6209676265716553;2.0074445009231567;1.4905108213424683;2.362806797027588;3.8082962036132812;3.4552100896835327;3.1827856302261353;3.593134820461273;5.094017207622528;4.87744665145874;6.631702303886414,6.631702303886414,49.15931850714184,49.15931850714183;49.15931850714184;49.15931850714183;49.159318507141826;49.15931850714183;49.15931850714184;49.15931850714183;49.159318507141826;49.15931850714183;49.15931850714183;49.159318507141826;49.159318507141826;49.15931850714183;49.159318507141826;49.159318507141826;49.15931850714183,13.834893472619838,10.558382009949192;10.727758687247526;10.90265821450002;11.083355193261985;11.270142736504797;11.463334055217329;11.663264211037324;11.870292055542414;12.084802379812961;12.307208301355237;12.537953919536564;12.77751727544569;13.026413657688224;13.285199302224111;13.554475542154673;13.834893472619838
281,K_JVASP-140282_K2Ca2MgS4O18.json,4.771093368530273,4.613373279571533;4.749922275543213;4.767258167266846;4.863890171051025;4.6066203117370605;4.8863701820373535;4.749901294708252;4.931411266326904,4.931411266326904,31.59065506817631,31.590655068176304;31.590655068176304;31.59065506817631;31.590655068176307;31.59065506817631;31.590655068176304;31.590655068176304;31.590655068176304,12.630655310094012,11.187667831251503;11.373287788285179;11.56517108262535;11.763640168342041;11.96904002043159;12.181740135897577;12.402136752057649;12.630655310094012
282,Ca_JVASP-66054_BaCaSn.json,0.04162561893463135,0.14696836471557617;-0.2554912567138672;-0.36017560958862305;-0.26059675216674805;-0.23809123039245605;-0.3354525566101074;0.9584763050079346;0.6773676872253418,0.9584763050079346,46.32034156489618,46.32034156489618;46.32034156489618;46.32034156489618;46.32034156489618;46.32034156489618;46.320341564896175;46.32034156489618;46.320341564896175,12.83365975687837,11.31379757911247;11.508501375838769;11.710023995969488;11.918730032165945;12.135010541078866;12.359285488838573;12.592006472831482;12.83365975687837
283,Li_JVASP-80701_Li2CaMg.json,0.4617435932159424,0.4887664318084717;0.4347207546234131,0.4887664318084717,450.55019890708434,450.55019890708434;450.5501989070843,375.77086760573025,342.44529944561566;375.77086760573025
284,Ca_JVASP-71352_Na2CaBe.json,1.1855509281158447,0.8937852382659912;1.179234266281128;0.5604877471923828;3.0862956047058105;1.3630008697509766;0.9863495826721191;0.9552762508392334;0.6877000331878662;0.9578287601470947,3.0862956047058105,43.25252676932364,43.25252676932363;43.25252676932362;43.25252676932363;43.25252676932363;43.25252676932363;43.25252676932363;43.25252676932364;43.25252676932363;43.25252676932363,50.09590051382053,31.323773288860817;32.86309641872508;34.56153047294659;36.445089474314976;38.5457852410252;40.90346168072934;43.56834611656581;46.60466743986189;50.09590051382053
285,Ca_JVASP-106124_CaDyAl4.json,1.608344554901123,1.3280863761901855;1.3545832633972168;1.5012516975402832;1.8443121910095215;1.597299575805664;1.7150530815124512;1.66609787940979;1.860072374343872,1.860072374343872,44.625409179946764,44.62540917994676;44.62540917994675;44.62540917994676;44.625409179946764;44.625409179946764;44.62540917994676;44.62540917994676;44.62540917994676,12.163211537133531,10.789501920232242;10.966437099621352;11.14927208788233;11.338306977175854;11.533862562823437;11.736282160012552;11.945933615218426;12.163211537133531
286,Ca_JVASP-3006_CaCd2P2.json,3.9942455291748047,2.680860757827759;2.768344521522522;3.4343796968460083;3.595245122909546;4.237248122692108;4.18879097700119;5.253651916980743;5.795443117618561,5.795443117618561,49.20554051680065,49.20554051680065;49.20554051680064;49.205540516800646;49.20554051680065;49.20554051680065;49.20554051680065;49.20554051680065;49.20554051680065,11.481916190314768,10.249994031280742;10.409546177568604;10.574144066684228;10.744030897108;10.919465751671519;11.100724915929874;11.28810333005741;11.481916190314768
287,Ca_JVASP-65624_Ba2CaNi.json,-0.28039073944091797,-0.3201446533203125;-0.40732359886169434;0.10466551780700684;0.8936748504638672;-0.3283066749572754;-0.6194512844085693;-0.7237739562988281;-0.8424661159515381,0.8936748504638672,38.96146590704698,38.96146590704698;38.96146590704697;38.96146590704698;38.96146590704697;38.96146590704698;38.96146590704697;38.96146590704698;38.96146590704698,9.901328138444507,8.971497841707846;9.093493097100756;9.21885189574217;9.347715286949619;9.480232318331687;9.616560610875869;9.756866984379942;9.901328138444507
288,Ca_JVASP-66051_BaCaSe.json,-2.187014102935791,0.0022259950637817383;-1.4858441352844238;-1.1766875982284546;-1.7182648181915283;-1.7577528953552246;-2.3665823936462402;-2.4968979358673096;-6.496309041976929,0.0022259950637817383,43.73401722619082,43.73401722619082;43.734017226190815;43.734017226190815;43.734017226190815;43.734017226190815;43.734017226190815;43.734017226190815;43.734017226190815,15.138881028026345,13.068028670602027;13.328486952784509;13.59953873782508;13.881843739018725;14.17611760931463;14.483137998903619;14.80375141738699;15.138881028026345
289,Ca_JVASP-94760_RbCaMg6.json,0.6867885589599609,1.0408470630645752;0.8155500888824463;0.5649938583374023;0.6826663017272949;0.5610544681549072;0.6664073467254639;0.43828511238098145;0.7245042324066162,1.0408470630645752,23.243476586472298,23.243476586472294;23.243476586472294;23.243476586472294;23.243476586472298;23.243476586472298;23.243476586472298;23.243476586472298;23.243476586472294,14.177224426976153,12.34518763330735;12.577373017841008;12.818459589988414;13.068969214287803;13.329465363364573;13.600557349015826;13.882905080319102;14.177224426976153
290,Ca_JVASP-89295_CaGaGe.json,2.9838240146636963,1.4164236187934875;1.7826434969902039;2.3088095784187317;1.8075382113456726;1.643888235092163;1.494499921798706;1.590487539768219;2.013187825679779;2.1137778759002686;2.7375268936157227;4.542351245880127;6.858019113540649;2.5894389152526855;3.991056203842163;4.87201452255249;5.979521036148071,6.858019113540649,41.45808253319965,41.45808253319965;41.45808253319965;41.458082533199644;41.458082533199644;41.45808253319965;41.458082533199644;41.45808253319965;41.45808253319965;41.458082533199644;41.458082533199644;41.458082533199644;41.45808253319965;41.45808253319965;41.458082533199644;41.458082533199644;41.458082533199644,11.56289884882652,9.18155779166659;9.309373451659273;9.44079797143651;9.575986383239487;9.715102728310823;9.858320720938544;10.005824472114082;10.157809279142814;10.314482488328004;10.476064438741123;10.642789496112067;10.814907187041191;10.99268344507699;11.176401981746404;11.366365797404502;11.56289884882652
291,Ca_JVASP-63992_BaCaTe.json,-1.6839821338653564,-0.3152550458908081;-1.1946295499801636;-1.0582833290100098;-1.2071597576141357;-1.531972885131836;-1.8193988800048828;-1.4513312578201294;-4.893826365470886,-0.3152550458908081,39.47234204765607,39.47234204765607;39.47234204765607;39.47234204765606;39.47234204765607;39.47234204765607;39.47234204765606;39.47234204765607;39.47234204765607,12.411000614547257,10.984033606461825;11.167460718591007;11.357118130006013;11.553328752969476;11.756438207150637;11.96681685134334;12.184862037301396;12.411000614547257
292,Na_JVASP-113076_NaCaMgAlSi4O12.json,2.8910107612609863,2.6324501037597656;2.598475456237793;2.776797294616699;2.7858753204345703;2.9149837493896484;2.9796667098999023;3.1756949424743652;3.2641425132751465,3.2641425132751465,26.1247175132054,26.124717513205397;26.1247175132054;26.124717513205397;26.12471751320539;26.124717513205393;26.124717513205397;26.124717513205397;26.124717513205397,8.405448105690326,8.001605742987422;8.056905244814383;8.112974421206983;8.169829453606246;8.227486980246995;8.285964112391243;8.345278451258801;8.405448105690326
293,Ca_JVASP-62082_Ca5Au3.json,2.7066408157348634,0.6494259834289551;1.325125813484192;1.294080376625061;1.8650445938110352;3.7142646312713623;2.045966148376465;2.92270565032959;3.1929502487182617;3.6117902994155884;6.445054411888123,6.445054411888123,101.51801524713922,101.51801524713919;101.51801524713922;101.51801524713922;101.5180152471392;101.51801524713922;101.5180152471392;101.5180152471392;101.51801524713922;101.51801524713922;101.5180152471392,21.934672868182755,16.935315298566817;17.37533665632744;17.838833654592598;18.327736459883415;18.844192798971843;19.390599500793968;19.969639689772514;20.58432684824409;21.23805727506559;21.934672868182755
294,Ca_JVASP-87905_CaNi3P4O14.json,9.015880584716797,8.221129417419434;8.45327091217041;8.3616361618042;8.61449146270752;9.408838272094727;9.658790588378906;9.59673261642456;9.81215524673462,9.81215524673462,22.844736859119326,22.844736859119323;22.844736859119323;22.844736859119326;22.844736859119323;22.844736859119323;22.84473685911932;22.844736859119323;22.84473685911932,6.33333342685774,5.939572326594301;5.9927993468111165;6.046988973036823;6.102167556519749;6.158362419182833;6.215601898733761;6.273915396314382;6.33333342685774
295,Ca_JVASP-65614_BaSr2Ca.json,0.3981318473815918,0.9942635297775269;0.9640427827835083;0.21562480926513672;-0.5814037322998047,0.9942635297775269,54.028734350773505,54.0287343507735;54.0287343507735;54.028734350773505;54.02873435077349,20.770771065366272,19.000327071921557;19.555959320826318;20.145067558245422;20.770771065366272
296,Ca_JVASP-74201_Ca2TaBe.json,2.335913896560669,0.1857466697692871;0.3617522716522217;0.15802359580993652;4.823432445526123;1.4404034614562988;0.3790760040283203;2.4928526878356934;2.321049213409424;0.9277448654174805;1.6649928092956543;12.210050821304321;0.492595911026001;1.5886260271072388;1.8911551237106323;0.91920006275177;-0.010604023933410645;1.6736414432525635;3.5031793117523193;1.5446404218673706;3.102985978126526;5.402095079421997;-1.1542537212371826;2.815856099128723;7.327690958976746,12.210050821304321,39.9649547618706,39.964954761870594;39.964954761870594;39.964954761870594;39.964954761870594;39.9649547618706;39.964954761870594;39.964954761870594;39.964954761870594;39.964954761870594;39.964954761870594;39.964954761870594;39.964954761870594;39.964954761870594;39.964954761870594;39.96495476187059;39.964954761870594;39.964954761870594;39.964954761870594;39.964954761870594;39.964954761870594;39.96495476187059;39.964954761870594;39.9649547618706;39.9649547618706,11.554361042157517,8.268507853829854;8.372023216818418;8.478163304909094;8.587029228370163;8.698727358347707;8.813369673536574;8.931074134630517;9.051965089183659;9.176173709804361;9.303838468927681;9.43510565377901;9.570129925555069;9.709074927316124;9.852113945612826;9.999430631472116;10.151219787049566;10.307688225033331;10.469055708772217;10.635555982114779;10.807437899108157;10.984966665039194;11.168425201834337;11.358115652603603;11.554361042157517
297,Ca_JVASP-70181_CaBe2Ga.json,2.3843592405319214,1.1662003993988037;1.0419100522994995;2.668771266937256;3.5947378873825073;2.5989832878112793;1.6707817316055298;2.151015043258667;4.182474255561829,4.182474255561829,93.61715808600468,93.61715808600466;93.61715808600466;93.61715808600466;93.61715808600466;93.61715808600465;93.61715808600468;93.61715808600466;93.61715808600468,36.11782455994576,26.209079835977533;27.27816977846879;28.43818683031677;29.701246357998546;31.08171614490019;32.596765351103016;34.2670822512921;36.11782455994576
298,Ca_JVASP-91459_K2CaN4O8.json,5.687570571899414,5.210788726806641;5.451662063598633;6.028934478759766;6.058897018432617,6.058897018432617,45.533956741600036,45.53395674160003;45.533956741600036;45.533956741600036;45.533956741600036,24.612169789158006,22.164888193508553;22.92471883797183;23.738493986619943;24.612169789158006
299,Ca_JVASP-74230_Ca2BePt.json,4.310785531997681,0.9401841163635254;0.8234281539916992;4.691676139831543;6.601813793182373;1.7259883880615234;2.353414535522461;2.588711142539978;3.8619829416275024;2.062980532646179;2.229650616645813;2.0440021753311157;2.115651488304138;4.627969026565552;9.22915804386139;8.165450990200043;14.910506427288055,14.910506427288055,65.91155664060226,65.91155664060226;65.91155664060226;65.91155664060226;65.91155664060224;65.91155664060226;65.91155664060224;65.91155664060224;65.91155664060226;65.91155664060224;65.91155664060226;65.91155664060224;65.91155664060226;65.91155664060224;65.91155664060224;65.91155664060226;65.91155664060224,16.02147360477028,11.785961136927662;11.997407221187963;12.216578803466206;12.443907156240645;12.67985626144455;12.924925971423436;13.179655543676684;13.444627601987149;13.720472585176465;14.00787375498581;14.307572846819644;14.620376461735965;14.94716331565871;15.288892482999822;15.646612797557205;16.02147360477028
300,Ca_JVASP-70635_CaBe2P.json,2.59248423576355,1.009134292602539;1.6799299716949463;2.4098546504974365;1.8149385452270508;2.6689478158950806;2.9046026468276978;3.2917637825012207;4.960702180862427,4.960702180862427,88.49466531979205,88.49466531979205;88.49466531979205;88.49466531979203;88.49466531979205;88.49466531979203;88.49466531979203;88.49466531979203;88.49466531979203,62.03141871639035,37.6103600434856;39.85166638013382;42.37703200410917;45.24411225854942;48.527297763509;52.32426158052906;56.76584093943204;62.03141871639035
301,Ca_JVASP-91424_Ca3Nb4O12F2.json,11.124003887176514,6.949044704437256;7.160656452178955;16.066143035888672;11.367084503173828;11.450774669647217;13.083750247955322;10.979336738586426;10.963549613952637;10.106498718261719;10.814105987548828;12.174796104431152;12.372305870056152,16.066143035888672,37.76338968216938,37.763389682169375;37.763389682169375;37.76338968216937;37.763389682169375;37.76338968216937;37.76338968216938;37.763389682169375;37.763389682169375;37.76338968216937;37.76338968216937;37.76338968216937;37.76338968216937,10.954857771403928,9.282231002611043;9.412884897983472;9.547269394142184;9.685546586755223;9.827888100304532;9.974475798720267;10.125502560574756;10.281173125783983;10.441705021632249;10.60732957692751;10.778293034230517;10.954857771403928
302,K_JVASP-52881_K3CaP2HO8.json,5.267646312713623,2.301286220550537;2.821471691131592;1.5736408233642578;2.4108800888061523;3.2922277450561523;3.5563011169433594;4.330056667327881;5.488118648529053;7.1375412940979;7.4266438484191895;8.178860187530518;6.7363057136535645;6.991502285003662;6.556219577789307;6.16378927230835;5.864752292633057;5.481974124908447;5.625887393951416;5.239670276641846;5.3226799964904785;5.613028049468994;5.512335300445557;6.291625499725342;6.506713390350342,8.178860187530518,26.459306364846384,26.45930636484638;26.459306364846377;26.459306364846377;26.459306364846377;26.45930636484638;26.459306364846384;26.459306364846377;26.459306364846377;26.45930636484638;26.45930636484638;26.459306364846377;26.459306364846377;26.459306364846384;26.45930636484638;26.459306364846377;26.45930636484638;26.459306364846377;26.459306364846384;26.459306364846377;26.459306364846373;26.459306364846377;26.45930636484638;26.45930636484638;26.459306364846377,14.20075729868096,9.618026215817224;9.75489602985749;9.895717544555684;10.04066440672661;10.189920588342646;10.3436811655399;10.502153169233697;10.665556515142594;10.834125022006251;11.008107527911125;11.187769115932435;11.373392461788532;11.56527931791742;11.763752150363556;11.96915594715215;12.18186021948353;12.402261220167894;12.630784407320332;12.867887185544086;13.114061961762275;13.369839558656572;13.635793035507572;13.912541974316584;14.20075729868096
303,Ca_JVASP-92292_Li2CaN2.json,6.687495946884155,6.442312240600586;6.020951747894287;5.3212645053863525;5.012605428695679;5.021252632141113;4.87570858001709;6.949378490447998;6.641758441925049;6.96530294418335;6.783957004547119;7.069134950637817;6.3782641887664795;6.726862907409668;7.456707000732422;7.233075141906738;7.976011276245117;9.035077810287476;8.465301752090454,9.035077810287476,41.61122877320751,41.61122877320751;41.6112287732075;41.6112287732075;41.6112287732075;41.61122877320751;41.6112287732075;41.6112287732075;41.6112287732075;41.6112287732075;41.6112287732075;41.6112287732075;41.6112287732075;41.6112287732075;41.6112287732075;41.6112287732075;41.6112287732075;41.6112287732075;41.6112287732075,33.7467178863724,18.16407745352023;18.671223884798167;19.207503068810308;19.775499511181916;20.378112745189974;21.018606839132403;21.700669542908038;22.428483336818292;23.206811273861522;24.041101338325632;24.937614154096924;25.903580373894723;26.947396121630515;28.07886767235607;29.3095204758456;30.652993169233493;32.125545158481785;33.7467178863724
304,Ca_JVASP-37300_SrCaO3.json,8.200639724731445,9.812318325042725;9.757610321044922;7.91413950920105;7.07412314414978;6.871453523635864;7.16559910774231;7.699188709259033;9.310685157775879,9.812318325042725,67.73555157535152,67.73555157535152;67.73555157535152;67.73555157535152;67.73555157535152;67.73555157535151;67.73555157535152;67.73555157535152;67.73555157535152,23.823039233231295,19.06805707886049;19.627716026309578;20.22122102950438;20.851738146139507;21.522841025913923;22.238578682472813;23.003557252956405;23.823039233231295
305,Ca_JVASP-62464_CaAs2O6.json,9.767953395843506,8.96043872833252;8.771089553833008;9.1265549659729;9.768713474273682;9.859869003295898;10.343366622924805;10.36108684539795;10.952507972717285,10.952507972717285,52.258062756027535,52.25806275602751;52.25806275602753;52.25806275602752;52.25806275602753;52.25806275602752;52.258062756027535;52.25806275602752;52.25806275602753,13.355367156179152,11.717310057649087;11.926278208810785;12.14283523568625;12.367402179307042;12.600431814139569;12.842411695144474;13.093867562806595;13.355367156179152
306,Ca_JVASP-97880_CaTeO3.json,9.155386924743652,7.474639892578125;7.844427108764648;8.55168628692627;9.009041786193848;10.425079822540283;10.772841930389404;8.810648679733276;9.01373028755188;9.122666358947754;8.852015972137451;7.574541807174683;8.416331052780151;8.689160585403442;9.3267343044281;9.895126342773438;9.884814262390137;9.853630065917969;9.611957550048828;9.958613872528076;9.783191204071045;9.521547317504883;9.669631004333496;9.096659183502197;8.570569515228271,10.772841930389404,22.201695061576924,22.201695061576917;22.20169506157692;22.20169506157692;22.20169506157692;22.201695061576917;22.201695061576917;22.20169506157692;22.201695061576917;22.20169506157692;22.20169506157692;22.201695061576917;22.201695061576917;22.201695061576917;22.20169506157692;22.201695061576917;22.20169506157692;22.20169506157692;22.20169506157692;22.201695061576917;22.201695061576917;22.201695061576917;22.201695061576917;22.201695061576924;22.20169506157692,6.299657327246175,5.177800749671481;5.2182037492184055;5.259242246521892;5.300931354025742;5.343286667177397;5.386324283879757;5.430060824890686;5.474513455224491;5.519699906613305;5.56563850109008;5.612348175759126;5.659848508824506;5.708159746951481;5.757302834041323;5.807299441505419;5.858172000130602;5.909943733634134;5.9626386940138305;6.016281798806344;6.070898870374879;6.126516677356492;6.1831629784087365;6.240866568405877;6.299657327246175
307,Ca_JVASP-68893_CaBe2Cu.json,0.4888947010040283,-0.40678346157073975;-0.5522572994232178;0.18597644567489624;0.18135899305343628;0.6081573963165283;0.6639478206634521;-0.06418347358703613;-0.2001969814300537;1.2461755275726318;1.258120059967041;0.5785388350486755;0.8083789944648743;-0.3067627549171448;-0.17348676919937134;-0.0375291109085083;0.10632824897766113;2.8875620365142822;2.0167601108551025,2.8875620365142822,42.290662513270355,42.29066251327035;42.29066251327035;42.29066251327034;42.290662513270355;42.29066251327035;42.29066251327034;42.29066251327035;42.29066251327034;42.29066251327035;42.29066251327035;42.29066251327035;42.29066251327035;42.29066251327035;42.29066251327034;42.29066251327034;42.290662513270355;42.29066251327035;42.29066251327035,17.76880575832193,12.239960635462348;12.468168135479802;12.705046919776407;12.951100788863958;13.206873341676049;13.472951984658577;13.749972435451188;14.038623793839884;14.339654265128816;14.653877636006019;14.982180620914315;15.325531218574598;15.684988244511786;16.06171223730113;16.456977975177896;16.872188887417593;17.308893703784747;17.76880575832193
308,Li_JVASP-40324_LiCa2Ir.json,0.2357330322265625,-0.023839354515075684;-0.03367769718170166;0.9457705020904541;1.447005033493042;-0.5433387756347656;0.6835458278656006;-0.16704416275024414;-0.42255711555480957,1.447005033493042,64.50314080175481,64.5031408017548;64.5031408017548;64.5031408017548;64.50314080175481;64.5031408017548;64.5031408017548;64.5031408017548;64.5031408017548,12.260933637298217,11.994333152433779;12.031706895587664;12.069314276178881;12.107157491911062;12.145238768138052;12.183560358300117;12.22212454436847;12.260933637298217
309,Ca_JVASP-86949_KCaCO3F.json,9.4772047996521,5.8708086013793945;10.781996726989746;7.398562431335449;11.209641456604004;9.367493629455566;10.584856986999512;10.63629150390625;9.967987060546875,11.209641456604004,55.14027834351398,55.14027834351398;55.14027834351396;55.14027834351398;55.14027834351397;55.14027834351398;55.14027834351396;55.14027834351397;55.14027834351398,27.211757778873746,21.179092537821827;21.87178229279466;22.611314736718825;23.402607711540334;24.2512924322395;25.163847704899023;26.14776563269834;27.211757778873746
310,Ca_JVASP-73621_CaBe2Cu.json,2.3322055339813232,0.3998146653175354;0.6785179972648621;2.8463608026504517;5.712805390357971;1.8073576092720032;1.4921006560325623;0.8338872194290161;4.886799931526184,5.712805390357971,95.85323465162196,95.85323465162195;95.85323465162195;95.85323465162195;95.85323465162195;95.85323465162195;95.85323465162196;95.85323465162195;95.85323465162195,38.69462646051597,27.539911429790283;28.72277932022485;30.011818181173005;31.421994091405494;32.97122468101354;34.6811444830296;36.578121462642294;38.69462646051597
311,Ca_JVASP-74693_Ca2BeMo.json,2.6104917526245117,-0.7501943111419678;-0.3469388484954834;1.4135682582855225;2.450737714767456;0.7320050001144409;0.7861651182174683;0.6010881662368774;1.0180927515029907;3.061299681663513;2.6884669065475464;4.274770736694336;3.4034407138824463;3.480802536010742;3.045616388320923;6.321160554885864;9.587786674499512,9.587786674499512,67.34445146883823,67.34445146883822;67.34445146883823;67.34445146883822;67.34445146883822;67.34445146883822;67.34445146883823;67.34445146883822;67.34445146883823;67.34445146883823;67.34445146883822;67.34445146883823;67.34445146883822;67.34445146883823;67.34445146883823;67.34445146883823;67.34445146883823,30.466772538508046,18.098525596987866;18.601967451548322;19.134218910499815;19.697825772676467;20.295642890741945;20.930882537049666;21.60717214588604;22.32862362360234;23.099917023746745;23.926402184924616;24.814222997102473;25.770470400465193;26.80337217819805;27.922530297345414;29.13922030069012;30.466772538508046
312,Ca_JVASP-98330_Ca4Al2H22CO20.json,7.560202479362488,5.261754035949707;5.428682327270508;6.137986183166504;6.611573219299316;7.269338607788086;7.805519104003906;10.427635192871094;11.539131164550781,11.539131164550781,52.75716287486678,52.75716287486678;52.75716287486677;52.75716287486678;52.75716287486678;52.75716287486678;52.75716287486678;52.75716287486678;52.75716287486677,31.297311546504854,23.57424056802516;24.43564840944824;25.362395830323788;26.362210110642657;27.4440870076081;28.618562179311027;29.898055418091843;31.297311546504854
313,Ca_JVASP-76219_Ca5Sb3.json,3.1113449335098267,0.944385290145874;0.9000983238220215;1.543334722518921;1.4721660614013672;2.80300235748291;2.626683235168457;5.011171936988831;4.442319273948669;3.1186424493789673;2.597474455833435;2.576921820640564;3.118308663368225;3.5415778160095215;3.1187191009521484;2.924522578716278;3.2832310795783997;4.627728819847107;6.173529386520386;3.04072105884552;4.362360239028931,6.173529386520386,45.535414386836706,45.5354143868367;45.5354143868367;45.5354143868367;45.5354143868367;45.5354143868367;45.53541438683669;45.5354143868367;45.535414386836706;45.5354143868367;45.5354143868367;45.5354143868367;45.5354143868367;45.5354143868367;45.5354143868367;45.5354143868367;45.5354143868367;45.5354143868367;45.535414386836706;45.5354143868367;45.535414386836706,17.85339532900464,11.845016246712353;12.05860579676933;12.28003969766706;12.509758174120194;12.748235019326351;12.995980856771409;13.253546789906848;13.521528494597797;13.800570818303441;14.091372960734093;14.394694323600143;14.711361132487756;15.04227395243711;15.388416241180058;15.750864111119204;16.130797504144486;16.529513023741423;16.948438718409104;17.38915117156895;17.85339532900464
314,Li_JVASP-38324_LiCa2Mg.json,0.8521263599395752,-0.017963886260986328;0.023927688598632812;0.6011208295822144;1.5331741571426392;1.350569725036621;0.7374334335327148;0.9025688171386719;1.6861801147460938,1.6861801147460938,45.37718655432723,45.37718655432721;45.37718655432722;45.377186554327224;45.37718655432723;45.377186554327224;45.377186554327224;45.377186554327224;45.377186554327224,31.806977164459216,30.072935585886142;30.30898912794222;30.54877773015876;30.792390748904356;31.039920413770666;31.291461943992676;31.547113670575833;31.806977164459216
315,Li_JVASP-34490_LiCaCoF6.json,5.80177903175354,5.682785987854004;5.739773750305176;5.802911281585693;5.855566501617432;5.762631177902222;5.660841703414917;5.892289161682129;6.017432689666748,6.017432689666748,51.91753096782254,51.917530967822536;51.917530967822536;51.917530967822536;51.917530967822536;51.917530967822536;51.91753096782254;51.91753096782254;51.917530967822536,15.664642482811473,15.232087616692922;15.29241280518976;15.353217717566329;15.414508099027335;15.476289786885117;15.538568712412918;15.601350902743084;15.664642482811473
316,Ca_JVASP-87166_Sr2CaWO6.json,5.735438346862793,7.037047386169434;6.691445350646973;6.204806327819824;5.5724287033081055;5.207117557525635;5.474762439727783;4.849750995635986;4.8461480140686035,7.037047386169434,38.75743896637562,38.75743896637561;38.75743896637561;38.75743896637562;38.75743896637561;38.75743896637562;38.75743896637562;38.75743896637561;38.75743896637561,7.281647513490438,6.7659404220963975;6.8350948442238195;6.905677513901574;6.977733139242734;7.051308314019896;7.126451618139218;7.203213724607954;7.281647513490438
317,Ca_JVASP-94788_CaMg6Ni.json,0.836449384689331,0.6520159244537354;0.9304077625274658;0.8446069955825806;1.1437286138534546;0.4660515785217285;0.91741943359375;0.6291999816894531;1.1081647872924805,1.1437286138534546,30.59108065630656,30.591080656306556;30.591080656306552;30.591080656306556;30.591080656306556;30.59108065630656;30.591080656306556;30.591080656306556;30.59108065630656,15.988807356444024,13.696508565114055;13.98289619082672;14.281516051063141;14.593168945531454;14.918727133923085;15.259142488778382;15.61545579060826;15.988807356444024
318,Ca_JVASP-64550_Ba4CaPt.json,0.7037441730499268,2.1778564453125;1.3820805549621582;0.4950387477874756;0.4696085453033447;0.39630603790283203;0.369295597076416;0.2553056478500366;0.08446180820465088,2.1778564453125,22.020704428533342,22.020704428533335;22.02070442853334;22.02070442853334;22.02070442853334;22.02070442853334;22.020704428533335;22.020704428533342;22.02070442853334,4.470479512676463,4.270635167869885;4.298083411102604;4.325886767635748;4.354052173788416;4.382586747710243;4.411497795378899;4.440792816836553;4.470479512676463
319,Ca_JVASP-85429_CaMnBi2.json,3.0710145235061646,2.0843350887298584;2.148186445236206;2.287097930908203;2.6687607765197754;3.097727060317993;4.524751424789429;4.055424928665161;3.7018325328826904,4.524751424789429,51.19852902193213,51.19852902193213;51.198529021932124;51.19852902193213;51.198529021932124;51.19852902193213;51.19852902193213;51.19852902193213;51.198529021932124,7.0100960836222015,6.530870160696802;6.595279897291159;6.6609727513550645;6.727987450444235;6.796364296474109;6.8661452465427075;6.937373998784181;7.0100960836222015
320,Ca_JVASP-68598_Ca2BeBr.json,2.049629330635071,1.46998792886734;1.476385772228241;1.0138419270515442;1.1401013731956482;0.7288522124290466;0.6864855885505676;1.008789837360382;0.7112588286399841;1.5299043655395508;1.210569977760315;0.8250418901443481;0.7090661525726318;2.5440816283226013;3.860199272632599;6.211523652076721;7.667978882789612,7.667978882789612,51.180924227556574,51.180924227556574;51.18092422755657;51.18092422755657;51.18092422755656;51.180924227556574;51.18092422755656;51.18092422755657;51.18092422755656;51.18092422755657;51.18092422755657;51.18092422755657;51.18092422755657;51.18092422755657;51.18092422755657;51.180924227556574;51.180924227556574,35.66837292749876,19.815117605443152;20.420184738812655;21.063367986079534;21.74838615859953;22.47945809906205;23.261389647615733;24.099679412411277;25.000648265596332;25.97159901474385;27.02101478465368;28.15880751956024;29.396632028340864;30.748286668355885;32.23022989734545;33.862253763398414;35.66837292749876
321,Ca_JVASP-86761_Ca3SiBr2.json,4.433121681213379,0.5894768238067627;3.2280733585357666;4.793479800224304;6.254767060279846;5.69529128074646;3.5640227794647217;3.982646942138672;2.858943462371826;4.0053551197052;5.17072057723999;7.524678468704224;5.530004501342773,7.524678468704224,56.268894033505894,56.268894033505894;56.26889403350588;56.26889403350589;56.26889403350587;56.26889403350588;56.26889403350589;56.26889403350588;56.26889403350589;56.26889403350588;56.26889403350589;56.26889403350588;56.26889403350589,33.855129982758974,21.74544738875231;22.47631844927938;23.258027794506816;24.09607090426397;24.99676492691752;25.967408209424402;27.01647849699016;28.153881198355307;29.391263119634594;30.742412734353334;32.22377617870115;33.855129982758974
322,Li_JVASP-40835_LiCaRh.json,0.2588263750076294,0.2893996238708496;0.2963743209838867;0.37409818172454834;0.734681248664856;0.4553565979003906;1.063736915588379;-0.2984071969985962;-0.8446286916732788,1.063736915588379,96.06475883952731,96.06475883952731;96.06475883952731;96.0647588395273;96.06475883952729;96.06475883952731;96.06475883952729;96.0647588395273;96.06475883952731,23.289252483349635,22.345815194573856;22.475884927406998;22.60747773633302;22.740620531024472;22.875340858828633;23.011666923768715;23.149627606228556;23.289252483349635
323,K_JVASP-98452_K2Ca3Si3O10.json,4.147298812866211,1.890812873840332;2.1122989654541016;2.272991180419922;2.4593019485473633;4.657657623291016;4.475404739379883;4.252336025238037;4.930748462677002;3.2015256881713867;3.5338783264160156;4.640140056610107;4.934424877166748;4.42025089263916;4.848200798034668;6.635322570800781;7.091485977172852,7.091485977172852,22.675306381458277,22.675306381458277;22.675306381458277;22.675306381458274;22.675306381458274;22.675306381458274;22.675306381458274;22.675306381458274;22.67530638145827;22.675306381458274;22.675306381458274;22.675306381458274;22.67530638145827;22.675306381458277;22.675306381458277;22.675306381458274;22.675306381458277,9.069954131618374,7.567942634413099;7.652426951874493;7.738818836558051;7.827183632462053;7.917589702547605;8.010108605125088;8.104815282753545;8.201788264700996;8.301109884115201;8.402866511167186;8.507148803555053;8.6140519758952;8.723676089683519;8.836126365682563;8.951513520784735;9.069954131618374
324,Na_JVASP-98086_Ba4Na2CaTi3Si4S2O26.json,3.6896820068359375,1.764678955078125;1.8861370086669922;2.0796971321105957;2.2013354301452637;5.081604957580566;5.097439765930176;5.651593208312988;5.754969596862793,5.754969596862793,19.522146497007412,19.52214649700741;19.52214649700741;19.522146497007412;19.522146497007412;19.52214649700741;19.52214649700741;19.52214649700741;19.52214649700741,5.033365710810006,4.885706773515977;4.906268259718613;4.927003543285929;4.947914837121404;4.9690043918568545;4.990274496659923;5.011727480062402;5.033365710810006
325,Ca_JVASP-15531_CaAs2Pd2.json,2.8061208724975586,2.288569450378418;2.478555679321289;2.3946259021759033;2.5290372371673584;2.7905304431915283;2.9169347286224365;3.579303741455078;3.471409797668457,3.579303741455078,57.17571653893334,57.17571653893332;57.17571653893333;57.17571653893333;57.17571653893334;57.17571653893333;57.17571653893332;57.17571653893333;57.17571653893332,9.111366345585056,8.318043471265078;8.422810702862023;8.530250722393085;8.64046713235494;8.753568959780457;8.8696710159776;8.98889428528124;9.111366345585056
326,Ca_JVASP-100870_CaMg3.json,1.3316419124603271,0.2968871593475342;0.2975637912750244;2.0483295917510986;3.1919734477996826;0.6546595096588135;1.494598627090454;1.521697998046875;1.1474251747131348,3.1919734477996826,54.59316816226429,54.59316816226428;54.59316816226428;54.593168162264284;54.593168162264284;54.59316816226429;54.59316816226428;54.593168162264284;54.593168162264284,42.99256872994638,29.649493067171317;31.025044811476675;32.534440124293035;34.198212809726954;36.04132334422283;38.09441970497092;40.39555516870409;42.99256872994638
327,K_JVASP-141678_KCaH3.json,1.2114932537078857,0.7774250507354736;0.6358931064605713;0.5506587028503418;0.535975456237793;0.9705615043640137;1.0265345573425293;0.8190035820007324;0.8740401268005371;1.1914193630218506;1.2456719875335693;1.07948637008667;1.017369270324707;2.513436794281006;1.9941725730895996;1.9625320434570312;2.189711570739746,2.513436794281006,32.194564487153585,32.194564487153585;32.194564487153585;32.19456448715358;32.19456448715358;32.194564487153585;32.19456448715358;32.194564487153585;32.19456448715358;32.19456448715358;32.194564487153585;32.19456448715358;32.19456448715358;32.194564487153585;32.19456448715358;32.194564487153585;32.194564487153585,36.77847247892924,20.378225543581255;21.00259018237963;21.666423682891764;22.373590699143833;23.128477460120518;23.936082832122885;24.80212914982955;25.73319801086375;26.7368978496174;27.82207231913814;28.999061565533747;30.280032749786248;31.679402218503064;33.214380408593;34.905683233834765;36.77847247892924
328,Li_JVASP-101477_LiCaSb.json,0.956741213798523,0.4455817937850952;0.4016190767288208;0.541330099105835;0.7810027599334717;0.8952821493148804;2.0564008951187134;1.5355743169784546;0.9971386194229126,2.0564008951187134,75.4335498682248,75.4335498682248;75.43354986822479;75.4335498682248;75.43354986822479;75.4335498682248;75.4335498682248;75.43354986822479;75.4335498682248,20.590469260905323,19.84953797651893;19.952103722209934;20.055734920575528;20.16044826017509;20.266260779928974;20.373189878361377;20.481253323137423;20.590469260905323
329,Ca_JVASP-100424_CaBiNO5.json,9.443295955657959,7.954092979431152;8.321185111999512;11.283857822418213;11.373904705047607;8.735188961029053;8.748925685882568;10.342973470687866;8.7862389087677,11.373904705047607,46.437989576664165,46.43798957666416;46.43798957666416;46.43798957666415;46.43798957666415;46.43798957666415;46.43798957666416;46.43798957666415;46.437989576664165,10.877441774044803,9.765535657068758;9.910255527402452;10.059329257394966;10.212956324767134;10.371348582001994;10.534731231059604;10.703343891696097;10.877441774044803
330,Ca_JVASP-70349_CaBe2Ru.json,1.4062902927398682,1.7560086250305176;1.0578093528747559;1.6968045234680176;0.888160228729248;0.974956750869751;1.8986985683441162;0.9133048057556152;2.064579486846924,2.064579486846924,95.08955345129762,95.08955345129762;95.0895534512976;95.0895534512976;95.0895534512976;95.08955345129759;95.08955345129758;95.08955345129759;95.0895534512976,26.994956590551777,21.04753040005669;21.731502101663175;22.461420319350278;23.242075720237935;24.078948958201632;24.978339534892708;25.947524660395022;26.994956590551777
331,Ca_JVASP-92277_CaFe2Si2.json,2.2220377922058105,0.9240338802337646;1.0302059650421143;1.1735405921936035;1.1190333366394043;1.1876897811889648;1.5500288009643555;1.2387027740478516;1.6983985900878906;1.8108720779418945;2.9097280502319336;3.0074472427368164;3.173579216003418;2.3357744216918945;1.5756940841674805;3.1374568939208984;2.8686790466308594;3.902772903442383;5.3530426025390625,5.3530426025390625,32.0273920009809,32.0273920009809;32.0273920009809;32.0273920009809;32.0273920009809;32.0273920009809;32.0273920009809;32.0273920009809;32.0273920009809;32.0273920009809;32.027392000980896;32.0273920009809;32.027392000980896;32.0273920009809;32.027392000980896;32.0273920009809;32.0273920009809;32.0273920009809;32.0273920009809,8.754145368630766,7.160615308953082;7.238119165564204;7.317319126445325;7.398271484196484;7.4810350503716885;7.565671297969099;7.652244513704215;7.7408219608587645;7.831474053572243;7.924274543525252;8.019300720054837;8.116633624843008;8.216358282431855;8.31856394794329;8.423344373520452;8.530798095162512;8.641028741797477;8.754145368630766
332,Ca_JVASP-74157_CaBeCu2.json,1.502831220626831,0.27873945236206055;0.34567952156066895;1.708490252494812;2.1861475706100464;2.4354236125946045;2.4545035362243652;1.3247344493865967;1.295729160308838;1.8805742263793945;2.393517255783081;2.1588053703308105;2.337775945663452;0.5539512634277344;0.2380542755126953;0.9581344127655029;0.7987692356109619;1.6584157943725586;2.0435166358947754,2.4545035362243652,39.36056901831033,39.36056901831033;39.36056901831033;39.36056901831033;39.36056901831033;39.36056901831032;39.36056901831033;39.36056901831032;39.36056901831033;39.36056901831032;39.36056901831033;39.36056901831033;39.36056901831033;39.360569018310315;39.36056901831033;39.36056901831032;39.36056901831032;39.36056901831033;39.36056901831033,10.763849112930549,8.451315393110496;8.55948851533079;8.670466677664495;8.784360419668552;8.901286166323352;9.021366625011545;9.144731215068216;9.271516533063602;9.401866857334843;9.535934695684599;9.673881380617662;9.815877717000001;9.962104687606827;10.11275422268752;10.268030040428068;10.428148566049963;10.593339938265299;10.763849112930549
333,Ca_JVASP-86881_Ca3SiBr2.json,4.616390228271484,1.6997500658035278;5.629388689994812;6.520031929016113,6.520031929016113,242.4375639986745,242.4375639986745;242.43756399867445;242.43756399867445,117.56505247853838,86.98178955500924;99.98705970767008;117.56505247853838
334,Na_JVASP-51399_NaCaSiHO4.json,4.425826072692871,2.093867778778076;2.3000521659851074;2.3725767135620117;2.6189327239990234;3.101712226867676;6.161102294921875;3.4606447219848633;6.355730056762695;9.173600196838379;7.293543815612793;6.991106986999512;5.3969011306762695;3.6508536338806152;3.4460034370422363;3.267345905303955;3.1292433738708496,9.173600196838379,29.47522149821577,29.475221498215767;29.475221498215763;29.475221498215767;29.47522149821577;29.475221498215767;29.475221498215763;29.475221498215767;29.47522149821577;29.475221498215763;29.47522149821577;29.475221498215767;29.47522149821577;29.475221498215767;29.475221498215767;29.47522149821577;29.475221498215763,12.444421662435895,10.726852956889068;10.826470317520272;10.927955260449663;11.031360801548967;11.136741982505312;11.244155968516283;11.353662151693655;11.465322260568781;11.57920047612393;11.695363554807788;11.813880959030586;11.934824995674857;12.058270963202176;12.184297307984755;12.31298579054395;12.444421662435895
335,Ca_JVASP-92798_CaCu2Ge2.json,2.7010987401008606,1.9757588505744934;1.9797709584236145;1.945223093032837;2.423906445503235;2.705009698867798;2.816452145576477;3.5331833362579346;4.229485392570496,4.229485392570496,62.8607447932727,62.8607447932727;62.86074479327269;62.86074479327268;62.860744793272694;62.860744793272694;62.86074479327269;62.860744793272694;62.8607447932727,12.077886054648111,10.722308113742642;10.897028512495968;11.077537385081493;11.264127234360375;11.45711060848904;11.6568218479874;11.863619018769647;12.077886054648111
336,Ca_JVASP-74381_NaCa4Be.json,0.2728177309036255,2.115365743637085;0.6417243480682373;0.640667200088501;1.064347505569458;-0.08845376968383789;-0.31751585006713867;-0.3173060417175293;-0.3640923500061035;-0.2179105281829834;-0.2557404041290283;1.704430341720581;1.3846046924591064;0.6933090686798096;1.3206055164337158;-0.48389530181884766;-0.16332483291625977;-0.13583755493164062;-0.34939146041870117;-0.5631484985351562;-0.25460004806518555;-0.3229255676269531;-0.34525585174560547;0.22754597663879395;0.7379539012908936;-0.521935224533081;-1.1546432971954346;-0.7629234790802002;-0.73142409324646;0.596595287322998;0.7489209175109863;1.771181583404541;2.433239459991455,2.433239459991455,24.388203138564712,24.388203138564705;24.38820313856471;24.388203138564705;24.388203138564705;24.38820313856471;24.38820313856471;24.388203138564712;24.38820313856471;24.388203138564712;24.38820313856471;24.38820313856471;24.388203138564712;24.38820313856471;24.38820313856471;24.388203138564705;24.38820313856471;24.38820313856471;24.38820313856471;24.388203138564712;24.38820313856471;24.388203138564705;24.388203138564705;24.38820313856471;24.388203138564705;24.38820313856471;24.38820313856471;24.388203138564712;24.38820313856471;24.388203138564705;24.38820313856471;24.388203138564712;24.388203138564705,90.51691908983463,17.420395909089184;17.88633221916211;18.377877914633192;18.897204022402764;19.446734102938755;20.0291820683653;20.647597006510196;21.30541657334958;22.00653092761946;22.755359718664398;23.556945346238066;24.417066651155107;25.342378456542637;26.340584087258314;27.4206503331053;28.59307755925694;29.870242206682438;31.26683537490447;32.80043047602874;34.49222656113835;36.36803419478625;38.45960152211934;40.80642583971834;43.458271526705914;46.47873799365987;49.95042666045937;53.98261051992287;58.72294459092561;64.37594024970115;71.23324684380438;79.72559414513609;90.51691908983463
337,Ca_JVASP-91965_CaPbF6.json,12.923829555511475,18.66352367401123;14.224549293518066;12.177538871765137;11.321788311004639;11.862899899482727;11.205870985984802;11.671747088432312;12.262718319892883,18.66352367401123,33.80944271544663,33.80944271544662;33.80944271544662;33.80944271544662;33.80944271544662;33.80944271544662;33.80944271544662;33.80944271544662;33.80944271544663,10.270335476389105,9.273396156679308;9.403799710086854;9.53792307110646;9.675927705925448;9.817984562976067;9.964274779373582;10.114990451466193;10.270335476389105
338,Ca_JVASP-92338_CaCuO3.json,8.51699447631836,10.13799524307251;7.792741775512695;7.9310736656188965;8.182718753814697;8.565898895263672;8.199860095977783;8.646756172180176;7.807241201400757;8.922380685806274;7.376807928085327;7.991227388381958;8.27829647064209;8.205835342407227;9.409637689590454;8.542939901351929;9.119624614715576;8.796893119812012;9.87567949295044;7.582283020019531;8.144108295440674;7.440415859222412;8.49634838104248;9.46774673461914;8.149894714355469;9.155695915222168;9.104289770126343;8.634459733963013,10.13799524307251,30.267506383394778,30.267506383394775;30.26750638339477;30.26750638339477;30.267506383394768;30.267506383394775;30.26750638339477;30.26750638339477;30.267506383394775;30.267506383394778;30.26750638339477;30.267506383394775;30.267506383394775;30.26750638339477;30.267506383394775;30.267506383394768;30.267506383394775;30.26750638339477;30.26750638339477;30.267506383394775;30.26750638339477;30.267506383394775;30.267506383394768;30.26750638339477;30.267506383394768;30.26750638339477;30.267506383394775;30.26750638339477,8.782270310650107,6.546847742737739;6.611574579622347;6.677594068549067;6.744945323187863;6.813669051313374;6.883807636851935;6.955405227048758;7.028507825131975;7.103163388882242;7.179421935551725;7.257335653614793;7.336959021875114;7.41834893650037;7.501564846607107;7.586668899074718;7.673726093329888;7.7628044469116695;7.853975172703503;7.947312868802724;8.042895722091512;8.140805726676836;8.241128918482062;8.343955627400929;8.44938074856717;8.557504034452112;8.668430409680079;8.782270310650107
339,Ca_JVASP-100054_Ca2PdN2.json,6.378574848175049,3.890965223312378;3.689296007156372;4.338648080825806;4.219837427139282;4.080495834350586;4.238692760467529;4.74128794670105;4.679124116897583;5.190556764602661;4.802746534347534;5.793850421905518;5.492942810058594;4.904743909835815;4.7794787883758545;5.4306480884552;5.681814432144165;6.4350666999816895;6.124195098876953;6.790841817855835;6.844020128250122;7.5518798828125;7.564999580383301;7.048637390136719;7.180065155029297;8.21335506439209;8.230977058410645;7.87473201751709;8.247963905334473;8.324639558792114;8.328223943710327;7.410199403762817;7.27854323387146;7.781330347061157;8.535993337631226;7.914563894271851;9.993337869644165,9.993337869644165,31.105383554538662,31.10538355453866;31.10538355453866;31.105383554538655;31.105383554538655;31.105383554538655;31.10538355453866;31.10538355453866;31.10538355453866;31.105383554538655;31.105383554538655;31.10538355453866;31.105383554538655;31.10538355453866;31.10538355453866;31.105383554538655;31.105383554538655;31.10538355453866;31.105383554538655;31.105383554538655;31.105383554538662;31.105383554538655;31.105383554538655;31.105383554538662;31.105383554538655;31.10538355453866;31.10538355453866;31.10538355453866;31.10538355453866;31.10538355453866;31.105383554538655;31.10538355453866;31.105383554538662;31.10538355453866;31.105383554538662;31.105383554538662;31.10538355453866,10.8954461508155,6.938698680961851;7.011448686438743;7.08574037640733;7.161623281682475;7.239149077797188;7.318371702357715;7.399347480189649;7.482135256885225;7.566796541417256;7.653395658546037;7.741999911812839;7.8326797579879885;7.925508993923811;8.020564956853873;8.117928739281174;8.217685419710142;8.319924310602335;8.424739225074683;8.532228764014242;8.642496625456419;8.75565193826715;8.871809622386042;8.99109077813023;9.113623107331296;9.239541369384;9.368987875630593;9.50211302589378;9.639075891410991;9.7800448489202;9.92519827121161;10.07472528009989;10.228826568500464;10.387715299123741;10.551618088249766;10.720776084131005;10.8954461508155
340,Li_JVASP-135717_LiCaB.json,0.7912203073501587,0.6292457580566406;-0.021041393280029297;0.18915092945098877;-0.08230888843536377;0.34833788871765137;-0.5907425880432129;0.760006308555603;1.0511783361434937;1.671088695526123;1.6349353790283203;1.505040168762207;2.3997530937194824,2.3997530937194824,62.46666673593831,62.4666667359383;62.466666735938304;62.4666667359383;62.466666735938304;62.466666735938304;62.466666735938304;62.466666735938304;62.4666667359383;62.4666667359383;62.466666735938304;62.46666673593831;62.466666735938304,43.395548577030304,38.621075222074914;39.01126658958648;39.40942268550241;39.815789892861496;40.230624862819816;40.65419505519277;41.086779313507165;41.52866847716144;41.98016603351823;42.44158881300147;42.913267730543765;43.395548577030304
341,Li_JVASP-65566_BaLiCa2.json,0.1498478651046753,0.03465628623962402;0.6048285961151123;0.33340346813201904;-0.3734968900680542,0.6048285961151123,68.90969011329857,68.90969011329857;68.90969011329855;68.90969011329855;68.90969011329855,30.56483819334283,29.855854722657902;30.08849948763814;30.32479838643777;30.56483819334283
342,Li_JVASP-113555_LiCaN.json,1.7840986251831055,1.3140590190887451;0.5813620090484619;0.5843119621276855;0.654456615447998;0.9894089698791504;0.7253789901733398;1.7689974308013916;1.5148746967315674;1.8507270812988281;1.5592741966247559;1.9500391483306885;1.5364696979522705;1.8484079837799072;1.5747630596160889;1.3013885021209717;1.249391794204712;1.7552621364593506;1.456165075302124;2.2479538917541504;1.6752967834472656;2.0674052238464355;2.147737979888916;2.4602835178375244;1.4881961345672607;2.979591131210327;2.8662421703338623;2.314269781112671;2.4142634868621826;2.5188372135162354;2.688054323196411;2.4620699882507324;2.1482019424438477;2.5538675785064697;2.311180353164673;1.285017967224121;1.3843426704406738,2.979591131210327,33.83973585506452,33.83973585506451;33.83973585506452;33.83973585506451;33.83973585506452;33.83973585506451;33.83973585506451;33.83973585506451;33.83973585506452;33.83973585506451;33.83973585506452;33.83973585506451;33.83973585506451;33.83973585506452;33.83973585506451;33.83973585506452;33.83973585506452;33.83973585506452;33.83973585506451;33.83973585506451;33.83973585506451;33.83973585506452;33.83973585506451;33.83973585506451;33.83973585506452;33.83973585506451;33.83973585506452;33.83973585506451;33.83973585506451;33.83973585506452;33.83973585506452;33.83973585506451;33.83973585506451;33.83973585506452;33.83973585506452;33.83973585506452;33.83973585506451,13.716282385198815,12.19954205136848;12.238207636891222;12.277119097373387;12.316278785578689;12.355689084384835;12.395352407266895;12.43527119878998;12.475447935111477;12.51588512449307;12.556585307822719;12.597551059146891;12.638784986213219;12.680289731023864;12.72206797039981;12.764122416556356;12.806455817690066;12.849070958577416;12.891970661185466;12.935157785294768;12.978635229134877;13.022405930032686;13.066472865073946;13.110839051778255;13.155507548787847;13.200481456570508;13.24576391813696;13.29135811977307;13.33726729178721;13.383494709273185;13.43004369288907;13.476917609652354;13.524119873751806;13.571653947376447;13.619523341562074;13.66773161705577;13.716282385198815
343,Ca_JVASP-69061_BaCa2Bi.json,1.9361767768859863,0.013003408908843994;0.5041539072990417;1.224213182926178;0.17259973287582397;1.391400933265686;2.8915810585021973;2.697014570236206;6.595447421073914,6.595447421073914,70.466873900531,70.466873900531;70.46687390053098;70.466873900531;70.466873900531;70.466873900531;70.46687390053098;70.466873900531;70.46687390053098,18.803998071090835,15.711478031356918;16.089490902082556;16.486141925233273;16.90284439036394;17.34115818112635;17.802809288189437;18.28971252420599;18.803998071090835
344,Ca_JVASP-65278_Ca4BeCr.json,0.7272080183029175,0.16994571685791016;1.0817575454711914;0.4085841178894043;0.029460430145263672;-0.44663238525390625;-0.42304182052612305;-0.44819700717926025;-0.12316787242889404;-0.3781748414039612;-0.4026826024055481;1.4985779523849487;1.2590575218200684;0.6546698808670044;1.4114214181900024;0.7927960753440857;0.4498360753059387;0.5250125527381897;0.7264280915260315;-0.24175769090652466;-1.1832817196846008;-0.05038583278656006;-0.324304461479187;-0.13817167282104492;4.426795721054077;-0.46199190616607666;-0.4048299789428711;-0.12831717729568481;-0.3436294198036194;2.4126740097999573;2.0148162245750427;6.446168780326843;4.461220860481262,6.446168780326843,28.86298078424913,28.86298078424913;28.86298078424913;28.862980784249128;28.862980784249128;28.862980784249128;28.862980784249128;28.862980784249128;28.86298078424913;28.86298078424913;28.862980784249128;28.86298078424913;28.86298078424913;28.862980784249128;28.862980784249128;28.862980784249128;28.86298078424913;28.862980784249128;28.86298078424913;28.862980784249125;28.86298078424913;28.86298078424913;28.86298078424913;28.862980784249128;28.86298078424913;28.862980784249128;28.862980784249128;28.862980784249125;28.862980784249125;28.86298078424913;28.862980784249128;28.862980784249128;28.862980784249128,50.74651680224107,15.137271378223206;15.487850448904117;15.855053343526615;16.240091184084473;16.64429566848093;17.069134458780752;17.516228987863812;17.987375139826067;18.484567360164274;19.010026878232043;19.56623488420419;20.155971705870144;20.782363290462587;21.448936631632662;22.159686216467904;22.919154136344055;23.732527256001546;24.60575583439917;25.545699333572326;26.56030697434547;27.658843098824644;28.85217087184244;30.153112734842985;31.576912981428833;33.14183788200746;34.86996356341098;36.78822394469685;38.92982470205211;41.33618163948902;44.05962531949207;47.16725027593975;50.74651680224107
345,Ca_JVASP-94896_CaCd2Au4.json,3.477287173271179,2.5207300186157227;2.6928725242614746;2.660564661026001;3.0563271045684814;3.3430681228637695;4.331328392028809;4.67651903629303;4.536887526512146,4.67651903629303,38.31867229888559,38.31867229888558;38.31867229888558;38.31867229888559;38.31867229888558;38.31867229888558;38.31867229888558;38.31867229888558;38.31867229888559,3.29192460292626,3.182268701527906;3.197484422195704;3.21284634702039;3.2283565934351546;3.2440173199597844;3.2598307272020666;3.275799058888635;3.29192460292626
346,Ca_JVASP-3174_Ca3PN.json,6.082342147827148,3.1945669651031494;2.7202775478363037;4.712944507598877;3.560685634613037;4.909722566604614;4.253380537033081;3.1936750411987305;3.303349494934082;9.238685369491577;6.96646523475647;4.439354181289673;4.065436124801636;5.480762481689453;6.01474666595459;5.401817321777344;6.614961624145508;7.808653116226196;5.094883441925049;5.470788240432739;8.959430694580078;8.840120077133179;7.566726446151733;10.210805058479309;13.953973174095154,13.953973174095154,53.55500442041078,53.55500442041077;53.55500442041077;53.555004420410754;53.555004420410775;53.555004420410775;53.55500442041076;53.555004420410775;53.55500442041076;53.55500442041077;53.55500442041077;53.55500442041077;53.55500442041077;53.55500442041077;53.55500442041076;53.55500442041077;53.55500442041076;53.555004420410775;53.55500442041078;53.55500442041077;53.55500442041077;53.55500442041077;53.55500442041077;53.555004420410775;53.55500442041077,67.01682261597307,20.277796081428324;20.911901580890383;21.586945394135206;22.307024277056577;23.076800472926262;23.901602769576687;24.787550031561974;25.74170326324126;26.77225419829185;27.888761078709027;29.102445998695558;30.42657342135671;31.87693695342413;33.47249230893487;35.23619038172998;37.19608833956745;39.386853363735746;41.85183104681171;44.645942332449756;47.83982390290053;51.525882667852414;55.82738290993446;60.91249972388869;67.01682261597307
347,Ca_JVASP-71308_CaBe2Tc.json,0.6617095470428467,-0.7432394027709961;-0.18401241302490234;0.6668214797973633;0.36208248138427734;0.8731415271759033;0.8234107494354248;0.1225287914276123;-0.056343793869018555;0.8142790794372559;0.8555874824523926;0.9900805950164795;0.768118143081665;0.2078697681427002;0.8810365200042725;0.44820261001586914;-0.02219247817993164;1.916654109954834;3.186746597290039,3.186746597290039,41.86162734451549,41.86162734451548;41.86162734451548;41.86162734451549;41.86162734451548;41.86162734451548;41.861627344515476;41.861627344515476;41.86162734451548;41.86162734451548;41.86162734451548;41.86162734451549;41.86162734451548;41.86162734451548;41.86162734451548;41.86162734451548;41.86162734451548;41.86162734451548;41.861627344515476,12.591624592220276,9.538428173505398;9.676447531165858;9.818519764283584;9.964826049196436;10.115558524463887;10.270921132698607;10.431130541185148;10.596417150024688;10.76702619767037;10.943218975009284;11.12527416063172;11.313489291639378;11.50818238631977;11.709693737301434;11.918387896458473;12.134655875920492;12.358917593144959;12.591624592220276
348,Na_JVASP-140919_NaCaN.json,1.454395055770874,0.23115086555480957;0.3957068920135498;0.46587562561035156;0.5449161529541016;0.5086178779602051;0.19507932662963867;0.7149720191955566;0.1873793601989746;2.1162967681884766;3.0004262924194336;2.322298526763916;2.270613193511963;3.1713199615478516;3.121236801147461;2.240403413772583;1.7840278148651123,3.1713199615478516,55.703778616113595,55.70377861611359;55.70377861611359;55.70377861611359;55.70377861611359;55.70377861611359;55.70377861611359;55.70377861611359;55.70377861611358;55.70377861611359;55.70377861611359;55.70377861611359;55.703778616113595;55.703778616113595;55.70377861611359;55.70377861611359;55.70377861611359,30.17012792095125,21.733430028354576;22.14629221969896;22.575144153000007;23.02093307134816;23.48468254549333;23.967500319884692;24.470587146858353;24.995246757277116;25.542897141921333;26.115083349165825;26.713492042155103;27.33996810431926;27.9965336375648;28.68540976525553;29.409041735268566;30.17012792095125
349,Ca_JVASP-74932_NaCa2Be.json,0.921440839767456,0.2873098850250244;0.161970853805542;1.9346606731414795;2.0560362339019775;1.2511205673217773;1.80458402633667;1.3497519493103027;1.5227956771850586;0.04550576210021973;0.2234501838684082;0.23168230056762695;0.17063212394714355;0.8145509958267212;1.9860893487930298;0.28598737716674805;0.6169254779815674,2.0560362339019775,50.99145995642125,50.99145995642125;50.991459956421245;50.99145995642125;50.99145995642125;50.991459956421245;50.99145995642124;50.991459956421245;50.991459956421245;50.991459956421245;50.991459956421245;50.99145995642125;50.991459956421245;50.99145995642124;50.99145995642125;50.99145995642125;50.99145995642125,90.51691908983463,29.870242206682438;31.26683537490447;32.80043047602874;34.49222656113835;36.36803419478625;38.45960152211934;40.80642583971834;43.458271526705914;46.47873799365987;49.95042666045937;53.98261051992287;58.72294459092561;64.37594024970115;71.23324684380438;79.72559414513609;90.51691908983463
350,Ca_JVASP-100153_Yb3Ca.json,0.5417685508728027,1.1005191802978516;0.6009807586669922;0.4348752498626709;0.25832486152648926;0.17494416236877441;0.12220072746276855;0.08853530883789062;-0.11089324951171875;0.5407023429870605;0.8212332725524902;0.4193840026855469;0.5892267227172852;0.45551061630249023;0.8812851905822754;0.7786600589752197;1.5128076076507568,1.5128076076507568,17.9138289891864,17.9138289891864;17.9138289891864;17.913828989186396;17.9138289891864;17.913828989186396;17.913828989186396;17.913828989186396;17.9138289891864;17.9138289891864;17.9138289891864;17.9138289891864;17.913828989186396;17.9138289891864;17.9138289891864;17.9138289891864;17.9138289891864,3.2112973620543777,2.9955267813358497;3.0090053385686133;3.0226057392401304;3.036329643012071;3.0501787398258386;3.064154750596289;3.078259427924599;3.0924945568309212;3.1068619555074557;3.1213634760926214;3.1360010054670004;3.150776466071788;3.165691816750487;3.1807490536146275;3.195950210934304;3.2112973620543777
351,Ca_JVASP-88055_CaTa2O6.json,8.24863576889038,3.232773780822754;3.725884437561035;3.4864187240600586;3.6571226119995117;3.8839659690856934;4.134937763214111;3.9913454055786133;3.9575815200805664;5.25471830368042;5.165145397186279;5.3431572914123535;8.309919834136963;6.008476734161377;6.483540058135986;8.541578769683838;9.580246448516846;27.11847448348999;20.289578914642334;19.206024646759033;13.80238962173462;11.728521823883057;8.20320463180542;7.453044891357422;6.7378997802734375;8.988155841827393;8.243711948394775;7.44819450378418;7.14603328704834;9.511914253234863;8.371817588806152;7.796771049499512;7.153794288635254,27.11847448348999,11.589805055365662,11.58980505536566;11.589805055365662;11.58980505536566;11.589805055365662;11.58980505536566;11.58980505536566;11.58980505536566;11.58980505536566;11.58980505536566;11.58980505536566;11.58980505536566;11.58980505536566;11.589805055365659;11.589805055365662;11.58980505536566;11.58980505536566;11.589805055365662;11.58980505536566;11.589805055365662;11.589805055365662;11.58980505536566;11.58980505536566;11.58980505536566;11.58980505536566;11.589805055365662;11.589805055365659;11.58980505536566;11.58980505536566;11.589805055365662;11.58980505536566;11.589805055365662;11.58980505536566,1.824144936246848,1.6819206446722073;1.6861614848757933;1.690423765077148;1.6947076482764285;1.6990132991302935;1.7033408839730013;1.7076905708378276;1.7120625294788165;1.716456931392863;1.7208739498421368;1.7253137598768566;1.729776538358413;1.734262463982855;1.7387717173047403;1.7433044807613611;1.7478609386973478;1.7524412773896605;1.7570456850729732;1.7616743519654623;1.7663274702950003;1.7710052343257672;1.7757078403852866;1.7804354868918928;1.7851883743826376;1.7899667055416448;1.7947706852289245;1.7996005205096486;1.8044564206839024;1.809338597316918;1.814247264269802;1.8191826377307625;1.824144936246848
352,K_JVASP-57777_KCaF3.json,5.694543123245239,1.8248097896575928;2.1719629764556885;4.282137870788574;3.305574417114258;16.855775833129883;5.273597717285156;5.765989303588867;6.0764970779418945,16.855775833129883,63.76228024351208,63.76228024351208;63.76228024351207;63.762280243512066;63.76228024351207;63.76228024351207;63.76228024351207;63.76228024351207;63.762280243512066,32.857677879435215,24.602688036432617;25.5185666377109;26.5052723053846;27.5713513296747;28.726782596661582;29.983290896707523;31.354746218471327;32.857677879435215
353,Ca_JVASP-74598_Ca2BeTl.json,2.361528158187866,0.660304069519043;0.7370352745056152;3.0100200176239014;5.6923463344573975;1.5078434944152832;1.8211860656738281;1.2492461204528809;2.1702938079833984;1.090793490409851;0.6121648550033569;0.965954065322876;1.596860408782959;1.6456546783447266;5.210381507873535;2.7879366874694824;7.026429653167725,7.026429653167725,55.07612596228913,55.07612596228912;55.076125962289126;55.07612596228912;55.07612596228912;55.076125962289126;55.076125962289126;55.076125962289126;55.076125962289126;55.076125962289126;55.07612596228913;55.07612596228912;55.07612596228912;55.076125962289126;55.076125962289126;55.076125962289126;55.07612596228912,15.339308218307192,11.412598387559457;11.610747419159765;11.81589867395943;12.028429996708088;12.248746915100163;12.477285222330211;12.714513854258513;12.960938101156554;13.217103200321716;13.483598363317222;13.761061300442762;14.050183315564071;14.351715056984977;14.66647302507895;14.995346955464647;15.339308218307192
354,Ca_JVASP-94288_CaGe2.json,2.4011218547821045,1.4694381952285767;2.269643187522888;3.034066081047058;2.2517701387405396;1.7484121322631836;2.2923895120620728;3.6025351881980896;2.5407204031944275,3.6025351881980896,78.20912725538027,78.20912725538027;78.20912725538024;78.20912725538025;78.20912725538025;78.20912725538027;78.20912725538024;78.20912725538025;78.20912725538025,22.291508037899384,18.074133137705893;18.576200047069424;19.106956944076106;19.668935339095064;20.264973597341434;20.89826488576853;21.57241440016799;22.291508037899384
355,Ca_JVASP-42324_Ca2FeP2H8O12.json,8.891224145889282,6.13868522644043;6.307979583740234;6.216853141784668;6.411673545837402;6.542407035827637;6.756927490234375;6.699149131774902;6.882394790649414;10.269821166992188;10.557965278625488;11.164037704467773;11.354351997375488;11.512752532958984;11.5736722946167;11.946242809295654;11.924672603607178,11.946242809295654,23.65430637152797,23.65430637152797;23.654306371527966;23.654306371527962;23.654306371527966;23.654306371527966;23.65430637152797;23.654306371527962;23.654306371527966;23.654306371527962;23.65430637152797;23.654306371527966;23.654306371527966;23.65430637152797;23.654306371527966;23.654306371527962;23.654306371527962,10.37663309076694,8.417448231205167;8.524750617214801;8.634824026081995;8.747777202060789;8.86372465481005;8.982787046613826;9.105091611234732;9.230772607456851;9.359971810716965;9.492839046608744;9.629532770480663;9.770220697841609;9.915080490847398;10.064300506776178;10.218080615123029;10.37663309076694
356,Ca_JVASP-103139_CaOsN2.json,4.539409160614014,3.1867761611938477;3.6536865234375;4.4630584716796875;4.719840049743652;4.424286842346191;4.880653381347656;5.324254989624023;5.662716865539551,5.662716865539551,118.50383917886695,118.50383917886694;118.50383917886694;118.50383917886694;118.50383917886693;118.50383917886695;118.50383917886695;118.50383917886695;118.50383917886693,15.006216799802775,12.969057809917757;13.225547147708717;13.492386365705977;13.770214822545194;14.059725645447958;14.36167150387707;14.67687114348801;15.006216799802775
357,Ca_JVASP-63205_CaAs2O6.json,9.666740417480469,8.708239555358887;8.767748832702637;9.109452247619629;9.731709480285645;9.782461166381836;10.232797622680664;10.251951217651367;10.749563217163086,10.749563217163086,52.25281854129755,52.252818541297536;52.25281854129754;52.25281854129754;52.25281854129755;52.25281854129754;52.25281854129755;52.25281854129754;52.25281854129755,13.355367156179152,11.717310057649087;11.926278208810785;12.14283523568625;12.367402179307042;12.600431814139569;12.842411695144474;13.093867562806595;13.355367156179152
358,Ca_JVASP-64375_Ba4CaTa.json,1.4897284507751465,4.397510766983032;1.2471668720245361;0.84693443775177;0.8870962858200073;1.1966261863708496;1.0961546897888184;1.0187355279922485;1.2276028394699097,4.397510766983032,20.986150231991306,20.9861502319913;20.986150231991306;20.986150231991306;20.986150231991306;20.986150231991303;20.986150231991303;20.986150231991306;20.986150231991303,4.556428362004203,4.349004058005198;4.377472287642216;4.406315674496238;4.435541683544146;4.4651579791386675;4.495172431709309;4.525593124735404;4.556428362004203
359,Ca_JVASP-99758_CaPm3.json,0.3604886531829834,1.0464221239089966;0.6459771394729614;0.5099530220031738;0.2678053379058838;0.19581866264343262;0.13237404823303223;0.2862412929534912;0.18925213813781738;0.08022689819335938;0.49158310890197754;0.0669025182723999;0.3517268896102905;0.13540196418762207;0.4083263874053955;0.39060091972351074;0.5692059993743896,1.0464221239089966,20.183169806766088,20.183169806766085;20.183169806766088;20.183169806766088;20.183169806766085;20.183169806766085;20.183169806766085;20.183169806766085;20.183169806766085;20.183169806766085;20.183169806766085;20.183169806766088;20.183169806766085;20.183169806766085;20.183169806766085;20.183169806766088;20.18316980676608,3.828740388480115,3.5259317103074537;3.544620919925238;3.563509309700122;3.582600080832773;3.6018965034924517;3.621401918684443;3.6411197401785014;3.6610534565006345;3.6812066329906763;3.701582913928191;3.72218602472938;3.7430197742177604;3.7640880569715356;3.785394855750687;3.8069442440069667;3.828740388480115
360,K_JVASP-49241_K4CaU3O12.json,3.8864731788635254,1.3316154479980469;1.309091567993164;1.3101768493652344;1.3140087127685547;1.502223014831543;1.5119647979736328;1.4875245094299316;1.5127453804016113;3.562910556793213;2.5864853858947754;3.0080485343933105;2.40755033493042;3.418975353240967;3.0787596702575684;4.315523147583008;3.791874885559082;3.4796838760375977;3.7736740112304688;2.900160789489746;5.161581039428711;7.1836113929748535;8.54163122177124;8.074629783630371;8.995558738708496;9.36289119720459;6.279335021972656;4.897348403930664;4.4030656814575195;3.8008298873901367;3.735957145690918;3.4329471588134766;2.8947582244873047,9.36289119720459,17.25111505582068,17.251115055820677;17.251115055820677;17.251115055820677;17.251115055820673;17.25111505582068;17.251115055820677;17.251115055820673;17.25111505582068;17.251115055820677;17.251115055820673;17.251115055820677;17.251115055820677;17.251115055820673;17.251115055820677;17.251115055820677;17.251115055820677;17.25111505582068;17.251115055820677;17.251115055820677;17.251115055820677;17.251115055820677;17.251115055820677;17.251115055820677;17.251115055820677;17.251115055820677;17.251115055820677;17.251115055820673;17.251115055820673;17.251115055820677;17.251115055820677;17.251115055820677;17.251115055820677,3.522636481996169,3.038576891730768;3.0521059920777027;3.065756106417685;3.0795288656990407;3.093425930310174;3.107448990746859;3.1215997682977505;3.135880015748725;3.1502915181066338;3.164836093343106;3.179515593159058;3.1943319037705673;3.2092869467168343;3.224382679690937;3.2396210973941475;3.255004232414587;3.2705341561310335;3.286212979642728;3.302042854726053;3.318025974818995;3.3341645760343352;3.35046093820256;3.3669173859454964;3.383536289781753;3.4003200672650564;3.4172711841566343;3.434392155632851;3.451685547529316;3.4691539776227795;3.486800116952145;3.5046266911800066;3.522636481996169
361,Ca_JVASP-87116_CaAlF5.json,14.115207195281982,7.5156168937683105;8.525505542755127;17.799546718597412;22.589998722076416;18.02177357673645;15.455803155899048;12.19447112083435;10.695875883102417;13.921373844146729;13.396650791168213;13.167150735855103;13.456169843673706;14.489388942718506;14.37023115158081;14.583841562271118;15.659916639328003,22.589998722076416,29.75264804101933,29.752648041019324;29.75264804101932;29.752648041019327;29.752648041019327;29.75264804101932;29.752648041019324;29.752648041019327;29.752648041019327;29.752648041019327;29.75264804101933;29.752648041019327;29.752648041019327;29.752648041019324;29.752648041019327;29.752648041019327;29.752648041019324,13.45689040625111,10.336788124027319;10.499075187707286;10.666539329040825;10.839432292366732;11.018022412948726;11.202596006628912;11.393458901537613;11.590938129095015;11.795383793972286;12.00717114550477;12.226702876339836;12.454411677943364;12.690763087086284;12.936258662713058;13.191439538811974;13.45689040625111
362,Ca_JVASP-71062_CaBeSb.json,2.4834407567977905,1.5064966678619385;0.9726307392120361;1.1753036975860596;2.2699167728424072;1.9122657775878906;3.3054141998291016;2.9912688732147217;5.734229326248169,5.734229326248169,83.59988927021705,83.59988927021705;83.59988927021703;83.59988927021705;83.59988927021705;83.59988927021705;83.59988927021705;83.59988927021705;83.59988927021703,24.673276634028806,19.608906065659845;20.20125689336656;20.830510251389025;21.500225464823227;22.214434803242167;22.97772473276455;23.79533451513768;24.673276634028806
363,Na_JVASP-74196_NaCaBe2.json,0.42558032274246216,-0.2700991630554199;-0.1457589864730835;-0.1880340576171875;-0.28874480724334717;-0.35582083463668823;-0.30408984422683716;3.9788586497306824;2.6127763390541077;0.8727540373802185;0.3618651032447815;-0.23088818788528442;-0.13255351781845093;1.2586968541145325;0.9176662564277649;-0.3990711569786072;-0.48047250509262085;-0.06935954093933105;0.5227211713790894,3.9788586497306824,29.651681306656204,29.6516813066562;29.6516813066562;29.6516813066562;29.651681306656204;29.651681306656204;29.6516813066562;29.6516813066562;29.651681306656204;29.6516813066562;29.651681306656197;29.651681306656204;29.651681306656204;29.6516813066562;29.6516813066562;29.651681306656197;29.6516813066562;29.6516813066562;29.651681306656204,25.075478002961678,18.361475108654275;18.65529796219493;18.95867732789818;19.27208714780714;19.596033230086512;19.931055973011514;20.277733373240377;20.636684353596667;21.008572450665948;21.394109908428632;21.79406223106346;22.20925325615418;22.64057081904524;23.088973090301554;23.555495681474763;24.041259630084763;24.547480393407792;25.075478002961678
364,Ca_JVASP-93900_CaBi2.json,2.9192826747894287,2.095860242843628;2.3502004146575928;2.312589645385742;2.4576926231384277;2.221928596496582;3.8277928829193115;3.3686969876289368;4.719500005245209,4.719500005245209,59.375833489095236,59.375833489095214;59.375833489095236;59.375833489095236;59.37583348909522;59.37583348909523;59.37583348909522;59.37583348909523;59.37583348909523,7.920610950665215,7.3141951514563575;7.395078020137757;7.4777697526398725;7.562331715284442;7.648828081973756;7.7373259966109815;7.827895746927811;7.920610950665215
365,Ca_JVASP-92628_CaFe2As2.json,2.4962382316589355,2.7235069274902344;2.838128089904785;2.494399070739746;2.208249568939209;2.052865982055664;2.0807652473449707;2.5823867321014404;2.43349289894104;2.7040014266967773;2.5789976119995117;2.5598275661468506;2.5878665447235107;2.2831854820251465;2.3284969329833984;2.460907220840454;2.5679728984832764;2.7933857440948486;2.6538522243499756,2.838128089904785,29.85199167377649,29.851991673776485;29.85199167377649;29.851991673776485;29.851991673776485;29.851991673776485;29.85199167377649;29.85199167377648;29.851991673776485;29.85199167377649;29.851991673776485;29.85199167377649;29.851991673776485;29.85199167377648;29.851991673776485;29.85199167377648;29.85199167377648;29.85199167377649;29.851991673776485,5.645179582427895,4.936723791186783;4.973438732943089;5.0107038724600885;5.048531670723561;5.086934967873437;5.125926997735137;5.165521403024374;5.205732251262128;5.24657405143878;5.288061771468898;5.330210856480771;5.37303724798763;5.416557403990583;5.460788320066478;5.505747551497486;5.551453236502929;5.597924120637935;5.645179582427895
366,Ca_JVASP-68558_CaBeTe2.json,3.530089259147644,3.5095516443252563;2.776002049446106;3.5810199975967407;3.5957919359207153;3.1780569553375244;2.9012210369110107;4.636813759803772;4.062256693840027,4.636813759803772,51.54515004379865,51.54515004379865;51.54515004379864;51.545150043798635;51.54515004379864;51.545150043798635;51.545150043798635;51.54515004379865;51.54515004379865,12.443953377984409,11.009836558377323;11.194133701794739;11.384705901958963;11.5818791945913;11.786002600118964;11.997450185468498;12.216623351852135;12.443953377984409
367,Li_JVASP-130662_Li8Ca.json,0.03388339281082153,1.315300703048706;0.49464869499206543;0.2770119905471802;0.518600583076477;0.26811838150024414;0.2714364528656006;0.38885438442230225;-0.13005971908569336;-0.14774620532989502;2.76202130317688;3.040745735168457;1.965203881263733;1.901553988456726;0.799936056137085;0.8891270160675049;0.868078887462616;0.3959212899208069;-0.00037807226181030273;2.049121677875519;0.7624873518943787;0.9641968607902527;0.4066886901855469;0.07295870780944824;-0.2163156270980835;-0.18260037899017334;0.535422682762146;-0.0027486085891723633;-0.22641098499298096;0.09083497524261475;0.32722413539886475;0.07932496070861816;-0.20726919174194336;-0.5923143625259399;0.16575980186462402;-0.6571686267852783;-2.239902138710022;-0.19417035579681396;0.6832979917526245;-0.21352851390838623;-0.20813703536987305;-0.667057991027832;1.477070927619934;-1.3456653356552124;-1.2830393314361572;-4.154188871383667;0.9442789554595947;0.9726171493530273;0.7392933368682861;0.1811845302581787;0.0030944347381591797;0.07073760032653809;0.11358642578125;0.02902078628540039;-0.8562214374542236;-0.2695906162261963;-0.644146203994751;-0.31539368629455566;-0.23221206665039062;-0.7093281745910645;-1.0359745025634766;-0.2190709114074707;-0.9012815952301025;-1.7465126514434814;0.6376566886901855;-0.48465919494628906;0.596142053604126;-0.856367826461792;-0.7428972721099854;-0.6901905536651611;0.16591715812683105;-0.36440587043762207;-3.0479190349578857,3.040745735168457,23.62808875896929,23.628088758969287;23.628088758969287;23.628088758969287;23.628088758969287;23.628088758969284;23.628088758969287;23.628088758969287;23.628088758969284;23.628088758969284;23.628088758969284;23.62808875896929;23.628088758969287;23.628088758969287;23.62808875896929;23.628088758969287;23.628088758969284;23.62808875896929;23.628088758969287;23.628088758969284;23.628088758969287;23.628088758969287;23.628088758969284;23.628088758969287;23.628088758969287;23.62808875896928;23.628088758969284;23.628088758969284;23.628088758969284;23.62808875896929;23.628088758969287;23.628088758969284;23.62808875896929;23.628088758969287;23.628088758969284;23.628088758969287;23.628088758969287;23.628088758969284;23.628088758969287;23.628088758969284;23.628088758969284;23.628088758969284;23.628088758969284;23.62808875896928;23.628088758969284;23.628088758969284;23.628088758969284;23.628088758969287;23.628088758969287;23.62808875896929;23.628088758969287;23.628088758969287;23.628088758969287;23.628088758969287;23.628088758969287;23.628088758969287;23.628088758969287;23.628088758969287;23.628088758969287;23.628088758969287;23.628088758969287;23.628088758969287;23.628088758969287;23.628088758969287;23.628088758969287;23.628088758969287;23.628088758969287;23.628088758969284;23.628088758969287;23.628088758969284;23.628088758969287;23.628088758969287;23.62808875896929,72.900834127431,31.148069927167647;31.401374508778556;31.65883275269098;31.920547670477998;32.1866257083802;32.45717689165971;32.732314976296166;33.01215760846433;33.29682649226278;33.58644756619624;33.881151188949175;34.18107233502627;34.48635080087692;34.79713142216469;35.11356430289161;35.435805057138545;35.764015064239715;36.09836173827051;36.43901881279416;36.78616664188465;37.13999251852201;37.50069101154077;37.868464322405465;38.24352266318753;38.62608465722845;39.01637776409368;39.41463873055275;39.82111406946485;40.23606056860486;40.65974583163716;41.092448853631744;41.53446063372367;41.98608482774298;42.44763844389082;42.91945258481105;43.40187323970778;43.89526213049129;44.39999761630104;44.916475661159296;45.44511086995635;45.98633759846385;46.54061114362213;47.108409020957;47.69023233665861;48.286607262608975;48.898086623483856;49.525251605991315;50.16871360135506;50.82911619332034;51.507137305270746;52.203491521513484;52.91893259944184;53.65425619114095;54.41030279509585;55.187960961022796;55.98817077351553;56.81192764322197;57.66028643769722;58.53436598797734;59.435354011356644;60.3645124959146;61.32318359812451;62.31279611150377;63.33487257187073;64.39103707351971;65.48302388070803;66.61268693049576;67.78201033646626;68.99312001851155;70.24829660208665;71.54998975159405;72.900834127431
368,Ca_JVASP-70884_CaBe2Cd.json,1.8240532875061035,1.149297833442688;1.4651902914047241;1.7668602466583252;2.3134281635284424;2.015307664871216;1.9032573699951172;2.5317986011505127;2.206000804901123;2.3002541065216064;1.4703967571258545;1.3294377326965332;1.4374098777770996,2.5317986011505127,49.78364074745461,49.783640747454605;49.78364074745461;49.78364074745461;49.78364074745461;49.78364074745461;49.783640747454605;49.78364074745461;49.78364074745461;49.78364074745461;49.78364074745461;49.783640747454605;49.78364074745461,16.695596976227165,13.098426584866347;13.360110127397874;13.63246277442203;13.916150589362049;14.211896256290691;14.520485227071925;14.842772687130896;15.179691469927542;15.532261074378647;15.901597968815038;16.288927400834957;16.695596976227165
369,Ca_JVASP-99354_Ca5MnSi9Pb9O33.json,9.346117973327637,5.961173057556152;8.277299404144287;10.901310443878174;10.588483810424805;11.002323150634766,11.002323150634766,52.17854810466824,52.17854810466823;52.17854810466824;52.17854810466823;52.17854810466823;52.17854810466823,9.779543296857165,9.239093721652551;9.368527597205555;9.501639574558997;9.638588693464976;9.779543296857165
370,Ca_JVASP-86627_NaCaVO4.json,6.5983099937438965,3.715184211730957;4.272542953491211;4.479436874389648;4.8037614822387695;4.7542901039123535;5.185800075531006;5.827120304107666;6.992503643035889;8.757808685302734;8.070365905761719;10.299778938293457;8.506388664245605;8.680438041687012;7.623867988586426;7.183283805847168;6.420388221740723,10.299778938293457,28.162713930694494,28.162713930694487;28.162713930694487;28.162713930694494;28.162713930694494;28.16271393069449;28.16271393069449;28.16271393069449;28.16271393069449;28.162713930694483;28.162713930694494;28.162713930694494;28.162713930694487;28.16271393069449;28.16271393069449;28.16271393069449;28.162713930694487,11.9279920481904,9.4102693443508;9.54457863536845;9.682777332021734;9.825036863955138;9.971538885625463;10.122476050156406;10.278052854555382;10.438486564090088;10.60400822461131;10.774863772741199;10.9513152551456;11.133642169603364;11.322142942307423;11.517136557821184;11.71896436041637;11.9279920481904
371,Ca_JVASP-74669_Ca2BeIr.json,4.452608585357666,0.43128514289855957;1.2112622261047363;1.1846089363098145;3.87695050239563;3.235203504562378;2.525495767593384;4.652679920196533;2.838141441345215;2.2560300827026367;3.2585606575012207;2.0634076595306396;0.6785037517547607;4.055730700492859;4.4700154066085815;4.605664372444153;4.113050580024719;4.940686225891113;4.3918962478637695;4.376363754272461;7.926323890686035;10.746065497398376;3.2859771251678467;10.90165001153946;14.837052643299103,14.837052643299103,45.91189002402507,45.91189002402506;45.911890024025055;45.911890024025055;45.911890024025055;45.911890024025055;45.91189002402506;45.91189002402506;45.91189002402506;45.91189002402506;45.91189002402506;45.91189002402506;45.911890024025055;45.911890024025055;45.911890024025055;45.911890024025055;45.911890024025055;45.91189002402506;45.911890024025055;45.911890024025055;45.91189002402506;45.91189002402506;45.911890024025055;45.911890024025055;45.91189002402507,10.917864450064952,7.937364591190848;8.032706861678744;8.130367449603149;8.230431953044793;8.332990236588172;8.438136700497305;8.545970570530823;8.65659621026661;8.770123458002391;8.886667990518381;9.006351716234395;9.129303200570387;9.255658126630447;9.385559794680539;9.51915966428549;9.65661794341729;9.798104229352157;9.943798206746953;10.093890408936392;10.248583049233243;10.408090929858146;10.572642437090293;10.742480632334312;10.917864450064952
372,Na_JVASP-108659_Na3Ca.json,0.3910309473673503,2.106410503387451;0.3061356544494629;1.4182462692260742;0.3817415237426758;0.36229419708251953;0.0068645477294921875;-0.06608128547668457;-0.11182188987731934;0.17790460586547852;-0.07702398300170898;0.15388274192810059;-0.05748724937438965;0.6146173477172852;0.3190488815307617;0.9066276550292969;0.17431354522705078;1.3182990550994873;-0.07447123527526855;1.3091187477111816;0.1042790412902832;1.345458984375;-0.22799253463745117;1.6925220489501953;-0.014384746551513672;1.1223492622375488;0.2343301773071289;0.5719542503356934;-0.18523502349853516;-0.1526961326599121;-0.17884588241577148;-0.22187280654907227;-0.11190271377563477;0.1417245864868164;0.22973155975341797;0.06208658218383789;-0.09246397018432617;-0.006142854690551758;0.17340540885925293;0.7572035789489746;0.8171920776367188;-0.0693514347076416;0.4512660503387451;1.1442923545837402;0.14591026306152344;1.0288548469543457;0.3839387893676758;0.10103940963745117;0.3542146682739258,2.106410503387451,18.713955080719703,18.713955080719696;18.713955080719696;18.7139550807197;18.713955080719696;18.713955080719696;18.7139550807197;18.7139550807197;18.7139550807197;18.713955080719703;18.713955080719696;18.7139550807197;18.7139550807197;18.7139550807197;18.713955080719696;18.713955080719696;18.7139550807197;18.7139550807197;18.7139550807197;18.713955080719696;18.7139550807197;18.713955080719696;18.7139550807197;18.7139550807197;18.713955080719696;18.7139550807197;18.7139550807197;18.7139550807197;18.713955080719696;18.7139550807197;18.713955080719696;18.713955080719696;18.713955080719696;18.7139550807197;18.713955080719696;18.713955080719696;18.713955080719696;18.7139550807197;18.7139550807197;18.713955080719696;18.713955080719696;18.713955080719696;18.713955080719696;18.713955080719696;18.713955080719696;18.7139550807197;18.7139550807197;18.7139550807197;18.713955080719696,40.349228244221266,15.361154880845193;15.566263571251737;15.77692378536726;15.993364003664846;16.21582541891236;16.444562832758745;16.679845629288526;16.921958833364986;17.171204262504105;17.42790178206673;17.69239067474487;17.965031136671037;18.246205914023218;18.536322095762834;18.83581308016407;19.145140735112935;19.464797774823136;19.79531037869196;20.137241081574167;20.491191968868748;20.85780821459322;21.237782006183824;21.631856906252334;22.040832709127955;22.465570858927446;22.90700050638855;23.36612529408569;23.84403097431089;24.341893981322066;24.860991100423703;25.402710401179164;25.96856363186709;26.56020030822064;27.179423772952486;27.828209555370975;28.508726424815606;29.22336061059768;29.97474375836033;30.765785313093737;31.599710168715358;32.48010261132921;33.41095781876893;34.39674247705259;35.442466453945144;36.55376795650413;37.737015227949115;38.999428656875835;40.349228244221266
373,Na_JVASP-153707_Na2Ca3Ta2O9.json,2.2250137329101562,1.462085247039795;2.9879422187805176,2.9879422187805176,193.36125554767702,193.36125554767702;193.36125554767702,41.28932055575407,39.876991367754265;41.28932055575407
374,Ca_JVASP-69080_BaSr2Ca.json,1.2123804092407227,2.2502760887145996;0.20947003364562988;0.6692171096801758;0.06470227241516113;0.12165951728820801;4.87145209312439;0.7151951789855957;0.7970709800720215,4.87145209312439,27.195832158126535,27.19583215812653;27.19583215812653;27.195832158126535;27.195832158126535;27.19583215812653;27.195832158126535;27.19583215812653;27.195832158126535,10.54921422975356,9.500163535960779;9.637069802728258;9.777979660413159;9.9230713322435;10.072533779122711;10.226567520656566;10.385385532683136;10.54921422975356
375,Ca_JVASP-71367_CaBe2Pd.json,0.5188717842102051,-0.08388221263885498;0.004490494728088379;0.03711581230163574;0.17954206466674805;0.9436925649642944;1.0978018045425415;0.19327950477600098;0.2324674129486084;0.6148128509521484;0.9123554229736328;0.8593792915344238;0.451200008392334;-0.28556156158447266;-0.48717403411865234;-0.1268472671508789;-0.10074710845947266;3.209235191345215;1.6885318756103516,3.209235191345215,40.152073314890146,40.15207331489014;40.152073314890146;40.152073314890146;40.152073314890146;40.15207331489014;40.152073314890146;40.152073314890146;40.15207331489014;40.15207331489014;40.152073314890146;40.15207331489014;40.152073314890146;40.152073314890146;40.15207331489014;40.15207331489014;40.152073314890146;40.15207331489014;40.15207331489014,11.75464101747015,9.050266179790578;9.174427861074955;9.3020437083064;9.433259896617042;9.56823096703341;9.70712043366006;9.850101444524238;9.997357501697133;10.149083246989015;10.305485320291927;10.466783298529315;10.633210724184458;10.805016233539241;10.982464796085926;11.16583907810572;11.355440945173063;11.551593120384124;11.75464101747015
376,Ca_JVASP-98647_CaV2P2H8O14.json,6.928829193115234,6.818594455718994;6.892969608306885;6.891426086425781;6.956791877746582;6.913943767547607;6.9589762687683105;6.971131801605225;7.02679967880249,7.02679967880249,21.880552470899858,21.88055247089985;21.88055247089985;21.88055247089985;21.880552470899854;21.88055247089985;21.88055247089985;21.88055247089985;21.880552470899858,8.35675645138215,7.68455171949817;7.7738830459178745;7.8653157164637255;7.958924758566744;8.054788814434588;8.152990361402885;8.253615948604208;8.35675645138215
377,Ca_JVASP-5065_CaMnSi.json,1.8012871742248535,0.8264806270599365;1.1719024181365967;0.8373184204101562;1.013913631439209;0.8342761993408203;0.9553408622741699;1.3154289722442627;1.2767508029937744;1.5318503379821777;1.5945000648498535;1.8908805847167969;2.1799440383911133;1.4938366413116455;1.4067771434783936;1.7057418823242188;1.826559066772461;1.9765079021453857;2.124112844467163;1.9295787811279297;2.0345892906188965;1.7347908020019531;1.4903984069824219;1.6260075569152832;0.6286158561706543;2.4490270614624023;2.2949094772338867;3.8196144104003906;4.13017463684082;2.2299718856811523;1.6099309921264648;3.1334638595581055;2.849329948425293;1.8097314834594727;1.6225614547729492;1.7747411727905273;1.7167787551879883,4.13017463684082,21.228500000904386,21.228500000904383;21.228500000904383;21.228500000904383;21.228500000904386;21.228500000904386;21.228500000904383;21.228500000904383;21.228500000904383;21.228500000904383;21.228500000904386;21.228500000904386;21.228500000904383;21.228500000904383;21.228500000904383;21.228500000904383;21.228500000904383;21.228500000904383;21.228500000904386;21.228500000904383;21.228500000904383;21.228500000904386;21.228500000904383;21.228500000904383;21.228500000904386;21.228500000904383;21.228500000904386;21.228500000904383;21.228500000904386;21.228500000904383;21.228500000904386;21.228500000904383;21.228500000904383;21.228500000904383;21.228500000904383;21.228500000904386;21.228500000904386,8.848510899092698,6.047735577682616;6.102927849675832;6.159136780784347;6.216390722907566;6.2747190920479285;6.334152418706133;6.394722401167788;6.45646196187686;6.5194053071066165;6.583587990155268;6.649046978311652;6.715820723855977;6.783949239382142;6.853474177751709;6.924438917015167;6.9968886506643795;7.070870483610707;7.146433534317207;7.223629043550181;7.302510490256074;7.3831337151144;7.465557052366531;7.549841470574395;7.636050723022838;7.724251508545397;7.814513643626099;7.906910246710554;8.001517935748959;8.098417040092675;8.197691827976072;8.299430750937598;8.403726706670138;8.510677321942516;8.620385257403152;8.732958536266278;8.848510899092698
378,Ca_JVASP-93312_Ca2Mg.json,0.36073410511016846,2.570740222930908;1.01202392578125;0.2549147605895996;0.9729175567626953;0.35232019424438477;0.04249000549316406;0.1795330047607422;-0.2569446563720703;-0.23403429985046387;2.4041926860809326;2.0165069103240967;1.1078259944915771;0.2890658378601074;-0.2716712951660156;-0.5986871719360352;-0.3461894989013672;-0.9716968536376953;-2.805811882019043;1.7650604248046875;2.698338508605957;1.8938241004943848;1.2619595527648926;0.05562138557434082;-0.032439470291137695;-0.0344996452331543;-0.1289219856262207;-0.45043301582336426;2.1032907962799072;0.954864501953125;-0.13865947723388672;-0.3152296543121338;-0.1613938808441162;-0.26067566871643066;-0.6808574199676514;-0.38968753814697266;-0.8712291717529297,2.698338508605957,23.298713458859364,23.29871345885936;23.298713458859364;23.29871345885936;23.298713458859364;23.29871345885936;23.298713458859364;23.298713458859364;23.29871345885936;23.298713458859364;23.29871345885936;23.298713458859364;23.29871345885936;23.298713458859364;23.29871345885936;23.298713458859364;23.29871345885936;23.29871345885936;23.298713458859364;23.29871345885936;23.29871345885936;23.29871345885936;23.298713458859364;23.298713458859364;23.29871345885936;23.29871345885936;23.298713458859364;23.29871345885936;23.29871345885936;23.298713458859357;23.298713458859364;23.298713458859364;23.298713458859364;23.298713458859364;23.29871345885936;23.29871345885936;23.298713458859364,56.12076471017972,14.25384772047362;14.564281097429172;14.888537327117032;15.22756068024294;15.582383438650727;15.954136393844847;16.34406088503754;16.75352264670468;17.184027791135268;17.637241320134503;18.115008645458257;18.619380704378862;19.15264339113904;19.71735219506086;20.3163731525714;20.95293149795103;21.630669755951015;22.353717485571895;23.126775495525138;23.955218160189975;24.845218543437895;25.803902490816157;26.839539828588045;27.961783530492422;29.18197150462978;30.51351100146082;31.97237329394003;33.577737387885506;35.35283791238667;37.32609696604503;39.532657422895085;42.016494263985564;44.83337519966663;48.0550977922971;51.77569489788603;56.12076471017972
379,Ca_JVASP-22704_Ca3CdO4.json,8.570408582687378,3.597181797027588;3.5953989028930664;3.6478559970855713;3.8689377307891846;6.650005102157593;7.253702402114868;7.917289972305298;8.364935636520386;8.06384015083313;8.677977800369263;11.589664697647095;11.764050722122192;11.416029214859009;10.253813982009888;7.871888875961304;7.5894248485565186;9.97284460067749;9.625946521759033;8.83247709274292;8.432764530181885;10.197970867156982;10.371609210968018;8.937732219696045;9.423183917999268;10.1886305809021;11.225690841674805;9.767505645751953;9.460012912750244;9.41664719581604;8.992532968521118;9.597682118415833;9.77825391292572;8.340825319290161;7.672800064086914;8.199036955833435;7.978563666343689,11.764050722122192,33.708949327530924,33.70894932753092;33.70894932753092;33.70894932753092;33.70894932753092;33.708949327530924;33.70894932753092;33.708949327530924;33.70894932753092;33.70894932753092;33.70894932753092;33.70894932753092;33.70894932753092;33.70894932753092;33.70894932753092;33.70894932753092;33.70894932753092;33.708949327530924;33.70894932753092;33.70894932753092;33.70894932753092;33.708949327530924;33.70894932753092;33.70894932753092;33.708949327530924;33.708949327530924;33.70894932753092;33.708949327530924;33.70894932753092;33.708949327530924;33.70894932753092;33.70894932753092;33.708949327530924;33.708949327530924;33.70894932753092;33.708949327530924;33.70894932753092,12.42545895212768,7.529116789337043;7.6148507069177285;7.702559614835572;7.792312552940054;7.884181816925506;7.9782431525485284;8.074575963915844;8.17326353704629;8.274393280029976;8.378056981240038;8.48435108720035;8.593377001877199;8.705241409347169;8.820056621999424;8.937940956661356;9.059019141295416;9.183422755205928;9.311290706021941;9.44276974709119;9.578015039336703;9.717190762098578;9.860470778016984;10.008039357617633;10.160091969949288;10.316836146406256;10.478492425763246;10.645295389472;10.81749479744033;10.995356835858534;11.179165490184781;11.369224058184434;11.565856819979064;11.769410884448298;11.98025823409986;12.198797993750516;12.42545895212768
380,Ca_JVASP-74231_Ca4BeRh.json,0.9922242164611816,2.0788674354553223;0.48514461517333984;-0.19531822204589844;-0.3358340263366699;-0.9749162197113037;-1.0602924823760986;-0.8657150268554688;-0.9382352828979492;-0.6161396503448486;-0.5715539455413818;1.6703784465789795;1.1823742389678955;1.9801750183105469;1.9478678703308105;-0.0018596649169921875;-0.4087376594543457;1.5807693004608154;0.8173162937164307;-0.7247686386108398;0.3148937225341797;0.5821095705032349;0.47721970081329346;1.1372103691101074;5.66211724281311;-0.0280458927154541;-0.03462481498718262;-0.15352821350097656;-0.24314212799072266;2.568924903869629;2.992438316345215;6.357128858566284;7.068950891494751,7.068950891494751,36.410967164319864,36.41096716431986;36.410967164319864;36.410967164319864;36.41096716431986;36.41096716431986;36.410967164319864;36.41096716431986;36.41096716431986;36.41096716431986;36.410967164319864;36.410967164319864;36.41096716431986;36.41096716431986;36.410967164319864;36.410967164319864;36.41096716431986;36.410967164319864;36.41096716431986;36.410967164319864;36.410967164319864;36.410967164319864;36.410967164319864;36.41096716431986;36.410967164319864;36.41096716431986;36.41096716431986;36.410967164319864;36.410967164319864;36.410967164319864;36.41096716431986;36.410967164319864;36.410967164319864,28.651832276098293,12.306465428479207;12.537182930421853;12.776716543139;13.025581427246157;13.284333677875093;13.553574472884053;13.833954735947438;14.126180390658497;14.43101829492189;14.749302960665531;15.08194418285095;15.429935724646308;15.79436523337576;16.176425595649647;16.577427981409528;16.998816877406966;17.44218747334103;17.909305841699556;18.402132449442377;18.92284966148435;19.473894049682894;20.05799451628508;20.67821749037623;21.338020777133934;22.041318056251683;22.792556570236183;23.596811260489375;24.459899562389776;25.388522349621436;26.390438251307156;27.474680939722624;28.651832276098293
381,Ca_JVASP-87047_Ca3Ni7B2.json,3.5033416748046875,1.1315550804138184;1.1272335052490234;1.0786805152893066;1.0997581481933594;1.1486518383026123;1.363804578781128;1.3540561199188232;1.5174939632415771;1.7098846435546875;1.907545566558838;1.9353399276733398;2.188382625579834;2.420825242996216;2.4985973834991455;3.339339256286621;3.4796977043151855;6.412454605102539;6.91832160949707;7.448828220367432;5.993590831756592;5.487227439880371;5.499771595001221;7.148898363113403;9.870261430740356,9.870261430740356,34.335234947676824,34.33523494767682;34.33523494767682;34.33523494767682;34.33523494767682;34.335234947676824;34.33523494767682;34.335234947676824;34.33523494767682;34.33523494767682;34.335234947676824;34.335234947676824;34.33523494767682;34.33523494767682;34.335234947676824;34.33523494767682;34.33523494767682;34.335234947676824;34.33523494767682;34.335234947676824;34.33523494767682;34.335234947676824;34.335234947676824;34.33523494767682;34.335234947676824,7.657819029997422,6.061381886369463;6.116824656376951;6.1732910467330795;6.230809669680053;6.28941021384857;6.349123495355379;6.409981511839517;6.472017499636358;6.535265994304077;6.599762894734161;6.665545531096013;6.732652736885871;6.8011249253722115;6.871004170753862;6.942334294373287;7.015160956356255;7.089531753080578;7.165496320911128;7.243106446676255;7.322416185402267;7.4034819858685035;7.486362824595809;7.571120348936788;7.657819029997422
382,Ca_JVASP-68154_CaMn2Be.json,2.336376190185547,0.5514183044433594;0.8695840835571289;0.768526554107666;1.419954776763916;1.6102418899536133;1.8886332511901855;5.1265974044799805;6.456053256988525,6.456053256988525,86.45213259401487,86.45213259401487;86.45213259401487;86.45213259401486;86.45213259401486;86.45213259401487;86.45213259401486;86.45213259401487;86.45213259401486,27.039860007925622,21.074817494234807;21.760592709017477;22.492499334855598;23.275354204138587;24.114668933676956;25.01677988141752;25.98900840624946;27.039860007925622
383,Ca_JVASP-3009_CaZn2As2.json,3.918517053127289,2.3336316347122192;2.303261399269104;2.8132539987564087;3.166441798210144;4.460083305835724;4.617637097835541;5.796345949172974;5.857481241226196,5.857481241226196,52.4057433167397,52.40574331673969;52.4057433167397;52.4057433167397;52.40574331673969;52.405743316739695;52.405743316739695;52.405743316739695;52.405743316739695,11.727426852954032,10.44520024412011;10.610936579210106;10.782017265525452;10.958705040967388;11.141280152586825;11.330041839832463;11.525309971177615;11.727426852954032
384,Ca_JVASP-73969_CaMn2Be.json,0.8203818798065186,-1.4510414600372314;-1.4346435070037842;0.7785859107971191;1.2786049842834473;2.712595224380493;2.2785298824310303;-0.8130002021789551;-0.7768692970275879;0.6513094902038574;0.9282026290893555;1.9438788890838623;2.200456380844116;0.8134100437164307;0.9953606128692627;0.40589070320129395;0.6957571506500244;1.0204792022705078;2.539367198944092,2.712595224380493,44.03574679724825,44.035746797248244;44.035746797248244;44.03574679724824;44.035746797248244;44.03574679724825;44.03574679724824;44.035746797248244;44.035746797248244;44.03574679724825;44.035746797248244;44.03574679724824;44.035746797248244;44.035746797248244;44.03574679724824;44.03574679724825;44.035746797248244;44.035746797248244;44.03574679724824,12.293880252154937,9.366585552993248;9.499641957411304;9.636533083412363;9.77742713135704;9.922502284474753;10.071947460635574;10.225963133096627;10.384762227720737;10.54857110511129;10.717630637189759;10.892197388983819;11.072544917820142;11.258965203758562;11.45177022699965;11.651293710190822;11.857893046098544;12.071951434070325;12.293880252154937
385,Ca_JVASP-87880_Ca6FeN5.json,5.8177103996276855,2.9023590087890625;2.8889408111572266;2.951319694519043;3.091280937194824;3.0998220443725586;3.0971107482910156;3.296724319458008;3.403864860534668;6.522229194641113;6.794685363769531;5.740080833435059;5.496685028076172;7.6190876960754395;7.329997539520264;7.0393781661987305;6.338608741760254;9.26601791381836;8.208971977233887;6.53792929649353;5.959242105484009;5.992961883544922;5.736511707305908;5.551780700683594;4.915485858917236;8.247602701187134;7.866638898849487;6.012939929962158;5.717349529266357;8.119734764099121;7.333418369293213;6.063987731933594;5.887914180755615;7.0336761474609375;6.222342491149902;5.674582004547119;5.955804347991943;6.612898111343384;7.745200872421265;6.4083685874938965;7.090501308441162;3.9283618927001953;3.328847885131836;4.529103755950928;4.8166985511779785;5.4042229652404785;5.962369441986084;5.7810728549957275;7.725385427474976,9.26601791381836,27.30879364080522,27.308793640805213;27.30879364080522;27.308793640805213;27.30879364080522;27.308793640805217;27.30879364080522;27.308793640805217;27.308793640805217;27.30879364080522;27.308793640805217;27.30879364080522;27.308793640805213;27.30879364080522;27.308793640805213;27.308793640805217;27.308793640805217;27.308793640805217;27.308793640805213;27.308793640805217;27.308793640805217;27.30879364080522;27.308793640805213;27.30879364080522;27.308793640805213;27.308793640805217;27.308793640805217;27.308793640805217;27.308793640805217;27.308793640805217;27.308793640805217;27.308793640805217;27.308793640805217;27.308793640805213;27.30879364080522;27.30879364080522;27.308793640805217;27.30879364080522;27.308793640805213;27.308793640805217;27.30879364080522;27.308793640805217;27.308793640805217;27.308793640805213;27.308793640805217;27.308793640805217;27.308793640805217;27.308793640805213;27.308793640805217,25.595767153574815,9.144853765871623;9.271642505609762;9.401996396958099;9.53606795606788;9.67401852440068;9.816018916441402;9.962250125305953;10.112904092372164;10.268184547815338;10.428307929788335;10.593504390966892;10.764018902303897;10.940112465124647;11.122063444176183;11.310169035950468;11.504746888572;11.706136891821664;11.914703158515968;12.130836221539873;12.354955474423019;12.587511887548589;12.828991037009168;13.079916488915437;13.34085358879545;13.612413713805225;13.895259055066308;14.19010800887315;14.497741269169827;14.819008730076229;15.154837326965133;15.506239968428673;15.874325740402256;16.260311598974386;16.66553581157986;17.091473459372438;17.539754379206272;18.012184005198453;18.51076767170282;19.03773906748016;19.59559369254978;20.18712837483852;20.81548816698;21.484222282966122;22.197351175078644;22.959447428436537;23.775733912001918;24.652203639044643;25.595767153574815
386,Na_JVASP-104601_NaCa3.json,1.1514980792999268,-0.23932337760925293;-0.17244219779968262;1.5531868934631348;3.200593948364258;0.6164007186889648;1.1834182739257812;1.815112829208374;1.255037546157837,3.200593948364258,35.042066480668154,35.04206648066815;35.042066480668154;35.04206648066815;35.042066480668154;35.042066480668154;35.042066480668154;35.042066480668154;35.042066480668154,27.21344476667501,23.391265199768164;23.870210342033253;24.36917863766942;24.88945254980263;25.43242645145415;25.99961910458389;26.592687847065825;27.21344476667501
387,Ca_JVASP-91922_CaZn.json,1.6092944145202637,0.8652820587158203;1.0936179161071777;0.6201210021972656;0.5325703620910645;0.48778653144836426;0.4906461238861084;0.5179038047790527;0.6954398155212402;1.6522047519683838;1.9651215076446533;1.2780508995056152;1.1566553115844727;3.607161283493042;2.8046820163726807;2.766726493835449;2.373027801513672;1.8438663482666016;0.8845343589782715;0.7764997482299805;2.4784579277038574;1.9688668251037598;1.5730900764465332;2.3170199394226074;3.244384288787842;0.8247215747833252;1.5124175548553467;0.6963582038879395;1.849494457244873;0.9876246452331543;2.3957600593566895;2.4863672256469727;2.750960350036621,3.607161283493042,24.35009266259836,24.350092662598357;24.350092662598357;24.350092662598353;24.350092662598357;24.350092662598357;24.350092662598353;24.350092662598357;24.35009266259836;24.350092662598357;24.350092662598353;24.350092662598357;24.350092662598357;24.350092662598357;24.35009266259836;24.35009266259836;24.350092662598357;24.350092662598357;24.35009266259836;24.35009266259836;24.350092662598353;24.350092662598353;24.35009266259836;24.350092662598357;24.350092662598357;24.35009266259836;24.350092662598357;24.350092662598357;24.350092662598353;24.35009266259836;24.350092662598357;24.350092662598353;24.35009266259836,12.564179890881023,7.939805782084258;8.035207060371382;8.13292882172243;8.233056771502635;8.335680888307772;8.440895693652452;8.548800542343923;8.659499935416337;8.773103857697354;8.889728142299136;9.009494864572963;9.132532768343998;9.258977727554822;9.38897324679763;9.522671004611528;9.660231443869266;9.801824414084848;9.947629871048395;10.097838639847753;10.252653248079495;10.412288836899386;10.576974158530255;10.746952669953304;10.922483733779627;11.103843938759514;11.291328554069882;11.485253133462882;11.68595528760734;11.893796645562754;12.109165029359085;12.332476869192373;12.564179890881023
388,Ca_JVASP-71233_CaBe2Sn.json,1.9002047181129456,0.9934922456741333;1.1782612800598145;0.8439821004867554;0.8837704658508301;1.0862325429916382;0.9521557092666626;2.350988507270813;2.5254396200180054;2.11989825963974;2.104196012020111;2.0671955347061157;2.128225326538086;2.385141372680664;2.2472147941589355;1.948366940021515;2.196222960948944;2.9409289360046387;3.2519723176956177,3.2519723176956177,31.69337931097327,31.693379310973267;31.69337931097326;31.693379310973267;31.69337931097326;31.693379310973267;31.69337931097326;31.69337931097326;31.693379310973263;31.693379310973267;31.693379310973263;31.693379310973263;31.693379310973267;31.693379310973263;31.69337931097326;31.693379310973267;31.693379310973263;31.693379310973263;31.69337931097327,10.71503550415925,8.421193818371181;8.528592329440142;8.63876561177866;8.751822607097804;8.86787803568874;8.987052784712247;9.109474328223907;9.235277182002852;9.364603396595678;9.497603092374769;9.634435040848103;9.77526729695319;9.920277887629325;10.069655562600218;10.223600614024472;10.382325772498302;10.546057187839155;10.71503550415925
389,Li_JVASP-146397_LiCaVF6.json,3.5398590564727783,3.233699083328247;3.1798036098480225;3.5938642024993896;4.104115724563599;3.222334146499634;3.257680654525757;3.6422014236450195;4.085173606872559,4.104115724563599,49.487386199614384,49.48738619961437;49.48738619961438;49.48738619961437;49.487386199614384;49.48738619961438;49.48738619961438;49.48738619961438;49.48738619961438,16.272708046703467,15.806419631412897;15.871389457114551;15.936895583894414;16.002944679713845;16.0695435235334;16.136699007632203;16.20441813998568;16.272708046703467
390,K_JVASP-70396_K2Ca2Be.json,1.0876272916793823,1.1534202098846436;1.021834373474121,1.1534202098846436,182.56064367287712,182.5606436728771;182.56064367287712,208.95155884224775,160.13811890909707;208.95155884224775
391,Ca_JVASP-87118_CaSiPd.json,2.4139578342437744,1.2745606899261475;1.0547106266021729;1.2660267353057861;1.2114741802215576;1.273864984512329;1.2235829830169678;1.2999169826507568;1.2497484683990479;1.3542039394378662;1.2746975421905518;1.4177765846252441;1.3771615028381348;1.5496039390563965;1.4981703758239746;1.4520654678344727;1.4614295959472656;2.1375064849853516;2.1668033599853516;2.465578317642212;2.496554136276245;2.6128456592559814;2.6339728832244873;2.919362783432007;2.637364625930786;4.343267440795898;4.065762519836426;4.423451900482178;4.353789806365967;4.872413396835327;4.621415376663208;4.712989568710327;4.5445778369903564,4.872413396835327,23.447383741590514,23.44738374159051;23.44738374159051;23.447383741590507;23.44738374159051;23.447383741590507;23.44738374159051;23.44738374159051;23.44738374159051;23.44738374159051;23.44738374159051;23.447383741590507;23.447383741590507;23.44738374159051;23.447383741590514;23.44738374159051;23.44738374159051;23.44738374159051;23.44738374159051;23.447383741590507;23.447383741590507;23.44738374159051;23.44738374159051;23.447383741590507;23.447383741590507;23.44738374159051;23.44738374159051;23.447383741590507;23.447383741590507;23.447383741590514;23.447383741590514;23.44738374159051;23.44738374159051,6.169409376411027,4.797396618436004;4.832061146193702;4.867230270666808;4.902915090432034;4.9391270319534835;4.975877861781301;5.013179699299;5.051045030048496;5.089486719663609;5.1285180284446925;5.168152626609098;5.208404610254298;5.249288518072833;5.2908193488607225;5.33301257986364;5.37588418600797;5.419450660066985;5.463729033815579;5.508736900230596;5.554492436797537;5.601014429988496;5.648322300980586;5.69643613268883;5.745376698192558;5.795165490639835;5.845824754720375;5.897377519803775;5.949847634846756;6.003259805180596;6.057639631297984;6.113013649767195;6.169409376411027
392,Ca_JVASP-67068_CaBeCd.json,1.3158729076385498,0.9016996622085571;0.34885871410369873;1.1434755325317383;1.5463557243347168;1.4124395847320557;1.0925612449645996;1.9899308681488037;2.0916619300842285,2.0916619300842285,90.17759279938947,90.17759279938946;90.17759279938944;90.17759279938946;90.17759279938946;90.17759279938947;90.17759279938947;90.17759279938947;90.17759279938947,26.497725846766638,20.744028796884525;21.408106037005837;22.11610754453392;22.8725403180924;23.682549800757975;24.552037080137122;25.48780288992345;26.497725846766638
393,Ca_JVASP-95994_CaBePO4F.json,11.369821548461914,6.517292499542236;6.528477191925049;7.426483154296875;8.029274940490723;11.496873378753662;12.910659313201904;14.214603424072266;13.647809028625488;16.270858764648438;13.324241638183594;11.826778411865234;11.690677642822266;11.090767860412598;11.05962085723877;12.809057235717773;13.07366943359375,16.270858764648438,31.01114690959445,31.011146909594444;31.011146909594444;31.011146909594448;31.011146909594444;31.011146909594444;31.01114690959445;31.011146909594448;31.011146909594444;31.011146909594444;31.011146909594448;31.011146909594448;31.011146909594444;31.011146909594444;31.011146909594448;31.01114690959445;31.011146909594448,13.348752926420385,10.272863531685507;10.433134015117366;10.598484625424081;10.769160791062635;10.945424008597932;11.127553179549707;11.315846082966663;11.510621000081485;11.712218509691454;11.921003475568572;12.137367250296155;12.361730123536955;12.594544046957143;12.836295672978943;13.087509750354686;13.348752926420385
394,Ca_JVASP-73741_CaHfBe2.json,4.24144172668457,-0.3001735210418701;0.050519704818725586;5.375068187713623;5.842202663421631;2.40917706489563;3.6794207096099854;5.087179183959961;11.788139820098877,11.788139820098877,79.15180358270823,79.15180358270821;79.15180358270821;79.1518035827082;79.15180358270823;79.1518035827082;79.15180358270821;79.15180358270821;79.15180358270821,16.624239668603078,14.160157637796326;14.46647963883372;14.786347804381766;15.120681008928628;15.470483156008092;15.836853246436874;16.220996911861818;16.624239668603078
395,Ca_JVASP-93313_Ca2Mg.json,0.4700390100479126,1.3925080299377441;0.8051762580871582;0.9809794425964355;0.6375832557678223;0.9108471870422363;0.5275821685791016;1.226212978363037;0.9613733291625977;0.4259810447692871;0.6176981925964355;0.8618597984313965;-0.034780025482177734;1.525061845779419;-0.31276774406433105;1.8467767238616943;-0.3052093982696533;2.795003890991211;0.09336233139038086;0.7475054264068604;-0.31116747856140137;0.36167144775390625;-0.16470909118652344;-0.5100295543670654;-0.18237519264221191;-0.4394497871398926;-0.2961883544921875;0.45642662048339844;0.13230085372924805;0.3159797191619873;-0.08708786964416504;0.540778398513794;-0.47765612602233887,2.795003890991211,26.99361384569676,26.993613845696757;26.993613845696753;26.993613845696757;26.99361384569676;26.993613845696753;26.993613845696757;26.993613845696753;26.993613845696753;26.993613845696757;26.993613845696757;26.993613845696757;26.993613845696753;26.993613845696757;26.993613845696757;26.993613845696757;26.993613845696753;26.993613845696757;26.993613845696757;26.993613845696757;26.99361384569676;26.99361384569676;26.993613845696757;26.993613845696757;26.99361384569676;26.99361384569676;26.99361384569676;26.993613845696757;26.99361384569676;26.993613845696757;26.993613845696757;26.993613845696753;26.99361384569676,62.480432492484375,16.035578685532823;16.429543444000487;16.84335375442183;17.278547909289482;17.736827401824875;18.220079158544753;18.730401508071175;19.270134639827376;19.841896485151317;20.448625181479994;21.093629573138205;21.780649580998496;22.51392876676784;23.298302065881096;24.139302521797223;25.043292002764986;26.017622432465778;27.070836181113183;28.212917181886525;29.455608412750397;30.81281714881206;32.301137661660796;33.940533091597786;35.75523606638248;37.774954561371196;40.036510922956545;42.586107147573536;45.48251457075892;48.80166018643955;52.643379206054256;57.141629557456376;62.480432492484375
396,Na_JVASP-59277_NaCaTaTiO6.json,2.1978020668029785,1.7234959602355957;1.7095227241516113;1.7320923805236816;1.952223300933838;3.071626663208008;2.738581657409668;2.4041762351989746;2.250697612762451,3.071626663208008,47.79048900704844,47.790489007048436;47.790489007048436;47.790489007048436;47.79048900704844;47.79048900704843;47.79048900704842;47.790489007048436;47.79048900704843,9.109630820859405,8.637190320945836;8.701659238063037;8.767097798559156;8.833528044043346;8.900972689282076;8.969455148094882;9.038999560454803;9.109630820859405
397,K_JVASP-37759_KCaO3.json,3.19010066986084,3.2554121017456055;3.1522269248962402;3.5811166763305664;2.8539299964904785;3.146763324737549;3.528698444366455;2.5272645950317383;3.475393295288086,3.5811166763305664,60.03006711818832,60.03006711818832;60.030067118188306;60.03006711818831;60.03006711818831;60.030067118188306;60.030067118188306;60.03006711818831;60.030067118188306,36.037645103825184,26.343214796511006;27.396038405396546;28.536518827749582;29.776078888372773;31.128216262608102;32.60899698336134;34.237696841326894;36.037645103825184
398,Ca_JVASP-70769_CaBePb.json,2.322666645050049,0.8476680517196655;0.8962925672531128;0.9046708941459656;1.5619080662727356;2.1123560667037964;3.381508946418762;3.023652136325836;5.853276431560516,5.853276431560516,78.28867927594332,78.28867927594331;78.28867927594331;78.28867927594331;78.28867927594331;78.28867927594332;78.28867927594331;78.28867927594331;78.28867927594331,15.144001048408207,13.071843579786014;13.332455470065765;13.603670331082645;13.886148670514498;14.180607020788953;14.487824007848598;14.808647226248748;15.144001048408207
399,Ca_JVASP-62718_CaB2C2.json,5.026006698608398,2.3676881790161133;1.533604621887207;2.133690357208252;1.580991268157959;2.151047706604004;1.8280715942382812;2.188864231109619;2.097343921661377;2.331596851348877;2.354966640472412;2.529655933380127;2.583810329437256;2.830014705657959;2.784620761871338;3.1258511543273926;2.9738364219665527;3.248997688293457;3.316547393798828;5.4666666984558105;5.593495845794678;6.944525241851807;6.6565632820129395;9.499214172363281;8.763001441955566;6.515015602111816;5.897967338562012;8.406702518463135;7.530038356781006;10.503167152404785;8.475189208984375;8.082967281341553;6.728736400604248;8.56210994720459;7.500452041625977;8.604866027832031;7.244362831115723,10.503167152404785,22.940579133769656,22.940579133769653;22.940579133769656;22.940579133769656;22.940579133769653;22.940579133769653;22.94057913376965;22.940579133769656;22.940579133769656;22.940579133769653;22.940579133769653;22.940579133769653;22.940579133769653;22.940579133769656;22.940579133769653;22.940579133769653;22.940579133769653;22.940579133769653;22.940579133769653;22.940579133769656;22.940579133769656;22.940579133769653;22.940579133769653;22.94057913376965;22.940579133769656;22.940579133769653;22.940579133769653;22.940579133769656;22.940579133769656;22.940579133769653;22.940579133769653;22.940579133769653;22.940579133769656;22.940579133769653;22.940579133769653;22.940579133769653;22.940579133769653,15.922551146652081,8.68494440552998;8.79922132545165;8.916545665996914;9.037040972728091;9.160837560909746;9.288072985632667;9.418892551667188;9.553449867018733;9.691907444619273;9.834437357109895;9.981221950261371;10.132454621252053;10.288340668787756;10.449098222921492;10.61495926342873;10.786170736736484;10.962995782715906;11.14571508415594;11.334628353473647;11.53005597322452;11.732340809300775;11.941850218403971;12.15897827451818;12.384148242773145;12.617815333372084;12.860469773285862;13.112640239329206;13.374897703213406;13.647859747430326;13.932195420631896;14.228630712856996;14.53795474493218;14.861026783142089;15.198784210465162;15.552251610097768;15.922551146652081
400,Ca_JVASP-15347_CaCo2Ge2.json,2.180850028991699,1.6211283206939697;1.6567018032073975;1.5749962329864502;1.740570306777954;1.4959406852722168;1.9153108596801758;1.8867084980010986;1.7213537693023682;2.0822806358337402;2.446784019470215;2.3580520153045654;2.358043909072876;1.8536574840545654;2.064893960952759;2.704012155532837;2.978576898574829;3.374141216278076;3.422147750854492,3.422147750854492,30.34870749393749,30.348707493937482;30.348707493937482;30.348707493937482;30.34870749393748;30.348707493937482;30.34870749393749;30.348707493937482;30.348707493937482;30.348707493937482;30.348707493937486;30.34870749393748;30.34870749393748;30.348707493937486;30.348707493937482;30.348707493937482;30.348707493937486;30.348707493937482;30.348707493937482,5.6108627939116,4.910459830518234;4.946783718482919;4.9836490049036275;5.021067884774688;5.059052922117362;5.097617064044932;5.136773655476014;5.176536454531253;5.216919648650676;5.2579378714713885;5.299606220507786;5.341940275679172;5.3849561187325214;5.428670353611276;5.473100127824359;5.518263154873201;5.564177737798372;5.6108627939116
401,Ca_JVASP-15704_CaMn2P2.json,3.334341049194336,1.9591588973999023;2.3397035598754883;2.196941375732422;2.154759407043457;2.1626014709472656;2.098649024963379;2.7509279251098633;3.0050745010375977;3.626241683959961;3.9481029510498047;3.4144368171691895;3.8507018089294434;2.8924450874328613;3.5357985496520996;3.7970023155212402;4.685694217681885;5.079328536987305;6.520570755004883,6.520570755004883,29.396253129650958,29.39625312965095;29.39625312965095;29.396253129650955;29.39625312965095;29.39625312965095;29.396253129650955;29.39625312965095;29.39625312965095;29.396253129650958;29.396253129650955;29.396253129650955;29.39625312965095;29.396253129650958;29.39625312965095;29.39625312965095;29.396253129650958;29.396253129650958;29.39625312965095,8.554839047445604,7.02670998404191;7.101327157244661;7.177546070438021;7.255418857856962;7.334999941074499;7.416346155836247;7.4995168874293014;7.584574215263013;7.671583067401377;7.760611385855479;7.851730303520321;7.945014333724444;8.040541573453924;8.138393921415584;8.23865731221923;8.341421968086228;8.446782669634143;8.554839047445604
402,Na_JVASP-121537_Na2Ca5TiSi4O16F2.json,5.022913455963135,6.541813373565674;6.61821985244751;5.701399326324463;5.499786853790283;4.1908955574035645;3.880990505218506;4.002414703369141;3.7477874755859375,6.61821985244751,27.94030291378721,27.940302913787207;27.940302913787207;27.940302913787203;27.94030291378721;27.940302913787203;27.9403029137872;27.940302913787207;27.940302913787203,10.146946703785078,9.564227752329437;9.643341741026907;9.7237754868435;9.80556229126305;9.888736585669875;9.973333979679868;10.059391311973759;10.146946703785078
403,Ca_JVASP-2679_CaPdF6.json,11.68392825126648,13.179151058197021;12.27530288696289;11.534939527511597;10.788577318191528;10.756633758544922;10.936846733093262;11.655972003936768;12.344002723693848,13.179151058197021,49.27920906412259,49.27920906412258;49.27920906412259;49.27920906412259;49.27920906412258;49.27920906412259;49.27920906412258;49.27920906412259;49.27920906412258,14.861958368802826,12.861167419372512;13.113365513565501;13.3756522798893;13.648645438904586;13.933014191863304;14.229484697810172;14.538846265146322;14.861958368802826
404,Ca_JVASP-86950_Ba2CaCu2HgO6.json,8.005706071853638,6.378961086273193;7.18070650100708;7.669925212860107;7.800177097320557;8.051144123077393;8.353606700897217;8.69577407836914;9.072805404663086;8.848254442214966,9.072805404663086,25.22519984872786,25.225199848727854;25.225199848727854;25.225199848727858;25.22519984872786;25.225199848727858;25.225199848727858;25.225199848727858;25.225199848727858;25.225199848727854,4.237341729980506,4.032909576377567;4.057378295084429;4.082145742507226;4.107217422832732;4.13259897630559;4.158296183458466;4.184314969501013;4.2106614088746515;4.237341729980506
405,Ca_JVASP-86999_CaSb2.json,3.134538173675537,2.209183931350708;2.5101559162139893;2.793532609939575;2.6149489879608154;2.7464253902435303;3.293980360031128;3.5342888832092285;5.373789310455322,5.373789310455322,64.79772297774767,64.79772297774765;64.79772297774765;64.79772297774767;64.79772297774765;64.79772297774765;64.79772297774767;64.79772297774765;64.79772297774765,13.480016658524336,11.813148083339405;12.025579578962459;12.245791135410453;12.474218129022415;12.711329038806827;12.957628653492085;13.2136616587904;13.480016658524336
406,K_JVASP-125830_K3Ca.json,0.49251238505045575,3.53507137298584;-0.05312919616699219;0.03013014793395996;0.10283780097961426;0.15423297882080078;0.4946622848510742;0.24544668197631836;0.26325464248657227;-0.13338041305541992;-0.1503129005432129;0.9226949214935303;0.44720959663391113;1.1349210739135742;-0.11040401458740234;0.24882149696350098;0.2569434642791748;0.1734297275543213;-0.2805464267730713;-0.0704655647277832;-0.3790144920349121;0.5462474822998047;-0.6272315979003906;2.0291311740875244;3.0397469997406006,3.53507137298584,23.021368730126294,23.02136873012629;23.02136873012629;23.021368730126287;23.02136873012629;23.02136873012629;23.02136873012629;23.021368730126287;23.02136873012629;23.02136873012629;23.02136873012629;23.021368730126294;23.021368730126287;23.02136873012629;23.021368730126287;23.02136873012629;23.02136873012629;23.02136873012629;23.021368730126287;23.02136873012629;23.02136873012629;23.02136873012629;23.02136873012629;23.02136873012629;23.02136873012629,74.50603246201614,21.28819618967998;21.970500135800606;22.697989087199254;23.475305265991697;24.30774935480197;25.201401535255147;26.163270244723474;27.201476350700524;28.32548298737758;29.54638483153826;30.877275559511517;32.33371929912467;33.93436211370916;35.70173457029157;37.66331888403446;39.85298831243537;42.312979643389355;45.09664427345683;48.272361676008614;51.92923165669527;56.185565973535354;61.201928852833504;67.20184805175838;74.50603246201614
407,Ca_JVASP-92694_CaSi2Rh2.json,2.5011391639709473,2.733935832977295;2.0097289085388184;1.7221646308898926;2.3489232063293457;2.4454660415649414;1.578352928161621;3.2398033142089844;3.9307384490966797,3.9307384490966797,65.72475853142957,65.72475853142957;65.72475853142957;65.72475853142957;65.72475853142957;65.72475853142957;65.72475853142957;65.72475853142957;65.72475853142957,12.547897716460858,11.091124843206279;11.27817657160325;11.471645782481843;11.67186850237784;11.879204634189966;12.094040116200654;12.316789319687166;12.547897716460858
408,Ca_JVASP-71018_CaBeIn2.json,1.3807268142700195,0.7506420612335205;0.7008652687072754;1.0190060138702393;0.8391742706298828;1.0795108079910278;0.9560922384262085;1.7797253131866455;1.6195127964019775;1.7442131042480469;1.6316580772399902;1.3934098482131958;1.420641303062439;1.6853572130203247;1.7049812078475952;1.4563610553741455;1.3871614933013916;1.726401925086975;1.9583686590194702,1.9583686590194702,26.848064355133612,26.848064355133605;26.84806435513361;26.848064355133605;26.84806435513361;26.848064355133612;26.84806435513361;26.8480643551336;26.84806435513361;26.848064355133605;26.84806435513361;26.848064355133605;26.84806435513361;26.848064355133605;26.848064355133605;26.84806435513361;26.848064355133605;26.848064355133612;26.84806435513361,6.181516591730493,5.342057125901415;5.385074858419622;5.428791028965413;5.473222786566435;5.518387846305749;5.564304512871636;5.610991705292945;5.658468982930243;5.706756572797754;5.75587539829629;5.805847109442907;5.856694114689052;5.908439614425447;5.9611076362789435;6.0147230723141965;6.069311718261137;6.124900314898163;6.181516591730493
409,Li_JVASP-35662_LiCaF3.json,6.7161009311676025,8.985188245773315;8.936136484146118;7.663141965866089;8.090488195419312;7.273806810379028;6.643036127090454;6.26623797416687;5.794119358062744;5.167097091674805;8.267172813415527;7.5843329429626465;6.917963266372681;7.116750955581665;6.986241579055786;6.359313249588013;6.493139982223511;6.170541524887085;7.03532338142395;4.375361680984497;4.548998594284058;4.738239526748657;4.596575021743774;5.477880239486694;7.0550220012664795;4.922147512435913;7.633660793304443;10.236807823181152,10.236807823181152,32.135018403092225,32.13501840309222;32.13501840309222;32.135018403092225;32.13501840309222;32.135018403092225;32.135018403092225;32.13501840309222;32.135018403092225;32.135018403092225;32.135018403092225;32.13501840309222;32.135018403092225;32.135018403092225;32.13501840309222;32.13501840309222;32.135018403092225;32.13501840309222;32.135018403092225;32.13501840309222;32.135018403092225;32.135018403092225;32.13501840309222;32.13501840309222;32.13501840309222;32.13501840309222;32.135018403092225;32.135018403092225,10.198752334298828,9.543383174628575;9.567028357012573;9.590790999488524;9.614671979480025;9.638672183171591;9.662792505618278;9.687033850856945;9.711397132019222;9.73588327144614;9.76049320080454;9.785227861205241;9.810088203323009;9.835075187518342;9.860189783961152;9.885432972756321;9.91080574407121;9.936309098265117;9.961944046020754;9.987711608477767;10.013612817368307;10.039648715154756;10.065820355169578;10.092128801757367;10.118575130419137;10.145160427958885;10.171885792632466;10.198752334298828
410,Ca_JVASP-15321_CaCuAs.json,4.477937340736389,2.091942310333252;2.0976850986480713;2.578965663909912;2.5384676456451416;2.8968058824539185;3.09970223903656;2.9813392162323;2.9938766956329346;3.2978826761245728;3.2220252752304077;4.1110392808914185;4.07941472530365;6.510214805603027;5.8785412311553955;12.625692069530487;10.643402636051178,12.625692069530487,46.18002208414885,46.180022084148845;46.180022084148845;46.180022084148845;46.18002208414885;46.180022084148845;46.18002208414885;46.18002208414884;46.18002208414885;46.18002208414885;46.180022084148845;46.180022084148845;46.180022084148845;46.18002208414885;46.18002208414885;46.180022084148845;46.180022084148845,11.882408853710231,9.381875470856993;9.515369725212414;9.652717781769269;9.794088965869745;9.93966266987395;10.089629112599575;10.244190168563843;10.403560274629148;10.56796742261486;10.737654247537609;10.912879222403877;11.093917971928272;11.281064719221026;11.474633881415661;11.674961832438669;11.882408853710231
411,Ca_JVASP-94342_Ca2CoO3.json,7.770087242126465,7.996041297912598;7.991986274719238;8.785468578338623;7.3925461769104;7.887541770935059;6.804501533508301;8.10124135017395;8.299612760543823;6.392066717147827;5.483947515487671;7.616005897521973;7.369048595428467;8.876359939575195;9.457029342651367;8.226290702819824;7.641707420349121,9.457029342651367,62.56399223755692,62.5639922375569;62.56399223755692;62.563992237556896;62.56399223755691;62.5639922375569;62.56399223755691;62.5639922375569;62.5639922375569;62.563992237556896;62.56399223755691;62.5639922375569;62.5639922375569;62.56399223755691;62.563992237556896;62.56399223755691;62.5639922375569,29.928094536989853,17.907059800254785;18.39976110268171;18.920342223184434;19.47123845917837;20.055177244527783;20.675223309469718;21.334832485058808;22.037916146278082;22.788918831608612;23.59291229311798;24.4557101831408;25.38400886086986;26.38556153297695;27.469395313044537;28.646084069206044;29.928094536989853
412,Ca_JVASP-69905_CaBe2Cr.json,3.9617953300476074,-0.8971829414367676;-0.6896929740905762;4.301044464111328;5.567237377166748;2.153110384941101;2.594918131828308;3.2652058601379395;15.399722337722778,15.399722337722778,95.9192792295979,95.91927922959789;95.91927922959789;95.91927922959789;95.91927922959789;95.91927922959789;95.91927922959789;95.9192792295979;95.9192792295979,44.651147738148374,30.42899099971902;31.879590515675055;33.4754181721834;35.2394327162407;37.19970141215685;39.390904596562066;41.85640525948873;44.651147738148374
413,Ca_JVASP-13829_CaZrO3.json,9.005680084228516,2.6639113426208496;2.990631580352783;3.0955920219421387;3.574829578399658;13.812010765075684;17.657888412475586;16.863467693328857;8.512322902679443;9.777995109558105;10.42192554473877;10.492342472076416;10.484340190887451;7.736794471740723;8.753486633300781;7.333134174346924;9.92020845413208,17.657888412475586,42.55917163973713,42.55917163973713;42.55917163973713;42.55917163973713;42.55917163973712;42.55917163973713;42.55917163973712;42.55917163973713;42.55917163973713;42.55917163973712;42.55917163973712;42.55917163973713;42.55917163973712;42.55917163973713;42.55917163973712;42.55917163973713;42.55917163973713,11.819143131751249,9.342391057396725;9.47475610607602;9.610925814176532;9.751066613535183;9.895354786868463;10.043977207544584;10.197132147037832;10.355030157401323;10.517895037017455;10.685964888941127;10.859493282361004;11.038750529093946;11.224025088627672;11.415625117072311;11.613880177515762;11.819143131751249
414,Na_JVASP-86627_NaCaVO4.json,3.105739116668701,1.9544434547424316;2.221433162689209;2.17041015625;2.267120361328125;2.208557605743408;2.2667222023010254;2.017780303955078;2.2863969802856445;3.507772445678711;3.4480390548706055;3.420009136199951;3.8481879234313965;4.248593330383301;4.667697906494141;4.549039840698242;4.609622001647949,4.667697906494141,28.162713930694494,28.162713930694487;28.16271393069449;28.162713930694487;28.16271393069449;28.16271393069449;28.162713930694487;28.162713930694494;28.162713930694487;28.16271393069449;28.162713930694494;28.162713930694487;28.162713930694487;28.162713930694487;28.16271393069449;28.16271393069449;28.162713930694494,10.706616686849005,9.4102693443508;9.486846590779175;9.564680376336765;9.643801884272813;9.724243338266845;9.80603804618618;9.88922044607051;9.973826154476992;10.059892017328394;10.147456163416827;10.236558060726276;10.327238575748744;10.419540035981264;10.513506295804618;10.609182805959158;10.706616686849005
415,Ca_JVASP-74193_NaCa2Be.json,0.7704594135284424,0.6129884719848633;0.31362104415893555;0.0447690486907959;0.020589590072631836;0.19348955154418945;0.11663436889648438;-0.10499131679534912;-0.18921959400177002;6.691228747367859;1.19009268283844;1.0098052024841309;0.3509054183959961;0.39394330978393555;0.3102729320526123;0.7160414457321167;0.6571797132492065,6.691228747367859,49.133742920752155,49.133742920752155;49.133742920752155;49.133742920752155;49.133742920752155;49.133742920752155;49.13374292075215;49.13374292075215;49.13374292075215;49.133742920752155;49.133742920752155;49.13374292075215;49.133742920752155;49.13374292075215;49.133742920752155;49.133742920752155;49.13374292075215,90.51691908983463,29.870242206682438;31.26683537490447;32.80043047602874;34.49222656113835;36.36803419478625;38.45960152211934;40.80642583971834;43.458271526705914;46.47873799365987;49.95042666045937;53.98261051992287;58.72294459092561;64.37594024970115;71.23324684380438;79.72559414513609;90.51691908983463
416,Ca_JVASP-67308_CaZrBe.json,0.7976446151733398,-0.7794342041015625;1.867161750793457;1.7164547443389893;1.9709012508392334;1.219879150390625;0.8089761734008789;0.05784130096435547;-0.4806232452392578,1.9709012508392334,84.57489472012604,84.57489472012603;84.57489472012603;84.57489472012604;84.57489472012603;84.57489472012604;84.57489472012604;84.57489472012604;84.57489472012603,31.831968290602326,23.876311876577724;24.760350571065462;25.71237074847682;26.74052750524611;27.854334655165093;29.06495999719056;30.3856010807578;31.831968290602326
417,Ca_JVASP-108154_Ca4GaSi3.json,2.753161311149597,0.9458487033843994;1.6096673011779785;1.1420197486877441;2.2219316959381104;1.2106200456619263;1.9715877771377563;2.0612854957580566;3.3503429889678955;3.2029320001602173;3.2237294912338257;2.8989293575286865;3.296447992324829;4.267811298370361;4.0362560749053955;4.888171672821045;3.722999334335327,4.888171672821045,57.53984390860148,57.53984390860148;57.539843908601476;57.539843908601476;57.539843908601476;57.53984390860148;57.53984390860147;57.53984390860148;57.539843908601476;57.53984390860148;57.539843908601476;57.539843908601476;57.53984390860147;57.53984390860148;57.53984390860148;57.539843908601476;57.539843908601476,40.85616583197322,21.318967710796432;22.0209889187233;22.77081873655373;23.573513069480946;24.43486677453071;25.361553783499158;26.361300367573367;27.443101063987125;28.61749004434516;29.89688527493698;31.296029315181602;32.832559966472346;34.527757702112915;36.40753724925166;38.50378172595314;40.85616583197322
418,Ca_JVASP-68201_CaBeSn.json,2.531385898590088,0.7037022113800049;1.1675012111663818;0.979149341583252;1.8785200119018555;2.0913875102996826;3.7878284454345703;3.606926918029785;6.036071538925171,6.036071538925171,81.09027651090553,81.09027651090553;81.09027651090551;81.09027651090553;81.09027651090551;81.09027651090551;81.09027651090551;81.09027651090551;81.09027651090553,25.240235108902723,19.965325008639674;20.579742488421484;21.23317713976473;21.929467381523136;22.67297218926476;23.46866243792839;24.322232177612648;25.240235108902723
419,Ca_JVASP-67890_Na2CaBe.json,0.8901760578155518,0.07162761688232422;0.17237091064453125;2.22350537776947;2.612144112586975;0.38267505168914795;0.5667456388473511;0.586967945098877;0.5053718090057373,2.612144112586975,52.697186588268096,52.697186588268096;52.697186588268096;52.697186588268096;52.697186588268096;52.697186588268096;52.697186588268096;52.697186588268096;52.69718658826809,55.83505102243762,35.239244949968416;37.199492175127006;39.39066998392377;41.85614035873915;44.650846281821835;47.84545463088321;51.5324145782949;55.83505102243762
420,Ca_JVASP-95310_CaNb2O6.json,9.01121711730957,6.316979885101318;6.804482936859131;9.339738845825195;13.498875617980957;10.116697788238525;9.299554347991943;8.429440975189209;8.250797748565674;7.124975681304932;7.84295129776001;10.628325939178467;14.03458547592163;8.622556209564209;8.481306552886963;7.703426361083984;7.684778213500977,14.03458547592163,23.87959638658391,23.87959638658391;23.87959638658391;23.879596386583906;23.879596386583906;23.879596386583906;23.87959638658391;23.879596386583906;23.879596386583906;23.879596386583906;23.879596386583906;23.879596386583906;23.879596386583902;23.87959638658391;23.879596386583906;23.879596386583906;23.879596386583906,5.891698540557256,5.203974538995108;5.244788655292651;5.28624803222623;5.328368093826786;5.371164759659416;5.4146544648847925;5.4588541813031455;5.50378143943741;5.549454351715923;5.5958916368190605;5.643112645258559;5.691137386262984;5.7399865560478;5.789681567553958;5.840244581744783;5.891698540557256
421,Ca_JVASP-90882_CaFeAsF.json,8.24333143234253,4.363422393798828;4.350422382354736;4.487610340118408;4.369633674621582;5.227631092071533;6.4579949378967285;5.921411037445068;7.3278422355651855;8.345918893814087;15.915977239608765;10.628785133361816;11.025216102600098;7.7826879024505615;10.131856679916382;10.662002086639404;9.012072563171387;10.533298015594482;11.836183071136475,15.915977239608765,39.62050167398593,39.62050167398592;39.62050167398592;39.62050167398593;39.62050167398592;39.62050167398592;39.62050167398593;39.62050167398592;39.62050167398592;39.62050167398592;39.62050167398592;39.62050167398592;39.62050167398592;39.62050167398592;39.62050167398592;39.62050167398592;39.62050167398591;39.62050167398593;39.62050167398592,9.796407109180794,7.843171260621919;7.936250821410781;8.031566176296591;8.129198861025452;8.229234424764453;8.331762680118274;8.436877972071365;8.544679467548454;8.655271467461358;8.768763743306112;8.885271900593704;9.00491777164382;9.127829840547022;9.254143703411563;9.384002567360659;9.517557792140842;9.6549694786478;9.796407109180794
422,Ca_JVASP-17902_CaTiS2.json,2.861453056335449,2.0035648345947266;2.071575164794922;2.07796049118042;2.3023781776428223;2.5328245162963867;2.4049978256225586;2.9552221298217773;3.1452512741088867;2.864347457885742;2.791396141052246;3.264864921569824;3.4223880767822266;2.923996925354004;3.1508522033691406;3.357717514038086;2.954104423522949;2.9900732040405273;4.29263973236084,4.29263973236084,32.85495523815264,32.854955238152634;32.854955238152634;32.85495523815264;32.854955238152634;32.854955238152634;32.85495523815264;32.854955238152634;32.854955238152634;32.85495523815264;32.85495523815264;32.854955238152634;32.854955238152634;32.85495523815264;32.85495523815264;32.854955238152634;32.85495523815264;32.85495523815264;32.854955238152634,13.03558779523542,9.791031969280914;9.936514137658756;10.086384871074943;10.240845786396594;10.400111042643186;10.564408331669048;10.733979964255866;10.909084062510118;11.089995870905975;11.277009199978755;11.47043801859611;11.670618212957462;11.877909533051609;12.092697750300996;12.315397053617316;12.546452715179017;12.786344062030908;13.03558779523542
423,Ca_JVASP-2433_Ca4P2O.json,6.532897591590881,1.8385043144226074;1.9124102592468262;3.7492804527282715;5.535922527313232;8.590232372283936;5.627363681793213;5.223728656768799;4.676070690155029;3.2404253482818604;4.252750635147095;6.564443349838257;7.2136571407318115;8.555752038955688;11.096794605255127;9.098874270915985;17.350151121616364,17.350151121616364,73.45728827599996,73.45728827599994;73.45728827599994;73.45728827599993;73.45728827599994;73.45728827599994;73.45728827599994;73.45728827599996;73.45728827599994;73.45728827599994;73.45728827599994;73.45728827599994;73.45728827599993;73.45728827599994;73.45728827599994;73.45728827599996;73.45728827599993,76.16963422632455,28.122221941528526;29.356761521961154;30.70466810481419;32.182308813539095;33.80936068437029;35.609691922175166;37.61254055096978;39.85411452476903;42.37980026402154;45.247267785203135;48.530927893066234;52.32848202962572;56.7708083444966;62.037350460082244;68.3809476581328;76.16963422632455
424,Ca_JVASP-38327_RbCaO3.json,10.3040132522583,9.999867916107178;9.401726245880127;8.744468212127686;8.845592975616455;7.968388080596924;10.089753866195679;11.148597240447998;16.23371148109436,16.23371148109436,58.38515709440799,58.38515709440797;58.38515709440798;58.38515709440798;58.38515709440797;58.38515709440799;58.38515709440797;58.38515709440798;58.38515709440797,24.193298611048423,19.304528938706547;19.87836401288693;20.487359203904546;21.13484814592263;21.824599655639158;22.560891140550883;23.34859738537266;24.193298611048423
425,Ca_JVASP-93530_CaMg2.json,0.588630199432373,1.2604312896728516;0.925837516784668;0.8096649646759033;0.33798861503601074;0.7260310649871826;0.6170437335968018;0.6106197834014893;0.09671664237976074;-0.3479583263397217;1.4576499462127686;0.7769684791564941;0.44382476806640625;0.9224519729614258;0.4265751838684082;0.030015230178833008;0.8157098293304443;0.10580992698669434;0.579962968826294,1.4576499462127686,28.151177153432506,28.1511771534325;28.151177153432503;28.1511771534325;28.151177153432503;28.151177153432506;28.1511771534325;28.151177153432506;28.151177153432503;28.151177153432503;28.151177153432503;28.151177153432503;28.1511771534325;28.1511771534325;28.151177153432506;28.1511771534325;28.151177153432503;28.151177153432506;28.151177153432506,29.289379865660003,16.788868693942753;17.22121572564207;17.676418956193334;18.156340047495924;18.663048483022514;19.198851399870705;19.766328711447542;20.368374648787395;21.008247131992782;21.68962674952869;22.416687599833313;23.194182875254306;24.02754889614855;24.923032408483692;25.887847448943013;26.930370112469387;28.06038235508986;29.289379865660003
426,Ca_JVASP-15441_CaNi2As2.json,2.9614620208740234,2.2741570472717285;2.3472275733947754;2.7271556854248047;2.8053503036499023;3.011526107788086;3.210285186767578;3.602262020111084;3.7137322425842285,3.7137322425842285,66.29523790037634,66.29523790037632;66.29523790037634;66.29523790037634;66.29523790037632;66.29523790037632;66.29523790037634;66.29523790037632;66.29523790037632,12.306010309438241,10.901718048794333;11.082383606715847;11.2691381272363;11.462294710576423;11.662188297863286;11.869177609374677;12.083647292921677;12.306010309438241
427,Ca_JVASP-63601_CaB2H8.json,3.4105544090270996,1.8180363178253174;2.513651132583618;1.9353280067443848;2.5103635787963867;1.8792204856872559;2.570298671722412;1.9915492534637451;2.6030476093292236;3.337991714477539;5.515301704406738;3.6134910583496094;5.847325325012207;3.325127124786377;5.591996669769287;3.661649703979492;5.8544921875,5.8544921875,28.486408029849155,28.48640802984915;28.486408029849144;28.486408029849155;28.486408029849148;28.486408029849148;28.486408029849148;28.48640802984915;28.486408029849148;28.48640802984915;28.48640802984915;28.48640802984915;28.486408029849148;28.486408029849148;28.486408029849148;28.486408029849144;28.48640802984915,52.0370310792845,24.01101012491119;24.905238353663595;25.86864957931321;26.909595504778746;28.037828473367615;29.264807939906234;30.604091094472338;32.07183588991303;33.68745610957018;35.474484932477665;37.46172875471448;39.68483184024609;42.18843322757284;45.02919504935919;48.28014265545258;52.0370310792845
428,K_JVASP-36725_KCaSiHO4.json,4.909739971160889,2.778374195098877;4.161620616912842;3.720407009124756;5.352039813995361;6.495476245880127;8.549011707305908;6.084667682647705;7.398544788360596;5.55531644821167;4.802249431610107;5.019927501678467;4.327815532684326;3.4951553344726562;3.748063087463379;3.5863280296325684;3.480842113494873,8.549011707305908,27.039764339162126,27.03976433916212;27.039764339162126;27.039764339162122;27.03976433916212;27.039764339162122;27.039764339162122;27.039764339162126;27.039764339162122;27.039764339162122;27.03976433916212;27.039764339162115;27.039764339162122;27.03976433916212;27.039764339162126;27.039764339162126;27.039764339162115,12.352034771006029,9.723796658550857;9.863715265056506;10.007719319298483;10.155990407238962;10.308721037945563;10.466115477465918;10.628390660276667;10.795777186858906;10.968520417046879;11.146881670051584;11.331139543502713;11.521591365511899;11.718554795675514;11.922369593149964;12.133399572500176;12.352034771006029
429,Ca_JVASP-71107_CaBeHg2.json,1.3589580059051514,0.7530207633972168;0.7652254104614258;1.0125181674957275;1.0109283924102783;1.0232648849487305;1.0418834686279297;1.5096259117126465;1.3114104270935059;1.7201123237609863;1.4766721725463867;1.4407069683074951;1.341149091720581;1.8248329162597656;1.5239839553833008;1.5790183544158936;1.5650341510772705;1.7183868885040283;1.8434698581695557,1.8434698581695557,28.648296966972516,28.648296966972513;28.64829696697251;28.648296966972516;28.648296966972513;28.648296966972516;28.64829696697251;28.648296966972513;28.64829696697251;28.64829696697251;28.648296966972516;28.648296966972513;28.648296966972513;28.64829696697251;28.648296966972516;28.648296966972513;28.648296966972516;28.648296966972513;28.648296966972516,3.6103383555113586,3.3068394183126144;3.3232727771277006;3.3398702830280174;3.3566344077702315;3.3735676729882447;3.3906726514576566;3.4079519683988875;3.4254083028203506;3.443044388903123;3.460863017428604;3.478867037250742;3.4970593568144497;3.515442945721917;3.5340208363485823;3.552796125510621;3.5717719761858655;3.5909516192901783;3.6103383555113586
430,Ca_JVASP-61862_CaSiBHO5.json,10.061757564544678,5.885383605957031;5.974482536315918;6.219817638397217;6.41316556930542;8.255295753479004;8.312000274658203;12.164894104003906;12.588345527648926;12.31196928024292;12.34464406967163;11.788065433502197;11.80542802810669;12.781625747680664;12.29553508758545;10.929386615753174;10.918081760406494,12.781625747680664,30.97071760049326,30.970717600493256;30.97071760049325;30.970717600493256;30.970717600493256;30.970717600493256;30.970717600493256;30.970717600493256;30.970717600493252;30.970717600493252;30.97071760049326;30.970717600493256;30.97071760049325;30.97071760049326;30.970717600493252;30.970717600493256;30.97071760049326,13.684690900705935,10.4706741383108;10.637226304257098;10.809162650254022;10.986748549620739;11.17026710646486;11.36002066168052;11.556332455096776;11.759548462997497;11.970039432986237;12.188203141373519;12.414466902003127;12.649290359809712;12.893168607535047;13.146635670073819;13.410268408054108;13.684690900705935
431,Ca_JVASP-67011_CaBeGa.json,1.502816915512085,0.6956804990768433;1.0267654657363892;1.343088448047638;1.5848867297172546;1.3879278898239136;1.0648199319839478;2.8895960450172424;2.029770314693451,2.8895960450172424,98.88964764956793,98.88964764956792;98.8896476495679;98.88964764956793;98.88964764956793;98.88964764956793;98.88964764956792;98.88964764956793;98.8896476495679,40.00463180433281,28.1970831329043;29.438349189142983;30.793931306956672;32.28038392435246;33.91761999242767;35.729808187169404;37.746573979487515;40.00463180433281
432,Ca_JVASP-90599_CaMg3.json,1.4379777908325195,0.09913206100463867;0.2632269859313965;0.25360107421875;0.21726608276367188;0.980194091796875;1.0674257278442383;0.6166963577270508;0.6574468612670898;4.070563554763794;2.7276723384857178;1.8743839263916016;2.1728878021240234;2.5900368690490723;1.8842859268188477;2.0282468795776367;1.5045781135559082,4.070563554763794,26.955073862455823,26.95507386245582;26.95507386245582;26.95507386245582;26.95507386245582;26.955073862455816;26.95507386245582;26.95507386245582;26.95507386245582;26.955073862455823;26.955073862455816;26.95507386245582;26.955073862455816;26.955073862455823;26.955073862455823;26.955073862455816;26.95507386245582,22.210227543726962,14.824746533585659;15.160838190252974;15.512522405738338;15.880910045015808;16.267220062146517;16.672792974617142;17.099106404863477;17.547793068684754;18.020661672111416;18.51972128054798;19.04720985248546;19.605627792448672;20.197777584352046;20.826810830828126;21.49628436497319;22.210227543726962
433,Ca_JVASP-15653_CaCuSb.json,3.4448529481887817,1.841016173362732;1.8812733888626099;2.2221901416778564;2.4145026206970215;2.5158156156539917;4.237441420555115;4.754112362861633;7.692471861839294,7.692471861839294,79.043593770602,79.04359377060199;79.043593770602;79.043593770602;79.043593770602;79.043593770602;79.04359377060199;79.04359377060199;79.04359377060199,17.603299622542476,14.864343387901929;15.202253303817884;15.555883955521399;15.926358544976466;16.31490988404338;16.722894099460223;17.151806446874005;17.603299622542476
434,Li_JVASP-71400_LiCaBe2.json,1.0008333921432495,-0.17587482929229736;-0.13480865955352783;1.9652906656265259;1.787817120552063;1.5056405067443848;1.4175102710723877;0.5067603588104248;0.41777896881103516;1.5481210350990295;1.2388132214546204;0.8043009638786316;0.6971802115440369;0.941451907157898;1.0538923740386963;0.3568965196609497;0.4094102382659912;1.7003443241119385;1.9744758605957031,1.9744758605957031,37.089505435108734,37.089505435108734;37.089505435108734;37.089505435108734;37.08950543510873;37.089505435108734;37.08950543510873;37.089505435108734;37.08950543510873;37.08950543510873;37.08950543510873;37.089505435108734;37.08950543510873;37.08950543510873;37.08950543510873;37.08950543510873;37.08950543510873;37.08950543510873;37.08950543510872,25.4577318482946,22.89197690833449;23.028501922841606;23.166665145165734;23.30649623935955;23.448025590018847;23.591284324293877;23.73630433471237;23.883118302849695;24.031759723882804;24.182262932066873;24.334663127175308;24.48899640194576;24.645299770577367;24.803611198326152;24.963969632248585;25.126415033145378;25.290988408760686;25.4577318482946
435,Ca_JVASP-97636_CaB3H5O8.json,6.111277103424072,5.435789585113525;5.606240749359131;5.897041320800781;6.091592788696289;6.403940200805664;6.466418266296387;6.439291954040527;6.549901962280273,6.549901962280273,39.99844544284332,39.99844544284332;39.99844544284332;39.99844544284331;39.99844544284332;39.99844544284331;39.99844544284332;39.99844544284332;39.99844544284332,19.651755934803706,16.298963735783047;16.70614086357442;17.134183261896546;17.584736925297022;18.05962565348722;18.560875726508087;19.090744806401425;19.651755934803706
436,Ca_JVASP-42943_BaCa2I6.json,5.706933438777924,3.404389500617981;3.7408913373947144;8.463558077812195;7.5012208223342896;7.247219979763031;5.576953232288361;4.5183170437812805;5.202917516231537,8.463558077812195,29.259208551244534,29.25920855124453;29.25920855124453;29.259208551244527;29.25920855124453;29.25920855124453;29.25920855124453;29.259208551244527;29.259208551244534,7.37298311120949,6.844726861844921;6.91550963196513;6.987771658624231;7.061559802939176;7.136922926491539;7.2139119992269025;7.292580214414145;7.37298311120949
437,Ca_JVASP-100851_CaY2Te4.json,4.347870826721191,3.204664468765259;3.6492035388946533;3.6225485801696777;4.337601661682129;4.941730737686157;5.138024091720581;4.877375602722168;5.011817932128906,5.138024091720581,23.17432777812802,23.17432777812802;23.174327778128017;23.174327778128017;23.174327778128013;23.174327778128017;23.174327778128013;23.174327778128013;23.174327778128017,4.832777707814564,4.60007215554317;4.631934246399183;4.664240797041126;4.6970011727678;4.730225003856527;4.7639221950014266;4.798102935157995;4.832777707814564
438,Ca_JVASP-70807_CaBeMo2.json,0.8335056304931641,-0.8278388977050781;-0.7596569061279297;0.49927282333374023;0.6441845893859863;1.0750808715820312;1.0640335083007812;-0.0638113021850586;-0.0762186050415039;1.3951520919799805;1.6636171340942383;1.111678123474121;1.7139673233032227;0.5772237777709961;0.48612022399902344;0.5634264945983887;0.7316737174987793;2.2914071083068848;2.9137892723083496,2.9137892723083496,34.982467325542636,34.982467325542636;34.982467325542636;34.98246732554263;34.982467325542636;34.982467325542636;34.982467325542636;34.98246732554263;34.982467325542636;34.982467325542636;34.982467325542636;34.98246732554263;34.98246732554263;34.98246732554263;34.982467325542636;34.982467325542636;34.982467325542636;34.982467325542636;34.982467325542636,7.330545692866679,6.179068191633747;6.236695022620334;6.295406843711016;6.355234588177773;6.416210376459229;6.478367573664197;6.541740850450302;6.606366247511109;6.672281243923763;6.739524829629504;6.808137582341564;6.87816174919923;6.949641333513314;7.022622186977314;7.097152107750305;7.173280944852443;7.25106070935223;7.330545692866679
439,Ca_JVASP-69136_BaCa2Mg.json,0.3474998474121094,0.1667182445526123;0.25614047050476074;2.1575751304626465;-0.45191144943237305;1.1266980171203613;0.04337024688720703;0.21627545356750488;-0.7348673343658447,2.1575751304626465,68.91676875377465,68.91676875377465;68.91676875377465;68.91676875377465;68.91676875377465;68.91676875377465;68.91676875377465;68.91676875377465;68.91676875377465,39.034732235242785,27.711757160313073;28.909754087711562;30.216011527798443;31.645898848661982;33.2178391764304;34.95410748199716;36.88189276372001;39.034732235242785
440,Ca_JVASP-66142_BaCaCd.json,-0.556870698928833,-0.910290002822876;-0.6914713382720947;-0.7151064872741699;-0.6395092010498047;-0.25946521759033203;-0.5151190757751465;0.8725173473358154;-1.5965216159820557,0.8725173473358154,42.67021637927152,42.670216379271515;42.670216379271515;42.67021637927152;42.67021637927152;42.670216379271515;42.670216379271515;42.67021637927152;42.670216379271515,13.150990225188991,11.559697084146107;11.763032483096453;11.97364931347922;12.191945827587716;12.418349859843088;12.653321625461189;12.89735684297427;13.150990225188991
441,Li_JVASP-22748_Li2CaHfF8.json,5.825561761856079,2.875391721725464;2.955871343612671;3.5321648120880127;3.554255723953247;3.299941301345825;3.2252533435821533;3.633906602859497;3.5969154834747314;6.259675741195679;8.445149183273315;11.393800497055054;11.145104169845581;9.173868417739868;7.2755444049835205;6.736665487289429;6.105479955673218,11.393800497055054,40.46120400650224,40.46120400650223;40.461204006502236;40.46120400650223;40.46120400650223;40.46120400650224;40.461204006502236;40.46120400650224;40.461204006502236;40.461204006502236;40.461204006502236;40.461204006502236;40.46120400650223;40.46120400650223;40.461204006502236;40.461204006502236;40.461204006502236,9.019868230312076,8.7145181242794;8.734230149882448;8.75403155389117;8.773922945577146;8.793904939762248;8.813978156881987;8.834143223049729;8.854400770121797;8.874751435763464;8.895195863515864;8.91573470286383;8.936368609304667;8.957098244417894;8.977924275935948;8.998847377815885;9.019868230312076
442,Ca_JVASP-99558_CaNdCrO4.json,6.789093971252441,3.392791748046875;3.557069778442383;4.2547736167907715;4.283813953399658;7.178895473480225;7.727695941925049;11.914442539215088;12.003268718719482,12.003268718719482,63.17012019066442,63.17012019066442;63.17012019066441;63.17012019066442;63.17012019066442;63.170120190664406;63.17012019066441;63.17012019066442;63.17012019066441,12.63050947768902,11.155618841694166;11.344870836095788;11.540654860272403;11.743315032203434;11.953220073516762;12.170765548388523;12.396376351459248;12.63050947768902
443,Ca_JVASP-88736_CaMgSi2O6.json,8.56310510635376,5.740464687347412;7.104676723480225;9.568179607391357;14.366986751556396;10.719141483306885;7.188624858856201;6.993992328643799;6.822774410247803,14.366986751556396,50.94128897775331,50.9412889777533;50.9412889777533;50.9412889777533;50.9412889777533;50.9412889777533;50.9412889777533;50.94128897775331;50.941288977753295,18.460135997611275,15.470694905845885;15.837075144370072;16.22122970528327;16.624484180141334;17.048299336012512;17.494288796670364;17.964239573616275;18.460135997611275
444,Ca_JVASP-61049_CaNi12B6.json,1.909799575805664,1.5616326332092285;1.3440155982971191;1.7924492359161377;1.9111993312835693;1.7588567733764648;2.0858864784240723;2.1679961681365967;2.656360387802124,2.656360387802124,28.568966294471522,28.56896629447152;28.568966294471522;28.568966294471522;28.568966294471522;28.568966294471522;28.568966294471522;28.568966294471522;28.568966294471522,4.327305734104458,4.139788571230194;4.165575547382499;4.191685794259771;4.2181254290857275;4.2449007244047126;4.272018113042813;4.2994841932603585;4.327305734104458
445,Li_JVASP-113552_LiCaN.json,2.071718692779541,2.7423717975616455;2.372948408126831;2.59124493598938;2.411450147628784;1.5122182369232178;1.6336047649383545;1.9997975826263428;1.3101136684417725,2.7423717975616455,77.25572337605988,77.25572337605988;77.25572337605986;77.25572337605986;77.25572337605986;77.25572337605986;77.25572337605988;77.25572337605988;77.25572337605986,60.96530347239882,54.897939231158155;55.689700345945056;56.504633885202225;57.34377223523321;58.208210033826454;59.09910893416924;60.01770281304244;60.96530347239882
446,Li_JVASP-56743_Li4Ca3Si2N6.json,2.049078583717346,0.9452569484710693;0.9579627513885498;0.9662683010101318;0.9436919689178467;1.0742113590240479;1.0838654041290283;1.1322171688079834;1.1417748928070068;1.1183693408966064;1.1004135608673096;1.0757734775543213;1.033020257949829;1.2402546405792236;1.1609976291656494;1.293459177017212;1.2057602405548096;2.6934010982513428;2.8809573650360107;2.9894258975982666;2.986036539077759;2.8656742572784424;3.007310152053833;3.1511223316192627;3.395522356033325;3.10033917427063;3.3285562992095947;3.1064798831939697;3.157336473464966;2.947197675704956;3.032478094100952;2.5856120586395264;2.869767904281616,3.395522356033325,33.098832928268784,33.098832928268784;33.098832928268784;33.09883292826878;33.09883292826878;33.098832928268784;33.098832928268784;33.098832928268784;33.098832928268784;33.09883292826878;33.098832928268784;33.098832928268784;33.09883292826878;33.09883292826878;33.09883292826878;33.09883292826878;33.09883292826878;33.098832928268784;33.09883292826878;33.098832928268784;33.09883292826878;33.098832928268784;33.09883292826878;33.098832928268784;33.09883292826878;33.09883292826878;33.098832928268784;33.098832928268784;33.09883292826878;33.09883292826878;33.09883292826878;33.098832928268784;33.098832928268784,12.82059221601117,11.624143747454587;11.659242732761134;11.694554322090678;11.730080453011288;11.765823086706826;11.801784208337846;11.83796582740913;11.874369978143998;11.910998719865555;11.94785413738502;11.984938341397278;12.022253468883825;12.059801683523258;12.097585176109488;12.135606164977846;12.173866896439234;12.212369645222525;12.251116714925374;12.290110438473656;12.329353178589692;12.368847328269483;12.40859531126913;12.448599582600677;12.488862629037586;12.529386969630027;12.57017515623025;12.611229774028248;12.652553442097945;12.694148813954184;12.736018578120703;12.778165458709406;12.82059221601117
447,Na_JVASP-25772_Na2Ca2C3O9.json,2.602870464324951,2.6046524047851562;2.5551462173461914;2.537757396697998;2.4895148277282715;2.5752267837524414;2.4899206161499023;2.5579047203063965;2.4759411811828613;2.7731661796569824;2.8629231452941895;2.8044347763061523;2.9266042709350586;2.4480338096618652;2.366786479949951;2.5836901664733887;2.594224452972412,2.9266042709350586,28.528711643073013,28.528711643073013;28.52871164307301;28.52871164307301;28.52871164307301;28.52871164307301;28.528711643073006;28.52871164307301;28.52871164307301;28.528711643073013;28.52871164307301;28.528711643073006;28.52871164307301;28.528711643073006;28.528711643073013;28.52871164307301;28.52871164307301,12.73561449428064,10.942515921937702;11.046198513741981;11.151864728601588;11.259572041400077;11.369380169098878;11.481351181142507;11.595549616452566;11.712042607473954;11.830900011774228;11.95219455173815;12.076001962944494;12.202401151861098;12.33147436354832;12.463307360119675;12.597989610773539;12.73561449428064
448,Ca_JVASP-91631_Ba3CaO4.json,3.026200771331787,2.4466915130615234;2.891927719116211;2.577578067779541;2.967301845550537;2.4387941360473633;3.015216827392578;3.4820594787597656;4.390036582946777,4.390036582946777,34.409992855766184,34.409992855766184;34.40999285576618;34.40999285576618;34.409992855766184;34.409992855766184;34.40999285576618;34.409992855766184;34.409992855766184,6.965210633768757,6.4918948234338805;6.55553433141969;6.620433897314819;6.68663131890682;6.754165921005402;6.823078633343416;6.893412073295943;6.965210633768757
449,K_JVASP-53229_KCaNb2O6F.json,3.7553677558898926,2.8799972534179688;2.940310478210449;3.0288805961608887;3.017268657684326;3.003678321838379;2.801736831665039;3.049222946166992;2.96047306060791;4.135250091552734;4.165217399597168;4.372988700866699;4.152185440063477;4.641666889190674;4.6620049476623535;5.289236068725586;4.985766410827637,5.289236068725586,18.25375756820134,18.253757568201333;18.253757568201333;18.253757568201337;18.253757568201333;18.253757568201337;18.253757568201337;18.253757568201337;18.253757568201337;18.253757568201337;18.253757568201333;18.253757568201337;18.253757568201337;18.25375756820134;18.253757568201333;18.253757568201333;18.253757568201337,4.878969080289732,4.408325582467641;4.436858641205741;4.4657634688970695;4.495047379083004;4.524717878403151;4.554782673010621;4.58524967524477;4.616127010573548;4.647423024818256;4.679146291674188;4.711305620541425;4.743910064680757;4.776968929710655;4.810491782461985;4.844488460208204;4.878969080289732
450,Ca_JVASP-94727_CaMg6C.json,0.9295344352722168,0.9093132019042969;0.8934102058410645;0.9356696605682373;1.4732768535614014;0.8689502477645874;0.4965864419937134,1.4732768535614014,37.903252266008565,37.903252266008565;37.90325226600856;37.90325226600856;37.90325226600855;37.90325226600856;37.90325226600856,27.151128159321214,22.569436643354997;23.357750153438957;24.2031257522296;25.111991757267326;26.091779733990617;27.151128159321214
451,Ca_JVASP-74281_Ca2ScBe.json,1.8373537063598633,0.2530229091644287;0.21442914009094238;2.201092779636383;0.5428337454795837;1.5732383728027344;0.7006313800811768;1.2888612151145935;1.1793535351753235;0.31675583124160767;1.6018953919410706;3.205544412136078;1.6646754145622253;3.289160430431366;3.8787748217582703;1.3283025026321411;6.159087419509888,6.159087419509888,54.27133557565983,54.271335575659826;54.27133557565982;54.27133557565983;54.27133557565983;54.27133557565982;54.271335575659826;54.27133557565982;54.27133557565982;54.271335575659826;54.271335575659826;54.27133557565983;54.271335575659826;54.27133557565983;54.271335575659826;54.271335575659826;54.271335575659826,56.80413088920119,24.97825014302716;25.94742819697003;26.994852182014217;28.130396393473497;29.365669542586243;30.714413058728365;32.193014437979265;33.82117636733163;35.62279971073428;37.627164589539845;39.870533966173724;42.39836724102634;45.26843291724019;48.55527728920824;52.35679232038149;56.80413088920119
452,Ca_JVASP-100026_CaLaGaO4.json,7.483221530914307,3.8665895462036133;4.176750183105469;5.027111530303955;5.707874774932861;10.101612091064453;10.740335464477539;10.334541320800781;9.910957336425781,10.740335464477539,61.216179997891814,61.21617999789181;61.2161799978918;61.2161799978918;61.2161799978918;61.216179997891814;61.2161799978918;61.2161799978918;61.216179997891814,12.066833343546554,10.713596308928402;10.888030595231296;11.068239025659249;11.25451312992778;11.447164399013824;11.64652602336327;11.852954815951614;12.066833343546554
453,K_JVASP-86949_KCaCO3F.json,3.5622634887695312,2.410518169403076;3.0909390449523926;2.5198159217834473;3.473445415496826;2.6791443824768066;4.303041934967041;3.255361557006836;6.765841484069824,6.765841484069824,55.140278343513984,55.14027834351398;55.14027834351397;55.14027834351398;55.14027834351397;55.14027834351398;55.14027834351398;55.140278343513984;55.14027834351397,27.023595709522336,21.179092537821827;21.85430977150933;22.573998433734705;23.342701626938172;24.165603086454766;25.048644228121308;25.99866783157404;27.023595709522336
454,Ca_JVASP-67313_CaBePb.json,1.432348906993866,0.8627792000770569;1.0472132563591003;1.4557798504829407;1.723418414592743;1.715069055557251;1.2144050598144531;1.7675763964653015;1.6725500226020813,1.7675763964653015,79.42826011306362,79.4282601130636;79.42826011306362;79.42826011306362;79.42826011306362;79.42826011306362;79.42826011306362;79.42826011306362;79.42826011306362,15.144001048408207,13.071843579786014;13.332455470065765;13.603670331082645;13.886148670514498;14.180607020788953;14.487824007848598;14.808647226248748;15.144001048408207
455,Ca_JVASP-1969_Ca2BrN.json,7.145047903060913,3.0915274620056152;3.148624897003174;7.8518242835998535;7.061830043792725;8.004572868347168;7.257399559020996;3.9749748706817627;3.8441321849823;9.245373964309692;7.46268105506897;6.105522394180298;6.515530824661255;7.157567381858826;7.9363032579422;11.83256995677948;13.830331444740295,13.830331444740295,68.58025191462849,68.58025191462848;68.58025191462848;68.58025191462849;68.58025191462848;68.58025191462849;68.58025191462849;68.58025191462849;68.58025191462848;68.58025191462849;68.58025191462846;68.58025191462849;68.58025191462849;68.58025191462849;68.58025191462848;68.58025191462849;68.58025191462849,33.86746795166105,19.246559911452845;19.816902943883044;20.422080780037017;21.065385355077616;21.750536884851805;22.48175585651855;23.26385004561469;24.102320350614622;25.00349037000052;25.97466617722418;27.02433483590189;28.162413075538673;29.400561564785946;30.75258589836776;32.23495355670334;33.86746795166105
456,Na_JVASP-118848_NaCaAs.json,0.9982101321220398,-0.15838205814361572;-0.29886114597320557;0.7244284152984619;0.29383230209350586;1.007297396659851;0.40186989307403564;3.3046799898147583;2.710816264152527,3.3046799898147583,50.764900044538656,50.76490004453865;50.764900044538656;50.76490004453865;50.764900044538656;50.764900044538656;50.764900044538656;50.764900044538656;50.764900044538656,28.421912076197316,24.27857441206857;24.794945787208118;25.33375947517945;25.896511043201688;26.484831964598524;27.10050541534553;27.745484326318604;28.421912076197316
457,Ca_JVASP-49953_CaHfO3.json,8.926021099090576,2.315237045288086;3.036074638366699;3.065242290496826;3.440927028656006;3.2236599922180176;3.3969454765319824;3.3625307083129883;3.5541391372680664;13.578623294830322;16.53909158706665;20.897945404052734;16.166361808776855;17.06516695022583;11.750657558441162;7.172360420227051;6.66909122467041;10.007855415344238;10.194605827331543;11.745476245880127;10.699048519134521;10.80613088607788;9.720944881439209;10.344357013702393;9.627573490142822;10.09940767288208;8.465034008026123;8.793569087982178;8.012041568756104;7.405102729797363;6.41792106628418;9.630619525909424;8.428932666778564,20.897945404052734,21.767947604491336,21.767947604491333;21.767947604491333;21.767947604491333;21.767947604491336;21.767947604491333;21.767947604491333;21.767947604491333;21.76794760449133;21.767947604491333;21.76794760449133;21.767947604491333;21.767947604491333;21.767947604491333;21.767947604491333;21.767947604491333;21.767947604491333;21.767947604491333;21.767947604491333;21.767947604491333;21.767947604491333;21.76794760449133;21.767947604491333;21.767947604491333;21.767947604491333;21.767947604491336;21.767947604491336;21.767947604491336;21.767947604491333;21.76794760449133;21.767947604491333;21.76794760449133;21.767947604491336,3.677632159674279,3.1419823388513706;3.1568143493299643;3.1717870556573255;3.186902469326583;3.202162640358217;3.2175696582269246;3.23312565281536;3.248832795395687;3.2646932996398794;3.280709422659752;3.2968834660777695;3.3132177771296756;3.3297147498000674;3.3463768259920683;3.3632064967322868;3.38020630341233;3.397378839068152;3.4147267496986045;3.432252735624587;3.4499595528902742;3.4678500147079316;3.4859269929479315;3.5041934196756057;3.5226522887366776;3.5413066573930667;3.5601596480109436;3.579214449802998;3.598474320626951;3.617942588842459;3.63762265522861;3.657517994964355;3.677632159674279
458,Ca_JVASP-90606_Ca3Mg.json,0.5118037859598795,1.3322243690490723;0.8381326198577881;0.5609006881713867;0.4450662136077881;0.8729400634765625;0.6370172500610352;0.35619425773620605;0.3327152729034424;1.3011274337768555;0.8593664169311523;1.1336815357208252;0.6503207683563232;2.044450521469116;0.2692129611968994;3.5776729583740234;0.28150367736816406;0.8952009677886963;1.0642144680023193;1.5782716274261475;0.08265137672424316;1.167325735092163;-0.05247092247009277;0.029950380325317383;0.5596396923065186;0.3576474189758301;0.03347492218017578;0.37778735160827637;-0.4862053394317627;0.46304988861083984;0.043511390686035156;0.6010229587554932;0.29983973503112793;-0.033834218978881836;0.017220735549926758;-0.12134361267089844;0.04879617691040039;0.5231056213378906;0.46563720703125;1.4404053688049316;0.8777327537536621;-0.41623663902282715;0.5198667049407959;-0.33080601692199707;0.40821003913879395;-1.3694088459014893;-0.023257017135620117;0.16266822814941406;-0.10961341857910156,3.5776729583740234,19.766876517942567,19.76687651794256;19.766876517942563;19.766876517942563;19.766876517942563;19.766876517942567;19.766876517942563;19.766876517942563;19.766876517942563;19.766876517942563;19.766876517942563;19.766876517942563;19.766876517942563;19.766876517942563;19.766876517942563;19.766876517942563;19.766876517942563;19.766876517942563;19.766876517942563;19.766876517942563;19.766876517942567;19.766876517942563;19.766876517942563;19.766876517942563;19.766876517942563;19.766876517942563;19.766876517942563;19.766876517942563;19.766876517942563;19.766876517942567;19.766876517942563;19.766876517942567;19.76687651794256;19.766876517942567;19.766876517942563;19.766876517942563;19.766876517942563;19.766876517942563;19.76687651794256;19.766876517942563;19.766876517942563;19.766876517942563;19.766876517942563;19.766876517942563;19.766876517942563;19.766876517942563;19.766876517942563;19.766876517942563;19.766876517942567,62.480432492484375,11.589208345632972;11.793592455823163;12.005314907587076;12.224778146730785;12.452414594682883;12.688689492315298;12.93410407378166;13.189199115935072;13.454558916220437;13.730815760625225;14.01865495360035;14.318820494180954;14.632121497280709;14.959439476845468;15.30173662891178;15.66006527847731;16.035578685532823;16.429543444000487;16.84335375442183;17.278547909289482;17.736827401824875;18.220079158544753;18.730401508071175;19.270134639827376;19.841896485151317;20.448625181479994;21.093629573138205;21.780649580998496;22.51392876676784;23.298302065881096;24.139302521797223;25.043292002764986;26.017622432465778;27.070836181113183;28.212917181886525;29.455608412750397;30.81281714881206;32.301137661660796;33.940533091597786;35.75523606638248;37.774954561371196;40.036510922956545;42.586107147573536;45.48251457075892;48.80166018643955;52.643379206054256;57.141629557456376;62.480432492484375
459,Ca_JVASP-63287_CaB2H8.json,3.2164547443389893,2.075921058654785;2.112809658050537;2.060112953186035;2.0001511573791504;2.1441895961761475;2.039825677871704;1.9337267875671387;1.8984074592590332;3.5515127182006836;3.547909736633301;4.380552291870117;4.330720901489258;4.436600208282471;4.407958507537842;5.3002142906188965;5.2426629066467285,5.3002142906188965,27.46698026968055,27.46698026968055;27.46698026968054;27.46698026968055;27.466980269680548;27.466980269680548;27.466980269680548;27.46698026968055;27.466980269680548;27.46698026968055;27.466980269680548;27.466980269680548;27.46698026968055;27.466980269680548;27.466980269680544;27.466980269680544;27.46698026968055,52.0370310792845,24.01101012491119;24.905238353663595;25.86864957931321;26.909595504778746;28.037828473367615;29.264807939906234;30.604091094472338;32.07183588991303;33.68745610957018;35.474484932477665;37.46172875471448;39.68483184024609;42.18843322757284;45.02919504935919;48.28014265545258;52.0370310792845
460,Ca_JVASP-71436_CaBe2Co.json,0.22870874404907227,-0.14829587936401367;-0.22357177734375;-0.30190610885620117;-0.14442920684814453;0.25827836990356445;0.7016711235046387;-0.841911792755127;-0.860745906829834;0.23383140563964844;0.8455581665039062;0.9731273651123047;0.6704616546630859;-0.4776573181152344;-0.03661537170410156;-0.5735225677490234;-0.4244270324707031;2.7684950828552246;1.6984171867370605,2.7684950828552246,46.50111035434273,46.50111035434273;46.501110354342714;46.501110354342714;46.501110354342714;46.50111035434272;46.501110354342714;46.50111035434272;46.501110354342714;46.50111035434272;46.50111035434272;46.501110354342714;46.50111035434272;46.50111035434272;46.50111035434272;46.501110354342714;46.50111035434272;46.50111035434272;46.50111035434272,18.803912818697153,12.722382833480507;12.969115156973741;13.225606785508047;13.492448434297573;13.770279473631259;14.05979304362174;14.36174182802181;14.676944588362126;15.006293577840797;15.350762976327802;15.711418514416872;16.08942848678071;16.486076394580056;16.90277550515634;17.34108567703093;17.802732872353268;18.289631871304017;18.803912818697153
461,Ca_JVASP-70987_SrCaBe2.json,1.7613901495933533,0.9465705752372742;0.5652094483375549;0.4834786057472229;4.387714087963104;1.204954743385315;0.5043035745620728;3.484044075012207;2.202234983444214;1.744615614414215;1.4966923594474792;3.4062694311141968;0.7105942964553833,4.387714087963104,38.78432664565855,38.78432664565855;38.784326645658545;38.784326645658545;38.784326645658545;38.78432664565855;38.78432664565855;38.78432664565855;38.78432664565855;38.784326645658545;38.78432664565855;38.784326645658545;38.78432664565855,20.493400279505288,15.326794863776657;15.686311864489632;16.063100205386736;16.458435100475054;16.873720470462526;17.31050560096123;17.77050445668046;18.255618159147282;18.767961249444255;19.309892501019963;19.88405122961274;20.493400279505288
462,Ca_JVASP-70854_Ca4BeP.json,0.864199161529541,1.4073736667633057;0.9281866550445557;0.4200446605682373;0.15486979484558105;-0.38013315200805664;-0.4773545265197754;0.04504501819610596;-0.407415509223938;-0.2207242250442505;-0.3446153402328491;1.0661121606826782;0.9045151472091675;1.3952794075012207;1.809678554534912;-0.19950413703918457;-0.47380614280700684;-0.22217506170272827;0.1616944670677185;-0.3516414165496826;0.6098897457122803;0.5524196624755859;1.3417521715164185;1.578762948513031;0.5543989539146423;0.5313650965690613;0.3317280411720276;0.7623451948165894;0.7123979330062866;2.409766674041748;2.5070743560791016;4.8868008852005005;5.660241484642029,5.660241484642029,31.97534597678944,31.975345976789434;31.97534597678944;31.975345976789434;31.975345976789438;31.975345976789434;31.975345976789438;31.97534597678943;31.975345976789438;31.975345976789438;31.975345976789438;31.97534597678944;31.975345976789434;31.97534597678944;31.975345976789434;31.975345976789434;31.975345976789434;31.97534597678943;31.975345976789434;31.975345976789434;31.975345976789438;31.97534597678943;31.975345976789438;31.975345976789438;31.975345976789438;31.975345976789434;31.975345976789434;31.97534597678943;31.975345976789434;31.975345976789434;31.975345976789434;31.975345976789434;31.97534597678943,74.45568391808533,16.72600878089337;17.155082964917423;17.6067509262315;18.082845502969263;18.585403285946736;19.116693741478144;19.679253476291244;20.275926735898263;20.909913500774216;21.584826896994205;22.304762096035407;23.074379478748746;23.89900563188452;24.784756803575238;25.738690868694487;26.76899579272885;27.885225247719386;29.098595742376705;30.422364855423012;31.87231763024634;33.46739902213953;35.23054625906128;37.1897989395131;39.37980135362277;41.843868822386376;44.63688158637596;47.82942056244873;51.51381461314923;55.81321608794651;60.895634942937555;66.99640883378396;74.45568391808533
463,Ca_JVASP-86517_CaPt2O4.json,7.532063961029053,7.981414794921875;6.871340751647949;7.475634574890137;7.291873931884766;7.04727840423584;7.088342189788818;7.077523469924927;7.5536768436431885;7.271600723266602;7.535328388214111;7.448248624801636;7.616140127182007;7.798678636550903;7.722256422042847;8.284713745117188;8.44897174835205,8.44897174835205,29.634647907800165,29.63464790780016;29.634647907800158;29.63464790780016;29.634647907800158;29.634647907800158;29.634647907800158;29.63464790780016;29.63464790780016;29.634647907800165;29.63464790780016;29.63464790780016;29.63464790780016;29.634647907800154;29.63464790780016;29.63464790780016;29.634647907800158,3.6680553632670128,3.3892044025849692;3.406468719886652;3.42390982363433;3.441530443239884;3.459333364591817;3.477321431523611;3.4954975473281307;3.513864676319774;3.5324258454461313;3.5511841459509954;3.570142735090644;3.5893048379053876;3.608673749048482;3.6282528346745724;3.6480455343899547;3.6680553632670128
464,Ca_JVASP-87005_Li2CaGeO4.json,8.560901880264282,6.477411270141602;6.457048416137695;9.399212837219238;10.761998176574707;8.762027740478516;8.862723350524902;8.766075611114502;9.000717639923096,10.761998176574707,63.133630611479326,63.133630611479326;63.133630611479326;63.13363061147931;63.13363061147932;63.133630611479326;63.13363061147932;63.13363061147931;63.13363061147932,21.54053347576447,17.57726839235588;18.05174837759524;18.552555210952427;19.081942560483643;19.64242887863109;20.236837466034274;20.868344036679467;21.54053347576447
465,Ca_JVASP-100152_CaMg.json,0.9684348106384277,0.3810899257659912;0.40256714820861816;2.432818293571472;0.3294278383255005;1.6301393508911133;0.9931669235229492;2.2121307849884033;0.42400336265563965;0.7274560928344727;0.4137535095214844;2.3485732078552246;0.5609173774719238;1.39699387550354;1.7596871852874756;0.8704512119293213;0.7550914287567139;1.40655517578125;0.686769962310791;0.5098176002502441;0.5924406051635742;1.1946911811828613;0.7661604881286621;0.22527360916137695;0.2224593162536621,2.432818293571472,30.381718071795383,30.381718071795376;30.38171807179538;30.381718071795373;30.381718071795376;30.38171807179538;30.381718071795383;30.38171807179538;30.381718071795376;30.38171807179538;30.381718071795376;30.381718071795383;30.38171807179538;30.381718071795376;30.381718071795373;30.381718071795376;30.381718071795383;30.381718071795376;30.38171807179538;30.381718071795376;30.38171807179538;30.381718071795383;30.381718071795376;30.38171807179538;30.381718071795376,42.99256872994638,17.345081621643853;17.806944431525526;18.294076979071576;18.808611454591016;19.352926868112117;19.929685828182222;20.54187809920804;21.192872441071344;21.886478628472336;22.62702206106519;23.41943405094591;24.269361770181046;25.183303040914133;26.168772773005387;27.23451007124389;28.39073809838236;29.649493067171317;31.025044811476675;32.534440124293035;34.198212809726954;36.04132334422283;38.09441970497092;40.39555516870409;42.99256872994638
466,Ca_JVASP-68332_CaBeTl2.json,1.471590518951416,1.7138797044754028;1.3567949533462524;1.163330078125;1.4336884021759033;1.3630374670028687;1.44497549533844;1.4697349071502686;1.8272831439971924,1.8272831439971924,57.15589963437829,57.15589963437829;57.15589963437829;57.15589963437829;57.15589963437829;57.15589963437829;57.15589963437828;57.15589963437829;57.15589963437829,7.924020914878763,7.3171028623944006;7.39805040863973;7.480809000932819;7.565440104882388;7.652007999389319;7.740579939465839;7.831226330494915;7.924020914878763
467,Ca_JVASP-68780_CaBe2Nb.json,1.0552759170532227,-0.35027074813842773;0.0341343879699707;0.5212316513061523;1.0949459075927734;1.331230640411377;1.620863437652588;0.14181971549987793;0.3015158176422119;1.7395520210266113;1.8265414237976074;1.0155434608459473;1.6953558921813965;1.1419219970703125;1.145766258239746;0.6719112396240234;0.34792232513427734;2.146528482437134;2.5684525966644287,2.5684525966644287,36.61730372659105,36.61730372659104;36.61730372659104;36.61730372659105;36.61730372659105;36.61730372659105;36.61730372659104;36.61730372659105;36.61730372659104;36.61730372659104;36.61730372659104;36.61730372659104;36.61730372659105;36.61730372659104;36.61730372659104;36.61730372659105;36.61730372659104;36.61730372659104;36.61730372659104,13.158419232135985,9.86016536054624;10.007724730332082;10.15976770989934;10.316501804342316;10.47814752405923;10.644939419848962;10.817127218467386;10.994977070205254;11.178772921595707;11.368818028142401;11.565436624019291;11.76897576807991;11.979807388285115;12.198330549884798;12.424973976454725;12.660198857297262;12.904501979887579;13.158419232135985
468,Ca_JVASP-70396_K2Ca2Be.json,-0.20591390132904053,0.42154526710510254;-0.8333730697631836,0.42154526710510254,182.5606436728771,182.5606436728771;182.5606436728771,210.55981571685197,160.13811890909707;210.55981571685197
469,Ca_JVASP-101113_SrCaAl4.json,1.7697420120239258,1.8696951866149902;1.6672039031982422;1.5004045963287354;1.7371256351470947;1.6380589008331299;1.660193681716919;1.7751117944717407;2.310142397880554,2.310142397880554,40.88274732598782,40.88274732598782;40.88274732598782;40.88274732598782;40.882747325987815;40.88274732598782;40.882747325987815;40.88274732598782;40.882747325987815,16.704495338402456,14.218343525390658;14.527215586793973;14.849805200379272;15.187046950386803;15.539962292222143;15.90966988611367;16.297397441792146;16.704495338402456
470,Ca_JVASP-92621_CaIn2N2.json,3.412982940673828,3.4760255813598633;3.368082046508789;3.266901969909668;3.405796766281128;3.214036226272583;3.1378960609436035;3.8293747901916504;3.4106976985931396;3.6080353260040283,3.8293747901916504,61.582128364589686,61.582128364589686;61.582128364589686;61.582128364589686;61.582128364589686;61.582128364589686;61.58212836458968;61.58212836458968;61.58212836458968;61.582128364589686,11.361746825059502,10.002244917521159;10.15412017445902;10.310678726433459;10.472140590059654;10.638739782754296;10.810725454419098;10.98836313069661;11.17193608084596;11.361746825059502
471,Ca_JVASP-102921_YbCaHg2.json,1.7189717292785645,0.7340469360351562;0.8970303535461426;1.7651946544647217;3.2748563289642334;1.5064973831176758;2.069418430328369;1.898191213607788;1.6065385341644287,3.2748563289642334,54.07856284451161,54.0785628445116;54.078562844511595;54.078562844511595;54.078562844511595;54.0785628445116;54.0785628445116;54.07856284451161;54.078562844511595,5.7838623968104,5.45368073823924;5.4985225304096845;5.544107841233617;5.590455317649868;5.637584235390442;5.685514525710281;5.734266803492213;5.7838623968104
472,Li_JVASP-23378_LiCa2Si3.json,0.6341049671173096,0.6687209606170654;0.8062694072723389;0.7085845470428467;0.808297872543335;0.5490920543670654;0.5895969867706299;0.45319294929504395;0.48908495903015137,0.808297872543335,43.11446256531217,43.11446256531216;43.11446256531216;43.11446256531215;43.11446256531217;43.11446256531216;43.11446256531216;43.11446256531216;43.11446256531215,20.269740055792482,19.551308669731803;19.650807846332654;19.751324931950947;19.85287562720961;19.95547595729698;20.05914228039717;20.163891296384627;20.269740055792482
473,Ca_JVASP-97780_CaAl2O4.json,8.056726932525635,4.847124099731445;4.903355598449707;5.590476036071777;5.881908416748047;9.649425983428955;11.354506015777588;14.76265573501587;10.87623643875122;6.63179874420166;6.735479354858398;7.5898284912109375;7.490952491760254;7.996626377105713;7.938930988311768;8.20481252670288;8.453513622283936,14.76265573501587,31.47829995786048,31.478299957860475;31.478299957860475;31.47829995786047;31.478299957860475;31.47829995786048;31.478299957860475;31.478299957860475;31.478299957860475;31.478299957860475;31.47829995786047;31.478299957860475;31.478299957860475;31.47829995786048;31.478299957860475;31.478299957860475;31.478299957860475,13.905158399875283,10.599257186578402;10.769958435886835;10.946247978855624;11.12840480034223;11.316726769843472;11.511532266891113;11.7131619772647;11.921980881338621;12.138380458975771;12.362781138990764;12.595635025428033;12.837428937852271;13.088687808672955;13.349978487395461;13.62191400982174;13.905158399875283
474,Ca_JVASP-100027_CaEuH6Ru.json,2.812363624572754,1.4653754234313965;1.8504753112792969;2.3765714168548584;2.688739538192749;2.9030280113220215;3.4241676330566406;3.5933122634887695;4.197239398956299,4.197239398956299,60.0606148283912,60.060614828391195;60.060614828391195;60.06061482839119;60.06061482839119;60.06061482839119;60.060614828391195;60.06061482839119;60.0606148283912,12.685703877505771,11.198653568839998;11.389381006190035;11.586717673094054;11.791013168773985;12.002642191343817;12.222006831391809;12.449539121755073;12.685703877505771
475,Ca_JVASP-64016_Ba4CaOs.json,1.0390617847442627,2.8387184143066406;2.204704761505127;0.5029083490371704;0.5322669744491577;0.6947247982025146;0.6505355834960938;0.41318178176879883;0.47545361518859863,2.8387184143066406,23.867035279507366,23.867035279507366;23.867035279507363;23.867035279507363;23.86703527950736;23.867035279507363;23.867035279507366;23.867035279507366;23.867035279507363,4.499624329183573,4.297224749285403;4.325016962022819;4.3531710060257405;4.38169399370168;4.41059322509619;4.439876194121715;4.469550595036257;4.499624329183573
476,Ca_JVASP-88947_CaZn2.json,1.4436731338500977,0.9814515113830566;1.0063176155090332;0.9714255332946777;0.8197054862976074;1.3444843292236328;1.1191115379333496;1.5252528190612793;1.6039018630981445;1.5207464694976807;1.3795859813690186;1.487198829650879;1.5172615051269531;2.0367631912231445;1.8513946533203125;1.907620906829834;2.026547908782959,2.0367631912231445,46.51464720117469,46.51464720117468;46.51464720117468;46.51464720117468;46.514647201174675;46.51464720117467;46.51464720117468;46.51464720117468;46.51464720117468;46.51464720117468;46.51464720117468;46.51464720117468;46.514647201174675;46.51464720117468;46.514647201174675;46.51464720117468;46.51464720117469,12.564179890881023,9.801824414084848;9.947629871048395;10.097838639847753;10.252653248079495;10.412288836899386;10.576974158530255;10.746952669953304;10.922483733779627;11.103843938759514;11.291328554069882;11.485253133462882;11.68595528760734;11.893796645562754;12.109165029359085;12.332476869192373;12.564179890881023
477,Ca_JVASP-95103_CaB2H8.json,3.1394970417022705,2.0348429679870605;2.0243306159973145;2.012333631515503;2.009317636489868;3.130178689956665;3.154526472091675;3.1066884994506836;3.0959157943725586;2.6382665634155273;2.669342517852783;2.6650633811950684;2.6701536178588867;4.823451519012451;4.738309383392334;4.769619464874268;4.689611911773682,4.823451519012451,26.996239206425734,26.996239206425727;26.996239206425727;26.996239206425727;26.99623920642573;26.99623920642573;26.996239206425727;26.99623920642573;26.99623920642573;26.996239206425734;26.99623920642573;26.99623920642573;26.99623920642573;26.996239206425727;26.996239206425724;26.996239206425724;26.996239206425727,52.0370310792845,24.01101012491119;24.905238353663595;25.86864957931321;26.909595504778746;28.037828473367615;29.264807939906234;30.604091094472338;32.07183588991303;33.68745610957018;35.474484932477665;37.46172875471448;39.68483184024609;42.18843322757284;45.02919504935919;48.28014265545258;52.0370310792845
478,Ca_JVASP-69935_SrCaBe.json,1.3169479370117188,1.563359022140503;1.6256818771362305;1.1152751445770264;1.974520206451416;1.1880908012390137;1.0767526626586914;1.0318797826766968;0.9600239992141724,1.974520206451416,51.46887587199936,51.468875871999344;51.46887587199935;51.46887587199935;51.46887587199935;51.468875871999344;51.46887587199935;51.46887587199935;51.46887587199936,32.960660076186755,24.505747275933615;25.43792088805668;26.443816682105226;27.53254035019134;28.714761543590846;30.00306471207434;31.41239882310425;32.960660076186755
479,Na_JVASP-74193_NaCa2Be.json,-0.3289264440536499,0.0240401029586792;-0.31954872608184814;-0.32399046421051025;-0.29595768451690674;-0.2747706174850464;-0.30116379261016846;-0.5154299736022949;-0.6245903968811035,0.0240401029586792,49.133742920752155,49.133742920752155;49.13374292075215;49.13374292075215;49.13374292075215;49.133742920752155;49.13374292075215;49.133742920752155;49.133742920752155,36.398477814122685,29.870242206682438;30.65570546143944;31.483593142085546;32.35743778926555;33.28117533037327;34.25920435088782;35.29645613291256;36.398477814122685
480,Ca_JVASP-67074_CaScBe.json,1.1470005512237549,-0.6966115236282349;1.7089484930038452;2.5120298862457275;0.9027113914489746;2.245084524154663;1.3399410247802734;0.6185014247894287;0.5453991889953613,2.5120298862457275,82.52153143584526,82.52153143584526;82.52153143584525;82.52153143584525;82.52153143584525;82.52153143584525;82.52153143584525;82.52153143584525;82.52153143584525,56.80413088920119,35.62279971073428;37.627164589539845;39.870533966173724;42.39836724102634;45.26843291724019;48.55527728920824;52.35679232038149;56.80413088920119
481,Ca_JVASP-1960_Ca2NCl.json,8.049225330352783,2.4769842624664307;3.678210496902466;8.343480825424194;8.724316358566284;11.51793909072876;9.309024333953857;5.608161449432373;5.324118137359619;3.630955457687378;4.702284097671509;5.690214991569519;6.256010174751282;8.396107912063599;10.325679063796997;12.853564858436584;21.95055377483368,21.95055377483368,73.55829246203886,73.55829246203885;73.55829246203885;73.55829246203886;73.55829246203886;73.55829246203886;73.55829246203886;73.55829246203886;73.55829246203886;73.55829246203886;73.55829246203885;73.55829246203886;73.55829246203886;73.55829246203885;73.55829246203886;73.55829246203886;73.55829246203886,61.50576461005001,25.84706304976086;26.886237536320603;28.012471718490122;29.23718441525057;30.573882678880533;32.03866202599281;33.6508576992813;35.433902978228275;37.41647563136968;39.63405205188211;42.13104886854693;44.9638285340641;48.20500484381561;51.94975527030427;56.32532330863375;61.50576461005001
482,Ca_JVASP-71193_CaBeCd.json,1.8971892595291138,0.4885455369949341;0.913378119468689;1.3265960216522217;1.122727632522583;1.6073503494262695;1.843074083328247;1.6446919441223145;1.9981162548065186;2.6743505001068115;1.9017455577850342;3.126953125;4.118741989135742,4.118741989135742,56.801000642304196,56.80100064230419;56.80100064230419;56.80100064230419;56.80100064230418;56.80100064230419;56.80100064230418;56.80100064230419;56.80100064230419;56.80100064230418;56.80100064230418;56.801000642304174;56.801000642304196,17.901593466023524,13.82935253125635;14.12138173403996;14.426010333795805;14.744071696355949;15.076474339928644;15.424210601980842;15.788366533838651;16.17013323081145;16.570819846839818;16.991868593282298;17.4348720839473;17.901593466023524
483,Ca_JVASP-106187_CaMn3O4.json,4.425732612609863,3.507265567779541;4.5139336585998535;5.4466400146484375;3.3611440658569336;4.1676812171936035;4.790590763092041;3.581453800201416;4.501766681671143;5.27623176574707;3.9133987426757812;4.679069995880127;5.369615077972412,5.4466400146484375,39.86647030150305,39.86647030150305;39.866470301503036;39.866470301503036;39.86647030150304;39.866470301503036;39.86647030150304;39.866470301503036;39.86647030150304;39.86647030150304;39.866470301503036;39.86647030150304;39.86647030150304,9.620683573783564,8.306218086356449;8.41068577346398;8.517814721185003;8.627707932866798;8.74047379695385;8.856226443569915;8.975086129814294;9.0971796565066;9.222640819416046;9.351610898350849;9.484239187866423;9.620683573783564
484,Na_JVASP-74453_NaCa2Be.json,0.04649925231933594,-0.9068362712860107;-0.2502729892730713;-0.3715778589248657;0.3283654451370239;-0.1070173978805542;-0.32255351543426514;1.4984729290008545;0.9812445640563965;0.5672569274902344;-0.3138003349304199;-0.5400049686431885;-0.005285501480102539,1.4984729290008545,33.346146432634654,33.34614643263465;33.34614643263465;33.34614643263465;33.346146432634654;33.34614643263465;33.34614643263465;33.34614643263465;33.34614643263465;33.34614643263465;33.34614643263465;33.346146432634654;33.34614643263465,24.52084752053517,19.91349480445496;20.25955625824757;20.61785830871476;20.9890620947237;21.37387724063339;21.773066383990248;22.18745022024885;22.617913134734174;23.065409503175516;23.53097075527504;24.015713311341607;24.52084752053517
485,Ca_JVASP-103052_SrCaSi4.json,1.6523981094360352,1.2456858158111572;1.6430113315582275;1.8903942108154297;2.107851028442383;1.9315009117126465;1.7182879447937012;1.5310401916503906;1.4069461822509766;1.3968653678894043,2.107851028442383,36.27860462270112,36.2786046227011;36.27860462270112;36.27860462270111;36.2786046227011;36.27860462270111;36.2786046227011;36.27860462270111;36.27860462270111;36.2786046227011,14.568112686337122,12.406025551811322;12.640526760643683;12.884063948108507;13.137169645948882;13.400419070497863;13.674434486809037;13.959890119397919;14.257517691171099;14.568112686337122
486,Ca_JVASP-71345_CaTiBe2.json,1.3913655281066895,-0.17603206634521484;-0.17495107650756836;1.5534610748291016;1.4126038551330566;1.52248215675354;1.8885056972503662;0.3054337501525879;0.1550612449645996;1.8818073272705078;2.1442136764526367;1.3353924751281738;2.208570957183838;0.8313198089599609;0.9628477096557617;1.0635802745819092;1.4512999057769775;2.9231700897216797;3.755812644958496,3.755812644958496,38.0207856542025,38.0207856542025;38.0207856542025;38.0207856542025;38.0207856542025;38.02078565420249;38.0207856542025;38.0207856542025;38.02078565420249;38.0207856542025;38.0207856542025;38.02078565420249;38.02078565420249;38.0207856542025;38.0207856542025;38.0207856542025;38.0207856542025;38.02078565420249;38.0207856542025,21.858729633015603,14.050958980261456;14.352524373058182;14.667318230885622;14.99623049237074;15.34023275423472;15.700387857059932;16.07786085383863;16.4739315997527;16.890009249813467;17.327649010405622;17.788571564418707;18.274685681400126;18.788114639114024;19.331227227746634;19.9066742916635;20.517431998003982;21.166853322546263;21.858729633015603
487,Ca_JVASP-74617_CaHfBe2.json,0.32216858863830566,0.17852354049682617;-0.3454279899597168;0.4609358310699463;-0.15892624855041504;0.8192682266235352;0.41895294189453125;0.9149024486541748;0.2891199588775635,0.9149024486541748,79.06623581290204,79.06623581290202;79.06623581290202;79.06623581290202;79.06623581290204;79.06623581290202;79.06623581290202;79.06623581290201;79.06623581290204,16.624239668603078,14.160157637796326;14.46647963883372;14.786347804381766;15.120681008928628;15.470483156008092;15.836853246436874;16.220996911861818;16.624239668603078
488,Na_JVASP-100369_Na4SrCaSi2.json,0.9224569797515869,-0.1979769468307495;-0.22711431980133057;-0.23220789432525635;-0.24260365962982178;-0.5130796432495117;-0.46760010719299316;-0.24648809432983398;-0.20040011405944824;3.208835482597351;3.491518020629883;-0.0863487720489502;0.1323148012161255;0.34240174293518066;0.42998242378234863;-0.35137176513671875;-0.11084866523742676;0.7407059073448181;0.47453051805496216;0.19807207584381104;0.4013711214065552;0.5421695709228516;0.36214327812194824;0.8554749488830566;0.6805288791656494;3.3380284309387207;2.7648766040802;2.9132962226867676;2.6506097316741943;1.7120726108551025;2.027217149734497;2.7619893550872803;2.3665244579315186,3.491518020629883,27.03213933173152,27.032139331731514;27.03213933173151;27.032139331731518;27.032139331731514;27.032139331731514;27.03213933173152;27.032139331731514;27.03213933173151;27.032139331731514;27.032139331731518;27.032139331731514;27.032139331731514;27.032139331731514;27.032139331731514;27.032139331731514;27.032139331731518;27.032139331731514;27.032139331731518;27.032139331731514;27.032139331731514;27.032139331731514;27.032139331731514;27.032139331731514;27.032139331731514;27.032139331731518;27.032139331731518;27.03213933173152;27.032139331731518;27.032139331731518;27.03213933173151;27.032139331731518;27.03213933173151,17.940111128981947,12.145917867097257;12.273792657955749;12.404388684215608;12.537793743811935;12.674099452691209;12.813401454631567;12.95579964505376;13.101398409923409;13.250306880945184;13.402639208360076;13.5585148527788;13.718058897619356;13.881402383866115;14.048682669033324;14.220043812399728;14.395636988785116;14.575620933366741;14.76016242028658;14.94943677808262;15.143628445292533;15.342931569930693;15.547550656934263;15.757701268117083;15.973610779667471;16.195519202785857;16.42368007368877;16.658361419917554;16.89984681069473;17.148436499982207;17.404448671929032;17.668220799571053;17.940111128981947
489,Ca_JVASP-63879_CaB2H8.json,3.509744644165039,2.144012689590454;2.0638301372528076;2.0565178394317627;2.0045859813690186;1.984877109527588;1.9203095436096191;1.953305959701538;1.7809088230133057;4.066595077514648;4.944854736328125;4.106966972351074;5.007874488830566;5.024774551391602;5.898490905761719;5.125397682189941;6.0726118087768555,6.0726118087768555,27.048712107478014,27.04871210747801;27.048712107478003;27.048712107478014;27.048712107478014;27.04871210747801;27.048712107478014;27.04871210747801;27.04871210747801;27.048712107478014;27.04871210747801;27.048712107478014;27.04871210747801;27.04871210747801;27.04871210747801;27.048712107478007;27.048712107478014,52.0370310792845,24.01101012491119;24.905238353663595;25.86864957931321;26.909595504778746;28.037828473367615;29.264807939906234;30.604091094472338;32.07183588991303;33.68745610957018;35.474484932477665;37.46172875471448;39.68483184024609;42.18843322757284;45.02919504935919;48.28014265545258;52.0370310792845
490,Ca_JVASP-108175_CaRu2N2.json,3.5147504806518555,2.7356033325195312;2.7735424041748047;2.7433605194091797;2.8017749786376953;2.673309803009033;2.8487982749938965;3.4271798133850098;3.574209690093994;3.492465019226074;3.6992664337158203;3.6068129539489746;3.831479549407959;3.583138942718506;3.5099120140075684;3.991281509399414;4.193487167358398;4.665615558624268;5.1142706871032715,5.1142706871032715,39.48737207161417,39.48737207161417;39.48737207161417;39.48737207161417;39.48737207161417;39.48737207161417;39.48737207161417;39.48737207161416;39.48737207161417;39.48737207161417;39.48737207161417;39.48737207161417;39.48737207161417;39.48737207161417;39.48737207161416;39.48737207161417;39.48737207161417;39.48737207161417;39.48737207161416,6.407485461337149,5.509985837058148;5.555762209503823;5.60230556436035;5.649635340645562;5.697771639878368;5.746735254544668;5.796547698043702;5.847231236205466;5.898808920476194;5.951304622875814;6.004743072838775;6.059149896057662;6.1145516554578325;6.17097589444068;6.228451182543469;6.287007163674759;6.346674607096514;6.407485461337149
491,Ca_JVASP-63014_CaSiBHO5.json,10.061130046844482,5.883874416351318;5.97617769241333;6.219271183013916;6.411693096160889;8.252585887908936;8.30788278579712;12.132093906402588;12.529048442840576;12.331119060516357;12.380710124969482;11.792020320892334;11.806874752044678;12.805356502532959;12.312028408050537;10.924222946166992;10.913121223449707,12.805356502532959,30.968408320074964,30.968408320074964;30.968408320074957;30.968408320074964;30.968408320074964;30.968408320074957;30.968408320074964;30.96840832007496;30.968408320074957;30.96840832007496;30.968408320074964;30.968408320074964;30.968408320074957;30.968408320074964;30.96840832007496;30.968408320074957;30.968408320074964,13.684690900705935,10.4706741383108;10.637226304257098;10.809162650254022;10.986748549620739;11.17026710646486;11.36002066168052;11.556332455096776;11.759548462997497;11.970039432986237;12.188203141373519;12.414466902003127;12.649290359809712;12.893168607535047;13.146635670073819;13.410268408054108;13.684690900705935
492,Ca_JVASP-95551_Ca2CO3F2.json,9.881832599639893,5.838612079620361;5.98389196395874;5.804366111755371;5.954503059387207;5.899492263793945;6.034415245056152;5.904228687286377;6.040466785430908;9.88459300994873;10.240704536437988;10.462963581085205;10.882859706878662;10.678237438201904;11.23397970199585;11.314366817474365;11.955417156219482;15.374504089355469;14.438959121704102;15.254975318908691;14.021496772766113;14.090733051300049;13.21942663192749;13.43225622177124;12.327122211456299;9.468904972076416;9.29834508895874;9.65584945678711;9.511680603027344;9.35752534866333;9.195308208465576;9.376675605773926;9.291850090026855;9.714014053344727;9.971414566040039;9.706716537475586;10.008970260620117;9.702095031738281;9.727903366088867;9.420711994171143;9.695691585540771;9.157596111297607;9.124867916107178;8.994331359863281;9.054915428161621;9.1420578956604;9.17802381515503;8.958456039428711;9.036800384521484;10.381301879882812;10.349279403686523;10.026992321014404;10.099367618560791;10.347385168075562;10.365310907363892;10.026785373687744;10.060048580169678;9.79768967628479;9.699754476547241;9.79576826095581;9.845913410186768;9.849684953689575;9.896529912948608;9.871424674987793;10.000772476196289,15.374504089355469,14.706777423085544,14.70677742308554;14.706777423085542;14.706777423085542;14.706777423085539;14.70677742308554;14.706777423085542;14.70677742308554;14.706777423085542;14.70677742308554;14.706777423085542;14.706777423085542;14.706777423085539;14.706777423085539;14.706777423085542;14.706777423085542;14.70677742308554;14.70677742308554;14.706777423085539;14.70677742308554;14.70677742308554;14.70677742308554;14.70677742308554;14.706777423085542;14.706777423085539;14.70677742308554;14.706777423085539;14.706777423085539;14.706777423085544;14.706777423085542;14.706777423085542;14.706777423085542;14.70677742308554;14.70677742308554;14.70677742308554;14.70677742308554;14.706777423085542;14.706777423085544;14.70677742308554;14.706777423085542;14.706777423085539;14.706777423085539;14.70677742308554;14.70677742308554;14.706777423085544;14.70677742308554;14.70677742308554;14.70677742308554;14.706777423085542;14.70677742308554;14.70677742308554;14.706777423085544;14.706777423085542;14.70677742308554;14.70677742308554;14.70677742308554;14.706777423085542;14.70677742308554;14.706777423085542;14.706777423085542;14.706777423085542;14.70677742308554;14.70677742308554;14.706777423085542;14.706777423085542,8.43806119705934,4.701045524644359;4.734326797812696;4.768082663562848;4.8023233463656565;4.837059366513298;4.87230155089586;4.908061044252481;4.944349320921606;4.98117819711638;5.018559843752784;5.056506799859746;5.09503198660228;5.134148721950601;5.173870736030179;5.214212187189928;5.255187678828016;5.296812277017301;5.339101528975082;5.382071482424746;5.42573870589995;5.470120310045311;5.515233969971126;5.561097948723502;5.60773112193534;5.6551530037280955;5.703383773938975;5.7524443067533815;5.802356200827977;5.853141810995645;5.904824281650181;5.957427581915427;6.010976542711128;6.065496895835947;6.121015315196877;6.177559460323849;6.235158022318666;6.293840772398665;6.353638613207651;6.414583633079939;6.476709163457668;6.540049839677312;6.604641665358255;6.670522080644993;6.737730034574714;6.806306061864186;6.876292364434053;6.947732898015042;7.020673464209584;7.095161808413987;7.171247724041109;7.248983163521582;7.328422356603602;7.4096219365173495;7.492641074620856;7.577541624200072;7.664388274157531;7.753248713392156;7.844193806748064;7.937297783493524;8.03263843938371;8.130297353463186;8.230360120878078;8.332916603094311;8.43806119705934
493,Ca_JVASP-91604_Sr3CaO4.json,5.100599765777588,3.911306858062744;3.1567912101745605;3.199061393737793;3.333615303039551;3.33144474029541;3.311046600341797;3.8254594802856445;16.736072540283203,16.736072540283203,41.965880075738895,41.96588007573889;41.965880075738895;41.96588007573889;41.965880075738895;41.965880075738895;41.965880075738895;41.965880075738895;41.96588007573889,10.094952607235658,9.130172079620754;9.25655122489562;9.38647813908896;9.520104340654521;9.65759010073575;9.799105084442086;9.944829049344373;10.094952607235658
494,Ca_JVASP-22707_CaCd3O4.json,8.101766705513,5.787447452545166;5.951790809631348;5.546277761459351;7.286604642868042;7.499965190887451;8.169280529022217;8.04075813293457;10.13951587677002;9.66774320602417;9.583106517791748;9.638187408447266;9.910522937774658,10.13951587677002,34.255053283566454,34.255053283566454;34.255053283566454;34.25505328356645;34.255053283566454;34.255053283566454;34.255053283566454;34.255053283566454;34.255053283566454;34.25505328356645;34.25505328356645;34.25505328356645;34.255053283566454,5.520563531276159,5.0609863032186375;5.099580038757541;5.138766908505997;5.178560691871398;5.218975598414218;5.260026284765205;5.3017278723472865;5.3440959659472105;5.3871466731848425;5.430896624931136;5.475362996729164;5.520563531276159
495,Li_JVASP-16793_LiCa6Ge.json,0.07598638534545898,0.7508049011230469;0.503603458404541;0.3935908079147339;0.1395803689956665;-0.01407480239868164;-0.1581430435180664;-0.2700326442718506;-0.7374379634857178,0.7508049011230469,21.8429060076066,21.842906007606597;21.842906007606597;21.8429060076066;21.842906007606597;21.842906007606597;21.842906007606597;21.842906007606597;21.8429060076066,10.670207823103746,10.467725786173018;10.496180017204603;10.524789363132722;10.553555095810001;10.582478501031778;10.61156087872769;10.640803543156439;10.670207823103746
496,K_JVASP-22715_KCaBi.json,0.6981505155563354,0.6305714845657349;0.7488633394241333;0.7438594102859497;0.5635172128677368;0.9090191125869751;0.5879888534545898;0.7374316453933716;0.6639530658721924,0.9090191125869751,46.05100233234502,46.051002332345014;46.051002332345014;46.051002332345014;46.051002332345014;46.051002332345014;46.051002332345014;46.05100233234502;46.051002332345014,13.192526335533413,11.62626157968525;11.826851125830213;12.034483787846971;12.24953714213669;12.472416244959938;12.703556178732716;12.943424886797706;13.192526335533413
497,Ca_JVASP-97689_Ca2RuO4.json,7.838529348373413,5.173975944519043;5.36422061920166;5.39606237411499;5.726513385772705;6.686226844787598;6.324724197387695;6.366916179656982;6.615890026092529;7.484243392944336;7.804597854614258;7.45058536529541;8.219134330749512;8.598801612854004;8.512261390686035;8.423514366149902;8.16458797454834;9.980582237243652;8.835246086120605;8.593177795410156;8.678339004516602;10.203802108764648;9.348447799682617;8.917122840881348;8.726805686950684;9.926183223724365;8.268787860870361;7.649965286254883;7.21519660949707;10.32743787765503;8.03117036819458;7.699525833129883;6.118892669677734,10.32743787765503,31.286566983357964,31.28656698335796;31.28656698335796;31.28656698335796;31.286566983357964;31.28656698335796;31.286566983357964;31.286566983357964;31.28656698335796;31.286566983357957;31.286566983357964;31.28656698335796;31.28656698335796;31.28656698335796;31.286566983357964;31.28656698335796;31.28656698335796;31.286566983357964;31.286566983357964;31.286566983357957;31.286566983357964;31.28656698335796;31.286566983357964;31.28656698335796;31.286566983357964;31.286566983357964;31.286566983357964;31.286566983357957;31.286566983357964;31.28656698335796;31.28656698335796;31.28656698335796;31.286566983357964,9.99622751331592,6.830878370064889;6.901373534610666;6.97333890227164;7.046820950153204;7.12186813524698;7.198531000992567;7.276862290796643;7.356917069045218;7.438752850192438;7.522429736561981;7.608010565554804;7.695561067021046;7.785150031624294;7.876849491104622;7.9707349114331105;8.066885399946445;8.165383927656476;8.266317568047807;8.369777753807947;8.475860553081036;8.584666966999515;8.696303250430706;8.8108812580793;8.928518818315588;9.049340137355689;9.173476236708304;9.301065427126817;9.43225382267101;9.567195898895147;9.706055099645658;9.84900449747979;9.99622751331592
498,Ca_JVASP-99754_Ca2InPb.json,2.4174113273620605,0.9020253419876099;1.0066618919372559;2.429439663887024;4.1606175899505615;1.7482399940490723;2.3498306274414062;2.105855941772461;2.307253837585449;1.1966015100479126;1.318914771080017;1.2994482517242432;1.1024081707000732;1.770141363143921;3.378488779067993;3.946096897125244;7.656556606292725,7.656556606292725,47.925589375620575,47.92558937562056;47.92558937562057;47.92558937562057;47.92558937562056;47.92558937562057;47.92558937562056;47.92558937562056;47.92558937562057;47.92558937562056;47.92558937562056;47.92558937562056;47.92558937562056;47.92558937562057;47.92558937562056;47.925589375620575;47.92558937562057,10.244345228008598,8.330188351655972;8.435263672747205;8.543023655571691;8.65357252071451;8.767019954044745;8.883481469720971;9.003078802519349;9.12594033228542;9.252201543620721;9.382005524264484;9.515503506024652;9.652855452557437;9.794230698798412;9.939808647419284;10.089779528333061;10.244345228008598
499,Li_JVASP-39816_Li2CaPb.json,0.6834231615066528,0.2896689176559448;0.2498612403869629;0.9913145303726196;1.5767560005187988;0.828608512878418;1.0516215562820435;1.2021273374557495;1.2736821174621582;0.00574493408203125;0.47339963912963867;0.49413931369781494;0.36880290508270264;0.4901737570762634;0.736368715763092;0.16309767961502075;0.7394034266471863,1.5767560005187988,66.02802000232407,66.02802000232406;66.02802000232407;66.02802000232407;66.02802000232407;66.02802000232406;66.02802000232406;66.02802000232407;66.02802000232406;66.02802000232407;66.02802000232406;66.02802000232407;66.02802000232406;66.02802000232406;66.02802000232406;66.02802000232407;66.02802000232406,13.500883483796617,12.828094540277565;12.870854054556492;12.91389958027863;12.957233996699525;13.000860221851836;13.044781213200352;13.088999968310308;13.13351952552937;13.178342964683555;13.223473407787461;13.268914019769149;13.314668009210017;13.36073862910003;13.407129177608685;13.453842998872103;13.500883483796617
500,Ca_JVASP-92320_CaZn3.json,1.7863914966583252,1.0510692596435547;0.9210290908813477;1.0087769031524658;0.8782451152801514;1.1489310264587402;1.1165738105773926;1.313662052154541;1.2307934761047363;3.2959983348846436;2.8090298175811768;3.313659906387329;2.53595232963562;1.9453327655792236;1.6710999011993408;1.9995760917663574;2.342534065246582,3.313659906387329,37.035329975755225,37.03532997575521;37.03532997575522;37.03532997575522;37.03532997575522;37.03532997575521;37.03532997575522;37.03532997575521;37.03532997575521;37.035329975755225;37.03532997575521;37.03532997575522;37.03532997575521;37.03532997575522;37.03532997575522;37.03532997575521;37.03532997575522,8.428907466753605,7.088688707684747;7.164635113302202;7.242226483550544;7.321516847329981;7.402562625839676;7.485422766468027;7.570158885776882;7.656835422308586;7.745519800012227;7.836282603160158;7.929197763708502;8.024342762146809;8.121798842983731;8.221651246128248;8.323989455551454;8.428907466753605
501,Ca_JVASP-93924_CaZn.json,1.8423991203308105,0.4898512363433838;0.4812204837799072;0.6216819286346436;0.492079496383667;2.6573803424835205;2.625577211380005;2.9704203605651855;3.0883617401123047;2.1454858779907227;2.030488967895508;1.4815497398376465;1.0577301979064941;0.7906627655029297;1.0038933753967285;1.3612852096557617;1.7773127555847168;0.9461090564727783;1.685295820236206;2.4962716102600098;2.959998607635498;1.085495948791504;2.0159263610839844;2.0475234985351562;5.905976295471191,5.905976295471191,38.076717426547894,38.07671742654789;38.07671742654789;38.07671742654789;38.07671742654789;38.07671742654789;38.07671742654789;38.07671742654788;38.07671742654789;38.07671742654789;38.07671742654789;38.07671742654788;38.07671742654789;38.07671742654789;38.07671742654789;38.07671742654789;38.07671742654789;38.07671742654788;38.07671742654789;38.07671742654789;38.07671742654789;38.076717426547894;38.07671742654789;38.07671742654789;38.07671742654789,16.647978911102907,10.586407709445677;10.756692002805858;10.932543960719709;11.114241184410362;11.302080041761032;11.49637728042966;11.697471810263139;11.905726676109772;12.121531245188338;12.34530363673976;12.577493425859354;12.818584658298908;13.069099218779796;13.32960060214192;13.600698144678619;13.883051782532515;14.177377415369493;14.484452967101088;14.805125251679351;15.140317771553764;15.491039600024454;15.858395527417004;16.243597685967462;16.647978911102907
502,Ca_JVASP-100035_BaCa3.json,0.1479938824971517,0.39602160453796387;-0.14699006080627441;0.19495010375976562,0.39602160453796387,249.6278168742581,249.6278168742581;249.62781687425803;249.62781687425803,151.07511829492466,104.05877194571812;123.2348338082108;151.07511829492466
503,Li_JVASP-139328_LiCa.json,0.12039303779602051,-0.09871172904968262;-0.379901647567749;0.08622586727142334;-0.477866530418396;-0.06632936000823975;-0.40542519092559814;1.490302562713623;0.21719884872436523;-0.21740376949310303;-0.6472450494766235;0.05604147911071777;-0.97713303565979;-0.20382750034332275;-0.7708951234817505;6.7534332275390625;-0.4443695545196533;-0.5263826847076416;-1.2206361293792725,6.7534332275390625,35.29607813359089,35.29607813359088;35.29607813359088;35.29607813359088;35.29607813359088;35.29607813359088;35.29607813359088;35.29607813359088;35.29607813359088;35.29607813359088;35.29607813359089;35.29607813359088;35.29607813359088;35.29607813359088;35.29607813359088;35.29607813359088;35.29607813359088;35.29607813359088;35.29607813359088,36.79778314001072,31.667436285935366;31.929294057442284;32.195518536759856;32.46621987030112;32.741511940354016;33.02151252482466;33.30634346524788;33.59613084356865;33.89100516823313;34.19110157016648;34.496560009255774;34.8075254920007;35.12414830104333;35.44658423734026;35.77499487579703;36.10954783524597;36.4504170637155;36.79778314001072
504,Ca_JVASP-65548_BaCaPb2.json,1.853596031665802,0.9653670191764832;0.9174515604972839;1.5528627634048462;1.248704433441162;4.525438547134399;3.5730509757995605;1.0209988951683044;1.0248940587043762,4.525438547134399,40.7100624111364,40.71006241113639;40.7100624111364;40.7100624111364;40.7100624111364;40.7100624111364;40.7100624111364;40.71006241113639;40.7100624111364,6.017539115459665,5.660961245915274;5.709291563179642;5.758454224347099;5.808470918097525;5.859364093245993;5.9111569923382214;5.963873687043691;6.017539115459665
505,Ca_JVASP-102799_Ca2Ga7Ag.json,2.1873859167099,2.0452704429626465;1.7655670642852783;2.108869433403015;2.8126710653305054;1.8275456428527832;1.9748148918151855;2.237632989883423;2.7267158031463623,2.8126710653305054,54.596159959025755,54.59615995902575;54.59615995902575;54.59615995902574;54.59615995902574;54.596159959025755;54.59615995902574;54.59615995902574;54.59615995902575,11.057652801759914,9.910541364132476;10.059623758253544;10.213259889742181;10.371661636086833;10.53505422623797;10.703677309119296;10.877786126423048;11.057652801759914
506,Ca_JVASP-93436_CaAu5.json,4.7099751234054565,3.884955942630768;4.154118716716766;4.335158944129944;5.120088696479797;4.542110443115234;4.773008465766907;5.095695793628693;5.774663984775543,5.774663984775543,46.10833244414615,46.10833244414614;46.10833244414615;46.10833244414615;46.10833244414614;46.10833244414614;46.10833244414614;46.10833244414615;46.10833244414615,3.3845635528938707,3.2687576548562025;3.284813779064419;3.3010284171246815;3.317403928070289;3.3339427179780214;3.350647241146679;3.367520001311239;3.3845635528938707
507,Ca_JVASP-97873_Ca2MgSi2O7.json,10.071163177490234,6.561706066131592;7.364222049713135;15.691807746887207;15.893172264099121;8.758893013000488;7.2363128662109375;7.76051139831543;7.902071952819824;8.6001615524292;8.626386642456055;9.5101318359375;9.71442699432373;11.280647277832031;11.319862365722656;12.488453388214111;12.429843425750732,15.893172264099121,37.47469072580284,37.47469072580283;37.47469072580283;37.47469072580283;37.47469072580283;37.47469072580284;37.47469072580283;37.47469072580284;37.47469072580283;37.47469072580284;37.47469072580283;37.47469072580283;37.47469072580284;37.47469072580283;37.47469072580284;37.47469072580284;37.47469072580284,16.96454767616969,12.288494314002053;12.518532177253695;12.757346855140865;13.00545041941769;13.26339556678241;13.531779729096176;13.81124969292853;14.10250680361572;14.406312841975735;14.723496677349278;15.054961819306802;15.401695012902866;15.764776049682597;16.14538899990573;16.544835112120317;16.96454767616969
508,Ca_JVASP-3789_CaTiF6.json,14.242387771606445,10.599230289459229;15.155426502227783;20.17517113685608;16.963410139083862;14.224533319473267;11.812889814376831;12.101295948028564;12.907145023345947,20.17517113685608,38.95269891445397,38.95269891445396;38.952698914453954;38.95269891445396;38.95269891445397;38.95269891445396;38.95269891445397;38.952698914453954;38.95269891445396,20.076958135027134,16.590379158897395;17.01243511701058;17.456525670742217;17.924422636654676;18.418093027192967;18.939726692184724;19.491768794392545;20.076958135027134
509,Ca_JVASP-87070_CaSbPt.json,2.6109209060668945,1.4641027450561523;1.5007190704345703;1.6139321327209473;1.637037754058838;1.763906478881836;1.8645339012145996;1.8430888652801514;1.8668897151947021;2.0966885089874268;2.1223833560943604;2.094609022140503;2.1062123775482178;2.102046489715576;2.1213622093200684;2.1320641040802;2.107595205307007;2.9246459007263184;2.870814800262451;2.959308624267578;3.078249931335449;3.0504751205444336;3.0713138580322266;3.0257766246795654;2.988313913345337;3.3939948081970215;3.4304776191711426;3.3404202461242676;3.351135730743408;4.123793601989746;3.898643970489502;3.8697214126586914;3.73521089553833,4.123793601989746,20.472316173475445,20.47231617347544;20.47231617347544;20.47231617347544;20.472316173475438;20.47231617347544;20.472316173475438;20.472316173475438;20.47231617347544;20.47231617347544;20.472316173475445;20.472316173475445;20.472316173475445;20.472316173475438;20.47231617347544;20.472316173475438;20.47231617347544;20.47231617347544;20.47231617347544;20.47231617347544;20.472316173475438;20.47231617347544;20.472316173475438;20.472316173475438;20.47231617347544;20.47231617347544;20.47231617347544;20.47231617347544;20.47231617347544;20.47231617347544;20.47231617347544;20.47231617347544;20.47231617347544,2.6329948839327137,2.346580744629701;2.354843879941855;2.3631654157081776;2.371545973250007;2.379986182733685;2.3884866833285097;2.3970481233680947;2.4056711605152006;2.414356461930145;2.4231047044428706;2.4319165747287665;2.4407927694883442;2.4497339956308584;2.45874097046198;2.4678144218756257;2.4769550885500493;2.486163720148307;2.495441077523213;2.5047879329268987;2.5142050702250995;2.5236932851162974;2.5332533853558363;2.542886190985161;2.5525925345662985;2.5623732614217314;2.5722292298798113;2.5821613115258524;2.592170391459068;2.6022573685555077;2.61242315573715;2.622668680247338;2.6329948839327137
510,Ca_JVASP-91533_CaNiBN.json,4.72391414642334,1.979252815246582;2.1328744888305664;2.3971691131591797;2.443288803100586;2.574665069580078;2.5711612701416016;3.0075182914733887;2.904850482940674;4.170548439025879;4.173357009887695;4.720507621765137;4.746007919311523;3.231494903564453;3.345426559448242;5.671850204467773;5.572154998779297;6.902959823608398;6.901191711425781;4.726003646850586;5.093189239501953;5.850378036499023;5.503083229064941;5.609948635101318;5.607490062713623;4.522360801696777;4.202064514160156;5.210849285125732;5.140864849090576;5.4735331535339355;5.645881175994873;4.8838725090026855;4.698207378387451;6.685678005218506;6.557356357574463;7.456594467163086;7.747274398803711,7.747274398803711,26.058895454152207,26.058895454152204;26.058895454152204;26.058895454152207;26.058895454152207;26.058895454152204;26.0588954541522;26.058895454152204;26.058895454152204;26.058895454152207;26.058895454152207;26.058895454152204;26.058895454152204;26.058895454152204;26.058895454152207;26.0588954541522;26.058895454152204;26.058895454152207;26.058895454152204;26.058895454152204;26.058895454152207;26.058895454152204;26.058895454152204;26.058895454152207;26.058895454152204;26.0588954541522;26.058895454152204;26.058895454152204;26.058895454152204;26.058895454152204;26.058895454152207;26.058895454152204;26.058895454152204;26.0588954541522;26.058895454152204;26.058895454152204;26.0588954541522,8.797531076910301,6.02387745654105;6.07863315270005;6.134393414147618;6.191186141932376;6.249040279999147;6.307985864375799;6.368054075170416;6.4292772915678995;6.491689150029833;6.555324605917407;6.620219998774614;6.6864131215279;6.753943293879157;6.82285144019152;6.893180172192182;6.964973876843384;7.03827880976235;7.113143194603332;7.1896173288504555;7.267753696509065;7.347607088226152;7.429234729417587;7.512696417031819;7.598054665636916;7.685374863580984;7.774725440045765;7.8661780438903515;7.959807735267363;8.055693191088608;8.153916925522319;8.254565526820716;8.357729911906635;8.463505600292464;8.57199300906608;8.683297770858594;8.797531076910301
511,Ca_JVASP-100030_Ca2GaAg.json,1.8497264385223389,0.8933842182159424;1.2247836589813232;0.918687105178833;1.3307502269744873;1.3011236190795898;2.1925034523010254;1.2277500629425049;2.853726625442505;1.854675054550171;1.6749858856201172;2.255392551422119;1.7853057384490967;2.8008873462677;2.353022813796997;2.6644656658172607;2.264178991317749,2.853726625442505,53.40088957638519,53.40088957638518;53.40088957638518;53.40088957638519;53.40088957638518;53.40088957638518;53.400889576385175;53.40088957638518;53.40088957638519;53.40088957638518;53.40088957638519;53.400889576385175;53.40088957638519;53.400889576385175;53.40088957638518;53.40088957638518;53.40088957638518,18.347030342059494,12.997949813378723;13.255594571120696;13.5236599303949;13.802791141482897;14.09368784980446;14.397109951264774;14.71388422059983;15.044911834454442;15.391176933341459;15.753756393797167;16.133831015112897;16.53269836544516;16.951787581750605;17.392676479256945;17.857111402168897;18.347030342059494
512,Li_JVASP-152992_LiCa2HC3.json,1.6084473133087158,0.9529707431793213;0.8953726291656494;1.2442028522491455;0.9176628589630127;0.9622433185577393;1.2695000171661377;0.9672729969024658;0.9590961933135986;1.1704456806182861;1.1555283069610596;0.9979937076568604;1.0992414951324463;3.1268575191497803;2.605365514755249;1.958423376083374;2.3580892086029053;2.0891358852386475;2.176800489425659;2.001983404159546;2.0333049297332764;2.0538218021392822;1.6423532962799072;1.8029825687408447;2.1620867252349854,3.1268575191497803,21.504846984202242,21.50484698420224;21.504846984202242;21.504846984202242;21.50484698420224;21.504846984202235;21.50484698420224;21.504846984202242;21.504846984202242;21.504846984202235;21.50484698420224;21.504846984202242;21.50484698420224;21.50484698420224;21.50484698420224;21.50484698420224;21.504846984202242;21.50484698420224;21.50484698420224;21.50484698420224;21.50484698420224;21.50484698420224;21.504846984202235;21.50484698420224;21.50484698420224,9.505264753561864,8.995932157285983;9.016939376475664;9.038044937046722;9.059249531169563;9.080553857525604;9.101958621384023;9.123464534679568;9.145072316091504;9.166782691123665;9.188596392185657;9.210514158675215;9.232536737061755;9.254664880971115;9.276899351271517;9.299240916160786;9.32169035125482;9.344248439677337;9.366915972150954;9.389693747089568;9.412582570692107;9.435583257037637;9.458696628181888;9.481923514255195;9.505264753561864
513,Li_JVASP-42034_LiCa2Rh.json,0.3905431032180786,0.10875332355499268;-0.07414376735687256;1.4417701959609985;1.7305947542190552;0.10571932792663574;0.23212504386901855;-0.2650618553161621;-0.1554121971130371,1.7305947542190552,62.71166079303403,62.71166079303403;62.71166079303402;62.71166079303403;62.71166079303403;62.71166079303403;62.71166079303402;62.71166079303403;62.71166079303402,18.21454416280667,17.63232152281622;17.713206885503734;17.794837764607966;17.877224514931065;17.96037768393031;18.044308016219528;18.12902645819739;18.21454416280667
514,Ca_JVASP-14561_CaGa4.json,2.087986946105957,2.221407651901245;2.201131582260132;1.985788106918335;1.8646752834320068;1.9030325412750244;1.843604326248169;2.3520219326019287;2.3322341442108154,2.3520219326019287,54.43751372410867,54.437513724108655;54.43751372410866;54.43751372410866;54.43751372410866;54.43751372410867;54.43751372410867;54.43751372410866;54.43751372410866,11.80050904983463,10.503135624475306;10.670730355638616;10.843760311567351;11.022494253037438;11.207218957347646;11.398240753735529;11.595887218538856;11.80050904983463
515,Ca_JVASP-18517_Ca2AuN.json,8.610215187072754,2.872069835662842;3.934645652770996;5.268972158432007;4.799200773239136;5.613671779632568;4.606614589691162;5.465594530105591;4.988011121749878;4.936943292617798;5.548163652420044;5.45662260055542;6.9046430587768555;8.647026538848877;7.7467474937438965;7.0448077917099;6.392293572425842;6.808037042617798;9.084129571914673;5.188754618167877;5.633999764919281;6.285847783088684;19.62956416606903;27.45238947868347;36.336413621902466,36.336413621902466,47.08053193530678,47.08053193530678;47.08053193530678;47.08053193530678;47.08053193530677;47.08053193530678;47.08053193530677;47.08053193530677;47.08053193530678;47.08053193530677;47.08053193530677;47.080531935306766;47.08053193530678;47.08053193530677;47.08053193530677;47.08053193530677;47.08053193530677;47.080531935306766;47.08053193530677;47.08053193530677;47.08053193530677;47.08053193530677;47.08053193530677;47.08053193530678;47.080531935306766,10.421466330223573,7.671701260970062;7.7607323386237965;7.851854113247477;7.94514110284297;8.040671409352294;8.13852693674162;8.238793625206046;8.341561702902748;8.446925956762318;8.554986024086796;8.66584670681989;8.779618310573037;8.89641701071263;9.016365248062456;9.139592157054572;9.266234029475974;9.396434817312176;9.530346678587973;9.668130570556807;9.809956895100724;9.956006201782136;10.106469954646311;10.261551369622277;10.421466330223573
516,K_JVASP-106540_KCa3.json,1.0919420719146729,-0.3365499973297119;-0.3913905620574951;1.312981367111206;2.0448687076568604;0.22137975692749023;2.1318182945251465;2.513749122619629;1.2386798858642578,2.513749122619629,30.60592105518882,30.605921055188816;30.605921055188816;30.60592105518882;30.605921055188812;30.605921055188816;30.605921055188816;30.60592105518882;30.605921055188816,26.77550109240115,21.026403121896116;21.691766641793553;22.400616017252794;23.157358393548012;23.967017270242433;24.835344154005377;25.768955394972128;26.77550109240115
517,Li_JVASP-155671_Li2CaAs2.json,1.4853885173797607,1.0753681659698486;1.060213327407837;1.4401476383209229;1.6941797733306885;1.4578604698181152;1.6341133117675781;1.8106944561004639;1.5667321681976318;2.294318675994873;1.5043134689331055;1.815920352935791;1.4735603332519531;1.2878978252410889;1.104400396347046;0.99094557762146;1.5555503368377686,2.294318675994873,58.29515281083322,58.29515281083321;58.29515281083321;58.295152810833216;58.29515281083322;58.2951528108332;58.29515281083321;58.29515281083321;58.295152810833216;58.2951528108332;58.29515281083321;58.295152810833216;58.295152810833216;58.29515281083322;58.295152810833216;58.295152810833216;58.295152810833216,17.55965093940323,16.438334482181283;16.50861447106496;16.579497986389672;16.65099283581619;16.72310696226272;16.795848446846588;16.869225511903043;16.9432465240835;17.01791999753578;17.093254597168766;17.16925914200416;17.245942608618087;17.323314134675318;17.40138302255907;17.480158743099377;17.55965093940323
518,Ca_JVASP-70314_CaBe2Tl.json,0.867250919342041,-0.045438408851623535;-0.024905920028686523;0.20035815238952637;0.29127824306488037;0.7160277366638184;1.1028289794921875;0.6830700039863586;0.9349784255027771;1.2702502608299255;1.0618014931678772;1.6461029052734375;1.6935038566589355;0.3041435480117798;0.18551194667816162;1.0502564907073975;0.7910764217376709;1.8529220819473267;1.8967503309249878,1.8967503309249878,33.95587673069637,33.95587673069637;33.95587673069636;33.95587673069636;33.95587673069636;33.95587673069636;33.95587673069635;33.95587673069637;33.95587673069637;33.95587673069636;33.95587673069636;33.95587673069636;33.95587673069637;33.95587673069636;33.95587673069637;33.95587673069636;33.95587673069636;33.95587673069636;33.95587673069636,6.628425489555251,5.6725809860929965;5.721110763914856;5.770478065880158;5.820704761617297;5.871813488860199;5.923827687468799;5.976771635273882;6.030670485861401;6.085550308419876;6.1414381297834435;6.198361978813062;6.2563509332689575;6.315435169339032;6.375646014000459;6.437016000405384;6.4995789264964685;6.563369917074169;6.628425489555251
519,K_JVASP-101570_K3Ca.json,0.492428461710612,3.517594814300537;-0.09898614883422852;0.019523143768310547;0.1322798728942871;0.3087751865386963;0.5006701946258545;0.11450338363647461;0.27885961532592773;-0.10316085815429688;-0.13999271392822266;0.4580378532409668;0.1333327293395996;1.395716667175293;0.11245393753051758;1.821986198425293;0.8058981895446777;-0.83516526222229;-0.7850863933563232;-0.31090545654296875;-0.5022764205932617;0.5632750988006592;-0.6333348751068115;2.0219597816467285;3.0423245429992676,3.517594814300537,23.036288653630265,23.036288653630262;23.036288653630265;23.036288653630265;23.036288653630265;23.036288653630265;23.036288653630265;23.036288653630262;23.036288653630265;23.036288653630262;23.036288653630265;23.036288653630265;23.036288653630265;23.036288653630265;23.036288653630265;23.036288653630262;23.036288653630265;23.036288653630262;23.036288653630265;23.036288653630265;23.036288653630265;23.036288653630265;23.036288653630265;23.036288653630262;23.036288653630265,74.50603246201614,21.28819618967998;21.970500135800606;22.697989087199254;23.475305265991697;24.30774935480197;25.201401535255147;26.163270244723474;27.201476350700524;28.32548298737758;29.54638483153826;30.877275559511517;32.33371929912467;33.93436211370916;35.70173457029157;37.66331888403446;39.85298831243537;42.312979643389355;45.09664427345683;48.272361676008614;51.92923165669527;56.185565973535354;61.201928852833504;67.20184805175838;74.50603246201614
520,Na_JVASP-52803_NaCaFe2Si4O12.json,3.645031452178955,3.3511929512023926;3.3780035972595215;3.4463415145874023;3.488430976867676;3.6642074584960938;3.8704986572265625;3.8646678924560547;4.0969085693359375,4.0969085693359375,24.940523007580875,24.940523007580875;24.94052300758087;24.940523007580875;24.94052300758087;24.940523007580875;24.940523007580875;24.94052300758087;24.94052300758087,7.299251738785585,6.992772138323257;7.0349697063957715;7.077679644987654;7.120911343043601;7.164674420315343;7.208978734497879;7.253834388632109;7.299251738785585
521,Na_JVASP-71277_Na2CaBe.json,0.3327317237854004,0.3621816635131836;0.6119694709777832;0.6963908672332764;0.07677817344665527;0.3444885015487671;0.053085923194885254;0.9345817565917969;-0.5158891677856445;0.4668058156967163;2.2244168519973755;0.6827914714813232;-0.21882271766662598;0.5635106563568115;0.2806870937347412;0.40682315826416016;0.5325441360473633;-0.6566860675811768;-0.8564865589141846,2.2244168519973755,43.2576129992169,43.257612999216896;43.257612999216896;43.257612999216896;43.25761299921689;43.257612999216896;43.257612999216896;43.257612999216896;43.257612999216896;43.257612999216896;43.257612999216896;43.257612999216896;43.2576129992169;43.257612999216896;43.257612999216896;43.257612999216896;43.257612999216896;43.257612999216896;43.257612999216896,57.662220770699356,31.323773288860817;32.1886468194006;33.102636124296225;34.07004736988464;35.095705260494114;36.18503351240526;37.34415079477457;38.579985720471946;39.90041545081826;41.31443377214212;42.83235622386882;44.46607217070394;46.22935684975914;48.13826072802934;50.211599478786916;52.47157627823213;54.94458007650009;57.662220770699356
522,Ca_JVASP-86159_Ca3SiBr2.json,4.433121681213379,0.5894768238067627;3.2280733585357666;4.793479800224304;6.254767060279846;5.69529128074646;3.5640227794647217;3.982646942138672;2.858943462371826;4.0053551197052;5.17072057723999;7.524678468704224;5.530004501342773,7.524678468704224,56.268894033505894,56.268894033505894;56.26889403350588;56.26889403350589;56.26889403350587;56.26889403350588;56.26889403350589;56.26889403350588;56.26889403350589;56.26889403350588;56.26889403350589;56.26889403350588;56.26889403350589,33.855129982758974,21.74544738875231;22.47631844927938;23.258027794506816;24.09607090426397;24.99676492691752;25.967408209424402;27.01647849699016;28.153881198355307;29.391263119634594;30.742412734353334;32.22377617870115;33.855129982758974
523,Na_JVASP-142417_Na3CaAl3Si3SO16.json,4.552065372467041,2.1545424461364746;2.213798999786377;2.1197047233581543;2.1374611854553223;2.2381296157836914;2.250213623046875;2.23946475982666;2.305112838745117;4.066147327423096;4.783114910125732;5.242861270904541;6.018584728240967;5.3834757804870605;5.842202663421631;6.974292755126953;6.937256813049316;9.075976371765137;8.067959785461426;7.639570713043213;6.186595439910889;4.489745140075684;3.88582706451416;3.7682738304138184;3.2292561531066895,9.075976371765137,15.130295230227173,15.130295230227171;15.130295230227171;15.130295230227173;15.130295230227171;15.13029523022717;15.130295230227171;15.130295230227173;15.130295230227171;15.13029523022717;15.130295230227173;15.130295230227171;15.13029523022717;15.130295230227173;15.130295230227171;15.13029523022717;15.130295230227171;15.130295230227171;15.130295230227171;15.130295230227171;15.130295230227171;15.13029523022717;15.130295230227171;15.130295230227171;15.130295230227171,6.7515710554578146,5.95796263388697;5.988567928839082;6.019489278324619;6.050731603497881;6.0822999282131995;6.114199381718078;6.146435201431497;6.179012735810581;6.211937447308931;6.245214915430017;6.278850839879267;6.312851043818544;6.347221477226966;6.381968220372084;6.417097487395731;6.4526156300189275;6.488529141370537;6.52484465994447;6.561568973690539;6.598709024244235;6.636271911300985;6.674264897140638;6.7126954113083075;6.7515710554578146
524,Ca_JVASP-73980_CaBeGe2.json,1.929532527923584,0.8795362710952759;0.882532000541687;1.104090929031372;1.1120855808258057;1.1614636182785034;1.1115244626998901;1.684441328048706;1.9750027656555176;2.1130555868148804;2.1082353591918945;2.285927653312683;2.4596989154815674;2.6254178285598755;2.751576781272888;2.611811339855194;2.6348407864570618;2.241814970970154;2.988529324531555,2.988529324531555,32.44483889595766,32.44483889595766;32.44483889595766;32.44483889595766;32.44483889595766;32.44483889595766;32.44483889595766;32.44483889595766;32.44483889595766;32.44483889595766;32.44483889595766;32.44483889595766;32.44483889595766;32.44483889595766;32.44483889595766;32.44483889595766;32.44483889595766;32.44483889595766;32.44483889595765,9.513053900015594,7.660491806960365;7.749261395141356;7.840112422540038;7.933118964930231;8.02835865530141;8.125912899981035;8.22586711070755;8.328310954044644;8.433338619667554;8.541049109208673;8.651546547524314;8.764940518439706;8.881346427247891;9.000885892483165;9.123687169764901;9.249885610816897;9.37962416111585;9.513053900015594
525,Ca_JVASP-15287_CaAsAu.json,3.7881133556365967,2.0743162631988525;2.5434482097625732;2.6707504987716675;2.691954731941223;2.7635650634765625;2.749370813369751;3.444188714027405;3.4411650896072388;3.8818864822387695;3.8711514472961426;4.815355062484741;4.617105722427368;5.300682544708252;4.866339445114136;5.990928053855896;4.887605547904968,5.990928053855896,41.0761971786088,41.0761971786088;41.0761971786088;41.0761971786088;41.076197178608794;41.076197178608794;41.076197178608794;41.076197178608794;41.0761971786088;41.0761971786088;41.0761971786088;41.0761971786088;41.0761971786088;41.076197178608794;41.076197178608794;41.0761971786088;41.0761971786088,6.104719568144171,5.3694687165563915;5.412930849663688;5.457102316109064;5.50200062401209;5.547643862464482;5.59405072582969;5.641240539272398;5.689233285591171;5.7380496334325235;5.7877109669701;5.838239417138506;5.889657894517635;5.941990123970144;5.995260681142095;6.049495030944759;6.104719568144171
526,Ca_JVASP-15698_CaP2Pd2.json,2.855694532394409,2.1498219966888428;2.4418065547943115;2.12469220161438;2.4254915714263916;2.434525489807129;2.854355812072754;3.5803334712982178;4.834529161453247,4.834529161453247,65.20762046103141,65.2076204610314;65.2076204610314;65.2076204610314;65.2076204610314;65.20762046103141;65.2076204610314;65.20762046103141;65.20762046103141,11.973616190910025,10.640050798762232;10.8120792034648;10.989761736695272;11.17338181083083;11.363242101442978;11.559666212207885;11.763000515531136;11.973616190910025
527,Ca_JVASP-98052_Ca2BClO3.json,9.832722187042236,5.565152645111084;7.3661789894104;9.862858772277832;10.851874351501465;11.053910255432129;11.704700469970703;9.25844955444336;10.721545219421387;10.442997455596924;8.841835498809814;8.27259874343872;7.711218357086182;8.680782318115234;9.964694023132324;10.358411312103271;8.34144926071167;9.326451301574707;8.691237449645996;9.377616882324219;10.44125747680664;10.445069313049316;12.034926414489746;13.068588256835938;13.60152816772461,13.60152816772461,35.539517026923896,35.53951702692389;35.539517026923896;35.53951702692389;35.539517026923896;35.539517026923896;35.539517026923896;35.539517026923896;35.53951702692389;35.53951702692389;35.539517026923896;35.53951702692389;35.539517026923896;35.539517026923896;35.539517026923896;35.53951702692389;35.53951702692389;35.539517026923896;35.53951702692389;35.539517026923896;35.53951702692389;35.53951702692389;35.53951702692389;35.539517026923896;35.53951702692389,22.88330174910214,12.805181913886237;13.055167778427036;13.315108554420366;13.585610957340858;13.867332027829528;14.16098446008266;14.46734262188554;14.78724937334831;15.121623810767574;15.471470085436533;15.837887475612836;16.222081924437305;16.62537929891866;17.0492406771324;17.495280035066376;17.965284784372937;18.46123971194833;18.985354997385485;19.54009914237639;20.128237846979708;20.752880124602626;21.41753327853873;22.126168792459346;22.88330174910214
528,Li_JVASP-118836_LiCaAs.json,0.6127142906188965,0.7557346820831299;0.5568745136260986;0.6485812664031982;0.6221721768379211;0.603848397731781;0.23184192180633545;1.0042141675949097;1.0126463174819946;0.07851517200469971,1.0126463174819946,59.20018090712609,59.200180907126075;59.20018090712608;59.20018090712608;59.20018090712608;59.20018090712608;59.20018090712608;59.20018090712608;59.20018090712609;59.20018090712607,25.72273666451661,24.421254065149668;24.57669114153806;24.734119552875313;24.893577812940592;25.05510543513462;25.218742965122814;25.38453201476608;25.552515297398735;25.72273666451661
529,Ca_JVASP-61086_CaSiBHO5.json,10.06041431427002,5.882296085357666;5.980376720428467;6.220251083374023;6.417398452758789;8.246875286102295;8.308833599090576;12.134859561920166;12.535080432891846;12.326826095581055;12.369706153869629;11.795258522033691;11.811071395874023;12.805116653442383;12.309807777404785;10.91908311843872;10.903788089752197,12.805116653442383,30.971839606635747,30.971839606635744;30.97183960663574;30.971839606635744;30.971839606635747;30.97183960663574;30.971839606635747;30.971839606635744;30.97183960663574;30.971839606635744;30.971839606635747;30.97183960663574;30.97183960663574;30.971839606635747;30.971839606635744;30.97183960663574;30.971839606635747,13.684690900705935,10.4706741383108;10.637226304257098;10.809162650254022;10.986748549620739;11.17026710646486;11.36002066168052;11.556332455096776;11.759548462997497;11.970039432986237;12.188203141373519;12.414466902003127;12.649290359809712;12.893168607535047;13.146635670073819;13.410268408054108;13.684690900705935
530,Ca_JVASP-71026_CaMgBe2.json,2.2373783588409424,1.8776949644088745;1.4381380081176758;0.7964610457420349;4.781704127788544;2.376664936542511;1.2373608946800232;3.7155399322509766;2.550955057144165;2.1521376371383667;1.9663788080215454;2.09131121635437;1.8641936779022217,4.781704127788544,50.385704736294976,50.38570473629497;50.38570473629496;50.385704736294976;50.385704736294976;50.38570473629497;50.38570473629497;50.385704736294976;50.385704736294976;50.38570473629497;50.38570473629497;50.38570473629497;50.385704736294976,48.90510257473745,27.102635877208648;28.247458359467576;29.49326149798937;30.85402243796823;32.34642260652926;33.99053498245301;35.81073218615439;37.83690284796167;40.106105673901666;42.664856683281464;45.572351660725076;48.90510257473745
531,K_JVASP-75006_KCa2Be.json,-0.39443182945251465,0.07026529312133789;-0.4621899127960205;-0.0882866382598877;-0.23585033416748047;-0.36188340187072754;-0.3029000759124756;-0.8746509552001953;-0.899958610534668,0.07026529312133789,41.71654310977661,41.71654310977661;41.71654310977661;41.71654310977661;41.7165431097766;41.7165431097766;41.71654310977661;41.7165431097766;41.7165431097766,35.6192488108189,26.11894485528097;27.15356656132885;28.273535762563842;29.489867444509056;30.815557266792464;32.266047715494224;33.859832409348456;35.6192488108189
532,Ca_JVASP-15608_CaFe2P2.json,2.8926339149475098,2.7873334884643555;2.315481185913086;1.9926395416259766;2.21956729888916;1.9226808547973633;2.047534942626953;2.9625091552734375;2.2464427947998047;2.86221981048584;2.887312889099121;3.567023754119873;3.495940685272217;2.610011100769043;2.766592025756836;3.51253080368042;3.3652453422546387;4.108586311340332;4.397758483886719,4.397758483886719,33.825439483001496,33.82543948300149;33.82543948300149;33.825439483001496;33.82543948300149;33.82543948300149;33.82543948300148;33.82543948300149;33.82543948300149;33.82543948300148;33.82543948300149;33.82543948300149;33.82543948300149;33.82543948300148;33.82543948300149;33.82543948300149;33.82543948300148;33.82543948300149;33.82543948300149,8.466602108237959,6.967070799818898;7.040420111177238;7.115330298322553;7.191851720309062;7.270036926076525;7.349940774793697;7.431620564226047;7.515136167758951;7.600550180764984;7.687928077067279;7.7773383763208574;7.868852823211215;7.962546579455144;8.058498429683642;8.156791002392241;8.25751100726108;8.360749490277367;8.466602108237959
533,Ca_JVASP-85756_Ca3In2As4.json,4.400815725326538,2.3749043941497803;2.350964307785034;2.9609804153442383;2.7898221015930176;3.4893925189971924;3.7775750160217285;3.687129020690918;3.7599518299102783;2.3360522985458374;2.4840983152389526;2.9634811878204346;3.106166362762451;3.184950590133667;3.777164936065674;3.760331153869629;3.7293765544891357;6.561293005943298;6.893571257591248;7.6404664516448975;9.276528358459473;4.562310576438904;5.6869202852249146;6.592961311340332;7.873185157775879,9.276528358459473,23.836002672403385,23.83600267240338;23.836002672403378;23.83600267240338;23.836002672403378;23.836002672403378;23.836002672403378;23.83600267240338;23.83600267240338;23.836002672403385;23.83600267240338;23.83600267240338;23.83600267240338;23.83600267240338;23.836002672403378;23.836002672403374;23.83600267240338;23.83600267240338;23.836002672403378;23.836002672403378;23.836002672403378;23.836002672403378;23.836002672403374;23.83600267240338;23.83600267240338,6.269855126888563,5.157650929371012;5.197738860544677;5.238454841524998;5.2798137481412555;5.321830929754903;5.36452222825275;5.407903997961718;5.451993126537736;5.496807056884853;5.542363810164329;5.58868200995746;5.635780907650199;5.683680409112267;5.7324011027484465;5.78196428900507;5.832392011420566;5.883707089315162;5.935933152221583;5.989094676165898;6.043217021915533;6.098326475320051;6.154450289879509;6.211616731685205;6.269855126888563
534,Na_JVASP-118851_NaCaAs.json,2.0096561908721924,1.462664008140564;0.3702162504196167;0.352200984954834;0.8586142063140869;2.29749071598053;2.407063364982605;3.8122692108154297;4.516730785369873,4.516730785369873,67.39581532450309,67.39581532450308;67.39581532450308;67.39581532450308;67.39581532450309;67.39581532450308;67.39581532450309;67.39581532450309;67.39581532450308,28.421912076197316,24.27857441206857;24.794945787208118;25.33375947517945;25.896511043201688;26.484831964598524;27.10050541534553;27.745484326318604;28.421912076197316
535,Ca_JVASP-22715_KCaBi.json,2.683458924293518,1.3405022621154785;1.5561813116073608;1.494985580444336;1.817118763923645;5.119616329669952;3.837638795375824;3.1407920122146606;3.160836338996887,5.119616329669952,46.05100233234502,46.051002332345014;46.051002332345014;46.05100233234502;46.051002332345014;46.051002332345014;46.05100233234501;46.05100233234502;46.051002332345014,13.237210825459986,11.62626157968525;11.831966299262234;12.04508124098067;12.266014163493594;12.495203301157993;12.73312026542295;12.980273284117784;13.237210825459986
536,Ca_JVASP-92296_CaCo2Si2.json,1.9170100688934326,0.9847986698150635;1.1779415607452393;0.6927094459533691;0.7617506980895996;0.6571941375732422;1.091278076171875;1.225679874420166;1.3756461143493652;1.5759062767028809;2.180077075958252;1.9701013565063477;2.6679039001464844;2.3075332641601562;2.232302665710449;2.543292999267578;3.0279035568237305;4.151520729064941;3.882640838623047,4.151520729064941,32.71494235770332,32.714942357703315;32.714942357703315;32.714942357703315;32.714942357703315;32.714942357703315;32.714942357703315;32.71494235770332;32.714942357703315;32.71494235770332;32.714942357703315;32.714942357703315;32.71494235770332;32.714942357703315;32.714942357703315;32.714942357703315;32.714942357703315;32.71494235770332;32.714942357703315,8.447395081480774,6.95405961583796;7.02713378282701;7.101760004800289;7.177988259696871;7.255870694533544;7.335461744369968;7.4168182591903955;7.499999639323436;7.585067980077774;7.672088226333945;7.7611283379010105;7.852259466522928;7.9455561455035495;8.041096493012338;8.138962430236354;8.23923991565892;8.342019196873139;8.447395081480774
537,Li_JVASP-79042_LiCa3.json,0.43356966972351074,1.0245873928070068;1.5355079174041748;0.03948557376861572;-0.04214012622833252;0.004499197006225586;0.16915011405944824;0.11390471458435059;0.6235625743865967,1.5355079174041748,38.14193257874639,38.141932578746385;38.14193257874639;38.14193257874639;38.141932578746385;38.141932578746385;38.141932578746385;38.14193257874639;38.141932578746385,27.664246207587126,26.34311122578249;26.524066153214637;26.70752429065658;26.89353794148481;27.082160876434475;27.273448385420814;27.467457331572415;27.664246207587126
538,Ca_JVASP-52901_Ca4H12Rh3.json,5.027810990810394,0.7984511852264404;1.4100267887115479;1.3422129154205322;1.597313642501831;1.3969073295593262;1.6366524696350098;1.526951789855957;1.5733957290649414;3.617262601852417;3.0124170780181885;3.1050002574920654;2.4211533069610596;2.846020460128784;3.3535711765289307;2.9470155239105225;2.9446375370025635;3.836090326309204;4.333207845687866;3.9987106323242188;3.8027992248535156;3.827514886856079;4.2502710819244385;3.5993411540985107;3.36279559135437;10.346749782562256;9.542960166931152;12.10220980644226;11.915916204452515;12.03903865814209;12.661590576171875;11.882226467132568;13.85953950881958,13.85953950881958,28.785511195998673,28.785511195998662;28.785511195998666;28.785511195998666;28.78551119599867;28.785511195998666;28.785511195998666;28.78551119599867;28.785511195998666;28.78551119599867;28.78551119599867;28.785511195998666;28.78551119599867;28.78551119599867;28.78551119599867;28.785511195998666;28.785511195998666;28.78551119599867;28.785511195998666;28.785511195998666;28.78551119599867;28.785511195998662;28.785511195998666;28.785511195998673;28.78551119599867;28.785511195998666;28.785511195998662;28.78551119599867;28.78551119599867;28.785511195998666;28.78551119599867;28.785511195998666;28.78551119599867,10.282270696288514,6.9632500188182105;7.0365184788587065;7.11134522093259;7.18778049195061;7.2658767225820995;7.345688647192302;7.427273431772201;7.510690810489198;7.596003231544101;7.683276013082884;7.772577509981267;7.863979292397149;7.957556337071077;8.053387232449445;8.151554398809834;8.252144324684394;8.355247821006687;8.460960294551644;8.569382042399287;8.680618569332502;8.794780930280165;8.911986100142066;9.032357373584421;9.156024797678446;9.283125640573388;9.413804899754808;9.548215853844585;9.686520662357422;9.828891018347937;9.975508859471068;10.126567143647629;10.282270696288514
539,K_JVASP-69638_KCaBe2.json,-0.324022114276886,-0.8488719463348389;-0.8894033432006836;0.7217730283737183;2.245921492576599;-0.743421733379364;-0.3414981961250305;-0.8135533928871155;-1.9231228232383728,2.245921492576599,66.4230050311838,66.42300503118379;66.4230050311838;66.4230050311838;66.4230050311838;66.4230050311838;66.42300503118379;66.42300503118379;66.4230050311838,53.18627886263014,34.466690167249155;36.291437895123345;38.32019947888655;40.589215123736544;43.143848684507155;46.04165166435032;49.35675090090449;53.18627886263014
540,Ca_JVASP-96855_Ba2CaV2CuF14.json,7.461130380630493,7.0533881187438965;7.087798595428467;7.40556263923645;7.5351808071136475;7.371252536773682;7.467646598815918;7.802305221557617;7.965908527374268,7.965908527374268,19.831348240047706,19.831348240047706;19.831348240047703;19.831348240047703;19.831348240047703;19.831348240047706;19.831348240047703;19.831348240047703;19.831348240047703,4.711467661484039,4.490030362972146;4.520381263832609;4.551145278321918;4.5823308987232405;4.613946851690966;4.646002106392143;4.678505882989661;4.711467661484039
541,Ca_JVASP-69533_Ca4TaBe.json,1.1778455078601837,3.619637668132782;1.5299354195594788;1.0469462871551514;1.3752803802490234;-0.32877326011657715;-0.6664985418319702;-0.6208446025848389;-0.30052435398101807;-0.16534662246704102;-0.29508960247039795;1.8696861267089844;2.106939911842346;1.9633408784866333;2.5685430765151978;0.4997749328613281;1.035430908203125;0.1292499303817749;-0.19019997119903564;-0.9345305562019348;-0.640652596950531;0.06446754932403564;0.6649696826934814;0.5421067476272583;4.6151299476623535;-0.4831203818321228;-0.6754699349403381;-0.19365698099136353;0.09214955568313599;2.7581395506858826;1.7846090197563171;7.769025027751923;7.150401055812836,7.769025027751923,32.41679165454446,32.41679165454445;32.416791654544454;32.416791654544454;32.416791654544454;32.416791654544454;32.41679165454446;32.416791654544454;32.41679165454445;32.416791654544454;32.416791654544454;32.416791654544454;32.416791654544454;32.416791654544454;32.416791654544454;32.416791654544454;32.416791654544454;32.416791654544454;32.416791654544454;32.416791654544454;32.416791654544454;32.416791654544454;32.41679165454445;32.41679165454446;32.416791654544454;32.416791654544454;32.416791654544454;32.416791654544454;32.416791654544454;32.416791654544454;32.416791654544454;32.416791654544454;32.41679165454446,17.18309688957842,9.564522934001195;9.703303991484853;9.846171768543181;9.993309476651474;10.144911444811328;10.301183975824244;10.462346282943784;10.628631515848825;10.800287886035965;10.97757990305507;11.160789734537495;11.350218704724494;11.546188948235164;11.749045238165756;11.959157010343759;12.176920608739135;12.402761780744784;12.637138455378945;12.880543842555245;13.133509897559458;13.396611201945777;13.670469320440779;13.955757703391527;14.253207216150937;14.563612390974189;14.887838514021688;15.226829680574353;15.58161797637805;15.953333973172171;16.343218763224538;16.752637802751508;17.18309688957842
542,Ca_JVASP-91381_Ca4Fe9O17.json,7.035084247589111,5.312740325927734;5.669710159301758;5.634259223937988;5.696793556213379;5.872827529907227;5.833612442016602;6.031930923461914;6.071146011352539;8.278156757354736;8.148156642913818;8.327888488769531;8.038894653320312;8.529963970184326;8.40979814529419;8.319831848144531;8.385637283325195,8.529963970184326,33.720172269152506,33.7201722691525;33.7201722691525;33.7201722691525;33.7201722691525;33.7201722691525;33.720172269152506;33.7201722691525;33.7201722691525;33.7201722691525;33.720172269152506;33.720172269152506;33.7201722691525;33.72017226915249;33.72017226915249;33.7201722691525;33.720172269152506,8.539699493468037,7.166885875980127;7.244526268527827;7.3238672738047805;7.404965385112374;7.487879625999719;7.572671693525121;7.659406111362727;7.7481503935528035;7.838975219769057;7.931954623059163;8.027166191106652;8.124691282164;8.22461525692005;8.327027727690643;8.432022826461418;8.539699493468037
543,Ca_JVASP-22677_CaO2.json,9.040909767150879,6.578549861907959;7.11915922164917;7.344869375228882;8.288567781448364;7.604766368865967;7.290821552276611;8.74794602394104;9.705644369125366;9.448076009750366;8.51974892616272;12.588017463684082;15.25475025177002,15.25475025177002,101.6782990730287,101.67829907302868;101.67829907302867;101.67829907302868;101.67829907302868;101.67829907302867;101.67829907302865;101.67829907302868;101.67829907302865;101.6782990730287;101.67829907302867;101.67829907302867;101.67829907302868,63.20156071190999,30.98718006477247;32.49280392199334;34.15221227983376;35.99023451056673;38.03734913789297;40.33138734277062;42.919892464566;45.86345042659398;49.2404915272658;53.154382259458195;57.74419134400172;63.20156071190999
544,Ca_JVASP-50476_Ca2Ti6N2O11.json,8.790963172912598,4.669645309448242;4.718944549560547;6.103795051574707;6.266996383666992;7.589116096496582;8.041885375976562;6.962521553039551;6.738901138305664;10.733060836791992;10.792218208312988;16.46902894973755;16.405444622039795,16.46902894973755,28.295537241699048,28.295537241699044;28.295537241699044;28.295537241699044;28.295537241699048;28.295537241699048;28.295537241699044;28.295537241699044;28.29553724169904;28.295537241699044;28.295537241699044;28.295537241699048;28.295537241699048,8.971715272078711,7.817971215911769;7.910450083601489;8.005143008488778;8.102130464754572;8.201496874395971;8.303330852316789;8.407725469906621;8.514778538756401;8.62459291632828;8.737276835587723;8.852944260818397;8.971715272078711
545,Na_JVASP-137261_NaCaAlPHO5F2.json,4.36334228515625,2.3178915977478027;2.616884708404541;2.88857364654541;3.1417856216430664;2.8771328926086426;2.957855701446533;3.130420207977295;3.4180922508239746;5.637890338897705;6.314908504486084;5.952553749084473;6.2802934646606445;5.793328762054443;5.8873820304870605;5.016871452331543;5.581611633300781,6.314908504486084,21.352621112960332,21.352621112960332;21.35262111296033;21.352621112960332;21.35262111296033;21.352621112960332;21.35262111296033;21.35262111296033;21.35262111296033;21.35262111296033;21.352621112960332;21.35262111296033;21.352621112960332;21.35262111296033;21.35262111296033;21.35262111296033;21.352621112960332,7.667313402552955,6.978830818540745;7.02085979216697;7.063398059460095;7.106454934036604;7.150039958000579;7.194162908993687;7.238833807507832;7.28406292447194;7.329860789124964;7.376238197187751;7.423206219347144;7.470776210066267;7.518959816735763;7.5677689891814595;7.617215989544763;7.667313402552955
546,Ca_JVASP-3003_CaZn2P2.json,4.3855791091918945,2.614871859550476;2.554580330848694;3.69486403465271;3.7170560359954834;5.101983547210693;4.943144798278809;5.960602223873138;6.497530043125153,6.497530043125153,57.47848641576411,57.478486415764095;57.478486415764095;57.47848641576411;57.4784864157641;57.4784864157641;57.4784864157641;57.4784864157641;57.478486415764095,16.93935294529734,14.388139779824362;14.704515100289251;15.035116546225234;15.380925724541306;15.743016676369571;16.12256701960603;16.52087074309239;16.93935294529734
547,Ca_JVASP-97528_Ca5MnSi9Pb9O33.json,9.33027286529541,5.987004280090332;8.42182731628418;10.776641845703125;10.826334476470947;10.639556407928467,10.826334476470947,52.33449312024336,52.33449312024335;52.33449312024335;52.33449312024336;52.33449312024335;52.33449312024336,9.779543296857165,9.239093721652551;9.368527597205555;9.501639574558997;9.638588693464976;9.779543296857165
548,Ca_JVASP-72904_CaBe2Si.json,1.7287744283676147,0.3874471187591553;0.39643359184265137;1.5946377515792847;2.966384530067444;1.4117404222488403;1.7499009370803833;1.7607321739196777;3.5629189014434814,3.5629189014434814,98.91919232144164,98.91919232144163;98.91919232144163;98.91919232144164;98.91919232144164;98.91919232144164;98.91919232144164;98.91919232144164;98.91919232144164,65.53619849592152,38.870729760037776;41.269561524167564;43.983945488692505;47.08052872051286;50.64614821108475;54.79610270667136;59.686854284308104;65.53619849592152
549,Ca_JVASP-65247_Ca4BeV.json,0.51685631275177,-1.0700311660766602;-0.1911327838897705;-0.5682435035705566;-0.8819878101348877;-0.9883303642272949;-1.150665283203125;-0.8233668804168701;-0.6293561458587646;-0.7037608623504639;-0.5616137981414795;0.7656961679458618;0.732085108757019;1.261795997619629;0.8387072086334229;-0.1562356948852539;-0.3238680362701416;0.7062585353851318;0.31667113304138184;-0.28001272678375244;-0.3556588888168335;-0.1635894775390625;0.12648272514343262;-0.43864381313323975;1.845007061958313;0.9732521772384644;-0.5451071262359619;-0.6561633944511414;-0.2858983874320984;2.467541217803955;2.0065423250198364;7.505111455917358;7.767917037010193,7.767917037010193,31.91232096731912,31.912320967319115;31.91232096731911;31.912320967319115;31.91232096731911;31.91232096731912;31.91232096731911;31.912320967319115;31.91232096731911;31.91232096731911;31.912320967319108;31.912320967319115;31.912320967319115;31.912320967319108;31.912320967319115;31.912320967319108;31.91232096731911;31.91232096731911;31.91232096731911;31.912320967319104;31.912320967319115;31.91232096731911;31.91232096731911;31.91232096731911;31.912320967319108;31.91232096731912;31.912320967319115;31.912320967319115;31.912320967319115;31.912320967319108;31.91232096731911;31.912320967319108;31.91232096731911,51.570322980148106,15.209746428582955;15.56372983086426;15.934582679550816;16.323540306620067;16.73196167800897;17.161345257382127;17.61334737685609;18.089803589387184;18.592753583116124;19.124470370725057;19.687494634801286;20.284675323987628;20.919217868673364;21.594741738578477;22.315349524377538;23.085710328158456;23.911161044094648;24.797830173140937;25.752790246222336;26.784246876752782;27.901775140570024;29.11661770772801;30.442064403623473;31.893940384770165;33.49124100641324;35.25696751923429;37.219241837053666;39.412815507900866;41.88114570453943;44.679303419862116;47.87813094077798;51.570322980148106
550,Ca_JVASP-65224_Ca4BeZn.json,0.4027228355407715,2.6492748260498047;0.01801776885986328;0.32468509674072266;0.06749343872070312;-0.39366960525512695;-0.2508378028869629;-0.2737922668457031;-0.0943899154663086;-0.43779873847961426;-0.5515391826629639;1.2375233173370361;1.4459521770477295;0.9666304588317871;1.2275071144104004;-0.25896596908569336;-0.020374774932861328;-0.1414048671722412;-0.1006920337677002;-0.6724519729614258;-0.78155517578125;0.19634795188903809;-0.25653624534606934;0.7731583118438721;1.5536563396453857;0.4056839942932129;-0.32523679733276367;-0.18380308151245117;-0.3704562187194824;1.5328059196472168;0.8669381141662598;2.44360089302063;2.2913596630096436,2.6492748260498047,28.556099950512063,28.556099950512056;28.556099950512056;28.55609995051206;28.55609995051206;28.55609995051206;28.556099950512056;28.55609995051206;28.556099950512056;28.55609995051206;28.556099950512056;28.556099950512056;28.556099950512063;28.55609995051206;28.55609995051206;28.556099950512053;28.556099950512056;28.556099950512056;28.556099950512056;28.556099950512053;28.55609995051206;28.556099950512063;28.55609995051206;28.556099950512056;28.556099950512053;28.55609995051206;28.55609995051206;28.55609995051206;28.55609995051206;28.55609995051206;28.556099950512056;28.556099950512056;28.556099950512056,42.17733678535823,14.272311829091503;14.58355876443152;14.908683531512285;15.248635468840352;15.6044525237246;15.977271837419424;16.36834188480082;16.77903644160652;17.210870708486397;17.665519990689194;18.144841418783223;18.65089930410988;19.185994858935175;19.752701183755157;20.35390464395199;20.99285403982131;21.67321933801904;22.399162206240785;23.17542121448024;24.00741538856261;24.901370899592568;25.864477153084724;26.905080557621773;28.032927029578747;29.25946816055759;30.598251437991646;32.06542273108075;33.68038062134082;35.466638949932246;37.45297921131212;39.67501316650768;42.17733678535823
551,Ca_JVASP-62875_CaNi12B6.json,1.8989462852478027,1.5718133449554443;1.3894588947296143;1.7676501274108887;1.909656047821045;1.7069602012634277;2.007847309112549;2.166902542114258;2.6712818145751953,2.6712818145751953,28.56755791247528,28.567557912475273;28.56755791247528;28.567557912475277;28.567557912475277;28.567557912475277;28.567557912475277;28.567557912475277;28.567557912475277,4.327305734104458,4.139788571230194;4.165575547382499;4.191685794259771;4.2181254290857275;4.2449007244047126;4.272018113042813;4.2994841932603585;4.327305734104458
552,Ca_JVASP-66321_BaCaTi.json,-0.33467185497283936,-0.6940818428993225;-0.516044557094574;-0.5486069917678833;-0.48913872241973877;-0.42170387506484985;-0.4149518609046936;0.4777024984359741;-0.07054948806762695,0.4777024984359741,43.73007320264531,43.73007320264531;43.7300732026453;43.7300732026453;43.7300732026453;43.7300732026453;43.73007320264529;43.7300732026453;43.7300732026453,17.613665188719406,14.87173359378391;15.209983418124935;15.56397797999507;15.934842795477556;16.323813276319544;16.732248478330508;17.161646966725606;17.613665188719406
553,Ca_JVASP-70778_CaBeSi2.json,2.224604606628418,0.8743922710418701;1.2674267292022705;1.668762445449829;1.9009921550750732;1.9401648044586182;2.210944414138794;1.3878166675567627;1.4242956638336182;2.248863458633423;2.520878553390503;2.412907600402832;2.6043033599853516;1.969865083694458;2.2519900798797607;1.9554381370544434;2.244223117828369;4.436907768249512;4.722710609436035,4.722710609436035,35.84913561279399,35.84913561279399;35.84913561279399;35.84913561279399;35.84913561279399;35.84913561279399;35.84913561279399;35.84913561279398;35.84913561279399;35.84913561279399;35.84913561279399;35.84913561279398;35.84913561279399;35.84913561279399;35.84913561279399;35.84913561279399;35.84913561279398;35.84913561279399;35.84913561279398,22.088369436259313,14.14549179894631;14.451172757259792;14.77035691288593;15.103959212776775;15.452979173696821;15.81851088448467;16.201754462295746;16.604029215533235;17.02678881764831;17.471638859568216;17.940357227438742;18.434917850877834;18.957518490580828;19.510613390227768;20.096951815976354;20.719623760462603;21.38211441485842;22.088369436259313
554,Ca_JVASP-16935_CaNi2N2.json,5.301059246063232,4.132566452026367;4.37313175201416;4.752751350402832;4.768697738647461;4.748115301132202;5.122008562088013;5.073495149612427;4.908041715621948;5.311321020126343;5.141737222671509;5.819786548614502;5.7269439697265625;5.5440993309021;5.075771331787109;5.872878074645996;5.809055328369141;6.375290870666504;6.863374710083008,6.863374710083008,33.89131844307682,33.89131844307682;33.89131844307682;33.89131844307682;33.89131844307681;33.89131844307682;33.89131844307681;33.89131844307681;33.89131844307682;33.89131844307682;33.89131844307682;33.89131844307681;33.89131844307682;33.89131844307681;33.89131844307682;33.89131844307681;33.89131844307681;33.89131844307681;33.89131844307682,10.086052363103374,8.027742272290734;8.125281446954762;8.225220028160342;8.327647654427413;8.43265848560817;8.540351491595455;8.65083076343981;8.76420584893094;8.880592114917759;9.000111138886039;9.122891132587599;9.249067400824114;9.378782838836734;9.512188472145562;9.649444043126566;9.790718649115915;9.936191437400899;10.086052363103374
555,Ca_JVASP-67868_CaBeHg2.json,1.8283801078796387,1.0362091064453125;1.193232536315918;1.7962112426757812;3.1928224563598633;1.9280171394348145;1.6776552200317383;1.756596565246582;2.0462965965270996,3.1928224563598633,66.3703901972981,66.3703901972981;66.37039019729808;66.3703901972981;66.3703901972981;66.37039019729808;66.3703901972981;66.3703901972981;66.3703901972981,8.068809203274345,7.440388691203382;7.524102591130057;7.609721704278675;7.697311819327895;7.786941789214359;7.878683711640595;7.972613122494983;8.068809203274345
556,Ca_JVASP-70725_CaBe2Ni.json,2.483284652233124,0.8972303867340088;1.1521494388580322;1.5236024856567383;3.258852958679199;2.0526864528656006;2.115513801574707;2.2667298316955566;6.5995118618011475,6.5995118618011475,100.18730773312254,100.18730773312254;100.18730773312252;100.18730773312254;100.18730773312254;100.18730773312254;100.18730773312251;100.18730773312252;100.18730773312252,40.99213356886016,28.684132501063043;29.969627239225908;31.375748173197827;32.920309819582585;34.62481620549948;36.515468177949515;38.624519792771984;40.99213356886016
557,Ca_JVASP-70869_KCaBe2.json,1.7419102191925049,1.1509273052215576;1.0774481296539307;1.1273083686828613;4.096220016479492;1.7004632949829102;1.0586881637573242;3.536111354827881;1.826131820678711;0.9262398481369019;1.9560304880142212;1.8934268951416016;0.553926944732666,4.096220016479492,37.17031128446538,37.17031128446537;37.17031128446537;37.17031128446536;37.17031128446537;37.17031128446536;37.17031128446537;37.17031128446536;37.17031128446537;37.17031128446537;37.17031128446537;37.17031128446537;37.17031128446538,36.939539029944676,22.97779344483277;23.795408204135708;24.673355860940642;25.61857031517258;26.63909031897751;27.744288666389593;28.94516090389902;30.25469241175405;31.68832985151961;33.26459332011688;35.0058807688581;36.939539029944676
558,Ca_JVASP-67991_CaBeTl2.json,1.2952935695648193,0.928612470626831;0.7886896133422852;0.8523310422897339;0.7227920293807983;0.9294447898864746;0.9641003608703613;1.360495924949646;1.1473242044448853;1.356109380722046;1.3031790256500244;1.9551589488983154;1.7631843090057373;1.6276030540466309;1.4654946327209473;1.7179734706878662;1.6007373332977295;1.3333323001861572;1.4987213611602783,1.9551589488983154,25.448192491745694,25.44819249174569;25.448192491745687;25.44819249174569;25.44819249174569;25.44819249174569;25.448192491745687;25.44819249174569;25.448192491745694;25.448192491745694;25.44819249174569;25.44819249174569;25.44819249174569;25.448192491745694;25.448192491745694;25.44819249174569;25.448192491745694;25.44819249174569;25.448192491745694,3.545124439118452,3.2520457166197336;3.267937683475763;3.2839857335281306;3.300192177584918;3.3165593722957114;3.3330897212940194;3.349785676374017;3.3666497387028427;3.383684460069692;3.4008924441730306;3.4182763479472866;3.4358388829304336;3.453582816673958;3.4715109741967365;3.4896262394844384;3.507931557036118;3.5264299334597387;3.545124439118452
559,Ca_JVASP-74240_Ca2MgBe.json,1.3104772567749023,0.06792974472045898;-0.0590972900390625;0.9050006866455078;2.9772958755493164;0.7941105365753174;1.3071010112762451;0.8941985368728638;1.1929000616073608;0.6736710071563721;0.3112175464630127;0.9490842819213867;1.2847809791564941;1.3948159217834473;1.6650981903076172;2.782775640487671;3.8267533779144287,3.8267533779144287,59.0073182883989,59.0073182883989;59.00731828839889;59.0073182883989;59.00731828839889;59.00731828839889;59.007318288398885;59.00731828839889;59.00731828839889;59.007318288398885;59.00731828839889;59.00731828839889;59.0073182883989;59.00731828839889;59.00731828839889;59.007318288398885;59.00731828839889,87.41073170528986,29.524025951249772;30.88769282294966;32.3834309748288;34.03140348090616;35.856097826584374;37.887550921886486;40.163015548496475;42.729265681129455;45.64584593766507;48.989749310041475;52.862313499662044;57.39966887085584;62.789072316660295;69.2953964035834;77.3059914955854;87.41073170528986
560,Ca_JVASP-16120_Ca3AuN.json,6.345805724461873,2.3839454650878906;1.6880650520324707;2.7069802284240723;1.553370475769043;2.7265737056732178;2.0714399814605713;2.2835488319396973;2.189086437225342;8.786093473434448;5.347947359085083;4.3529804944992065;5.145113110542297;5.580223321914673;3.7578885555267334;4.458407282829285;3.9445945024490356;9.944744110107422;10.244397401809692;4.343135178089142;7.8560609221458435;2.927315354347229;9.10128915309906;11.165324449539185;37.74081254005432,37.74081254005432,50.27917786691579,50.279177866915774;50.27917786691579;50.27917786691579;50.279177866915774;50.27917786691578;50.27917786691579;50.27917786691578;50.279177866915774;50.27917786691578;50.27917786691578;50.279177866915774;50.27917786691577;50.27917786691579;50.27917786691578;50.279177866915774;50.27917786691578;50.27917786691578;50.279177866915774;50.27917786691578;50.27917786691578;50.279177866915774;50.27917786691578;50.279177866915774;50.27917786691578,15.511335963587438,10.11507138793771;10.27041891798965;10.430612537237957;10.595882600361566;10.766474296705647;10.942648863998746;11.124684923214442;11.312879948923207;11.507551891455092;11.70904096947992;11.917711654264453;12.133954869951994;12.35819043780907;12.590869796592994;12.832479036130195;13.083542287000306;13.344625516068946;13.61634078571466;13.899351044213963;14.19437552620414;14.502195855835211;14.823662961645525;15.159704931969467;15.511335963587438
561,Ca_JVASP-69890_CaYBe2.json,0.7621054649353027,0.1358940601348877;1.0968470573425293;0.9451017379760742;0.9594075679779053;0.8440196514129639;1.5764973163604736;-0.07638931274414062;0.17481422424316406;1.2027568817138672,1.5764973163604736,61.27534182614835,61.27534182614834;61.27534182614834;61.27534182614834;61.27534182614835;61.27534182614834;61.27534182614835;61.27534182614834;61.27534182614834;61.27534182614834,26.735980188112766,20.256979473655736;20.889763418555944;21.56335571357035;22.28183549762806;23.04984430760516;23.872686461809298;24.756451740604188;25.708166364371433;26.735980188112766
562,Ca_JVASP-93319_CaMg2.json,0.803368091583252,1.261124849319458;0.9360730648040771;0.7803430557250977;0.4212164878845215;0.6824841499328613;0.5046176910400391;0.25092411041259766;-0.0021920204162597656;-0.5055532455444336;4.578807353973389;1.3977880477905273;1.8927698135375977;0.6226437091827393;0.897784948348999;0.39915895462036133;0.21410083770751953;0.031294822692871094;0.09723901748657227,4.578807353973389,28.09543012803449,28.09543012803448;28.095430128034486;28.09543012803448;28.095430128034486;28.09543012803449;28.095430128034483;28.09543012803449;28.095430128034486;28.095430128034486;28.095430128034483;28.095430128034486;28.095430128034483;28.095430128034483;28.095430128034486;28.095430128034483;28.095430128034483;28.095430128034483;28.095430128034486,29.289379865660003,16.788868693942753;17.22121572564207;17.676418956193334;18.156340047495924;18.663048483022514;19.198851399870705;19.766328711447542;20.368374648787395;21.008247131992782;21.68962674952869;22.416687599833313;23.194182875254306;24.02754889614855;24.923032408483692;25.887847448943013;26.930370112469387;28.06038235508986;29.289379865660003
563,Ca_JVASP-63554_CaSiBHO5.json,10.06053876876831,5.881889343261719;5.980788230895996;6.220455169677734;6.418400764465332;8.245079517364502;8.307458400726318;12.119785785675049;12.518670558929443;12.310916900634766;12.398699760437012;11.795920372009277;11.813613891601562;12.812307834625244;12.315527439117432;10.922255516052246;10.906850814819336,12.812307834625244,30.971689570358084,30.97168957035808;30.971689570358077;30.97168957035808;30.97168957035808;30.971689570358077;30.97168957035808;30.97168957035808;30.971689570358077;30.97168957035808;30.97168957035808;30.97168957035808;30.971689570358077;30.971689570358084;30.971689570358077;30.971689570358077;30.971689570358084,13.684690900705935,10.4706741383108;10.637226304257098;10.809162650254022;10.986748549620739;11.17026710646486;11.36002066168052;11.556332455096776;11.759548462997497;11.970039432986237;12.188203141373519;12.414466902003127;12.649290359809712;12.893168607535047;13.146635670073819;13.410268408054108;13.684690900705935
564,Li_JVASP-68963_BaLiCa2.json,0.15914273262023926,0.05870687961578369;0.6289371252059937;0.23794007301330566;-0.289013147354126,0.6289371252059937,68.92539418855227,68.92539418855227;68.92539418855227;68.92539418855227;68.92539418855227,30.56483819334283,29.855854722657902;30.08849948763814;30.32479838643777;30.56483819334283
565,Ca_JVASP-52803_NaCaFe2Si4O12.json,7.830949306488037,6.521658420562744;6.849697589874268;6.89752721786499;7.208899974822998;8.596468925476074;8.845029830932617;8.819029808044434;8.909282684326172,8.909282684326172,24.940523007580875,24.940523007580875;24.940523007580875;24.940523007580875;24.940523007580875;24.940523007580875;24.94052300758087;24.94052300758087;24.940523007580875,7.54504882879236,6.992772138323257;7.066666485039236;7.142139230634641;7.219241493459864;7.298026623327356;7.378550324617225;7.460870787623566;7.54504882879236
566,Na_JVASP-144349_NaCa2Ta3O10.json,3.377415180206299,3.377415180206299,3.377415180206299,197.2142864554747,197.2142864554747,33.25314274775627,33.25314274775627
567,Ca_JVASP-67584_CaBeOs2.json,2.2169198989868164,0.4435129165649414;0.7110738754272461;4.148472785949707;7.5809431076049805;1.3097734451293945;1.9863653182983398;0.7690563201904297;0.7861614227294922,7.5809431076049805,90.63692121417428,90.63692121417428;90.63692121417427;90.63692121417427;90.63692121417428;90.63692121417427;90.63692121417427;90.63692121417427;90.63692121417428,8.492620062859784,7.7992870461381605;7.891321809694886;7.9855546063229035;8.082065129919396;8.18093697411879;8.282257873783964;8.386119964667722;8.492620062859784
568,Ca_JVASP-66259_BaCaPb.json,0.003151416778564453,-0.11478686332702637;-0.11475920677185059;-0.3652087450027466;-0.16885125637054443;-0.5100040435791016;-0.08383584022521973;0.6597492694854736;0.7229080200195312,0.7229080200195312,44.925334053035364,44.92533405303536;44.92533405303536;44.92533405303536;44.92533405303536;44.925334053035364;44.92533405303535;44.925334053035364;44.925334053035364,9.584643589376192,8.710716631710167;8.825677271090429;8.94371290436733;9.064948579929524;9.189516219666368;9.3175550978154;9.449212360406573;9.584643589376192
569,Ca_JVASP-88851_CaV4Ag2O12.json,7.627917766571045,7.674450874328613;7.6268815994262695;7.485645771026611;7.7246928215026855,7.7246928215026855,41.44490699474232,41.44490699474231;41.44490699474232;41.44490699474232;41.444906994742304,10.780710963518285,10.283373134864627;10.44397427725501;10.60967140065855;10.780710963518285
570,K_JVASP-104641_KCaI3.json,2.5993887186050415,1.9757784605026245;2.022466540336609;2.561829090118408;2.387683629989624;2.2204891443252563;2.34170401096344;3.2686076164245605;4.01655125617981,4.01655125617981,28.068728244579574,28.06872824457957;28.068728244579574;28.06872824457957;28.068728244579574;28.068728244579574;28.068728244579574;28.068728244579574;28.068728244579574,7.8702204028870595,7.28475783930649;7.363005128041683;7.442951613122026;7.524653251027584;7.6081684824556906;7.693558371728366;7.78088675569411;7.8702204028870595
571,Ca_JVASP-1975_Ca2PI.json,5.294334292411804,1.9525654315948486;2.1867148876190186;5.164725303649902;5.777026176452637;9.362448453903198;9.659499406814575;4.612533092498779;4.239826679229736;4.78073525428772;4.844350576400757;3.17364901304245;3.733877718448639;5.678479552268982;7.381825804710388;5.127312898635864;7.033778429031372,9.659499406814575,47.47980277439046,47.47980277439045;47.47980277439045;47.47980277439046;47.47980277439045;47.47980277439045;47.47980277439045;47.47980277439045;47.47980277439045;47.47980277439045;47.47980277439045;47.47980277439044;47.47980277439045;47.47980277439045;47.47980277439045;47.47980277439044;47.47980277439046,20.567417737048817,14.074383932050953;14.376966494614452;14.692845241854323;15.022916259955522;15.368158006955348;15.72964100031423;16.108538904620318;16.50614126134146;16.92386815151588;17.36328714269529;17.826132946373082;18.314330305514407;18.830020748855222;19.37559399620942;19.953724986224877;20.567417737048817
572,Li_JVASP-92292_Li2CaN2.json,2.5800018310546875,2.1947383880615234;2.044261932373047;2.1965067386627197;2.458327531814575;2.3813316822052;2.4665615558624268;2.5056445598602295;2.6182949542999268;2.5533530712127686;2.592972993850708;2.5112545490264893;2.632803201675415;2.4606335163116455;2.688905954360962;3.0375001430511475;2.7363526821136475;2.796177625656128;2.485743284225464;3.7565951347351074;4.066206455230713;3.4701995849609375;3.13470458984375;2.9663608074188232;2.5301201343536377;3.131903886795044;2.8214900493621826;2.787815809249878;2.331885576248169;2.1040713787078857;1.8837902545928955;2.1087586879730225;1.7926843166351318;2.222299814224243;2.16036057472229;2.1256392002105713;2.1238152980804443,4.066206455230713,41.611228773207515,41.61122877320751;41.6112287732075;41.6112287732075;41.6112287732075;41.61122877320751;41.6112287732075;41.6112287732075;41.6112287732075;41.61122877320751;41.61122877320751;41.6112287732075;41.61122877320751;41.6112287732075;41.6112287732075;41.6112287732075;41.61122877320751;41.6112287732075;41.6112287732075;41.6112287732075;41.61122877320751;41.6112287732075;41.6112287732075;41.6112287732075;41.61122877320751;41.6112287732075;41.6112287732075;41.611228773207515;41.61122877320751;41.6112287732075;41.6112287732075;41.61122877320751;41.6112287732075;41.61122877320751;41.6112287732075;41.61122877320751;41.6112287732075,21.74410305835901,18.16407745352023;18.249926943799945;18.33659179441213;18.42408367667679;18.51241448573774;18.601596345953848;18.69164161644689;18.782562896811296;18.874373032991365;18.96708512333169;19.060712524806792;19.15526885943619;19.25076802089132;19.347224181301126;19.444651798263248;19.543065622068145;19.6424807031437;19.7429123997282;19.844376385779942;19.946888659131954;20.05046554990084;20.15512372915892;20.260880217879443;20.367752396164867;20.47575801276876;20.58491519492231;20.69524245847676;20.806758718373814;20.919483299456395;21.033435947632707;21.14863684140718;21.26510660379243;21.382866314617054;21.501937523244564;21.62234226171972;21.74410305835901
573,Ca_JVASP-107959_Na3Ca.json,0.04877614974975586,2.007178544998169;0.0035011768341064453;-0.057650089263916016;-0.49816322326660156;0.22667479515075684;-0.2602956295013428;-0.3069446086883545;-0.7240917682647705,2.007178544998169,37.30856568484554,37.30856568484553;37.30856568484554;37.30856568484554;37.30856568484554;37.30856568484553;37.30856568484553;37.30856568484553;37.30856568484553,45.28558848890159,30.722309761690386;32.20168984830612;33.83075161627135;35.63342242019333;37.63901653046962;39.883841535949976;42.41341604908173;45.28558848890159
574,Ca_JVASP-98590_Ca2MnGaO5.json,8.977931380271912,5.485508918762207;5.501507759094238;5.739078521728516;5.869955062866211;5.449183940887451;5.650566577911377;5.896739959716797;6.074985504150391;9.034036636352539;10.684192657470703;10.27691650390625;10.429977416992188;9.766366958618164;11.821538925170898;10.59528923034668;10.228862762451172;10.297612190246582;10.066100120544434;8.929044246673584;9.663086414337158;11.686927795410156;11.188603401184082;10.430489540100098;11.22662353515625;8.715524196624756;8.7492995262146;8.44999885559082;9.008943557739258;10.598731756210327;10.019607782363892;9.329082489013672;10.429421424865723,11.821538925170898,24.97983542561556,24.979835425615555;24.979835425615548;24.97983542561555;24.97983542561555;24.979835425615548;24.979835425615548;24.97983542561556;24.97983542561555;24.97983542561555;24.97983542561555;24.97983542561555;24.979835425615548;24.97983542561555;24.97983542561555;24.97983542561555;24.97983542561555;24.97983542561555;24.97983542561555;24.97983542561555;24.97983542561555;24.979835425615555;24.97983542561555;24.979835425615555;24.97983542561555;24.979835425615548;24.97983542561555;24.97983542561555;24.97983542561555;24.979835425615548;24.979835425615555;24.97983542561555;24.97983542561555,8.085870700555121,5.881355271891329;5.933539406705932;5.9866578712433425;6.040735985201283;6.095799991478885;6.151877098640739;6.208995525746528;6.267184549701468;6.326474555294454;6.386897088103631;6.448484910462901;6.511272060698044;6.575293915857431;6.640587258180302;6.707190345564955;6.775142986320566;6.844486618509523;6.915264394212538;6.987521269076654;7.061304097536572;7.136661734133162;7.2136451413895095;7.292307504745101;7.372704355092792;7.454893699511911;7.5389361608442105;7.624895126818528;7.712836909494995;7.802830915871729;7.89494983057641;7.98926981165345;8.085870700555121
575,Ca_JVASP-62215_Ca4Al6SO12.json,9.224144577980042,2.635079860687256;3.9236292839050293;4.128942489624023;4.516901969909668;4.636896133422852;5.664466857910156;6.750117778778076;8.139976978302002;18.979877948760986;15.470973491668701;13.151920318603516;9.849615097045898;9.266291618347168;7.632195472717285;7.469858646392822;7.624873638153076;8.996193408966064;8.954765796661377;8.73465871810913;8.933988094329834;8.669992446899414;8.890641212463379;9.060877799987793;9.61793327331543;9.931856155395508;11.320682525634766;10.046570301055908;10.911523342132568;10.925957202911377;11.342393398284912;14.828056335449219;14.164918899536133,18.979877948760986,14.87542801116397,14.875428011163965;14.875428011163969;14.875428011163967;14.875428011163967;14.875428011163969;14.875428011163967;14.875428011163967;14.875428011163967;14.875428011163967;14.875428011163967;14.875428011163969;14.875428011163967;14.875428011163965;14.875428011163967;14.875428011163967;14.875428011163967;14.875428011163967;14.875428011163969;14.875428011163967;14.875428011163967;14.875428011163967;14.875428011163967;14.875428011163967;14.875428011163967;14.875428011163969;14.875428011163967;14.875428011163967;14.875428011163965;14.87542801116397;14.875428011163967;14.875428011163969;14.875428011163969,8.569195695821353,6.132960695086635;6.189726774759545;6.247553514271511;6.306470921205763;6.366510145865166;6.427703536189968;6.4900846958734295;6.553688545894719;6.618551389705786;6.684710982327941;6.752206603634421;6.821079136117886;6.891371147466296;6.963126978297705;7.036392835433896;7.111216891125181;7.187649388674108;7.265742754944727;7.345551720286864;7.427133446451875;7.510547663128121;7.5958568137815545;7.683126211549739;7.772424206007251;7.863822361697323;7.957395649409817;8.053222651279977;8.151385780887267;8.251971519649912;8.355070670940375;8.460778633491177;8.569195695821353
576,Ca_JVASP-92528_Ca2AgPd2.json,3.4916791915893555,1.3831689357757568;1.4296436309814453;1.670271396636963;1.862555742263794;2.6373435258865356;3.200118899345398;2.3870222568511963;2.2812674045562744;4.3113802671432495;4.743496298789978;4.074483215808868;4.165169894695282;5.628671228885651;5.428178369998932;4.827874064445496;5.836221933364868,5.836221933364868,50.76538662203398,50.76538662203398;50.76538662203397;50.765386622033965;50.76538662203397;50.76538662203397;50.76538662203397;50.76538662203397;50.76538662203398;50.765386622033965;50.765386622033965;50.76538662203398;50.76538662203397;50.765386622033965;50.76538662203397;50.76538662203397;50.765386622033965,10.285540511779866,8.357406748068021;8.463174204910134;8.5716530635797;8.682948940055555;8.797173007823245;8.914442368292438;9.034880451241415;9.158617448167178;9.28579078173968;9.41654561491883;9.551035403699634;9.68942249791042;9.83187879500958;9.978586452416579;10.12973866458385;10.285540511779866
577,Na_JVASP-133438_NaCaAlSi2O7.json,5.482141017913818,3.1562252044677734;3.74153995513916;3.617936134338379;4.448453903198242;3.8094849586486816;4.8121867179870605;4.795238018035889;6.075047016143799;6.34993314743042;7.288406848907471;7.6100873947143555;7.478640556335449;6.3300957679748535;6.718344211578369;6.4311652183532715;5.05147123336792,7.6100873947143555,18.566639957970935,18.566639957970935;18.56663995797093;18.56663995797093;18.56663995797093;18.56663995797093;18.56663995797093;18.56663995797093;18.566639957970928;18.56663995797093;18.566639957970928;18.56663995797093;18.566639957970928;18.56663995797093;18.566639957970928;18.56663995797093;18.566639957970928,7.077959694930903,6.487173084677991;6.523473383004361;6.5601822188115415;6.597306527884791;6.634853403902327;6.672830102954089;6.711244048216565;6.750102834790032;6.7894142347048305;6.829186202103587;6.869426878606656;6.9101445988683805;6.951347896332142;6.993045509192524;7.035246386573374;7.077959694930903
578,Ca_JVASP-19933_CaGa2.json,2.919998049736023,1.1647391319274902;1.5051915645599365;1.4635157585144043;2.1617624759674072;1.9236054420471191;5.049023628234863;3.2030640840530396;6.889082312583923,6.889082312583923,81.55999918052885,81.55999918052883;81.55999918052885;81.55999918052883;81.55999918052883;81.55999918052882;81.55999918052883;81.55999918052882;81.55999918052882,23.19177443707771,18.661489105294493;19.19720120356297;19.764579525256785;20.366517290909822;21.00627124895061;21.687520623134702;22.41443791469529;23.19177443707771
579,Ca_JVASP-73998_CaBeRh2.json,2.3488035202026367,0.36691808700561523;0.5425906181335449;2.703569173812866;2.897470712661743;3.6561150550842285;3.869849681854248;1.4081804752349854;1.8983886241912842;3.3377833366394043;3.8311214447021484;2.7740139961242676;3.9009885787963867;1.4180328845977783;1.357227087020874;1.5195088386535645;1.689521312713623;2.475022792816162;2.6321606636047363,3.9009885787963867,38.80396307526059,38.80396307526058;38.80396307526058;38.80396307526059;38.80396307526059;38.80396307526058;38.80396307526058;38.80396307526058;38.80396307526059;38.80396307526058;38.80396307526058;38.80396307526059;38.80396307526058;38.80396307526059;38.80396307526059;38.80396307526058;38.80396307526059;38.80396307526059;38.80396307526058,6.860046012943376,5.841366348502828;5.892840162388743;5.945229210365833;5.9985581214782115;6.052852416462001;6.1081385484684505;6.164443946039387;6.221797058481692;6.280227403798518;6.3397656193469025;6.400443515404445;6.46229413184183;6.525351798113356;6.589652196794288;6.655232430912185;6.722131095339118;6.790388352533429;6.860046012943376
580,Ca_JVASP-100230_Sr3Ca.json,0.5151627063751221,2.057023048400879;1.2748308181762695;0.030930757522583008;0.09378409385681152;0.04684925079345703;0.16599464416503906;0.26372218132019043;0.18816685676574707,2.057023048400879,28.100651609122146,28.100651609122142;28.10065160912214;28.100651609122146;28.100651609122142;28.100651609122142;28.100651609122142;28.100651609122146;28.10065160912214,12.506769316576017,11.058979626652611;11.244939579039208;11.437260432983539;11.636274236677034;11.842336558767931;12.055828608479416;12.277159589265183;12.506769316576017
581,Li_JVASP-157330_LiCaMg2.json,1.5126326084136963,0.002878904342651367;0.17072463035583496;5.217573642730713;3.4239940643310547;0.44951939582824707;0.6554176807403564;0.5868890285491943;1.5940635204315186,5.217573642730713,53.13330447056533,53.13330447056532;53.13330447056533;53.13330447056532;53.13330447056532;53.133304470565314;53.133304470565314;53.13330447056532;53.13330447056531,37.40898653924741,35.033150719330834;35.35391049506077;35.680598230860824;36.013379791310115;36.35242728710741;36.69791937188562;37.05004155611404;37.40898653924741
582,Ca_JVASP-100779_CaBiAu4.json,3.416322946548462,2.673732042312622;3.436229944229126;3.4800944924354553;3.483982264995575;3.6402429938316345;3.628466546535492;3.4445301294326782;3.5433051586151123,3.6402429938316345,42.84203567676762,42.84203567676762;42.84203567676762;42.842035676767615;42.842035676767615;42.842035676767615;42.842035676767615;42.84203567676762;42.842035676767615,3.343977323691777,3.230885760248692;3.24657109392261;3.262409469186363;3.278403136857654;3.294554392109353;3.310865575567502;3.3273390744420923;3.343977323691777
583,Ca_JVASP-98086_Ba4Na2CaTi3Si4S2O26.json,8.566937446594238,7.525496959686279;7.72646951675415;9.262242317199707;9.753540992736816,9.753540992736816,19.522146497007412,19.52214649700741;19.522146497007405;19.52214649700741;19.522146497007412,4.99519008232457,4.885706773515977;4.9216640347000835;4.958154488218589;4.99519008232457
584,Na_JVASP-64978_NaCaBe2.json,0.15748506784439087,-0.4018218517303467;-0.3210026025772095;0.24751555919647217;2.2175934314727783;-0.08111244440078735;-0.13465934991836548;0.05030238628387451;-0.31693458557128906,2.2175934314727783,76.65991572109708,76.65991572109706;76.65991572109708;76.65991572109708;76.65991572109708;76.65991572109706;76.65991572109706;76.65991572109708;76.65991572109706,54.942608423418314,41.31331899447211;42.83115802707871;44.46478082865161;46.22796106336759;48.13674729396441;50.20995287071847;52.46977811253741;54.942608423418314
585,Ca_JVASP-98175_CaNiP2O7.json,10.734562873840332,9.063894748687744;9.479952335357666;9.854938983917236;10.180683612823486;9.489069938659668;9.758804321289062;10.294239044189453;10.19702434539795;11.872204780578613;11.642866134643555;12.007650375366211;11.776934623718262;11.810379981994629;11.24868106842041;11.695023536682129;11.380658149719238,12.007650375366211,22.4226296835999,22.422629683599897;22.422629683599894;22.422629683599894;22.422629683599897;22.4226296835999;22.422629683599897;22.422629683599897;22.422629683599897;22.422629683599897;22.422629683599897;22.422629683599897;22.422629683599897;22.422629683599897;22.422629683599897;22.422629683599897;22.422629683599897,7.123761138791288,6.142288764245249;6.199228456211618;6.257233700369887;6.316334689865422;6.376562769445112;6.437950490890208;6.500531671682216;6.564341457124036;6.629416386156053;6.695794461126221;6.763515221794029;6.832619823871178;6.903151122426781;6.975153760512269;7.048674263391109;7.123761138791288
586,Ca_JVASP-107946_LiCa3.json,0.40627892812093097,1.8943262100219727;1.2945096492767334;0.9392057657241821;1.0151420831680298;0.4168393611907959;0.4210803508758545;0.4514617919921875;0.3100295066833496;0.9980038404464722;0.39083778858184814;0.8438229560852051;0.4320206642150879;1.308118224143982;0.3593488931655884;2.4575107097625732;0.7806503772735596;0.607111930847168;1.147568702697754;1.6531041860580444;0.3707939386367798;1.7558050155639648;-0.1438131332397461;0.3602886199951172;-0.1960763931274414;-0.4537835121154785;-0.3299400806427002;-0.5780255794525146;-0.32404518127441406;-0.12113237380981445;-0.043829917907714844;0.1492692232131958;0.21275222301483154;-0.6197975873947144;-0.0855022668838501;-0.04193830490112305;0.39648914337158203;0.2279752492904663;0.20736229419708252;0.6664009094238281;0.7654995918273926;0.45163798332214355;0.37357544898986816;-0.4245107173919678;-0.06669926643371582;-0.7772636413574219;0.25334620475769043;-0.5001134872436523;0.295971155166626,2.4575107097625732,19.21661471849915,19.216614718499148;19.216614718499148;19.216614718499148;19.216614718499144;19.216614718499148;19.216614718499148;19.216614718499148;19.216614718499148;19.216614718499144;19.216614718499148;19.216614718499148;19.216614718499148;19.216614718499144;19.216614718499144;19.216614718499148;19.216614718499148;19.216614718499148;19.216614718499148;19.216614718499148;19.216614718499144;19.21661471849915;19.216614718499144;19.216614718499148;19.216614718499148;19.216614718499144;19.21661471849915;19.216614718499148;19.21661471849915;19.216614718499148;19.216614718499148;19.216614718499148;19.216614718499148;19.216614718499144;19.216614718499148;19.216614718499144;19.216614718499148;19.216614718499148;19.21661471849915;19.216614718499148;19.216614718499148;19.216614718499148;19.216614718499148;19.21661471849915;19.216614718499148;19.216614718499148;19.216614718499148;19.216614718499144;19.216614718499148,177.3358831309375,13.171555612891245;13.436198809213067;13.711694488158;13.998724181412971;14.298027707358546;14.610409538277215;14.936746020865206;15.277993586510908;15.635198113327398;16.009505632950464;16.40217461298583;16.81459009243191;17.248280004627887;17.704934093135428;18.186425914164207;18.694838529544658;19.232494633218643;19.80199203022083;20.406245611461514;21.048537255509704;21.732575460665487;22.46256699518683;23.243303489694686;24.080266738104832;24.979757598935908;25.94905490740292;26.99661287900052;28.1323083394155;29.367753097810148;30.71669240893933;32.195518536759856;33.82394017167365;35.62586582167728;37.630585461793174;39.874374930984104;42.40271071417898;45.27338437193595;48.56097392186302;52.363415940088444;56.81192764322197;62.086456081150644;68.44061409571735;76.24367428998052;86.05498661440862;98.7643397936054;115.87825397168537;140.1663146722544;177.3358831309375
587,Ca_JVASP-70811_CaHfBe2.json,2.3318042755126953,-0.28436875343322754;-0.18610405921936035;-0.19849443435668945;5.039481163024902;1.8574848175048828;0.6384878158569336;5.739677429199219;1.3641462326049805;0.3151092529296875;0.947451114654541;10.535292863845825;2.2134878635406494,10.535292863845825,53.27338053580623,53.273380535806226;53.273380535806226;53.273380535806226;53.27338053580623;53.27338053580623;53.273380535806226;53.27338053580622;53.27338053580622;53.273380535806226;53.27338053580622;53.273380535806226;53.273380535806226,11.175430938622965,9.440105091864217;9.5752735188299;9.714369001788837;9.857565202921178;10.005046177183376;10.157007161558177;10.313655437338728;10.475211273454917;10.641908959869752;10.813997941241212;10.991744062385903;11.175430938622965
588,Ca_JVASP-98451_K2Ca4Si8O21.json,9.946102380752563,8.410953998565674;9.713453769683838;9.946348667144775;10.855106830596924;11.538337707519531;11.008509635925293;10.605427742004395;9.201745986938477;10.124950408935547;9.943946838378906;8.943243026733398;9.14168930053711;10.996228694915771;10.994068622589111;8.957406044006348;8.756220817565918,11.538337707519531,22.964195141472178,22.964195141472175;22.96419514147217;22.96419514147217;22.96419514147217;22.964195141472175;22.96419514147217;22.964195141472175;22.96419514147217;22.964195141472175;22.964195141472167;22.964195141472175;22.964195141472175;22.964195141472175;22.96419514147217;22.964195141472178;22.96419514147217,10.325935297378631,8.384056583345151;8.490503947267733;8.599689068188912;8.711718942036827;8.826706213760177;8.944769555126141;9.066034073249206;9.190631752807311;9.318701935231338;9.450391838525393;9.585857121794856;9.725262499033374;9.868782407257394;10.016601734686512;10.168916615361164;10.325935297378631
589,Ca_JVASP-67930_CaBeZn2.json,1.913078784942627,0.588629961013794;0.9736323356628418;3.08031964302063;4.708131790161133;1.5262882709503174;1.587507963180542;1.2903485298156738;1.549771785736084,4.708131790161133,82.03301434439832,82.03301434439832;82.03301434439831;82.03301434439831;82.03301434439831;82.03301434439831;82.03301434439831;82.03301434439831;82.03301434439831,23.130259203234704,18.62163873202214;19.15503261995447;19.719884401356932;20.319061565360506;20.95579103006162;21.633717280707113;22.3569721698768;23.130259203234704
590,Ca_JVASP-97685_Ca3Mn2Si3O12.json,8.142718950907389,6.160479545593262;6.545234680175781;9.391142845153809;9.696638107299805;10.41080617904663;7.650201320648193;7.4522271156311035;8.272745609283447;7.3141350746154785;7.160200595855713;9.136087417602539;8.52272891998291,10.41080617904663,50.20075844708007,50.20075844708006;50.20075844708007;50.20075844708006;50.20075844708007;50.20075844708006;50.20075844708006;50.20075844708007;50.20075844708006;50.20075844708007;50.20075844708006;50.20075844708007;50.20075844708006,16.91393858514186,13.23244018497964;13.499560432827144;13.777687462945522;14.067515893740568;14.369800047730358;14.68536050704953;15.015091552099696;15.359969625339415;15.721062988911884;16.09954277729918;16.496695685896483;16.91393858514186
591,Ca_JVASP-42671_SrCaI4.json,5.015017628669739,3.181772828102112;3.1660465002059937;3.2338062524795532;3.4636367559432983;7.494773507118225;7.270287036895752;6.493615746498108;5.816202402114868,7.494773507118225,22.204115762731142,22.204115762731142;22.20411576273114;22.20411576273114;22.204115762731142;22.204115762731142;22.204115762731142;22.20411576273114;22.20411576273114,5.581338438835465,5.273258981247075;5.315171486812112;5.357755581663352;5.4010275380897514;5.445004158353697;5.489702796444056;5.535141380909537;5.581338438835465
592,Ca_JVASP-97025_CaFeAsF.json,8.246684312820435,4.093753337860107;4.37914514541626;4.842156410217285;4.528388977050781;5.069108009338379;7.029532432556152;6.120495319366455;7.493555545806885;8.060080528259277;14.222382068634033;11.145649194717407;11.263822793960571;7.779465198516846;9.723795413970947;10.375298023223877;9.41060495376587;10.576866149902344;12.326218128204346,14.222382068634033,39.65633734172747,39.656337341727465;39.656337341727465;39.656337341727465;39.65633734172746;39.656337341727465;39.656337341727465;39.65633734172747;39.656337341727465;39.65633734172746;39.656337341727465;39.656337341727465;39.656337341727465;39.656337341727465;39.65633734172746;39.656337341727465;39.65633734172746;39.656337341727465;39.656337341727465,9.796407109180794,7.843171260621919;7.936250821410781;8.031566176296591;8.129198861025452;8.229234424764453;8.331762680118274;8.436877972071365;8.544679467548454;8.655271467461358;8.768763743306112;8.885271900593704;9.00491777164382;9.127829840547022;9.254143703411563;9.384002567360659;9.517557792140842;9.6549694786478;9.796407109180794
593,Na_JVASP-118847_NaCaAs.json,0.3940843343734741,0.5864969491958618;0.39752596616744995;0.43052369356155396;0.3509584665298462;0.3109006881713867;0.15490245819091797;0.8970707654953003;0.26923608779907227;0.14914393424987793,0.8970707654953003,52.09549781181376,52.09549781181376;52.09549781181375;52.09549781181376;52.09549781181376;52.09549781181376;52.09549781181374;52.09549781181375;52.09549781181375;52.09549781181376,25.332544166764052,21.58095503294984;21.987990272067904;22.410674733200327;22.849928600326724;23.306745642903774;23.782200721543894;24.27745823151556;24.793781623681795;25.332544166764052
594,Ca_JVASP-97719_CaBi2B2O7.json,9.849357604980469,7.3122334480285645;7.699141979217529;8.963830947875977;10.759048461914062;9.671708106994629;10.54335880279541;12.24552869796753;11.600010395050049,12.24552869796753,36.519416923480804,36.519416923480804;36.519416923480804;36.5194169234808;36.5194169234808;36.5194169234808;36.5194169234808;36.519416923480804;36.519416923480804,6.019143537838851,5.662381134832078;5.7107358032160045;5.759923447350398;5.80996577796542;5.860885266896766;5.912705180732828;5.965449616262748;6.019143537838851
595,Ca_JVASP-96840_Ca3SiBr2.json,4.398235559463501,1.240631341934204;5.117408514022827;6.836666822433472,6.836666822433472,258.27572750852966,258.27572750852966;258.2757275085296;258.2757275085296,117.56505247853838,86.98178955500924;99.98705970767008;117.56505247853838
596,Ca_JVASP-102227_CaHo2Te4.json,3.921896457672119,3.2378323078155518;3.469892740249634;3.2661476135253906;3.7614588737487793;4.457397937774658;4.751465320587158;4.181729793548584;4.249247074127197,4.751465320587158,23.39609819251518,23.396098192515172;23.396098192515176;23.39609819251518;23.39609819251518;23.396098192515176;23.396098192515176;23.396098192515176;23.396098192515176,3.963447921249068,3.8055641521527317;3.8273444512255144;3.8493754947626324;3.871661637855206;3.894207337037696;3.917017153258866;3.940095754957759;3.963447921249068
597,Na_JVASP-118852_NaCaAs2.json,1.671525478363037,1.1906800270080566;0.7479856014251709;1.695227861404419;1.028207778930664;1.8666468858718872;0.8724397420883179;4.126506090164185;1.8445098400115967,4.126506090164185,54.974264083457776,54.974264083457776;54.97426408345777;54.97426408345776;54.97426408345777;54.97426408345777;54.97426408345777;54.97426408345777;54.97426408345776,17.376936850730516,15.735145922580662;15.950433554646633;16.171694020182212;16.399179376668087;16.63315606659133;16.873905958495182;17.121727479766204;17.376936850730516
598,Ca_JVASP-61405_CaAl2Cl8.json,9.338595390319824,6.161729574203491;6.310102701187134;12.180684685707092;12.70186460018158,12.70186460018158,35.80702350502853,35.807023505028525;35.807023505028525;35.80702350502853;35.80702350502853,19.275729459004545,17.74156718422091;18.225080772922666;18.735687265139333;19.275729459004545
599,Na_JVASP-62553_NaCaBe2B2O6F.json,1.9782538414001465,1.669670581817627;1.6660466194152832;2.1140637397766113;2.379589557647705;1.7994041442871094;2.0362396240234375;1.8483281135559082;2.3126883506774902,2.379589557647705,41.70405437476625,41.70405437476625;41.704054374766244;41.70405437476625;41.704054374766244;41.70405437476625;41.70405437476625;41.704054374766244;41.70405437476625,16.954988602803823,15.388367718413141;15.594208636366911;15.805631034144287;16.02286504882755;16.24615364591291;16.475753525802663;16.711936108265704;16.954988602803823
600,Ca_JVASP-98206_Ca2MnAlO5.json,8.91585922241211,4.337227821350098;4.732414245605469;5.431542873382568;5.957286357879639;7.872140407562256;10.332059383392334;9.881937503814697;8.29816484451294;11.779029369354248;10.540934085845947;9.732534408569336;9.679924011230469;10.697029113769531;11.072327613830566;10.465232372283936;11.843963146209717,11.843963146209717,51.34889166853003,51.34889166853002;51.34889166853002;51.348891668530015;51.348891668530015;51.348891668530015;51.34889166853002;51.348891668530015;51.348891668530015;51.34889166853001;51.348891668530015;51.34889166853003;51.34889166853002;51.34889166853002;51.34889166853001;51.348891668530015;51.348891668530015,20.069842174613534,13.83958943353422;14.13205570550005;14.43714997519166;14.755708159399967;15.088641618172256;15.436945862423881;15.801710496079934;16.184130601886533;16.58551982152698;17.007325431671653;17.4511457805605;17.918750527872664;18.412104228160043;18.933393920493465;19.48506154143253;20.069842174613534
601,Ca_JVASP-92518_Ca2MgPt2.json,3.399772047996521,1.2995984554290771;1.6634082794189453;1.5440428256988525;1.8718738555908203;2.2717394828796387;2.716808319091797;2.5874381065368652;1.9977750778198242;2.897416353225708;4.339479684829712;3.6560096740722656;5.247989177703857;5.438013076782227;5.288595914840698;4.992501854896545;6.583662629127502,6.583662629127502,50.39089715004547,50.39089715004546;50.39089715004547;50.39089715004547;50.39089715004546;50.39089715004547;50.39089715004547;50.39089715004547;50.39089715004547;50.39089715004547;50.39089715004547;50.39089715004547;50.39089715004547;50.39089715004546;50.39089715004546;50.39089715004546;50.39089715004546,7.986467071980644,6.773127273449168;6.842429439077178;6.913164455378792;6.9853772236930665;7.059114541264857;7.1344252023778445;7.211360106031029;7.289972370658044;7.370317456432586;7.452453295751811;7.536440432542776;7.622342171095944;7.710224735194629;7.80015743838103;7.892212866278883;7.986467071980644
602,Ca_JVASP-69238_BaCaCr4.json,1.8875517845153809,1.3740158081054688;1.690269947052002;1.6202144622802734;1.2630352973937988;1.1674399375915527;1.7119512557983398;2.877143144607544;3.3963444232940674,3.3963444232940674,37.16494158798964,37.16494158798963;37.16494158798964;37.16494158798963;37.164941587989624;37.16494158798963;37.16494158798963;37.164941587989624;37.164941587989624,9.563182725732913,8.692987326944873;8.807477398275353;8.925023477212447;9.045749576834572;9.169786512178142;9.297272373069452;9.428353036954817;9.563182725732913
603,Ca_JVASP-85712_CaH2CClO3.json,9.040799140930176,6.423904895782471;6.598659038543701;6.944385528564453;7.066583633422852;7.349834442138672;7.679125785827637;8.089452266693115;8.907830715179443;10.388004302978516;10.667695999145508;11.259193420410156;10.873563766479492;10.433614253997803;10.577057361602783;10.827348709106445;10.566532135009766,11.259193420410156,29.541935273448857,29.541935273448857;29.541935273448853;29.54193527344885;29.541935273448846;29.541935273448853;29.54193527344885;29.54193527344885;29.541935273448853;29.541935273448853;29.54193527344885;29.541935273448853;29.541935273448846;29.541935273448853;29.541935273448853;29.541935273448846;29.541935273448846,16.753831802820642,12.17755142727877;12.403416216051601;12.637817858969026;12.88124967107101;13.134243723193466;13.397374724129863;13.671264378983427;13.956586293277196;14.254071504251941;14.564514734969778;14.888781483872114;15.227816082961686;15.58265088260321;15.954416751092085;16.344355113928927;16.753831802820642
604,Ca_JVASP-98475_CaMnSi2O6.json,8.056400775909424,5.133505344390869;5.417707920074463;5.443758964538574;5.805315017700195;6.484233856201172;7.229825019836426;7.349345684051514;8.142030239105225;9.909861087799072;9.823214054107666;9.667807579040527;9.530197143554688;9.622491359710693;9.894836902618408;9.807487487792969;9.64079475402832,9.909861087799072,23.90202384156236,23.90202384156236;23.902023841562357;23.902023841562357;23.902023841562354;23.902023841562357;23.90202384156236;23.902023841562357;23.90202384156236;23.90202384156236;23.902023841562357;23.902023841562357;23.90202384156236;23.902023841562357;23.902023841562357;23.902023841562357;23.90202384156236,7.991460463728333,6.776718339973959;6.846094388525502;6.916905591540172;6.989196947143331;7.0630153545027445;7.138409715292251;7.21543104172399;7.294132571650743;7.374569891284132;7.456801066123143;7.540886780741047;7.626890488137924;7.714878569431275;7.804920504729331;7.897089056111441;7.991460463728333
605,Ca_JVASP-21535_CaTe2O5.json,8.864740371704102,7.357996940612793;7.4368720054626465;8.425745725631714;8.504631757736206;9.423407554626465;9.891804218292236;9.960914373397827;9.916550397872925,9.960914373397827,41.12168266676149,41.12168266676147;41.12168266676149;41.12168266676149;41.12168266676148;41.12168266676148;41.12168266676148;41.12168266676148;41.12168266676149,9.84749764705988,8.927280448041804;9.048068027282843;9.172168988937576;9.29972156545605;9.430871787034222;9.565774039321406;9.704591669688119;9.84749764705988
606,Ca_JVASP-69009_BaCa2Y.json,1.6902644634246826,0.9652618169784546;0.08785974979400635;2.7098724842071533;-0.20403647422790527;1.5678531527519226;1.4035096764564514;1.7987052202224731;5.193090081214905,5.193090081214905,66.697103470768,66.697103470768;66.697103470768;66.697103470768;66.69710347076798;66.69710347076798;66.69710347076798;66.69710347076798;66.69710347076798,28.361073827531357,21.868845228139918;22.608175711414752;23.399245155105817;24.247681589364966;25.159960025202793;26.14356801459658;27.207211625192965;28.361073827531357
607,K_JVASP-137726_K2CaNiN6O12.json,3.4370460510253906,3.207141399383545;3.1948704719543457;3.1215872764587402;3.0590062141418457;3.1451282501220703;3.0738258361816406;3.0607199668884277;3.015474796295166;3.6401915550231934;3.6883130073547363;3.692831039428711;3.8259754180908203;3.6849589347839355;3.8386693000793457;3.8711767196655273;3.872866630554199,3.872866630554199,20.724923888515118,20.724923888515118;20.724923888515114;20.724923888515114;20.724923888515114;20.724923888515114;20.724923888515114;20.72492388851511;20.724923888515114;20.724923888515114;20.724923888515114;20.724923888515114;20.72492388851511;20.724923888515118;20.72492388851511;20.724923888515118;20.72492388851511,8.823435646425335,7.395535926275856;7.476194270977344;7.5586313928346875;7.642906789583416;7.72908264237167;7.817223968766407;7.907398786349559;7.99967828776921;8.09413702819259;8.190853126198242;8.289908479245014;8.39138899496695;8.495384839667068;8.60199070552071;8.711306098152892;8.823435646425335
608,Ca_JVASP-94802_CaCeMg6.json,1.092198133468628,1.2349886894226074;1.6175990104675293;0.673093318939209;0.843111515045166,1.6175990104675293,52.16639638967977,52.166396389679754;52.16639638967977;52.16639638967976;52.16639638967976,22.63902495486054,20.55177023862592;21.20340166129842;21.897708516031102;22.63902495486054
609,Ca_JVASP-103138_CaReN2.json,4.421104907989502,2.411503791809082;2.5395116806030273;3.808074951171875;3.816831588745117;5.522695541381836;5.430854797363281;5.540269374847412;6.299097537994385,6.299097537994385,120.18969272521335,120.18969272521333;120.18969272521335;120.18969272521333;120.18969272521333;120.18969272521332;120.18969272521335;120.18969272521335;120.18969272521335,15.281589553895252,13.17422826938309;13.438979954117;13.714590863717206;14.001743100349078;14.301177114510192;14.613698080406618;14.940183125924017;15.281589553895252
610,Ca_JVASP-86217_CaTe.json,5.5210957527160645,1.5672094821929932;1.6739380359649658;1.7594516277313232;1.8462541103363037;3.789916515350342;3.7957844734191895;4.371996641159058;4.4336769580841064;10.562297582626343;7.93358588218689;6.69788384437561;5.240675687789917;6.8188934326171875;6.273683071136475;4.699902892112732;5.729462265968323;2.981243133544922;3.7945194244384766;4.205704689025879;4.635506629943848;4.390355825424194;4.443302154541016;4.509830594062805;4.57758629322052;8.20029604434967;8.376760601997375;8.052742540836334;8.947215735912323;4.373856067657471;7.450383424758911;7.217084169387817;13.324064254760742,13.324064254760742,21.47179607810757,21.471796078107566;21.47179607810757;21.471796078107566;21.471796078107566;21.47179607810757;21.47179607810757;21.471796078107566;21.47179607810757;21.471796078107566;21.471796078107563;21.471796078107563;21.471796078107566;21.471796078107566;21.47179607810757;21.471796078107566;21.47179607810757;21.471796078107566;21.471796078107566;21.471796078107566;21.47179607810757;21.47179607810757;21.471796078107566;21.471796078107566;21.471796078107566;21.471796078107566;21.471796078107566;21.47179607810757;21.47179607810757;21.47179607810757;21.471796078107566;21.471796078107566;21.471796078107566,6.500042287013175,4.99496828763894;5.032557979395276;5.070717724416259;5.109460589193309;5.148800042631073;5.188749971659203;5.2293246975765975;5.270538993168562;5.312408100639814;5.354947750409114;5.398174180814158;5.442104158778647;5.486755001496718;5.532144599193737;5.5782914390262155;5.625214630188;5.672933930294313;5.721469773120209;5.770843297775229;5.8210763794018066;5.872191661491049;5.924212589916201;5.977163448791277;6.031069398270058;6.0859565144090935;6.1418518312273696;6.1987833851052185;6.25678026167563;6.3158726453727745;6.3760918718150705;6.437470483213809;6.500042287013175
611,Na_JVASP-157077_Yb2NaCa.json,1.2678911685943604,-0.1693894863128662;-0.22191929817199707;1.4057223796844482;3.9677937030792236;1.7624645233154297;2.0763015747070312;0.9782214164733887;0.3439345359802246,3.9677937030792236,35.53482171306855,35.53482171306855;35.53482171306855;35.53482171306855;35.534821713068546;35.534821713068546;35.53482171306855;35.534821713068546;35.53482171306855,8.611598972313708,8.188203435727866;8.246121517339336;8.304864786267471;8.364451004315502;8.424898446724086;8.486225920858697;8.548452785719121;8.611598972313708
612,Ca_JVASP-65733_BaCaMg2.json,1.1856482028961182,0.37138664722442627;0.3507639169692993;2.3911592960357666;0.45264625549316406;2.4510159492492676;0.9206862449645996;1.7225291728973389;0.824998140335083,2.4510159492492676,39.26665316104998,39.26665316104998;39.26665316104998;39.26665316104997;39.26665316104998;39.26665316104997;39.26665316104998;39.26665316104998;39.26665316104997,17.545128001073014,14.8228443693511;15.158848806256362;15.510439662580419;15.878727213278095;16.264929749771277;16.67038704329154;17.096575873415215;17.545128001073014
613,Ca_JVASP-68952_BaCa2Ga.json,2.0753819942474365,1.2182669639587402;1.2996273040771484;-0.10008382797241211;3.562093734741211;1.5375919342041016;1.1352629661560059;1.1825565099716187;0.889267086982727;0.6068449020385742;1.6537249088287354;1.4534640312194824;0.8784563541412354;4.49818754196167;2.688416004180908;2.139000177383423;3.8003337383270264;4.807216644287109;4.106648921966553,4.807216644287109,34.45070648894853,34.450706488948526;34.45070648894853;34.450706488948526;34.450706488948526;34.450706488948526;34.450706488948526;34.450706488948526;34.450706488948526;34.45070648894853;34.45070648894853;34.450706488948526;34.450706488948526;34.450706488948526;34.450706488948526;34.450706488948526;34.450706488948526;34.45070648894853;34.450706488948526,14.079898672943667,10.368663514887539;10.531960911730978;10.700484194546053;10.874488302907187;11.054245033128364;11.240044454901021;11.432196473239095;11.631032553422159;11.83690762913269;12.050202216894847;12.271324763314388;12.500714255582151;12.738843130345911;12.986220521508987;13.243395893939656;13.510963117669505;13.789565046162192;14.079898672943667
614,Ca_JVASP-68313_CaBeMo.json,-0.3212916851043701,-0.7558317184448242;-0.8122553825378418;-0.4715540409088135;-0.7818143367767334;-0.3910965919494629;-0.577669620513916;-0.6863486766815186;-0.661419153213501;-0.7601838111877441;-0.5070490837097168;-0.2517881393432617;-0.0024194717407226562;-0.26154589653015137;-0.06123185157775879;-0.006117582321166992;0.23842883110046387;0.70330810546875;0.2633380889892578,0.70330810546875,47.01703749624845,47.01703749624844;47.01703749624845;47.01703749624844;47.01703749624844;47.01703749624845;47.01703749624845;47.01703749624844;47.01703749624844;47.01703749624845;47.01703749624845;47.01703749624844;47.01703749624844;47.01703749624845;47.01703749624844;47.017037496248435;47.01703749624845;47.01703749624845;47.01703749624844,13.892412065001178,10.266629788331885;10.42670430577375;10.591849562047475;10.762310376227788;10.938347585238768;11.12023937564339;11.308282750556447;11.502795147950684;11.704116228903743;11.91260985697691;12.128666292991245;12.352704633052554;12.58517552186984;12.826564178328892;13.077393776065113;13.338229228600087;13.609681436676086;13.892412065001178
615,Ca_JVASP-92982_CaCrF6.json,9.854742050170898,11.951834440231323;10.501470804214478;9.728252649307251;9.012430906295776;9.21968698501587;9.082727432250977;9.457421779632568;9.884111404418945,11.951834440231323,50.14869740350898,50.14869740350897;50.148697403508976;50.148697403508976;50.148697403508976;50.148697403508976;50.148697403508976;50.14869740350898;50.148697403508976,19.592153593833434,16.25794281880861;16.66304750426626;17.088856344374236;17.536998189750445;18.009277353700238;18.507697892537468;19.034492032525264;19.592153593833434
616,Ca_JVASP-100151_Ca2HgGe.json,2.7453413009643555,1.0262892246246338;1.1541166305541992;2.3991403579711914;3.8497588634490967;3.0983814001083374;3.4793115854263306;3.8782007694244385;3.1428048610687256;1.831943392753601;1.4928752183914185;1.994948148727417;1.908149003982544;1.9502983093261719;4.315430164337158;3.1392693519592285;5.264543533325195,5.264543533325195,55.355500586712886,55.35550058671287;55.35550058671287;55.355500586712886;55.355500586712886;55.35550058671287;55.35550058671287;55.355500586712886;55.355500586712886;55.35550058671288;55.355500586712864;55.35550058671288;55.35550058671288;55.35550058671288;55.355500586712886;55.35550058671288;55.35550058671288,12.040641821087348,9.480243049070673;9.616571652455896;9.756878350505623;9.90133984363808;10.05014345453503;10.203487938511055;10.36158436921972;10.5246571079963;10.6929448661984;10.866701871122812;11.046199147474727;11.231725927974717;11.423591208545359;11.62212546566637;11.827682555975874;12.040641821087348
617,Ca_JVASP-107902_YbCaPd2.json,2.978478193283081,0.8519914150238037;1.1799283027648926;3.7381433248519897;4.532397150993347;3.633466124534607;3.303838610649109;3.533465027809143;3.0545955896377563,4.532397150993347,66.7768356508627,66.77683565086268;66.7768356508627;66.7768356508627;66.77683565086268;66.77683565086268;66.7768356508627;66.77683565086268;66.7768356508627,8.570665181522127,7.865059865383181;7.958662781324993;8.054520488338754;8.152715452834313;8.25333421234012;8.356467629866083;8.462211167578864;8.570665181522127
618,Li_JVASP-16637_Li2Ca.json,0.3766985237598419,1.6144746541976929;0.9020222425460815;0.9213401079177856;0.0882035493850708;0.17887502908706665;0.19161027669906616;0.01469719409942627;0.05784928798675537;0.1048891544342041;0.9212710857391357;0.9358344078063965;0.44304323196411133;-0.0075244903564453125;0.8756191730499268;0.8703222274780273;0.013820409774780273;1.2481400966644287;0.5831682682037354;0.3090238571166992;0.4030017852783203;0.7169044017791748;0.4742140769958496;0.9992974996566772;1.6152223348617554;-0.6197948455810547;-0.3405036926269531;-0.5925595760345459;-0.2914135456085205;-0.3663599491119385;-0.4626452922821045;-0.01544809341430664;0.2677578926086426,1.6152223348617554,34.39881216259016,34.398812162590154;34.39881216259015;34.39881216259015;34.39881216259016;34.398812162590154;34.39881216259016;34.398812162590154;34.39881216259016;34.398812162590154;34.39881216259016;34.398812162590154;34.398812162590154;34.398812162590154;34.398812162590154;34.398812162590154;34.39881216259016;34.398812162590154;34.398812162590154;34.398812162590154;34.398812162590154;34.398812162590154;34.39881216259016;34.39881216259016;34.398812162590154;34.398812162590154;34.39881216259016;34.39881216259016;34.398812162590154;34.398812162590154;34.398812162590154;34.398812162590154;34.398812162590154,41.348250835961586,31.043228040575322;31.2948233996573;31.550530279902606;31.810450296083268;32.07468843928299;32.34335321830088;32.61655680822172;32.89441520658037;33.177048397576606;33.46458052482936;33.7571400731924;34.05486006019132;34.3578782376807;34.666337304364106;34.980385129865475;35.300174991091296;35.62586582167728;35.957622475372546;36.29561600427819;36.64002395292716;36.991030669267545;37.3488276336939;37.713613807360375;38.08559600110713;38.464989266437286;38.8520173100975;39.246912933941594;39.64991850189452;40.06128643598487;40.48127974357902;40.910172578131224;41.348250835961586
619,Li_JVASP-71170_LiCaBe.json,0.22878515720367432,-0.21517539024353027;-0.14281916618347168;-0.2446681261062622;1.3885136842727661;0.8597190976142883;0.17754560708999634;0.5567962527275085;0.3865329623222351;0.03594315052032471;0.301785945892334;-0.023372888565063477;-0.3353792428970337,1.3885136842727661,56.67624379969437,56.67624379969437;56.67624379969436;56.67624379969436;56.67624379969436;56.67624379969436;56.67624379969436;56.676243799694355;56.676243799694355;56.67624379969436;56.676243799694355;56.67624379969437;56.67624379969436,44.967179265146015,39.86096134992463;40.27674303827792;40.70129002641451;41.13488244556871;41.57781249250494;42.030385086181475;42.49291856777263;42.96574544742668;43.449213201440685;43.94368512386855;44.449541236948676;44.967179265146015
620,Ca_JVASP-91918_Ca3Zn.json,0.7171899477640787,0.4102344512939453;0.798985481262207;0.41828155517578125;0.2810392379760742;0.6660416126251221;1.20530104637146;1.4001026153564453;-0.010226249694824219;4.046394109725952;-0.270158052444458;0.4976823329925537;-0.9085133075714111;1.7172446250915527;0.24773359298706055;0.48706769943237305;-0.05155324935913086;0.19594764709472656;0.22637081146240234;0.3520052433013916;0.2235257625579834;-0.3782637119293213;1.0653431415557861;2.465601921081543;2.126370429992676,4.046394109725952,43.851550760474325,43.85155076047432;43.85155076047432;43.851550760474325;43.85155076047432;43.851550760474325;43.85155076047432;43.85155076047432;43.85155076047432;43.85155076047432;43.851550760474325;43.85155076047432;43.851550760474325;43.85155076047432;43.851550760474325;43.85155076047432;43.85155076047432;43.85155076047432;43.851550760474325;43.85155076047432;43.85155076047432;43.85155076047432;43.85155076047432;43.851550760474325;43.85155076047432,47.575186582251014,18.0463856441605;18.546890841740865;19.0759503718972;19.636079566499703;20.230098126487817;20.861177595953084;21.532898008084924;22.249315839069226;23.01504599415305;23.835361326872448;24.716314227612784;25.664886210397448;26.689173319781467;27.798617780912437;29.004299932375133;30.319309573710434;31.75922312833703;33.34272355323109;35.092415430789416;37.035910910219286;39.20729765633939;41.64915534759754;44.415375755038056;47.575186582251014
621,Ca_JVASP-97878_Li2Ca3Be3Si3O12F2.json,10.279987494150797,5.524174213409424;7.648086071014404;10.34427261352539;12.418577194213867;12.76598310470581;14.667321681976318;9.184701919555664;9.078944206237793;8.960639476776123;10.831831455230713;11.107065200805664;10.828252792358398,14.667321681976318,41.42572645032084,41.42572645032083;41.42572645032083;41.42572645032084;41.42572645032083;41.42572645032084;41.42572645032084;41.42572645032083;41.42572645032083;41.42572645032083;41.42572645032084;41.42572645032082;41.42572645032084,18.347921990159662,14.094213995878333;14.397658996376173;14.714457692865583;15.045511401046033;15.391804416669522;15.754413790010172;16.134520515305525;16.533422380050947;16.95254876869098;17.39347777653921;17.8579560657757;18.347921990159662
622,Ca_JVASP-74336_CaBe2Ir.json,2.759674072265625,2.2901716232299805;1.7365264892578125;2.5843772888183594;3.840364456176758;2.064136505126953;2.7047739028930664;2.8798115253448486;3.9772307872772217,3.9772307872772217,93.06285622309991,93.0628562230999;93.0628562230999;93.0628562230999;93.0628562230999;93.0628562230999;93.0628562230999;93.06285622309991;93.0628562230999,15.564078196310234,13.38364366465428;13.656966457657418;13.941685668781272;14.238529248784708;14.548288494710249;14.871825093613356;15.21007912753347;15.564078196310234
623,Ca_JVASP-65196_Ca4TiBe.json,0.7515332102775574,2.1602249145507812;1.7145171165466309;0.5560920238494873;-0.07226061820983887;-0.5187811851501465;-0.03943967819213867;-0.29921793937683105;0.24629998207092285;-0.33152341842651367;-0.3824944496154785;1.5460000038146973;1.2858004570007324;1.102569341659546;1.2277586460113525;0.4833414554595947;0.2549455165863037;0.43148553371429443;-0.24715173244476318;-0.8994684219360352;-0.9369068145751953;0.06562697887420654;-0.16739284992218018;0.5097604990005493;3.397004723548889;-0.9198653697967529;-0.6057074069976807;0.5996963977813721;0.31794047355651855;1.6860418319702148;1.8175933361053467;5.177905559539795;4.888667821884155,5.177905559539795,29.94053940182753,29.940539401827525;29.94053940182752;29.940539401827525;29.94053940182752;29.940539401827525;29.940539401827518;29.94053940182753;29.940539401827525;29.940539401827525;29.94053940182752;29.94053940182752;29.94053940182752;29.940539401827525;29.940539401827518;29.940539401827525;29.94053940182752;29.94053940182753;29.940539401827518;29.94053940182752;29.940539401827525;29.940539401827525;29.940539401827525;29.94053940182752;29.94053940182752;29.94053940182752;29.940539401827525;29.94053940182752;29.94053940182752;29.94053940182752;29.940539401827525;29.94053940182752;29.94053940182752,54.13221818303293,15.425051511248228;15.7892476196451;16.171057442777766;16.571790430548955;16.992889128353085;17.435946528140587;17.902726206525962;18.39518578659215;18.915504381480137;19.46611483110278;20.049741737924528;20.669446556484626;21.328681311476693;22.031352934254134;22.781900749946125;23.58539036182501;24.447628129095264;25.375301708074613;26.376153852710004;27.459199034182113;28.634995714124145;29.915991699234496;31.316966534247985;32.85560430649114;34.553244030327626;36.43587533949713;38.53547843774911;40.891855663327235;43.55517880205344;46.58960120475008;50.07849287881171;54.13221818303293
624,K_JVASP-145308_KCaEr2CuS5.json,2.6548194885253906,1.9436352252960205;2.100996732711792;3.074077844619751;3.258265256881714;2.000399112701416;2.05033016204834;3.2178268432617188;3.593024730682373,3.593024730682373,24.677145357644328,24.67714535764432;24.677145357644324;24.67714535764432;24.677145357644324;24.677145357644328;24.677145357644328;24.67714535764432;24.67714535764432,5.552600254189606,5.254654182307112;5.2952451388357495;5.336468088372744;5.37833790673035;5.420869940274035;5.464080024676524;5.50798450457598;5.552600254189606
625,Ca_JVASP-3702_CaHCl.json,8.170907378196716,2.8366851806640625;3.6218180656433105;4.68354606628418;4.950162410736084;5.873225212097168;5.888340950012207;6.007826805114746;6.14583683013916;6.908080577850342;6.576632022857666;7.488533020019531;6.975706100463867;7.619612216949463;8.40570068359375;8.10299825668335;7.947659492492676;8.864386081695557;8.416780948638916;6.895029306411743;6.341736555099487;7.712478160858154;7.410341024398804;7.768026947975159;7.888759732246399;6.9339118003845215;7.468594312667847;8.618134260177612;9.561918258666992;10.12096619606018;10.872560262680054;9.37476909160614;10.394110798835754;11.90793776512146;13.167378306388855;15.495384573936462;18.907097339630127,18.907097339630127,24.8867936178733,24.886793617873295;24.88679361787329;24.886793617873295;24.886793617873295;24.886793617873295;24.886793617873295;24.88679361787329;24.88679361787329;24.88679361787329;24.8867936178733;24.886793617873295;24.886793617873288;24.886793617873295;24.886793617873295;24.886793617873295;24.886793617873295;24.88679361787329;24.886793617873295;24.88679361787329;24.88679361787329;24.886793617873295;24.886793617873295;24.886793617873295;24.88679361787329;24.886793617873295;24.88679361787329;24.88679361787329;24.886793617873295;24.886793617873295;24.886793617873295;24.886793617873295;24.886793617873295;24.886793617873295;24.886793617873295;24.886793617873295;24.886793617873295,19.81373498624109,9.726886645728273;9.870454848255267;10.018324656514972;10.170692338561292;10.32776628693175;10.489767969572739;10.656932971688475;10.829512138820622;11.007772832822853;11.192000313956303;11.38249926413284;11.579595468414677;11.783637674290642;11.994999651050332;12.214082474839156;12.441317068784533;12.677167032041107;12.922131796834927;13.176750158747026;13.441604232751457;13.717323896140492;14.004591789711686;14.304148960805035;14.616801246394708;14.943426511995533;15.28498288331153;15.642518133177001;16.01718041748739;16.41023059184261;16.82305638726046;17.257188780783583;17.714320967969563;18.196330432847706;18.705304721822763;19.243571667623463;19.81373498624109
626,Li_JVASP-99805_LiCa2Pb.json,0.08355891704559326,-0.0644294023513794;-0.09321713447570801;0.07317900657653809;0.30709898471832275;-0.16265571117401123;0.14117610454559326;0.35235774517059326;0.11496174335479736,0.35235774517059326,49.72844684675735,49.72844684675734;49.72844684675734;49.72844684675735;49.72844684675734;49.72844684675734;49.72844684675735;49.72844684675734;49.72844684675734,11.623561982952955,11.383687805648336;11.417347599022383;11.45120703625436;11.485267898826859;11.519531989481319;11.554001132536085;11.58867717421018;11.623561982952955
627,Ca_JVASP-71372_CaBe2Se.json,1.7475063800811768,0.906518816947937;0.967420220375061;1.6879994869232178;1.5589420795440674;2.088575601577759;2.2333943843841553;0.9302840232849121;0.9441318511962891;1.5280159711837769;1.720497727394104;2.139790177345276;2.638664126396179;0.867943286895752;1.5088386535644531;1.6216424703598022;2.117183804512024;2.760157585144043;3.235114574432373,3.235114574432373,36.19380035959048,36.19380035959047;36.19380035959048;36.193800359590476;36.19380035959047;36.19380035959047;36.193800359590476;36.19380035959047;36.19380035959047;36.19380035959048;36.193800359590476;36.19380035959047;36.193800359590476;36.19380035959047;36.19380035959047;36.19380035959047;36.19380035959047;36.193800359590476;36.193800359590476,15.008138150504791,10.863457650040203;11.042846881004067;11.228260127338018;11.420006006791885;11.618414584532866;11.823839269199814;12.036658913722288;12.257280147176438;12.486139967874113;12.723708632477827;12.970492881332827;13.22703954656712;13.493939597024877;13.771832683006014;14.061412254377709;14.363431338264334;14.678709077660177;15.008138150504791
628,Ca_JVASP-50812_BaCaI4.json,6.0477330684661865,3.043622136116028;3.415761351585388;8.813726007938385;8.917822778224945,8.917822778224945,40.373594676737355,40.37359467673734;40.373594676737355;40.37359467673735;40.37359467673735,10.230129370207548,9.7812358329955;9.926424872535865;10.07598912063519;10.230129370207548
629,Ca_JVASP-100959_Ca2AgRh.json,4.086919784545898,0.9380843639373779;1.1835334300994873;3.022703766822815;4.862644553184509;2.4075433015823364;4.960901618003845;3.420850396156311;4.210295557975769;2.346536099910736;3.4264708161354065;2.7369531393051147;2.9388400316238403;3.5895978212356567;6.151930928230286;6.620543956756592;12.573286771774292,12.573286771774292,63.380540280515916,63.380540280515916;63.38054028051591;63.38054028051591;63.380540280515916;63.380540280515916;63.380540280515916;63.3805402805159;63.380540280515916;63.38054028051591;63.380540280515916;63.380540280515916;63.380540280515916;63.38054028051591;63.380540280515916;63.38054028051591;63.38054028051591,15.52568174314985,11.515445724994349;11.717213752097006;11.926178437589266;12.142731808298567;12.367294891034975;12.600320444691086;12.842296007144096;13.093747300106713;13.355242041966982;13.627394226814785;13.91086893753779;14.206387772406268;14.514734978356428;14.836764400725892;15.17340737911715;15.52568174314985
630,Ca_JVASP-52840_RbCaH6N3.json,4.0199875831604,3.2869362831115723;3.198347568511963;3.2700328826904297;3.180516242980957;3.3086862564086914;3.297602653503418;3.36582088470459;3.3386011123657227;4.439507007598877;4.482742786407471;4.695684432983398;4.643467903137207;4.738033771514893;4.892994403839111;4.986362934112549;5.194464206695557,5.194464206695557,21.713109320630974,21.713109320630974;21.713109320630974;21.713109320630974;21.71310932063097;21.71310932063097;21.71310932063097;21.71310932063097;21.713109320630974;21.71310932063097;21.713109320630974;21.713109320630974;21.71310932063097;21.71310932063097;21.713109320630974;21.71310932063097;21.71310932063097,12.313198140930725,9.648398305048353;9.789642067918914;9.935082628151148;10.084909856692589;10.239325253349353;10.398542850907722;10.562790204940503;10.732309478924204;10.907358635548862;11.088212746546068;11.275165435022956;11.468530466209325;11.668643504745248;11.875864059212157;12.090577637604602;12.313198140930725
631,Ca_JVASP-93432_CaCl2.json,22.705047130584717,4.342093467712402;5.819798469543457;10.879233837127686;14.669498443603516;13.093647122383118;7.970646262168884;6.880890846252441;8.529542922973633;8.08779001235962;8.726334929466248;9.83711576461792;11.496913313865662;62.19793677330017;58.64404916763306;62.55540084838867;69.54986190795898,69.54986190795898,33.60591790915737,33.60591790915736;33.60591790915736;33.60591790915737;33.60591790915737;33.60591790915737;33.60591790915736;33.60591790915736;33.60591790915736;33.60591790915737;33.60591790915737;33.60591790915737;33.60591790915737;33.60591790915736;33.60591790915736;33.60591790915737;33.60591790915737,22.818044125879773,15.093099771763896;15.441612246314156;15.806600047364753;16.18925972124065;16.590906556952632;17.01298969064166;17.45710957580989;17.925038263234104;18.418743032266143;18.940414037965734;19.492496793451398;20.077730503661815;20.69919351835261;21.360357496123555;22.06515229144735;22.818044125879773
632,Ca_JVASP-62415_CaB2H8.json,3.222660541534424,2.141267776489258;2.081376552581787;1.9348728656768799;1.9034616947174072;1.8983497619628906;1.8675532341003418;1.759511947631836;1.7667784690856934;3.5178442001342773;3.5469064712524414;4.460803031921387;4.4843339920043945;4.51881217956543;4.5557708740234375;5.552926063537598;5.571999549865723,5.571999549865723,25.545496107871458,25.545496107871454;25.54549610787145;25.545496107871458;25.54549610787145;25.545496107871454;25.545496107871454;25.545496107871454;25.54549610787145;25.545496107871458;25.54549610787145;25.545496107871454;25.545496107871454;25.54549610787145;25.54549610787145;25.54549610787145;25.545496107871454,52.0370310792845,24.01101012491119;24.905238353663595;25.86864957931321;26.909595504778746;28.037828473367615;29.264807939906234;30.604091094472338;32.07183588991303;33.68745610957018;35.474484932477665;37.46172875471448;39.68483184024609;42.18843322757284;45.02919504935919;48.28014265545258;52.0370310792845
633,Ca_JVASP-62579_CaB2H2.json,2.4363341331481934,2.236922025680542;1.9743320941925049;1.6774935722351074;1.9227089881896973;1.7634739875793457;1.8035507202148438;1.712129831314087;1.906632661819458;2.149172067642212;1.1893866062164307;1.3218231201171875;1.3676772117614746;1.1164324283599854;1.5247828960418701;1.830617904663086;0.9397611618041992;1.7938482761383057;2.6847431659698486;3.2621679306030273;3.7162394523620605;4.039774656295776;2.731191873550415;3.250635862350464;3.7424166202545166;2.703120708465576;2.847625255584717;3.1321303844451904;2.3717920780181885;2.949205160140991;3.57517409324646;2.2928872108459473;2.8942642211914062;3.6835482120513916;2.4280149936676025;3.0129995346069336;4.159351825714111,4.159351825714111,25.873785060075118,25.873785060075114;25.873785060075114;25.87378506007511;25.873785060075114;25.873785060075118;25.873785060075114;25.87378506007511;25.873785060075114;25.873785060075114;25.873785060075114;25.87378506007511;25.873785060075114;25.873785060075114;25.87378506007511;25.873785060075114;25.873785060075114;25.873785060075118;25.87378506007511;25.873785060075114;25.873785060075114;25.873785060075114;25.873785060075118;25.87378506007511;25.873785060075118;25.87378506007511;25.873785060075114;25.87378506007511;25.873785060075118;25.873785060075118;25.873785060075114;25.873785060075114;25.87378506007511;25.873785060075118;25.873785060075118;25.873785060075114;25.87378506007511,30.078818940446318,11.684459091896676;11.892246758712615;12.107558508580455;12.330810552642964;12.562450376897262;12.802959735995735;13.05285799765922;13.31270588656067;13.58310968447689;13.864725952926388;14.158266855727073;14.464506172306477;14.784286108662153;15.118525032203559;15.468226280065284;15.834488218817736;16.218515768022826;16.621633642325925;17.045301618709885;17.4911321996968;17.960911122952144;18.456621267203932;18.980470629253873;19.534925204549328;20.1227478041823;20.747044097534506;21.411317500010153;22.119534953825802;22.876206210286462;23.686479961100382;24.556261149677372;25.492355114133534;26.5026460055987;27.59631938279662;28.784142293191685;30.078818940446318
634,Ca_JVASP-42341_Ca3WO6.json,11.002247015635172,4.961020469665527;5.188636779785156;5.549886703491211;6.010170936584473;5.540100574493408;5.959411144256592;6.248733997344971;6.915353298187256;11.242080688476562;12.160229682922363;12.982378959655762;11.239927291870117;10.689050197601318;9.419658184051514;8.44036054611206;6.967519283294678;8.12426471710205;8.149739265441895;8.0808744430542;8.307307243347168;8.055618286132812;8.21242618560791;8.403204917907715;8.736766815185547;9.248038291931152;9.625324249267578;9.303959369659424;9.714268207550049;9.190104007720947;9.779154300689697;9.104751110076904;9.296618938446045;11.394264221191406;11.975265502929688;12.05002498626709;11.694308280944824;11.253188610076904;12.028499126434326;11.518113136291504;11.223466873168945;11.60657787322998;12.480306625366211;15.378798484802246;19.625640869140625;18.61319875717163;22.52142572402954;27.148381233215332;36.749457359313965,36.749457359313965,19.751486371162066,19.75148637116206;19.75148637116206;19.751486371162063;19.75148637116206;19.751486371162063;19.751486371162063;19.751486371162063;19.75148637116206;19.75148637116206;19.751486371162066;19.751486371162066;19.751486371162063;19.751486371162063;19.751486371162063;19.75148637116206;19.751486371162066;19.751486371162066;19.751486371162063;19.751486371162066;19.751486371162063;19.75148637116206;19.751486371162066;19.751486371162063;19.751486371162066;19.751486371162063;19.751486371162063;19.751486371162063;19.75148637116206;19.751486371162063;19.751486371162063;19.751486371162066;19.751486371162063;19.751486371162066;19.751486371162066;19.75148637116206;19.751486371162063;19.751486371162063;19.751486371162063;19.751486371162063;19.751486371162063;19.751486371162063;19.751486371162063;19.751486371162063;19.75148637116206;19.751486371162063;19.751486371162066;19.751486371162063;19.751486371162063,5.93286470449439,4.186994551632523;4.213374852030856;4.24008968007683;4.2671454395733805;4.294548698822242;4.322306195940068;4.350424844382073;4.378911738682676;4.407774160423176;4.4370195844369995;4.466655685263622;4.4966903438628885;4.52713165460204;4.557987932528485;4.589267720942039;4.620979799281097;4.653133191338052;4.6857371738201055;4.718801285272518;4.752335335382336;4.786349414681664;4.820853904670637;4.855859488381424;4.891377161405851;4.927418243410551;4.963994390164972;5.0011176061091005;5.038800257489351;5.077055086092834;5.115895223612031;5.15533420667391;5.195385992569596;5.2360649757230195;5.277386004939342;5.319364401476587;5.362015977986682;5.405357058375095;5.449404498631483;5.4941757086871705;5.539688675359014;5.585961986443183;5.633014856026651;5.680867151088791;5.7295394194704965;5.779052919293498;5.829429649918404;5.880692384536159;5.93286470449439
635,Ca_JVASP-88638_CaNiGe2.json,2.538839340209961,1.478328824043274;1.7660928964614868;1.8026597499847412;2.491812229156494;2.336546301841736;3.0106393098831177;2.696248173713684;4.728387236595154,4.728387236595154,74.22754281097265,74.22754281097264;74.22754281097265;74.22754281097265;74.22754281097265;74.22754281097265;74.22754281097264;74.22754281097265;74.22754281097264,16.03088655778654,13.727375340354076;14.0150687971694;14.315079141513992;14.628214651460082;14.955355909489334;15.297464072415966;15.65559030294411;16.03088655778654
636,Ca_JVASP-69288_BaCaBr2.json,1.6263610124588013,-0.6113569736480713;-0.03148055076599121;0.258211612701416;0.38194704055786133;2.426604390144348;2.0042694807052612;3.8453383445739746;4.737354755401611,4.737354755401611,39.65827475613006,39.658274756130055;39.65827475613006;39.658274756130055;39.658274756130055;39.658274756130055;39.65827475613006;39.65827475613006;39.658274756130055,11.088013841507717,9.934922942291339;10.0847453182318;10.239155637685005;10.398367919359336;10.562609703629203;10.732123137543422;10.90716616601381;11.088013841507717
637,Ca_JVASP-99419_CaPmMg2.json,1.6036860942840576,0.19826984405517578;0.2408895492553711;1.511017918586731;2.8524249792099;0.922457218170166;3.259350299835205;1.6995363235473633;2.145542621612549,3.259350299835205,47.54972724162957,47.54972724162957;47.54972724162956;47.54972724162956;47.54972724162956;47.54972724162957;47.54972724162956;47.54972724162956;47.54972724162957,16.867331522363152,14.336145502288902;14.650213433673246;14.97835041652664;15.32152347042544;15.680790315605918;16.057310262277536;16.452356707347846;16.867331522363152
638,Ca_JVASP-73908_CaMn2Be.json,0.8205089569091797,-1.448859691619873;-1.432288646697998;0.05872917175292969;0.005740165710449219;0.2037670612335205;1.5459206104278564;0.08068060874938965;-0.08650040626525879;0.8335623741149902;0.8200197219848633;1.368440866470337;2.112708330154419;1.6789636611938477;1.8307867050170898;0.557776689529419;0.7232577800750732;2.3642258644104004;3.5522303581237793,3.5522303581237793,44.03621990519212,44.03621990519211;44.03621990519211;44.03621990519211;44.03621990519211;44.03621990519211;44.036219905192105;44.03621990519211;44.03621990519212;44.03621990519211;44.036219905192105;44.036219905192105;44.03621990519211;44.03621990519211;44.03621990519211;44.03621990519212;44.03621990519212;44.03621990519211;44.036219905192105,12.293880252154937,9.366585552993248;9.499641957411304;9.636533083412363;9.77742713135704;9.922502284474753;10.071947460635574;10.225963133096627;10.384762227720737;10.54857110511129;10.717630637189759;10.892197388983819;11.072544917820142;11.258965203758562;11.45177022699965;11.651293710190822;11.857893046098544;12.071951434070325;12.293880252154937
639,Ca_JVASP-63195_CaSiBHO5.json,10.060763359069824,5.8824872970581055;5.98130989074707;6.220296859741211;6.417977333068848;8.243402481079102;8.305739402770996;12.119202136993408;12.522181034088135;12.31392526626587;12.397765636444092;11.79709243774414;11.814767837524414;12.810445308685303;12.31654405593872;10.922025680541992;10.907051086425781,12.810445308685303,30.971397752951674,30.97139775295167;30.971397752951663;30.971397752951667;30.97139775295167;30.971397752951667;30.97139775295167;30.971397752951667;30.971397752951663;30.971397752951667;30.971397752951674;30.97139775295167;30.971397752951667;30.971397752951674;30.971397752951667;30.971397752951663;30.97139775295167,13.684690900705935,10.4706741383108;10.637226304257098;10.809162650254022;10.986748549620739;11.17026710646486;11.36002066168052;11.556332455096776;11.759548462997497;11.970039432986237;12.188203141373519;12.414466902003127;12.649290359809712;12.893168607535047;13.146635670073819;13.410268408054108;13.684690900705935
640,Ca_JVASP-103121_CaTi2S4.json,3.6903162002563477,3.0857653617858887;2.973371982574463;3.195453643798828;3.3111324310302734;3.404635429382324;3.6786203384399414;3.6807570457458496;3.7644219398498535;3.877264976501465;4.169440269470215;4.4057769775390625;4.737154006958008,4.737154006958008,26.625157798550227,26.625157798550227;26.625157798550223;26.625157798550227;26.625157798550227;26.625157798550227;26.625157798550223;26.625157798550223;26.625157798550223;26.625157798550227;26.625157798550227;26.625157798550223;26.625157798550227,9.824568333468148,8.457756899984066;8.566096038882527;8.677246719699989;8.791319825991055;8.908432149788707;9.028706790462408;9.152273586328867;9.279269582196665;9.409839536384263;9.544136471154838;9.682322270968335;9.824568333468148
641,Ca_JVASP-66126_BaCaHg.json,-0.7995519638061523,-0.5077388286590576;-0.7277452945709229;-0.8512923717498779;-0.9010727405548096;-0.8925876617431641;-0.877899169921875;-0.17237067222595215;-1.4657089710235596,-0.17237067222595215,45.64198810129891,45.64198810129891;45.6419881012989;45.6419881012989;45.64198810129891;45.6419881012989;45.6419881012989;45.64198810129891;45.64198810129891,9.769390023201424,8.863040966517781;8.982084868339669;9.10437018263142;9.230031125908956;9.359209428362393;9.492054867104804;9.628725845488727;9.769390023201424
642,Na_JVASP-91322_Na2CaV4O12.json,4.4695725440979,2.6212849617004395;2.8998255729675293;2.71218204498291;2.941897392272949;3.8855390548706055;7.023038864135742;5.908859729766846;7.763952732086182,7.763952732086182,41.270211113545095,41.270211113545095;41.270211113545095;41.270211113545095;41.270211113545095;41.270211113545095;41.270211113545095;41.270211113545095;41.270211113545095,15.173481519800843,13.906482209181847;14.074371153413747;14.246363384940308;14.42261119428872;14.603274502590674;14.788521345564696;14.978528394808537;15.173481519800843
643,Ca_JVASP-107784_NaCaLaF6.json,12.273393630981445,7.7256059646606445;9.508894443511963;14.244094133377075;15.79951024055481;17.4565908908844;15.361442804336548;13.548468351364136;11.526196241378784;11.055016994476318;9.894598484039307;10.117398977279663;11.042906045913696,17.4565908908844,30.834698035949682,30.834698035949682;30.834698035949675;30.834698035949675;30.83469803594968;30.83469803594968;30.83469803594968;30.83469803594968;30.834698035949675;30.83469803594968;30.83469803594968;30.83469803594968;30.834698035949675,7.998756723779697,7.06871413895205;7.144230862906153;7.221378536269615;7.300210571722999;7.380782740002403;7.4631533014806;7.547383146658393;7.633535946278168;7.721678311837366;7.811879967352286;7.904213933303061;7.998756723779697
644,Li_JVASP-57322_LiCaCrF6.json,6.3464343547821045,4.641288995742798;5.526538133621216;7.793177843093872;7.279337167739868;4.4821999073028564;5.436558961868286;8.176003694534302;7.436370134353638,8.176003694534302,50.015058657166904,50.015058657166904;50.015058657166904;50.0150586571669;50.015058657166904;50.0150586571669;50.015058657166904;50.0150586571669;50.015058657166904,16.189776523559015,15.72816132991022;15.792488102009681;15.857343216462795;15.92273320935236;15.988664725017424;16.055144518303898;16.122179456871546;16.189776523559015
645,Ca_JVASP-97463_CaP2O6.json,11.080681324005127,8.836179256439209;9.71977949142456;10.223727703094482;10.989024639129639;11.391839027404785;11.757344245910645;12.534204483032227;13.335853576660156;12.47675895690918;12.713339805603027;12.208386898040771;12.042792797088623;13.438302993774414;13.230146408081055;13.107764720916748;12.635561466217041;12.114354133605957;11.793671607971191;11.083019256591797;10.666818618774414;11.28163480758667;11.013563632965088;10.837132453918457;10.483616828918457;9.376086711883545;9.315455913543701;9.284815788269043;9.268835067749023;9.507744789123535;9.630871772766113;9.105412483215332;9.177762031555176,13.438302993774414,12.126445115616827,12.126445115616827;12.126445115616823;12.126445115616823;12.126445115616823;12.126445115616823;12.126445115616823;12.126445115616823;12.126445115616825;12.126445115616825;12.126445115616823;12.126445115616825;12.126445115616823;12.126445115616821;12.126445115616823;12.126445115616825;12.126445115616825;12.126445115616825;12.126445115616823;12.126445115616823;12.126445115616821;12.126445115616823;12.126445115616823;12.126445115616825;12.126445115616825;12.126445115616823;12.126445115616823;12.126445115616823;12.126445115616823;12.126445115616823;12.126445115616827;12.126445115616825;12.126445115616823,5.2610894158829264,4.229563452452478;4.256484617774932;4.283750684753442;4.311368324203104;4.33934438008414;4.3676858751561864;4.3964000168556385;4.425494203406353;4.454976030174602;4.484853296279741;4.515134011472692;4.54582640329495;4.576938924531603;4.608480260972491;4.640459339496529;4.672885336494954;4.705767686650222;4.739116092088176;4.772940531922156;4.807251272208748;4.842058876336062;4.877374215866598;4.913208481858097;4.949573196687133;4.986480226401684;5.023941793630513;5.061970491078839;5.100579295641638;5.139781583167755;5.17959114391016;5.220022198699799;5.2610894158829264
646,K_JVASP-98451_K2Ca4Si8O21.json,4.196626424789429,3.1646480560302734;3.2139482498168945;3.1378235816955566;3.2047219276428223;4.48703145980835;5.056959629058838;5.457724571228027;5.850153923034668,5.850153923034668,22.964195141472175,22.964195141472175;22.964195141472175;22.964195141472175;22.964195141472175;22.96419514147217;22.964195141472175;22.96419514147217;22.964195141472175,9.169069061857009,8.384056583345151;8.48786963970735;8.594285795999193;8.703404203957131;8.81532911564346;8.930170215667054;9.04804297971477;9.169069061857009
647,Ca_JVASP-94825_CaRhF6.json,11.007351160049438,12.858616828918457;11.484379768371582;10.910224914550781;10.315193176269531;9.890563249588013;10.031090021133423;10.879482865333557;11.689258456230164,12.858616828918457,48.59055350561356,48.59055350561356;48.59055350561356;48.590553505613556;48.59055350561355;48.59055350561355;48.59055350561355;48.590553505613556;48.59055350561355,15.097339253281632,13.037062985101912;13.296276136309023;13.566006152032807;13.846906324559304;14.139685199001637;14.445112540803478;14.764026093731795;15.097339253281632
648,Ca_JVASP-49963_SrCaI4.json,6.23701673746109,3.6135144233703613;3.4139087200164795;3.712533712387085;4.2820963859558105;3.7998623847961426;3.9268760681152344;4.252511262893677;5.859876394271851;11.452466249465942;9.486206412315369;7.502282202243805;7.2628708481788635;10.990030586719513;8.036681354045868;6.057334125041962;6.143216669559479,11.452466249465942,10.791890367522058,10.791890367522056;10.791890367522054;10.791890367522054;10.791890367522056;10.791890367522056;10.791890367522056;10.791890367522058;10.791890367522056;10.791890367522058;10.791890367522056;10.791890367522056;10.791890367522056;10.791890367522056;10.791890367522056;10.791890367522056;10.791890367522056,2.802363677447574,2.6366294906235375;2.6470661411292054;2.657585743406056;2.668189290366175;2.678877790831676;2.6896522698546512;2.7005137690448757;2.711463346905485;2.7225020791768486;2.733631059188881;2.744851398222028;2.75616422587718;2.7675706904547686;2.77907195934332;2.7906692194177327;2.802363677447574
649,Ca_JVASP-49852_BaCa2I6.json,6.344458281993866,3.283036470413208;3.6898906230926514;3.587100028991699;4.080431938171387;5.926029205322266;6.634015083312988;6.822578549385071;7.167815089225769;13.542741894721985;8.694849610328674;6.832144916057587;6.57440310716629;5.325392127037048;5.461649060249329;5.845802545547485;8.043452262878418,13.542741894721985,13.379168247020155,13.379168247020154;13.379168247020154;13.379168247020154;13.379168247020154;13.379168247020152;13.379168247020155;13.379168247020155;13.379168247020154;13.379168247020155;13.379168247020154;13.379168247020154;13.379168247020154;13.379168247020152;13.379168247020155;13.379168247020155;13.379168247020154,3.706926547325744,3.4223634309224606;3.4399680966640536;3.457754815982565;3.4757264275374786;3.4938858293121156;3.512235980171503;3.530779901469588;3.549520678707644;3.5684614632457694;3.587605474069475;3.6069559996134513;3.626516399644665;3.6462901072070726;3.666280630630297;3.686491555604745;3.706926547325744
650,Ca_JVASP-98626_CaH12I2O14.json,9.213403940200806,9.078526973724365;9.348280906677246,9.348280906677246,81.862591944252,81.862591944252;81.86259194425199,26.279320718980426,25.28566539485961;26.279320718980426
651,Ca_JVASP-98767_Ca6Si3H2O13.json,9.350605010986328,5.861614227294922;6.830014228820801;7.411844253540039;9.419703483581543;9.244895935058594;10.340067863464355;10.550565719604492;11.066514015197754;10.69975233078003;9.909803867340088;10.185737609863281;9.145896911621094;8.293293476104736;7.517082691192627;7.543468952178955;7.434715747833252;9.545315742492676;9.390178680419922;9.697525978088379;9.528779983520508;7.5763020515441895;7.79855489730835;7.743708610534668;7.959113121032715;9.374657154083252;9.81536340713501;9.501972675323486;9.670225620269775;8.663997173309326;8.752115726470947;8.614790916442871;8.724713325500488;10.939407348632812;10.459264755249023;10.924813270568848;10.286238670349121;11.3212571144104;11.195041179656982;11.42273235321045;11.429184913635254;9.55623197555542;9.453352451324463;9.529125213623047;9.486539840698242;10.460617542266846;9.912903308868408;9.606547355651855;9.033496856689453,11.429184913635254,18.532369771653965,18.532369771653965;18.532369771653965;18.53236977165396;18.53236977165396;18.53236977165396;18.53236977165396;18.532369771653965;18.53236977165396;18.53236977165396;18.532369771653965;18.532369771653965;18.532369771653965;18.532369771653965;18.532369771653965;18.532369771653965;18.53236977165396;18.532369771653965;18.532369771653965;18.532369771653965;18.532369771653965;18.532369771653965;18.532369771653965;18.532369771653965;18.532369771653965;18.532369771653965;18.53236977165396;18.532369771653965;18.53236977165396;18.53236977165396;18.53236977165396;18.532369771653965;18.532369771653965;18.53236977165396;18.532369771653965;18.532369771653965;18.532369771653965;18.53236977165396;18.532369771653965;18.532369771653965;18.532369771653965;18.53236977165396;18.532369771653965;18.532369771653965;18.532369771653965;18.532369771653965;18.53236977165396;18.53236977165396;18.53236977165396,11.194361942565836,6.265159998552713;6.324411523171256;6.384794467366601;6.4463415505513275;6.5090867660305545;6.5730654436082245;6.638314315922246;6.704871588770183;6.772777015708393;6.842071977230698;6.912799564857931;6.985004670497467;7.058734081462072;7.134036581570737;7.210963058790528;7.289566619918587;7.36990271284739;7.452029257004767;7.5360067826135815;7.62189857947468;7.7097708560416995;7.7996929096279715;7.891737308665131;7.985980088020871;8.082500958480699;8.181383531606683;8.28271556130638;8.386589203578879;8.49310129605393;8.602353659106459;8.714453420514554;8.829513365836855;8.947652316918285;9.068995541194308;9.193675194757624;9.321830802481763;9.453609778868554;9.589167993707129;9.72867038710792;9.872291639013909;10.02021689890318;10.17264258209207;10.32977723984025;10.49184251136302;10.659074166889503;10.83172325208973;11.01005734555317;11.194361942565836
652,Ca_JVASP-64354_BaCaCl.json,-1.7364320755004883,-1.3276556134223938;-1.150440514087677;-1.1413904428482056;-1.1258752346038818;-1.5785767436027527;-1.9413135647773743;-1.336634874343872;-4.289569616317749,-1.1258752346038818,39.999629307236866,39.99962930723685;39.999629307236866;39.99962930723685;39.99962930723686;39.99962930723686;39.99962930723686;39.99962930723686;39.99962930723686,18.843522588556926,15.739061581612571;16.118418943334326;16.516515208596438;16.934773990832415;17.374766854609188;17.838233048366302;18.327102481893487;18.843522588556926
653,Ca_JVASP-74648_CaBeBi2.json,2.1273980140686035,1.5347163677215576;1.7265636920928955;1.8035831451416016;2.2598929405212402;2.129168748855591;2.2371944189071655;2.3595807552337646;2.968484044075012,2.968484044075012,52.39168480496791,52.3916848049679;52.39168480496791;52.391684804967895;52.39168480496791;52.3916848049679;52.3916848049679;52.3916848049679;52.3916848049679,7.755368263514034,7.173060970330834;7.250835938682824;7.33031596746521;7.411557748154659;7.494620513637347;7.579566182233417;7.6664595116281395;7.755368263514034
654,Ca_JVASP-99384_CaAg3.json,2.2364728450775146,2.2003588676452637;1.8603277206420898;1.9742610454559326;2.3989932537078857;1.9065204858779907;2.44326651096344;2.2572250366210938;2.850829839706421,2.850829839706421,67.85138250258473,67.85138250258473;67.85138250258471;67.85138250258473;67.85138250258473;67.85138250258473;67.85138250258473;67.85138250258473;67.85138250258473,10.194883973079351,9.211837932688804;9.340503944301577;9.47281514565384;9.608928668371862;9.749010806949086;9.893237696523514;10.04179605172075;10.194883973079351
655,Li_JVASP-13162_LiCaN.json,2.0232861042022705,0.7057373523712158;0.9778521060943604;1.4445321559906006;1.6816680431365967;1.7202298641204834;2.0512025356292725;3.587189197540283;3.955831527709961;3.682276487350464;3.3619229793548584;2.962730884552002;2.887876510620117;0.6124882698059082;0.8046164512634277;0.9409096240997314;1.3447225093841553;1.500683069229126;1.8416330814361572;2.5751147270202637;2.123835563659668;2.6002016067504883;1.8769559860229492;2.1509170532226562;1.167738914489746,3.955831527709961,43.74904345673495,43.749043456734945;43.74904345673494;43.74904345673495;43.749043456734945;43.74904345673494;43.749043456734945;43.74904345673494;43.749043456734945;43.749043456734945;43.749043456734945;43.749043456734945;43.74904345673494;43.74904345673494;43.74904345673494;43.74904345673494;43.74904345673494;43.749043456734945;43.74904345673494;43.74904345673494;43.749043456734945;43.749043456734945;43.749043456734945;43.749043456734945;43.74904345673494,20.53794594275464,18.29931307705272;18.38644872962226;18.47441817836803;18.563233448648354;18.65290679818497;18.743450722702697;18.834877961734076;18.927201504594823;19.020434596535797;19.114590745077734;19.2096837265351;19.30572759273556;19.402736677942155;19.500725605985103;19.599709297610914;19.69970297805641;19.800722184855758;19.902782775889015;20.005900937680813;20.110093193958413;20.21537641447853;20.32176782413294;20.42928501234311;20.53794594275464
656,Ca_JVASP-70723_NaCaBe2.json,0.1748126745223999,-0.2634824514389038;-0.027007699012756348;0.3149184584617615;-0.23384851217269897;0.05417215824127197;0.5192177295684814;-0.17098212242126465;0.1814643144607544;1.1988621950149536,1.1988621950149536,63.27708748504769,63.27708748504767;63.27708748504768;63.27708748504767;63.27708748504767;63.27708748504769;63.27708748504768;63.27708748504768;63.27708748504768;63.27708748504767,65.49643404470275,36.72295021730855;38.856737588513575;41.25378941429772;43.966030871330354;47.0600034269376;50.62239702955478;54.76830077129102;59.653869518702166;65.49643404470275
657,Li_JVASP-51349_LiCaUF8.json,4.081388711929321,4.336458444595337;4.092182397842407;3.9329845905303955;3.731297731399536;4.128243684768677;4.133615732192993;4.1123316287994385;4.183995485305786,4.336458444595337,37.001507573726634,37.001507573726634;37.00150757372663;37.00150757372663;37.00150757372663;37.001507573726634;37.001507573726634;37.00150757372663;37.001507573726634,7.773741144631125,7.665711283234613;7.6809599264519095;7.696269355828401;7.7116399355607355;7.727072032760804;7.742566017484958;7.758122262763604;7.773741144631125
658,Ca_JVASP-96947_Na2Ca3Si6O16.json,10.009389877319336,9.53087568283081;10.042099475860596;15.548234462738037;13.61767053604126;9.532245635986328;8.602333068847656;7.801092147827148;7.277925491333008;8.573017597198486;8.509731769561768;10.841394424438477;10.236058235168457,15.548234462738037,30.58927137496961,30.589271374969602;30.589271374969606;30.589271374969606;30.589271374969602;30.58927137496961;30.589271374969602;30.589271374969602;30.5892713749696;30.589271374969602;30.5892713749696;30.589271374969602;30.589271374969606,13.944508503136571,11.34277672248806;11.538487851596521;11.741071254979508;11.950895374886475;12.16835547046529;12.393876102799704;12.627913901501708;12.87096065079195;13.123546738956733;13.38624502209841;13.659675161416246;13.944508503136571
659,Ca_JVASP-22594_CaCrF6.json,9.848663330078125,11.881233215332031;10.509444236755371;9.686455249786377;9.033835887908936;9.133108139038086;9.155571937561035;9.470167636871338;9.919490337371826,11.881233215332031,50.19022440012028,50.19022440012027;50.19022440012028;50.19022440012028;50.19022440012028;50.19022440012028;50.19022440012027;50.19022440012027;50.19022440012027,19.592153593833434,16.25794281880861;16.66304750426626;17.088856344374236;17.536998189750445;18.009277353700238;18.507697892537468;19.034492032525264;19.592153593833434
660,Ca_JVASP-100953_BaSr2Ca.json,1.2478299140930176,0.011159300804138184;0.023472905158996582;1.9028851985931396;2.5840213298797607;0.5254061222076416;2.8535425662994385;1.0536949634552002;1.0284569263458252,2.8535425662994385,27.804972350445478,27.804972350445475;27.804972350445475;27.804972350445475;27.804972350445478;27.80497235044547;27.804972350445475;27.80497235044547;27.804972350445478,10.54921422975356,9.500163535960779;9.637069802728258;9.777979660413159;9.9230713322435;10.072533779122711;10.226567520656566;10.385385532683136;10.54921422975356
661,Ca_JVASP-61501_NaCaAsO4.json,9.571862697601318,7.595003128051758;7.8309783935546875;8.617979049682617;9.247171401977539;12.53126049041748;11.278188705444336;11.492048501968384;11.00140643119812;8.871748208999634;8.706300973892212;9.145524978637695;8.318728923797607;9.594340562820435;9.263710737228394;9.708727598190308;9.946685075759888,12.53126049041748,27.388439662977333,27.388439662977333;27.388439662977333;27.38843966297733;27.38843966297733;27.388439662977333;27.38843966297733;27.388439662977326;27.388439662977333;27.388439662977333;27.388439662977333;27.388439662977326;27.38843966297733;27.38843966297733;27.38843966297733;27.388439662977333;27.38843966297733,10.188269682550143,8.29307252364079;8.397207734936982;8.503991432066703;8.613525955431777;8.72591898696225;8.841283903216722;8.95974015686786;9.081413689271436;9.206437377114344;9.334951516471612;9.467104347979534;9.603052627257949;9.742962245196372;9.88700890326457;10.035378849627634;10.188269682550143
662,Na_JVASP-69359_BaNa2Ca.json,0.7787487506866455,-0.034781694412231445;-0.12167119979858398;2.0573904514312744;0.09194135665893555;1.4301857948303223;0.20839357376098633;0.41873788833618164;2.1797938346862793,2.1797938346862793,64.33819670542383,64.33819670542381;64.33819670542381;64.33819670542383;64.33819670542383;64.33819670542383;64.33819670542381;64.33819670542383;64.33819670542383,36.583570797112465,29.994781122589153;30.786894587533563;31.62197972538827;32.503630810361294;33.435854460431244;34.423130514680544;35.470484024101715;36.583570797112465
663,Ca_JVASP-20066_CaCd.json,1.6090021133422852,0.6722376346588135;0.6328847408294678;0.6485049724578857;2.600266695022583;4.861330509185791;0.2970442771911621;4.504776477813721;0.17851495742797852;-0.03442525863647461;0.9452252388000488;2.7463464736938477;-0.42287158966064453;3.9322986602783203;0.8862476348876953;1.2345879077911377;0.7591207027435303;0.7422323226928711;0.708521842956543;2.6955177783966064;0.922631025314331;0.4825575351715088;0.8483760356903076;6.630864143371582;1.1426591873168945;0.852332592010498;1.3754944801330566;2.5997800827026367,6.630864143371582,30.026284600758448,30.026284600758448;30.02628460075844;30.026284600758444;30.026284600758448;30.026284600758448;30.026284600758444;30.026284600758444;30.026284600758448;30.026284600758448;30.026284600758444;30.026284600758444;30.026284600758444;30.026284600758444;30.02628460075844;30.026284600758448;30.026284600758444;30.026284600758448;30.026284600758448;30.026284600758448;30.026284600758444;30.026284600758444;30.026284600758448;30.026284600758448;30.02628460075844;30.026284600758448;30.026284600758444;30.026284600758444,8.715432897676102,6.509633205142206;6.573622678017257;6.638882668720752;6.705451396073152;6.773368627316524;6.842675757334115;6.913415892783775;6.985633941504572;7.059376707586253;7.134692992524455;7.21163370292109;7.290251965229354;7.370603248086873;7.452745492828966;7.5367392528273465;7.622647842358449;7.710537495770546;7.800477537790528;7.892540565890711;7.986802645723857;8.08334352073221;8.182246837144465;8.283600385694985;8.387496361533408;8.494031643941986;8.603308097644431;8.715432897676102
664,Na_JVASP-107784_NaCaLaF6.json,4.829120635986328,2.326873302459717;2.482600688934326;2.8952250480651855;3.036965847015381;3.1442079544067383;3.5650110244750977;4.117812156677246;4.569485664367676;4.59593391418457;6.0983428955078125;8.941889762878418;12.17509937286377,12.17509937286377,30.834698035949682,30.834698035949682;30.834698035949675;30.834698035949682;30.83469803594968;30.83469803594968;30.834698035949675;30.834698035949682;30.83469803594968;30.834698035949675;30.834698035949675;30.83469803594968;30.834698035949675,7.573871705415019,7.06871413895205;7.111836046986227;7.1554873051140016;7.199677720718004;7.244417344957674;7.289716480390904;7.33558568888344;7.382035799818767;7.429077918621923;7.476723435611286;7.5249840351932065;7.573871705415019
665,Ca_JVASP-12163_CaPbI4.json,5.821950554847717,4.75622022151947;4.826989531517029;7.653810143470764;6.124797224998474;5.093874454498291;5.048219323158264;7.198348641395569;5.873344898223877,7.653810143470764,22.309738596175,22.309738596174995;22.309738596174995;22.309738596175;22.309738596174995;22.309738596175;22.309738596175;22.309738596175;22.309738596174995,4.654149174766865,4.437943375898261;4.46759185976528;4.497639152068278;4.528093353985824;4.558962787609594;4.59025600352623;4.621981788713613;4.654149174766865
666,Na_JVASP-35204_NaCaP3O9.json,3.5196962356567383,3.114302158355713;3.1085572242736816;3.140049457550049;3.1360440254211426;3.1368680000305176;3.1553311347961426;3.1922550201416016;3.2260847091674805;3.5807361602783203;3.652878761291504;3.803190231323242;3.9102983474731445;3.813199996948242;3.9081764221191406;4.145160675048828;4.2920074462890625,4.2920074462890625,15.837266234788753,15.837266234788753;15.83726623478875;15.83726623478875;15.837266234788753;15.837266234788752;15.837266234788752;15.83726623478875;15.837266234788753;15.83726623478875;15.83726623478875;15.837266234788753;15.837266234788753;15.83726623478875;15.83726623478875;15.837266234788752;15.837266234788752,6.0161911198558995,5.583946177020676;5.61082086562909;5.63795549290819;5.665353848472205;5.693019795959532;5.720957274849026;5.7491703023300555;5.777662975228149;5.806439471988193;5.83550405471719;5.864861071288687;5.894514957511028;5.924470239361732;5.954731535290348;5.985303558592244;6.0161911198558995
667,Ca_JVASP-64413_Ba4CaTc.json,1.0791046619415283,3.3502660989761353;2.1649426221847534;0.5985705852508545;0.49153590202331543;0.38010966777801514;0.4553340673446655;0.5529844760894775;0.6390938758850098,3.3502660989761353,22.822161024042572,22.82216102404257;22.822161024042572;22.82216102404257;22.82216102404257;22.82216102404257;22.822161024042572;22.822161024042572;22.822161024042572,5.135817889577416,4.873804776557696;4.909586419719163;4.94589733938553;4.982749366521402;5.020154687349892;5.058125856788046;5.096675812496645;5.135817889577416
668,Ca_JVASP-101544_Ca2AgPd.json,3.7225775718688965,0.8576387763023376;0.8714661002159119;2.2834622859954834;3.6998008489608765;1.9172573685646057;4.045451819896698;3.1694586277008057;3.3096752166748047;2.2978459000587463;2.95285826921463;2.880936026573181;3.4292423725128174;4.327517986297607;6.648500919342041;4.9627556800842285;11.907372951507568,11.907372951507568,60.176092993856535,60.17609299385653;60.17609299385652;60.17609299385652;60.17609299385652;60.17609299385652;60.17609299385652;60.17609299385653;60.17609299385652;60.17609299385652;60.17609299385653;60.176092993856514;60.176092993856535;60.176092993856514;60.17609299385652;60.17609299385653;60.17609299385652,15.27686496904731,11.377996816167167;11.574935776093303;11.778812353986444;11.98999971239509;12.208898264824748;12.435938209568455;12.67158235161315;12.916329251570506;13.170716746717483;13.43532589647827;13.710785413262748;13.997776649777181;14.297039226085953;14.609377394257997;14.935667255911806;15.27686496904731
669,Ca_JVASP-93219_CaMg2.json,0.8456180095672607,1.3364331722259521;0.8186113834381104;0.5814380645751953;0.1400775909423828;0.7321548461914062;0.25443410873413086;2.568437099456787;0.7822160720825195;1.025024652481079;0.44541096687316895;1.02653169631958;0.3964834213256836;1.1927385330200195;0.5129914283752441;1.063659429550171;0.6532456874847412,2.568437099456787,32.4618715827137,32.4618715827137;32.4618715827137;32.4618715827137;32.46187158271369;32.46187158271369;32.4618715827137;32.4618715827137;32.46187158271369;32.46187158271369;32.4618715827137;32.4618715827137;32.46187158271369;32.46187158271369;32.4618715827137;32.4618715827137;32.4618715827137,32.771137268152266,18.887477280685598;19.436433583366167;20.018255461478272;20.63598544559031;21.293053573786768;21.99334111354921;22.74125728537946;23.541832192125085;24.400830093219774;25.324888417065676;26.321689603027128;27.400175188990552;28.570814778728188;29.845947034290997;31.240216246242188;32.771137268152266
670,Li_JVASP-150475_LiCaSn.json,0.9378140568733215,0.6837204098701477;0.6695820689201355;0.9919263124465942;1.1086088418960571;0.6279564499855042;0.7373022437095642;1.2606626749038696;2.0307506322860718;0.8935630321502686;0.8323190212249756;0.702690601348877;0.714686393737793,2.0307506322860718,50.12616815050751,50.1261681505075;50.1261681505075;50.1261681505075;50.12616815050751;50.1261681505075;50.1261681505075;50.1261681505075;50.1261681505075;50.1261681505075;50.126168150507496;50.1261681505075;50.1261681505075,14.014601236621429,13.476559806024246;13.523759559387523;13.57129109575592;13.619157925790418;13.667363609856638;13.715911758907612;13.764806035385465;13.814050154142418;13.863647883381669;13.913603045618578;13.963919518662742;14.014601236621429
671,Ca_JVASP-42875_Ca2TlPb.json,2.3851797580718994,0.8729887008666992;0.9647514820098877;3.0608747005462646;3.5502939224243164;1.528649091720581;1.9743092060089111;2.504711627960205;2.4267525672912598;1.1343955993652344;1.155317783355713;1.221125841140747;1.1892569065093994;1.7734973430633545;6.043746709823608;2.1003763675689697;6.661828279495239,6.661828279495239,47.543522888759085,47.543522888759085;47.543522888759085;47.543522888759085;47.54352288875908;47.543522888759085;47.54352288875908;47.543522888759085;47.54352288875908;47.543522888759085;47.54352288875908;47.54352288875908;47.54352288875908;47.543522888759085;47.54352288875908;47.54352288875908;47.543522888759085,8.041865245084836,6.812929473277586;6.883052755146855;6.954634561707633;7.027720875905362;7.102359634155181;7.178600831190794;7.256496631739697;7.3361014895489625;7.4174722743323125;7.5006684072604;7.5857520056726715;7.67278803775144;7.761844487967579;7.852992534183275;7.946306737381461;8.041865245084836
672,Ca_JVASP-67578_NaCaBe.json,1.2265806198120117,0.7607049942016602;0.8904085159301758;1.5486170053482056;1.9873307943344116;1.59786057472229;0.5823466777801514;1.124680757522583;1.3206956386566162,1.9873307943344116,70.28060928829912,70.28060928829912;70.2806092882991;70.28060928829912;70.2806092882991;70.2806092882991;70.2806092882991;70.28060928829912;70.28060928829912,90.51691908983463,46.47873799365987;49.95042666045937;53.98261051992287;58.72294459092561;64.37594024970115;71.23324684380438;79.72559414513609;90.51691908983463
673,Ca_JVASP-91921_CaMg3.json,1.1701574325561523,1.3815698623657227;1.6981902122497559;1.3049287796020508;1.3565049171447754;1.1449408531188965;1.2575206756591797;1.269538402557373;0.9334878921508789;1.4939568042755127;1.6253559589385986;0.9385561943054199;0.7590398788452148;0.789391040802002;0.7775492668151855;0.9930586814880371;0.998929500579834,1.6981902122497559,26.039648517533113,26.039648517533102;26.03964851753311;26.039648517533106;26.039648517533106;26.039648517533106;26.039648517533102;26.03964851753311;26.039648517533102;26.039648517533113;26.039648517533106;26.039648517533106;26.039648517533106;26.03964851753311;26.039648517533106;26.039648517533106;26.039648517533106,22.210227543726962,14.824746533585659;15.160838190252974;15.512522405738338;15.880910045015808;16.267220062146517;16.672792974617142;17.099106404863477;17.547793068684754;18.020661672111416;18.51972128054798;19.04720985248546;19.605627792448672;20.197777584352046;20.826810830828126;21.49628436497319;22.210227543726962
674,Ca_JVASP-68106_CaBeTl2.json,1.2895736694335938,0.809398889541626;0.742607831954956;0.8653173446655273;0.739466667175293;0.9706830978393555;0.9835176467895508;1.3472118377685547;1.1357183456420898;1.3432749509811401;1.2891172170639038;1.9657995700836182;1.7913193702697754;1.6385242938995361;1.4984238147735596;1.7223531007766724;1.5400441884994507;1.336303949356079;1.493243932723999,1.9657995700836182,25.443984576677487,25.443984576677483;25.443984576677483;25.443984576677483;25.443984576677483;25.443984576677483;25.443984576677483;25.443984576677487;25.443984576677487;25.443984576677487;25.443984576677487;25.443984576677483;25.443984576677483;25.443984576677483;25.443984576677487;25.443984576677487;25.443984576677487;25.443984576677483;25.443984576677487,3.545124439118452,3.2520457166197336;3.267937683475763;3.2839857335281306;3.300192177584918;3.3165593722957114;3.3330897212940194;3.349785676374017;3.3666497387028427;3.383684460069692;3.4008924441730306;3.4182763479472866;3.4358388829304336;3.453582816673958;3.4715109741967365;3.4896262394844384;3.507931557036118;3.5264299334597387;3.545124439118452
675,Li_JVASP-56519_Li2Ca.json,0.3967081308364868,1.2758620977401733;1.1360201835632324;1.131952941417694;0.4118642210960388;0.051265597343444824;0.06369054317474365;-0.11081331968307495;-0.10126978158950806;0.6524113416671753;0.6706067323684692;0.6872260570526123;0.7602965831756592;1.0116541385650635;0.9114682674407959;0.2562063932418823;0.2107917070388794;0.2855651378631592;0.46428346633911133;0.1428072452545166;0.602409839630127;0.23899447917938232;1.7482284307479858;0.949695348739624;0.16417312622070312;-0.21743130683898926;-0.32273030281066895;-0.022587299346923828;0.2604837417602539;-0.5066547393798828;-0.37734460830688477;-0.14627718925476074;0.41181111335754395,1.7482284307479858,34.507739336068695,34.50773933606869;34.50773933606869;34.50773933606868;34.50773933606869;34.50773933606869;34.507739336068695;34.50773933606869;34.50773933606869;34.50773933606869;34.50773933606869;34.507739336068695;34.50773933606869;34.50773933606869;34.50773933606869;34.50773933606869;34.50773933606869;34.50773933606868;34.50773933606869;34.50773933606869;34.50773933606869;34.50773933606869;34.507739336068695;34.50773933606869;34.50773933606869;34.50773933606869;34.507739336068695;34.507739336068695;34.50773933606869;34.507739336068695;34.50773933606869;34.50773933606869;34.50773933606869,41.348250835961586,31.043228040575322;31.2948233996573;31.550530279902606;31.810450296083268;32.07468843928299;32.34335321830088;32.61655680822172;32.89441520658037;33.177048397576606;33.46458052482936;33.7571400731924;34.05486006019132;34.3578782376807;34.666337304364106;34.980385129865475;35.300174991091296;35.62586582167728;35.957622475372546;36.29561600427819;36.64002395292716;36.991030669267545;37.3488276336939;37.713613807360375;38.08559600110713;38.464989266437286;38.8520173100975;39.246912933941594;39.64991850189452;40.06128643598487;40.48127974357902;40.910172578131224;41.348250835961586
676,Ca_JVASP-91466_Ca3MgSi2O8.json,9.260417620340982,4.737598896026611;6.981137752532959;9.86931037902832;10.977596282958984;11.96470594406128;11.327256679534912;8.649013996124268;8.6392502784729;7.364354133605957;7.059025764465332;7.9421281814575195;7.487885475158691;9.584364891052246;9.010522842407227;8.875750541687012;9.42852783203125;11.31829023361206;12.06835412979126;10.255569458007812;9.672212600708008;9.8183274269104;10.02537202835083;9.47224235534668;9.721224784851074,12.06835412979126,31.84882841297676,31.84882841297675;31.848828412976754;31.848828412976758;31.848828412976758;31.84882841297675;31.848828412976758;31.848828412976758;31.848828412976758;31.84882841297676;31.848828412976758;31.848828412976758;31.84882841297675;31.848828412976758;31.848828412976758;31.848828412976758;31.848828412976754;31.848828412976758;31.848828412976754;31.848828412976758;31.848828412976758;31.848828412976754;31.848828412976754;31.848828412976758;31.848828412976754,15.69313407186397,10.192066234847786;10.34980618398834;10.512505487817272;10.680401765385229;10.853748062272087;11.032814123127926;11.217887792294;11.409276557799993;11.60730925615773;11.812337957833302;12.02474005613947;12.244920585621673;12.473314799901445;12.710391043497255;12.956653957493266;13.212648065228574;13.478961791624712;13.756231978592744;14.045148969452814;14.34646234781606;14.660987431365815;14.989612638985239;15.33330787140546;15.69313407186397
677,Li_JVASP-40528_LiCa2Ga.json,0.9126590490341187,-0.07223701477050781;-0.04830741882324219;1.5403138399124146;3.7497376203536987;0.3469730615615845;0.4522508382797241;1.3711817264556885;-0.03864026069641113,3.7497376203536987,54.55910337506356,54.55910337506355;54.55910337506355;54.55910337506356;54.55910337506356;54.55910337506356;54.55910337506354;54.55910337506356;54.55910337506355,22.22394809926185,21.363251945790644;21.482104200970895;21.602286299193757;21.723820685535983;21.846730313035835;21.971038657144586;22.096769730674318;22.22394809926185
678,Ca_JVASP-92324_Ca3SbP.json,3.0787611405054727,0.9582109451293945;1.6406285762786865;0.9574857950210571;1.0939656496047974;4.957958698272705;2.5973074436187744;1.8246698379516602;1.9151341915130615;3.637344241142273;1.6220165491104126;2.5814754962921143;3.7392847537994385;1.273498296737671;2.038727045059204;3.4096071124076843;6.398219883441925;5.932222843170166;5.029251217842102;1.4509363174438477;3.6936877965927124;1.6142204403877258;3.3789324164390564;6.773099303245544;5.3723825216293335,6.773099303245544,30.095678620477933,30.095678620477926;30.095678620477926;30.095678620477933;30.09567862047793;30.09567862047793;30.09567862047793;30.095678620477926;30.095678620477926;30.09567862047793;30.09567862047793;30.095678620477926;30.09567862047793;30.095678620477926;30.095678620477926;30.095678620477933;30.095678620477926;30.09567862047793;30.09567862047793;30.09567862047793;30.095678620477926;30.09567862047793;30.095678620477926;30.095678620477926;30.09567862047793,21.238180433936886,12.273189865325152;12.502649744016193;12.740853066140016;12.988309284109109;13.245568213151214;13.513224109407505;13.79192025266986;14.082354108144992;14.385283154434624;14.701531480255007;15.031997270855673;15.377661327349164;15.73959678912913;16.118980262369433;16.51710459770688;16.93539360946189;17.375419089520527;17.83892054435971;18.327828177644022;18.84428975859498;19.390702164840594;19.969748576872764;20.584442541857555;21.238180433936886
679,Ca_JVASP-86279_Ca3SiBr2.json,4.616390228271484,1.6997500658035278;5.629388689994812;6.520031929016113,6.520031929016113,242.4375639986745,242.4375639986745;242.43756399867445;242.43756399867445,117.56505247853838,86.98178955500924;99.98705970767008;117.56505247853838
680,Ca_JVASP-65363_BaCa2W.json,2.587414026260376,4.0729758739471436;0.5217850208282471;0.39648139476776123;0.6140042543411255;1.0196805000305176;2.1728386878967285;0.28258275985717773;-0.4520530700683594;-0.5535244941711426;9.118054389953613;3.2032687664031982;0.8431761264801025;3.4286396503448486;3.7778878211975098;2.4578006267547607;1.2633318901062012;6.52359926700592;7.882923007011414,9.118054389953613,39.99778237011018,39.99778237011017;39.997782370110166;39.99778237011017;39.99778237011017;39.99778237011017;39.997782370110166;39.99778237011017;39.99778237011017;39.99778237011017;39.99778237011017;39.99778237011017;39.99778237011017;39.99778237011017;39.99778237011017;39.997782370110166;39.99778237011018;39.997782370110166;39.99778237011017,9.145449779791484,7.420313247575618;7.5035734804524825;7.588723372941951;7.675827994520423;7.764955436866465;7.8561769913827515;7.949567339379746;8.04520475598745;8.143171328965364;8.243553193696217;8.346440785777427;8.451929112767134;8.560118046801172;8.671112639975279;8.785023464586056;8.901966980546993;9.022065932545981;9.145449779791484
681,Ca_JVASP-95220_Ca2B3H13O13.json,6.7585365772247314,5.362866401672363;5.463700294494629;5.3872785568237305;5.493315696716309;6.465953826904297;6.679421424865723;6.512886047363281;6.710410118103027;6.827425003051758;6.915964126586914;6.9185051918029785;6.99908971786499;8.002980709075928;8.065563678741455;8.131418228149414;8.199806213378906,8.199806213378906,22.53736670567273,22.537366705672728;22.537366705672728;22.537366705672728;22.537366705672728;22.537366705672728;22.53736670567273;22.537366705672724;22.537366705672728;22.537366705672728;22.53736670567273;22.53736670567273;22.537366705672728;22.537366705672724;22.537366705672728;22.537366705672728;22.537366705672724,12.958183970045463,10.039980800239007;10.193012957581699;10.350782439255044;10.513512679360854;10.681441387343991;10.854821706573608;11.033923487622165;11.219034689711842;11.410462925636603;11.608537167594097;11.813609633825457;12.026057878823625;12.246287113205545;12.47473278323754;12.711863444564043;12.958183970045463
682,Li_JVASP-59282_LiCaPrTeO6.json,3.810742139816284,3.553072214126587;3.5241453647613525;3.4997470378875732;3.518056631088257;3.7534191608428955;3.6593048572540283;4.458125829696655;4.520066022872925,4.520066022872925,44.85089790421079,44.85089790421078;44.85089790421079;44.850897904210775;44.85089790421078;44.85089790421078;44.850897904210775;44.850897904210775;44.85089790421078,8.262887792767103,8.14094172887494;8.158141756288472;8.175414617367547;8.192760775715918;8.2101806988803;8.227674858392383;8.245243729811378;8.262887792767103
683,Ca_JVASP-22681_CsCaH3.json,6.7948317527771,2.5834617614746094;7.259124279022217;7.175848007202148;7.3956170082092285;7.0960975885391235;7.1770981550216675;8.047395944595337;7.624011278152466,8.047395944595337,57.519023036837154,57.519023036837154;57.51902303683714;57.519023036837154;57.51902303683714;57.51902303683714;57.519023036837154;57.51902303683714;57.51902303683715,23.77045849314844,19.0343565579627;19.59201006490661;20.18332514371734;20.811444510232786;21.479914660379645;22.192752869945057;22.95452799311214;23.77045849314844
684,Ca_JVASP-69311_BaCa2Mg.json,0.35191917419433594,0.20211029052734375;0.2549777030944824;0.9992501735687256;0.16641020774841309;1.502248764038086;0.19631481170654297;0.05674624443054199;-0.5627048015594482,1.502248764038086,68.9177460195907,68.9177460195907;68.91774601959068;68.9177460195907;68.91774601959068;68.91774601959067;68.91774601959068;68.91774601959068;68.91774601959068,39.034732235242785,27.711757160313073;28.909754087711562;30.216011527798443;31.645898848661982;33.2178391764304;34.95410748199716;36.88189276372001;39.034732235242785
685,Ca_JVASP-103233_TbCa3.json,0.8627397219340006,2.1777706146240234;1.1759707927703857;1.4272321462631226;0.9251278638839722;1.0298762321472168;0.6274750232696533;0.6517002582550049;0.5230369567871094;1.5110570192337036;0.7046552896499634;1.4476344585418701;0.30850648880004883;1.5709480047225952;0.35328543186187744;2.7653348445892334;0.354503870010376;2.138469934463501;0.5873820781707764;2.1768012046813965;0.2857956886291504;2.1546075344085693;0.447467565536499;1.0811588764190674;-0.00598597526550293;0.23994708061218262;-0.1894056797027588;-0.06811881065368652;-0.041757822036743164;0.06821334362030029;0.09631693363189697;0.3460371494293213;0.4088704586029053;-0.32212352752685547;0.3038792610168457;0.06369936466217041;0.5596212148666382;0.33971548080444336;0.9948163032531738;2.824528694152832;2.763671398162842;0.09843277931213379;1.245732069015503;-0.9165749549865723;1.0971856117248535;0.5597299337387085;1.6708532571792603;0.8359549045562744;2.012470006942749,2.824528694152832,18.63961320002981,18.639613200029807;18.639613200029807;18.639613200029807;18.639613200029807;18.639613200029807;18.63961320002981;18.63961320002981;18.639613200029807;18.639613200029807;18.63961320002981;18.639613200029807;18.639613200029807;18.639613200029807;18.639613200029803;18.639613200029807;18.639613200029807;18.63961320002981;18.639613200029807;18.63961320002981;18.639613200029807;18.639613200029807;18.639613200029807;18.63961320002981;18.639613200029807;18.639613200029807;18.639613200029807;18.639613200029807;18.639613200029807;18.639613200029807;18.639613200029803;18.639613200029807;18.639613200029807;18.63961320002981;18.639613200029807;18.639613200029807;18.639613200029803;18.639613200029807;18.639613200029807;18.639613200029807;18.639613200029807;18.63961320002981;18.639613200029807;18.639613200029803;18.639613200029807;18.639613200029807;18.639613200029803;18.63961320002981;18.639613200029807,10.376573439511988,6.000488914555232;6.054818325528419;6.1101405403088105;6.166483023255631;6.22387426116736;6.282343811307742;6.341922352164499;6.40264173712395;6.4645350512587845;6.527636671441753;6.591982330014742;6.657609182261033;6.724555877948406;6.7928626372325995;6.862571331234299;6.933725567628884;7.006370781616568;7.080554332671683;7.156325607504047;7.233736129702764;7.312839676574009;7.393692403729544;7.47635297803254;7.560882719562135;7.647345753318682;7.7358091714584;7.826343206920088;7.919021419388141;8.013920894626803;8.111122458320851;8.21071090566951;8.31277524810436;8.41740897864003;8.524710357520302;8.634782719994083;8.747734808247557;8.863681129733806;8.982742344381956;9.10504568343829;9.230725402995711;9.359923275610166;9.492789123788588;9.629481399568878;9.770167814905765;9.915026028135479;10.064244392427025;10.218022772850015;10.376573439511988
686,Ca_JVASP-69323_Ba2CaTa.json,1.251029133796692,-0.2852569818496704;-0.22804057598114014;7.621924877166748;2.466170310974121;-0.3330944776535034;0.30378925800323486;0.2522467374801636;0.21049392223358154,7.621924877166748,37.97402760412618,37.97402760412617;37.974027604126164;37.97402760412617;37.97402760412617;37.97402760412617;37.97402760412617;37.97402760412617;37.97402760412618,7.273340384694344,6.758767715443461;6.827774843638614;6.898205635260774;6.970104606206152;7.043518147849043;7.118494626861782;7.195084491478653;7.273340384694344
687,Ca_JVASP-93315_CaMg5.json,0.36749267578125,1.482839584350586;0.444915771484375;0.21307659149169922;0.10158157348632812;-0.00699162483215332;0.11265397071838379;0.8045744895935059;0.15696239471435547;-0.002178668975830078,1.482839584350586,31.962877114764623,31.96287711476462;31.96287711476462;31.962877114764616;31.962877114764623;31.962877114764616;31.962877114764623;31.962877114764616;31.962877114764623;31.962877114764616,23.638569805434553,18.427519126852783;18.949694425570428;19.502326223220244;20.0881591802019;20.71027795915441;21.372161555927867;22.077748392747296;22.831514745626784;23.638569805434553
688,Ca_JVASP-103068_Na2CaSi.json,2.3666032552719116,0.741417646408081;1.270121693611145;1.8668239116668701;3.8996070623397827;2.3424015045166016;3.3377506732940674;2.6650230288505554;2.8096805214881897,3.8996070623397827,57.04289643796279,57.04289643796278;57.04289643796278;57.04289643796279;57.04289643796279;57.04289643796278;57.04289643796279;57.04289643796279;57.04289643796278,42.36729849232351,29.350762099940443;30.69810517344579;32.17509908394424;33.801403607035006;35.60086497247232;37.60269288061858;39.84305827816734;42.36729849232351
689,Ca_JVASP-74453_NaCa2Be.json,0.9179551601409912,-0.0035778284072875977;0.10820114612579346;0.10381150245666504;1.3596279621124268;0.7227745056152344;0.2413167953491211;3.5081576108932495;2.1977282762527466;1.3312456607818604;0.8124115467071533;0.48600220680236816;0.4100382328033447;0.6620082855224609;0.711510181427002;0.14812302589416504;2.9618494510650635;1.3222029209136963;0.9272716045379639;1.4143701791763306;0.29116570949554443;-0.40453004837036133;2.110550880432129;0.845421314239502;-0.2367572784423828,3.5081576108932495,33.346146432634654,33.34614643263465;33.34614643263465;33.34614643263465;33.34614643263465;33.34614643263465;33.34614643263465;33.34614643263465;33.34614643263465;33.34614643263464;33.34614643263465;33.346146432634654;33.34614643263465;33.34614643263465;33.34614643263464;33.34614643263465;33.34614643263465;33.34614643263465;33.34614643263465;33.34614643263465;33.34614643263465;33.34614643263465;33.34614643263465;33.346146432634654;33.34614643263465,63.19592529150269,19.91349480445496;20.52467752830684;21.174564871623488;21.866953650685826;22.606154078979664;23.39707957878851;24.2453561298575;25.15745629996373;26.14086471112666;27.204283893145558;28.357892512950144;29.613672215363813;30.985825329106582;32.491314341727815;34.15056667256845;35.988407013281915;38.03530783891175;40.329092404278995;42.91729349980076;45.860482762192134;49.23707075606272;53.150396096757376;57.7394870910527;63.19592529150269
690,Li_JVASP-39882_Li2CaSi.json,0.9416093826293945,0.21798264980316162;0.10978996753692627;0.5947078466415405;3.0279113054275513;1.0125402212142944;0.857617974281311;1.708958625793457;1.243753433227539;0.22024202346801758;0.6660676002502441;0.7393672466278076;0.9211866855621338;1.130049467086792;1.245657205581665;0.4118468761444092;0.9580709934234619,3.0279113054275513,79.8446093585191,79.8446093585191;79.8446093585191;79.84460935851908;79.84460935851908;79.8446093585191;79.84460935851908;79.84460935851908;79.84460935851908;79.8446093585191;79.8446093585191;79.8446093585191;79.8446093585191;79.8446093585191;79.8446093585191;79.84460935851908;79.8446093585191,48.53151632888626,40.83325922980406;41.269683028028126;41.71553656150851;42.17112878808937;42.6367823116626;43.11283414397782;43.59963651806375;44.09755775738652;44.60698320525253;45.12831621938408;45.66197923706305;46.208414916753775;46.76808736268935;47.34148343954158;47.92911418500171;48.53151632888626
691,Ca_JVASP-85698_CaSiSnO5.json,8.855245113372803,6.227846145629883;6.8651885986328125;7.307368755340576;8.857759952545166;7.214279651641846;8.744676113128662;9.32858419418335;10.545673847198486;11.719097137451172;11.349626541137695;10.01888656616211;9.289159774780273;9.523240089416504;8.638079643249512;8.186777114868164;7.867677688598633,11.719097137451172,27.84181840956555,27.841818409565548;27.841818409565548;27.841818409565548;27.841818409565544;27.84181840956555;27.841818409565548;27.841818409565548;27.841818409565548;27.841818409565544;27.84181840956555;27.841818409565548;27.841818409565548;27.841818409565548;27.84181840956555;27.84181840956555;27.841818409565548,7.305328223096511,6.276799365495416;6.336272293606418;6.396883019197968;6.458664509024306;6.521651015839706;6.5858781417229935;6.651382905181118;6.718203812297522;6.78638093221264;6.855955977247443;6.9269723880066385;6.999475423826441;7.0735122589625705;7.149132084948097;7.226386219587792;7.305328223096511
692,Li_JVASP-21958_LiCaGe2.json,1.0128350257873535,0.8754681348800659;0.8894425630569458;0.8376184701919556;0.8058079481124878;0.8998719453811646;0.723413348197937;0.9171539545059204;1.2338351011276245;1.6626079082489014;0.96370530128479;1.0948374271392822;1.250258207321167,1.6626079082489014,44.12318456389929,44.12318456389929;44.12318456389927;44.12318456389927;44.12318456389928;44.12318456389928;44.12318456389927;44.12318456389928;44.12318456389928;44.12318456389928;44.12318456389927;44.12318456389928;44.12318456389927,12.01193838265998,11.614500231891961;11.649540916581774;11.684793675000678;11.720260438265893;11.755943161012038;11.79184382175022;11.827964423233741;11.864306992830507;11.900873582902367;11.937666271191464;11.974687161213767;12.01193838265998
693,Ca_JVASP-93832_CaClO.json,11.346718072891235,9.03805923461914;8.853760242462158;9.103359699249268;9.40907621383667;9.54491376876831;9.048988819122314;9.704164028167725;8.849253416061401;8.770737528800964;8.200851321220398;9.949572443962097;10.473417401313782;10.92932391166687;12.32095456123352;12.448093354701996;14.505596578121185;17.525358200073242;25.565444588661194,25.565444588661194,40.0758165476383,40.0758165476383;40.07581654763828;40.07581654763829;40.07581654763828;40.07581654763829;40.07581654763829;40.07581654763829;40.0758165476383;40.0758165476383;40.07581654763829;40.07581654763829;40.0758165476383;40.07581654763829;40.07581654763829;40.0758165476383;40.07581654763829;40.07581654763829;40.07581654763829,27.738453017912576,16.26750442179205;16.673091690410683;17.099420592071148;17.548123961156826;18.021010638472724;18.52008984311525;19.04759970946277;19.606040844083463;20.198215963901387;20.827276941399873;21.496780923584698;22.210757634286534;22.973790549165916;23.79111539820674;24.668740470026847;25.613594563328704;26.633710293231985;27.738453017912576
694,K_JVASP-119411_K3CaP2O8.json,5.342082659403483,4.66205358505249;4.681125164031982;4.602136135101318;4.917304515838623;5.891732692718506;5.882232189178467;5.483177661895752;5.401115894317627;4.36755895614624;4.247741222381592;4.157228469848633;4.305415153503418;4.6997528076171875;4.983562469482422;4.9189581871032715;4.973259449005127;5.714071750640869;5.107931613922119;6.367106914520264;5.671016216278076;6.724183559417725;6.357797145843506;7.080463409423828;7.013058662414551,7.080463409423828,26.431515742181432,26.431515742181425;26.431515742181425;26.431515742181425;26.431515742181425;26.43151574218143;26.431515742181425;26.431515742181425;26.431515742181425;26.431515742181425;26.43151574218143;26.431515742181425;26.43151574218143;26.43151574218143;26.431515742181425;26.431515742181432;26.431515742181425;26.43151574218143;26.431515742181425;26.43151574218142;26.43151574218143;26.43151574218143;26.431515742181425;26.431515742181425;26.431515742181425,14.261689708862436,9.64593856030758;9.78360962875188;9.925267400999541;10.071087592793951;10.22125640018597;10.375971292714121;10.535441879728165;10.699890857847963;10.869555048563358;11.044686536141596;11.225553917340738;11.412443675958958;11.605661697014401;11.805534937388705;12.012413272127084;12.226671538326547;12.44871180173011;12.678965874861472;12.917898119881828;13.166008574448744;13.423836444854272;13.691964017794493;13.97102105049561;14.261689708862436
695,Ca_JVASP-90600_Ca3Mg.json,0.5080255667368571,2.2163196802139282;0.2977358102798462;0.3832099437713623;0.0886087417602539;1.4135403633117676;0.8290495872497559;1.1219191551208496;0.5327954292297363;5.8266987800598145;-1.2316656112670898;0.4469740390777588;-0.9893720149993896;1.1060495376586914;0.1610240936279297;0.13564205169677734;-0.05606269836425781;-0.09488868713378906;-0.5198230743408203;0.15992212295532227;0.36269617080688477;-0.9143643379211426;0.4447956085205078;0.1092987060546875;0.36251020431518555,5.8266987800598145,39.32823924386324,39.32823924386322;39.32823924386322;39.32823924386324;39.32823924386322;39.32823924386322;39.32823924386323;39.32823924386323;39.32823924386322;39.32823924386323;39.32823924386322;39.32823924386322;39.328239243863216;39.32823924386323;39.32823924386322;39.32823924386323;39.32823924386323;39.32823924386323;39.32823924386322;39.32823924386323;39.32823924386323;39.32823924386324;39.32823924386323;39.32823924386323;39.32823924386322,114.28325911491275,23.178416691265944;24.010629815174152;24.904829189365767;25.86820814756332;26.909117832440874;28.0373099072007;29.264242994561418;30.60347325782356;32.071157371065645;33.68670750884366;35.47365480364975;37.46080301614235;39.68379297030263;42.18725914627641;45.02785753353568;48.278605043594446;52.035244864931556;56.42583436377305;61.62563429762412;67.88106618319557;75.54990912274239;85.17221429514707;97.6033203728791;114.28325911491275
696,Na_JVASP-147327_NaCaScZnSi4O12.json,4.409457206726074,3.136106491088867;4.3102874755859375;3.67946720123291;4.861056327819824;3.8241357803344727;5.06257438659668;4.417746067047119;5.984283924102783,5.984283924102783,24.44125082404606,24.441250824046058;24.441250824046058;24.441250824046058;24.44125082404606;24.44125082404606;24.441250824046055;24.441250824046058;24.441250824046058,7.320386056712351,7.012166590248704;7.05459926298534;7.097548607301375;7.141024117697741;7.185035522740578;7.229592792318894;7.274706145173957;7.320386056712351
697,Ca_JVASP-70958_Ca2BeBi.json,2.757479667663574,1.3542828559875488;1.1045738458633423;1.2795305848121643;1.122751533985138;2.032929301261902;1.663381576538086;6.48056823015213;3.052910625934601;2.639993906021118;3.8628501892089844;1.4957517385482788;2.204028010368347;1.1326910257339478;2.8505653142929077;4.395440578460693;7.447425365447998,7.447425365447998,44.74685256775417,44.74685256775416;44.74685256775417;44.74685256775416;44.74685256775417;44.74685256775417;44.74685256775416;44.74685256775416;44.74685256775417;44.74685256775416;44.74685256775417;44.74685256775416;44.74685256775417;44.74685256775417;44.74685256775416;44.74685256775416;44.74685256775417,15.023094781532997,11.236629561226248;11.42866384259486;11.627375990247621;11.833120495420244;12.046277391977414;12.267254599185872;12.496490527161273;12.734456980002932;12.981662397068135;13.238655479244171;13.506029254647189;13.78442564715243;14.074540621836007;14.377129994149596;14.693016004910165;15.023094781532997
698,Ca_JVASP-64115_Ba4CaW.json,0.9229429960250854,3.1799683570861816;2.039397716522217;0.49839258193969727;0.18117380142211914;0.2995781898498535;0.2774627208709717;0.38645219802856445;0.5211184024810791,3.1799683570861816,23.14049080876661,23.140490808766604;23.140490808766607;23.140490808766607;23.14049080876661;23.140490808766607;23.140490808766604;23.140490808766607;23.14049080876661,4.538576164971361,4.332737349932476;4.360992324933101;4.389618235875727;4.418622435586658;4.448012472518629;4.477796097300323;4.507981269550792;4.538576164971361
699,Ca_JVASP-74010_CaBeFe2.json,0.02843785285949707,-1.6604771614074707;-1.6094155311584473;-0.6049752235412598;-0.1870255470275879;0.9689121246337891;1.5228919982910156;-0.7373707294464111;-0.7180984020233154;0.1114349365234375;0.16679668426513672;1.5125455856323242;1.5229949951171875;-0.4932069778442383;-0.6208868026733398;-0.3209238052368164;-0.02088451385498047;0.5730452537536621;1.1065244674682617,1.5229949951171875,45.491677902598475,45.49167790259847;45.491677902598475;45.491677902598475;45.49167790259847;45.49167790259847;45.49167790259847;45.491677902598475;45.49167790259847;45.49167790259847;45.491677902598475;45.49167790259847;45.491677902598475;45.491677902598475;45.49167790259847;45.491677902598475;45.491677902598475;45.49167790259847;45.491677902598475,12.112474400507692,9.260912434645675;9.390962667448765;9.524717493022669;9.662337491264164;9.80399265882749;9.949863109668874;10.10013983907465;10.255025557987652;10.414735605295554;10.579498946714793;10.749559270013933;10.925176187593875;11.10662655890608;11.294205946876446;11.488230224449449;11.689037349620671;11.896989329939943;12.112474400507692
700,Ca_JVASP-94967_Ca2TiO4.json,9.645896673202515,3.875021457672119;4.097052097320557;4.639706134796143;4.8266682624816895;5.134062767028809;5.35127067565918;7.783267498016357;9.999945163726807;11.67732286453247;11.883492946624756;10.436076164245605;9.203360557556152;15.784255504608154;16.81708002090454;12.369095802307129;11.246501922607422;10.363576889038086;11.358887672424316;10.18934679031372;10.234982967376709;11.06915283203125;10.398740768432617;10.139973163604736;9.491569995880127;8.850290775299072;8.891756534576416;10.184041500091553;9.661783695220947;9.98416805267334;9.78366756439209;8.060627937316895;8.537276268005371;10.345172882080078;11.302276611328125;11.212360382080078;12.06844711303711,16.81708002090454,28.073622172374638,28.07362217237463;28.07362217237463;28.073622172374634;28.07362217237463;28.07362217237463;28.073622172374627;28.07362217237463;28.073622172374627;28.073622172374627;28.07362217237463;28.07362217237463;28.073622172374627;28.073622172374623;28.07362217237463;28.07362217237463;28.073622172374634;28.073622172374638;28.073622172374634;28.073622172374634;28.07362217237463;28.07362217237463;28.07362217237463;28.07362217237463;28.07362217237463;28.073622172374634;28.073622172374627;28.073622172374627;28.07362217237463;28.07362217237463;28.073622172374627;28.073622172374623;28.073622172374634;28.073622172374634;28.07362217237463;28.073622172374634;28.073622172374634,13.05071527655231,7.754226300346916;7.845194463750621;7.9383223369292475;8.033687755583376;8.131372341146072;8.231461733776534;8.334045842775817;8.439219115963546;8.547080829712115;8.657735401510365;8.771292727125344;8.887868544650551;9.007584827975766;9.130570212490388;9.256960456143673;9.386898939335934;9.52053720751049;9.658035560763238;9.799563695292795;9.94530140208795;10.095439328900992;10.250179812297116;10.40973778741566;10.574341784045018;10.744235018718435;10.919676593806209;11.100942816037188;11.288328648561487;11.482149312604763;11.682742057007545;11.890468116545305;12.105714882951032;12.328898316090287;12.560465626863396;12.800898268244577;13.05071527655231
701,Li_JVASP-64680_BaLiCa.json,-0.2664982080459595,-0.3326103687286377;-0.44186830520629883;-0.38111138343811035;-0.37566089630126953;-0.18280410766601562;-0.7444634437561035;0.42326998710632324;-0.09673714637756348,0.42326998710632324,36.477853429214505,36.477853429214505;36.477853429214505;36.477853429214505;36.477853429214505;36.477853429214505;36.477853429214505;36.477853429214505;36.477853429214505,18.792482413600453,18.173354291055343;18.25929170202695;18.3460457291747;18.43362806785065;18.522050637808267;18.611325588610434;18.70146530519461;18.792482413600453
702,Ca_JVASP-85433_CaFeClO2.json,9.071517944335938,7.736825466156006;9.831625938415527;8.708378553390503;9.842037916183472;9.443138360977173;8.309931516647339;6.801218509674072;7.540672779083252;7.989716053009033;12.022334575653076;11.06909704208374;9.563238620758057,12.022334575653076,49.15236978782173,49.15236978782173;49.15236978782172;49.152369787821726;49.152369787821726;49.152369787821726;49.152369787821726;49.152369787821726;49.152369787821726;49.152369787821726;49.152369787821726;49.15236978782173;49.152369787821726,17.636735289808918,13.67075448657071;13.95605489608162;14.253517212569836;14.563936036723819;14.888176730838815;15.22718347509613;15.581988450147085;15.953722334090525;16.343626338707516;16.753066054882954;17.183547432632107;17.636735289808918
703,Ca_JVASP-88093_BaCaC2O6.json,5.97151517868042,5.413396835327148;5.575835227966309;5.768212795257568;5.871535778045654;6.479119300842285;6.720991134643555,6.720991134643555,54.91356094168957,54.91356094168956;54.91356094168956;54.91356094168955;54.91356094168956;54.91356094168957;54.91356094168956,16.91855916453646,15.018732794477037;15.363780079593228;15.72505473020531;16.10372905766373;16.50109108117984;16.91855916453646
704,K_JVASP-36991_KCaBr3.json,2.637864828109741,2.0027966499328613;2.0819525718688965;2.9765838384628296;3.068435311317444;3.198003649711609;2.4387437105178833;2.9494614601135254;2.386941432952881,3.198003649711609,30.890720823286735,30.890720823286728;30.89072082328673;30.890720823286724;30.890720823286728;30.89072082328673;30.890720823286735;30.89072082328673;30.890720823286735,11.768361289233125,10.505826554749387;10.669345119194126;10.838034351722456;11.012143447062812;11.191937874277015;11.377700727360448;11.56973421261523;11.768361289233125
705,Ca_JVASP-68554_CaBe2Pb.json,1.7693639993667603,0.7927840948104858;1.0042082071304321;0.9603316187858582;0.8591426014900208;0.8521691560745239;0.7211283445358276;2.289215385913849;1.8848292231559753;1.9140048027038574;1.8430941104888916;2.64591783285141;2.440470039844513;2.0077651739120483;2.0439542531967163;2.1668115854263306;2.2818161249160767;2.563062310218811;2.577847123146057,2.64591783285141,29.78668939654889,29.78668939654888;29.78668939654888;29.786689396548876;29.786689396548887;29.786689396548883;29.786689396548883;29.786689396548883;29.786689396548883;29.786689396548883;29.78668939654888;29.78668939654888;29.78668939654889;29.786689396548883;29.786689396548883;29.786689396548883;29.78668939654888;29.786689396548883;29.786689396548883,6.546340589160421,5.612355518733315;5.659855976619878;5.708167342777998;5.757310561219967;5.807307303473029;5.858180000444968;5.909951875979372;5.962646982206034;6.01629023679955;6.070907462267356;6.12652542739738;6.183171891005048;6.240875648129902;6.299666578843304;6.359575699841097;6.420635219008361;6.482878593157971;6.546340589160421
706,Ca_JVASP-68353_CaBeSb2.json,2.053590774536133,2.2454278469085693;2.1752188205718994;2.3001773357391357;2.307434320449829;2.0112651586532593;2.1037408113479614;1.470833420753479;1.8146284818649292,2.307434320449829,59.07339380537638,59.07339380537638;59.07339380537637;59.07339380537638;59.07339380537638;59.07339380537638;59.07339380537637;59.07339380537638;59.07339380537637,13.008309536712213,11.449311665234154;11.648748740888152;11.855257032639486;12.069219402069335;12.291046858133699;12.521181192283679;12.760097915270215;13.008309536712213
707,Ca_JVASP-88284_CaMgSiO4.json,9.438202381134033,7.453008651733398;7.473406791687012;10.22334337234497;11.25979471206665;15.39406156539917;14.454774379730225;10.744527816772461;7.5781450271606445;8.11069631576538;6.989260196685791;8.46599292755127;7.539124488830566;8.6434006690979;8.1855788230896;9.645790576934814;8.850331783294678,15.39406156539917,32.157552861096974,32.15755286109697;32.157552861096974;32.15755286109697;32.15755286109697;32.157552861096974;32.157552861096974;32.157552861096974;32.15755286109697;32.157552861096974;32.15755286109697;32.157552861096974;32.157552861096974;32.157552861096974;32.15755286109697;32.157552861096974;32.15755286109697,14.089079569835343,10.705786014155425;10.879963997879623;11.059903299329768;11.245894577878094;11.438248379064072;11.637296864890597;11.84339572798351;12.056926312819236;12.278297970633727;12.507950678608008;12.746357958591041;12.994030136101602;13.251517986809688;13.51941682533168;13.798371100224957;14.089079569835343
708,Ca_JVASP-74500_CaBe2Fe.json,2.1437183618545532,0.5383141040802002;0.3577454090118408;0.8124597072601318;2.093803644180298;1.4421685934066772;1.494148850440979;3.139643669128418;7.271462917327881,7.271462917327881,96.16706265491746,96.16706265491744;96.16706265491746;96.16706265491744;96.16706265491744;96.16706265491744;96.16706265491743;96.16706265491743;96.16706265491744,42.47239858879359,29.401164296691313;30.753245340391693;32.23567810591093;33.86826774860354;35.675045623613336;37.685460092087474;39.935994009155834;42.47239858879359
709,Ca_JVASP-100231_SrCa3.json,0.42418638865152997,2.1385695934295654;1.141559362411499;0.9596128463745117;0.5463547706604004;0.807420015335083;0.5192654132843018;0.15606975555419922;0.3652529716491699;0.6189142465591431;0.15283191204071045;0.6641855239868164;0.2512850761413574;1.089571475982666;0.19474220275878906;2.394400119781494;0.13268184661865234;1.2801554203033447;0.8271119594573975;2.5592756271362305;1.0736608505249023;1.2900824546813965;0.9553050994873047;0.2975444793701172;0.781404972076416;0.817234992980957;-0.04637336730957031;0.07030510902404785;-0.19862866401672363;-0.29792189598083496;-0.24791836738586426;0.3022477626800537;0.5480606555938721;-0.5760965347290039;-0.030252456665039062;-0.5723047256469727;-0.17444610595703125;-0.31443047523498535;0.23991751670837402;0.34964561462402344;0.3548283576965332;-0.1335611343383789;0.29864978790283203;-0.041400909423828125;0.032660484313964844;-0.22337102890014648;-0.03657341003417969;-0.935783863067627;-0.020798683166503906,2.5592756271362305,15.904223043565889,15.904223043565885;15.904223043565883;15.904223043565887;15.904223043565885;15.904223043565887;15.904223043565889;15.904223043565887;15.904223043565887;15.904223043565885;15.904223043565889;15.904223043565887;15.904223043565885;15.904223043565887;15.904223043565885;15.904223043565887;15.904223043565885;15.904223043565887;15.904223043565885;15.904223043565887;15.904223043565885;15.904223043565889;15.904223043565887;15.904223043565885;15.904223043565887;15.904223043565887;15.904223043565885;15.904223043565885;15.904223043565885;15.904223043565887;15.904223043565887;15.904223043565889;15.904223043565887;15.904223043565887;15.904223043565887;15.904223043565885;15.904223043565883;15.904223043565883;15.904223043565885;15.904223043565889;15.904223043565887;15.904223043565885;15.904223043565887;15.904223043565887;15.904223043565885;15.904223043565883;15.904223043565887;15.904223043565885;15.904223043565889,18.586351271715433,8.058986524528969;8.157291077181089;8.258023508526588;8.361274887023303;8.467140893370187;8.575722116240403;8.687124371064629;8.80145904398815;8.918843463351939;9.039401301302043;9.163263008417124;9.290566284565099;9.421456589561853;9.556087697613288;9.694622299983907;9.837232660857799;9.984101331951198;10.135421932109702;10.291399998890705;10.45225392000689;10.618215953507109;10.789533346716626;10.966469565273528;11.149305645110223;11.33834168197164;11.533898475075294;11.736319343849503;11.945972139392477;12.163251475443893;12.388581207335072;12.622417191682056;12.865250364628617;13.117610182379083;13.380068474762046;13.653243770853722;13.937806165531997;14.234482807559955;14.544064103821027;14.867410751157214;15.20546172753495;15.559243398781748;15.929879926911514;16.318605202370637;16.726776567025798;17.155890649475307;17.607601702003286;18.083742912719124;18.586351271715433
710,Ca_JVASP-86460_CaAs2O6.json,9.706680297851562,8.815723896026611;8.701703548431396;9.068050384521484;9.770706176757812;9.82836627960205;10.367173194885254;10.187520027160645;10.914198875427246,10.914198875427246,52.26262618178592,52.262626181785905;52.26262618178592;52.26262618178591;52.26262618178591;52.262626181785905;52.26262618178592;52.26262618178591;52.26262618178591,13.355367156179152,11.717310057649087;11.926278208810785;12.14283523568625;12.367402179307042;12.600431814139569;12.842411695144474;13.093867562806595;13.355367156179152
711,Li_JVASP-118839_LiCaAs.json,1.2022099494934082,-0.03376781940460205;0.07480227947235107;0.5777883529663086;0.5372655391693115;1.2054234743118286;1.1622670888900757;2.6260006427764893;3.467900037765503,3.467900037765503,55.37633205790348,55.37633205790348;55.376332057903475;55.376332057903475;55.376332057903475;55.376332057903475;55.376332057903475;55.376332057903475;55.376332057903475,28.914001954727826,27.47391082329338;27.670792512853414;27.87051633008754;28.073144264639605;28.27874012209738;28.487369590979174;28.69910031270772;28.914001954727826
712,Ca_JVASP-93445_CaMnSi.json,1.8127236366271973,0.7455935478210449;1.099207878112793;0.8047976493835449;0.9674968719482422;0.5990960597991943;0.7292120456695557;1.2828702926635742;1.439539909362793;1.4905412197113037;1.704725980758667;1.9277067184448242;1.9514164924621582;1.4433088302612305;1.3113937377929688;2.251875162124634;2.218400716781616;1.941438913345337;2.156776189804077;2.3394126892089844;1.741520881652832;2.16436767578125;1.266326904296875;1.4456911087036133;1.124150276184082;2.5909595489501953;2.6469926834106445;3.047804832458496;3.172494888305664;2.191164016723633;1.6765117645263672;2.783358573913574;2.7955331802368164;1.942068099975586;1.9732494354248047;2.2568650245666504;2.0341811180114746,3.172494888305664,21.23575321730488,21.235753217304875;21.235753217304875;21.235753217304875;21.235753217304875;21.235753217304875;21.235753217304875;21.235753217304875;21.235753217304875;21.235753217304875;21.23575321730488;21.235753217304875;21.235753217304875;21.23575321730487;21.235753217304875;21.235753217304875;21.235753217304875;21.235753217304875;21.235753217304875;21.235753217304875;21.235753217304875;21.235753217304875;21.235753217304875;21.235753217304875;21.235753217304875;21.235753217304875;21.235753217304875;21.235753217304875;21.235753217304875;21.23575321730488;21.235753217304875;21.235753217304875;21.235753217304875;21.23575321730488;21.23575321730487;21.235753217304875;21.235753217304875,8.848510899092698,6.047735577682616;6.102927849675832;6.159136780784347;6.216390722907566;6.2747190920479285;6.334152418706133;6.394722401167788;6.45646196187686;6.5194053071066165;6.583587990155268;6.649046978311652;6.715820723855977;6.783949239382142;6.853474177751709;6.924438917015167;6.9968886506643795;7.070870483610707;7.146433534317207;7.223629043550181;7.302510490256074;7.3831337151144;7.465557052366531;7.549841470574395;7.636050723022838;7.724251508545397;7.814513643626099;7.906910246710554;8.001517935748959;8.098417040092675;8.197691827976072;8.299430750937598;8.403726706670138;8.510677321942516;8.620385257403152;8.732958536266278;8.848510899092698
713,Ca_JVASP-91378_CaLu2O4.json,6.87194299697876,3.262392520904541;4.286085605621338;5.298493385314941;5.70623779296875;7.653941631317139;8.121081829071045;7.287345886230469;11.047205924987793;8.495028495788574;5.832500457763672;7.179410457611084;8.293591976165771,11.047205924987793,40.48619751700897,40.48619751700897;40.48619751700896;40.48619751700896;40.48619751700897;40.48619751700897;40.48619751700897;40.48619751700897;40.48619751700897;40.48619751700897;40.48619751700896;40.48619751700897;40.48619751700897,5.3525273998529785,4.919404303549071;4.955861132225774;4.992862345360432;5.030420228046959;5.068547437830347;5.107257018929098;5.1465624171144135;5.186477495281748;5.227016549752657;5.268194327347168;5.310026043269547;5.3525273998529785
714,Na_JVASP-38516_NaCaTl2.json,1.0268750190734863,0.1633925437927246;0.15790152549743652;1.571351408958435;2.351352572441101;0.6586205959320068;1.0758154392242432;1.2367570400238037;0.9998090267181396,2.351352572441101,50.340813762057124,50.340813762057124;50.34081376205712;50.340813762057124;50.340813762057124;50.340813762057124;50.340813762057124;50.34081376205712;50.34081376205712,7.416535954387919,7.10034153563492;7.143851373392052;7.187897742573683;7.2324906289165405;7.277640267505707;7.323357150606433;7.369652035793007;7.416535954387919
715,Ca_JVASP-64780_Ba4CaSn.json,1.2153550386428833,4.0044660568237305;2.1859235763549805;1.3427059650421143;0.06398367881774902;0.8682118654251099;0.5751036405563354;0.44628477096557617;0.2361607551574707,4.0044660568237305,20.235989635455994,20.235989635455994;20.235989635455987;20.235989635455987;20.23598963545599;20.235989635455987;20.235989635455983;20.23598963545599;20.23598963545599,4.977781629567114,4.7312584312563395;4.764970400344038;4.799166237710177;4.833856436106462;4.869051793875927;4.904763426159593;4.94100277659995;4.977781629567114
716,Li_JVASP-39881_Li2CaSn.json,0.7824901342391968,0.21126186847686768;0.2988060712814331;1.0902460813522339;1.5407525300979614;0.688495934009552;1.026284396648407;1.6014705896377563;0.7790783643722534;0.0635419487953186;0.5721773505210876;0.5647902488708496;0.5598268508911133;0.5363221168518066;2.6140334606170654;0.0006364583969116211;0.37211787700653076,2.6140334606170654,68.38268805323104,68.38268805323102;68.38268805323102;68.38268805323102;68.382688053231;68.38268805323102;68.38268805323104;68.38268805323102;68.38268805323104;68.38268805323102;68.38268805323104;68.38268805323102;68.38268805323102;68.38268805323102;68.38268805323102;68.38268805323102;68.38268805323102,20.98382171087858,19.4022422548149;19.500226176377883;19.599204785094244;19.699193304637145;19.800207270936905;19.90226254022828;20.005375297347875;20.109562064290852;20.214839709036372;20.321225454651756;20.428736888685627;20.537391972860807;20.647209053078196;20.75820686974334;20.87040456842787;20.98382171087858
717,Ca_JVASP-85547_CaUO4.json,8.770259380340576,6.9956793785095215;10.54483938217163,10.54483938217163,287.6189999889403,287.6189999889403;287.6189999889403,41.60874190022879,39.171482072994465;41.60874190022879
718,Ca_JVASP-71400_LiCaBe2.json,1.4269399642944336,0.007015705108642578;-0.21596646308898926;2.279369354248047;1.6917173862457275;1.5237011909484863;1.3475875854492188;0.988089919090271;0.5170742273330688;2.451212167739868;2.4324660301208496;1.6124267578125;0.7650654315948486;1.8428752422332764;2.0651633739471436;0.6202379465103149;0.5191954374313354;2.883147120475769;2.3545409440994263,2.883147120475769,37.089505435108734,37.089505435108734;37.08950543510873;37.08950543510873;37.08950543510873;37.08950543510873;37.08950543510873;37.08950543510873;37.08950543510873;37.08950543510873;37.08950543510872;37.08950543510873;37.08950543510873;37.08950543510873;37.089505435108734;37.089505435108734;37.08950543510873;37.08950543510873;37.08950543510873,54.75785494607293,22.89197690833449;23.70338805170673;24.574434265176077;25.51194072274782;26.5238154201469;27.61927278235816;28.80911506943863;30.106089794985973;31.525348240933287;33.085040080299656;34.80709369817583;36.71825358412972;38.851479341843245;41.247862449391064;43.95929901126159;47.052290845045846;50.6134726937639;54.75785494607293
719,Ca_JVASP-96042_CaRh2O4.json,6.89997673034668,5.421483993530273;6.14913272857666;6.7578630447387695;5.920051574707031;6.571778774261475;6.991326808929443;6.295834541320801;7.251913070678711;7.998697757720947;6.52313756942749;8.126973152160645;8.79152774810791,8.79152774810791,48.07076897871121,48.0707689787112;48.07076897871119;48.07076897871119;48.0707689787112;48.0707689787112;48.07076897871119;48.0707689787112;48.0707689787112;48.0707689787112;48.0707689787112;48.07076897871121;48.0707689787112,8.176714590074258,7.207335780548731;7.285859852246337;7.366113813885717;7.44815546651364;7.53204521526607;7.617846217690068;7.7056245423201455;7.795449338345776;7.887393017285829;7.981531447673027;8.077944163848517;8.176714590074258
720,Ca_JVASP-71058_CaBe2Cl.json,4.129142999649048,1.324692964553833;0.9277660846710205;1.8111941814422607;1.5365726947784424;1.839174747467041;1.7560322284698486;2.187438488006592;2.372368097305298;5.138888835906982;5.365469217300415;5.604622840881348;6.0210583209991455;3.578554391860962;3.5378334522247314;7.3019150495529175;7.926420331001282;7.724751353263855;8.369820713996887,8.369820713996887,31.254622426568663,31.25462242656866;31.25462242656866;31.254622426568663;31.25462242656866;31.254622426568655;31.25462242656866;31.254622426568655;31.254622426568655;31.254622426568663;31.254622426568663;31.25462242656866;31.25462242656866;31.25462242656866;31.254622426568652;31.25462242656866;31.254622426568652;31.25462242656866;31.25462242656866,26.73009724644941,15.915401566161346;16.303411947328097;16.710814131547853;17.139099108642107;17.589914740509297;18.0650869497583;18.56664443801809;19.096847639496392;19.65822278128943;20.253602133103254;20.886171799560074;21.559528757266882;22.277749292465465;23.04547158942339;23.867996004981116;24.7514076115037;25.702726999434;26.73009724644941
721,Ca_JVASP-74740_Ca2BeIn.json,2.3935272693634033,0.5927513837814331;0.7645517587661743;1.226531207561493;2.835316002368927;1.9875801801681519;1.18165123462677;3.2044289112091064;2.5818192958831787;2.108881950378418;2.896946430206299;2.20344877243042;1.9413132667541504;0.8396439552307129;1.0309805870056152;0.7627689838409424;2.3145859241485596;3.27986216545105;2.873352289199829;2.944270372390747;2.18943190574646;3.39332914352417;2.9137768745422363;2.9131250381469727;8.464306831359863,8.464306831359863,36.834620114943796,36.83462011494379;36.834620114943796;36.834620114943796;36.834620114943796;36.83462011494379;36.834620114943796;36.834620114943796;36.83462011494379;36.834620114943796;36.834620114943796;36.83462011494379;36.834620114943796;36.834620114943796;36.83462011494379;36.83462011494379;36.834620114943796;36.834620114943796;36.83462011494379;36.83462011494379;36.834620114943796;36.834620114943796;36.834620114943796;36.834620114943796;36.834620114943796,17.56276252887395,10.949059187217848;11.131310362407987;11.319731516819646;11.51464136553407;11.716380959526079;11.925315677210657;12.141837432946335;12.36636713057958;12.59935739434722;12.841295614418597;13.092707350198362;13.35416014139962;13.626267785049269;13.909695146265452;14.20516358217552;14.513457072123034;14.835429163843926;15.172010865199088;15.524219635116799;15.893169656612553;16.280083610368457;16.68630621096726;17.113319821533413;17.56276252887395
722,Ca_JVASP-92378_CaP2Ru2.json,2.920632839202881,2.394315719604492;2.4998979568481445;2.427661895751953;2.824141502380371;2.484557628631592;2.841625690460205;3.72952938079834;4.163332939147949,4.163332939147949,67.81498877124757,67.81498877124757;67.81498877124756;67.81498877124757;67.81498877124757;67.81498877124757;67.81498877124756;67.81498877124756;67.81498877124757,12.449717978707168,11.014348786415677;11.198798289411885;11.389530698327198;11.58687259744825;11.791173604541365;12.00280843794393;12.222179210332415;12.449717978707168
723,Ca_JVASP-85918_CaPt2O4.json,7.551843643188477,7.876290798187256;7.135918140411377;7.391461372375488;7.383686065673828;6.897568941116333;6.786426782608032;7.044129848480225;7.356103897094727;7.488874435424805;7.399120330810547;7.771287441253662;8.000847339630127;7.572372674942017;7.696675539016724;8.344719648361206;8.684015035629272,8.684015035629272,29.63591604834897,29.635916048348967;29.635916048348967;29.635916048348967;29.63591604834897;29.63591604834897;29.635916048348967;29.635916048348967;29.63591604834897;29.63591604834897;29.635916048348967;29.635916048348967;29.635916048348967;29.635916048348967;29.635916048348967;29.635916048348967;29.635916048348967,3.6680553632670128,3.3892044025849692;3.406468719886652;3.42390982363433;3.441530443239884;3.459333364591817;3.477321431523611;3.4954975473281307;3.513864676319774;3.5324258454461313;3.5511841459509954;3.570142735090644;3.5893048379053876;3.608673749048482;3.6282528346745724;3.6480455343899547;3.6680553632670128
724,Ca_JVASP-65710_BaCa2Y.json,0.525139570236206,0.722366452217102;0.8496700525283813;2.474303662776947;-1.349066436290741;3.29994535446167;-0.10490429401397705;-0.7276397943496704;-0.9635584354400635,3.29994535446167,66.77708482825321,66.77708482825321;66.77708482825321;66.77708482825321;66.77708482825321;66.77708482825321;66.77708482825321;66.77708482825321;66.77708482825321,28.361073827531357,21.868845228139918;22.608175711414752;23.399245155105817;24.247681589364966;25.159960025202793;26.14356801459658;27.207211625192965;28.361073827531357
725,Ca_JVASP-96984_CaV3O7.json,5.68290901184082,5.530039310455322;5.574660778045654;5.673064231872559;5.555893898010254;5.848334789276123;5.871934413909912;5.683263301849365;5.726081371307373,5.871934413909912,38.94075579703349,38.94075579703349;38.94075579703349;38.94075579703349;38.94075579703349;38.94075579703349;38.94075579703349;38.94075579703349;38.94075579703348,12.415908347268543,10.987877499280543;11.171434088226738;11.36122763026331;11.55758150150521;11.760841826610152;11.971379514953261;12.18959251949277;12.415908347268543
726,Ca_JVASP-99663_Ca2IrPtO6.json,8.088043212890625,6.503008842468262;6.648519515991211;6.590585708618164;6.662135124206543;8.566036701202393;8.452983379364014;8.107338905334473;8.237435340881348;7.697996139526367;7.808380126953125;8.053755760192871;8.313870429992676;9.447766304016113;9.394423484802246;9.508091926574707;9.416363716125488,9.508091926574707,47.90650469076527,47.90650469076526;47.90650469076526;47.90650469076526;47.90650469076526;47.90650469076525;47.90650469076526;47.90650469076527;47.90650469076527;47.90650469076526;47.90650469076526;47.90650469076526;47.90650469076526;47.90650469076525;47.90650469076526;47.90650469076526;47.90650469076526,6.860815308845854,5.945807000434975;5.999146324143696;6.053451315755845;6.108748438847721;6.165065132868928;6.22242985854392;6.280872145832082;6.340422644616126;6.4011131783016335;6.462976800524666;6.526047855179786;6.590362039997526;6.655956473918613;6.722869768532124;6.791142103866477;6.860815308845854
727,Ca_JVASP-93523_CaMg.json,0.5043985843658447,1.4925951957702637;0.6842055320739746;0.5354733467102051;0.668858528137207;0.8282425403594971;0.7294914722442627;0.37146878242492676;-0.06925225257873535;-0.5846352577209473;2.408712863922119;1.746882677078247;1.1401450634002686;1.7152361869812012;0.31728315353393555;-1.4768314361572266;0.3505282402038574;-1.3565964698791504;-3.709120750427246;2.087310791015625;2.548346519470215;2.294471263885498;1.439103603363037;-0.037955522537231445;-0.5085446834564209;-0.23436689376831055;-0.12303400039672852;0.36074328422546387,2.548346519470215,25.31979779169988,25.319797791699877;25.319797791699873;25.319797791699877;25.31979779169987;25.319797791699873;25.319797791699877;25.319797791699873;25.31979779169988;25.31979779169987;25.319797791699877;25.319797791699873;25.319797791699877;25.319797791699877;25.319797791699873;25.319797791699877;25.319797791699877;25.319797791699873;25.319797791699873;25.319797791699877;25.319797791699877;25.319797791699877;25.319797791699877;25.319797791699873;25.319797791699873;25.319797791699877;25.319797791699873;25.31979779169987,38.490565824724094,15.417850330350094;15.781702457811958;16.163143051656547;16.563479028958596;16.984150076526547;17.42674595036585;17.89302655239203;18.384945318862467;18.904676575868884;19.454647669753186;20.03757687396022;20.656518321327606;21.31491552929335;22.01666549835098;22.76619590342494;23.56855860825778;24.429543676890752;25.355819322442073;26.355104948596725;27.43638678776682;28.61018889271997;29.888916799777753;31.28729766363474;32.822950009137394;34.51712993192402;36.395720970396304;38.490565824724094
728,Ca_JVASP-73979_CaBeRu2.json,1.0000786781311035,-1.05385422706604;-0.9653351306915283;1.1053292751312256;0.991722822189331;1.4908177852630615;1.0344641208648682;0.4168691635131836;0.4211559295654297;0.8908059597015381;1.722290277481079;1.2699000835418701;1.9636528491973877;0.2985372543334961;0.9185161590576172;0.5764374732971191;0.6486172676086426;2.5845518112182617;3.6869373321533203,3.6869373321533203,39.3503896233347,39.350389623334685;39.35038962333469;39.3503896233347;39.35038962333469;39.35038962333469;39.35038962333469;39.350389623334685;39.350389623334685;39.3503896233347;39.35038962333469;39.3503896233347;39.35038962333469;39.35038962333469;39.35038962333469;39.35038962333469;39.35038962333469;39.35038962333469;39.35038962333469,6.978067279738801,5.926720965112365;5.979716873965294;6.033669098045186;6.08860375820047;6.1445479353087915;6.201529714791408;6.2595782336276145;6.318723730034551;6.3789975959903495;6.440432432792333;6.503062109856854;6.566921826983582;6.632048180324793;6.6984792323193885;6.766254585872498;6.835415463084404;6.906004788857671;6.978067279738801
729,Ca_JVASP-95414_CaV2O4.json,4.663681983947754,2.5957584381103516;4.088525772094727;4.975823402404785;3.1631078720092773;4.588448524475098;5.754214286804199;4.0390625;4.813835144042969;5.573085308074951;4.415982723236084;5.689529895782471;6.266809940338135,6.266809940338135,49.934763160688235,49.93476316068823;49.93476316068823;49.93476316068822;49.93476316068822;49.934763160688235;49.934763160688235;49.934763160688235;49.93476316068823;49.93476316068823;49.93476316068823;49.93476316068823;49.93476316068823,13.198505263800447,10.844202573199626;11.022951214419884;11.207691363726315;11.398729401597704;11.596392960093958;11.801032797973749;12.013024877918156;12.2327726717396;12.460709723312732;12.697302503481195;12.943053596497645;13.198505263800447
730,Li_JVASP-35170_LiCaAlN2.json,1.1277425289154053,0.9332764148712158;0.821030855178833;0.8668949604034424;0.7840931415557861;0.8295776844024658;0.757767915725708;0.7875101566314697;0.7200033664703369;0.8203318119049072;0.7984316349029541;0.8159687519073486;0.7635185718536377;0.8032920360565186;0.8203275203704834;0.7882144451141357;0.7574174404144287;1.3475639820098877;1.3706743717193604;1.5083515644073486;1.5870554447174072;1.3061707019805908;1.417426347732544;1.4420444965362549;1.6023495197296143;1.3607065677642822;1.5060503482818604;1.4140651226043701;1.4262940883636475;1.4025561809539795;1.538304090499878;1.472952127456665;1.5175392627716064,1.6023495197296143,24.179847923470614,24.17984792347061;24.17984792347061;24.179847923470614;24.179847923470607;24.17984792347061;24.17984792347061;24.17984792347061;24.179847923470607;24.17984792347061;24.17984792347061;24.17984792347061;24.17984792347061;24.17984792347061;24.17984792347061;24.179847923470614;24.179847923470614;24.17984792347061;24.179847923470607;24.17984792347061;24.17984792347061;24.17984792347061;24.17984792347061;24.17984792347061;24.179847923470614;24.179847923470607;24.179847923470607;24.17984792347061;24.17984792347061;24.17984792347061;24.179847923470607;24.17984792347061;24.179847923470614,8.789460134531032,8.210116225575494;8.227610110037968;8.245178704643507;8.262822489006815;8.2805419468567;8.29833756608026;8.316209838767692;8.334159261257629;8.352186334183095;8.370291562518046;8.388475455624528;8.406738527300444;8.425081295827944;8.443504284022453;8.462008019282344;8.480593033639272;8.499259863809158;8.518009051243858;8.53684114218352;8.555756687709623;8.574756243798742;8.593840371377015;8.613009636375347;8.632264609785354;8.65160586771605;8.67103399145132;8.690549567508143;8.710153187695612;8.729845449174766;8.749626954519222;8.769498311776642;8.789460134531032
731,K_JVASP-36962_KCaCl3.json,3.4504289627075195,2.064323902130127;2.1273322105407715;4.030583381652832;2.767115592956543;3.0918381214141846;3.2040956020355225;3.2266464233398438;7.091496467590332,7.091496467590332,36.420364535867215,36.420364535867215;36.42036453586721;36.420364535867215;36.42036453586721;36.420364535867215;36.420364535867215;36.420364535867215;36.42036453586721,22.139110816159555,18.056861255722705;18.545375195527757;19.06105684383635;19.606237336560213;20.18352236098547;20.795833801364605;21.446459202135877;22.139110816159555
732,Ca_JVASP-105860_SrCa3.json,0.365054448445638,1.8968265056610107;1.2892696857452393;0.15336525440216064;0.25440728664398193;0.08774590492248535;0.1759021282196045;0.3632242679595947;0.3509714603424072;1.2593464851379395;0.717003345489502;2.4534034729003906;1.8981199264526367;-0.25079917907714844;0.5355868339538574;0.7441244125366211;0.8399882316589355;-0.5545248985290527;-0.5790605545043945;-0.7006149291992188;-0.6757521629333496;0.45235204696655273;-1.181131362915039;-0.01417398452758789;-0.7542734146118164,2.4534034729003906,31.982922100525517,31.98292210052551;31.982922100525514;31.98292210052551;31.98292210052551;31.98292210052551;31.982922100525514;31.982922100525514;31.982922100525514;31.98292210052551;31.982922100525514;31.982922100525514;31.98292210052551;31.98292210052551;31.98292210052551;31.98292210052551;31.982922100525517;31.982922100525506;31.982922100525506;31.982922100525506;31.982922100525514;31.98292210052551;31.98292210052551;31.982922100525506;31.98292210052551,36.16748582543825,16.117973049057937;16.516047017053175;16.934281786740375;17.374248742129257;17.837686926703878;18.326526016834247;18.842913179123705;19.389244599967814;19.968202663902396;20.58279999778141;21.236431907014218;21.932939130547055;22.67668336394328;23.472638687699007;24.326502950887786;25.24483438336411;26.235220364758167;27.306487541707444;28.46896561511991;29.73482150231443;31.118486797563495;32.637210404741275;34.31178129895061;36.16748582543825
733,Ca_JVASP-67598_CaLaBe2.json,2.792953372001648,0.36496734619140625;0.3141012191772461;0.15838754177093506;6.920844197273254;2.50907301902771;1.231713056564331;4.915626525878906;1.873434066772461;1.4661539793014526;2.317590832710266;8.63417387008667;2.8093748092651367,8.63417387008667,40.93244343612866,40.93244343612866;40.93244343612865;40.93244343612865;40.932443436128644;40.93244343612866;40.93244343612865;40.93244343612865;40.93244343612865;40.93244343612865;40.93244343612865;40.93244343612865;40.93244343612865,13.93561749552638,11.336893232847748;11.532399634448263;11.734767435557782;11.944364294366045;12.16158461400376;12.386852019507424;12.620622115262353;12.863385560689757;13.11567150786933;13.378051451781129;13.651143552127659;13.93561749552638
734,Ca_JVASP-93337_CaMnGe.json,2.0313220024108887,1.6742157936096191;1.77376127243042;1.0743517875671387;1.1315617561340332;1.7375383377075195;1.599395751953125;1.6041200160980225;1.5216572284698486;2.278657913208008;3.642735481262207;2.2287237644195557;2.10416579246521;2.728778123855591;2.561474561691284;2.881037712097168;1.9589767456054688,3.642735481262207,46.543738178890166,46.543738178890166;46.54373817889016;46.543738178890166;46.543738178890166;46.54373817889016;46.543738178890166;46.543738178890166;46.54373817889016;46.54373817889016;46.543738178890166;46.543738178890166;46.54373817889016;46.543738178890166;46.543738178890166;46.54373817889016;46.54373817889016,12.877113959845339,9.991244783744268;10.142783639192167;10.29899011883083;10.460083250600903;10.626295984027335;10.797876314162314;10.97508851620349;11.158214503714344;11.347555325128234;11.54343281524523;11.746191420778608;11.956200221733818;12.17385517357482;12.399581598834668;12.633836961158034;12.877113959845339
735,Li_JVASP-119637_LiCa2FeN2.json,1.485938310623169,1.774954080581665;1.6868760585784912;1.8869645595550537;1.3731606006622314;1.5360381603240967;1.4357202053070068;1.1232028007507324;1.3507299423217773;2.0522384643554688;1.9428019523620605;0.5352270603179932;0.9386703968048096;1.2209713459014893;1.4520065784454346;1.7028486728668213;1.7626020908355713,2.0522384643554688,30.49019981740829,30.49019981740829;30.49019981740829;30.490199817408286;30.490199817408282;30.49019981740829;30.49019981740829;30.490199817408286;30.490199817408286;30.49019981740829;30.49019981740829;30.490199817408282;30.490199817408286;30.49019981740829;30.49019981740829;30.49019981740829;30.490199817408286,10.18614042441747,9.798418681535912;9.823346179377108;9.848400833448755;9.87358361918275;9.89889552201345;9.924337537506224;9.949910671487963;9.975615940179653;10.001454370330965;10.027426999356974;10.053534875477013;10.079779057855678;10.106160616746067;10.132680633635266;10.159340201392142;10.18614042441747
736,Li_JVASP-145298_LiCaP.json,1.817549467086792,0.8572690486907959;0.8154275417327881;0.9453604221343994;0.9418461322784424;1.373565673828125;1.3816485404968262;1.4939587116241455;1.4821131229400635;1.170741319656372;1.1528379917144775;1.1261932849884033;1.1459028720855713;1.6496710777282715;1.9187164306640625;1.8063881397247314;1.9250433444976807;1.8315770626068115;1.8137404918670654;1.6976110935211182;1.7371656894683838;2.9642837047576904;2.943943738937378;2.7501611709594727;2.590475559234619;2.6730268001556396;2.2830746173858643;2.4422764778137207;2.2791295051574707;2.4265213012695312;2.423025608062744;2.1027610301971436;2.016125440597534,2.9642837047576904,24.55518416203875,24.555184162038746;24.555184162038746;24.555184162038746;24.55518416203875;24.555184162038746;24.55518416203875;24.555184162038746;24.555184162038746;24.555184162038746;24.55518416203875;24.555184162038742;24.555184162038746;24.55518416203875;24.555184162038746;24.555184162038742;24.55518416203875;24.555184162038746;24.555184162038746;24.555184162038742;24.555184162038742;24.555184162038746;24.555184162038746;24.555184162038746;24.555184162038746;24.555184162038742;24.555184162038746;24.55518416203875;24.555184162038746;24.555184162038746;24.555184162038746;24.555184162038746;24.555184162038742,11.751956548377374,10.738769483951884;10.76871844685196;10.798834924069235;10.829120324988597;10.859576074849919;10.890203614971629;10.921004402978099;10.951979913030879;10.983131636063895;11.01446108002266;11.045969770107591;11.077659249021544;11.109531077221567;11.14158683317506;11.17382811362036;11.206256533831873;11.238873727889823;11.271681348954743;11.304681069546774;11.337874581829887;11.371263597901136;11.404849850085027;11.438635091233124;11.472621095028995;11.5068096562986;11.541202591326279;11.575801738176377;11.610608957020705;11.645626130471916;11.680855163922931;11.716297985892552;11.751956548377374
737,Ca_JVASP-70989_CaBeGe.json,2.895680069923401,0.7608064413070679;0.863430380821228;0.9357092380523682;1.7234852313995361;0.9585015773773193;2.1406543254852295;2.127171277999878;3.062574863433838;2.1570271253585815;4.062618136405945;2.5452463626861572;4.778970718383789;2.3130921125411987;3.2384032011032104;2.9217456579208374;5.343741536140442;3.985478401184082;8.203584671020508,8.203584671020508,42.5079671045137,42.5079671045137;42.5079671045137;42.5079671045137;42.5079671045137;42.5079671045137;42.507967104513696;42.5079671045137;42.5079671045137;42.507967104513696;42.507967104513696;42.507967104513696;42.5079671045137;42.507967104513696;42.5079671045137;42.507967104513696;42.5079671045137;42.5079671045137;42.507967104513696,17.75147349758575,12.23173384172214;12.459631820634302;12.696183281547697;12.9418906331226;13.197295943708475;13.462984933503689;13.739591458845716;14.027802560894633;14.32836416335926;14.642087518742725;14.969856520398773;15.312636019176058;15.671481309445152;16.04754898093955;16.442109371479127;16.856560903046972;17.292446642124684;17.75147349758575
738,Li_JVASP-82027_LiCaTl2.json,-0.06304168701171875,-0.1902921199798584;-0.1192171573638916;-0.09759306907653809;0.15493559837341309,0.15493559837341309,92.89796247265396,92.89796247265396;92.89796247265394;92.89796247265394;92.89796247265394,14.870550337032999,14.700706517006632;14.756888394156679;14.813501340719728;14.870550337032999
739,Ca_JVASP-22728_Ca2SnS4.json,6.960901319980621,6.010318756103516;5.955157279968262;6.102644920349121;6.019465446472168;7.029870986938477;6.63272762298584;7.351661682128906;6.640364646911621;6.380735874176025;6.04999303817749;6.822628021240234;6.167728424072266;8.502889633178711;8.394361019134521;7.583529233932495;7.391402006149292;9.815922260284424;9.071169376373291;6.990476131439209;6.79992151260376;6.669857501983643;6.880676746368408;5.862830877304077;5.935298681259155,9.815922260284424,21.01957020616431,21.019570206164307;21.019570206164307;21.019570206164307;21.019570206164307;21.019570206164307;21.01957020616431;21.019570206164307;21.019570206164307;21.01957020616431;21.019570206164307;21.01957020616431;21.019570206164307;21.01957020616431;21.019570206164307;21.019570206164307;21.019570206164307;21.019570206164307;21.01957020616431;21.019570206164307;21.019570206164307;21.019570206164307;21.019570206164307;21.019570206164307;21.019570206164307,8.922768835526874,6.82751227384125;6.897937620639318;6.969830975626473;7.043238722929339;7.118209221584806;7.194792911778758;7.273042428017443;7.353012719765043;7.434761180128512;7.518347783222979;7.6038352309086505;7.691289109653673;7.780778058347707;7.872373947968573;7.966152074090366;8.062191363316744;8.160574594828889;8.261388638355234;8.364724710000758;8.470678647519497;8.579351206776261;8.690848381325278;8.805281747236382;8.922768835526874
740,Ca_JVASP-93751_CaZnPb.json,2.2001445293426514,1.1899118423461914;1.2154889106750488;1.3926243782043457;1.3148765563964844;1.4229521751403809;1.3258495330810547;1.551013469696045;1.434983253479004;1.9149152040481567;1.9660829305648804;2.37455415725708;2.270536422729492;3.223872661590576;3.3101558685302734;5.050084590911865;4.244410514831543,5.050084590911865,36.105060712990316,36.10506071299031;36.10506071299031;36.10506071299031;36.10506071299031;36.105060712990316;36.10506071299031;36.105060712990316;36.10506071299031;36.10506071299031;36.10506071299031;36.10506071299031;36.10506071299031;36.10506071299031;36.10506071299031;36.105060712990316;36.10506071299031,6.0887244784344094,5.3570905892136365;5.400351761306182;5.4443173327551655;5.489004648829844;5.534431628996983;5.580616790879425;5.627579275424358;5.675338873353154;5.723916052969589;5.773331989408484;5.8236085954126215;5.874768553731896;5.926835351245342;5.979833314913886;6.033787649679442;6.0887244784344094
741,Ca_JVASP-99644_CaH2.json,6.514480352401733,3.108651638031006;3.669053554534912;3.838629722595215;4.034149169921875;4.261786937713623;3.795635223388672;4.830475807189941;4.640552997589111;5.436492919921875;4.34356689453125;6.044162750244141;4.547064781188965;4.762796878814697;3.83876371383667;5.019231796264648;3.65891170501709;5.344120979309082;4.204992771148682;7.800004959106445;6.596339702606201;7.651403427124023;6.1739044189453125;7.804574966430664;6.59376335144043;7.455602407455444;6.512112855911255;7.140912771224976;7.5524303913116455;7.057582378387451;8.985754013061523;7.298719644546509;9.41946530342102;10.688987970352173;14.538016557693481;10.564237475395203;15.30843985080719,15.30843985080719,37.16428196611431,37.1642819661143;37.1642819661143;37.1642819661143;37.1642819661143;37.1642819661143;37.164281966114295;37.1642819661143;37.1642819661143;37.164281966114295;37.16428196611431;37.1642819661143;37.1642819661143;37.1642819661143;37.1642819661143;37.1642819661143;37.1642819661143;37.1642819661143;37.164281966114295;37.164281966114295;37.1642819661143;37.1642819661143;37.1642819661143;37.1642819661143;37.1642819661143;37.1642819661143;37.1642819661143;37.1642819661143;37.1642819661143;37.1642819661143;37.1642819661143;37.164281966114295;37.1642819661143;37.1642819661143;37.164281966114295;37.1642819661143;37.1642819661143,237.91884150146817,17.686314337480827;18.166780208039288;18.674079681510765;19.210525284435608;19.77870312803203;20.381514599499447;21.022225916944386;21.704527334491804;22.432604263585592;23.21122320569244;24.04583622445604;24.94270879775186;25.90907739038157;26.95334513265895;28.085326807437255;29.316558276992986;30.66069103125413;32.13400048916648;33.756048247108914;35.55055556227618;37.546571090770584;39.780055408047645;42.29606683645038;45.151832775196176;48.42115535074618;52.20088048106433;56.6206532975886;61.85808785133477;68.16321420701038;75.89957365236174;85.61688205505163;98.18770664479757;115.08527072876514;139.00773753714677;175.4854219032929;237.91884150146817
742,Na_JVASP-74381_NaCa4Be.json,0.8969948291778564,2.2544310092926025;2.0945184230804443;0.5846729278564453;0.5546655654907227;0.8539862632751465;0.2063441276550293;0.3811049461364746;0.24623537063598633,2.2544310092926025,24.388203138564712,24.388203138564705;24.38820313856471;24.38820313856471;24.38820313856471;24.38820313856471;24.388203138564712;24.38820313856471;24.388203138564712,19.45543533724693,17.420395909089184;17.684655302713313;17.957055576663926;18.237978802883017;18.527831342083562;18.82704580500213;19.13608320680993;19.45543533724693
743,Ca_JVASP-94745_CaMg6Mn.json,0.7123421430587769,1.041788935661316;0.9690693616867065;0.9355698823928833;0.7683583498001099;0.5768511295318604;0.430511474609375;0.5636801719665527;0.41290783882141113,1.041788935661316,29.7817778459847,29.781777845984692;29.781777845984696;29.781777845984696;29.7817778459847;29.781777845984696;29.781777845984696;29.781777845984692;29.781777845984696,16.280596116499787,13.910069273252498;14.205553772539076;14.513864383053901;14.83585474738001;15.1724559791056;15.52468565529929;15.893658091320763;16.280596116499787
744,Ca_JVASP-74592_CaBe2Bi.json,1.6957881450653076,1.6747007369995117;1.3150591850280762;1.654176414012909;1.607636272907257;1.7690871357917786;1.8431910872459412;2.0101226568222046;1.6923316717147827,2.0101226568222046,68.00406470796676,68.00406470796676;68.00406470796675;68.00406470796675;68.00406470796675;68.00406470796676;68.00406470796675;68.00406470796676;68.00406470796675,14.439549976338501,12.543621759653831;12.783403827068165;13.032531828969885;13.291563037438504;13.561099927779956;13.841794856729884;14.134355333928548;14.439549976338501
745,Ca_JVASP-68834_Ca2BeBi.json,2.3479493856430054,0.9647389650344849;1.0391792058944702;1.4340753555297852;1.1429839134216309;1.1785097122192383;0.83489990234375;1.3643257021903992;0.7651575207710266;3.652152717113495;4.186019122600555;2.147413730621338;2.6048163175582886;2.215829014778137;2.5195257663726807;5.187793970108032;6.329769253730774,6.329769253730774,51.21667422868965,51.21667422868965;51.21667422868965;51.21667422868965;51.21667422868965;51.21667422868965;51.21667422868965;51.21667422868965;51.21667422868965;51.21667422868965;51.21667422868965;51.21667422868965;51.21667422868965;51.21667422868965;51.21667422868965;51.21667422868964;51.21667422868965,15.023094781532997,11.236629561226248;11.42866384259486;11.627375990247621;11.833120495420244;12.046277391977414;12.267254599185872;12.496490527161273;12.734456980002932;12.981662397068135;13.238655479244171;13.506029254647189;13.78442564715243;14.074540621836007;14.377129994149596;14.693016004910165;15.023094781532997
746,Ca_JVASP-68473_CaBe2Fe.json,0.9397635459899902,-0.02520298957824707;-0.34592175483703613;0.7519583702087402;0.7542810440063477;1.7607808113098145;1.5769906044006348;0.3584113121032715;0.46857786178588867;1.6247944831848145;1.8705945014953613;1.2409839630126953;2.1123132705688477;0.29128241539001465;0.037200212478637695;0.7544445991516113;0.8368725776672363;1.4865913391113281;1.3607912063598633,2.1123132705688477,43.18399415547344,43.183994155473435;43.183994155473435;43.183994155473435;43.183994155473435;43.183994155473435;43.183994155473435;43.18399415547343;43.183994155473435;43.18399415547343;43.183994155473435;43.18399415547343;43.18399415547343;43.183994155473435;43.183994155473435;43.183994155473435;43.183994155473435;43.18399415547344;43.18399415547343,19.567030603281395,13.067184131862804;13.327608414763823;13.598624105315857;13.88089074105349;14.175123780341442;14.482100657489886;14.80266764206387;15.137747629815667;15.48834901627947;15.855575832717042;16.240639359013656;16.6448714708551;17.069740031064338;17.51686669991248;17.988047619874912;18.485277531025222;19.010777999751493;19.567030603281395
747,Ca_JVASP-71553_CaBe2Os.json,0.665654182434082,-0.511993408203125;-0.6050548553466797;0.8426976203918457;0.26135969161987305;1.0495400428771973;0.5615096092224121;0.010010242462158203;-0.39023447036743164;0.8763957023620605;0.8311710357666016;1.100616693496704;1.5671818256378174;0.012889862060546875;-0.21369075775146484;0.42244577407836914;0.33087682723999023;2.541226387023926;3.294827461242676,3.294827461242676,42.88978391792812,42.88978391792811;42.88978391792811;42.88978391792812;42.88978391792811;42.88978391792812;42.88978391792812;42.88978391792812;42.88978391792811;42.88978391792811;42.88978391792811;42.88978391792812;42.88978391792812;42.88978391792811;42.88978391792812;42.88978391792812;42.88978391792812;42.88978391792812;42.88978391792811,7.0741385483893575,5.995880531819828;6.050126147528586;6.105362260588722;6.161616249929637;6.218916512927717;6.27729251320633;6.33677483115351;6.397395217339267;6.4591866490286165;6.522183390001625;6.586421053908528;6.65193667140601;6.71876876134062;6.786957406266808;6.8565443326107;6.927572995816498;7.000088670840587;7.0741385483893575
748,Ca_JVASP-42668_SrCaI4.json,5.659584701061249,3.0072379112243652;3.364661693572998;3.264256000518799;3.5279011726379395;3.4242377281188965;3.724757432937622;3.904631018638611;4.437254786491394;9.460177540779114;9.621559262275696;9.351033568382263;8.630102038383484;6.6574946641922;6.568506360054016;5.82421201467514;5.785332024097443,9.621559262275696,11.002578674803159,11.002578674803155;11.002578674803155;11.002578674803155;11.002578674803157;11.002578674803155;11.002578674803155;11.002578674803159;11.002578674803157;11.002578674803159;11.002578674803155;11.002578674803155;11.002578674803155;11.002578674803157;11.002578674803157;11.002578674803155;11.002578674803157,2.802363677447574,2.6366294906235375;2.6470661411292054;2.657585743406056;2.668189290366175;2.678877790831676;2.6896522698546512;2.7005137690448757;2.711463346905485;2.7225020791768486;2.733631059188881;2.744851398222028;2.75616422587718;2.7675706904547686;2.77907195934332;2.7906692194177327;2.802363677447574
749,Ca_JVASP-65659_BaCa2Y.json,1.8366237878799438,0.9677992463111877;0.08768123388290405;3.7437782287597656;-0.6732668876647949;1.0515804886817932;1.299984633922577;2.2315980195999146;5.983835339546204,5.983835339546204,66.68341626515138,66.68341626515138;66.68341626515138;66.68341626515138;66.68341626515138;66.68341626515138;66.68341626515137;66.68341626515138;66.68341626515138,28.361073827531357,21.868845228139918;22.608175711414752;23.399245155105817;24.247681589364966;25.159960025202793;26.14356801459658;27.207211625192965;28.361073827531357
750,Na_JVASP-41289_NaCaAu2.json,1.7541868686676025,0.5428667068481445;0.4318809509277344;4.192563891410828;2.897746205329895;0.9412529468536377;1.7612857818603516;1.2869125604629517;1.9789859056472778,4.192563891410828,62.078705054763475,62.07870505476347;62.078705054763475;62.07870505476347;62.07870505476347;62.078705054763475;62.078705054763475;62.078705054763475;62.07870505476347,7.668348078210586,7.330806387406717;7.377195800062992;7.424176056877161;7.471758518228782;7.519954837616354;7.568776971172459;7.618237187551982;7.668348078210586
751,Ca_JVASP-1468_CaCN2.json,6.269486427307129,3.5843138694763184;3.564866542816162;4.330167770385742;4.951024055480957;6.652913570404053;7.408252239227295;10.815247535705566;8.849105834960938,10.815247535705566,95.70312713584778,95.70312713584777;95.70312713584775;95.70312713584777;95.70312713584778;95.70312713584777;95.70312713584778;95.70312713584777;95.70312713584778,74.39259956985443,41.823936827360185;44.61420064945215;47.803380156256885;51.483609064900165;55.777759891495585;60.853429811971274;66.94532707756613;74.39259956985443
752,Ca_JVASP-15783_CaGaN.json,5.871917724609375,3.608518123626709;3.2752585411071777;3.643009662628174;3.6076836585998535;4.012791633605957;4.027706146240234;4.801731586456299;4.728969097137451;6.226963996887207;6.465419769287109;6.494316577911377;6.688155651092529;5.615727424621582;6.0771894454956055;6.5463547706604;6.96143102645874;5.9769158363342285;6.4307684898376465;7.601694107055664;7.494813919067383;7.016927003860474;7.691362142562866;7.497255802154541;7.902235507965088;6.40188455581665;6.6069016456604;6.121735215187073;6.039221167564392;7.031043291091919;6.86534309387207;5.232674479484558;5.411697268486023;5.972236394882202;5.435556411743164;5.03679096698761;4.840753674507141,7.902235507965088,25.627579774968634,25.627579774968627;25.62757977496863;25.62757977496863;25.62757977496863;25.627579774968627;25.62757977496863;25.627579774968627;25.627579774968627;25.627579774968634;25.627579774968634;25.627579774968634;25.62757977496863;25.62757977496863;25.627579774968627;25.62757977496863;25.62757977496863;25.627579774968627;25.62757977496863;25.62757977496863;25.627579774968627;25.627579774968627;25.62757977496863;25.627579774968627;25.627579774968627;25.62757977496863;25.62757977496863;25.62757977496863;25.62757977496863;25.62757977496863;25.62757977496863;25.62757977496863;25.62757977496863;25.627579774968634;25.62757977496863;25.627579774968627;25.62757977496863,8.774864023681104,6.013241449152173;6.067803082488923;6.123363920993394;6.179951666481995;6.237595054323916;6.2963239020971775;6.356169161019501;6.417162970340341;6.4793387148949515;6.542731086037018;6.607376146183547;6.673311397224312;6.740575853068576;6.809210116623917;6.879256461526372;6.950758918967529;7.023763369993372;7.098317643681372;7.17447162163733;7.2522773492916945;7.331789154517208;7.413063774135964;7.496160488934967;7.581141267865361;7.668070922162484;7.757017270192284;7.848051313905261;7.941247427862826;8.036683561893708;8.134441458541017;8.23460688657478;8.337269891972099;8.442525067908521;8.550471845462182;8.661214806908601;8.774864023681104
753,Ca_JVASP-66852_CaBeGe.json,1.6966192126274109,0.8943511247634888;0.9878610372543335;1.4102215766906738;1.677198886871338;1.5661036968231201;1.694535493850708;3.1317882537841797;2.2108936309814453,3.1317882537841797,98.36584684652186,98.36584684652185;98.36584684652185;98.36584684652185;98.36584684652185;98.36584684652186;98.36584684652183;98.36584684652185;98.36584684652183,38.658094653819724,27.521401143874808;28.70264539578545;29.98983723095423;31.397899787219185;32.944696917171136;34.651795084488285;36.545475080722184;38.658094653819724
754,Ca_JVASP-74902_CaBeBr2.json,3.5161863565444946,2.6030662059783936;2.176413655281067;2.310171663761139;4.247958242893219;2.100232481956482;4.211424827575684;3.9166271686553955;6.563596606254578,6.563596606254578,57.85367627970661,57.8536762797066;57.853676279706605;57.8536762797066;57.8536762797066;57.853676279706605;57.85367627970661;57.8536762797066;57.8536762797066,19.272775014022837,16.037407018405208;16.431462723392215;16.845370938947035;17.280670686001862;17.73906428409125;18.222439600133708;18.732896036679875;19.272775014022837
755,Ca_JVASP-87037_CaSnF6.json,12.571975350379944,14.678376197814941;15.689949989318848;16.800800323486328;12.465673446655273;10.415769815444946;10.15288233757019;10.35043716430664;10.021913528442383,16.800800323486328,36.25162524705062,36.25162524705061;36.25162524705062;36.25162524705061;36.25162524705062;36.25162524705061;36.25162524705062;36.25162524705062;36.25162524705061,14.093571097163178,12.281709014826962;12.511490534527738;12.750034062930828;12.997850509226351;13.255491291161789;13.523552430993554;13.802679158682288;14.093571097163178
756,Ca_JVASP-86852_CaCdAu.json,2.7496912479400635,1.4362590312957764;1.3612892627716064;1.4684622287750244;1.4869744777679443;1.5321671962738037;1.6570851802825928;2.247682571411133;2.637742519378662;3.051539659500122;3.0615460872650146;3.593497395515442;3.4221266508102417;3.528320789337158;3.8189539909362793;5.146520614624023;4.544892311096191,5.146520614624023,39.056449148167125,39.056449148167125;39.05644914816712;39.056449148167125;39.056449148167125;39.05644914816712;39.05644914816712;39.05644914816712;39.05644914816712;39.056449148167125;39.056449148167125;39.05644914816712;39.056449148167125;39.05644914816712;39.05644914816712;39.056449148167125;39.05644914816712,5.37091015315195,4.793435084931912;4.828042180164783;4.863152614052907;4.898777448159131;4.934928070562367;4.971616207994812;5.00885393852463;5.04665370481289;5.085028327975344;5.123991022081468;5.163555409325241;5.203735535904202;5.244545888645724;5.286001412421804;5.328117528396381;5.37091015315195
757,Ca_JVASP-69030_Ba2CaPd.json,-0.5964206457138062,-0.28275591135025024;-0.42418354749679565;-0.03825634717941284;0.31198281049728394;-0.5653932690620422;-0.8713710904121399;-1.0195542573928833;-1.881833553314209,0.31198281049728394,38.079866452233325,38.079866452233325;38.079866452233325;38.079866452233325;38.07986645223332;38.079866452233325;38.07986645223332;38.07986645223332;38.079866452233325,8.677353476127625,7.954812443343232;8.050576864374834;8.148675111159758;8.249193550814104;8.352222865224734;8.457858323906427;8.566200077830208;8.677353476127625
758,Ca_JVASP-98227_Ca3Ru2O7.json,8.119604110717773,5.754988670349121;5.863259315490723;6.130137920379639;6.049156665802002;8.956642150878906;7.9474029541015625;7.807022571563721;7.776698589324951;6.836427688598633;6.378406524658203;6.44400691986084;6.583430290222168;8.515822410583496;8.472738265991211;8.326910495758057;8.556454181671143;11.050836086273193;10.387804508209229;9.572357654571533;10.262275218963623;10.7505521774292;9.704604148864746;8.61181116104126;8.130752086639404,11.050836086273193,37.85051614920254,37.85051614920254;37.85051614920254;37.850516149202534;37.850516149202534;37.85051614920254;37.85051614920254;37.850516149202534;37.850516149202534;37.85051614920254;37.85051614920254;37.85051614920254;37.85051614920254;37.850516149202534;37.850516149202534;37.85051614920253;37.85051614920254;37.85051614920254;37.850516149202534;37.85051614920254;37.85051614920254;37.850516149202534;37.850516149202534;37.85051614920254;37.85051614920254,10.497358243406149,7.71274883783101;7.802740776974683;7.894857550799158;7.989175313808523;8.085773903699385;8.184737066756984;8.286152700008357;8.39011311160422;8.49671530105087;8.606061261080209;8.718258303132671;8.833419408636281;8.951663608499091;9.073116393494443;9.197910158513482;9.326184683991038;9.458087658185223;9.59377524441337;9.733412697824713;9.87717503683139;10.025247774933623;10.177827719373273;10.335123843845492;10.497358243406149
759,Li_JVASP-129861_LiCa3.json,0.49358272552490234,3.2380330562591553;0.27335429191589355;-0.1041097640991211;-0.045766353607177734;0.024268627166748047;0.07974624633789062;-0.04394388198852539;0.5270795822143555,3.2380330562591553,38.56567309835322,38.56567309835322;38.56567309835322;38.56567309835322;38.56567309835322;38.565673098353216;38.565673098353216;38.56567309835322;38.56567309835322,27.664246207587126,26.34311122578249;26.524066153214637;26.70752429065658;26.89353794148481;27.082160876434475;27.273448385420814;27.467457331572415;27.664246207587126
760,Ca_JVASP-92339_CaCoO3.json,8.678014278411865,5.7301201820373535;6.306567668914795;6.407455921173096;10.499536514282227;9.193777084350586;8.502359390258789;8.257940292358398;9.207620620727539;9.433021545410156;7.005824565887451;7.711262226104736;8.289053916931152;8.100993156433105;9.607499122619629;9.0608549118042;8.451025009155273;8.558246612548828;9.443140029907227;7.681419372558594;7.804752826690674;8.4412522315979;8.385610580444336;8.647608757019043;9.394368648529053;9.752715587615967;11.81334137916565;12.619017362594604,12.619017362594604,31.391232035662583,31.391232035662583;31.391232035662583;31.39123203566258;31.39123203566258;31.391232035662576;31.39123203566258;31.391232035662576;31.39123203566258;31.39123203566258;31.39123203566258;31.391232035662576;31.391232035662576;31.39123203566258;31.39123203566258;31.39123203566258;31.391232035662583;31.391232035662583;31.39123203566258;31.391232035662576;31.39123203566258;31.391232035662583;31.391232035662576;31.391232035662583;31.391232035662583;31.39123203566258;31.391232035662576;31.391232035662583,9.155932759666861,6.752272246402551;6.821146124835096;6.891439523957316;6.963196786138298;7.036464120043463;7.111289699865307;7.187723770953488;7.265818762330983;7.345629406625764;7.427212867994537;7.510628878666843;7.595939884794952;7.683211202357945;7.772511183937996;7.863911397263812;7.957486816501367;8.053316027366531;8.151481447238927;8.25206956157286;8.355171178030561;8.460881699907404;8.569301420579471;8.680535840883778;8.794696011542161;8.911898902965184;9.032267805024636;9.155932759666861
761,Ca_JVASP-60915_Ca4MgB4H6C2O18.json,9.56229555606842,5.501760959625244;6.126551151275635;7.333043098449707;8.763906478881836;10.723777770996094;13.595772743225098;13.430150985717773;11.023401260375977,13.595772743225098,67.31671430755446,67.31671430755445;67.31671430755445;67.31671430755445;67.31671430755446;67.31671430755443;67.31671430755445;67.31671430755445;67.31671430755445,33.035535299317836,24.547111914494085;25.482495179046005;26.491989226808702;27.584765110501664;28.77157218451923;30.065092893658992;31.480397771262997;33.035535299317836
762,Ca_JVASP-52555_SrCa2I6.json,6.122601926326752,3.2159266471862793;3.4194695949554443;3.395186424255371;3.720686674118042;10.679829359054565;10.224545955657959;8.011855244636536;7.544500946998596;5.354359865188599;4.950741767883301;5.429340839385986;7.524779796600342,10.679829359054565,19.5893028448506,19.5893028448506;19.5893028448506;19.5893028448506;19.5893028448506;19.589302844850597;19.589302844850597;19.589302844850597;19.5893028448506;19.5893028448506;19.589302844850597;19.589302844850597;19.589302844850597,5.220024890879874,4.8072535554564775;4.842061192767878;4.877376566211228;4.913210866865759;4.949575617130339;4.9864826830760745;5.0239442873557225;5.061973022699418;5.100581866027999;5.139784193217173;5.179593794547815;5.220024890879874
763,Ca_JVASP-64157_Ba4CaCo.json,0.9931968450546265,3.369880795478821;2.3128772974014282;0.5410161018371582;0.8742234706878662;0.10132741928100586;0.46389198303222656;0.6801600456237793;-0.39780235290527344,3.369880795478821,20.816175317130096,20.816175317130092;20.816175317130092;20.816175317130096;20.816175317130096;20.816175317130096;20.816175317130096;20.816175317130096;20.816175317130092,5.462992266793635,5.167493413701702;5.207735089508733;5.248608445816176;5.290128473678654;5.332310642290561;5.3751709182021115;5.418725785469654;5.462992266793635
764,Li_JVASP-21497_Li2CaSiO4.json,4.076360464096069,2.3706085681915283;2.614489793777466;2.6311709880828857;2.806955099105835;3.8761308193206787;4.426972150802612;5.131953954696655;6.647946119308472;5.875469446182251;4.378302812576294;3.552755117416382;3.5080811977386475;2.854761838912964;3.9637229442596436;4.737245321273804;5.845201253890991,6.647946119308472,66.986025228033,66.98602522803297;66.98602522803299;66.98602522803299;66.98602522803299;66.98602522803299;66.98602522803299;66.98602522803299;66.98602522803299;66.98602522803299;66.98602522803299;66.98602522803297;66.98602522803297;66.986025228033;66.98602522803299;66.98602522803299;66.98602522803297,25.183923022181023,22.939701842393706;23.076798406472502;23.21554350743143;23.35596705972044;23.498099705966567;23.64197283926615;23.787618626301114;23.935070031314904;24.084360840985784;24.23552569023674;24.38860008902358;24.543620450144598;24.700624118117673;24.859649399172806;25.02073559241076;25.183923022181023
765,Ca_JVASP-65781_BaLiCa2.json,0.24119925498962402,0.13083362579345703;0.7222490310668945;1.1226677894592285;-0.6833300590515137;1.4037466049194336;0.07775235176086426;0.1324155330657959;-0.976740837097168,1.4037466049194336,68.9381054769422,68.9381054769422;68.9381054769422;68.9381054769422;68.93810547694218;68.93810547694217;68.93810547694217;68.93810547694218;68.9381054769422,43.42782364273047,29.855854722657902;31.251071410710956;32.783082615053836;34.473043519954814;36.346708582110686;38.4357532576962;40.77957932576078;43.42782364273047
766,Ca_JVASP-97868_Ca2As3Pb3ClO12.json,9.38549017906189,6.890398025512695;7.209667205810547;7.715334892272949;7.765048027038574;10.704077243804932;10.620110988616943;12.325600862503052;11.853684186935425,12.325600862503052,34.04849075581781,34.04849075581781;34.0484907558178;34.04849075581781;34.0484907558178;34.0484907558178;34.04849075581781;34.04849075581781;34.04849075581781,6.182122401175035,5.806381519428534;5.857237926716872;5.908993078815418;5.961671012316557;6.015296628655485;6.06989573335985;6.125495077456516;6.182122401175035
767,Na_JVASP-120516_Na4Ca2SiP4.json,1.561943531036377,0.560020923614502;0.6404509544372559;0.5219926834106445;0.5111970901489258;0.7159223556518555;0.8236112594604492;1.1867995262145996;1.4138360023498535;1.3818745613098145;1.475102424621582;1.449643611907959;1.4868154525756836;3.696512222290039;3.5104713439941406;2.9233598709106445;2.693486213684082,3.696512222290039,44.553078348135045,44.55307834813503;44.55307834813504;44.55307834813503;44.55307834813503;44.55307834813503;44.55307834813503;44.55307834813503;44.55307834813503;44.55307834813503;44.55307834813504;44.553078348135045;44.55307834813503;44.553078348135024;44.55307834813503;44.55307834813503;44.55307834813503,28.166545933858274,20.674053646348636;21.04730198660263;21.434275331495776;21.835744899779627;22.252540793621044;22.685557727726845;23.135761440648686;23.60419588495386;24.09199130893228;24.60037336153015;25.130673374911243;25.68434000626017;26.26295245317303;26.868235496501082;27.502076672423975;28.166545933858274
768,Li_JVASP-35174_LiCaMgSiN3.json,1.4324696063995361,1.0992863178253174;0.8967392444610596;1.0841429233551025;1.035738229751587;1.105637788772583;1.0573170185089111;1.1083552837371826;1.0523946285247803;1.4667141437530518;1.4071152210235596;1.6625807285308838;1.58785080909729;1.9329760074615479;2.0849087238311768;2.115966558456421;2.221790075302124,2.221790075302124,33.869844345591616,33.86984434559161;33.86984434559161;33.869844345591616;33.86984434559161;33.86984434559161;33.869844345591616;33.869844345591616;33.869844345591616;33.86984434559161;33.869844345591616;33.869844345591616;33.869844345591616;33.86984434559161;33.869844345591616;33.86984434559161;33.86984434559161,12.41522853046705,11.84400284713698;11.880444194614284;11.917110477918683;11.95400378613717;11.99112623430686;12.028479963819214;12.066067142831788;12.103889966687738;12.141950658343267;12.180251468803107;12.218794677564336;12.257582593068605;12.296617553163006;12.335901925569795;12.375438108365126;12.41522853046705
769,Ca_JVASP-16052_CaCuP.json,4.648204565048218,1.8262290954589844;1.9479174613952637;2.3634815216064453;2.465921401977539;2.838956832885742;2.9518487453460693;3.3376126289367676;3.3632051944732666;3.8092057704925537;3.7557055950164795;5.287022590637207;5.095552444458008;6.926865220069885;6.186434626579285;11.552337169647217;10.662976741790771,11.552337169647217,49.93212418131284,49.93212418131284;49.93212418131283;49.93212418131283;49.93212418131282;49.93212418131283;49.93212418131282;49.93212418131283;49.93212418131283;49.93212418131283;49.93212418131282;49.93212418131282;49.93212418131282;49.93212418131282;49.93212418131283;49.93212418131282;49.93212418131283,17.264610689236015,12.445174126070867;12.681171735382273;12.92629278910031;13.18107677078702;13.446106553239957;13.722012850101754;14.009479227017932;14.309247756153727;14.62212541254107;14.948991328336913;15.29080504230786;15.648615907561982;16.023573851797845;16.41694172249444;16.830109496261212;17.264610689236015
770,Ca_JVASP-96682_CaMgAsO4F.json,9.778414964675903,6.700913429260254;6.831803321838379;7.759444236755371;9.099196434020996;10.42928409576416;11.840847969055176;12.902966976165771;12.61597490310669;11.036581039428711;10.449237823486328;10.422238111495972;9.792691469192505;9.33769679069519;9.081666231155396;8.999201536178589;9.154895067214966,12.902966976165771,28.013934203556616,28.013934203556616;28.013934203556616;28.013934203556612;28.013934203556612;28.013934203556616;28.013934203556616;28.013934203556612;28.013934203556616;28.013934203556612;28.013934203556616;28.013934203556612;28.013934203556612;28.013934203556616;28.013934203556616;28.013934203556616;28.013934203556616,9.067912372277728,7.535258838512428;7.62113348966099;7.708988024119205;7.798891711216204;7.890917089738604;7.9851401631285714;8.081640608835684;8.180502003034618;8.281812062040672;8.385662901888901;8.49215131769137;8.601379084553335;8.71345328201468;8.828486644190601;8.946597938018357;9.067912372277728
771,Ca_JVASP-96470_Ca2Se3O8.json,9.230547547340393,7.7070465087890625;7.9429497718811035;9.170081615447998;9.766908645629883;9.37866759300232;9.18491816520691;10.553475379943848;10.140332698822021,10.553475379943848,57.063728482390744,57.06372848239073;57.06372848239074;57.06372848239074;57.06372848239074;57.06372848239073;57.063728482390744;57.063728482390744;57.06372848239073,17.87267288728749,15.055956391996284;15.402735927051564;15.765866621264525;16.146532868976145;16.546036283397136;16.965810565869102;17.4074386974494;17.87267288728749
772,Ca_JVASP-52354_BaCaI4.json,6.209549784660339,3.853847622871399;7.64644730091095;7.396665096282959;5.94123911857605,7.64644730091095,41.8110320898186,41.81103208981859;41.8110320898186;41.811032089818596;41.811032089818596,10.230129370207548,9.7812358329955;9.926424872535865;10.07598912063519;10.230129370207548
773,K_JVASP-103608_K3Ca.json,0.43659496307373047,-0.15187954902648926;-0.09097647666931152;0.9885993003845215;1.3579487800598145;0.21287298202514648;2.117898464202881;0.6456351280212402;0.4998593330383301;0.16201162338256836;-0.11001825332641602;0.11571264266967773;-0.10741758346557617;0.13335275650024414;0.7334089279174805;0.42092037200927734;1.69108247756958;-0.34566378593444824;-0.39316773414611816;-0.14034438133239746;0.2690598964691162;0.13417387008666992;-0.8354659080505371;0.026598453521728516;3.144077777862549,3.144077777862549,23.120256893291092,23.12025689329109;23.120256893291092;23.12025689329109;23.12025689329109;23.12025689329109;23.120256893291092;23.12025689329109;23.120256893291092;23.12025689329109;23.12025689329109;23.120256893291092;23.120256893291085;23.120256893291092;23.12025689329109;23.12025689329109;23.12025689329109;23.12025689329109;23.120256893291092;23.120256893291092;23.120256893291092;23.12025689329109;23.120256893291092;23.12025689329109;23.120256893291092,74.50603246201614,21.28819618967998;21.970500135800606;22.697989087199254;23.475305265991697;24.30774935480197;25.201401535255147;26.163270244723474;27.201476350700524;28.32548298737758;29.54638483153826;30.877275559511517;32.33371929912467;33.93436211370916;35.70173457029157;37.66331888403446;39.85298831243537;42.312979643389355;45.09664427345683;48.272361676008614;51.92923165669527;56.185565973535354;61.201928852833504;67.20184805175838;74.50603246201614
774,Na_JVASP-96947_Na2Ca3Si6O16.json,4.271160364151001,3.280439853668213;3.796013355255127;3.6812362670898438;3.7657365798950195;4.925698757171631;4.765812397003174;4.9631028175354;4.9912428855896,4.9912428855896,30.58927137496961,30.589271374969602;30.58927137496961;30.589271374969602;30.589271374969602;30.589271374969602;30.589271374969602;30.589271374969606;30.589271374969606,12.171761736507204,11.34277672248806;11.454221772837133;11.567878493112778;11.683813380305844;11.802095624162723;11.9227972448812;12.045993239343048;12.171761736507204
775,Ca_JVASP-3714_CaH2O2.json,10.374248027801514,5.747951507568359;6.2840471267700195;9.006467819213867;10.90439510345459;10.50684642791748;13.145069122314453;9.620959281921387;9.988560676574707;10.58250617980957;11.612703323364258;9.682831287384033;11.469799995422363;10.629932641983032;11.033376932144165;9.485929727554321;12.02122187614441;11.00017261505127;14.013692855834961,14.013692855834961,45.92328243374516,45.92328243374516;45.92328243374515;45.92328243374515;45.92328243374515;45.92328243374515;45.92328243374516;45.92328243374515;45.92328243374516;45.92328243374516;45.92328243374515;45.92328243374515;45.92328243374515;45.92328243374515;45.92328243374515;45.92328243374515;45.92328243374515;45.92328243374514;45.92328243374515,41.08500066025329,20.096063291655735;20.718679325464848;21.381108620934654;22.087296103587047;22.841725681802405;23.64951555154814;24.516534465004423;25.449544547754595;26.45637801673016;27.54615757388572;28.729573610136953;30.01923607093833;31.43012554692562;32.98017784428358;34.691050505398806;36.589140966551824;38.70695830773391;41.08500066025329
776,Li_JVASP-21829_LiCaGaF6.json,7.339554786682129,4.5503785610198975;5.821186780929565;10.632103204727173;7.692134141921997;4.5982701778411865;8.03438925743103;10.624708890914917;6.763267278671265,10.632103204727173,50.07623910958921,50.0762391095892;50.0762391095892;50.07623910958921;50.0762391095892;50.0762391095892;50.0762391095892;50.0762391095892;50.07623910958921,14.912309371157242,14.519785220276878;14.574590170706918;14.629810411380792;14.685450680608902;14.741515789060047;14.798010621147927;14.854940136449676;14.912309371157242
777,Li_JVASP-154246_LiCaSi2.json,1.0386881828308105,0.8058276176452637;0.6731042861938477;0.9174001216888428;0.9522120952606201;0.8144974708557129;0.8256969451904297;0.7249355316162109;0.6536755561828613;0.7982103824615479;0.7743628025054932;0.6052150726318359;0.5684876441955566;1.1214525699615479;1.0990092754364014;1.5952279567718506;1.4501516819000244;1.6449620723724365;1.7081410884857178;1.0493624210357666;0.8971560001373291;1.2136116027832031;1.077375888824463;1.507481336593628;1.4509589672088623,1.7081410884857178,23.198141737352977,23.198141737352973;23.198141737352973;23.198141737352973;23.198141737352977;23.198141737352973;23.198141737352973;23.198141737352973;23.198141737352973;23.19814173735297;23.198141737352973;23.198141737352977;23.198141737352977;23.19814173735297;23.198141737352973;23.198141737352977;23.198141737352973;23.198141737352973;23.198141737352973;23.19814173735297;23.198141737352973;23.198141737352977;23.198141737352973;23.198141737352977;23.198141737352973,11.567734779066797,10.822060180698672;10.852476175924751;10.883063624684636;10.913823980789111;10.944758714532002;10.97586931292444;11.007157279933134;11.038624136722735;11.070271421902357;11.102100691776368;11.13411352059951;11.166311500836432;11.198696243425772;11.23126937804882;11.264032553402897;11.296987437479522;11.33013571784749;11.36347910194093;11.397019317352493;11.430758112131718;11.464697255088721;11.498838536103332;11.533183766439734;11.567734779066797
778,Ca_JVASP-90742_CaHg3.json,1.7483243942260742,1.4212722778320312;1.2814812660217285;1.3924314975738525;1.7039902210235596;1.950871229171753;1.503718614578247;1.4435644149780273;1.4284334182739258;2.0511908531188965;1.7759647369384766;1.8738975524902344;2.026184558868408;2.070138931274414;1.8270258903503418;2.010979652404785;2.212045192718506,2.212045192718506,27.8548900749692,27.8548900749692;27.854890074969198;27.854890074969198;27.854890074969198;27.854890074969195;27.854890074969198;27.854890074969195;27.854890074969195;27.854890074969198;27.8548900749692;27.854890074969198;27.854890074969198;27.854890074969198;27.8548900749692;27.854890074969195;27.8548900749692,2.77207054996196,2.6097963771320383;2.620021268031066;2.630326594028302;2.640713307997462;2.651182377922877;2.6617347872002175;2.6723715349444226;2.683093636305047;2.6939021227892237;2.7047980425924734;2.715782460937565;2.726856460421674;2.738021141372064;2.7492776222105464;2.760627039826962;2.77207054996196
779,Ca_JVASP-100958_CaAcTl2.json,1.8371593952178955,0.44185125827789307;0.5700668096542358;1.752695083618164;3.4481921195983887;1.7372808456420898;2.307401180267334;1.9118438959121704;2.527943968772888,3.4481921195983887,43.145184727655455,43.14518472765544;43.14518472765545;43.14518472765545;43.14518472765545;43.145184727655455;43.14518472765545;43.14518472765545;43.145184727655455,5.2283221285225165,4.9570347534609125;4.994053558992782;5.031629432622604;5.069775044025368;5.108503450014592;5.14782810944306;5.187762898797122;5.2283221285225165
780,Na_JVASP-142415_NaCaMg2F7.json,3.841820478439331,2.698612928390503;2.8559820652008057;2.835186243057251;2.894702672958374;2.830542802810669;2.989245653152466;2.971416473388672;3.0009522438049316;4.4111292362213135;4.30085015296936;4.844030141830444;4.744407415390015;4.7712297439575195;4.580464839935303;5.354596853256226;5.385778188705444,5.385778188705444,20.555092569490558,20.555092569490554;20.555092569490554;20.555092569490554;20.555092569490558;20.555092569490554;20.555092569490558;20.555092569490554;20.555092569490554;20.555092569490554;20.555092569490554;20.555092569490554;20.555092569490554;20.555092569490554;20.555092569490554;20.555092569490558;20.555092569490554,7.507798547790546,6.846429557739953;6.886874303950765;6.927799738127052;6.9692144810009005;7.011127360684842;7.053547418945523;7.0964839177065;7.139946345789997;7.183944425907928;7.228488121913006;7.273587646321296;7.319253468118136;7.365496320859972;7.412327211085262;7.459757427048307;7.507798547790546
781,Ca_JVASP-86828_Ca3B6Rh8.json,2.8241535822550454,1.2291083335876465;1.0628924369812012;1.4835166931152344;1.661158561706543;2.1936874389648438;2.2790470123291016;3.608400344848633;4.86445426940918;2.3928022384643555;2.997544288635254;4.536627769470215;5.58060359954834,5.58060359954834,48.14801384783866,48.148013847838655;48.148013847838655;48.148013847838655;48.14801384783866;48.148013847838655;48.148013847838655;48.148013847838655;48.148013847838655;48.14801384783866;48.14801384783865;48.14801384783866;48.148013847838655,7.46036105069233,6.644925085365488;6.711615652303211;6.779658445801425;6.849095013958377;6.9199686246111884;6.992324355244478;7.066209188599119;7.14167211440729;7.218764237716688;7.297538894307284;7.378051773748336;7.46036105069233
782,Ca_JVASP-71072_CaBe2Cl.json,4.260919213294983,0.7441091537475586;0.7927579879760742;1.753990888595581;1.7175776958465576;2.04964017868042;2.013087034225464;3.2243688106536865;3.3567261695861816;4.887195348739624;4.987118482589722;5.192913770675659;5.578703165054321;4.887725353240967;5.111036539077759;7.08855015039444;7.601031482219696;7.332664310932159;8.377349317073822,8.377349317073822,31.238205636085745,31.238205636085738;31.238205636085738;31.23820563608574;31.238205636085738;31.238205636085738;31.238205636085738;31.238205636085738;31.23820563608574;31.23820563608574;31.238205636085738;31.238205636085745;31.238205636085738;31.23820563608574;31.238205636085734;31.23820563608574;31.238205636085734;31.23820563608574;31.23820563608574,26.73009724644941,15.915401566161346;16.303411947328097;16.710814131547853;17.139099108642107;17.589914740509297;18.0650869497583;18.56664443801809;19.096847639496392;19.65822278128943;20.253602133103254;20.886171799560074;21.559528757266882;22.277749292465465;23.04547158942339;23.867996004981116;24.7514076115037;25.702726999434;26.73009724644941
783,Ca_JVASP-70834_Ca4BeIr.json,1.2417910695075989,1.4086562395095825;-0.2067267894744873;0.47458457946777344;0.3111516237258911;-1.0382391214370728;-1.0566819906234741;-0.9470041394233704;-0.5170184969902039;-0.8726289868354797;-0.4644187092781067;1.0569469928741455;0.8465367555618286;1.8752574920654297;1.804697036743164;0.03559929132461548;-0.43696337938308716;0.32626593112945557;1.2746003866195679;0.39817631244659424;1.131905436515808;0.9351480007171631;1.4916030168533325;2.43497771024704;3.47357314825058;1.237107276916504;0.6677500009536743;1.1177414059638977;1.9722304940223694;3.928589940071106;2.245233416557312;6.644156098365784;8.184507250785828,8.184507250785828,38.61959701368362,38.6195970136836;38.61959701368361;38.6195970136836;38.6195970136836;38.61959701368361;38.61959701368361;38.6195970136836;38.61959701368361;38.61959701368361;38.61959701368361;38.61959701368361;38.61959701368361;38.61959701368361;38.61959701368361;38.61959701368361;38.61959701368361;38.6195970136836;38.6195970136836;38.61959701368361;38.6195970136836;38.6195970136836;38.61959701368362;38.61959701368361;38.61959701368361;38.6195970136836;38.6195970136836;38.61959701368361;38.61959701368361;38.61959701368361;38.61959701368361;38.6195970136836;38.61959701368361,16.244193749698475,9.266399892831263;9.396605374582762;9.530522131886272;9.668311133767505;9.810142794750542;9.956197677987863;10.106667262149426;10.261754778919585;10.421676128804352;10.586660883927113;10.756953387607615;10.932813961800054;11.114520234938842;11.302368604437211;11.496675850043099;11.697780916524348;11.906046886786273;12.121863169584799;12.34564792956719;12.577850791544934;12.818955855796235;13.069485066948614;13.330001985777573;13.601116021284678;13.88348718994567;14.177831480364494;14.484926915125936;14.805620417897792;15.140835613404588;15.491581711546342;15.85896365563544;16.244193749698475
784,Ca_JVASP-97767_Ca2PN3.json,6.8764519691467285,2.852461814880371;2.962040901184082;3.194498062133789;3.28802490234375;3.240654468536377;3.3010430335998535;3.5542263984680176;3.7009949684143066;5.37263298034668;6.619326591491699;8.609450340270996;9.183839797973633;8.738598823547363;9.113482475280762;9.830949306488037;9.472870349884033;8.873997211456299;8.32834768295288;8.383864402770996;8.130717277526855;8.767399787902832;8.08575439453125;7.913039207458496;7.784618377685547;7.392152786254883;7.454858779907227;7.405994892120361;6.8832011222839355;8.421624183654785;8.079581260681152;7.965921401977539;7.140295028686523,9.830949306488037,36.81699570945531,36.816995709455306;36.816995709455306;36.816995709455306;36.816995709455306;36.816995709455306;36.81699570945531;36.816995709455306;36.816995709455306;36.8169957094553;36.816995709455306;36.816995709455306;36.81699570945531;36.816995709455306;36.81699570945531;36.816995709455306;36.816995709455306;36.816995709455306;36.816995709455306;36.8169957094553;36.816995709455306;36.81699570945531;36.816995709455306;36.816995709455306;36.816995709455306;36.816995709455306;36.8169957094553;36.816995709455306;36.81699570945531;36.816995709455306;36.816995709455306;36.816995709455306;36.81699570945531,22.18702791106882,10.937604273319192;11.119471138255959;11.30748831261478;11.501973145890814;11.703265202874597;11.91172824218873;12.127752410114171;12.351756677541369;12.58419155207217;12.82554210221193;13.07633133637001;13.337123986202265;13.608530751893413;13.891213076548489;14.18588852826166;14.493336882053041;14.814407010202453;15.150024709178739;15.501201615136342;15.86904538880119;16.254771385729562;16.659716070968976;17.08535249009323;17.5333081740197;18.005385936309736;18.5035881231894;19.030145004069436;19.587548151506496;20.178589864478013;20.806409951157626;21.474551525504285;22.18702791106882
785,Ca_JVASP-71902_CaBeW.json,-0.42385292053222656,-1.3658301830291748;-1.5542175769805908;-1.3174612522125244;-0.9349405765533447;-0.8225927352905273;-0.8205609321594238;-0.7953085899353027;-0.8783516883850098;-0.6976971626281738;-0.7571139335632324;-0.36135005950927734;-0.12436866760253906;0.24706697463989258;0.12322282791137695;0.11413145065307617;0.19544649124145508;0.9233059883117676;1.1972670555114746,1.1972670555114746,47.48047543898174,47.480475438981735;47.480475438981735;47.48047543898173;47.48047543898173;47.48047543898173;47.480475438981735;47.480475438981735;47.480475438981735;47.480475438981735;47.480475438981735;47.480475438981735;47.480475438981735;47.480475438981735;47.480475438981735;47.48047543898173;47.480475438981735;47.48047543898174;47.480475438981735,7.632667739119226,6.39234973305604;6.454043266142386;6.516939231300366;6.581073128318422;6.646481868302796;6.713203844516467;6.781279007528096;6.850748944980123;6.92165696631064;6.994048192791729;7.0679696532776;7.143470386089468;7.22060154750101;7.299416527328718;7.379971072176014;7.462323416928974;7.546534425155494;7.632667739119226
786,Ca_JVASP-107900_TbCaPd2.json,2.4165077209472656,0.6111741065979004;0.7532057762145996;1.48349928855896;2.638307809829712;2.100259780883789;3.1928958892822266;3.8850245475769043;4.667694568634033,4.667694568634033,65.00091745469345,65.00091745469344;65.00091745469344;65.00091745469344;65.00091745469345;65.00091745469344;65.00091745469344;65.00091745469345;65.00091745469345,8.891737193192673,8.134610332153933;8.234779944770757;8.337447292237353;8.442706975732184;8.550658434851192;8.661406260942858;8.775060535112614;8.891737193192673
787,Li_JVASP-155421_Li2CaTiO4.json,3.5392887592315674,2.5870888233184814;2.4615395069122314;2.5292880535125732;2.351407766342163;2.579965829849243;2.5910685062408447;2.5968167781829834;2.160984754562378;3.692323923110962;4.3236753940582275;5.251316785812378;8.696597814559937;5.014262437820435;3.4221651554107666;3.424339532852173;2.9457790851593018,8.696597814559937,61.89540472494507,61.89540472494506;61.89540472494506;61.89540472494505;61.89540472494506;61.89540472494505;61.89540472494507;61.89540472494506;61.89540472494506;61.89540472494505;61.89540472494506;61.89540472494505;61.89540472494507;61.89540472494505;61.89540472494505;61.89540472494505;61.89540472494505,21.923828527435834,20.203185595737235;20.30944838882314;20.41683491426402;20.525363092069323;20.635051225308683;20.74591801040235;20.857982547745102;20.97126435267641;21.08578336680997;21.201559969736532;21.318614991114377;21.436969723162527;21.556645933572447;21.677665878854675;21.80005231813751;21.923828527435834
788,Ca_JVASP-100463_CaCrF6.json,9.852692604064941,11.937146186828613;10.475067138671875;9.696030616760254;8.915924072265625;9.309412956237793;9.170581817626953;9.384469032287598;9.93290901184082,11.937146186828613,50.12576188818471,50.125761888184705;50.12576188818471;50.1257618881847;50.1257618881847;50.125761888184705;50.1257618881847;50.125761888184705;50.1257618881847,19.592153593833434,16.25794281880861;16.66304750426626;17.088856344374236;17.536998189750445;18.009277353700238;18.507697892537468;19.034492032525264;19.592153593833434
789,Ca_JVASP-91438_Ca2ThSi8O20.json,8.753130912780762,5.6084113121032715;6.937676906585693;6.86558723449707;10.188763618469238;11.833847045898438;11.211942672729492;8.87411117553711;8.504707336425781,11.833847045898438,25.95414612272688,25.954146122726872;25.954146122726875;25.95414612272687;25.95414612272687;25.954146122726872;25.95414612272688;25.954146122726872;25.954146122726872,8.516739018015006,7.819623921477036;7.912142124398283;8.006875805710413;8.103905508892272;8.203315729514676;8.305195160651499;8.409636956807676;8.516739018015006
790,Ca_JVASP-71090_CaBe2Pb.json,1.6494790315628052,0.5000442266464233;1.7364472150802612;2.6518837213516235;1.759698510169983;1.9836675524711609;1.6559062600135803;1.2165353298187256;1.6916494369506836,2.6518837213516235,71.6920542467007,71.6920542467007;71.69205424670069;71.6920542467007;71.69205424670069;71.6920542467007;71.69205424670069;71.6920542467007;71.6920542467007,14.551210990995404,12.62779991714996;12.870842236571832;13.123423631516799;13.386116936791256;13.659541790101553;13.944369511706446;14.241328607571626;14.551210990995404
791,Na_JVASP-12293_Na2Ca2Ta3O10.json,2.890717029571533,1.0015501976013184;1.2660932540893555;1.493032455444336;1.688673496246338;1.8669037818908691;1.8602519035339355;2.1496024131774902;2.677593231201172;2.497776985168457;3.98652982711792;3.405792713165283;3.404491424560547;4.132123947143555;3.7735581398010254;4.054935932159424;4.553787708282471;4.574526309967041;3.6456828117370605,4.574526309967041,21.884579502520133,21.884579502520126;21.88457950252013;21.884579502520133;21.884579502520126;21.884579502520126;21.884579502520126;21.88457950252013;21.884579502520126;21.88457950252013;21.88457950252013;21.88457950252013;21.88457950252013;21.88457950252013;21.88457950252013;21.88457950252013;21.88457950252013;21.88457950252013;21.884579502520126,3.790910486077944,3.592326567947277;3.6034302686372266;3.6146028241142605;3.6258448768299965;3.6371570772535433;3.648540083996954;3.659994563943053;3.6715211923756694;3.683120653112351;3.6947936386395863;3.706540850250621;3.7183629981859014;3.730260801776221;3.7422349895886176;3.754286299575098;3.7664154792242353;3.778623285715724;3.790910486077944
792,Ca_JVASP-95566_Ca2AlH8S2ClO12F2.json,8.861931800842285,8.885168075561523;8.838695526123047,8.885168075561523,142.72945186897763,142.72945186897763;142.72945186897763,66.22626254499443,60.25869665892002;66.22626254499443
793,Ca_JVASP-86740_CaAgBi.json,3.2453882694244385,1.7599360942840576;1.7624096870422363;2.057518720626831;2.050267457962036;2.3629299998283386;2.3291532397270203;2.8061280846595764;2.6834099888801575;3.360134482383728;3.355126142501831;4.018272876739502;3.7103651762008667;3.9060850143432617;3.8087337017059326;5.161770820617676;6.793970823287964,6.793970823287964,34.616030573641375,34.616030573641375;34.616030573641375;34.61603057364137;34.61603057364137;34.61603057364137;34.616030573641375;34.616030573641375;34.616030573641375;34.61603057364137;34.616030573641375;34.616030573641375;34.61603057364137;34.61603057364137;34.616030573641375;34.616030573641375;34.616030573641375,5.24526180612077,4.693101004714819;4.726269488896157;4.759910146585605;4.794033132577796;4.82864889496192;4.863768185787546;4.899402072199285;4.935561948064536;4.972259546119965;5.009506950663927;5.047316610823664;5.085701354427893;5.124674402517236;5.164249384527005;5.204440354178925;5.24526180612077
794,Ca_JVASP-100290_LiCa2Ge.json,2.0956090688705444,0.44287586212158203;0.547173261642456;1.3088752031326294;2.399927258491516;2.5290926694869995;3.046237349510193;2.306831121444702;1.9278111457824707;1.393774926662445;1.5488118529319763;2.092137336730957;2.1200133562088013;1.905369520187378;3.574002265930176;3.1111180782318115;3.275693893432617,3.574002265930176,57.701895079256815,57.7018950792568;57.70189507925681;57.70189507925681;57.70189507925681;57.7018950792568;57.7018950792568;57.70189507925681;57.70189507925681;57.7018950792568;57.70189507925681;57.70189507925681;57.70189507925681;57.701895079256815;57.70189507925681;57.7018950792568;57.70189507925681,39.60462781260231,20.973131898926912;21.652198757096038;22.376710605900367;23.151387331631433;23.98162586535876;24.87362609684875;25.83454597438194;26.87269400021167;27.997770081137972;29.221169524780045;30.556370378731103;32.019432046228616;33.62964434991858;35.41038280882768;37.39025083720391;39.60462781260231
795,Ca_JVASP-88565_Ca4Ni3C5.json,3.6768593788146973,1.8224308490753174;1.7410733699798584;1.9465656280517578;1.807931900024414;1.7483017444610596;1.7324845790863037;2.7545785903930664;2.574185371398926;3.0491867065429688;3.3667640686035156;4.124971866607666;4.97506856918335;3.3243627548217773;2.3779897689819336;3.897977352142334;3.670677661895752;3.892357349395752;4.207034587860107;4.9662604331970215;4.497290134429932;6.424320697784424;6.766292095184326;6.104310989379883;6.472208023071289,6.766292095184326,39.56185911092607,39.561859110926065;39.561859110926065;39.56185911092607;39.561859110926065;39.561859110926065;39.56185911092607;39.56185911092607;39.56185911092607;39.56185911092606;39.561859110926065;39.56185911092607;39.561859110926065;39.561859110926065;39.56185911092607;39.56185911092607;39.561859110926065;39.561859110926065;39.56185911092607;39.561859110926065;39.561859110926065;39.561859110926065;39.56185911092607;39.561859110926065;39.561859110926065,18.396489540534017,11.267403228702404;11.460499833665645;11.660330277615861;11.867253054170355;12.08165256381988;12.30394149721653;12.53456348649214;12.773996060446215;13.022753945025785;13.281392757100969;13.550513147321585;13.830765457070239;14.122854965511635;14.427547815855188;14.74567772566826;15.078153604987888;15.425968228815194;15.79020813826598;16.1720649783669;16.57284852172247;16.994001677945143;17.437117851297913;17.90396108662961;18.396489540534017
796,Ca_JVASP-99308_Ca3Ga2Ge3O12.json,9.280047257741293,5.984947204589844;6.610467910766602;8.264101028442383;9.319278717041016;11.924288272857666;11.358799457550049;11.334849119186401;9.38245415687561;8.811492443084717;8.488568305969238;10.190681219100952;9.69063925743103,11.924288272857666,47.08712093616573,47.087120936165725;47.087120936165725;47.087120936165725;47.08712093616572;47.08712093616572;47.08712093616572;47.08712093616572;47.08712093616572;47.08712093616572;47.08712093616573;47.08712093616572;47.08712093616572,11.978245027162794,10.006634390748792;10.158643990406794;10.315343148293147;10.476952276488966;10.64370581958959;10.815853389489439;10.993661012098885;11.17741249908922;11.367410959542699;11.563980468442653;11.767467911322765;11.978245027162794
797,Li_JVASP-133158_LiCa2HC3.json,1.4500811100006104,1.190593957901001;1.1662399768829346;0.6430165767669678;1.1087758541107178;0.9064157009124756;0.8396766185760498;1.1471421718597412;1.0238902568817139;0.757671594619751;1.1552059650421143;0.8546097278594971;0.660503625869751;3.1445953845977783;2.6099836826324463;1.420727014541626;2.127581834793091;2.1973307132720947;2.228069543838501;2.0605251789093018;1.5844871997833252;2.007019281387329;0.8845713138580322;0.9809315204620361;2.102381944656372,3.1445953845977783,21.435566183744456,21.435566183744452;21.435566183744456;21.435566183744452;21.435566183744452;21.43556618374445;21.43556618374445;21.435566183744456;21.435566183744456;21.435566183744452;21.435566183744452;21.435566183744456;21.435566183744456;21.435566183744452;21.435566183744456;21.435566183744452;21.435566183744452;21.435566183744452;21.43556618374445;21.435566183744452;21.435566183744452;21.43556618374445;21.43556618374445;21.435566183744452;21.435566183744452,9.505264753561864,8.995932157285983;9.016939376475664;9.038044937046722;9.059249531169563;9.080553857525604;9.101958621384023;9.123464534679568;9.145072316091504;9.166782691123665;9.188596392185657;9.210514158675215;9.232536737061755;9.254664880971115;9.276899351271517;9.299240916160786;9.32169035125482;9.344248439677337;9.366915972150954;9.389693747089568;9.412582570692107;9.435583257037637;9.458696628181888;9.481923514255195;9.505264753561864
798,Ca_JVASP-87310_Ca2B5H2ClO10.json,8.953571796417236,6.045822620391846;6.181524753570557;6.435064792633057;6.677664279937744;6.90090799331665;7.0919575691223145;7.477043151855469;7.623291969299316;9.766773223876953;11.950772285461426;12.004515647888184;11.538694381713867;11.689713954925537;11.534227848052979;10.663864135742188;9.675310134887695,12.004515647888184,26.964892809288244,26.964892809288237;26.96489280928824;26.96489280928824;26.964892809288244;26.96489280928824;26.96489280928824;26.96489280928824;26.96489280928824;26.964892809288234;26.964892809288244;26.964892809288244;26.964892809288237;26.964892809288244;26.96489280928824;26.964892809288237;26.96489280928824,13.059743974319211,10.100841133883947;10.2557485272071;10.41548126948835;10.580268391536874;10.750353651487565;10.925996737902365;11.10747459277073;11.295082868585093;11.489137535615692;11.689976657763893;11.897962357989293;12.113482997348191;12.336955595228849;12.568828522516409;12.809584504283437;13.059743974319211
799,Ca_JVASP-61472_CaCdAu.json,2.7239341735839844,1.4412356615066528;1.2868531942367554;1.4843289852142334;1.3951671123504639;1.606998324394226;1.6986290216445923;2.1833291053771973;2.6022119522094727;2.8849852085113525;2.8989052772521973;3.7351837158203125;3.277822732925415;3.6574039459228516;4.00313663482666;4.912605285644531;4.514150619506836,4.912605285644531,39.05732963187319,39.05732963187319;39.05732963187319;39.05732963187318;39.05732963187319;39.05732963187318;39.05732963187318;39.05732963187318;39.05732963187318;39.05732963187319;39.05732963187319;39.05732963187318;39.05732963187319;39.05732963187318;39.05732963187319;39.05732963187319;39.05732963187318,5.37091015315195,4.793435084931912;4.828042180164783;4.863152614052907;4.898777448159131;4.934928070562367;4.971616207994812;5.00885393852463;5.04665370481289;5.085028327975344;5.123991022081468;5.163555409325241;5.203735535904202;5.244545888645724;5.286001412421804;5.328117528396381;5.37091015315195
800,Ca_JVASP-98452_K2Ca3Si3O10.json,9.391299724578857,7.756597995758057;9.608278751373291;10.042394161224365;10.841865062713623;7.787087440490723;7.5068769454956055;7.6012282371521;7.570396900177002;11.25416898727417;9.929982662200928;8.168303489685059;7.5677032470703125;8.446527481079102;8.087593078613281;8.36583137512207;7.948173522949219;10.822463989257812;10.772726058959961;11.0690336227417;11.231581687927246;11.445387840270996;11.342962265014648;10.155513763427734;10.068514823913574,11.445387840270996,22.675306381458277,22.675306381458277;22.675306381458277;22.675306381458274;22.675306381458274;22.675306381458274;22.675306381458277;22.67530638145827;22.675306381458277;22.675306381458277;22.675306381458274;22.675306381458274;22.675306381458274;22.675306381458274;22.67530638145827;22.675306381458274;22.675306381458277;22.675306381458274;22.675306381458274;22.675306381458277;22.675306381458274;22.675306381458274;22.675306381458274;22.675306381458274;22.675306381458274,10.230921021010518,7.567942634413099;7.654568136888303;7.743199697266613;7.833907815759218;7.926766335248875;8.021852641776647;8.119247879633564;8.219037182313778;8.321309920710716;8.426159970077187;8.533685997425486;8.643991771216992;8.757186495384403;8.87338516994676;8.992708980720398;9.115285720902083;9.241250247607375;9.370744976792992;9.50392042038166;9.640935769848442;9.7819595310259;9.927170215450323;10.07675709421304;10.230921021010518
801,Ca_JVASP-100423_CaSm2S3.json,2.4599857330322266,2.0157690048217773;1.988204002380371;2.8654632568359375;2.9705066680908203,2.9705066680908203,81.56793219222091,81.56793219222091;81.5679321922209;81.5679321922209;81.5679321922209,16.465476238258926,15.332900848017651;15.69270772138734;16.069807077705878;16.465476238258926
802,Ca_JVASP-98997_CaV2O5.json,6.034303188323975,5.063424110412598;5.248665809631348;5.6355767250061035;5.968295574188232;6.167755603790283;6.951768398284912;5.4481201171875;5.585000991821289;5.8998188972473145;6.3280463218688965;6.677384853363037;7.437780857086182,7.437780857086182,36.70104369433572,36.701043694335716;36.70104369433571;36.701043694335716;36.70104369433572;36.701043694335716;36.701043694335716;36.701043694335716;36.70104369433572;36.701043694335716;36.701043694335716;36.701043694335716;36.70104369433572,12.058410483898463,10.06251984651417;10.216245127963255;10.374740204971513;10.538230572041384;10.706956165072606;10.88117253626564;11.061152145625682;11.247185782794903;11.439584134818766;11.638679517625594;11.844827791517412;12.058410483898463
803,Ca_JVASP-103218_NaCaH6Ir.json,5.038926362991333,2.746663808822632;3.269813299179077;4.169923305511475;5.353109359741211;5.25531530380249;6.433786392211914;6.72932505607605;6.353474378585815,6.72932505607605,60.072848694853704,60.072848694853704;60.072848694853704;60.072848694853704;60.072848694853704;60.0728486948537;60.0728486948537;60.0728486948537;60.07284869485369,14.806521637362206,12.819631439395607;13.070187316054785;13.330732510864706;13.601876565173747;13.884279641684245;14.178657890890644;14.485789514989637;14.806521637362206
804,Li_JVASP-154702_Li3CaMnN3.json,2.0240110556284585,1.0308139324188232;1.019235372543335;1.1375291347503662;1.208510160446167;1.1348164081573486;1.1720316410064697;1.2190420627593994;1.1577084064483643;1.5028388500213623;1.6247336864471436;1.2841641902923584;1.3029992580413818;1.6434037685394287;1.6296679973602295;1.4043934345245361;1.5115749835968018;2.051955461502075;2.017833948135376;1.9826781749725342;1.8377749919891357;1.9822666645050049;1.9307529926300049;1.9477651119232178;1.8889548778533936;3.043119192123413;2.82608962059021;2.8733532428741455;2.70369553565979;3.1686885356903076;2.8940579891204834;3.0584237575531006;3.1321322917938232;2.178539991378784;2.363004446029663;1.990821123123169;2.0663788318634033;2.4933698177337646;2.321518659591675;1.930645227432251;2.063804864883423;2.747950315475464;2.6995322704315186;2.6423332691192627;2.628488779067993;2.467698812484741;2.3736608028411865;1.982837438583374;1.8789403438568115,3.1686885356903076,31.979530621674485,31.979530621674485;31.97953062167448;31.97953062167448;31.97953062167448;31.979530621674485;31.97953062167448;31.97953062167448;31.979530621674478;31.979530621674485;31.979530621674485;31.97953062167448;31.979530621674478;31.979530621674478;31.979530621674485;31.979530621674478;31.979530621674478;31.97953062167448;31.979530621674485;31.979530621674478;31.979530621674485;31.97953062167448;31.97953062167448;31.97953062167448;31.979530621674478;31.97953062167448;31.979530621674478;31.979530621674485;31.97953062167448;31.97953062167448;31.979530621674478;31.97953062167448;31.979530621674478;31.97953062167448;31.979530621674485;31.97953062167448;31.979530621674478;31.979530621674478;31.97953062167448;31.97953062167448;31.979530621674485;31.97953062167448;31.97953062167448;31.97953062167448;31.97953062167448;31.979530621674478;31.979530621674478;31.979530621674485;31.97953062167448,12.185153873124927,10.611311654256358;10.640552943214804;10.669955836273477;10.699521676819677;10.729251823171875;10.759147648787739;10.78921054247564;10.819441908609702;10.849843167348508;10.880415754857479;10.911161123535033;10.942080742242583;10.973176096538465;11.004448688915858;11.035900039044794;11.067531684018318;11.099345178602908;11.131342095493194;11.16352402557115;11.19589257816975;11.228449381341234;11.261196082130082;11.294134346850761;11.327265861370376;11.360592331396301;11.394115482768903;11.42783706175947;11.461758835373434;11.49588259165903;11.530210140021458;11.564743311542726;11.599483959307204;11.634433958733133;11.669595207910087;11.704969627942601;11.740559163300063;11.776365782172997;11.812391476835915;11.848638264016811;11.885108185273516;11.921803307376988;11.958725722701754;11.995877549623623;12.033260932924826;12.070878044206765;12.10873108231051;12.146822273745267;12.185153873124927
805,Ca_JVASP-93532_CaMg.json,0.5903146266937256,1.9712626934051514;0.9351327419281006;0.5300507545471191;0.8285493850708008;0.426471471786499;0.47825121879577637;0.2119431495666504;0.18062686920166016;-0.10216474533081055;2.2065439224243164;1.3388230800628662;0.6454508304595947;0.5672285556793213;0.7629458904266357;0.9592125415802002;0.5539348125457764;0.012494325637817383;0.18708205223083496;0.60270094871521;0.11849045753479004;0.6619293689727783;0.4610898494720459;0.16976308822631836;0.2092571258544922;0.05838179588317871;0.327380895614624;0.6356618404388428,2.2065439224243164,25.497176237667155,25.49717623766715;25.497176237667148;25.49717623766715;25.497176237667144;25.497176237667148;25.497176237667148;25.497176237667144;25.497176237667155;25.497176237667148;25.49717623766715;25.497176237667144;25.497176237667148;25.497176237667148;25.497176237667148;25.49717623766715;25.49717623766715;25.49717623766715;25.497176237667148;25.497176237667148;25.497176237667148;25.49717623766715;25.49717623766715;25.497176237667148;25.497176237667148;25.49717623766715;25.497176237667144;25.497176237667144,38.490565824724094,15.417850330350094;15.781702457811958;16.163143051656547;16.563479028958596;16.984150076526547;17.42674595036585;17.89302655239203;18.384945318862467;18.904676575868884;19.454647669753186;20.03757687396022;20.656518321327606;21.31491552929335;22.01666549835098;22.76619590342494;23.56855860825778;24.429543676890752;25.355819322442073;26.355104948596725;27.43638678776682;28.61018889271997;29.888916799777753;31.28729766363474;32.822950009137394;34.51712993192402;36.395720970396304;38.490565824724094
806,Ca_JVASP-85832_CaGe2.json,2.3760766983032227,1.2553406953811646;2.231758952140808;3.0487420558929443;2.2757627964019775;2.098451316356659;1.8461125493049622;3.307639241218567;2.9448059797286987,3.307639241218567,78.21719293762581,78.2171929376258;78.2171929376258;78.2171929376258;78.2171929376258;78.21719293762581;78.21719293762578;78.2171929376258;78.2171929376258,22.291508037899384,18.074133137705893;18.576200047069424;19.106956944076106;19.668935339095064;20.264973597341434;20.89826488576853;21.57241440016799;22.291508037899384
807,Ca_JVASP-93263_CaTlF3.json,13.414659261703491,14.837322473526001;17.953644514083862;13.464590311050415;12.259222269058228;9.612966418266296;10.107195973396301;12.032986283302307;17.04934585094452,17.953644514083862,61.88255948297482,61.88255948297481;61.88255948297481;61.88255948297481;61.8825594829748;61.88255948297482;61.88255948297482;61.882559482974806;61.88255948297482,12.576324403971176,11.11332833576631;11.301136078057803;11.495400583258279;11.696460646998029;11.904679189652272;12.12044544258478;12.34417737652741;12.576324403971176
808,Na_JVASP-129289_NaCa.json,0.5412693023681641,2.2777857780456543;1.092005729675293;0.09251618385314941;0.1062462329864502;0.031412601470947266;0.03545093536376953;0.6373472213745117;-0.06812906265258789;2.4737579822540283;-0.12347054481506348;1.573533058166504;0.3628883361816406;1.3975772857666016;-0.507225513458252;0.41765356063842773;-0.03469371795654297;0.4062471389770508;-0.4280557632446289,2.4737579822540283,31.48560547827629,31.48560547827629;31.485605478276288;31.485605478276288;31.48560547827629;31.485605478276288;31.485605478276288;31.48560547827629;31.485605478276288;31.48560547827629;31.485605478276284;31.485605478276288;31.48560547827628;31.485605478276284;31.485605478276288;31.48560547827629;31.48560547827629;31.485605478276288;31.485605478276288,36.00444075053759,23.609066940640574;24.097065793337055;24.605664289555826;25.136194895826325;25.690107530034236;26.268982794080163;26.87454703680899;27.508689549524572;28.173482254851624;28.871202321181524;29.604358222748257;30.375719873782188;31.188353599690885;32.04566287599247;32.95143597618329;33.9099019352722;34.925796572864016;36.00444075053759
809,K_JVASP-110577_K2CaPrO4.json,2.8809380531311035,1.9923889636993408;1.917114019393921;1.8257222175598145;1.6054158210754395;2.1982779502868652;2.129734516143799;2.153873920440674;2.2258238792419434;2.9712328910827637;3.1644530296325684;3.5318455696105957;3.871809482574463;3.815352439880371;3.3780250549316406;3.5722126960754395;3.429752826690674;3.5995116233825684;3.3808722496032715;3.450974941253662;3.2405333518981934;3.1470961570739746;3.0769171714782715;2.869450092315674;2.5941224098205566,3.871809482574463,26.715637051682915,26.71563705168291;26.715637051682908;26.715637051682908;26.71563705168291;26.71563705168291;26.715637051682908;26.715637051682908;26.71563705168291;26.715637051682908;26.71563705168291;26.71563705168291;26.715637051682908;26.715637051682908;26.715637051682908;26.71563705168291;26.715637051682908;26.71563705168291;26.715637051682908;26.715637051682908;26.71563705168291;26.715637051682908;26.715637051682915;26.715637051682908;26.715637051682908,8.997114926087285,6.9108788189999855;6.981261574249235;7.053092684176364;7.126417320488918;7.201282553065846;7.277737450720455;7.355833188450945;7.4356231616711455;7.517163107957243;7.60051123689388;7.685728368655269;7.7728780820146754;7.862026872539214;7.95324432179716;8.046603278482683;8.142180052448877;8.240054622735228;8.340310860781457;8.443036770137015;8.548324744106203;8.656271842914373;8.766980092142774;8.880556804360852;8.997114926087285
810,K_JVASP-98450_K2Ca3Si3O10.json,3.6759719848632812,1.9173479080200195;1.890207290649414;1.8807377815246582;1.904848575592041;1.8883862495422363;1.9579663276672363;2.159031867980957;2.236125946044922;2.4593138694763184;2.5608162879943848;2.737273693084717;3.025116443634033;6.016902923583984;7.593138694763184;9.310783386230469;9.277554512023926,9.310783386230469,23.246130239267274,23.246130239267274;23.246130239267274;23.246130239267266;23.24613023926727;23.24613023926727;23.24613023926727;23.24613023926727;23.24613023926727;23.24613023926727;23.24613023926727;23.246130239267274;23.24613023926727;23.246130239267274;23.246130239267274;23.24613023926727;23.246130239267274,9.069954131618374,7.567942634413099;7.652426951874493;7.738818836558051;7.827183632462053;7.917589702547605;8.010108605125088;8.104815282753545;8.201788264700996;8.301109884115201;8.402866511167186;8.507148803555053;8.6140519758952;8.723676089683519;8.836126365682563;8.951513520784735;9.069954131618374
811,Ca_JVASP-74284_Ca2ZrBe.json,2.042894423007965,-0.28024327754974365;-0.26298534870147705;3.034693956375122;5.2153284549713135;0.3469059467315674;1.5806381702423096;1.695390224456787;2.0873517990112305;0.3642348051071167;0.4990431070327759;0.027987241744995117;1.5890443325042725;1.448153018951416;1.678447961807251;4.978716850280762;8.683603525161743,8.683603525161743,57.898405873129455,57.89840587312945;57.89840587312944;57.89840587312945;57.89840587312944;57.898405873129434;57.89840587312944;57.89840587312944;57.898405873129455;57.89840587312944;57.898405873129434;57.89840587312945;57.89840587312944;57.89840587312945;57.89840587312944;57.89840587312944;57.89840587312944,31.831968290602326,18.57167607262985;19.102170792904097;19.66386354203715;20.259589798147076;20.89253938309056;21.566313599527586;22.284993792268644;23.053224090708532;23.876311876577724;24.760350571065462;25.71237074847682;26.74052750524611;27.854334655165093;29.06495999719056;30.3856010807578;31.831968290602326
812,Ca_JVASP-95209_CaH4N6O2.json,6.2938408851623535,5.486500263214111;5.432742595672607;5.528010368347168;5.484396934509277;5.636809825897217;5.532639980316162;5.527523040771484;5.465977668762207;7.140479564666748;7.202041149139404;7.110391616821289;7.157130241394043;6.967245101928711;6.98155403137207;7.0196661949157715;7.028345584869385,7.202041149139404,21.27017273086074,21.27017273086074;21.27017273086074;21.27017273086074;21.27017273086074;21.27017273086074;21.270172730860736;21.27017273086074;21.27017273086074;21.27017273086074;21.27017273086074;21.27017273086074;21.27017273086074;21.27017273086074;21.270172730860736;21.270172730860736;21.27017273086074,13.665787536564213,10.459603840013775;10.625801216897468;10.7973654406422;10.974560736819745;11.157668965193357;11.346991115793264;11.54284895993271;11.745586875214064;11.955573866299138;12.173205806388664;12.398907928055996;12.633137596409131;12.876387402634482;13.129188621952618;13.392115087070273;13.665787536564213
813,Ca_JVASP-99409_Ba2CaN2.json,4.192681789398193,2.8640527725219727;2.4091944694519043;3.4022397994995117;3.2512307167053223;4.348187446594238;4.084975242614746;3.5656399726867676;3.527592182159424;4.803675174713135;5.132681369781494;6.365844249725342;6.556868076324463,6.556868076324463,30.26940961742274,30.269409617422735;30.269409617422735;30.269409617422735;30.269409617422735;30.26940961742273;30.26940961742274;30.269409617422735;30.269409617422735;30.269409617422735;30.269409617422735;30.269409617422735;30.269409617422735,7.298705836994678,6.516372736417739;6.5804954291928;6.645892629217554;6.712602716207522;6.780665626493589;6.850122932747449;6.9210179286577285;6.993395718919208;7.067303314928186;7.142789736610624;7.2199061208465505;7.298705836994678
814,Na_JVASP-97660_Ba14Na14CaN6.json,0.26676684617996216,0.1853717565536499;0.2758392095565796;0.778704047203064;0.7200145721435547;0.29503870010375977;0.6430366039276123;0.637923002243042;0.28453028202056885;0.2323068380355835;0.5966106653213501;0.26367032527923584;-0.49794328212738037;0.46161019802093506;-1.141977071762085,0.778704047203064,32.784925052585365,32.78492505258536;32.78492505258535;32.78492505258536;32.78492505258536;32.78492505258536;32.784925052585365;32.78492505258536;32.78492505258535;32.78492505258536;32.78492505258535;32.78492505258536;32.78492505258536;32.78492505258536;32.78492505258536,12.949540055313213,11.315550760942601;11.426458836751094;11.539562538359577;11.65492771716288;11.772622884509175;11.892719347375323;12.015291352432245;12.140416239111925;12.268174602339087;12.398650465647101;12.531931465459488;12.668109047386336;12.807278675459578;12.949540055313213
815,Ca_JVASP-106120_CaNdCoO4.json,7.293461799621582,4.867475509643555;5.040594100952148;5.74107027053833;6.055190563201904;8.578943252563477;8.597911834716797;9.70671558380127;9.759793281555176,9.759793281555176,66.26321923204458,66.26321923204456;66.26321923204456;66.26321923204458;66.26321923204456;66.26321923204456;66.26321923204455;66.26321923204456;66.26321923204456,12.30859668146203,10.90374776780932;11.084481163499447;11.271306980440565;11.46453855802757;11.664511097599208;11.87158360294267;12.086141031224873;12.30859668146203
816,Ca_JVASP-91738_CaFeSO.json,7.019841432571411,4.197332382202148;5.451608657836914;6.264615058898926;7.0771379470825195;7.092081069946289;7.148700714111328;6.968890190124512;7.110207557678223;7.668181419372559;4.534071922302246;5.304983615875244;6.101325511932373;7.442041397094727;7.865683078765869;7.096923351287842;9.040054321289062;9.251601696014404;10.741705894470215,10.741705894470215,36.336456670963074,36.33645667096307;36.33645667096307;36.336456670963074;36.33645667096307;36.33645667096307;36.336456670963074;36.33645667096307;36.33645667096307;36.33645667096307;36.336456670963074;36.33645667096307;36.33645667096307;36.336456670963074;36.33645667096307;36.33645667096307;36.33645667096307;36.336456670963074;36.336456670963074,14.028904520947298,10.340982521584491;10.503402350371278;10.67100566165541;10.844044618475445;11.022788009576754;11.207522642590742;11.398554879694522;11.596212333045884;11.800845739729962;12.012831038790296;12.232571676220223;12.460501167647665;12.697085952962697;12.942828582440251;13.198271280155206;13.463999937863614;13.740648601264475;14.028904520947298
817,Ca_JVASP-97846_CaCr2Cu3Sb2O12.json,6.256280899047852,5.364887714385986;5.821556568145752;5.902647018432617;6.166142463684082;5.942068099975586;6.175220489501953;6.215339660644531;6.426084518432617;6.302833557128906;6.504843711853027;6.435614585876465;6.421735763549805;6.484161376953125;6.419225692749023;6.4324846267700195;7.085648536682129,7.085648536682129,13.15725762337197,13.15725762337197;13.157257623371969;13.157257623371969;13.157257623371969;13.15725762337197;13.157257623371969;13.15725762337197;13.157257623371969;13.157257623371969;13.157257623371969;13.157257623371969;13.157257623371969;13.15725762337197;13.15725762337197;13.15725762337197;13.15725762337197,2.2863542531525725,2.174820713885293;2.181916636268965;2.189059014839947;2.1962483073115053;2.203484977429595;2.210769495072575;2.218102336352912;2.2254839837209124;2.2329149260705328;2.240395658847319;2.247926684158521;2.2555085108854342;2.2631416547980265;2.2708266386718967;2.2785639924076246;2.2863542531525725
818,Li_JVASP-54828_LiCaGaN2.json,1.445880651473999,0.8051059246063232;0.9172284603118896;0.7783548831939697;0.8208858966827393;0.829716682434082;0.9848470687866211;0.8273477554321289;0.9609594345092773;1.634082317352295;1.6675376892089844;1.6263573169708252;1.613769769668579;1.6668834686279297;1.7270474433898926;1.6843888759613037;1.6839911937713623;1.1436171531677246;1.063809871673584;1.0971989631652832;1.0290141105651855;1.0488965511322021;1.075272798538208;1.0288798809051514;1.0154392719268799;2.0617752075195312;2.245537281036377;2.0940470695495605;2.3880653381347656;2.1048500537872314;2.1886255741119385;2.1161863803863525;2.33846116065979,2.3880653381347656,23.44550306487017,23.445503064870167;23.445503064870167;23.445503064870167;23.44550306487017;23.445503064870167;23.445503064870167;23.44550306487017;23.445503064870167;23.445503064870167;23.445503064870167;23.445503064870167;23.44550306487017;23.445503064870167;23.445503064870163;23.44550306487017;23.445503064870167;23.44550306487017;23.44550306487017;23.445503064870167;23.44550306487017;23.445503064870167;23.445503064870167;23.44550306487017;23.445503064870163;23.44550306487017;23.44550306487017;23.445503064870167;23.44550306487017;23.445503064870167;23.44550306487017;23.44550306487017;23.445503064870167,6.067799510770204,5.785941612780747;5.794624468574983;5.803333423939244;5.812068596728687;5.820830105509117;5.82961806956236;5.838432608891666;5.847273844227179;5.856141897031447;5.865036889504984;5.873958944591885;5.882908185985482;5.891884738134072;5.900888726246682;5.909920276298884;5.9189795150386795;5.928066569992421;5.937181569470801;5.946324642574891;5.955495919202233;5.964695530052995;5.973923606636179;5.983180281275884;5.992465687117637;6.001779958134773;6.011123229134876;6.020495635766289;6.029897314524673;6.039328402759638;6.048789038681428;6.058279361367672;6.067799510770204
819,Na_JVASP-61501_NaCaAsO4.json,4.429966449737549,3.096196174621582;3.1270666122436523;3.154881477355957;3.2176122665405273;3.0829005241394043;3.23099946975708;3.3208723068237305;3.7952890396118164;5.127993106842041;5.393657207489014;5.639290809631348;5.771637916564941;5.851728439331055;6.189739227294922;5.6451616287231445;5.234436988830566,6.189739227294922,27.388439662977337,27.388439662977333;27.38843966297733;27.388439662977337;27.388439662977333;27.388439662977326;27.38843966297733;27.38843966297733;27.388439662977333;27.388439662977326;27.388439662977333;27.388439662977333;27.388439662977333;27.38843966297733;27.38843966297733;27.388439662977333;27.388439662977326,9.283682801821941,8.29307252364079;8.352489040906933;8.412763092789852;8.47391337890818;8.53595914655299;8.598920210885895;8.662816976037675;8.727670457154636;8.793502303442713;8.860334822262432;8.928191004331024;8.997094550091552;9.06706989731254;9.138142249985663;9.210337608593242;9.283682801821941
820,Ca_JVASP-63137_CaGa2As2.json,3.3499226570129395,3.3499226570129395,3.3499226570129395,380.1132096529599,380.1132096529599,81.37264840309268,81.37264840309268
821,Ca_JVASP-94257_CaZn3.json,1.5312762260437012,1.4168739318847656;1.7648448944091797;1.4449787139892578;2.1290712356567383;1.6232290267944336;1.9735112190246582;1.7739384174346924;1.8738253116607666;1.4744932651519775;1.5886561870574951;1.3797290325164795;1.3231003284454346;1.1465954780578613;1.2454771995544434;1.1587772369384766;1.1833181381225586,2.1290712356567383,34.73762668802125,34.737626688021244;34.737626688021244;34.737626688021244;34.737626688021244;34.737626688021244;34.737626688021244;34.737626688021244;34.737626688021244;34.737626688021244;34.737626688021244;34.737626688021244;34.73762668802125;34.737626688021244;34.73762668802125;34.737626688021244;34.737626688021244,8.428907466753605,7.088688707684747;7.164635113302202;7.242226483550544;7.321516847329981;7.402562625839676;7.485422766468027;7.570158885776882;7.656835422308586;7.745519800012227;7.836282603160158;7.929197763708502;8.024342762146809;8.121798842983731;8.221651246128248;8.323989455551454;8.428907466753605
822,Ca_JVASP-98098_Ca10Al6Ge9.json,3.1933634877204895,1.2018306255340576;1.6649794578552246;1.7169767618179321;1.9243038892745972;2.841973662376404;2.103103756904602;2.7782950401306152;3.6151509284973145;2.995043635368347;2.8087512254714966;2.9843528270721436;5.2551023960113525;4.487081289291382;3.7352378368377686;5.473583698272705;4.406259775161743;4.209152638912201;4.26982718706131;2.1725306510925293;3.2237324714660645,5.473583698272705,38.08265520704498,38.08265520704497;38.08265520704498;38.08265520704497;38.08265520704497;38.08265520704498;38.08265520704498;38.08265520704497;38.08265520704497;38.08265520704498;38.08265520704498;38.08265520704498;38.08265520704497;38.08265520704497;38.08265520704497;38.08265520704497;38.08265520704498;38.08265520704498;38.08265520704497;38.08265520704497;38.08265520704497,16.035574241483136,11.016457293556833;11.200978014200256;11.391785310862213;11.589206024408153;11.793590052003433;12.005312416684315;12.2247755639257;12.452411914793911;12.688686709763893;12.934101182553555;13.189196109536875;13.454555787630959;13.730812502240743;14.018651557172921;14.318816950748703;14.632117797088885;14.959435609256776;15.301732582304277;15.660061040127772;16.035574241483136
823,Ca_JVASP-86111_CaAlAu.json,2.1550300121307373,1.0032801628112793;0.9603047370910645;0.9345011711120605;0.8695192337036133;1.324386477470398;1.296002984046936;1.2262320518493652;1.2296290397644043;1.1721513271331787;1.1564908027648926;1.216953158378601;1.225742220878601;1.5277223587036133;1.4483602046966553;1.6257766485214233;1.4971197843551636;2.524876356124878;2.489391326904297;2.2691357135772705;2.239932060241699;2.2873541116714478;2.3111261129379272;2.5520435571670532;2.698537230491638;3.2965056896209717;3.4483702182769775;3.281651258468628;3.317960023880005;4.101014852523804;4.536020517349243;3.850455164909363;4.042413830757141,4.536020517349243,21.622931959500885,21.62293195950088;21.62293195950088;21.62293195950088;21.62293195950088;21.62293195950088;21.622931959500878;21.62293195950088;21.62293195950088;21.62293195950088;21.622931959500885;21.62293195950088;21.62293195950088;21.62293195950088;21.62293195950088;21.62293195950088;21.622931959500878;21.62293195950088;21.622931959500878;21.62293195950088;21.62293195950088;21.622931959500885;21.62293195950088;21.62293195950088;21.62293195950088;21.622931959500878;21.62293195950088;21.62293195950088;21.62293195950088;21.62293195950088;21.622931959500885;21.62293195950088;21.62293195950088,3.7191130783578292,3.1722101278090507;3.1873295837288005;3.202593855221537;3.2180050328850287;3.2335652477522223;3.2492766722735844;3.2651415213282236;3.2811620532647767;3.297340570973092;3.313679422987776;3.330181004624706;3.3468477591516788;3.363682178994383;3.380686806978956;3.397864237612417;3.415217118402338;3.4327481512171594;3.4504600936886196;3.4683557606578224;3.4864380256665433;3.504709822495427;3.523174146750811;3.541834057501971;3.5606926789706757;3.5797532022750063;3.5990188872294846;3.618493064203642;3.6381791360412628;3.658080580042614;3.6782009500120907;3.698543878373816;3.7191130783578292
824,Na_JVASP-150673_NaCaH3.json,2.0162353515625,-1.0748178958892822;0.6094849109649658;0.7522358894348145;0.9573197364807129;0.36470818519592285;0.16252398490905762;-0.08029937744140625;0.26712703704833984;3.6336278915405273;3.6495800018310547;3.671818494796753;3.7567999362945557;3.8676159381866455;3.47963547706604;3.929053544998169;4.31335186958313,4.31335186958313,37.51458552905786,37.514585529057854;37.514585529057854;37.514585529057854;37.514585529057854;37.514585529057854;37.514585529057854;37.514585529057854;37.514585529057854;37.514585529057854;37.514585529057854;37.514585529057854;37.51458552905786;37.51458552905785;37.514585529057854;37.51458552905785;37.514585529057854,37.6098385326134,25.34501898528781;25.908276451702815;26.497138149135107;27.113390534864756;27.758990216230977;28.43608470204742;29.147036266946266;29.894449487421788;30.6812031259886;31.510487186132732;32.385846143565196;33.311229589136694;34.29105180946864;35.33026220133948;36.43442888991639;37.6098385326134
825,Ca_JVASP-68491_CaBe2Cr.json,1.3835411071777344,-0.035056114196777344;0.04105424880981445;1.2705681324005127;1.3390753269195557;2.054901599884033;2.876413345336914;0.5383987426757812;1.0164494514465332;1.6378352642059326;1.7079670429229736;2.3140931129455566;3.1260275840759277;0.8329424858093262;1.193173885345459;1.1177701950073242;1.1704292297363281;1.518587589263916;1.1831088066101074,3.1260275840759277,41.91356261046306,41.91356261046306;41.91356261046305;41.91356261046305;41.91356261046305;41.91356261046306;41.91356261046306;41.91356261046305;41.91356261046306;41.913562610463046;41.91356261046306;41.91356261046306;41.91356261046305;41.91356261046305;41.91356261046306;41.91356261046306;41.91356261046305;41.91356261046305;41.91356261046305,20.609447917549396,13.52399599987512;13.803141227405243;14.094052847685603;14.397490834564932;14.714282049391054;15.045327765271983;15.391612230411004;15.754212441867411;16.134309334167828;16.533200627625266;16.95231563087986;17.393232353456014;17.857697360139046;18.347648893751533;18.865243911750188;19.41288983195294;19.993281972926898;20.609447917549396
826,Ca_JVASP-100369_Na4SrCaSi2.json,1.289700984954834,0.7727799415588379;0.7622568607330322;1.0271471738815308;1.110071063041687;1.6424251794815063;1.7062311172485352;1.6606674790382385;1.636029064655304,1.7062311172485352,27.032139331731518,27.032139331731514;27.032139331731514;27.032139331731514;27.032139331731518;27.03213933173151;27.032139331731514;27.032139331731514;27.032139331731514,13.915050572241366,12.145917867097257;12.370599899077051;12.603751189813705;12.84585980364622;13.097452040796856;13.35909625651;13.631407147285442;13.915050572241366
827,Ca_JVASP-4840_Ca3N2.json,5.141207933425903,1.6760802268981934;1.9662847518920898;2.9295363426208496;2.89595890045166;3.1167736053466797;3.1834263801574707;3.919928550720215;3.8059449195861816;4.556563138961792;4.326796293258667;5.934169292449951;5.53202486038208;5.7438483238220215;5.461719036102295;6.434922218322754;6.040255546569824;6.691565036773682;6.173075199127197;5.912937164306641;5.370918273925781;6.172494411468506;5.045337200164795;6.241112232208252;5.358025074005127;6.675502300262451;6.285404682159424;7.183851718902588;7.267832279205322;8.103677749633789;6.683270454406738;4.904516696929932;4.685959815979004;5.450340270996094;4.68731164932251;7.2752063274383545;5.551647424697876;7.22654914855957;12.915726661682129;7.321475982666016;8.672412395477295;4.7203369140625;6.090805530548096;9.059810876846313;10.07449460029602;7.102379322052002;8.974329948425293;6.190968632698059;6.872126936912537;6.7137322425842285;6.290229320526123;3.124291777610779;0.041548848152160645;-13.646059513092041;-9.364149570465088,12.915726661682129,28.79697461948961,28.796974619489607;28.796974619489603;28.796974619489603;28.796974619489603;28.7969746194896;28.796974619489603;28.796974619489603;28.796974619489607;28.7969746194896;28.796974619489603;28.796974619489607;28.796974619489603;28.7969746194896;28.7969746194896;28.796974619489603;28.7969746194896;28.796974619489607;28.7969746194896;28.796974619489603;28.796974619489603;28.796974619489603;28.796974619489603;28.796974619489603;28.796974619489607;28.796974619489603;28.796974619489603;28.796974619489603;28.7969746194896;28.7969746194896;28.796974619489607;28.796974619489603;28.796974619489603;28.79697461948961;28.7969746194896;28.7969746194896;28.796974619489603;28.796974619489607;28.7969746194896;28.796974619489607;28.796974619489607;28.796974619489603;28.796974619489607;28.796974619489596;28.7969746194896;28.7969746194896;28.796974619489603;28.796974619489603;28.796974619489603;28.796974619489603;28.7969746194896;28.796974619489603;28.7969746194896;28.796974619489603;28.796974619489603,49.23853753663495,10.043826648753335;10.196976961702847;10.354870128944663;10.51772993512925;10.685794468473748;10.859317282114619;11.03856867048082;11.223837074200835;11.415430628902268;11.61367887539658;11.818934651214782;12.031576186333632;12.252009429279507;12.480670633706932;12.71802924012794;12.96459109284645;13.220902038486834;13.487551959990839;13.765179308828513;14.054476208718365;14.356194216739935;14.671150842795216;15.000236946491688;15.34442515237724;15.704779450934481;16.082466184950086;16.47876666022582;16.895091667896605;17.332998265186365;17.794209235262503;18.280635738844115;18.79440378548237;19.337885297692534;19.91373472530901;20.524932402505915;21.174836141986738;21.867242951802947;22.606463270163943;23.39741078406598;24.245711786809387;25.157839219796312;26.141278153098963;27.204731657524256;28.358379058104276;29.61420280664266;30.986406230040437;32.49195306228352;34.1512722953574;35.98919062784656;38.0361831282962;40.33007645002854;42.91840790652873;45.861755260140036;49.23853753663495
828,Ca_JVASP-65457_BaCa2Pt.json,0.5041906833648682,-0.18606936931610107;0.22922492027282715;-0.24045538902282715;-0.2808898687362671;0.19027376174926758;-0.08894181251525879;-0.016172289848327637;-0.4410744905471802;1.1560297012329102;0.672529935836792;2.1314505338668823;0.39953744411468506;0.9518953561782837;-0.5403395891189575;2.3819562196731567;1.7480958700180054,2.3819562196731567,46.30995126496497,46.30995126496496;46.309951264964965;46.309951264964965;46.30995126496496;46.30995126496496;46.30995126496496;46.30995126496496;46.309951264964965;46.309951264964965;46.309951264964965;46.309951264964965;46.30995126496495;46.30995126496497;46.309951264964965;46.309951264964965;46.30995126496496,9.92880600893362,8.120342078108255;8.220158444338528;8.322459262916523;8.427338460659117;8.534894759453818;8.645231986206813;8.758459407147523;8.874692088752317;8.994051287793434;9.116664873292544;9.242667783465611;9.372202521091923;9.505419691130342;9.642478584847003;9.783547815217654;9.92880600893362
829,Ca_JVASP-102226_CaB2C6.json,3.2170701026916504,1.2706527709960938;2.045866012573242;1.1739697456359863;2.2706542015075684;2.7576003074645996;4.992740154266357;4.479738712310791;6.7453389167785645,6.7453389167785645,54.1772761045309,54.17727610453089;54.1772761045309;54.17727610453089;54.1772761045309;54.1772761045309;54.1772761045309;54.17727610453089;54.1772761045309,33.944505019090336,25.045454390179795;26.019956359868633;27.073362900705153;28.21566160712485;29.45859994213146;30.816090722513575;32.30473513161657;33.944505019090336
830,Ca_JVASP-103508_CaNdAlO4.json,7.711669445037842,3.3333053588867188;3.5574817657470703;5.15344762802124;5.39721155166626;13.522289752960205;11.373680591583252;9.651186466217041;9.704752445220947,13.522289752960205,66.64501488293355,66.64501488293355;66.64501488293355;66.64501488293355;66.64501488293355;66.64501488293354;66.64501488293355;66.64501488293355;66.64501488293355,13.945688623402482,12.169254096383463;12.394808347792047;12.628881688090813;12.871966050931366;13.124591988836633;13.38733253874711;13.660807561356958;13.945688623402482
831,Ca_JVASP-68463_CaBe2Tl.json,1.8087432384490967,0.7327102422714233;0.5868819952011108;0.9958218336105347;0.9416407346725464;1.0336074829101562;0.8231773376464844;2.2352142333984375;2.575814723968506;2.373447060585022;1.9748185873031616;1.9008954763412476;1.4678832292556763;2.801280975341797;2.9055964946746826;2.3581284284591675;1.9272993803024292;2.91347599029541;2.0096840858459473,2.91347599029541,31.025256627261584,31.025256627261584;31.025256627261577;31.02525662726158;31.02525662726158;31.025256627261577;31.025256627261577;31.02525662726158;31.02525662726158;31.025256627261584;31.025256627261577;31.025256627261577;31.02525662726158;31.025256627261573;31.025256627261584;31.02525662726158;31.025256627261577;31.02525662726158;31.025256627261577,6.628425489555251,5.6725809860929965;5.721110763914856;5.770478065880158;5.820704761617297;5.871813488860199;5.923827687468799;5.976771635273882;6.030670485861401;6.085550308419876;6.1414381297834435;6.198361978813062;6.2563509332689575;6.315435169339032;6.375646014000459;6.437016000405384;6.4995789264964685;6.563369917074169;6.628425489555251
832,Ca_JVASP-3783_Ca3AsBr3.json,12.840462923049927,2.5076634883880615;4.246253967285156;5.012076139450073;7.190917491912842;5.445138454437256;6.000584125518799;5.555578351020813;6.775749087333679;6.236862778663635;5.378538012504578;6.363847136497498;6.179158329963684;6.033371686935425;5.801790475845337;5.633520543575287;9.225863993167877;5.711390316486359;3.7025169730186462;5.244219064712524;4.04155158996582;5.150110363960266;8.504726767539978;59.23814249038696;122.99153852462769,122.99153852462769,27.101611323349434,27.101611323349427;27.10161132334943;27.10161132334943;27.101611323349427;27.101611323349427;27.10161132334943;27.101611323349427;27.101611323349427;27.101611323349427;27.10161132334943;27.10161132334943;27.101611323349427;27.101611323349434;27.10161132334943;27.101611323349424;27.101611323349424;27.101611323349424;27.101611323349424;27.101611323349424;27.10161132334943;27.101611323349424;27.101611323349424;27.101611323349424;27.101611323349427,10.481010069938538,7.703919929051713;7.7937047564419;7.885607044350413;7.979702593007258;8.076070864301277;8.174795205586294;8.275963090105654;8.379666375492828;8.48600158195375;8.59507019190163;8.706978972999432;8.821840326771577;8.939772665177559;9.060900817799517;9.185356472587308;9.31327865343241;9.4448142382118;9.580118521360092;9.719355825500175;9.862700167197056;10.010335982506152;10.162458918676728;10.319276699156388;10.481010069938538
833,Ca_JVASP-64108_Ba4CaFe.json,1.5292683839797974,5.850355267524719;1.920498251914978;1.1312758922576904;1.000976324081421;0.6550567150115967;0.42304444313049316;0.6322474479675293;0.6206927299499512,5.850355267524719,20.508313521657964,20.50831352165796;20.508313521657964;20.50831352165796;20.508313521657964;20.508313521657964;20.508313521657964;20.50831352165796;20.508313521657964,5.490641915028226,5.192225993696659;5.232855313907322;5.274125500150562;5.316051836001548;5.358650094913065;5.401936560001336;5.445928044798635;5.490641915028226
834,Na_JVASP-143654_NaCaAsO4.json,4.392629623413086,3.1346664428710938;3.0447845458984375;3.183344841003418;3.2646188735961914;3.1683297157287598;3.2592310905456543;3.564697742462158;3.855325222015381;5.4430365562438965;5.366030216217041;5.561158657073975;5.248117923736572;5.9373250007629395;5.986240863800049;5.2291717529296875;5.035994529724121,5.986240863800049,27.528510747830964,27.52851074783096;27.52851074783096;27.528510747830964;27.52851074783096;27.528510747830953;27.528510747830957;27.528510747830957;27.52851074783096;27.528510747830957;27.52851074783096;27.52851074783096;27.52851074783096;27.52851074783096;27.528510747830957;27.52851074783096;27.528510747830957,9.283682801821941,8.29307252364079;8.352489040906933;8.412763092789852;8.47391337890818;8.53595914655299;8.598920210885895;8.662816976037675;8.727670457154636;8.793502303442713;8.860334822262432;8.928191004331024;8.997094550091552;9.06706989731254;9.138142249985663;9.210337608593242;9.283682801821941
835,Ca_JVASP-93531_Ca2Mg.json,0.34385132789611816,2.184936046600342;0.9448714256286621;0.4929327964782715;1.2572221755981445;0.8055765628814697;0.11898446083068848;0.2905733585357666;-0.22652554512023926;-0.44109129905700684;2.626202344894409;2.1528329849243164;2.1323986053466797;1.1937618255615234;0.9795236587524414;0.9533047676086426;0.2863192558288574;0.2855243682861328;0.43323516845703125;0.2636752128601074;0.186187744140625;0.33993101119995117;0.5091733932495117;0.2532310485839844;-0.6209726333618164;-0.42731332778930664;-0.7780900001525879;-2.558936834335327;2.788614511489868;0.6708645820617676;-0.44722461700439453;-0.6074438095092773;-0.3984808921813965;-0.5847554206848145;-0.7632513046264648;-0.6087071895599365;-1.308436632156372,2.788614511489868,23.280924884944334,23.280924884944326;23.28092488494433;23.280924884944326;23.28092488494433;23.28092488494433;23.28092488494433;23.280924884944326;23.28092488494433;23.28092488494433;23.28092488494433;23.28092488494433;23.280924884944326;23.280924884944334;23.280924884944326;23.280924884944334;23.280924884944326;23.280924884944326;23.280924884944334;23.280924884944326;23.28092488494433;23.280924884944326;23.28092488494433;23.28092488494433;23.28092488494433;23.28092488494433;23.28092488494433;23.280924884944326;23.280924884944326;23.280924884944326;23.28092488494433;23.28092488494433;23.28092488494433;23.28092488494433;23.280924884944326;23.280924884944326;23.28092488494433,56.12076471017972,14.25384772047362;14.564281097429172;14.888537327117032;15.22756068024294;15.582383438650727;15.954136393844847;16.34406088503754;16.75352264670468;17.184027791135268;17.637241320134503;18.115008645458257;18.619380704378862;19.15264339113904;19.71735219506086;20.3163731525714;20.95293149795103;21.630669755951015;22.353717485571895;23.126775495525138;23.955218160189975;24.845218543437895;25.803902490816157;26.839539828588045;27.961783530492422;29.18197150462978;30.51351100146082;31.97237329394003;33.577737387885506;35.35283791238667;37.32609696604503;39.532657422895085;42.016494263985564;44.83337519966663;48.0550977922971;51.77569489788603;56.12076471017972
836,Ca_JVASP-65745_BaCa2Sn.json,0.5591409802436829,-0.02271902561187744;0.7573562860488892;1.3275346755981445;-0.25122952461242676;1.0919337272644043;0.6015836000442505;0.8813904523849487;0.08727765083312988,1.3275346755981445,71.69905508409781,71.6990550840978;71.6990550840978;71.6990550840978;71.69905508409781;71.69905508409781;71.69905508409781;71.6990550840978;71.69905508409781,25.184012945662964,19.93013043185842;20.542350437045858;21.193375191450297;21.887014826090418;22.62759515822494;23.420047991938976;24.270021082157733;25.184012945662964
837,Ca_JVASP-74660_Ca2BeFe.json,2.5909957885742188,1.1782070994377136;0.5308504700660706;0.3757365942001343;2.2157005071640015;0.9666322469711304;0.629944920539856;2.839097499847412;1.6030783653259277;1.8727977275848389;1.5953547954559326;1.5875638723373413;2.3694692850112915;3.4912914633750916;2.9286018013954163;1.4271888732910156;3.0091280937194824;2.1716307997703552;2.2526647448539734;3.649589478969574;3.363618791103363;5.5704116225242615;2.5651851296424866;5.963604211807251;8.026550531387329,8.026550531387329,42.94973651174311,42.94973651174311;42.94973651174311;42.949736511743104;42.94973651174311;42.94973651174311;42.949736511743104;42.94973651174311;42.94973651174311;42.94973651174311;42.94973651174311;42.94973651174311;42.94973651174311;42.94973651174311;42.94973651174311;42.94973651174311;42.94973651174311;42.949736511743104;42.94973651174311;42.94973651174311;42.949736511743104;42.94973651174311;42.94973651174311;42.94973651174311;42.94973651174311,32.750066394781406,15.401750029129024;15.764833690403812;16.145449457499694;16.544898598236564;16.964614424204672;17.406179475332703;17.87134545991741;18.36205647973072;18.880476189442092;19.42901969049501;20.01039115111577;20.627628388845906;21.284155966800462;21.983848762806474;22.731108503329878;23.530956455568557;24.38914640280657;25.31230327724068;26.308094515871073;27.385443519805843;28.554797801644916;29.828468896265896;31.22106748788467;32.750066394781406
838,Ca_JVASP-67307_CaMgBe.json,1.5688676834106445,0.46032118797302246;0.7923405170440674;1.6376287937164307;2.060699224472046;1.1420879364013672;1.399599552154541;2.3583940267562866;2.699870228767395,2.699870228767395,85.19775670360995,85.19775670360994;85.19775670360994;85.19775670360993;85.19775670360995;85.19775670360994;85.19775670360994;85.19775670360994;85.19775670360994,87.41073170528986,45.64584593766507;48.989749310041475;52.862313499662044;57.39966887085584;62.789072316660295;69.2953964035834;77.3059914955854;87.41073170528986
839,Ca_JVASP-66682_BaCaCr.json,-0.40211594104766846,-0.3625444173812866;-0.556425929069519;-0.596885621547699;-0.7448194622993469;-0.09000301361083984;-0.6741230487823486;-0.45005834102630615;0.25793230533599854,0.25793230533599854,44.857946828959214,44.85794682895921;44.85794682895921;44.85794682895921;44.85794682895921;44.8579468289592;44.857946828959214;44.8579468289592;44.8579468289592,17.239417680226932,14.604050155552388;14.930099445183108;15.271039914645936;15.627915559523737;16.001870300970847;16.394160234217463;16.80616772400324;17.239417680226932
840,Li_JVASP-81715_Li2CaTl.json,0.2868804931640625,0.18884658813476562;0.3115229606628418;0.5047271251678467;0.8958718776702881;-0.1521461009979248;0.13765263557434082;1.0719057321548462;-0.6633368730545044,1.0719057321548462,97.15526689759602,97.15526689759602;97.155266897596;97.15526689759601;97.15526689759601;97.15526689759601;97.155266897596;97.155266897596;97.15526689759601,27.215533037639144,25.935916821832723;26.11130219912344;26.289075728276135;26.469286521410112;26.65198504658779;26.837223174935488;27.025054229742924;27.215533037639144
841,Ca_JVASP-86138_CaAgBi.json,3.2453882694244385,1.7599360942840576;1.7624096870422363;2.057518720626831;2.050267457962036;2.3629299998283386;2.3291532397270203;2.8061280846595764;2.6834099888801575;3.360134482383728;3.355126142501831;4.018272876739502;3.7103651762008667;3.9060850143432617;3.8087337017059326;5.161770820617676;6.793970823287964,6.793970823287964,34.616030573641375,34.616030573641375;34.616030573641375;34.61603057364137;34.61603057364137;34.61603057364137;34.616030573641375;34.616030573641375;34.616030573641375;34.61603057364137;34.616030573641375;34.616030573641375;34.61603057364137;34.61603057364137;34.616030573641375;34.616030573641375;34.616030573641375,5.24526180612077,4.693101004714819;4.726269488896157;4.759910146585605;4.794033132577796;4.82864889496192;4.863768185787546;4.899402072199285;4.935561948064536;4.972259546119965;5.009506950663927;5.047316610823664;5.085701354427893;5.124674402517236;5.164249384527005;5.204440354178925;5.24526180612077
842,Ca_JVASP-68886_CaBePb2.json,1.418742299079895,1.8070015907287598;1.435360312461853;1.294864296913147;1.306732416152954;1.4511318802833557;1.5097479224205017;1.2341207265853882;1.3109792470932007,1.8070015907287598,55.43170829217198,55.43170829217198;55.431708292171976;55.431708292171976;55.431708292171976;55.431708292171976;55.431708292171976;55.431708292171976;55.431708292171976,7.819826483903931,7.228168578852203;7.307149741428636;7.387876004162246;7.470405850512055;7.5548004067308785;7.64112359285171;7.729442284144999;7.819826483903931
843,Ca_JVASP-98004_Ca3Mn2O7.json,9.55924129486084,6.065705299377441;6.250092506408691;6.40429162979126;6.671304225921631;9.80717420578003;10.447153568267822;9.831593990325928;9.994120121002197;14.307010650634766;11.904912948608398;10.453336715698242;9.966886520385742;13.446335792541504;11.679347038269043;9.34111499786377;8.976845741271973;10.063990116119385;8.573829174041748;7.873192310333252;8.317212581634521;9.050891399383545;9.109488010406494;9.317051410675049;11.568910121917725,14.307010650634766,41.274954514678896,41.27495451467888;41.27495451467889;41.27495451467889;41.27495451467888;41.27495451467889;41.27495451467889;41.27495451467889;41.27495451467889;41.27495451467889;41.27495451467889;41.27495451467889;41.27495451467888;41.27495451467889;41.27495451467888;41.27495451467889;41.274954514678896;41.27495451467889;41.27495451467888;41.27495451467889;41.27495451467888;41.27495451467889;41.27495451467889;41.27495451467888;41.27495451467889,14.766224231008241,9.79283101538792;9.938367049052797;10.088294103648416;10.242813947638965;10.402140903521278;10.56650283964237;10.736142257555459;10.911317485826457;11.092303992650773;11.27939583130811;11.472907234408192;11.673174375108148;11.880557316066207;12.095442169900911;12.318243498427853;12.549406982040013;12.789412395397031;13.038776931229538;13.298058920715713;13.567862006752001;13.848839835771297;14.141701344868533;14.44721673426033;14.766224231008241
844,Ca_JVASP-65042_Ca4ScBe.json,0.8515263795852661,2.2853827476501465;1.1039929389953613;0.7726616859436035;1.027097225189209;-0.22220778465270996;0.08370208740234375;-0.3613302707672119;-0.4333839416503906;-0.4990711212158203;-0.5233125686645508;1.566100835800171;1.876502275466919;1.491490364074707;1.6101396083831787;-0.23560845851898193;0.9786115884780884;-0.5518002510070801;-0.5052251815795898;-0.7372944355010986;0.011747598648071289;0.11654520034790039;0.28665781021118164;2.778905153274536;5.824264764785767;-1.235520601272583;-0.980586051940918;-1.0159777402877808;-0.5844992399215698;1.6960327625274658;1.491255283355713;5.151750802993774;4.981821060180664,5.824264764785767,28.1657174089323,28.165717408932295;28.16571740893229;28.165717408932288;28.16571740893229;28.165717408932295;28.165717408932295;28.165717408932295;28.165717408932295;28.16571740893229;28.16571740893229;28.165717408932288;28.16571740893229;28.1657174089323;28.16571740893229;28.16571740893229;28.16571740893229;28.16571740893229;28.16571740893229;28.16571740893229;28.165717408932288;28.16571740893229;28.16571740893229;28.16571740893229;28.16571740893229;28.16571740893229;28.165717408932288;28.165717408932295;28.16571740893229;28.16571740893229;28.16571740893229;28.16571740893229;28.16571740893229,56.80413088920119,15.634607525134316;16.00888642940678;16.40152466284754;16.81390704743458;17.247561271143212;17.704176799266875;18.18562687140189;18.693994187900266;19.231601028509388;19.801044721851532;20.405239608645047;21.047466929339333;21.73143443876969;22.461348034804292;23.24199832383039;24.078865887863262;24.97825014302716;25.94742819697003;26.994852182014217;28.130396393473497;29.365669542586243;30.714413058728365;32.193014437979265;33.82117636733163;35.62279971073428;37.627164589539845;39.870533966173724;42.39836724102634;45.26843291724019;48.55527728920824;52.35679232038149;56.80413088920119
845,Ca_JVASP-107901_Yb3Ca.json,0.4968857765197754,1.961141586303711;0.26639461517333984;0.20285320281982422;0.10347747802734375;0.22594904899597168;0.20764517784118652;0.21762490272521973;0.7900002002716064,1.961141586303711,36.10964864771718,36.10964864771717;36.10964864771717;36.10964864771717;36.109648647717165;36.10964864771718;36.10964864771718;36.10964864771718;36.10964864771717,6.391900421868608,5.991053562671699;6.045211478480261;6.100357479651677;6.156518855849198;6.213723911014911;6.272002010934001;6.331383633500974;6.391900421868608
846,Na_JVASP-109805_NaCaN.json,1.3279650211334229,-0.28925275802612305;0.24697017669677734;0.4461989402770996;0.5794157981872559;1.0280718803405762;1.3215861320495605;1.625927448272705;1.0466375350952148;0.5197787284851074;2.9249582290649414;2.0268242359161377;1.7160289287567139;1.9336414337158203;1.8993263244628906;1.4206006526947021;2.071965456008911;1.7407951354980469;1.6438961029052734,2.9249582290649414,43.55008051687841,43.55008051687841;43.5500805168784;43.55008051687841;43.55008051687841;43.550080516878396;43.550080516878396;43.5500805168784;43.5500805168784;43.5500805168784;43.5500805168784;43.5500805168784;43.55008051687841;43.5500805168784;43.5500805168784;43.550080516878396;43.5500805168784;43.5500805168784;43.5500805168784,26.895228194728062,19.318604469648516;19.64412947345323;19.980812912970563;20.329238530945467;20.690031509999493;21.063862216341445;21.45145035679765;21.853569603397155;22.271052748035906;22.704797459485633;23.15577272649609;23.625026084316847;24.11369173806962;24.62299971556854;25.154286205073973;25.709005260896497;26.288742092765702;26.895228194728062
847,Na_JVASP-67578_NaCaBe.json,0.7613530158996582,0.05284857749938965;0.08563065528869629;0.6408126354217529;1.6078627109527588;1.6421773433685303;0.6467883586883545;0.843329668045044;0.5713741779327393,1.6421773433685303,70.28060928829912,70.28060928829912;70.2806092882991;70.2806092882991;70.2806092882991;70.2806092882991;70.2806092882991;70.28060928829912;70.2806092882991,64.47139199346643,46.47873799365987;48.40872222529448;50.50593174696778;52.793084871042694;55.297210285265244;58.050720222766294;61.09282106367675;64.47139199346643
848,Ca_JVASP-86712_CaAlAu.json,2.1541004180908203,1.0032914876937866;0.9602934122085571;0.9345122575759888;0.8694971799850464;1.3243974447250366;1.2960137128829956;1.2262213230133057;1.2296290397644043;1.1721513271331787;1.1564908027648926;1.2169430255889893;1.2257423400878906;1.5277323722839355;1.4483699798583984;1.6257668733596802;1.4971102476119995;2.524885892868042;2.489382028579712;2.2691450119018555;2.239932060241699;2.2873451709747314;2.3111350536346436;2.552034854888916;2.698554515838623;3.296497106552124;3.4483702182769775;3.28163480758667;3.317976474761963;4.101014852523804;4.429301500320435;3.9048866033554077;4.064954400062561,4.429301500320435,21.622931959500885,21.62293195950088;21.62293195950088;21.62293195950088;21.62293195950088;21.62293195950088;21.622931959500878;21.62293195950088;21.62293195950088;21.62293195950088;21.622931959500885;21.62293195950088;21.62293195950088;21.62293195950088;21.62293195950088;21.62293195950088;21.622931959500878;21.62293195950088;21.622931959500878;21.62293195950088;21.62293195950088;21.622931959500885;21.62293195950088;21.62293195950088;21.62293195950088;21.622931959500878;21.62293195950088;21.62293195950088;21.62293195950088;21.62293195950088;21.622931959500885;21.62293195950088;21.62293195950088,3.7191130783578292,3.1722101278090507;3.1873295837288005;3.202593855221537;3.2180050328850287;3.2335652477522223;3.2492766722735844;3.2651415213282236;3.2811620532647767;3.297340570973092;3.313679422987776;3.330181004624706;3.3468477591516788;3.363682178994383;3.380686806978956;3.397864237612417;3.415217118402338;3.4327481512171594;3.4504600936886196;3.4683557606578224;3.4864380256665433;3.504709822495427;3.523174146750811;3.541834057501971;3.5606926789706757;3.5797532022750063;3.5990188872294846;3.618493064203642;3.6381791360412628;3.658080580042614;3.6782009500120907;3.698543878373816;3.7191130783578292
849,Ca_JVASP-12162_BaCaI4.json,6.401112079620361,4.116765975952148;8.789427042007446;5.45488828420639;7.24336701631546,8.789427042007446,40.695287237835885,40.69528723783588;40.695287237835885;40.69528723783588;40.69528723783587,10.230129370207548,9.7812358329955;9.926424872535865;10.07598912063519;10.230129370207548
850,Ca_JVASP-50007_SrCa2I6.json,5.8347108364105225,2.8402881622314453;3.5709593296051025;9.075650334358215;8.405759453773499;7.112594902515411;5.6341442465782166;5.211751818656921;4.826538443565369,9.075650334358215,28.88821793413861,28.888217934138606;28.888217934138606;28.888217934138606;28.888217934138606;28.88821793413861;28.88821793413861;28.88821793413861;28.888217934138606,7.799596124636544,7.210880333184716;7.289482080982253;7.3698163002986385;7.451940907859794;7.535916431033583;7.621806156602235;7.709676289825759;7.799596124636544
851,Li_JVASP-155419_Li2CaCoO4.json,3.7063539028167725,2.992382764816284;3.457911252975464;3.326509714126587;2.986272096633911;3.2740795612335205;3.051348924636841;3.1334173679351807;3.247856378555298;3.8127548694610596;3.891479730606079;3.3817169666290283;3.7864573001861572;4.27738881111145;4.662719964981079;4.620728254318237;5.398638486862183,5.398638486862183,63.266686723500285,63.266686723500285;63.26668672350027;63.26668672350028;63.266686723500285;63.266686723500285;63.26668672350027;63.26668672350028;63.26668672350028;63.266686723500285;63.26668672350027;63.26668672350028;63.26668672350027;63.266686723500285;63.26668672350028;63.26668672350028;63.266686723500285,20.4433631765869,18.93928494209599;19.032637408693915;19.126914709659285;19.22213065678269;19.318299338257315;19.41543512562795;19.51355268095068;19.612666964170803;19.712793240726704;19.81394708938789;19.916144410335555;20.019401433494494;20.12373472712561;20.229161206688445;20.33569814398383;20.4433631765869
852,Na_JVASP-86029_NaCaVO4.json,3.064457893371582,2.2110648155212402;2.1188149452209473;2.2037768363952637;2.076359272003174;2.2083048820495605;2.332247257232666;2.0442323684692383;2.269700050354004;3.2059922218322754;3.6422390937805176;3.5122127532958984;3.66550350189209;4.226860523223877;4.299475193023682;4.333197593688965;4.681344985961914,4.681344985961914,28.16025036434601,28.160250364346002;28.160250364346005;28.160250364346005;28.160250364346005;28.160250364346005;28.160250364346005;28.160250364346005;28.160250364346002;28.160250364346005;28.16025036434601;28.160250364346002;28.160250364346005;28.160250364346002;28.16025036434601;28.160250364346005;28.160250364346005,10.706616686849005,9.4102693443508;9.486846590779175;9.564680376336765;9.643801884272813;9.724243338266845;9.80603804618618;9.88922044607051;9.973826154476992;10.059892017328394;10.147456163416827;10.236558060726276;10.327238575748744;10.419540035981264;10.513506295804618;10.609182805959158;10.706616686849005
853,Ca_JVASP-68963_BaLiCa2.json,0.2564845085144043,0.2500607967376709;0.7223308086395264;0.7937071323394775;-0.33019328117370605;1.4195221662521362;0.050786614418029785;0.6397135257720947;-1.4940516948699951,1.4195221662521362,68.92539418855229,68.92539418855227;68.92539418855227;68.92539418855229;68.92539418855227;68.92539418855226;68.92539418855226;68.92539418855226;68.92539418855227,43.42782364273047,29.855854722657902;31.251071410710956;32.783082615053836;34.473043519954814;36.346708582110686;38.4357532576962;40.77957932576078;43.42782364273047
854,Ca_JVASP-61629_CaAs2O6.json,9.76686954498291,8.900354862213135;8.74288034439087;9.22443962097168;9.792824745178223;9.828927516937256;10.336279392242432;10.262006282806396;11.047243595123291,11.047243595123291,52.254154100228135,52.254154100228114;52.25415410022813;52.254154100228135;52.25415410022813;52.25415410022813;52.254154100228135;52.25415410022812;52.25415410022813,13.355367156179152,11.717310057649087;11.926278208810785;12.14283523568625;12.367402179307042;12.600431814139569;12.842411695144474;13.093867562806595;13.355367156179152
855,Na_JVASP-118849_NaCa2As.json,-0.3271327018737793,-0.4811466336250305;-0.571509063243866;0.5031053423881531;-0.4379202723503113;-0.7368030548095703;-0.035602569580078125;0.3752155303955078;-1.232400894165039,0.5031053423881531,53.2987619342713,53.2987619342713;53.29876193427129;53.29876193427129;53.29876193427129;53.29876193427129;53.2987619342713;53.29876193427129;53.29876193427129,21.21023835403852,18.814144240379765;19.122754769306237;19.441658485130134;19.77137908943895;20.11247642357848;20.46554964080837;20.831240718549857;21.21023835403852
856,Ca_JVASP-93525_CaMg2.json,0.25055837631225586,1.0878028869628906;0.8351125717163086;0.7696490287780762;0.25796079635620117;0.7266678810119629;0.43366479873657227;0.29930830001831055;-0.18473291397094727;-0.7126514911651611;2.721996545791626;2.1406404972076416;1.5799753665924072;0.7552978992462158;0.05830788612365723;-0.32238173484802246;-1.072636365890503;-1.1109578609466553;-3.7529733180999756,2.721996545791626,28.272037739759543,28.272037739759536;28.272037739759543;28.272037739759536;28.27203773975954;28.27203773975954;28.27203773975954;28.272037739759543;28.27203773975954;28.272037739759543;28.272037739759536;28.272037739759543;28.272037739759536;28.27203773975954;28.272037739759543;28.272037739759536;28.27203773975954;28.272037739759536;28.27203773975954,29.289379865660003,16.788868693942753;17.22121572564207;17.676418956193334;18.156340047495924;18.663048483022514;19.198851399870705;19.766328711447542;20.368374648787395;21.008247131992782;21.68962674952869;22.416687599833313;23.194182875254306;24.02754889614855;24.923032408483692;25.887847448943013;26.930370112469387;28.06038235508986;29.289379865660003
857,Ca_JVASP-92664_CaSi3Pt.json,3.040700912475586,1.4943726062774658;2.026599168777466;2.4144060611724854;3.0171186923980713;3.2467539310455322;3.428450345993042;4.296063423156738;4.401843070983887,4.401843070983887,61.480341587679575,61.48034158767957;61.48034158767957;61.48034158767956;61.48034158767957;61.48034158767957;61.48034158767957;61.48034158767956;61.480341587679575,11.78189634135679,10.48838802429693;10.655508697321206;10.828041364512776;11.006253243630939;11.19042943868531;11.38087446192718;11.577913913944181;11.78189634135679
858,Ca_JVASP-74187_CaBeBi2.json,2.0930614471435547,2.066324234008789;2.2669482231140137;1.8898715376853943;1.7515774369239807;2.3719200491905212;1.883868157863617;2.3823074102401733;2.1316745281219482,2.3823074102401733,53.97214260680016,53.97214260680016;53.97214260680016;53.972142606800155;53.97214260680016;53.972142606800155;53.972142606800155;53.97214260680015;53.972142606800155,7.755368263514034,7.173060970330834;7.250835938682824;7.33031596746521;7.411557748154659;7.494620513637347;7.579566182233417;7.6664595116281395;7.755368263514034
859,Na_JVASP-22056_NaCa3IrO6.json,2.195648193359375,2.307666778564453;2.290663719177246;2.2231645584106445;2.238649368286133;2.2690200805664062;2.2817554473876953;2.2390756607055664;2.293707847595215;2.2074995040893555;2.3248167037963867;2.1068992614746094;2.140451431274414;2.1080894470214844;2.2318220138549805;1.907865047454834;1.9592242240905762,2.3248167037963867,20.067781137029623,20.06778113702962;20.067781137029623;20.067781137029623;20.06778113702962;20.06778113702962;20.06778113702962;20.067781137029623;20.067781137029623;20.067781137029623;20.06778113702962;20.06778113702962;20.067781137029623;20.06778113702962;20.06778113702962;20.06778113702962;20.067781137029623,4.086745323421622,3.882587556989833;3.8955613546736143;3.9086221478235115;3.9217708144018855;3.9350082442248944;3.948335339163217;3.9617530133468857;3.975262193374298;3.988863818525527;4.002558840980018;4.016348226038789;4.030232952351249;4.044214012146718;4.0582924114707986;4.0724691704266975;4.086745323421622
860,Ca_JVASP-70870_CaBePt2.json,2.6211321353912354,1.2878680229187012;1.269491195678711;3.279498815536499;3.2223222255706787;3.5863144397735596;3.810734510421753;2.305842399597168;2.5244693756103516;3.5404233932495117;3.433344841003418;2.5731279850006104;3.16169810295105;2.52274751663208;1.9991698265075684;2.038928270339966;1.9650933742523193;2.245655059814453;2.413649082183838,3.810734510421753,35.88562523814812,35.885625238148116;35.885625238148116;35.88562523814812;35.88562523814812;35.885625238148116;35.885625238148116;35.885625238148116;35.885625238148116;35.88562523814812;35.885625238148116;35.885625238148116;35.88562523814812;35.885625238148116;35.88562523814812;35.885625238148116;35.88562523814812;35.885625238148116;35.885625238148116,3.7093826471268883,3.389740357137832;3.407010148995872;3.424456811610852;3.4420830761348236;3.45989173024159;3.4778856195964756;3.4960676493721885;3.5144407858124946;3.5330080578454464;3.551772558748027;3.5707374478641274;3.5899059523778485;3.609281369144241;3.6288670665796414;3.648666486613899;3.6686831467068557;3.6889206419315737;3.7093826471268883
861,Ca_JVASP-42667_SrCaI4.json,5.860815346240997,4.508415937423706;7.213214755058289,7.213214755058289,82.6497003621293,82.6497003621293;82.6497003621293,21.78001663341479,21.0930359249883;21.78001663341479
862,Ca_JVASP-103512_Ca2ZnGa3.json,2.2307069301605225,1.045161485671997;1.140732765197754;1.4820119142532349;1.4192787408828735;1.8226656913757324;1.6913349628448486;2.0307600498199463;1.799412727355957;2.24690318107605;2.2375900745391846;2.5852553844451904;2.561565637588501;2.845923900604248;2.661317825317383;3.9046411514282227;4.216755390167236,4.216755390167236,44.080076482610416,44.080076482610416;44.08007648261041;44.08007648261041;44.0800764826104;44.080076482610416;44.080076482610416;44.08007648261041;44.080076482610416;44.08007648261041;44.08007648261041;44.0800764826104;44.08007648261041;44.08007648261041;44.08007648261041;44.080076482610416;44.08007648261041,11.982589259146328,9.444217836854907;9.579504910336897;9.718724249020244;9.862049824557616;10.009666024705743;10.161768444717769;10.31856475200281;10.48027563209036;10.647135824960873;10.819395261976815;10.99732031499472;11.18119517078795;11.3713233456959;11.568029357479443;11.771660573753772;11.982589259146328
863,Ca_JVASP-64680_BaLiCa.json,-0.5366278886795044,-0.24052143096923828;-0.41094207763671875;-0.41075778007507324;-0.34926819801330566;-0.815250039100647;-0.6689246892929077;1.61409592628479;-3.0114548206329346,1.61409592628479,36.477853429214505,36.477853429214505;36.477853429214505;36.4778534292145;36.477853429214505;36.4778534292145;36.477853429214505;36.477853429214505;36.477853429214505,22.4426290598491,18.173354291055343;18.681026117914747;19.2178766288481;19.786495843671037;20.38978966288039;21.031029538418828;21.713911821365237;22.4426290598491
864,Ca_JVASP-70823_CaBePb2.json,1.6034223437309265,1.1707870960235596;1.4598459005355835;0.9057551622390747;3.121569871902466;1.676634669303894;1.5076277256011963;1.5370916724205017;1.5498749613761902;1.5016140341758728,3.121569871902466,47.71379768260578,47.71379768260578;47.71379768260578;47.71379768260577;47.71379768260577;47.71379768260577;47.71379768260578;47.71379768260578;47.71379768260577;47.71379768260578,6.959999844351612,6.425038736757514;6.487367932376879;6.5509182834179835;6.615726032280964;6.681828869869403;6.74926600868628;6.818078260401431;6.888308118212925;6.959999844351612
865,Ca_JVASP-103589_Ca2HgBi.json,2.8588573932647705,0.8730087280273438;0.9795989990234375;1.8302009105682373;3.540451765060425;2.4019960165023804;2.5768145322799683;2.7344000339508057;2.9400453567504883;1.9667623043060303;1.9455225467681885;1.8219879865646362;1.9857555627822876;2.6681506633758545;3.6280295848846436;3.8816771507263184;9.967316150665283,9.967316150665283,47.953354740215275,47.95335474021527;47.953354740215275;47.95335474021527;47.953354740215275;47.95335474021527;47.953354740215275;47.953354740215275;47.953354740215275;47.95335474021527;47.95335474021527;47.953354740215275;47.953354740215275;47.95335474021527;47.95335474021527;47.953354740215275;47.95335474021527,8.080910699991035,6.8409323453644495;6.911636252104994;6.983816931002845;7.057521137716729;7.132797622714359;7.2096972388039084;7.288273055697142;7.3685804821466165;7.450677396247576;7.5346242845485625;7.620484390673335;7.708323874221577;7.798211980787404;7.890221224013936;7.984427580689832;8.080910699991035
866,Ca_JVASP-52274_CaCdO2.json,9.448559641838074,5.330845832824707;6.58781623840332;6.462705135345459;7.586180210113525;6.15676474571228;7.38489842414856;15.570892572402954;12.364898443222046;12.332473278045654;8.461735725402832;11.833816528320312;7.8437886238098145;10.122529983520508;9.41978645324707;11.644603967666626;8.42938494682312;13.18306016921997;9.357892274856567,15.570892572402954,45.32868599463147,45.32868599463146;45.32868599463147;45.32868599463147;45.32868599463146;45.32868599463146;45.32868599463146;45.32868599463147;45.32868599463147;45.328685994631456;45.32868599463146;45.32868599463146;45.32868599463147;45.32868599463146;45.32868599463147;45.32868599463146;45.328685994631456;45.32868599463146;45.32868599463146,10.154174802607352,8.070838216556298;8.169433887423349;8.270468296514434;8.374033059202363;8.480224437969735;8.589143640844142;8.700897143131037;8.815597034594145;8.933361394463004;9.054314696905024;9.178588249888977;9.306320670692761;9.437658401675497;9.572756270348522;9.71177809824874;9.854897363648524;10.0022979237389;10.154174802607352
867,Ca_JVASP-66587_BaCaZn.json,-0.7078728675842285,-0.5764608383178711;-0.8854265213012695;-0.7462859153747559;-0.8785548210144043;-0.7993903160095215;-0.6092095375061035;-0.04898667335510254;-1.1186683177947998,-0.04898667335510254,46.453668465165585,46.453668465165585;46.453668465165585;46.453668465165585;46.453668465165585;46.453668465165585;46.453668465165585;46.453668465165585;46.453668465165585,16.12637163522666,13.797331167638145;14.087995358110245;14.391169766205337;14.707679816751948;15.038425182982332;15.384388327058101;15.746644247217528;16.12637163522666
868,Ca_JVASP-86250_CaCdAu.json,2.7194712162017822,1.3893591165542603;1.3492375612258911;1.4675151109695435;1.491726040840149;1.5899347066879272;1.6792956590652466;2.217486619949341;2.5458052158355713;3.108062505722046;3.0715086460113525;3.588226079940796;3.4242146015167236;3.514024496078491;3.8923208713531494;4.8456871509552;4.337135076522827,4.8456871509552,39.056271396976086,39.05627139697608;39.05627139697608;39.056271396976086;39.05627139697608;39.05627139697608;39.05627139697607;39.05627139697608;39.05627139697608;39.056271396976086;39.05627139697608;39.05627139697608;39.05627139697608;39.05627139697608;39.05627139697608;39.056271396976086;39.05627139697608,5.37091015315195,4.793435084931912;4.828042180164783;4.863152614052907;4.898777448159131;4.934928070562367;4.971616207994812;5.00885393852463;5.04665370481289;5.085028327975344;5.123991022081468;5.163555409325241;5.203735535904202;5.244545888645724;5.286001412421804;5.328117528396381;5.37091015315195
869,Ca_JVASP-96916_CaHg11.json,1.1410598754882812,1.2399351596832275;1.266333818435669;0.9169106483459473,1.266333818435669,45.38295008749069,45.38295008749069;45.38295008749069;45.382950087490684,4.02451958618079,3.9766555565513126;4.00044440706259;4.02451958618079
870,Ca_JVASP-95620_CaB3H3O7.json,5.9866251945495605,5.34413480758667;5.355215549468994;5.867212772369385;5.832248210906982;5.883000373840332;5.919721603393555;6.821892261505127;6.8695759773254395,6.8695759773254395,45.72502496573399,45.72502496573398;45.72502496573397;45.72502496573398;45.72502496573398;45.72502496573398;45.72502496573399;45.72502496573398;45.72502496573398,21.97384948258963,17.8647368101214;18.35507999791415;18.873100288809447;19.421209061347678;20.002106195754084;20.618824550326067;21.274782927535924;21.97384948258963
871,Ca_JVASP-93255_Ca3AsP.json,3.9381526708602905,1.404917597770691;2.0751181840896606;1.2735469341278076;1.6267006397247314;4.76754355430603;2.632375717163086;1.9271188974380493;2.528187394142151;6.027297019958496;3.593813419342041;3.9063005447387695;4.720291614532471;2.757863759994507;4.281045198440552;3.715719223022461;6.315402030944824;4.714228868484497;5.152525067329407;2.7103617787361145;4.417909920215607;2.9024338126182556;4.389624536037445;7.116563200950623;9.558775186538696,9.558775186538696,35.54989565613492,35.549895656134915;35.549895656134915;35.549895656134915;35.549895656134915;35.54989565613492;35.549895656134915;35.549895656134915;35.549895656134915;35.549895656134915;35.549895656134915;35.549895656134915;35.549895656134915;35.549895656134915;35.54989565613492;35.549895656134915;35.549895656134915;35.54989565613492;35.549895656134915;35.54989565613492;35.549895656134915;35.549895656134915;35.549895656134915;35.549895656134915;35.549895656134915,30.207671312201448,14.815347907534843;15.151008722550078;15.502231777552515;15.870125024561279;16.25590414625449;16.660905976051477;17.086603975550883;17.534626146941342;18.006775839345313;18.505056009658645;19.031697626074582;19.589193063753587;20.180335547173822;20.80826595620007;21.476528651284625;22.189138412638417;22.950661163362728;23.766311905649015;24.642074310025038;25.584847756567235;26.602629472477805;27.704741944004656;28.902119299757167;30.207671312201448
872,Ca_JVASP-99928_SrCaS2.json,7.38088846206665,2.389946460723877;2.880265235900879;3.006211757659912;3.4268417358398438;18.200364112854004;8.553760528564453;12.696649074554443;7.893068790435791,18.200364112854004,54.975298707327525,54.97529870732751;54.975298707327525;54.975298707327525;54.97529870732752;54.97529870732752;54.97529870732752;54.975298707327525;54.97529870732752,21.371462828557004,17.464526399372815;17.93285811283902;18.4269996734965;18.94914511634776;19.50174440819196;20.087541886289145;20.70962183933862;21.371462828557004
873,Ca_JVASP-15308_CaNi2P2.json,3.099238872528076,2.388641119003296;2.4704620838165283;2.420011520385742;2.4992942810058594;2.7001047134399414;2.6809396743774414;2.607001781463623;2.7437148094177246;3.2747068405151367;3.386768341064453;3.277815818786621;3.6452808380126953;3.09517240524292;3.3263487815856934;3.571685791015625;3.6052322387695312;4.056322336196899;4.03679633140564,4.056322336196899,34.19422623553004,34.19422623553003;34.19422623553004;34.19422623553003;34.19422623553004;34.19422623553003;34.19422623553003;34.19422623553004;34.19422623553003;34.19422623553003;34.19422623553003;34.19422623553003;34.19422623553003;34.19422623553004;34.19422623553003;34.19422623553003;34.19422623553004;34.19422623553003;34.19422623553003,8.200947199491765,6.78617845881982;6.855749331058356;6.926761438682952;6.999260035544558;7.073292290122011;7.148907387861066;7.226156640148523;7.305093600428806;7.385774188015197;7.468256820197245;7.552602553300202;7.638875233412345;7.7271416575620915;7.817471746200091;7.909938727922255;8.004619337459415;8.101594028058653;8.200947199491765
874,Ca_JVASP-92384_CaSi2Ni2.json,2.4482765197753906,1.1642260551452637;1.0712666511535645;1.6555743217468262;1.962048053741455;2.264281749725342;2.5920939445495605;4.154584884643555;4.722136497497559,4.722136497497559,71.79763938975452,71.79763938975451;71.79763938975452;71.79763938975451;71.79763938975451;71.79763938975451;71.79763938975451;71.79763938975451;71.79763938975451,18.761444451351263,15.681759190823302;16.058326225986107;16.453423277698732;16.868452576910926;17.304961498014887;17.764661837272968;18.249452247848122;18.761444451351263
875,Ca_JVASP-22529_CaClF.json,12.536187648773193,6.333920240402222;6.632025957107544;9.471954584121704;11.995469808578491;14.987000942230225;15.216936111450195;11.076083898544312;11.398313283920288;11.599775314331055;10.884592056274414;10.259102582931519;9.670194864273071;9.030198097229004;9.952008247375488;9.066670417785645;9.02735710144043;10.757639288902283;11.026325345039368;10.494541049003601;11.389628052711487;10.96806013584137;11.143457770347595;11.552692413330078;11.48966121673584;10.41582202911377;11.288348197937012;13.402884125709534;14.524772047996521;14.66744613647461;16.130792021751404;13.215281784534454;16.548260033130646;18.77904510498047;18.90521264076233;21.774269819259644;26.227012634277344,26.227012634277344,24.068980888912716,24.068980888912712;24.068980888912716;24.068980888912712;24.068980888912716;24.06898088891271;24.068980888912712;24.06898088891271;24.068980888912716;24.068980888912712;24.06898088891271;24.068980888912716;24.068980888912712;24.06898088891271;24.068980888912712;24.068980888912712;24.068980888912712;24.06898088891271;24.068980888912716;24.06898088891271;24.068980888912712;24.06898088891271;24.068980888912712;24.06898088891271;24.068980888912712;24.068980888912712;24.068980888912712;24.068980888912712;24.068980888912712;24.068980888912716;24.068980888912712;24.06898088891271;24.06898088891271;24.068980888912712;24.068980888912712;24.06898088891271;24.068980888912712,13.398539868553243,7.875703941439858;7.969561893080787;8.065683912938377;8.164152922891853;8.265055944238089;8.368484354190935;8.47453416188349;8.583306305625632;8.694906973351266;8.809447948393787;8.927046982956442;9.047828201900622;9.171922539762752;9.299468214234443;9.430611239705259;9.565505984879634;9.70431577894483;9.847213571294558;9.994382650410966;10.14601742818792;10.30232429675273;10.463522565726935;10.629845488876445;10.801541390257944;10.978874901295828;11.162128321750874;11.351603119301823;11.547621584494843;11.750528660170945;11.960693967215928;12.178514051659807;12.404414881866746;12.638854628901775;12.882326768259867;13.135363547142976;13.398539868553243
876,Ca_JVASP-97783_CaTi4P6O24.json,6.1235857009887695,6.1235857009887695,6.1235857009887695,98.90040044672875,98.90040044672875,33.44440374740591,33.44440374740591
877,Ca_JVASP-87897_CaTa2O6.json,9.221863269805908,5.63719367980957;5.776531219482422;6.351160526275635;6.62214994430542;10.701327800750732;12.715156078338623;14.34877061843872;12.021103382110596;8.060839176177979;8.113199710845947;12.375234603881836;10.523425102233887;10.044046401977539;8.115363121032715;7.97776460647583;8.16654634475708,14.34877061843872,24.49675610013894,24.49675610013894;24.49675610013894;24.496756100138935;24.496756100138935;24.49675610013894;24.496756100138935;24.496756100138935;24.49675610013894;24.49675610013894;24.496756100138935;24.496756100138935;24.496756100138935;24.49675610013894;24.49675610013893;24.49675610013894;24.49675610013894,3.638365275461525,3.3638412893444145;3.380847530154296;3.398026598260587;3.415381141675655;3.432913862785726;3.4506275197537133;3.46852492796571;3.4866089615227223;3.504882554779321;3.5233487039309246;3.5420104686515343;3.5608709737837856;3.5799334110832897;3.599201041019297;3.618677194633836;3.638365275461525
878,Ca_JVASP-85707_CaZrGeO5.json,8.842307090759277,5.101646900177002;6.155690670013428;8.31753396987915;12.837205410003662;8.455049991607666;12.03968858718872;12.523516178131104;12.555782794952393;9.167482852935791;7.926124095916748;7.917241096496582;7.731341361999512;7.262698173522949;7.27421760559082;7.917137145996094;8.294556617736816,12.837205410003662,25.738056820596203,25.7380568205962;25.7380568205962;25.738056820596203;25.738056820596203;25.738056820596203;25.738056820596196;25.738056820596203;25.738056820596203;25.738056820596203;25.738056820596203;25.7380568205962;25.7380568205962;25.738056820596203;25.7380568205962;25.7380568205962;25.738056820596203,6.7992070130225795,5.89948046964117;5.951988178652622;6.005438960128578;6.059858451590763;6.115273228336954;6.171710846714484;6.229199889812267;6.287770015730547;6.347452008599637;6.40827783253205;6.470280688706678;6.533495075799251;6.597956853990142;6.6637033127991;6.7307732430164835;6.7992070130225795
879,Na_JVASP-70316_NaCaBe.json,0.7540574073791504,2.4832632541656494;1.5819175243377686;0.988664984703064;0.835013747215271;0.5365951061248779;0.6771092414855957;0.6595685482025146;0.70644211769104;0.6000127792358398;0.7585210800170898;0.4314100742340088;0.8595268726348877;0.40995264053344727;0.38216209411621094;0.08840084075927734;0.4887228012084961;0.45028185844421387;0.6354677677154541,2.4832632541656494,27.776515714782754,27.776515714782754;27.77651571478275;27.776515714782747;27.776515714782747;27.77651571478275;27.776515714782743;27.776515714782747;27.776515714782747;27.776515714782747;27.77651571478275;27.77651571478275;27.77651571478275;27.776515714782754;27.776515714782747;27.776515714782747;27.77651571478275;27.776515714782747;27.776515714782747,29.562205728943255,20.65721688607106;21.029852054959157;21.41617811193441;21.81696369702638;22.23303608535197;22.665286886980983;23.11467842487957;23.58225088694633;24.06913036401467;24.576537904562336;25.105799739393458;25.658358856544336;26.235788139116064;26.83980531791292;27.472290038250044;28.135303398092333;28.831110385349678;29.562205728943255
880,Ca_JVASP-92268_CaZn2N2.json,5.730408668518066,3.0093295574188232;2.9934284687042236;3.3612728118896484;3.4431509971618652;3.773932695388794;3.8591978549957275;4.788862705230713;5.122891902923584;5.972907304763794;6.387847661972046;5.9278552532196045;6.120138883590698;6.155910015106201;6.884444713592529;8.987680196762085;8.98415493965149;8.690255403518677;8.684094667434692,8.987680196762085,39.386084249044195,39.386084249044195;39.38608424904419;39.38608424904419;39.38608424904419;39.38608424904419;39.38608424904419;39.38608424904419;39.38608424904419;39.38608424904419;39.38608424904419;39.38608424904419;39.38608424904419;39.38608424904419;39.38608424904419;39.38608424904419;39.386084249044195;39.38608424904418;39.38608424904419,9.244940317243671,7.485675321168306;7.570417190854557;7.65709967641717;7.745790211062015;7.836559388863762;7.9294811521654065;8.024632992470288;8.122096165973712;8.22195592499411;8.32430176668915;8.42922770058192;8.536832536578022;8.64722019532833;8.760500042986544;8.876787252628247;8.996203194842128;9.118875860277932;9.244940317243671
881,Ca_JVASP-91836_CaSn2Rh.json,2.019016981124878,1.4685869216918945;1.4648714065551758;1.3777267932891846;1.445082426071167;1.717534065246582;1.8930168151855469;1.962723970413208;2.084611654281616;2.2640498876571655;2.2941051721572876;2.2296043634414673;2.3093804121017456;2.375999331474304;2.124994397163391;2.5862839221954346;2.705700159072876,2.705700159072876,30.73311799181785,30.733117991817846;30.733117991817842;30.733117991817846;30.733117991817846;30.733117991817846;30.73311799181785;30.733117991817846;30.73311799181785;30.733117991817846;30.733117991817846;30.733117991817846;30.733117991817846;30.73311799181785;30.733117991817846;30.733117991817842;30.733117991817846,4.8860681760460825,4.403462599764314;4.432650648224625;4.4622282205536035;4.492203166612156;4.522583548612911;4.553377648349698;4.584593974724394;4.616241271585524;4.648328525893767;4.680864976230398;4.713860121665587;4.747323731004423;4.7812658524295895;4.815696823560664;4.850627281951218;4.8860681760460825
882,Ca_JVASP-69359_BaNa2Ca.json,0.14920639991760254,-0.04571974277496338;0.12172281742095947;0.9968938827514648;-0.4760713577270508,0.9968938827514648,64.33819670542383,64.33819670542381;64.33819670542381;64.33819670542381;64.33819670542383,34.658395683198535,29.994781122589153;31.403318863758354;32.9506631309776;34.658395683198535
883,Ca_JVASP-73970_CaBeGe2.json,1.9614203572273254,1.030203104019165;1.0138556957244873;1.2385462522506714;1.2437711954116821;1.2183880805969238;1.1618294715881348;1.7059111595153809;2.003878116607666;2.023281216621399;1.9787603616714478;2.2150896787643433;2.6095670461654663;2.6622411012649536;2.407323479652405;2.580018639564514;2.939414620399475;2.1281850934028625;3.14530211687088,3.14530211687088,32.44518085328147,32.445180853281464;32.445180853281464;32.44518085328147;32.445180853281464;32.44518085328147;32.44518085328147;32.44518085328147;32.44518085328147;32.44518085328147;32.44518085328147;32.44518085328147;32.44518085328147;32.44518085328147;32.44518085328147;32.44518085328147;32.44518085328147;32.44518085328147;32.445180853281464,9.513053900015594,7.660491806960365;7.749261395141356;7.840112422540038;7.933118964930231;8.02835865530141;8.125912899981035;8.22586711070755;8.328310954044644;8.433338619667554;8.541049109208673;8.651546547524314;8.764940518439706;8.881346427247891;9.000885892483165;9.123687169764901;9.249885610816897;9.37962416111585;9.513053900015594
884,Ca_JVASP-75020_Ca2BeW.json,3.1500920057296753,-0.0764627456665039;-0.06973648071289062;1.6303300857543945;3.329864501953125;1.0217595100402832;0.6756730079650879;0.4953141212463379;0.36284875869750977;1.5810627937316895;3.737773895263672;3.499770164489746;4.267948627471924;5.9105024337768555;2.8528318405151367;7.736207485198975;13.445784091949463,13.445784091949463,67.7774830582981,67.7774830582981;67.7774830582981;67.7774830582981;67.7774830582981;67.7774830582981;67.7774830582981;67.7774830582981;67.77748305829809;67.7774830582981;67.7774830582981;67.7774830582981;67.7774830582981;67.77748305829809;67.77748305829809;67.7774830582981;67.7774830582981,16.93193398181763,12.271372768376914;12.500764072152814;12.738894862931357;12.986274282811936;13.243451805678404;13.511021311497798;13.789625664704054;14.07996187096031;14.382786899376091;14.69892427256758;15.029271545357744;15.374808815131129;15.736608433781388;16.115846123952466;16.5138137423186;16.93193398181763
885,Ca_JVASP-64300_Ba4CaRh.json,0.8557641506195068,2.052243232727051;1.6036133766174316;0.9215530157089233;0.640515923500061;0.3291666507720947;0.4280076026916504;0.5323730707168579;0.33864033222198486,2.052243232727051,22.01820300332174,22.01820300332174;22.01820300332174;22.01820300332174;22.01820300332174;22.01820300332174;22.01820300332174;22.018203003321737;22.01820300332174,5.097484256892751,4.839269542004906;4.874544057279112;4.910336596165296;4.9466586542198225;4.98352206966711;5.020939036263622;5.058922116745751;5.097484256892751
886,K_JVASP-145305_KCaBr3.json,4.509969353675842,2.1382631063461304;2.099969267845154;2.519451141357422;2.150909662246704;3.488256812095642;3.5069535970687866;7.970454812049866;12.205496430397034,12.205496430397034,33.931847345715745,33.93184734571574;33.931847345715745;33.93184734571573;33.931847345715745;33.93184734571574;33.931847345715745;33.93184734571574;33.931847345715745,11.768361289233125,10.505826554749387;10.669345119194126;10.838034351722456;11.012143447062812;11.191937874277015;11.377700727360448;11.56973421261523;11.768361289233125
887,Li_JVASP-39902_Li2CaGe.json,0.7163988351821899,0.330214262008667;0.3243532180786133;0.9682002067565918;1.4343793392181396;1.1589823961257935;0.9819692373275757;0.7637438774108887;1.318089485168457;0.15883350372314453;0.6445126533508301;0.5593379735946655;0.49204957485198975;0.9530262351036072;0.6334241032600403;0.05408453941345215;0.687180757522583,1.4343793392181396,78.62575080715588,78.62575080715588;78.62575080715588;78.62575080715588;78.62575080715588;78.62575080715588;78.62575080715588;78.62575080715588;78.62575080715588;78.62575080715587;78.62575080715587;78.62575080715588;78.62575080715588;78.62575080715588;78.62575080715588;78.62575080715588;78.62575080715588,29.49479892494221,26.462758057969108;26.645366160775126;26.830511975068134;27.018248771000845;27.208631320186377;27.40171594897337;27.597560594005802;27.79622486018246;27.997770081137972;28.202259382374255;28.409757747178904;28.620332085475138;28.834051305756496;29.050986390268793;29.271210473611617;29.49479892494221
888,Ca_JVASP-70821_CaBe2Re.json,0.9324865341186523,-1.1774930953979492;-1.131556510925293;0.06908035278320312;0.6109018325805664;-0.1903836727142334;-0.42188000679016113;1.960157871246338;0.6090960502624512;1.5455107688903809;0.5028848648071289;8.815365314483643;-0.0018453598022460938,8.815365314483643,67.24367487213868,67.24367487213867;67.24367487213867;67.24367487213868;67.24367487213867;67.24367487213867;67.24367487213868;67.24367487213867;67.24367487213868;67.24367487213867;67.24367487213868;67.24367487213867;67.24367487213867,10.759955180611792,9.141920487716519;9.268627340201508;9.39889586678902;9.532878383900519;9.670736018719872;9.812639355616009;9.958769140324723;10.109317048001685;10.264486522009244;10.424493691155396;10.589568374081148;10.759955180611792
889,Ca_JVASP-88949_Ba3CaIr2O9.json,7.349444389343262,7.512785911560059;7.279919624328613;7.028757095336914;7.116588592529297;7.016347885131836;7.331121444702148;7.568580627441406;7.94145393371582,7.94145393371582,25.808209830538466,25.808209830538466;25.808209830538466;25.808209830538466;25.808209830538463;25.808209830538466;25.808209830538466;25.808209830538466;25.808209830538466,3.543596997606288,3.4168562357534036;3.4344041437116064;3.4521332232753332;3.470046294735437;3.4881462372259056;3.506435990266555;3.5249185553545113;3.543596997606288
890,Ca_JVASP-68122_CaBeCd2.json,1.8334884643554688,0.9126923084259033;0.8601686954498291;2.06734037399292;3.5944690704345703;2.013519048690796;1.8735439777374268;1.2104406356811523;2.1357336044311523,3.5944690704345703,67.76517521653817,67.76517521653815;67.76517521653814;67.76517521653817;67.76517521653817;67.76517521653815;67.76517521653815;67.76517521653815;67.76517521653815,14.026670646750569,12.230873215193066;12.458738826649544;12.69525605919943;12.94092717606771;13.196294085678135;13.461942332045348;13.738505577040616;14.026670646750569
891,Ca_JVASP-98790_Ca2ZrSi4O12.json,9.715580701828003,8.85907506942749;10.025181293487549;14.60685920715332;14.99346923828125;10.469385147094727;9.949952125549316;8.996697902679443;8.654845714569092;9.853630542755127;9.275370121002197;8.713314533233643;8.46626329421997;8.648817539215088;8.515105724334717;7.7965264320373535;7.624797344207764,14.99346923828125,21.55567502130619,21.555675021306186;21.555675021306186;21.555675021306186;21.555675021306186;21.55567502130619;21.555675021306186;21.555675021306186;21.555675021306186;21.55567502130619;21.555675021306186;21.555675021306186;21.555675021306186;21.55567502130619;21.555675021306186;21.555675021306186;21.555675021306186,8.36357514872021,7.042423675149247;7.117376731222427;7.193942412858555;7.272173329810082;7.3521244054191355;7.433853005210596;7.517419074158469;7.60288528331582;7.690317186562037;7.779783388291304;7.871355722943801;7.965109447367002;8.061123447089683;8.159480457696926;8.260267302611823;8.36357514872021
892,Ca_JVASP-93274_CaCo2As2.json,2.571246385574341,2.1345555782318115;2.106652021408081;2.195679187774658;2.2678332328796387;2.1051831245422363;2.352752208709717;2.4478349685668945;2.3681702613830566;2.633319616317749;2.730145215988159;2.6607606410980225;2.7751681804656982;2.708186388015747;2.937180757522583;2.91204833984375;2.909040927886963;2.999587059020996;3.038337230682373,3.038337230682373,29.80086022548364,29.800860225483632;29.800860225483635;29.80086022548363;29.80086022548364;29.800860225483635;29.800860225483635;29.800860225483635;29.800860225483635;29.800860225483635;29.800860225483635;29.800860225483635;29.800860225483635;29.80086022548364;29.800860225483635;29.800860225483632;29.800860225483632;29.800860225483635;29.800860225483632,5.516012624629961,4.837658291318356;4.872909235418603;4.908677682083756;4.944975111399078;4.981813345539373;5.019204561606829;5.057161305051355;5.095696503704496;5.134823482459902;5.17455597863536;5.2149081580536025;5.255894631881447;5.297530474269301;5.33983124083577;5.382812988045002;5.42649229352746;5.4708862773981615;5.516012624629961
893,Na_JVASP-147550_Na2CaC2O6.json,3.490304708480835,2.824512481689453;3.2176380157470703;3.475705146789551;3.720139503479004;2.7394819259643555;3.1594133377075195;3.8749613761901855;4.128231525421143;4.282852649688721;3.988436222076416;3.4125823974609375;2.662827491760254;4.183352947235107;3.8453049659729004;3.381747245788574;2.947688102722168,4.282852649688721,42.372533439958275,42.37253343995827;42.372533439958275;42.372533439958254;42.37253343995827;42.37253343995826;42.37253343995826;42.37253343995827;42.37253343995827;42.37253343995827;42.372533439958275;42.37253343995827;42.37253343995826;42.37253343995827;42.37253343995827;42.37253343995827;42.37253343995827,20.55712716275179,16.25708924488052;16.487000512127267;16.72350797377339;16.966899630162477;17.21748049532399;17.475573872165597;17.741522744103122;18.015691295723837;18.298466576660218;18.590260324659994;18.891510965910612;19.202685813055908;19.524283484080915;19.85683656839892;20.200914570125178;20.55712716275179
894,Ca_JVASP-98902_Ca5P6Pd6.json,3.435054349899292,2.366947650909424;2.3304481506347656;2.3245205879211426;2.465974807739258;2.267587423324585;2.657731294631958;2.6398565769195557;3.2362191677093506;2.5435962677001953;3.153700351715088;2.79004168510437;3.515197515487671;3.144899845123291;3.75423002243042;3.922895669937134;5.147043943405151;3.856816530227661;5.550955057144165;4.855304479598999;6.177119970321655,6.177119970321655,34.37677481391385,34.37677481391384;34.37677481391385;34.37677481391384;34.37677481391384;34.37677481391384;34.37677481391385;34.37677481391384;34.37677481391385;34.37677481391384;34.37677481391384;34.37677481391385;34.37677481391384;34.37677481391384;34.37677481391385;34.37677481391385;34.37677481391385;34.37677481391384;34.37677481391384;34.37677481391385;34.37677481391385,8.030338336749136,6.538525028730328;6.603086590123257;6.668935831074627;6.736111663765678;6.804654584172381;6.874606753472861;6.9460120845282045;7.018916333809408;7.093367199174821;7.169414423937181;7.247109907697319;7.326507824463515;7.407664748621411;7.49063978937004;7.57549473429532;7.662294202813845;7.751105810287879;7.842000343687424;7.935051949758542;8.030338336749136
895,Ca_JVASP-93753_CaZnSn.json,2.5873042345046997,1.2991259098052979;1.640329360961914;1.7983407974243164;1.7457377910614014;2.056019425392151;2.7841938734054565;3.946988821029663;5.4276978969573975,5.4276978969573975,74.7841844513364,74.7841844513364;74.7841844513364;74.7841844513364;74.7841844513364;74.7841844513364;74.7841844513364;74.7841844513364;74.78418445133639,17.71378053383681,14.943041923571183;15.284580513414392;15.642096719491489;16.016738575324773;16.40976679894439;16.822568966279587;17.256675879018786;17.71378053383681
896,Ca_JVASP-3516_CaBr2.json,21.073313236236572,5.099153995513916;5.569879770278931;6.99838125705719;11.78627073764801;15.414361238479614;7.295631170272827;5.089174330234528;6.93694680929184;5.9989888072013855;6.078268349170685;7.366137981414795;9.89363718032837;8.087129712104797;26.540094256401062;56.81403994560242;152.2049162387848,152.2049162387848,28.722718305899583,28.722718305899573;28.72271830589958;28.722718305899573;28.72271830589958;28.72271830589958;28.722718305899576;28.722718305899576;28.722718305899576;28.72271830589958;28.722718305899576;28.72271830589958;28.722718305899576;28.72271830589958;28.722718305899576;28.722718305899583;28.722718305899576,10.320146107136877,8.380239661954535;8.486589510873669;8.595673331508813;8.70759792130947;8.822475713564238;8.94042515413412;9.061571108815038;9.186045304274739;9.313986805837432;9.445542535759309;9.580867836055786;9.720127080413326;9.863494340253755;10.011154110625771;10.163302102288403;10.320146107136877
897,Na_JVASP-142055_NaCaVO4.json,3.0864434242248535,2.141895294189453;2.295846939086914;2.183323383331299;2.389155864715576;2.164682388305664;2.2693653106689453;2.102698802947998;2.2795052528381348;3.280734062194824;3.583428382873535;3.541468620300293;3.370783805847168;4.415663242340088;4.44282865524292;4.437419414520264;4.48429536819458,4.48429536819458,28.161948149852375,28.161948149852368;28.16194814985237;28.161948149852368;28.161948149852368;28.16194814985237;28.161948149852368;28.16194814985237;28.161948149852368;28.16194814985237;28.16194814985237;28.161948149852368;28.16194814985237;28.161948149852368;28.161948149852375;28.16194814985237;28.16194814985237,10.706616686849005,9.4102693443508;9.486846590779175;9.564680376336765;9.643801884272813;9.724243338266845;9.80603804618618;9.88922044607051;9.973826154476992;10.059892017328394;10.147456163416827;10.236558060726276;10.327238575748744;10.419540035981264;10.513506295804618;10.609182805959158;10.706616686849005
898,Na_JVASP-59094_Na10CaSn12.json,0.8195351481437683,0.6213870048522949;1.3352941274642944;1.119012713432312;0.9767593145370483;1.407084584236145;0.7213858366012573;1.4717193841934204;0.5660907030105591;0.3226984739303589;-0.3460806608200073,1.4717193841934204,62.904192730828974,62.90419273082897;62.90419273082897;62.904192730828974;62.90419273082897;62.90419273082897;62.904192730828974;62.904192730828974;62.90419273082897;62.90419273082895;62.90419273082897,18.01673952595292,15.816789310820907;16.034332265284625;16.25794281249682;16.487878393786037;16.72441122335199;16.96782936333626;17.218437894163323;17.476560190149385;17.742539311593607;18.01673952595292
899,Ca_JVASP-70549_CaBe2Se.json,2.8529571294784546,2.4090259075164795;1.2897613048553467;2.9513752460479736;2.113497495651245;2.172522783279419;2.798631429672241;2.164942502975464;2.215183973312378;2.5040669441223145;2.899158477783203;3.243744134902954;3.225841760635376;2.335742473602295;2.8076868057250977;3.2609686851501465;4.020857810974121;4.031398892402649;4.908821702003479,4.908821702003479,34.21851522927032,34.21851522927031;34.21851522927032;34.21851522927031;34.21851522927031;34.21851522927031;34.21851522927031;34.21851522927031;34.21851522927031;34.21851522927032;34.21851522927031;34.21851522927031;34.21851522927031;34.21851522927031;34.21851522927031;34.2185152292703;34.21851522927031;34.21851522927031;34.21851522927032,15.008138150504791,10.863457650040203;11.042846881004067;11.228260127338018;11.420006006791885;11.618414584532866;11.823839269199814;12.036658913722288;12.257280147176438;12.486139967874113;12.723708632477827;12.970492881332827;13.22703954656712;13.493939597024877;13.771832683006014;14.061412254377709;14.363431338264334;14.678709077660177;15.008138150504791
900,Ca_JVASP-97001_CaAlBO4.json,10.406856536865234,7.414431095123291;11.37914228439331;14.906642436981201;10.433096408843994;9.68839168548584;9.334874153137207;10.465871334075928;9.632402896881104,14.906642436981201,60.63998104453483,60.639981044534814;60.63998104453483;60.63998104453482;60.63998104453483;60.63998104453482;60.639981044534814;60.63998104453482;60.63998104453483,31.368807721199147,23.6147820306912;24.479209527525363;25.409326980634354;26.41291804995277;27.49904668651157;28.678331656145037;29.963294865161014;31.368807721199147
901,Ca_JVASP-91877_CaMg7.json,0.6225647926330566,1.5556669235229492;0.869715690612793;0.6853554248809814;0.44241786003112793;0.37334156036376953;0.3606991767883301;0.3146979808807373;0.37862372398376465,1.5556669235229492,27.846861251927464,27.846861251927457;27.846861251927454;27.846861251927464;27.846861251927457;27.846861251927457;27.846861251927457;27.84686125192746;27.846861251927464,19.128093591951167,15.93709794417514;16.326179873558964;16.734734994587182;17.164262753117963;17.616420594502344;18.093045337525407;18.59617811455661;19.128093591951167
902,Ca_JVASP-86114_Ca4TiN4.json,6.130584001541138,2.207576274871826;2.097346782684326;2.463592052459717;2.4972243309020996;2.3529562950134277;2.2922158241271973;2.61806583404541;2.4211645126342773;6.212094306945801;6.1892595291137695;6.832864761352539;7.58152961730957;8.472228050231934;7.608121871948242;7.553523540496826;6.876893520355225;8.605217456817627;8.165235042572021;7.179998397827148;6.894069671630859;6.105896949768066;6.926671028137207;6.183656692504883;6.912750244140625;9.969096183776855;8.333379745483398;7.775123119354248;7.3730692863464355;6.35152006149292;6.819571018218994;6.795899391174316;9.510876655578613,9.969096183776855,39.23888916059317,39.23888916059317;39.23888916059316;39.23888916059317;39.23888916059316;39.23888916059316;39.23888916059317;39.23888916059316;39.23888916059316;39.23888916059316;39.23888916059316;39.23888916059317;39.23888916059316;39.23888916059317;39.23888916059316;39.23888916059316;39.23888916059317;39.23888916059316;39.23888916059317;39.23888916059316;39.23888916059317;39.23888916059317;39.23888916059316;39.23888916059316;39.23888916059317;39.23888916059317;39.23888916059316;39.23888916059317;39.23888916059316;39.23888916059317;39.23888916059316;39.23888916059317;39.23888916059316,30.76286466454848,12.68021054094531;12.925294078126917;13.180038303161455;13.44502590688766;13.72088740213202;14.0083061324719;14.308023923995231;14.620847478463869;14.947655623884625;15.289407559709884;15.647152259575591;16.022039225709065;16.4153308272619;16.828416501580094;17.262829155043526;17.720264171468138;18.202601524907326;18.711931604905654;19.250585502288327;19.821170680955;20.426613187295523;21.07020783912363;21.75567821129433;22.487248724012396;23.269731781771767;24.10863376108001;25.010284781514677;25.981998728417334;27.0322720872835;28.17103303471353;29.40995625742463;30.76286466454848
903,Ca_JVASP-64531_Ba4CaP.json,1.2758539915084839,4.531609058380127;0.7888574600219727;0.4650847911834717;0.5202176570892334;1.0531628131866455;1.0609722137451172;0.6209273338317871;1.1660006046295166,4.531609058380127,20.918750468458192,20.91875046845819;20.918750468458192;20.918750468458185;20.91875046845819;20.91875046845819;20.91875046845819;20.918750468458192;20.91875046845819,5.723959943808119,5.400390830214564;5.444357040394254;5.489045010992391;5.534472662000703;5.580658511588991;5.627621701274507;5.675382022372991;5.723959943808119
904,Ca_JVASP-88169_Ca2CdSb2.json,3.4570514261722565,1.456263244152069;1.4366613030433655;2.159509539604187;2.3331629037857056;1.5063034892082214;1.507059633731842;2.276113748550415;2.5208709239959717;2.8628389835357666;3.09279465675354;3.8216068744659424;3.595994234085083;3.389210343360901;3.4550983905792236;3.6985723972320557;3.566416621208191;4.387561917304993;4.489832758903503;3.33180570602417;3.1044111251831055;4.196437239646912;4.7109586000442505;2.850986659526825;2.7277525067329407;5.130203902721405;5.101758539676666;4.659310698509216;5.295605540275574;4.407705068588257;4.287511110305786;4.47631049156189;4.789016485214233,5.295605540275574,18.860186198365504,18.8601861983655;18.860186198365497;18.8601861983655;18.8601861983655;18.860186198365497;18.8601861983655;18.860186198365504;18.8601861983655;18.860186198365497;18.8601861983655;18.860186198365497;18.860186198365497;18.8601861983655;18.860186198365504;18.8601861983655;18.8601861983655;18.8601861983655;18.8601861983655;18.8601861983655;18.8601861983655;18.8601861983655;18.860186198365497;18.8601861983655;18.860186198365497;18.8601861983655;18.860186198365497;18.8601861983655;18.8601861983655;18.8601861983655;18.8601861983655;18.860186198365497;18.8601861983655,4.673339645674263,3.841188994557151;3.8633801729474992;3.8858292453833836;3.9085407338012494;3.931519266476425;3.9547695811674703;3.978296528372757;4.002105074703989;4.026200306381582;4.050587432857079;4.075271790568016;4.100258846830921;4.1255542038784085;4.151163603046648;4.177092929119759;4.203348214838051;4.229935645577359;4.256861564207095;4.284132476135042;4.311755054547301;4.339736145852268;4.368082775337979;4.396802153052608;4.4259016799185;4.455388954090604;4.485271777570781;4.5155581630901;4.5462563412718415;4.577374768088701;4.6089221326283525;4.6409073651823585;4.673339645674263
905,Ca_JVASP-86087_Ca3N2.json,5.226335922876994,1.9530768394470215;1.9731221199035645;2.4098024368286133;2.271087646484375;2.520174264907837;2.5492618083953857;5.275067567825317;5.32520318031311;5.592341661453247;5.692223787307739;5.634489059448242;5.622438430786133;6.875135183334351;6.328735589981079;6.099199295043945;6.077112197875977;5.585323810577393;5.639565944671631;5.9660727977752686;5.208966970443726;5.819639682769775;5.168234825134277;5.251895904541016;5.034955024719238;6.87998628616333;6.457666873931885;6.742125988006592;7.616666316986084;7.5980308055877686;7.437424898147583;5.9481892585754395;7.078866004943848;7.0911853313446045;7.134167432785034;7.143794536590576;7.2869648933410645;6.121304512023926;5.829033851623535;5.892571449279785;5.4244914054870605;5.263832330703735;5.108903169631958;8.196170806884766;7.567294597625732;8.178481578826904;7.585626602172852;5.610967636108398;4.223150253295898;5.445106148719788;4.490448355674744;1.8697965145111084;2.89924955368042;-6.310544967651367;-1.4619386196136475,8.196170806884766,28.80170569171125,28.801705691711245;28.80170569171125;28.801705691711245;28.801705691711245;28.80170569171125;28.80170569171124;28.80170569171125;28.80170569171125;28.801705691711245;28.801705691711245;28.80170569171125;28.801705691711245;28.80170569171124;28.801705691711245;28.80170569171125;28.80170569171124;28.80170569171125;28.80170569171124;28.801705691711245;28.80170569171125;28.80170569171125;28.801705691711245;28.801705691711245;28.80170569171125;28.801705691711245;28.80170569171125;28.80170569171125;28.80170569171124;28.80170569171124;28.80170569171125;28.801705691711245;28.801705691711245;28.80170569171125;28.801705691711245;28.80170569171125;28.80170569171125;28.80170569171125;28.80170569171124;28.801705691711245;28.801705691711245;28.80170569171125;28.80170569171125;28.801705691711245;28.801705691711245;28.801705691711245;28.80170569171125;28.801705691711245;28.80170569171124;28.80170569171125;28.801705691711245;28.801705691711245;28.801705691711245;28.80170569171125;28.801705691711245,49.23853753663495,10.043826648753335;10.196976961702847;10.354870128944663;10.51772993512925;10.685794468473748;10.859317282114619;11.03856867048082;11.223837074200835;11.415430628902268;11.61367887539658;11.818934651214782;12.031576186333632;12.252009429279507;12.480670633706932;12.71802924012794;12.96459109284645;13.220902038486834;13.487551959990839;13.765179308828513;14.054476208718365;14.356194216739935;14.671150842795216;15.000236946491688;15.34442515237724;15.704779450934481;16.082466184950086;16.47876666022582;16.895091667896605;17.332998265186365;17.794209235262503;18.280635738844115;18.79440378548237;19.337885297692534;19.91373472530901;20.524932402505915;21.174836141986738;21.867242951802947;22.606463270163943;23.39741078406598;24.245711786809387;25.157839219796312;26.141278153098963;27.204731657524256;28.358379058104276;29.61420280664266;30.986406230040437;32.49195306228352;34.1512722953574;35.98919062784656;38.0361831282962;40.33007645002854;42.91840790652873;45.861755260140036;49.23853753663495
906,Li_JVASP-11432_LiCaSb.json,1.2910876274108887,0.8375896215438843;0.9434071779251099;0.861353874206543;0.880399227142334;1.0037071704864502;0.8860712051391602;0.8318657875061035;0.8692896366119385;1.0433512926101685;1.1208761930465698;1.4691425561904907;1.8382114171981812;2.5047526359558105;2.358767032623291;1.6838544607162476;1.524762749671936,2.5047526359558105,38.18305295694894,38.183052956948934;38.183052956948934;38.18305295694893;38.183052956948934;38.183052956948934;38.183052956948934;38.18305295694893;38.183052956948934;38.183052956948934;38.18305295694894;38.183052956948934;38.18305295694893;38.18305295694893;38.183052956948934;38.183052956948934;38.18305295694893,10.32275759580515,9.924768988259466;9.950344348687985;9.976051861104967;10.001892552439342;10.027867460287764;10.053977633053517;10.080224130087545;10.106608021831747;10.133130389964487;10.159792327548427;10.186594939180688;10.21353934114541;10.240626661568712;10.267858040576144;10.295234630452661;10.32275759580515
907,Ca_JVASP-74390_CaYBe2.json,0.15141057968139648,-0.05057108402252197;0.07936060428619385;0.40959632396698;0.2946053743362427;0.07400155067443848;0.26807332038879395;0.1565237045288086;-0.020305156707763672,0.40959632396698,69.18288122290342,69.18288122290342;69.1828812229034;69.1828812229034;69.1828812229034;69.18288122290342;69.18288122290342;69.1828812229034;69.1828812229034,29.928410287311586,22.7891019078627;23.59310851516597;24.45592101944171;25.384236007026765;26.385806957416378;27.469661314179675;28.646373347598683;29.928410287311586
908,Ca_JVASP-107773_Ca3CdO4.json,9.695382873217264,4.545429706573486;5.714109897613525;6.49744176864624;14.022931575775146;10.905324697494507;11.201483964920044;12.104582786560059;9.74289321899414;10.076682806015015;10.207443475723267;8.953711032867432;9.13803243637085;8.712338924407959;8.804072380065918;8.451787233352661;8.769689798355103;7.214828968048096;7.2204179763793945;10.033756732940674;9.42485237121582;9.61281943321228;11.483121633529663;11.14314341545105;11.146533727645874;11.839398384094238;11.718141555786133;13.090367674827576,14.022931575775146,44.936128187993255,44.93612818799324;44.93612818799324;44.93612818799325;44.936128187993255;44.93612818799325;44.93612818799325;44.93612818799325;44.93612818799324;44.93612818799325;44.93612818799325;44.93612818799325;44.93612818799324;44.93612818799325;44.93612818799325;44.93612818799325;44.936128187993255;44.936128187993255;44.93612818799325;44.93612818799325;44.93612818799325;44.93612818799325;44.93612818799324;44.93612818799324;44.93612818799325;44.93612818799325;44.93612818799325;44.93612818799324,16.465300229451618,10.038822385782721;10.191818962348828;10.349551198412215;10.512242422567342;10.68013023025929;10.853467641531362;11.0325243733733;11.21758824012679;11.408966697241196;11.606988545796224;11.812005817669162;12.0243958640837;12.244563673607903;12.472944449558481;12.710006481323491;12.956254349464771;13.212232510761758;13.478529316801612;13.755781528541673;14.044679399758921;14.345972414814582;14.66047578114471;14.989077794892466;15.332748219818216;15.692547845931065;16.06963942628269;16.465300229451618
909,Ca_JVASP-74210_SrCa2Be.json,0.7105574607849121,-0.1429445743560791;0.2531874179840088;0.01931023597717285;-0.12688422203063965;0.4436361789703369;-0.051575660705566406;-0.11024904251098633;-0.007600069046020508;1.7037317752838135;0.16833710670471191;3.574389696121216;-0.8921315670013428;1.4428017139434814;0.34839558601379395;3.2722830772399902;1.4742317199707031,3.574389696121216,43.17786348790716,43.17786348790715;43.17786348790715;43.177863487907146;43.17786348790715;43.17786348790715;43.17786348790715;43.177863487907146;43.17786348790715;43.17786348790715;43.17786348790715;43.177863487907146;43.177863487907146;43.177863487907146;43.17786348790716;43.17786348790715;43.17786348790716,32.960660076186755,18.950277853634404;19.502944177176378;20.088814817993754;20.710974835929854;21.37290368851104;22.078540337088437;22.83236169038306;23.639477685742108;24.505747275933615;25.43792088805668;26.443816682105226;27.53254035019134;28.714761543590846;30.00306471207434;31.41239882310425;32.960660076186755
910,Ca_JVASP-91944_CaZn3Se4.json,4.473303854465485,4.30312305688858;4.9134162068367;4.785637617111206;5.854012131690979;4.131385028362274;4.184071958065033;3.8567726612091064;3.7580121755599976,5.854012131690979,26.643595635972442,26.643595635972442;26.64359563597244;26.643595635972442;26.643595635972442;26.64359563597244;26.64359563597244;26.643595635972442;26.643595635972442,6.479086847627338,6.067582193334883;6.123138968178139;6.179722536827522;6.237361630409997;6.296086062060733;6.355926778342453;6.4169159136252105;6.479086847627338
911,Ca_JVASP-91558_CaFeO2.json,7.1921539306640625,8.720072746276855;6.615586280822754;6.974660873413086;5.284505844116211;6.958073616027832;6.58914852142334;6.040923118591309;6.310280799865723;6.360907554626465;6.466423988342285;6.435327053070068;7.173895359039307;7.081384658813477;7.331544876098633;6.595154285430908;6.6324381828308105;7.4295654296875;7.639803886413574;7.878542900085449;7.670190811157227;7.9710693359375;8.342557907104492;8.788259506225586;9.32137680053711,9.32137680053711,39.6994792383339,39.69947923833389;39.69947923833389;39.6994792383339;39.69947923833389;39.699479238333886;39.6994792383339;39.69947923833389;39.69947923833389;39.6994792383339;39.69947923833389;39.69947923833389;39.69947923833389;39.6994792383339;39.6994792383339;39.69947923833389;39.69947923833389;39.69947923833389;39.6994792383339;39.69947923833389;39.6994792383339;39.69947923833389;39.69947923833389;39.69947923833389;39.6994792383339,12.475500198531542,8.729773893474734;8.84524143768915;8.963804472875525;9.085589167590127;9.210728641470315;9.339363450620116;9.471642114244558;9.60772168668109;9.747768379460197;9.891958238575498;10.040477882765733;10.193525309318783;10.351310774713822;10.514057758338133;10.682004018567449;10.8554027517051;11.034523865660578;11.219655381842841;11.411104980583081;11.609201707528701;11.814297860915273;12.02677108248738;12.247026678175393;12.475500198531542
912,Ca_JVASP-17897_CaFeF6.json,11.03736138343811,12.446182012557983;12.049337148666382;11.258410930633545;10.521315574645996;10.397116422653198;10.178861856460571;10.34526538848877;11.102401733398438,12.446182012557983,52.54906038532936,52.549060385329355;52.549060385329355;52.54906038532935;52.549060385329355;52.54906038532936;52.54906038532935;52.549060385329355;52.549060385329355,19.16086778643976,15.959842790931438;16.350049675630157;16.75981532378144;17.190648085431505;17.64421549914023;18.12236586166941;18.62715340253473;19.16086778643976
913,Ca_JVASP-86290_CaAlSi.json,3.085977077484131,1.1429619789123535;0.9973807334899902;1.0471630096435547;1.309814453125;0.9679341316223145;0.9846115112304688;1.107161045074463;1.1693792343139648;1.988224983215332;2.119906425476074;2.960236072540283;6.158682346343994;2.310573101043701;3.4129624366760254;5.524105548858643;8.80520486831665;1.5384800434112549;2.5418431758880615;3.2619853019714355;5.24375581741333;2.8202133178710938;3.8791861534118652;4.923619985580444;7.848064184188843,8.80520486831665,27.649464541786926,27.64946454178692;27.649464541786923;27.649464541786923;27.64946454178692;27.649464541786926;27.649464541786923;27.64946454178692;27.64946454178692;27.64946454178692;27.64946454178692;27.649464541786923;27.649464541786923;27.649464541786923;27.64946454178692;27.649464541786923;27.64946454178692;27.649464541786923;27.64946454178692;27.64946454178692;27.649464541786923;27.64946454178692;27.649464541786923;27.649464541786923;27.649464541786923,19.682557599321537,11.737116369684212;11.946797896051416;12.164107544910271;12.389469289903579;12.623339117229419;12.866208105197527;13.11860586625758;13.381104402269864;13.65432243208203;13.938930260324444;14.235655268072483;14.545288120057283;14.86868979994767;15.206799605514064;15.560644260021707;15.931348325998194;16.320146143862573;16.728395562427494;17.157593783091365;17.609395707331366;18.08563526140318;18.588350277536243;19.1198116434133;19.682557599321537
914,Ca_JVASP-99375_Li2CaTl.json,0.7733438014984131,0.3128138780593872;0.3426400423049927;0.5009610056877136;0.9307642579078674;1.0637644529342651;0.947185754776001;0.7820028066635132;1.3066182136535645,1.3066182136535645,65.06525432062081,65.06525432062081;65.06525432062081;65.06525432062081;65.0652543206208;65.0652543206208;65.0652543206208;65.06525432062081;65.0652543206208,15.004744910543694,12.967958410916362;13.224403834939702;13.491196454543982;13.768975404991568;14.058433566406014;14.360323334338023;14.675463150147925;15.004744910543694
915,Ca_JVASP-52881_K3CaP2HO8.json,8.798270225524902,8.747588157653809;9.523857116699219;10.441411972045898;10.305132865905762;7.704011917114258;8.029251098632812;7.557188987731934;8.077719688415527,10.441411972045898,26.45930636484638,26.45930636484638;26.45930636484638;26.459306364846377;26.459306364846377;26.45930636484638;26.45930636484638;26.45930636484638;26.45930636484638,10.694743298557064,9.618026215817224;9.758375671241964;9.90288183513778;10.051732146078223;10.205125484178685;10.363273057637237;10.526399373004663;10.694743298557064
916,Ca_JVASP-92507_CaCoO3.json,9.30513858795166,7.08425235748291;7.448960304260254;8.663356304168701;8.135434627532959;9.151347160339355;8.727743148803711;9.174393653869629;8.97187328338623;9.68851375579834;9.51972484588623;9.963572025299072;9.836373329162598;9.316427946090698;9.029613256454468;9.87584376335144;10.686962366104126;10.473238468170166;11.744863986968994,11.744863986968994,39.90740612193762,39.907406121937605;39.90740612193761;39.90740612193761;39.90740612193761;39.90740612193761;39.90740612193761;39.90740612193761;39.90740612193761;39.90740612193761;39.90740612193761;39.90740612193761;39.90740612193761;39.90740612193762;39.90740612193761;39.90740612193761;39.907406121937605;39.90740612193761;39.90740612193761,13.640519807767813,10.128408369603827;10.284168983298175;10.444795179207448;10.61051855806031;10.781585656430233;10.958259170473948;11.140819301991804;11.32956524131653;11.524816803536918;11.726916236878646;11.936230224752052;12.153152106104029;12.37810434235929;12.611541263503874;12.85395213086921;13.105864560063848;13.367848354447778;13.640519807767813
917,Ca_JVASP-60794_CaB2H10N2.json,2.987241744995117,2.065972328186035;2.1712303161621094;2.480081558227539;2.538365364074707;3.516636371612549;3.645717144012451;3.600600242614746;3.879330635070801,3.879330635070801,45.239406631348004,45.239406631348;45.239406631348004;45.239406631348004;45.239406631348;45.23940663134799;45.239406631348;45.23940663134799;45.239406631348,51.760656043786916,33.571411666361584;35.34582575828577;37.31828026973375;39.52388933850563;42.00658990717544;44.822098483275774;48.04214239103122;51.760656043786916
918,Ca_JVASP-63225_CaB2C2.json,5.03485631942749,2.894439220428467;1.4131598472595215;2.4266281127929688;1.6572809219360352;2.520094871520996;2.095216751098633;2.1659750938415527;1.6431612968444824;2.4063501358032227;2.1330080032348633;2.6280102729797363;2.675361156463623;2.425365447998047;2.454348564147949;2.527707576751709;2.6725287437438965;2.5981574058532715;3.130918025970459;5.488277435302734;5.744067192077637;7.047257423400879;6.636609077453613;9.257141590118408;8.289077281951904;7.012059211730957;6.514797210693359;9.009251117706299;7.780895709991455;9.755411148071289;7.968177795410156;8.173224925994873;6.772404193878174;8.900211811065674;7.843275547027588;9.119682788848877;7.475294589996338,9.755411148071289,22.94256476157091,22.942564761570903;22.94256476157091;22.94256476157091;22.942564761570907;22.942564761570907;22.942564761570907;22.94256476157091;22.94256476157091;22.942564761570903;22.942564761570907;22.942564761570907;22.942564761570907;22.94256476157091;22.942564761570907;22.94256476157091;22.942564761570907;22.94256476157091;22.942564761570907;22.942564761570907;22.94256476157091;22.942564761570907;22.942564761570907;22.942564761570907;22.94256476157091;22.942564761570907;22.942564761570907;22.94256476157091;22.94256476157091;22.942564761570907;22.942564761570907;22.942564761570903;22.94256476157091;22.942564761570907;22.94256476157091;22.942564761570907;22.942564761570907,15.922551146652081,8.68494440552998;8.79922132545165;8.916545665996914;9.037040972728091;9.160837560909746;9.288072985632667;9.418892551667188;9.553449867018733;9.691907444619273;9.834437357109895;9.981221950261371;10.132454621252053;10.288340668787756;10.449098222921492;10.61495926342873;10.786170736736484;10.962995782715906;11.14571508415594;11.334628353473647;11.53005597322452;11.732340809300775;11.941850218403971;12.15897827451818;12.384148242773145;12.617815333372084;12.860469773285862;13.112640239329206;13.374897703213406;13.647859747430326;13.932195420631896;14.228630712856996;14.53795474493218;14.861026783142089;15.198784210465162;15.552251610097768;15.922551146652081
919,Li_JVASP-21143_LiCaAlF6.json,7.950503587722778,4.892704486846924;12.197556018829346;9.922893047332764;4.740127086639404;7.39461350440979;12.625576257705688;6.732877254486084;5.097681045532227,12.625576257705688,52.42704963134732,52.42704963134732;52.42704963134731;52.427049631347316;52.42704963134731;52.42704963134732;52.427049631347316;52.427049631347316;52.427049631347316,18.415950336268917,17.820991016509886;17.903620676314123;17.98702015476644;18.071200260229933;18.156172004353703;18.241946606874713;18.328535500556455;18.415950336268917
920,Ca_JVASP-97576_Ca4Al6SO12.json,9.099090218544006,3.606276035308838;3.9041972160339355;3.9843907356262207;4.433587551116943;4.699692249298096;5.6646904945373535;6.1988701820373535;7.999304294586182;19.585771083831787;16.066093921661377;12.263757228851318;9.740923404693604;9.037080764770508;7.580643653869629;7.590865612030029;7.539279460906982;8.482306480407715;8.929712295532227;8.916941165924072;9.273472309112549;8.386288166046143;9.066338062286377;9.113443851470947;9.432514667510986;9.270594596862793;9.967787742614746;10.168108940124512;10.550139427185059;11.052924156188965;10.872930526733398;14.002475261688232;13.789485454559326,19.585771083831787,14.979062206477694,14.979062206477689;14.979062206477694;14.97906220647769;14.979062206477693;14.979062206477694;14.97906220647769;14.97906220647769;14.979062206477693;14.979062206477693;14.979062206477693;14.97906220647769;14.979062206477693;14.97906220647769;14.97906220647769;14.97906220647769;14.97906220647769;14.97906220647769;14.979062206477693;14.97906220647769;14.97906220647769;14.979062206477693;14.979062206477693;14.97906220647769;14.97906220647769;14.979062206477694;14.979062206477693;14.979062206477693;14.97906220647769;14.979062206477694;14.979062206477693;14.979062206477693;14.979062206477693,8.569195695821353,6.132960695086635;6.189726774759545;6.247553514271511;6.306470921205763;6.366510145865166;6.427703536189968;6.4900846958734295;6.553688545894719;6.618551389705786;6.684710982327941;6.752206603634421;6.821079136117886;6.891371147466296;6.963126978297705;7.036392835433896;7.111216891125181;7.187649388674108;7.265742754944727;7.345551720286864;7.427133446451875;7.510547663128121;7.5958568137815545;7.683126211549739;7.772424206007251;7.863822361697323;7.957395649409817;8.053222651279977;8.151385780887267;8.251971519649912;8.355070670940375;8.460778633491177;8.569195695821353
921,Ca_JVASP-15792_CaSi2Au2.json,3.12426495552063,1.9618911743164062;1.944657802581787;2.4382317066192627;2.650514841079712;3.02992844581604;3.3941924571990967;4.660117149353027;4.914586067199707,4.914586067199707,57.53522523709081,57.535225237090806;57.53522523709081;57.535225237090806;57.535225237090806;57.535225237090806;57.535225237090806;57.535225237090806;57.535225237090806,7.3612017968981185,6.834572111925646;6.905143930282548;6.977188362870684;7.05075198898694;7.125883373286389;7.20263317269946;7.281054250333666;7.3612017968981185
922,Ca_JVASP-105726_Ca2MgCd.json,1.2242894172668457,0.4077491760253906;0.6220183372497559;1.857374668121338;3.3406944274902344;1.4670414924621582;2.0420546531677246;2.014981985092163;1.9456312656402588;0.23441076278686523;0.2554917335510254;0.24855828285217285;0.318958044052124;0.8640799522399902;2.1482748985290527;0.5777850151062012;1.2435259819030762,3.3406944274902344,48.47096172344116,48.47096172344115;48.47096172344115;48.47096172344115;48.47096172344114;48.47096172344116;48.47096172344114;48.47096172344116;48.47096172344115;48.47096172344115;48.47096172344114;48.47096172344115;48.47096172344116;48.47096172344114;48.47096172344116;48.47096172344115;48.47096172344115,23.638507258835382,15.447753375903245;15.813034979751647;16.19601005614575;16.597996064455565;17.020444590789598;17.46495886259298;17.933314081363974;18.427481117077555;18.94965423113278;19.502283650211755;20.08811401106817;20.71022994897769;21.37211042798564;22.077693833176912;22.83145639697884;23.638507258835382
923,Ca_JVASP-71399_CaMnBe2.json,0.8965768814086914,-0.28905296325683594;-0.520442008972168;0.8604626655578613;1.0606427192687988;1.445568561553955;2.2143707275390625;-0.20230960845947266;-0.22363615036010742;1.338552713394165;1.452521562576294;1.141035556793213;1.925912857055664;-0.5617284774780273;0.43305397033691406;0.552546501159668;0.7398338317871094;2.710796356201172;2.0602550506591797,2.710796356201172,43.992280876229835,43.99228087622983;43.99228087622983;43.99228087622983;43.99228087622983;43.99228087622983;43.99228087622983;43.99228087622983;43.99228087622983;43.99228087622983;43.99228087622983;43.992280876229835;43.99228087622983;43.992280876229835;43.992280876229835;43.99228087622983;43.99228087622983;43.99228087622983;43.99228087622983,19.803054817016733,13.172025825989314;13.436688107546749;13.712204057715601;13.999255308523294;14.2985817895314;14.610988096480318;14.937350713464527;15.278626225143478;15.635860681026488;16.010200304905005;16.402903780391863;16.815356389986942;17.249086342334238;17.705783693221512;18.187322354111036;18.69578579242866;19.23349716686447;19.803054817016733
924,Ca_JVASP-86226_Ca3B6Rh8.json,2.8265933990478516,1.1649389266967773;1.0892620086669922;1.5322694778442383;1.7259464263916016;1.991847038269043;2.404109001159668;3.43489933013916;4.695155143737793;2.76847505569458;2.988447666168213;4.4113616943359375;5.712409019470215,5.712409019470215,48.148523236343266,48.148523236343266;48.14852323634326;48.14852323634326;48.14852323634326;48.148523236343266;48.148523236343266;48.14852323634326;48.148523236343266;48.148523236343266;48.14852323634326;48.148523236343266;48.14852323634326,7.46036105069233,6.644925085365488;6.711615652303211;6.779658445801425;6.849095013958377;6.9199686246111884;6.992324355244478;7.066209188599119;7.14167211440729;7.218764237716688;7.297538894307284;7.378051773748336;7.46036105069233
925,Na_JVASP-70723_NaCaBe2.json,0.16265565156936646,-0.02960813045501709;-0.021992802619934082;-0.004641413688659668;0.16750848293304443;0.17398834228515625;0.23240041732788086;-0.0004305243492126465;0.2988218665122986;0.6478546261787415,0.6478546261787415,63.27708748504768,63.27708748504767;63.27708748504767;63.27708748504768;63.27708748504767;63.27708748504768;63.27708748504768;63.27708748504768;63.277087485047666;63.27708748504767,49.094960786815584,36.72295021730855;37.91735465579636;39.192066460173024;40.555466746480754;42.017144901331896;43.58812446212692;45.28114163809048;47.11099136294953;49.094960786815584
926,Ca_JVASP-106118_CaUO4.json,7.260605812072754,5.3016676902771;5.690174579620361;6.330176830291748;6.697309970855713;7.175112724304199;7.882001876831055;6.507835865020752;6.405033588409424;7.81671667098999;7.707662105560303;8.326831340789795;7.676032543182373;7.96757698059082;7.168370246887207;7.979151248931885;7.4045090675354;8.740392208099365;7.91434907913208,8.740392208099365,32.930643079481854,32.93064307948185;32.93064307948185;32.930643079481854;32.93064307948185;32.93064307948185;32.930643079481854;32.930643079481854;32.93064307948185;32.930643079481854;32.93064307948185;32.930643079481854;32.93064307948185;32.93064307948185;32.93064307948185;32.930643079481854;32.93064307948185;32.930643079481854;32.93064307948185,4.893857631342465,4.352386896999384;4.380899576620755;4.409788295348871;4.439060541644818;4.468724004132472;4.498786578331302;4.529256373662776;4.560141720743432;4.591451178978397;4.623193544469865;4.655377858255934;4.688013414895951;4.721109771419549;4.754676756657429;4.788724480973055;4.823263346415479;4.858304057314739;4.893857631342465
927,Ca_JVASP-92187_CaCeMg6.json,1.3541969060897827,1.4654611349105835;1.4928900003433228;1.5320336818695068;1.5016849040985107;1.5685291290283203;1.2385592460632324;1.205650806427002;0.8287663459777832,1.5685291290283203,26.471320034082453,26.471320034082446;26.471320034082453;26.47132003408245;26.47132003408245;26.471320034082446;26.471320034082453;26.47132003408245;26.47132003408245,11.514414718179273,10.27588511931296;10.436250634166205;10.60170083064921;10.77248143301097;10.948854258015551;11.131098554246202;11.31951247743027;11.514414718179273
928,Na_JVASP-140001_NaCa2Si3O9.json,3.9483137130737305,5.732253074645996;4.6940717697143555;4.160868167877197;3.472501277923584;3.665576457977295;3.435142993927002;3.264763832092285;3.161332130432129,5.732253074645996,28.762834133702114,28.76283413370211;28.762834133702114;28.76283413370211;28.762834133702107;28.76283413370211;28.76283413370211;28.762834133702114;28.76283413370211,10.762581381192373,10.109284307415376;10.19771419247195;10.287704791663572;10.37929779081561;10.472536373630197;10.567465289574214;10.664130925493245;10.762581381192373
929,Ca_JVASP-74196_NaCaBe2.json,1.6840579509735107,1.6092239618301392;1.1834841966629028;1.3714646100997925;1.0272725820541382;0.6375340819358826;0.9086773991584778;4.205838084220886;3.076389193534851;1.856553077697754;1.759711503982544;0.591055154800415;0.7132716178894043;2.5181010961532593;1.9011038541793823;1.0917564630508423;1.0992470979690552;2.4179019927978516;2.3444571495056152,4.205838084220886,29.651681306656208,29.6516813066562;29.651681306656208;29.651681306656204;29.651681306656204;29.651681306656197;29.6516813066562;29.651681306656197;29.651681306656204;29.6516813066562;29.651681306656204;29.651681306656204;29.651681306656204;29.6516813066562;29.6516813066562;29.651681306656204;29.6516813066562;29.6516813066562;29.651681306656204,34.43449276192052,18.361475108654275;18.87986152755827;19.428368794256787;20.009700719443682;20.62689470714886;21.283374840139835;21.983015435665177;22.73021756274645;23.5300017134688;24.388120752127843;25.31119851477739;26.306901122502243;27.38415038564551;28.553391879312727;29.826934759351083;31.219386762921573;32.748217022351376;34.43449276192052
930,Ca_JVASP-15326_CaMn2Sb2.json,2.2562174797058105,1.0084373950958252;0.7447307109832764;1.5715465545654297;1.5656394958496094;2.9879398345947266;2.7875118255615234;2.6560001373291016;4.727933883666992,4.727933883666992,45.23377000178074,45.23377000178074;45.23377000178074;45.233770001780734;45.23377000178073;45.233770001780734;45.233770001780734;45.233770001780734;45.233770001780734,9.347462558475298,8.514373005193018;8.624176855303858;8.736849831785527;8.852505876784814;8.971265046728437;9.093253928024843;9.21860608714912;9.347462558475298
931,Ca_JVASP-92269_Ca2CoN2.json,5.847483515739441,3.593533515930176;3.6128110885620117;3.6481103897094727;3.5403337478637695;4.783282279968262;4.686877250671387;4.091592788696289;3.9146785736083984;5.632928848266602;5.091090202331543;5.335334300994873;4.819051265716553;5.952646255493164;5.362342834472656;6.403841018676758;6.177497863769531;7.742336273193359;7.559470176696777;6.956262111663818;7.187345027923584;8.354437351226807;8.308529376983643;8.127017259597778;9.45825457572937,9.45825457572937,48.67575155174983,48.675751551749826;48.67575155174983;48.675751551749826;48.675751551749826;48.675751551749826;48.67575155174982;48.675751551749826;48.675751551749826;48.67575155174983;48.67575155174982;48.675751551749826;48.675751551749826;48.67575155174983;48.67575155174982;48.67575155174983;48.67575155174982;48.67575155174983;48.675751551749826;48.675751551749826;48.675751551749826;48.675751551749826;48.675751551749826;48.675751551749826;48.675751551749826,24.737458567380394,13.365781543324283;13.638367827716017;13.922304020356894;14.218314071877643;14.527184839716666;14.849773072610207;15.18701334679458;15.539927108730762;15.90963300862604;16.29735874495426;16.704454684180103;17.132409574042615;17.58286873571683;18.057655203409862;18.558794383975435;19.088542939883027;19.64942276420742;20.244261126677937;20.8762383393072;21.548944637751557;22.26644842636263;23.033378626751883;23.855024651569103;24.737458567380394
932,Ca_JVASP-99875_CaInI3.json,5.775206446647644,3.115151882171631;3.4441235065460205;5.5686599016189575;5.129168629646301;4.5790064334869385;4.853819847106934;7.769666790962219;11.74205458164215,11.74205458164215,28.321425924937422,28.321425924937415;28.32142592493741;28.321425924937415;28.32142592493742;28.321425924937415;28.321425924937422;28.32142592493742;28.321425924937415,6.693126235890149,6.254903494206513;6.313960265520879;6.374142856241073;6.43548376899129;6.498016769695702;6.561776949557549;6.626800790723309;6.693126235890149
933,Ca_JVASP-74721_Ca2ScBe.json,1.8071516752243042,0.7907146215438843;0.7088742256164551;0.483722448348999;0.43110406398773193;0.21626049280166626;0.21435075998306274;0.46337127685546875;0.9036306142807007;3.258160948753357;3.169586658477783;1.4272516965866089;1.7815353870391846;2.044729173183441;2.953085243701935;3.5463929176330566;6.521656274795532,6.521656274795532,54.63852883312047,54.63852883312047;54.63852883312047;54.63852883312047;54.63852883312047;54.63852883312047;54.63852883312046;54.63852883312046;54.63852883312047;54.63852883312047;54.63852883312047;54.63852883312047;54.63852883312047;54.63852883312047;54.63852883312046;54.63852883312047;54.63852883312047,56.80413088920119,24.97825014302716;25.94742819697003;26.994852182014217;28.130396393473497;29.365669542586243;30.714413058728365;32.193014437979265;33.82117636733163;35.62279971073428;37.627164589539845;39.870533966173724;42.39836724102634;45.26843291724019;48.55527728920824;52.35679232038149;56.80413088920119
934,K_JVASP-129858_KCa3.json,0.38860130310058594,0.9401164054870605;0.13033819198608398;0.8140285015106201;-0.25034594535827637;0.0813608169555664;0.37128734588623047;1.0397303104400635;-0.017705202102661133,1.0397303104400635,30.603676967968482,30.603676967968482;30.603676967968482;30.60367696796848;30.603676967968475;30.60367696796848;30.60367696796848;30.603676967968475;30.60367696796848,26.77550109240115,21.026403121896116;21.691766641793553;22.400616017252794;23.157358393548012;23.967017270242433;24.835344154005377;25.768955394972128;26.77550109240115
935,Ca_JVASP-103234_CaCeCd2.json,2.2866005897521973,0.460002064704895;0.5244642496109009;1.857688307762146;3.512736201286316;2.1389124393463135;3.6690711975097656;2.8690333366394043;3.260896921157837,3.6690711975097656,50.485495082241265,50.48549508224126;50.48549508224125;50.485495082241265;50.48549508224125;50.48549508224126;50.48549508224126;50.485495082241265;50.48549508224125,9.05583334440847,8.271735363884115;8.375332060783771;8.481556596422724;8.590510242050245;8.70229954033329;8.817036652866499;8.934839735540399;9.05583334440847
936,Li_JVASP-113553_LiCaN.json,0.6499130725860596,1.0521748065948486;0.5101377964019775;0.17848467826843262;-0.11333966255187988;1.2192192077636719;0.3582625389099121;0.9497687816619873;1.0445964336395264,1.2192192077636719,91.31320419250285,91.31320419250284;91.31320419250285;91.31320419250284;91.31320419250285;91.31320419250284;91.31320419250285;91.31320419250285;91.31320419250285,60.96530347239882,54.897939231158155;55.689700345945056;56.504633885202225;57.34377223523321;58.208210033826454;59.09910893416924;60.01770281304244;60.96530347239882
937,Ca_JVASP-101477_LiCaSb.json,3.421687960624695,1.1064133644104004;1.5043597221374512;2.1503463983535767;3.3966845273971558;4.036667585372925;6.233689069747925;4.350866675376892;4.594476342201233,6.233689069747925,75.4335498682248,75.4335498682248;75.43354986822479;75.4335498682248;75.4335498682248;75.4335498682248;75.4335498682248;75.43354986822479;75.4335498682248,25.055466147178805,19.84953797651893;20.456741238901007;21.102265818038536;21.789857675468667;22.523767447484797;23.30883839789389;24.150613428720977;25.055466147178805
938,Ca.json,0.0,0,-9999.0,-9999.0,-9999,-9999.0,-9999
939,Ca_JVASP-75893_CaB2As.json,4.574746012687683,1.6498117446899414;2.0125465393066406;2.9998583793640137;3.678257465362549;3.43270206451416;4.909859657287598;6.593254089355469;11.321678161621094,11.321678161621094,86.71638957231089,86.71638957231087;86.71638957231087;86.71638957231087;86.71638957231087;86.71638957231087;86.71638957231089;86.71638957231089;86.71638957231089,32.98941069042911,24.5216361844605;25.45504200525172;26.462319109547856;27.552598252594745;28.736579645151924;30.0268853053309;31.438510799131116;32.98941069042911
940,Ca_JVASP-97864_CaZr4P6O24.json,5.355600833892822,5.355600833892822,5.355600833892822,86.50684977985752,86.50684977985752,27.4942774349,27.4942774349
941,Ca_JVASP-99877_CaTlI3.json,6.333387553691864,3.7614384293556213;4.04229861497879;6.717864215373993;6.268194615840912;5.689006984233856;5.7415366768836975;7.8175482749938965;10.629212617874146,10.629212617874146,28.241698037844536,28.241698037844536;28.241698037844536;28.241698037844536;28.241698037844536;28.241698037844532;28.241698037844532;28.241698037844536;28.241698037844536,5.6772555415490435,5.3587982951819795;5.4020871642585035;5.4460811120154355;5.490797506120735;5.536254289370707;5.582470003695373;5.629463815376309;5.6772555415490435
942,Ca_JVASP-93320_CaMg5.json,1.2871108055114746,1.5882294178009033;1.301422357559204;0.9891185760498047;0.8078055381774902;0.9903223514556885;1.1667258739471436;1.729076862335205;1.7241854667663574,1.729076862335205,36.17707917645936,36.17707917645935;36.17707917645935;36.17707917645935;36.17707917645936;36.17707917645935;36.17707917645935;36.177079176459344;36.17707917645935,26.47640407191612,20.730959017709377;21.394186340336436;22.101252248027578;22.85665182298255;23.66551644583996;24.533730514714033;25.468074835047368;26.47640407191612
943,Li_JVASP-155781_Li2CaAu2.json,1.3446923792362213,0.5316544771194458;0.5364068746566772;1.0404582023620605;0.6090126037597656;0.5601832866668701;0.6569914817810059;1.0231070518493652;0.8932526111602783;3.0376378893852234;2.7239075303077698;2.4176065921783447;1.8468139171600342;1.1836820840835571;1.0378445386886597;1.881055772304535;1.5354631543159485,3.0376378893852234,55.40079413143157,55.40079413143155;55.400794131431546;55.40079413143155;55.40079413143155;55.40079413143155;55.400794131431546;55.40079413143155;55.40079413143155;55.40079413143155;55.400794131431546;55.400794131431546;55.40079413143155;55.40079413143155;55.40079413143157;55.40079413143155;55.40079413143156,7.703722175412113,7.4798760818230905;7.494393659224745;7.508967700104607;7.52359853451116;7.538286495070237;7.553031917010233;7.567835138187602;7.582696499112669;7.597616342975728;7.612595015673475;7.627632865835725;7.642730244852467;7.657887506901235;7.673105008974801;7.688383110909204;7.703722175412113
944,Ca_JVASP-64205_Ba4CaNb.json,1.7829983234405518,3.518398404121399;1.9937015771865845;1.6723341941833496;1.726867437362671;0.911949634552002;1.3213343620300293;1.4568967819213867;1.6625041961669922,3.518398404121399,20.31394380741715,20.313943807417143;20.313943807417147;20.313943807417147;20.313943807417147;20.31394380741715;20.31394380741715;20.313943807417147;20.31394380741715,5.176236507342346,4.910189924939347;4.94650980512949;4.983370993842394;5.020785683361358;5.058766434893679;5.097326192631017;5.136478298457738;5.176236507342346
945,Ca_JVASP-93254_Ca3As2.json,3.8866199254989624,1.4213166236877441;2.600027561187744;1.442594289779663;1.3349583148956299;3.8072967529296875;3.4258034229278564;2.3783551454544067;2.5789295434951782;4.377626299858093;3.04944384098053;3.554558515548706;5.092178106307983;2.772869825363159;3.611943006515503;4.539772152900696;5.011633276939392;7.150713562965393;5.721837878227234;2.7036346197128296;3.8114582300186157;2.757682204246521;3.439272880554199;7.617958903312683;9.07701325416565,9.07701325416565,35.10897365002878,35.10897365002877;35.10897365002877;35.10897365002877;35.10897365002877;35.10897365002877;35.10897365002877;35.10897365002877;35.10897365002878;35.10897365002877;35.10897365002877;35.10897365002877;35.10897365002877;35.10897365002877;35.108973650028766;35.108973650028766;35.10897365002877;35.10897365002878;35.10897365002877;35.10897365002877;35.10897365002877;35.10897365002878;35.108973650028766;35.10897365002878;35.10897365002877,21.634622847926945,12.404546441309702;12.63899120823356;12.882468660373789;13.135511068169293;13.398693360210114;13.672637484091698;13.958017313396368;14.255564182295563;14.566073143466971;14.89041006206686;15.22951967903806;15.584434801882258;15.956286811209404;16.34631770820161;16.755893973257514;17.186522561650108;17.63986943078966;18.11778107920785;18.622309684338106;19.155742560700414;19.72063683033825;20.31986041414978;20.956640730695085;21.634622847926945
946,K_JVASP-25605_KCaAl2F9.json,4.881910085678101,3.149198055267334;3.2759265899658203;3.3253731727600098;3.466244697570801;4.116753578186035;4.064497947692871;4.5177695751190186;4.728483438491821;3.184955358505249;3.32171893119812;3.365464687347412;3.5279836654663086;5.1834588050842285;5.9554948806762695;6.798213958740234;8.176475048065186;4.261352777481079;4.398077726364136;4.650407314300537;4.940025806427002;5.471266269683838;6.928170680999756;7.075430631637573;9.283098459243774,9.283098459243774,11.058021282120894,11.058021282120892;11.058021282120892;11.058021282120892;11.058021282120892;11.05802128212089;11.058021282120892;11.05802128212089;11.058021282120892;11.05802128212089;11.05802128212089;11.058021282120892;11.05802128212089;11.05802128212089;11.058021282120892;11.058021282120892;11.058021282120892;11.058021282120892;11.058021282120892;11.05802128212089;11.05802128212089;11.058021282120894;11.058021282120892;11.05802128212089;11.058021282120892,4.187902090891988,3.6719387357654383;3.691714011706838;3.7117034410084915;3.7319105213211827;3.7523388268796096;3.772992010610005;3.793873806307748;3.814988030887687;3.8363385867100246;3.857929463984752;3.8797647432577236;3.901848597981646;3.9241852971753732;3.9467792081750637;3.969634799480934;3.9927566437034994;4.016149420613384;4.039817920298966;4.063767046436353;4.088001819676343;4.112527381153324;4.137348996121227;4.1624720577219625;4.187902090891988
947,Ca_JVASP-71170_LiCaBe.json,2.0960317850112915,0.022544384002685547;1.7601597309112549;2.148270606994629;1.1233766078948975;1.684556245803833;1.9465222358703613;0.7184697389602661;2.122167468070984;3.5718820691108704;1.104421079158783;3.524468421936035;5.425542831420898,5.425542831420898,56.67624379969437,56.67624379969437;56.67624379969436;56.67624379969436;56.67624379969436;56.676243799694355;56.67624379969436;56.676243799694355;56.67624379969437;56.67624379969436;56.676243799694355;56.67624379969436;56.67624379969436,115.765044577234,39.86096134992463;42.38754248295623;45.25609325280548;48.54108093880577;52.340286392074425;56.78470226263155;62.05394216145585;68.40110654498275;76.19464773644897;85.99253554533152;98.68208871921614;115.765044577234
948,Ca_JVASP-69638_KCaBe2.json,0.8460222482681274,0.2057480812072754;0.1517200469970703;1.1641299724578857;2.127420663833618;0.6712372303009033;0.8168985843658447;1.0413818359375;0.5896415710449219,2.127420663833618,66.4230050311838,66.42300503118379;66.4230050311838;66.42300503118379;66.42300503118379;66.4230050311838;66.4230050311838;66.4230050311838;66.4230050311838,53.920087027986526,34.466690167249155;36.339645901969135;38.42785547275887;40.77068906394733;43.41774135584853;46.4323811304422;49.896889980175324;53.920087027986526
949,K_JVASP-51325_KCaNi2.json,0.8689417839050293,0.06736958026885986;0.11814582347869873;1.3395190238952637;1.539705753326416;1.4545605182647705;0.7671201229095459;0.7210503816604614;0.9440630674362183,1.539705753326416,63.95595063133615,63.95595063133615;63.95595063133615;63.95595063133615;63.955950631336144;63.955950631336144;63.955950631336144;63.95595063133615;63.95595063133615,20.635307015309483,17.043815294624928;17.47839295132185;17.93571189739246;18.417605158617402;18.92610819734201;19.463487651942874;20.032275115467808;20.635307015309483
950,Ca_JVASP-92163_Ca3Zn.json,0.7869048118591309,-0.3678576946258545;0.020441770553588867;0.14516496658325195;0.039148807525634766;0.1143500804901123;0.32297539710998535;0.11239790916442871;0.11125016212463379;1.2847425937652588;0.6711499691009521;1.1172833442687988;0.42566442489624023;2.317476272583008;0.5398383140563965;3.4389491081237793;-0.13417339324951172;2.4944441318511963;0.3043496608734131;1.8220064640045166;-0.10753560066223145;2.6335220336914062;0.9390907287597656;0.894282341003418;0.7909812927246094;0.8075900077819824;0.4996147155761719;0.4433157444000244;-0.1328904628753662;-0.11037397384643555;-0.14802885055541992;0.6651501655578613;0.6042885780334473;0.21325087547302246;0.34274983406066895;0.386425256729126;0.7489421367645264;1.147359848022461;0.5416851043701172;1.2950124740600586;0.7956323623657227;0.4351170063018799;0.9924981594085693;1.1019182205200195;1.8935928344726562;-0.3059964179992676;1.4130473136901855;2.2889046669006348;1.922682285308838,3.4389491081237793,22.544801586182544,22.544801586182544;22.544801586182544;22.544801586182544;22.544801586182544;22.54480158618254;22.54480158618254;22.54480158618254;22.54480158618254;22.544801586182544;22.544801586182544;22.54480158618254;22.544801586182544;22.544801586182544;22.544801586182544;22.54480158618254;22.544801586182544;22.54480158618254;22.54480158618254;22.544801586182544;22.544801586182544;22.544801586182544;22.54480158618254;22.544801586182544;22.54480158618254;22.54480158618254;22.54480158618254;22.544801586182544;22.544801586182544;22.544801586182544;22.544801586182544;22.54480158618254;22.54480158618254;22.54480158618254;22.54480158618254;22.544801586182544;22.544801586182544;22.544801586182544;22.54480158618254;22.54480158618254;22.544801586182544;22.54480158618254;22.544801586182544;22.54480158618254;22.544801586182544;22.54480158618254;22.54480158618254;22.544801586182544;22.54480158618254,24.664953738384746,9.02319282208025;9.146607704263895;9.273445420870432;9.403850369540756;9.5379751859486;9.675981339786198;9.818039783249851;9.964331657501392;10.115049063243909;10.270395902304468;10.430588797976542;10.595858102857603;10.766449004042462;10.94262273682369;11.124657919534613;11.31285202388024;11.507522997076524;11.709011054404181;11.917680663436224;12.133922744284062;12.358157113806392;12.590835205933859;12.832443105198724;13.083504936363546;13.344586659890734;13.616300331097152;13.899308890456219;14.194331563965289;14.502149966187567;14.823615015000396;15.159654786855217;15.51128346525555;15.879611564168515;16.26585764344486;16.671361776615544;17.097601084687845;17.546207715394708;18.018989729145925;18.517955455109643;19.045342009223056;19.603648828169696;20.195677279695506;20.82457767379877;21.493905339906608;22.207687877519028;22.970506266925764;23.787593291125507;24.664953738384746
951,Ca_JVASP-18495_CaNiN.json,5.272958278656006,5.026578187942505;4.528710126876831;4.953355312347412;4.289087772369385;4.9828033447265625;4.217428684234619;4.380884647369385;3.887486457824707;4.365651607513428;3.9843125343322754;4.184406042098999;3.8260786533355713;4.158982992172241;4.182881116867065;4.5697243213653564;4.454274415969849;3.794468641281128;4.335887670516968;4.893898963928223;4.624213695526123;5.242145776748657;5.205746412277222;5.281979084014893;5.471742153167725;5.691542625427246;5.450890064239502;6.248032093048096;6.247063636779785;6.499442100524902;7.07961368560791;6.425147294998169;5.6413514614105225;7.181586742401123;7.022490501403809;7.852941989898682;9.643667221069336,9.643667221069336,27.83094640050897,27.830946400508967;27.830946400508964;27.830946400508967;27.830946400508967;27.830946400508964;27.830946400508967;27.830946400508967;27.830946400508967;27.830946400508967;27.830946400508964;27.830946400508964;27.830946400508964;27.830946400508964;27.83094640050897;27.830946400508967;27.830946400508967;27.830946400508967;27.830946400508967;27.83094640050897;27.830946400508967;27.830946400508967;27.830946400508964;27.830946400508967;27.830946400508967;27.830946400508967;27.830946400508967;27.83094640050897;27.83094640050897;27.830946400508967;27.830946400508967;27.830946400508964;27.830946400508967;27.830946400508964;27.830946400508967;27.830946400508967;27.83094640050897,10.086052363103374,6.601331227997258;6.667145288447329;6.734284872323285;6.802790431904357;6.872704082414735;6.944069688363002;7.016932955317255;7.091341527519422;7.167345091776822;7.244995488107054;7.324346827653956;7.405455618438275;7.488380899557169;7.573184384502298;7.659930614327666;7.748687121466075;7.839524605068076;7.932517118820145;8.027742272290734;8.125281446954762;8.225220028160342;8.327647654427413;8.43265848560817;8.540351491595455;8.65083076343981;8.76420584893094;8.880592114917759;9.000111138886039;9.122891132587599;9.249067400824114;9.378782838836734;9.512188472145562;9.649444043126566;9.790718649115915;9.936191437400899;10.086052363103374
952,Ca_JVASP-69163_BaCaBr2.json,1.5924745798110962,-0.25338292121887207;-0.22503328323364258;0.1344292163848877;0.26023101806640625;2.4193907976150513;1.7491599321365356;4.231632590293884;4.423369288444519,4.423369288444519,39.66161299866455,39.661612998664545;39.661612998664545;39.661612998664545;39.661612998664545;39.661612998664545;39.66161299866455;39.661612998664545;39.66161299866454,11.088013841507717,9.934922942291339;10.0847453182318;10.239155637685005;10.398367919359336;10.562609703629203;10.732123137543422;10.90716616601381;11.088013841507717
953,Ca_JVASP-70887_CaBe2Si.json,2.14037024974823,1.1681337356567383;1.7323827743530273;1.523864507675171;3.0232999324798584;2.480529308319092;1.8458733558654785;2.9789592027664185;2.095727324485779;2.3174232244491577;1.5472198724746704;2.036157727241516;2.934872031211853,3.0232999324798584,58.800592072315254,58.80059207231525;58.80059207231524;58.80059207231524;58.80059207231525;58.80059207231524;58.800592072315254;58.80059207231525;58.80059207231524;58.80059207231525;58.80059207231524;58.80059207231524;58.80059207231525,45.16623762198543,25.913819840025184;26.95847761401537;28.090899492148708;29.322630325795004;30.667332701177738;32.14129586253182;33.764098807389836;35.559484940083756;37.55653145230376;39.79123618953873;42.30870689484805;45.16623762198543
954,Ca_JVASP-95400_Ca3CuIrO6.json,8.836204210917154,6.457282066345215;6.723036766052246;6.742684364318848;6.962145805358887;6.517334938049316;6.709988594055176;6.756173133850098;6.921141624450684;8.358529567718506;8.510440349578857;8.473776817321777;8.56317138671875;8.246242046356201;8.290930271148682;8.250529289245605;8.226828575134277;8.29010796546936;8.694476842880249;8.5389883518219;9.044722318649292;8.385796546936035;8.506496906280518;8.51840615272522;8.761962175369263;8.796897172927856;8.747922658920288;8.655060768127441;8.600677490234375;8.630715131759644;8.559117078781128;8.628850221633911;8.692204713821411;10.344910144805908;9.830390930175781;10.174341678619385;9.83557415008545;10.216673851013184;9.910698890686035;10.137390613555908;10.025899410247803;11.004107475280762;10.142496109008789;11.332748651504517;10.335822820663452;10.94591212272644;10.102212190628052;11.068829536437988;9.967155456542969,11.332748651504517,20.289016766824723,20.28901676682472;20.28901676682472;20.289016766824716;20.289016766824716;20.28901676682472;20.28901676682472;20.28901676682472;20.289016766824716;20.289016766824716;20.28901676682472;20.289016766824716;20.28901676682472;20.28901676682472;20.289016766824716;20.28901676682472;20.28901676682472;20.289016766824716;20.28901676682472;20.28901676682472;20.28901676682472;20.28901676682472;20.28901676682472;20.289016766824716;20.28901676682472;20.28901676682472;20.28901676682472;20.289016766824723;20.28901676682472;20.289016766824716;20.289016766824723;20.289016766824716;20.28901676682472;20.289016766824723;20.28901676682472;20.28901676682472;20.28901676682472;20.28901676682472;20.289016766824716;20.28901676682472;20.28901676682472;20.28901676682472;20.28901676682472;20.289016766824716;20.28901676682472;20.289016766824716;20.289016766824716;20.28901676682472;20.28901676682472,4.7283700425888116,3.548974593859669;3.567909535317065;3.5870476087748346;3.606392100628159;3.625946368549055;3.645713843429259;3.665698031387023;3.685902515840268;3.7063309596486818;3.7269871073274454;3.7478747873353986;3.768997914440588;3.7903604921662546;3.8119666153204808;3.833820472612859;3.8559263493616736;3.878288630295295;3.900911802451615;3.923800458179563;3.946959298246909;3.970393135058777;3.994106895991502;4.018105626846668;4.0423944954304325;4.066978795263444;4.091863949426976;4.117055514551129;4.142559184951259;4.168380796919113;4.194526333175459;4.221001927491338;4.247813869485448;4.274968609605526;4.302472764302043;4.330333121402889;4.358556645698253;4.387150484745331;4.416121974903034;4.445478647607395;4.475228235898936;4.505378681213917;4.535938140451946;4.566914993333202;4.598317850059186;4.6301555592917225;4.662437216465745;4.695172172452255;4.7283700425888116
955,Ca_JVASP-95689_Ca5P3ClO12.json,10.04498062133789,6.569974899291992;6.798251152038574;11.829326629638672;12.640337944030762;11.235485553741455;10.688337802886963;10.422245502471924;8.737919330596924;9.803730010986328;9.021682739257812;9.133102416992188;9.414512634277344;10.59763240814209;10.114815711975098;11.538676261901855;11.65709400177002;11.203930854797363;10.875894546508789;9.460856437683105;9.155805587768555,12.640337944030762,40.53152616429962,40.53152616429961;40.531526164299606;40.53152616429961;40.53152616429962;40.531526164299606;40.53152616429961;40.531526164299606;40.53152616429961;40.53152616429962;40.53152616429961;40.53152616429962;40.53152616429961;40.531526164299606;40.53152616429961;40.53152616429961;40.53152616429962;40.53152616429961;40.53152616429961;40.53152616429961;40.53152616429961,20.28039461710403,12.866594656914142;13.119007733019629;13.381522512605581;13.654757791125524;13.93938395788199;14.236128487729935;14.545782149488781;14.869206042614701;15.207339593978617;15.561209671139483;15.93194099830905;16.320768097558037;16.729049022352175;17.158281205330024;17.610119810051074;18.086399060766844;18.58915712968765;19.1206652937659;19.68346224067738;20.28039461710403
956,Li_JVASP-38315_LiCaO3.json,4.608594655990601,5.793292284011841;5.2043867111206055;4.752466201782227;4.417695760726929;4.4599268436431885;4.389485120773315;4.171818971633911;4.18774676322937;4.481690168380737;4.478279113769531;4.519052982330322;4.712329387664795;4.456718921661377;3.947955846786499;3.8221800327301025;4.58613657951355;3.9251205921173096;3.3366594314575195;4.302726745605469;4.806527376174927;5.292368650436401;5.058809518814087;4.244629621505737;4.076880693435669;5.884092569351196;5.130111455917358;5.992967367172241,5.992967367172241,31.575029624046323,31.57502962404632;31.575029624046323;31.575029624046316;31.575029624046316;31.575029624046323;31.575029624046323;31.57502962404632;31.575029624046316;31.57502962404632;31.575029624046323;31.575029624046312;31.57502962404632;31.57502962404632;31.575029624046316;31.575029624046312;31.575029624046316;31.57502962404632;31.575029624046323;31.575029624046323;31.575029624046316;31.575029624046316;31.57502962404632;31.575029624046323;31.57502962404632;31.57502962404632;31.575029624046323;31.575029624046323,11.237525929204443,10.44702914650116;10.475370817836222;10.503866683322125;10.532518004741693;10.561326057682425;10.590292131725802;10.619417530639728;10.648703572574139;10.678151590259862;10.707762931210786;10.737538957929406;10.76748104811581;10.797590594880159;10.827869006958748;10.858317708933725;10.888938141456515;10.919731761475031;10.950700042464758;10.981844474663792;11.013166565311868;11.044667838893538;11.076349837385488;11.108214120508142;11.140262265981637;11.172495869786218;11.204916546427183;11.237525929204443
957,Ca_JVASP-15610_CaAs2Ru2.json,2.719308853149414,2.2353668212890625;2.343743324279785;2.8876900672912598;2.654736042022705;2.4469709396362305;2.806290626525879;3.1460466384887695;3.233626365661621,3.233626365661621,60.142712821888125,60.142712821888125;60.14271282188812;60.14271282188811;60.142712821888125;60.142712821888125;60.14271282188812;60.14271282188812;60.142712821888125,9.384457508583543,8.545056664977022;8.65565849227251;8.76916098462259;8.885679768356207;9.005336698022024;9.12826028146699;9.254586140210801;9.384457508583543
958,Ca_JVASP-74219_LiCa2Be.json,1.0515482425689697,0.5032749176025391;0.49193739891052246;0.5968860387802124;0.3497077226638794;0.09613823890686035;0.12302517890930176;0.12126624584197998;0.28532540798187256;4.332165956497192;1.792333960533142;1.607664942741394;1.37443208694458;1.0507960319519043;0.7600789070129395;1.6850855350494385;1.6546533107757568,4.332165956497192,56.93000485774217,56.93000485774216;56.93000485774217;56.93000485774217;56.93000485774216;56.93000485774217;56.93000485774216;56.93000485774216;56.93000485774216;56.93000485774217;56.93000485774216;56.93000485774216;56.93000485774216;56.93000485774217;56.930004857742155;56.93000485774217;56.93000485774216,159.8147229661809,34.858117616055544;36.77503905994593;38.915060345313954;41.31953601217732;44.040714535675605;47.14557843018585;50.72143191706769;54.884240138058324;59.79144202488694;65.66231167598134;72.81162140820864;81.7079831784241;93.08091324218378;108.13176867906589;128.9888033179973;159.8147229661809
959,Ca_JVASP-100849_CaMn3O4.json,7.8397417068481445,3.6143059730529785;4.127272129058838;4.564946174621582;6.324274063110352;7.767017841339111;10.689870357513428;7.553870677947998;11.175459384918213;14.7406587600708,14.7406587600708,52.902020959206375,52.902020959206375;52.90202095920637;52.902020959206375;52.902020959206375;52.90202095920637;52.902020959206375;52.90202095920637;52.902020959206375;52.902020959206375,12.766357310600956,11.074957448475264;11.261459663424167;11.45435086109557;11.653965062605133;11.86065998588536;12.074819185065401;12.296854425888062;12.527208328115346;12.766357310600956
960,Ca_JVASP-71415_CaBe2Tc.json,0.6863210201263428,-0.30059814453125;-0.1352977752685547;0.6223187446594238;0.4923100471496582;0.8597836494445801;0.8215370178222656;0.01283121109008789;-0.11048698425292969;0.7835917472839355;0.9094038009643555;0.9923920631408691;0.7593545913696289;0.30388665199279785;0.5636861324310303;0.5026254653930664;0.02027606964111328;1.964919090270996;3.2912449836730957,3.2912449836730957,41.86462624694088,41.86462624694087;41.864626246940865;41.86462624694087;41.86462624694087;41.86462624694088;41.864626246940865;41.86462624694087;41.86462624694087;41.864626246940865;41.86462624694087;41.86462624694087;41.86462624694087;41.86462624694087;41.86462624694087;41.86462624694087;41.864626246940865;41.86462624694087;41.864626246940865,12.591624592220276,9.538428173505398;9.676447531165858;9.818519764283584;9.964826049196436;10.115558524463887;10.270921132698607;10.431130541185148;10.596417150024688;10.76702619767037;10.943218975009284;11.12527416063172;11.313489291639378;11.50818238631977;11.709693737301434;11.918387896458473;12.134655875920492;12.358917593144959;12.591624592220276
961,Ca_JVASP-97660_Ba14Na14CaN6.json,3.389919877052307,3.389919877052307,3.389919877052307,32.78492505258536,32.78492505258536,11.315550760942601,11.315550760942601
962,Ca_JVASP-68381_CaBe2Ru.json,0.7404508590698242,-0.8001327514648438;-0.6752967834472656;0.5375518798828125;0.14756488800048828;1.187356948852539;2.143795967102051;0.10055041313171387;-0.1628730297088623;0.8575882911682129;0.9351301193237305;1.9226112365722656;2.251692295074463;0.36649417877197266;0.1642780303955078;0.746243953704834;1.2009234428405762;1.0413594245910645;1.3632769584655762,2.251692295074463,43.032689361698054,43.03268936169805;43.03268936169805;43.03268936169805;43.03268936169805;43.03268936169805;43.032689361698054;43.03268936169805;43.03268936169804;43.03268936169804;43.03268936169805;43.03268936169805;43.03268936169804;43.032689361698054;43.03268936169805;43.03268936169805;43.03268936169805;43.032689361698054;43.03268936169805,12.272996216835976,9.35445795558075;9.487167586609743;9.623696850434603;9.76421305915822;9.90889344141391;10.057925888101986;10.211509766450378;10.369856809815747;10.533192091575986;10.70175509253406;10.875800872478933;11.055601357957022;11.24144675992884;11.433647136855738;11.632534120924943;11.838462827628936;12.051813971829896;12.272996216835976
963,Li_JVASP-146092_LiCaCrF6.json,6.34594464302063,4.6353819370269775;5.44654107093811;7.342246770858765;7.9489734172821045;4.518911838531494;5.5428786277771;7.8471221923828125;7.485501289367676,7.9489734172821045,50.28853157468036,50.288531574680356;50.28853157468036;50.288531574680356;50.28853157468036;50.288531574680356;50.288531574680356;50.288531574680356;50.288531574680356,16.189776523559015,15.72816132991022;15.792488102009681;15.857343216462795;15.92273320935236;15.988664725017424;16.055144518303898;16.122179456871546;16.189776523559015
964,Ca_JVASP-67734_CaBeIr2.json,2.1309103965759277,0.43602418899536133;0.3108706474304199;3.118178367614746;2.9568395614624023;2.993161916732788;2.5854814052581787;1.5181307792663574;1.6150388717651367;2.242560863494873;2.4462361335754395;2.8684935569763184;3.015709400177002;1.5348825454711914;1.4468555450439453;1.8280363082885742;1.3064956665039062;3.50319242477417;2.6301989555358887,3.50319242477417,38.72285397279109,38.72285397279109;38.722853972791086;38.72285397279109;38.722853972791086;38.722853972791086;38.722853972791086;38.72285397279109;38.722853972791086;38.72285397279109;38.72285397279109;38.722853972791086;38.722853972791086;38.722853972791086;38.722853972791086;38.72285397279109;38.72285397279109;38.72285397279109;38.722853972791086,3.7631381831540303,3.434574698599846;3.4523055436294863;3.470220408110373;3.4883221717529174;3.5066137746685095;3.5250982189614817;3.5437785703716833;3.562657959969569;3.581739585905749;3.601026715217076;3.620522685691397;3.6402309077932054;3.6601548666525408;3.6802981241195507;3.7006643208872814;3.7212571786853337;3.7420805025471813;3.7631381831540303
965,Li_JVASP-40277_LiCa2Tl.json,0.5100308656692505,0.10374140739440918;0.02662515640258789;1.7262372970581055;1.6428415775299072;-0.11420822143554688;0.8502728939056396;0.4782372713088989;-0.6335004568099976,1.7262372970581055,49.985439836507794,49.98543983650778;49.98543983650779;49.98543983650779;49.98543983650778;49.985439836507794;49.98543983650778;49.98543983650779;49.98543983650779,11.738275692290538,11.493693296387058;11.528007751688357;11.562527712341899;11.597255030014507;11.632191578685479;11.667339254983663;11.702699978530712;11.738275692290538
966,Li_JVASP-99375_Li2CaTl.json,0.4497976303100586,0.17690348625183105;0.25433969497680664;0.4899352788925171;0.5330795049667358;0.4849526286125183;1.054281771183014;0.7987244129180908;0.8255448341369629;0.2688865661621094;0.3289351463317871;0.27458643913269043;0.15785670280456543;0.22868990898132324;1.0656836032867432;0.1396627426147461;0.1146993637084961,1.0656836032867432,65.06525432062081,65.06525432062081;65.06525432062081;65.0652543206208;65.06525432062081;65.06525432062081;65.0652543206208;65.06525432062081;65.06525432062081;65.06525432062081;65.06525432062081;65.0652543206208;65.0652543206208;65.06525432062081;65.0652543206208;65.0652543206208;65.0652543206208,13.655891453235238,12.967958410916362;13.01165700464282;13.05565109956172;13.09994370322521;13.144537864138067;13.18943667245712;13.234643260705056;13.280160804498946;13.325992523293895;13.372141681142097;13.418611587467744;13.46540559785815;13.512527114871462;13.559979588861433;13.607766518819572;13.655891453235238
967,Ca_JVASP-64109_BaCaSc.json,-0.18375039100646973,-0.7636651992797852;-0.36158013343811035;-0.3746366500854492;-0.1390836238861084;-0.42270803451538086;-0.14360356330871582;0.2259960174560547;0.5092780590057373,0.5092780590057373,44.180265214032694,44.180265214032694;44.18026521403269;44.18026521403269;44.18026521403269;44.18026521403269;44.18026521403269;44.180265214032694;44.180265214032694,17.88743421319351,15.066430246242598;15.413697995959593;15.777351853245134;16.158579629477376;16.558686782966387;16.979111354214893;17.421441235687094;17.88743421319351
968,Ca_JVASP-67773_CaBeBr.json,3.0628970861434937,1.5716896653175354;1.6834325194358826;2.1030884981155396;1.8770288228988647;2.8683677911758423;3.250056743621826;5.36346560716629;5.786047041416168,5.786047041416168,69.1952570007165,69.19525700071648;69.1952570007165;69.19525700071648;69.19525700071648;69.1952570007165;69.19525700071648;69.19525700071648;69.1952570007165,35.66837292749876,25.97159901474385;27.02101478465368;28.15880751956024;29.396632028340864;30.748286668355885;32.23022989734545;33.862253763398414;35.66837292749876
969,Li_JVASP-76702_LiCa2Sn.json,1.3689149618148804,1.3689149618148804,1.3689149618148804,338.45887594652936,338.45887594652936,130.22628657485464,130.22628657485464
970,Na_JVASP-57134_Na2CaP2O7.json,4.544912338256836,2.5032196044921875;2.5148696899414062;2.645000457763672;2.7637901306152344;3.986135482788086;4.930767059326172;5.137484073638916;5.476916790008545;6.997381210327148;6.543708801269531;5.262233734130859;5.281373977661133;5.2857346534729;4.703202724456787;4.480597496032715;4.206181526184082,6.997381210327148,34.940290634141476,34.940290634141476;34.940290634141476;34.94029063414147;34.94029063414147;34.940290634141476;34.940290634141476;34.94029063414147;34.94029063414147;34.94029063414147;34.94029063414147;34.940290634141476;34.94029063414147;34.940290634141476;34.940290634141476;34.940290634141476;34.94029063414147,15.446112047730324,12.885284830029255;13.02929419235121;13.176558911091597;13.327190629951042;13.481306156817658;13.63902776585347;13.800483521037062;13.965807622961632;14.135140780862308;14.308630612040238;14.486432071066568;14.66870791138922;14.855629182232818;15.047375763980522;15.244136945560157;15.446112047730324
971,Ca_JVASP-13745_CaSi.json,3.014124631881714,1.2721867561340332;1.369438648223877;1.3075332641601562;1.3532743453979492;2.0516834259033203;1.428654670715332;2.0271735191345215;1.9007868766784668;2.7500834465026855;1.635998249053955;2.6999340057373047;3.4427127838134766;2.647165536880493;2.8565471172332764;3.8174221515655518;5.242719411849976;2.8541200160980225;3.372889280319214;4.538919925689697;4.5556840896606445;2.8716516494750977;6.688120365142822;4.244932174682617;5.409359455108643,6.688120365142822,39.085111912480926,39.08511191248092;39.08511191248092;39.08511191248092;39.08511191248092;39.08511191248092;39.085111912480926;39.08511191248092;39.08511191248092;39.08511191248092;39.08511191248092;39.08511191248091;39.08511191248092;39.085111912480926;39.08511191248092;39.085111912480926;39.08511191248092;39.08511191248092;39.08511191248092;39.085111912480926;39.08511191248092;39.08511191248092;39.08511191248092;39.08511191248092;39.08511191248092,37.53025550125483,16.38308464275303;16.794528645690818;17.227170992790125;17.682693269145478;18.16295974897948;18.67004289770295;19.206253268545268;19.774174703375078;20.376705969064933;21.01711024520523;21.69907424649361;22.426779241574195;23.204986857968315;24.03914339373681;24.935507466386476;25.90130732629312;26.944936201447614;28.07619685051834;29.306610419795206;30.64981023453941;32.12204908302744;33.74286007950676;35.53592823347287;37.53025550125483
972,Ca_JVASP-91249_CaCu3Sn4O12.json,6.781081914901733,6.453373908996582;6.607913017272949;6.395529270172119;6.324169635772705;6.982545375823975;7.131683826446533;7.1093761920928955;7.244064092636108,7.244064092636108,23.897616837048734,23.89761683704873;23.897616837048727;23.89761683704873;23.897616837048727;23.897616837048727;23.897616837048734;23.897616837048727;23.89761683704873,3.884360256169126,3.7325938936566887;3.753544643384386;3.7747319104156776;3.7961597226247155;3.8178321998670426;3.839753556620299;3.8619281047164318;3.884360256169126
973,Li_JVASP-107946_LiCa3.json,0.5697042942047119,1.320594072341919;0.472179651260376;0.9322588443756104;0.5159008502960205;0.4255056381225586;0.3925437927246094;0.02297830581665039;0.2878298759460449;0.5501354932785034;0.31785356998443604;0.42903780937194824;0.1483752727508545;0.41587400436401367;0.8682239055633545;1.1485676765441895;0.8674099445343018,1.320594072341919,19.21661471849915,19.216614718499148;19.216614718499148;19.216614718499148;19.216614718499144;19.216614718499148;19.216614718499144;19.216614718499148;19.216614718499148;19.216614718499148;19.216614718499148;19.216614718499144;19.21661471849915;19.216614718499148;19.216614718499148;19.216614718499148;19.216614718499148,13.881850929131945,13.171555612891245;13.216639500631507;13.262033076607318;13.307739542760968;13.35376214532829;13.400104175607211;13.446768970742404;13.493759914526342;13.541080438217238;13.588734021374256;13.636724192710407;13.685054530963589;13.733728665786208;13.782750278653863;13.832123103793563;13.881850929131945
974,Na_JVASP-144564_Na3Ca3AlSb4.json,0.7282143433888754,0.5383888483047485;0.5944575071334839;0.6923495531082153;0.7046636343002319;0.6430485248565674;0.6597292423248291;0.9754576683044434;0.8720111846923828;0.8351047039031982;0.775554895401001;0.8424011468887329;0.6054052114486694,0.9754576683044434,33.713726434048624,33.71372643404862;33.71372643404862;33.713726434048624;33.71372643404862;33.713726434048624;33.71372643404862;33.71372643404862;33.713726434048624;33.71372643404862;33.713726434048624;33.71372643404862;33.71372643404862,10.46927989404993,9.528062573724009;9.606576930949561;9.686396007543557;9.76755259792466;9.850080604857965;9.934015086677192;10.019392306941965;10.10624978667795;10.194626359357946;10.284562228793217;10.376099030116336;10.46927989404993
975,Ca_JVASP-71404_CaTiBe2.json,1.3914246559143066,-0.17647266387939453;-0.17537975311279297;1.555001974105835;1.411651849746704;1.5231547355651855;1.888040542602539;0.30515241622924805;0.15568828582763672;1.9385004043579102;2.155928134918213;1.2639901638031006;2.2135159969329834;1.0888512134552002;1.3795640468597412;1.3367388248443604;1.467956304550171;2.3677735328674316;3.3459877967834473,3.3459877967834473,38.01950919592664,38.01950919592663;38.01950919592664;38.01950919592664;38.01950919592664;38.01950919592664;38.01950919592664;38.01950919592664;38.01950919592664;38.01950919592664;38.01950919592664;38.01950919592664;38.01950919592663;38.01950919592664;38.01950919592664;38.01950919592664;38.01950919592664;38.01950919592663;38.01950919592664,21.858729633015603,14.050958980261456;14.352524373058182;14.667318230885622;14.99623049237074;15.34023275423472;15.700387857059932;16.07786085383863;16.4739315997527;16.890009249813467;17.327649010405622;17.788571564418707;18.274685681400126;18.788114639114024;19.331227227746634;19.9066742916635;20.517431998003982;21.166853322546263;21.858729633015603
976,Ca_JVASP-74499_Ca2BeIn.json,2.919934034347534,0.5088779926300049;0.6421627998352051;3.6183513402938843;6.1467331647872925;1.4904555082321167;1.8550869226455688;1.2452822923660278;3.5347875356674194;0.20676004886627197;0.6147962808609009;0.9850380420684814;1.2734932899475098;1.9379057884216309;8.028578758239746;3.0839478969573975;11.546686887741089,11.546686887741089,55.4163076833945,55.41630768339449;55.4163076833945;55.41630768339448;55.41630768339449;55.416307683394486;55.416307683394486;55.41630768339449;55.41630768339449;55.41630768339449;55.41630768339449;55.4163076833945;55.416307683394486;55.41630768339449;55.41630768339448;55.416307683394486;55.416307683394486,26.002692784244008,16.423588780826776;16.83709541107305;17.271962048301102;17.729887624016296;18.212756149419505;18.722662623988526;19.261943421627898;19.833212083953814;20.4394016775739;21.083815164009224;21.770185608184548;22.502748542949575;23.2863294526752;24.1264501941711;25.029459316450886;26.002692784244008
977,Li_JVASP-34735_Li2CaTa2O7.json,4.031383275985718,2.202854871749878;2.3164374828338623;2.4693620204925537;2.3390214443206787;2.555097818374634;2.7648613452911377;2.6129114627838135;2.8617470264434814;3.0728471279144287;4.649082899093628;5.263280630111694;5.005741834640503;7.284169435501099;6.300419092178345;4.7649877071380615;6.1702306270599365;5.37403416633606;4.557811975479126,7.284169435501099,34.758936453770104,34.758936453770104;34.758936453770104;34.758936453770104;34.758936453770104;34.758936453770104;34.7589364537701;34.758936453770104;34.7589364537701;34.758936453770104;34.758936453770104;34.7589364537701;34.758936453770104;34.758936453770104;34.7589364537701;34.7589364537701;34.758936453770104;34.758936453770104;34.758936453770104,5.785324334707877,5.641628440876048;5.64988325311486;5.658162257580066;5.666465560777305;5.6747932698383154;5.683145492525548;5.691522337236812;5.699923913009964;5.708350329527643;5.716801697122036;5.725278126779702;5.7337797301464235;5.742306619532115;5.75085890791576;5.7594367089504095;5.768040136968211;5.776669306985491;5.785324334707877
978,Ca_JVASP-97929_CaBePO4F.json,11.371239185333252,6.4542694091796875;6.438023567199707;7.5163421630859375;7.938908576965332;10.91629695892334;11.886245727539062;14.423277854919434;14.280647277832031;16.332050323486328;13.781771659851074;11.870296478271484;11.590022087097168;11.312083721160889;11.233065128326416;12.941447734832764;13.025078296661377,16.332050323486328,31.221801780884732,31.22180178088473;31.221801780884725;31.22180178088473;31.221801780884725;31.221801780884725;31.221801780884732;31.22180178088473;31.221801780884725;31.22180178088472;31.22180178088473;31.22180178088473;31.221801780884725;31.22180178088472;31.221801780884732;31.22180178088473;31.22180178088473,13.348752926420385,10.272863531685507;10.433134015117366;10.598484625424081;10.769160791062635;10.945424008597932;11.127553179549707;11.315846082966663;11.510621000081485;11.712218509691454;11.921003475568572;12.137367250296155;12.361730123536955;12.594544046957143;12.836295672978943;13.087509750354686;13.348752926420385
979,Ca_JVASP-86435_CaUO4.json,8.73286485671997,4.8942060470581055;5.188169479370117;9.204473972320557;8.960264682769775;12.386568546295166;11.402056217193604;10.22169303894043;7.605486869812012,12.386568546295166,71.90140699209701,71.901406992097;71.90140699209701;71.90140699209701;71.901406992097;71.901406992097;71.90140699209701;71.90140699209701;71.901406992097,10.91136652765015,9.792870518248616;9.938407734783206;10.088336026184647;10.242857164246812;10.402185475057198;10.566548830839373;10.736189737336776;10.91136652765015
980,Ca_JVASP-70735_CaBeNb2.json,0.8264341354370117,-0.18587613105773926;-0.14647364616394043;0.4998455047607422;0.34966087341308594;0.3278026580810547;0.43593788146972656;0.6522684097290039;0.9925050735473633;2.0264596939086914;1.8793601989746094;-0.2377157211303711;0.43916893005371094;2.4455480575561523;2.232590675354004;-0.37401866912841797;0.14243221282958984;1.1048049926757812;2.291513442993164,2.4455480575561523,31.019339004662697,31.01933900466269;31.019339004662687;31.019339004662683;31.019339004662687;31.01933900466269;31.01933900466269;31.01933900466269;31.019339004662694;31.019339004662687;31.019339004662694;31.019339004662687;31.01933900466269;31.019339004662697;31.01933900466269;31.019339004662687;31.01933900466269;31.019339004662694;31.019339004662687,7.556254102096347,6.3386655528920315;6.399322292569267;6.461151136388989;6.524186389638245;6.5884637095286065;6.6540201724557155;6.72089434531462;6.789126361159192;6.858757999517472;6.929832771700684;7.002396011471938;7.0764949714716545;7.152178925830663;7.229499279439247;7.308509684381333;7.389266164088006;7.471827245814129;7.556254102096347
981,Ca_JVASP-94731_LiCaMg6.json,0.4979414939880371,1.1313271522521973;0.8754582405090332;0.5503156185150146;0.40928196907043457;0.26764440536499023;0.2148575782775879;0.1478114128112793;0.38683557510375977,1.1313271522521973,28.208699572280608,28.208699572280608;28.208699572280604;28.208699572280604;28.2086995722806;28.208699572280604;28.208699572280604;28.2086995722806;28.208699572280604,21.233167988736835,17.3720639989779;17.835384085801497;18.32409523703171;18.8403434946843;19.38652375521607;19.965316917816804;20.579733891958615;21.233167988736835
982,Ca_JVASP-97877_Ca4P6O19.json,10.641263127326965,7.30449914932251;8.84551191329956;9.377988338470459;11.369554996490479;15.019017219543457;13.670743942260742;12.581813335418701;12.386544704437256;11.028474807739258;10.408819198608398;9.887239456176758;8.736532211303711;10.368680953979492;10.103731155395508;9.54232931137085;9.628729343414307,15.019017219543457,29.746386195846114,29.74638619584611;29.746386195846114;29.74638619584611;29.74638619584611;29.746386195846107;29.746386195846114;29.74638619584611;29.74638619584611;29.74638619584611;29.74638619584611;29.746386195846103;29.746386195846107;29.746386195846107;29.74638619584611;29.74638619584611;29.746386195846114,13.404744087805842,10.305992016598118;10.467305980644591;10.633750160723864;10.805573243193756;10.983040251768013;11.166433911513616;11.356056151824019;11.552229765173767;11.755300240823273;11.965637795386476;12.18363962536778;12.409732410502135;12.644375101093319;12.888062027663779;13.14132637725232;13.404744087805842
983,Ca_JVASP-91565_CaO.json,10.48535943031311,3.816281795501709;5.928284168243408;7.785891532897949;11.516533851623535;10.494846820831299;10.023664951324463;9.0845308303833;9.948774337768555;9.370359897613525;8.476775646209717;9.46555757522583;9.05897569656372;8.4454984664917;8.38118839263916;7.6457788944244385;8.450043439865112;7.208287239074707;7.4390130043029785;10.310847759246826;10.444811820983887;10.335108280181885;9.128343105316162;10.09452486038208;9.81891393661499;12.248443603515625;12.878634452819824;12.563178539276123;11.98671293258667;10.171883583068848;12.539595127105713;9.950731754302979;11.813056945800781;13.4774209856987;12.462542116641998;17.313348054885864;27.39455509185791,27.39455509185791,44.2668071788012,44.26680717880119;44.266807178801194;44.266807178801194;44.266807178801194;44.2668071788012;44.2668071788012;44.26680717880119;44.266807178801194;44.266807178801194;44.26680717880119;44.266807178801194;44.266807178801194;44.266807178801194;44.2668071788012;44.266807178801194;44.266807178801194;44.266807178801194;44.266807178801194;44.26680717880118;44.26680717880119;44.266807178801194;44.266807178801194;44.266807178801194;44.266807178801194;44.266807178801194;44.26680717880119;44.266807178801194;44.266807178801194;44.266807178801194;44.266807178801194;44.26680717880118;44.26680717880119;44.266807178801194;44.2668071788012;44.266807178801194;44.2668071788012,43.50491507126801,13.276036217160522;13.544937374860849;13.82495671228054;14.116798335990678;14.421227088794502;14.739075242950937;15.071250098470053;15.41874263255595;15.782637373852529;16.164123708727438;16.564508867895153;16.985232892133197;17.427885938132285;17.894228362808068;18.386214120813737;18.906018130935216;19.45606841966156;20.039084043991966;20.658120043181647;21.316620987814176;22.018485107709715;22.768141519889173;23.570643788732085;24.431783995140812;25.35823275859531;26.35771237252237;27.439212563834733;28.613261643043998;29.89227037660295;31.29097240091597;32.82699435151053;34.521602580825174;36.40069374951936;38.496127562667816;40.847547943090795;43.50491507126801
984,Ca_JVASP-99756_Ca3Nd.json,0.919400691986084,-0.04307758808135986;0.06112015247344971;1.8146600723266602;2.6432056427001953;0.44454824924468994;2.0056174993515015;3.163087010383606;2.5840128660202026;0.7074928283691406;-0.28771376609802246;-0.31015896797180176;-0.286588191986084;0.6511995792388916;1.540618896484375;2.0708398818969727;5.395337343215942;-0.4621255397796631;-0.8531596660614014;-0.39186644554138184;-1.0236327648162842;0.4188685417175293;-1.5789084434509277;0.7368892431259155;3.0653501749038696,5.395337343215942,36.686432817108916,36.68643281710891;36.686432817108916;36.686432817108916;36.68643281710891;36.686432817108916;36.68643281710891;36.68643281710891;36.686432817108916;36.68643281710891;36.686432817108916;36.686432817108916;36.686432817108916;36.68643281710891;36.68643281710891;36.68643281710891;36.68643281710891;36.686432817108916;36.68643281710891;36.68643281710891;36.68643281710891;36.68643281710891;36.68643281710891;36.68643281710891;36.686432817108916,22.446538617730706,12.667255895199899;12.91183408300266;13.166042801574685;13.430462293611317;13.705720370234001;13.99249738757342;14.29153186148171;14.60362681792088;14.929656993996776;15.270577025610482;15.627430783119056;16.00136204729163;16.39362675555708;16.80560709477908;17.238827773761326;17.694974879219398;18.175917806743104;18.68373486813436;19.22074331478618;19.789534691877073;20.393016661323514;21.034462717777934;21.717571591997284;22.446538617730706
985,Na_JVASP-25651_Na3Ca2BiO6.json,3.890458583831787,2.154524803161621;2.180149555206299;2.0022454261779785;2.035144805908203;2.0271778106689453;2.070679187774658;2.002058982849121;2.0798230171203613;4.0661725997924805;4.224250793457031;4.130162000656128;4.975075960159302;4.393966913223267;4.853205919265747;4.407207250595093;4.140086889266968;6.982027769088745;5.380707025527954;4.904797315597534;4.115127801895142;5.9388110637664795;5.0002710819244385;4.763031482696533;4.544300556182861,6.982027769088745,33.938761056855725,33.93876105685572;33.938761056855725;33.93876105685572;33.938761056855725;33.938761056855725;33.938761056855725;33.938761056855725;33.938761056855725;33.93876105685572;33.93876105685572;33.938761056855725;33.938761056855725;33.938761056855725;33.938761056855725;33.938761056855725;33.93876105685572;33.938761056855725;33.93876105685572;33.93876105685572;33.938761056855725;33.938761056855725;33.938761056855725;33.938761056855725;33.938761056855725,8.634352742637002,7.377603213679213;7.424588676232281;7.472176443738701;7.520378172296305;7.569205820721654;7.618671660441605;7.668788285775254;7.719568624624412;7.771025949591621;7.823173889545835;7.8760264416569115;7.929597983921252;7.983903288202118;8.038957533809485;8.094776321645647;8.151375688944256;8.20877212463208;8.266982585344328;8.326024512126292;8.385915847855795;8.446675055423052;8.508321136706614;8.570873652386373;8.634352742637002
986,K_JVASP-21101_KCaF3.json,5.514466047286987,2.0605356693267822;2.091460943222046;2.1176154613494873;2.1107122898101807;2.8967695236206055;2.8762598037719727;2.4393973350524902;3.2536215782165527;20.885631799697876;16.970949411392212;8.177758693695068;5.578830718994141;2.760896682739258;3.517514705657959;3.5390045642852783;6.954497575759888,20.885631799697876,33.09555339262036,33.09555339262035;33.09555339262035;33.09555339262035;33.09555339262035;33.09555339262035;33.09555339262035;33.09555339262035;33.09555339262035;33.09555339262036;33.09555339262035;33.095553392620346;33.095553392620346;33.09555339262035;33.09555339262036;33.09555339262035;33.09555339262035,16.832250304158602,12.301344018216309;12.526129647117555;12.75928331885545;13.001281168724624;13.2526361526923;13.513901676854466;13.78567566483735;14.06860512606132;14.363391298330791;14.670795450791928;14.991645448353761;15.326843196751435;15.677373109235663;16.044311762270915;16.428838939717608;16.832250304158602
987,Ca_JVASP-71201_CaBeCr2.json,0.9147863388061523,-0.8827810287475586;-0.9249143600463867;1.1591622829437256;1.1253702640533447;2.1232714653015137;2.118000030517578;-0.013876199722290039;0.0735633373260498;1.038975715637207;1.356198787689209;1.3562979698181152;1.6854362487792969;0.7651734352111816;0.0345911979675293;0.23898983001708984;0.7779073715209961;2.0008797645568848;2.433907985687256,2.433907985687256,39.417590827075024,39.41759082707502;39.417590827075024;39.417590827075024;39.41759082707502;39.41759082707502;39.417590827075024;39.417590827075024;39.41759082707502;39.417590827075024;39.417590827075024;39.417590827075024;39.417590827075024;39.417590827075024;39.417590827075024;39.41759082707502;39.41759082707502;39.417590827075024;39.417590827075024,12.921626937301685,9.726600587704436;9.870160283644974;10.0180212001545;10.170379581678306;10.327443795308339;10.48943528153421;10.656589595898321;10.829157551859561;11.007406476526777;11.191621592484736;11.382107540735475;11.579190061859126;11.783217854909186;11.994564636357508;12.213631424664705;12.440849079858124;12.676681131955327;12.921626937301685
988,Ca_JVASP-97604_CaCuH4C4O8.json,6.822783470153809,6.2929205894470215;6.2865471839904785;6.412446022033691;6.380541801452637;7.2399725914001465;7.341333866119385;7.26100492477417;7.3675007820129395,7.3675007820129395,28.51318926963568,28.513189269635674;28.513189269635674;28.51318926963568;28.513189269635678;28.513189269635674;28.513189269635674;28.513189269635674;28.513189269635678,13.47482472791665,11.809160589710851;12.021447409698492;12.241506271502804;12.469771947693756;12.706712255598529;12.952831257556017;13.208672840435863;13.47482472791665
989,Li_JVASP-157034_Yb2LiCa.json,0.9379875659942627,-0.1555187702178955;-0.12669587135314941;4.931748628616333;1.8115875720977783;0.7717463970184326;0.43575167655944824;0.6180295944213867;-0.7827486991882324,4.931748628616333,39.20748279769634,39.20748279769633;39.207482797696336;39.207482797696336;39.207482797696336;39.20748279769633;39.207482797696336;39.20748279769634;39.207482797696336,8.656236057079912,8.522497310191298;8.541349274108654;8.560284824894714;8.579304519702696;8.598408920648485;8.617598594866033;8.636874114563451;8.656236057079912
990,Ca_JVASP-3726_CaHI.json,6.5920398235321045,3.241463541984558;4.654176354408264;5.965198397636414;6.521646618843079;6.868724703788757;6.842988610267639;7.910159945487976;10.731960415840149,10.731960415840149,78.78641038842056,78.78641038842055;78.78641038842055;78.78641038842055;78.78641038842055;78.78641038842056;78.78641038842055;78.78641038842055;78.78641038842055,25.204113220390706,19.94271679043398;20.555722195129707;21.20760822444391;21.90219510716896;22.643820495789047;23.437430138553648;24.288688311057886;25.204113220390706
991,Ca_JVASP-87325_Ca2CrO8.json,7.820232629776001,7.431242942810059;7.106194496154785;7.543328762054443;7.226381778717041;7.22128963470459;6.676486015319824;7.421451568603516;7.287065505981445;7.918522357940674;7.905429363250732;7.710041046142578;7.8891448974609375;8.637678146362305;9.316239356994629;8.660504817962646;9.17272138595581,9.316239356994629,37.34957161548081,37.349571615480805;37.34957161548081;37.349571615480805;37.34957161548081;37.34957161548081;37.34957161548081;37.349571615480805;37.349571615480805;37.34957161548081;37.34957161548081;37.34957161548081;37.349571615480805;37.34957161548081;37.349571615480805;37.34957161548081;37.349571615480805,18.10900624693151,12.878031677203216;13.13089809845273;13.393893722084824;13.667639613398071;13.952808670666066;14.250131147720344;14.56040089799629;14.884482452448989;15.223319064216993;15.577941877674759;15.949480409592814;16.33917456681701;16.748388469841263;17.17862640700628;17.631551312551125;18.10900624693151
992,Ca_JVASP-88978_CaB2C2.json,4.966379165649414,2.7458949089050293;2.209444522857666;2.2885403633117676;1.8993849754333496;2.3832459449768066;2.0616917610168457;2.22568416595459;2.0685062408447266;2.0895886421203613;2.0768399238586426;2.4808969497680664;2.439645767211914;1.8503837585449219;2.2249956130981445;2.366654396057129;2.4720706939697266;1.9913339614868164;2.0636072158813477;4.536094665527344;4.726812362670898;7.2190985679626465;6.6777663230896;9.654499530792236;8.5905442237854;6.060184001922607;5.575222492218018;8.958253860473633;7.872154235839844;10.517369747161865;8.693837642669678;8.10935926437378;6.6780524253845215;9.399717807769775;7.8561177253723145;9.884850978851318;7.841304302215576,10.517369747161865,22.939047667927415,22.939047667927408;22.939047667927415;22.93904766792741;22.93904766792741;22.93904766792741;22.939047667927408;22.93904766792741;22.93904766792741;22.93904766792741;22.939047667927415;22.93904766792741;22.939047667927408;22.93904766792741;22.93904766792741;22.93904766792741;22.93904766792741;22.93904766792741;22.93904766792741;22.93904766792741;22.93904766792741;22.93904766792741;22.93904766792741;22.939047667927408;22.93904766792741;22.93904766792741;22.939047667927408;22.939047667927415;22.93904766792741;22.939047667927408;22.939047667927415;22.939047667927408;22.93904766792741;22.93904766792741;22.93904766792741;22.93904766792741;22.939047667927408,15.922551146652081,8.68494440552998;8.79922132545165;8.916545665996914;9.037040972728091;9.160837560909746;9.288072985632667;9.418892551667188;9.553449867018733;9.691907444619273;9.834437357109895;9.981221950261371;10.132454621252053;10.288340668787756;10.449098222921492;10.61495926342873;10.786170736736484;10.962995782715906;11.14571508415594;11.334628353473647;11.53005597322452;11.732340809300775;11.941850218403971;12.15897827451818;12.384148242773145;12.617815333372084;12.860469773285862;13.112640239329206;13.374897703213406;13.647859747430326;13.932195420631896;14.228630712856996;14.53795474493218;14.861026783142089;15.198784210465162;15.552251610097768;15.922551146652081
993,Na_JVASP-112882_NaCaSiO4.json,3.3703932762145996,2.8283424377441406;2.846652030944824;3.0866127014160156;2.934401512145996;3.3877439498901367;3.435305595397949;3.7315444946289062;3.85394287109375;3.8471240997314453;3.437908172607422;4.24163818359375;3.861043930053711;3.4444594383239746;3.3019347190856934;2.9653167724609375;2.7223215103149414,4.24163818359375,30.134411168653383,30.13441116865338;30.134411168653376;30.134411168653372;30.134411168653376;30.134411168653376;30.13441116865338;30.134411168653372;30.134411168653383;30.134411168653376;30.13441116865338;30.13441116865338;30.134411168653376;30.13441116865338;30.134411168653376;30.13441116865338;30.134411168653376,12.53830955051428,10.796540121514969;10.897462106649519;11.000288656242825;11.105074197271346;11.211875250478153;11.320750532032752;11.431761061172105;11.544970274237514;11.66044414555512;11.778251315644084;11.898463227275881;12.021154269951479;12.146401933410301;12.274286970836624;12.404893572485731;12.53830955051428
994,Ca_JVASP-98203_CaSc2S4.json,6.307102203369141,3.2140798568725586;4.079290390014648;4.428132057189941;4.352640151977539;5.784062385559082;6.217591285705566;5.373480796813965;7.862668037414551;9.70612382888794;7.975860118865967;8.949372291564941;7.741925239562988,9.70612382888794,25.61589515164033,25.615895151640327;25.615895151640323;25.61589515164032;25.615895151640327;25.615895151640327;25.615895151640323;25.61589515164032;25.615895151640323;25.61589515164032;25.615895151640327;25.61589515164033;25.615895151640327,10.08279567305869,8.648434858536797;8.76174674147305;8.878067270647037;8.99751788622164;9.12022665319687;9.24632871940598;9.375966812039541;9.509291776532576;9.646463162092283;9.787649858644901;9.933030790547896;10.08279567305869
995,Ca_JVASP-71140_CaBe2Tc.json,0.9229927062988281,-0.9455046653747559;-0.8663034439086914;-0.17395496368408203;0.5231242179870605;-0.3822672367095947;0.39660191535949707;1.1190335750579834;0.242051362991333;0.5949742794036865;0.8249447345733643;4.883036375045776;4.86017632484436,4.883036375045776,66.65314565841935,66.65314565841935;66.65314565841935;66.65314565841935;66.65314565841935;66.65314565841935;66.65314565841935;66.65314565841935;66.65314565841933;66.65314565841935;66.65314565841933;66.65314565841935;66.65314565841935,18.711278842310644,14.307642260258099;14.62044894350484;14.947239073794655;15.288971744780362;15.646695811777722;16.021560644352167;16.414828462513924;16.82788853546918;17.262273579479658;17.719678762724953;18.20198381388074;18.711278842310644
996,Ca_JVASP-88374_Ba2CaB6O12.json,7.014458179473877,5.738077640533447;6.276377201080322;6.357697010040283;7.417166233062744;6.655044078826904;7.5954108238220215;7.559881210327148;8.516011238098145,8.516011238098145,21.18339092787618,21.183390927876175;21.183390927876175;21.18339092787618;21.18339092787618;21.18339092787617;21.183390927876175;21.183390927876175;21.183390927876175,6.2442578977135055,5.861160064400773;5.912984859163378;5.965734306826024;6.019433376486194;6.0741079444195245;6.129784835656998;6.186491867869911;6.2442578977135055
997,Li_JVASP-10004_LiCa4B3N6.json,1.388918161392212,1.6539661884307861;1.4771149158477783;1.6918566226959229;1.3828794956207275;1.4003055095672607;1.2137200832366943;1.2920925617218018;0.9994099140167236,1.6918566226959229,31.128700725582046,31.128700725582043;31.128700725582046;31.128700725582046;31.128700725582046;31.128700725582046;31.128700725582043;31.12870072558204;31.128700725582046,12.066094303700632,11.807810382470453;11.844029017465315;11.880470526231033;11.917136972319492;11.95403044483623;11.991153058837206;12.028506955733013;12.066094303700632
998,Ca_JVASP-95309_Li2Ca2Ta3O10.json,7.241006374359131,3.3240036964416504;3.366443157196045;3.4171195030212402;4.36740779876709;4.669157028198242;5.502282619476318;5.778527736663818;7.668877124786377;12.70870065689087;5.880965709686279;6.625071048736572;7.23854923248291;8.270411491394043;8.985283851623535;9.314990997314453;11.641273021697998;11.31540822982788;10.263641834259033,12.70870065689087,23.825661927271906,23.825661927271902;23.825661927271902;23.825661927271902;23.825661927271906;23.825661927271906;23.825661927271906;23.825661927271906;23.825661927271906;23.825661927271902;23.8256619272719;23.825661927271906;23.825661927271906;23.8256619272719;23.825661927271902;23.825661927271902;23.8256619272719;23.825661927271906;23.825661927271902,4.129305175311565,3.7370227222114485;3.758023358614465;3.779261359984184;3.8007407735085006;3.82246573890992;3.8444404911053933;3.8666693629584272;3.8891567881272264;3.911907304012806;3.9349255548111777;3.958216294673942;3.9817843909817814;4.005634827735614;4.029772709070345;4.05420326289644;4.078931844674762;4.103963941330413;4.129305175311565
999,K_JVASP-105785_KCa3.json,0.6081054210662842,1.397512674331665;1.0693557262420654;0.5474522113800049;0.388263463973999;0.1786971092224121;0.5007500648498535;0.22284412384033203;0.5599679946899414,1.397512674331665,30.41651886265924,30.416518862659235;30.416518862659235;30.41651886265924;30.416518862659235;30.416518862659235;30.416518862659235;30.416518862659238;30.416518862659235,26.77550109240115,21.026403121896116;21.691766641793553;22.400616017252794;23.157358393548012;23.967017270242433;24.835344154005377;25.768955394972128;26.77550109240115
