,name,avg_voltage,voltage_profile,max_voltage,max_vol_cap,vol_capacity_profile,max_grav_cap,grav_capacity_profile
0,Na_JVASP-23351_Na2MgAlF7.json,6.276258826255798,3.112258195877075;3.1583621501922607;3.1070950031280518;3.1828763484954834;3.3430678844451904;3.3554527759552;3.3477511405944824;3.37971830368042;3.7391626834869385;3.736588716506958;3.8098368644714355;3.8715991973876953;4.1661036014556885;4.227140665054321;4.919562339782715;5.92099142074585;23.62201476097107;18.465821504592896;14.90034031867981;9.592689275741577;8.789339780807495;6.475401163101196;5.816390514373779;5.121938228607178;6.5210795402526855;6.6105217933654785;5.773041486740112;5.731592416763306;5.9168829917907715;6.073449611663818;5.3888936042785645;5.663318157196045,23.62201476097107,21.17818901316562,21.178189013165618;21.178189013165618;21.178189013165618;21.17818901316562;21.17818901316562;21.178189013165618;21.17818901316562;21.17818901316562;21.178189013165618;21.178189013165618;21.178189013165618;21.178189013165618;21.17818901316562;21.17818901316562;21.178189013165618;21.178189013165618;21.178189013165618;21.178189013165618;21.178189013165618;21.17818901316562;21.178189013165614;21.178189013165618;21.17818901316562;21.178189013165618;21.178189013165618;21.178189013165614;21.178189013165618;21.17818901316562;21.17818901316562;21.17818901316562;21.178189013165618;21.178189013165614,9.019829555740131,7.274948712363653;7.320631679811997;7.366892004239188;7.413740700502668;7.461189065442753;7.509248686964283;7.55793145347155;7.607249563672598;7.6572155367699235;7.707842223055432;7.759142814928485;7.8111308583569015;7.863820264801799;7.917225323628356;7.971360715025732;8.026241523460685;8.081883251690803;8.13830183536467;8.19551365823787;8.253535568035337;8.31238489299232;8.372079459108063;8.43263760814831;8.494078216434792;8.556420714462174;8.619685107385244;8.68389199642175;8.749062601218974;8.815218783235053;8.882383070189192;8.95057868163816;9.019829555740131
1,Ca_JVASP-68306_CaMgBe.json,2.099472999572754,1.0985153913497925;0.9182268381118774;0.5382481813430786;1.1261504888534546;1.3403146266937256;1.657731294631958;1.935511827468872;2.411442995071411;3.0229859352111816;0.9133110046386719;3.79177188873291;6.439465522766113,6.439465522766113,53.29777135409464,53.297771354094635;53.297771354094635;53.297771354094635;53.297771354094635;53.29777135409464;53.297771354094635;53.29777135409464;53.297771354094635;53.297771354094635;53.297771354094635;53.297771354094635;53.297771354094635,60.928495126597035,30.430563958443383;31.88131702433883;33.47732186333996;35.24154233310803;37.20205226869161;39.39354056826414;41.85938154444021;44.65453475977301;47.84968980959046;51.5373276637236;55.840818828158156;60.928495126597035
2,Na_JVASP-81204_NaSr2Mg.json,0.5012118816375732,0.5012118816375732,0.5012118816375732,282.78068621372336,282.78068621372336,120.4372757022462,120.4372757022462
3,Li_JVASP-154622_Li2MgIr.json,1.315189242362976,-0.6736817359924316;0.2954545021057129;0.2423386573791504;0.2822756767272949;0.17436790466308594;0.2600274085998535;0.20560145378112793;0.20426249504089355;0.30255818367004395;0.28812241554260254;0.2874159812927246;0.17479324340820312;0.36380887031555176;0.3833353519439697;0.2598264217376709;0.18664908409118652;7.082434415817261;6.297984838485718;2.172677755355835;1.8502109050750732;5.461175918579102;5.798792123794556;1.3403947353363037;1.4723882675170898;1.978954792022705;1.830634593963623;1.2049970626831055;1.1174001693725586;0.9868893623352051;0.9748475551605225;0.8305188417434692;0.7625175714492798;0.5345004796981812;1.7450982332229614;1.5722887516021729;1.4884483814239502;1.2064151763916016;1.1454131603240967;0.9327633380889893;0.5840091705322266;0.4735445976257324;1.337040662765503;0.26400744915008545;0.7604602575302124;0.27032017707824707;0.6993484497070312;1.1085999011993408;1.804255485534668;1.4033913612365723;1.2623481750488281;2.139304280281067;1.441982626914978;2.0651804208755493;2.0501002073287964;0.9517221450805664;1.2932629585266113;0.6991609334945679;0.34573328495025635;0.614750862121582;3.469728469848633;0.9580346345901489;2.18746554851532;1.805535078048706;1.1579220294952393,7.082434415817261,23.66099549925256,23.660995499252557;23.660995499252557;23.660995499252557;23.660995499252557;23.660995499252557;23.660995499252557;23.660995499252557;23.660995499252557;23.660995499252554;23.660995499252557;23.660995499252557;23.66099549925256;23.660995499252557;23.660995499252557;23.660995499252557;23.660995499252557;23.660995499252557;23.660995499252557;23.660995499252557;23.660995499252557;23.660995499252557;23.660995499252557;23.660995499252557;23.66099549925256;23.66099549925256;23.660995499252557;23.660995499252557;23.660995499252557;23.660995499252557;23.660995499252557;23.660995499252557;23.660995499252554;23.66099549925256;23.660995499252554;23.660995499252557;23.660995499252557;23.660995499252557;23.660995499252557;23.660995499252557;23.660995499252557;23.66099549925256;23.660995499252557;23.660995499252554;23.660995499252557;23.660995499252554;23.660995499252557;23.660995499252557;23.660995499252557;23.660995499252557;23.660995499252557;23.660995499252557;23.660995499252557;23.660995499252557;23.66099549925256;23.660995499252557;23.660995499252554;23.660995499252557;23.660995499252557;23.660995499252557;23.660995499252557;23.660995499252554;23.660995499252557;23.660995499252557;23.660995499252557,3.864309860310196,3.635120451618558;3.638545840647167;3.6419776912810584;3.645416021821112;3.6488608506373863;3.652312196169442;3.65577007692667;3.6592345114886253;3.662705518505358;3.6661831166977485;3.6696673248578437;3.6731581618491944;3.676655646607198;3.6801597981394396;3.683670635526037;3.687188177919986;3.690712444547509;3.6942434547084058;3.6977812277764053;3.7013257831995205;3.7048771405004057;3.708435319276711;3.712000339201447;3.7155722200233474;3.7191509815672283;3.7227366437343634;3.726329226502845;3.7299287499279603;3.7335352341425616;3.7371486993574425;3.7407691658617166;3.7443966540231957;3.7480311842887732;3.7516727771848064;3.7553214533175043;3.7589772333733156;3.762640138119321;3.7663101884036245;3.7699874051557507;3.7736718093870403;3.7773634221910526;3.7810622647439676;3.78476835830499;3.788481724216758;3.792202383905751;3.7959303588827025;3.799665670743016;3.80340834116718;3.8071583919211887;3.810915844856964;3.8146807219127785;3.8184530451136847;3.8222328365719416;3.8260201184874507;3.8298149131481862;3.8336172429306363;3.8374271303002407;3.8412445978118313;3.8450696681100816;3.8489023639299527;3.8527427080971415;3.8565907235285377;3.8604464332326756;3.864309860310196
4,Na_JVASP-93086_NaSrMg6.json,0.09739327430725098,0.5459616184234619;0.14236235618591309;0.31010007858276367;-0.05032491683959961;0.03127431869506836;-0.17853879928588867;0.15343570709228516;-0.1751241683959961,0.5459616184234619,25.026723790066416,25.026723790066416;25.026723790066416;25.026723790066413;25.026723790066413;25.026723790066413;25.02672379006641;25.026723790066416;25.026723790066413,14.17625430783856,13.064218469487498;13.21227820119441;13.363732391671636;13.518699128033303;13.67730203903918;13.839670624029871;14.005940605572981;14.17625430783856
5,K_JVASP-143849_KMg3GaSi3H2O12.json,3.3087143898010254,2.698798656463623;2.9549946784973145;3.4103784561157227;4.170685768127441,4.170685768127441,44.39553140069918,44.39553140069917;44.39553140069917;44.39553140069918;44.39553140069918,15.557734901533925,14.565975614421454;14.882207762056728;15.21247563902722;15.557734901533925
6,Li_JVASP-147322_Sr2LiMgSi3.json,0.7885849475860596,0.5526535511016846;0.5797393321990967;0.9425802230834961;1.079366683959961,1.079366683959961,69.56348098358099,69.56348098358099;69.56348098358099;69.56348098358099;69.56348098358099,23.465877300479804,23.045720320482136;23.184090849893135;23.324133017759397;23.465877300479804
7,Na_JVASP-157362_NaMg2Zn.json,0.5402946472167969,-0.09179353713989258;-0.06065511703491211;0.9881699085235596;1.9220569133758545;0.17627906799316406;1.1417741775512695;0.24544429779052734;0.0010814666748046875,1.9220569133758545,66.58101675220038,66.58101675220038;66.58101675220037;66.58101675220037;66.58101675220038;66.58101675220037;66.58101675220038;66.58101675220038;66.58101675220038,28.66034032652242,24.452341173083838;24.97621029771237;25.523017690959417;26.094303646083635;26.69174952036516;27.317194262263293;27.972653317927232;28.66034032652242
8,Li_JVASP-93189_LiMg6B.json,0.7020244598388672,0.6056392192840576;0.649165153503418;0.9509263038635254;0.4676549434661865;0.6959741115570068;0.8310511112213135;0.5444135665893555;0.625208854675293;0.9025120735168457;0.5105652809143066;0.5735139846801758;1.0676689147949219,1.0676689147949219,23.641756797917115,23.641756797917115;23.64175679791711;23.641756797917115;23.64175679791711;23.64175679791711;23.64175679791711;23.641756797917115;23.64175679791711;23.64175679791711;23.64175679791711;23.64175679791711;23.64175679791711,14.205985669237794,13.653438520696609;13.701887617558054;13.750681781205452;13.799824711293816;13.849320160555962;13.899171935757797;13.949383898674315;13.999959967086822;14.050904115801943;14.102220377692946;14.15391284476398;14.205985669237794
9,Li_JVASP-145389_LiMgCoF6.json,5.871347188949585,6.012342691421509;6.052783250808716;5.605573892593384;5.554827928543091;6.2570648193359375;6.457250118255615;5.759371519088745;5.271563291549683,6.457250118255615,60.20827595300513,60.20827595300511;60.20827595300511;60.20827595300511;60.20827595300511;60.20827595300513;60.208275953005106;60.20827595300512;60.208275953005106,16.91190697848891,16.408833328436042;16.478860749577404;16.549488439764065;16.620724150400353;16.692575766928268;16.765051311737352;16.83815894715061;16.91190697848891
10,Li_JVASP-15827_LiMgSnPd.json,0.6294256448745728,0.4724990129470825;0.4624279737472534;0.40900444984436035;0.7625415325164795;0.6615400314331055;0.8128299713134766;0.9724173545837402;0.482144832611084,0.9724173545837402,80.99389754691258,80.99389754691258;80.99389754691255;80.99389754691256;80.99389754691256;80.99389754691256;80.99389754691256;80.99389754691256;80.99389754691256,13.384538696463487,13.06746797726343;13.111840933350575;13.156516269053121;13.201497085788295;13.24678652753257;13.292387781554217;13.338304079161002;13.384538696463487
11,Ca_JVASP-94735_CaMg6Ti.json,0.8680890798568726,1.260446548461914;1.2259652614593506;0.3098827600479126;0.676061749458313,1.260446548461914,59.43321428385173,59.43321428385173;59.433214283851726;59.43321428385173;59.433214283851726,32.890660993477596,28.66162053375159;29.945053150772953;31.348815081585595;32.890660993477596
12,Ca_JVASP-94730_CaMg6V.json,0.41388368606567383,0.8577873706817627;0.400496244430542;0.691972017288208;0.2564504146575928;0.6410644054412842;0.21672964096069336;0.24982810020446777;-0.0032587051391601562,0.8577873706817627,30.545836343345254,30.54583634334525;30.545836343345254;30.545836343345254;30.545836343345247;30.545836343345247;30.545836343345247;30.545836343345247;30.545836343345254,16.60305489305319,14.144784642310366;14.450434708193436;14.769585901948107;15.103152981474365;15.452135252392708;15.817626567133917;16.2008267774656;16.60305489305319
13,Na_JVASP-9790_Na2MgSiO4.json,4.093244552612305,1.583120346069336;1.8178024291992188;2.190333366394043;2.4135046005249023;7.6137847900390625;8.609725952148438;4.75394868850708;2.6033358573913574;2.708961009979248;3.146141529083252;3.4669227600097656;3.941549301147461;4.585908889770508;4.74676513671875;5.393237113952637;5.916871070861816,8.609725952148438,54.112706486195336,54.11270648619533;54.11270648619533;54.112706486195336;54.11270648619533;54.11270648619533;54.11270648619532;54.11270648619532;54.11270648619533;54.11270648619533;54.11270648619533;54.11270648619533;54.112706486195336;54.112706486195314;54.11270648619533;54.11270648619533;54.11270648619533,28.091011335843405,20.633330630727187;21.00509677580274;21.390505506742993;21.790321816455712;22.205368982098108;22.636534223650344;23.08477503478372;23.551126281093893;24.036708176450958;24.542735266870867;25.07052657357527;25.62151707357321;26.197270728157513;26.799495308400715;27.43005931362117;28.091011335843405
14,Li_JVASP-104725_LiMgIn2.json,0.6134488582611084,0.5935173034667969;0.4191899299621582;0.6073060035705566;0.8274059295654297;0.46904993057250977;1.0206737518310547;0.5728198289871216;0.39762818813323975,1.0206737518310547,60.53405687914671,60.5340568791467;60.534056879146696;60.53405687914669;60.53405687914671;60.5340568791467;60.534056879146696;60.534056879146696;60.5340568791467,13.147848390684926,12.841764361431178;12.88461520690496;12.927752982195951;12.97118057891395;13.014900927654315;13.058916998657203;13.103231802480241;13.147848390684926
15,Li_JVASP-40998_LiMgTl2.json,0.8497090339660645,0.48030197620391846;0.49681150913238525;1.144745111465454;1.342320442199707;0.6431739330291748;0.6321141719818115;0.8239960670471191;1.2342090606689453,1.342320442199707,60.167299910380116,60.167299910380116;60.167299910380116;60.167299910380116;60.167299910380116;60.16729991038011;60.167299910380116;60.167299910380116;60.167299910380116,7.720401791607774,7.613839172193908;7.628881943005015;7.643984271920256;7.659146513349444;7.674369024519946;7.689652165504736;7.704996299250779;7.720401791607774
16,Li_JVASP-107052_Li2MgHg.json,0.7205014228820801,0.332597017288208;0.2796347141265869;0.27760839462280273;0.8565049171447754;0.30042827129364014;0.24197328090667725;0.4902909994125366;0.5874451398849487;0.7953171730041504;0.9507246017456055;0.5339181423187256;0.7478330135345459;0.8547608852386475;1.0185744762420654;1.863306999206543;1.3971047401428223,1.863306999206543,76.01740122268129,76.01740122268127;76.01740122268127;76.01740122268127;76.01740122268127;76.01740122268127;76.01740122268129;76.01740122268129;76.01740122268129;76.01740122268127;76.01740122268129;76.01740122268127;76.01740122268129;76.01740122268129;76.01740122268127;76.01740122268127;76.01740122268127,14.839414496260789,14.030602487420852;14.081770296521054;14.133312676517486;14.185233755555943;14.237537722667621;14.290228828895756;14.343311388447372;14.396789779870808;14.450668447259652;14.504951901483865;14.559644721448707;14.614751555382272;14.670277122152378;14.726226212613584;14.782603690985157;14.839414496260789
17,Ca_JVASP-94732_CaMg6V.json,0.6867802143096924,0.7434148788452148;0.9215526580810547;0.8046896457672119;0.583599328994751;0.6129302978515625;0.4544944763183594,0.9215526580810547,39.84217074566341,39.84217074566341;39.8421707456634;39.84217074566341;39.84217074566341;39.84217074566341;39.84217074566341,21.95570383483597,18.859712856413818;19.407033039452102;19.987069797337178;20.602847003190274;21.257773023244336;21.95570383483597
18,Li_JVASP-35164_Li4Ca2MgSi2N6.json,1.843123197555542,1.013899564743042;0.9671294689178467;0.9565713405609131;0.994617223739624;0.8535501956939697;0.9002277851104736;0.9915335178375244;0.9612934589385986;1.2801125049591064;1.2228214740753174;1.064892053604126;1.074718713760376;1.2017552852630615;0.9766004085540771;1.0225417613983154;1.0467803478240967;1.9265062808990479;1.8559420108795166;2.0583298206329346;2.3784115314483643;1.9141695499420166;1.8715593814849854;1.8066074848175049;2.389594316482544;2.830820322036743;2.9210731983184814;2.9239675998687744;3.73893666267395;3.0939691066741943;3.401723623275757;4.079980134963989;3.2593061923980713,4.079980134963989,34.423977701386605,34.423977701386605;34.423977701386605;34.423977701386605;34.4239777013866;34.423977701386605;34.423977701386605;34.423977701386605;34.4239777013866;34.4239777013866;34.4239777013866;34.423977701386605;34.4239777013866;34.4239777013866;34.4239777013866;34.423977701386605;34.423977701386605;34.4239777013866;34.4239777013866;34.4239777013866;34.423977701386605;34.423977701386605;34.423977701386605;34.423977701386605;34.4239777013866;34.423977701386605;34.4239777013866;34.423977701386605;34.4239777013866;34.423977701386605;34.4239777013866;34.423977701386605;34.4239777013866,13.644162083030272,12.297136614513375;12.336424308809988;12.375963845486647;12.415757653873511;12.455808194646712;12.496117960335555;12.53668947583963;12.577525298955997;12.618628020916718;12.660000266936992;12.70164469677405;12.74356400529718;12.785760923069041;12.828238216938557;12.870998690645697;12.914045185438383;12.957380580701795;13.001007794600431;13.044929784733132;13.08914954880147;13.133670125291772;13.178494594171076;13.22362607759743;13.269067740644813;13.314822792043058;13.360894484933139;13.407286117638186;13.454001034450634;13.501042626435872;13.548414332252811;13.596119638991796;13.644162083030272
19,K_JVASP-3774_K2MgCl4.json,4.740575551986694,2.181711435317993;2.6829047203063965;3.6160107851028442;4.9978543519973755;8.812812089920044;5.586251497268677;5.081756293773651;4.9653032422065735,8.812812089920044,59.104460047644004,59.104460047644;59.104460047644004;59.104460047644;59.104460047644;59.104460047644004;59.10446004764399;59.104460047644;59.104460047644,38.09375372457593,27.42528594510407;28.568253578600736;29.810632154140823;31.16598091085814;32.650442439125044;34.283388686149095;36.08827101912641;38.09375372457593
20,Na_JVASP-64767_BaNaMg.json,-0.019264698028564453,-0.49500465393066406;-0.19680452346801758;-0.32654690742492676;-0.09870076179504395;-0.1602647304534912;-0.0876009464263916;1.02095365524292;0.1898512840270996,1.02095365524292,37.29155938798583,37.29155938798583;37.29155938798582;37.29155938798582;37.29155938798583;37.29155938798582;37.29155938798582;37.29155938798582;37.29155938798583,20.36515901401668,18.14620877702645;18.43312874494758;18.729267788596957;19.035077492550815;19.35103942466973;19.677667666553766;20.01551160466842;20.36515901401668
21,Li_JVASP-79622_LiMg2Si.json,-0.09119361639022827,0.3627028465270996;0.3809851408004761;-0.47756683826446533;-1.144078016281128;0.054514169692993164;0.24368441104888916;-0.226263165473938;0.07647252082824707,0.3809851408004761,76.8445934930442,76.8445934930442;76.8445934930442;76.8445934930442;76.8445934930442;76.8445934930442;76.84459349304419;76.8445934930442;76.84459349304419,43.19301433688868,40.05649650737284;40.476388861620855;40.90517751730149;41.343148231846826;41.79059913353403;42.24784139824919;42.7151999711706;43.19301433688868
22,Li_JVASP-76930_Li2MgGa.json,0.3413679599761963,-0.8578770160675049;1.5406129360198975,1.5406129360198975,43.63350685006394,43.63350685006393;43.63350685006394,265.44267409909094,248.36883848680483;265.44267409909094
23,K_JVASP-3690_KMgH3.json,1.6875898838043213,0.4815027713775635;0.685145378112793;0.6761946678161621;1.574369192123413;1.2639400959014893;1.5446691513061523;2.076932907104492;1.9443142414093018;1.1051366329193115;0.9182205200195312;1.2686853408813477;1.326172113418579;1.3048813343048096;1.828228235244751;2.0248663425445557;1.6178464889526367;2.0573644638061523;2.5381884574890137;1.6034283638000488;1.8047685623168945;1.5508241653442383;1.452251672744751;2.163856267929077;2.461428642272949;1.472848892211914;2.748866558074951;4.069995403289795,4.069995403289795,25.848239874914498,25.84823987491449;25.84823987491449;25.848239874914494;25.848239874914494;25.848239874914494;25.84823987491449;25.848239874914494;25.848239874914494;25.848239874914494;25.84823987491449;25.848239874914494;25.84823987491449;25.848239874914498;25.848239874914494;25.848239874914494;25.84823987491449;25.848239874914494;25.848239874914498;25.848239874914498;25.84823987491449;25.848239874914494;25.848239874914494;25.848239874914494;25.848239874914494;25.848239874914494;25.848239874914494;25.848239874914494,34.494586941543695,14.943406515575719;15.276426629726;15.62462805303288;15.989073099344697;16.37092556360461;16.77146313623463;17.19209168563729;17.634361745218897;18.099987612398838;18.59086955547478;19.109119734798835;19.65709258384545;20.237420571843398;20.853056493947424;21.507323722566163;22.203976224957646;22.94727063562337;23.74205330614101;24.593866093939404;25.509075771331457;26.495033445472746;27.56027243541942;28.714755882900914;29.97018931760813;31.340418964927974;32.84194455168544;34.494586941543695
24,Na_JVASP-106565_Na3Mg.json,0.4149850209554036,1.9399406909942627;0.8446509838104248;0.146467924118042;0.01802849769592285;0.09135985374450684;-0.034410715103149414;-0.016226768493652344;0.02862405776977539;-0.03505754470825195;0.20709657669067383;0.5251357555389404;-0.27248167991638184;2.8726437091827393;0.25545716285705566;-0.07929754257202148;0.005906105041503906;-0.11347055435180664;-0.006344795227050781;0.01725482940673828;2.1708245277404785;-0.5408406257629395;-0.25063467025756836;-0.10463571548461914;2.2896504402160645,2.8726437091827393,43.67805290260779,43.67805290260779;43.67805290260778;43.67805290260778;43.67805290260778;43.67805290260778;43.67805290260778;43.67805290260779;43.67805290260778;43.67805290260778;43.67805290260778;43.67805290260778;43.67805290260778;43.67805290260779;43.67805290260778;43.67805290260779;43.678052902607774;43.67805290260779;43.67805290260779;43.67805290260778;43.67805290260778;43.67805290260778;43.67805290260778;43.67805290260779;43.67805290260778,123.26500391304242,35.9175559456919;37.05932995764589;38.276078438720816;39.57543686613378;40.96611395687722;42.45808710301526;44.06284212726787;45.79366954546371;47.66603350862049;49.69803511296525;51.910999492140895;54.33022707226892;56.98596516145113;59.91467914017301;63.16073687506063;66.77867204606463;70.83627261832557;75.41886812505244;80.63539619201747;86.62717377490796;93.5808928947121;101.74842180364733;111.47796689752997;123.26500391304242
25,Li_JVASP-110220_Li2MgCdP2.json,1.560931921005249,0.9109721183776855;0.9034647941589355;0.8842741250991821;0.8420118093490601;1.160214900970459;1.0813183784484863;1.3757126331329346;1.3150489330291748;1.3107101917266846;1.4061503410339355;1.5395784378051758;1.7954046726226807;1.7628939151763916;2.268540620803833;2.743972063064575;3.67464280128479,3.67464280128479,50.03577317170632,50.03577317170631;50.03577317170631;50.03577317170632;50.03577317170632;50.03577317170631;50.03577317170631;50.03577317170631;50.03577317170632;50.03577317170631;50.03577317170632;50.03577317170631;50.03577317170631;50.03577317170632;50.03577317170632;50.03577317170631;50.03577317170632,16.790286563923353,15.762200525751314;15.82680660553461;15.89194447960771;15.957620741171501;16.023842092869444;16.09061534906782;16.157947438193354;16.225845405129622;16.294316413674284;16.363367749058703;16.433006820531908;16.503241164010884;16.574078444799024;16.645526460374985;16.717593143253904;16.790286563923353
26,Li_JVASP-157359_LiSmMg2.json,1.7944469451904297,0.08305233716964722;0.05079084634780884;4.464205741882324;4.756060838699341;0.6209735870361328;1.4136204719543457;1.301300048828125;1.665571689605713,4.756060838699341,56.79399449784786,56.793994497847855;56.793994497847855;56.793994497847855;56.79399449784786;56.79399449784786;56.793994497847855;56.793994497847855;56.79399449784786,16.76453655881313,16.27006410604042;16.33890960943697;16.408340217380804;16.478363420738294;16.54898683879406;16.620218222014685;16.692065454884155;16.76453655881313
27,Ca_JVASP-96084_Ba2CaMgAl2F14.json,14.992846250534058,8.426227569580078;8.852509498596191;17.654288053512573;20.255604028701782;11.228367567062378;11.76020884513855;20.46759271621704;21.297971725463867,21.297971725463867,21.1882687376324,21.1882687376324;21.1882687376324;21.1882687376324;21.1882687376324;21.1882687376324;21.1882687376324;21.1882687376324;21.1882687376324,5.369665505156633,5.0839126396732555;5.1228581728447224;5.1624050001463555;5.2025671553094215;5.243359112204329;5.2847958022320665;5.326892632546837;5.369665505156633
28,Li_JVASP-93166_LiMg6Si.json,0.7818577289581299,1.3469324111938477;0.8448162078857422;1.0596568584442139;0.7373983860015869;0.8905606269836426;0.4449918270111084;0.5561766624450684;0.3743288516998291,1.3469324111938477,33.54722526381255,33.54722526381254;33.54722526381254;33.547225263812535;33.547225263812535;33.54722526381255;33.54722526381254;33.54722526381254;33.54722526381254,19.167669476895377,18.523996484167775;18.61329023884887;18.703449033204542;18.79448549861967;18.886412513608118;18.97924320988616;19.072990978625988;19.167669476895377
29,Li_JVASP-93156_LiMg6Bi.json,0.5559089183807373,0.8830509185791016;0.504396915435791;0.6849870681762695;0.4103069305419922;0.633225679397583;0.4185059070587158;0.48158860206604004;0.4312093257904053,0.8830509185791016,29.85306400327583,29.853064003275826;29.85306400327583;29.853064003275826;29.853064003275826;29.853064003275822;29.853064003275822;29.85306400327583;29.853064003275822,9.41915140846525,9.26101507869462;9.283280109056964;9.305652455143717;9.328132894709478;9.350722213042584;9.37342120305657;9.396230665382928;9.41915140846525
30,Li_JVASP-41089_LiMg2Zn.json,0.7908217906951904,0.18646240234375;0.1928105354309082;1.4949915409088135;1.496816873550415;0.35720133781433105;1.1877548694610596;0.7624959945678711;0.648040771484375,1.496816873550415,77.4375594557117,77.4375594557117;77.4375594557117;77.4375594557117;77.4375594557117;77.4375594557117;77.4375594557117;77.4375594557117;77.4375594557117,29.160793696732657,27.69663665789425;27.896735076967946;28.099745817365008;28.30573292599739;28.514762341646602;28.72690196533788;28.942221733879215;29.160793696732657
31,Na_JVASP-91961_NaMg6Nb.json,0.6029781103134155,1.0818750858306885;0.9950764179229736;0.8143091201782227;0.6215348243713379;0.6283239126205444;0.37261974811553955;0.20853590965270996;0.10154986381530762,1.0818750858306885,31.740927512207808,31.7409275122078;31.740927512207808;31.7409275122078;31.740927512207804;31.740927512207804;31.740927512207808;31.7409275122078;31.7409275122078,13.866080739398871,12.80034562597256;12.942452170415006;13.087749406681699;13.236346014875258;13.38835566754097;13.543897319669844;13.703095519154221;13.866080739398871
32,Li_JVASP-35673_Li2MgSi.json,1.3147371411323547,0.23646843433380127;0.2259460687637329;0.701012134552002;2.4435551166534424;0.31920456886291504;0.7188906669616699;0.6886558532714844;0.3747527599334717;1.0952308177947998;1.2761235237121582;1.053500771522522;1.3175569772720337;1.9685275554656982;1.9103481769561768;3.0296125411987305;3.676408290863037,3.676408290863037,86.12426549392427,86.12426549392426;86.12426549392426;86.12426549392427;86.12426549392426;86.12426549392426;86.12426549392426;86.12426549392426;86.12426549392426;86.12426549392426;86.12426549392426;86.12426549392426;86.12426549392426;86.12426549392426;86.12426549392426;86.12426549392426;86.12426549392426,62.9046773640433,50.55166426706234;51.22225476524324;51.91087581418311;52.61826451999504;53.345198721997534;54.09249984582695;54.86103599976892;55.65172533884652;56.46553972407387;57.30350870753758;58.16672387766371;59.05634360323186;59.97359821948924;60.919795705189735;61.896327905643595;62.9046773640433
33,Na_JVASP-69523_NaMgBe2.json,0.08618080615997314,-0.2004740834236145;-0.25671619176864624;0.2452632188796997;0.25497758388519287;0.5537177920341492;0.4727521538734436;-0.2745557427406311;-0.2945045828819275;0.10402607917785645;0.030376911163330078;0.6242948770523071;0.6594153642654419;-0.56070876121521;-0.5774588584899902;0.08566254377365112;-0.013347089290618896;0.3873105049133301;0.31122279167175293,0.6594153642654419,38.04856202778604,38.048562027786026;38.04856202778603;38.04856202778603;38.04856202778603;38.04856202778603;38.04856202778603;38.04856202778603;38.04856202778603;38.04856202778603;38.04856202778604;38.04856202778603;38.04856202778603;38.04856202778603;38.04856202778604;38.04856202778603;38.04856202778603;38.04856202778603;38.04856202778603,34.145567295976456,22.795329820830638;23.249944670958374;23.723061584446906;24.215833527706252;24.72951129623203;25.265454115461086;25.825141650626218;26.410187649047383;27.0223554797298;27.66357588542076;28.33596732355748;29.04185934755864;29.783819572181493;30.564684880708075;31.387597673399014;32.25604813360824;33.173923710225154;34.145567295976456
34,Li_JVASP-93188_LiMg6Mo.json,0.7511409521102905,1.2185138463974;1.156633973121643;0.3554741144180298;0.27394187450408936,1.2185138463974,69.69694311900659,69.69694311900659;69.69694311900659;69.69694311900659;69.69694311900659,27.516328047455968,26.940385991282163;27.12966896660007;27.321630563784442;27.516328047455968
35,Li_JVASP-22434_LiMgPO4.json,4.885948419570923,2.4553377628326416;2.5223371982574463;2.777421236038208;2.775141954421997;2.777052164077759;2.797682046890259;2.9809467792510986;3.091893434524536;4.880271673202515;6.232525587081909;8.891981840133667;8.485612630844116;8.50591778755188;7.441985368728638;5.981366395950317;5.577700853347778,8.891981840133667,39.32067215211241,39.3206721521124;39.3206721521124;39.32067215211241;39.32067215211241;39.32067215211241;39.32067215211241;39.3206721521124;39.3206721521124;39.3206721521124;39.32067215211241;39.32067215211241;39.32067215211241;39.32067215211241;39.3206721521124;39.32067215211241;39.32067215211241,13.992900704270918,13.27149100984573;13.317262803666106;13.363351413090275;13.409760138863996;13.456492327744602;13.503551373305559;13.550940716757934;13.598663847789242;13.64672430542008;13.695125678878968;13.743871608495912;13.792965786615076;13.842411958527123;13.892213923421652;13.942375535360286;13.992900704270918
36,K_JVASP-49179_KMgP3O9.json,4.10001277923584,3.7631425857543945;3.9562788009643555;4.001131534576416;3.9582037925720215;4.416373252868652;4.492229461669922;4.354374408721924;3.858368396759033,4.492229461669922,29.512647299927284,29.512647299927277;29.512647299927274;29.51264729992728;29.512647299927277;29.512647299927284;29.512647299927277;29.512647299927274;29.512647299927277,12.589561327919483,11.155415059425769;11.339957489860861;11.530708343232318;11.72798627772233;11.932132138697623;12.143510923949233;12.362513961585833;12.589561327919483
37,Na_JVASP-122475_NaCa3MgFeSi4O14.json,3.226731300354004,2.9497900009155273;2.992367744445801;3.06486177444458;3.0776190757751465;3.181166648864746;3.3887367248535156;3.4945573806762695;3.6647510528564453,3.6647510528564453,17.917132349660935,17.917132349660932;17.917132349660935;17.917132349660935;17.917132349660932;17.917132349660935;17.917132349660932;17.917132349660932;17.917132349660932,6.208745468583045,5.985601323149491;6.016491965688305;6.0477031046702345;6.0792397539247;6.111107032410777;6.143310166987157;6.1758544952701575;6.208745468583045
38,K_JVASP-35057_KMgAs.json,1.1677573323249817,0.9112540483474731;0.7443701028823853;0.6225115060806274;0.5321108102798462;1.3698506355285645;1.2399120330810547;1.0327351093292236;1.0465013980865479;1.5695337057113647;1.1064714193344116;1.8059993982315063;1.1229301691055298;2.0650672912597656;1.0235834121704102;1.9592680931091309;0.5320181846618652,2.0650672912597656,34.80711309810565,34.80711309810565;34.807113098105646;34.80711309810565;34.80711309810565;34.807113098105646;34.80711309810565;34.80711309810565;34.80711309810565;34.807113098105646;34.80711309810565;34.80711309810565;34.80711309810565;34.807113098105646;34.80711309810565;34.807113098105646;34.80711309810565,16.475740819392346,12.109841287211804;12.327620683661763;12.553376470741668;12.787555038250144;13.030636718105882;13.28313907293032;13.545620574534604;13.818684727330972;14.102984700744422;14.399228545468242;14.7081850812539;15.030690559308253;15.367656220856743;15.72007689573274;16.08904081186522;16.475740819392346
39,Na_JVASP-69300_BaNa2Mg.json,0.6181244850158691,0.4309558868408203;0.0854024887084961;2.063826560974121;-0.19913291931152344;0.5601942539215088;0.8886764049530029;-0.1637735366821289;1.2788467407226562,2.063826560974121,72.42079208606144,72.42079208606144;72.42079208606143;72.42079208606144;72.42079208606144;72.42079208606144;72.42079208606144;72.42079208606144;72.42079208606143,40.03102320933684,32.27359320561733;33.19248179880181;34.16522873682617;35.19671213618546;36.2924175540529;37.45853557719391;38.70207884933946;40.03102320933684
40,Li_JVASP-91876_LiMg7.json,0.6652390956878662,1.538895606994629;0.7885451316833496;0.9745235443115234;0.463010311126709;0.634345531463623;0.3709592819213867;0.22313189506530762;0.32850146293640137,1.538895606994629,31.122506897909926,31.122506897909926;31.122506897909922;31.122506897909926;31.122506897909922;31.122506897909922;31.122506897909922;31.122506897909922;31.122506897909926,19.59142539559781,18.919476214387544;19.01263302688586;19.106711760608352;19.201726169224568;19.297690281349894;19.39461840745053;19.492525146957597;19.59142539559781
41,Na_JVASP-123942_NaMg.json,0.411440372467041,0.8384461402893066;0.2490687370300293;0.20691347122192383;0.19910478591918945;-0.01886296272277832;-0.008949518203735352;0.5198941230773926;-0.08728790283203125;1.1480016708374023;0.015032768249511719;1.4457268714904785;0.648094654083252;0.42275547981262207;0.5847623348236084;0.4943532943725586;0.38060665130615234;0.15448641777038574;0.21377968788146973,1.4457268714904785,44.96941326669852,44.96941326669851;44.96941326669851;44.9694132666985;44.96941326669851;44.96941326669851;44.9694132666985;44.96941326669851;44.96941326669851;44.96941326669852;44.96941326669851;44.9694132666985;44.9694132666985;44.96941326669851;44.96941326669851;44.9694132666985;44.96941326669851;44.96941326669851;44.9694132666985,58.203385141148644,31.482787830366913;32.356587154012345;33.28027543480744;34.258250788743304;35.29544395630305;36.39740144769014;37.5703847652427;38.821489450658504;40.158788737422626;41.59150795320538;43.1302376356649;44.78719577257406;46.57655290472312;48.514838403860495;50.62145259918271;52.91931838594662;55.43571874442916;58.203385141148644
42,Na_JVASP-49785_Na4MgO3.json,4.2160879373550415,1.9702398777008057;1.9289577007293701;1.9876573085784912;1.7291710376739502;3.382643461227417;3.544409990310669;3.3777904510498047;3.2476882934570312;4.578726291656494;4.103048324584961;3.8567163944244385;3.6351606845855713;2.8801822662353516;3.2613511085510254;2.9565649032592773;3.372069835662842;5.254384756088257;4.557312250137329;4.586453914642334;4.151249408721924;3.800630569458008;3.8715505599975586;3.265748977661133;3.1159791946411133;4.626147747039795;4.655661106109619;5.02064323425293;5.420682907104492;5.350156664848328;8.135342717170715;6.54567277431488;12.744819283485413,12.744819283485413,45.516759806329404,45.5167598063294;45.5167598063294;45.5167598063294;45.51675980632939;45.516759806329404;45.5167598063294;45.5167598063294;45.5167598063294;45.5167598063294;45.51675980632939;45.51675980632939;45.5167598063294;45.51675980632939;45.5167598063294;45.5167598063294;45.5167598063294;45.5167598063294;45.51675980632939;45.516759806329404;45.5167598063294;45.51675980632939;45.516759806329404;45.5167598063294;45.516759806329404;45.5167598063294;45.5167598063294;45.5167598063294;45.5167598063294;45.516759806329404;45.516759806329404;45.5167598063294;45.516759806329404,44.56401138068221,20.39534109034327;20.75850515057108;21.134836839503738;21.525065529201445;21.92997547285811;22.35041106563303;22.787282722466735;23.24157345898302;23.714346275590888;24.20675246153024;24.720040955409004;25.255568922444418;25.814813737002456;26.39938659319485;27.011048007583046;27.651725528142467;28.323534024700287;29.028799010803194;29.770083538893154;30.550219324269882;31.372342894433256;32.23993773663563;33.15688363782248;34.12751469080584;35.15668779608511;36.24986394380644;37.41320514686811;38.653690657716616;39.97925709795661;41.398968444983424;42.92322357071012;44.56401138068221
43,Na_JVASP-94138_NaMg6Co.json,-0.03257298469543457,0.5193496942520142;0.26035845279693604;0.2558131217956543;-0.02778172492980957;-0.13895821571350098;-0.39276552200317383;-0.22608256340026855;-0.5105171203613281,0.5193496942520142,32.55547769589073,32.55547769589072;32.55547769589072;32.55547769589073;32.55547769589072;32.55547769589073;32.55547769589072;32.55547769589072;32.55547769589072,16.134824346732817,14.709732453888785;14.89770742580792;15.090548832125494;15.28844812988407;15.491606952747695;15.700237796262341;15.914564759244104;16.134824346732817
44,Ca_JVASP-93325_CaMg.json,0.2640190124511719,1.8743858337402344;1.2535476684570312;1.0128936767578125;0.3989105224609375;0.12534403800964355;0.25778889656066895;-0.03982090950012207;-0.34906649589538574;-0.7019863128662109;2.5542221069335938;2.2510986328125;1.0336880683898926;1.235849380493164;0.5511221885681152;-0.625117301940918;-0.3850226402282715;-0.7692277431488037;-2.8921315670013428;1.5535409450531006;1.2902429103851318;0.5026438236236572;0.5929853916168213;0.1296379566192627;-0.7713100910186768;-0.5258066654205322;-0.7098052501678467;-1.7200937271118164,2.5542221069335938,25.55267168287973,25.552671682879726;25.552671682879723;25.552671682879726;25.55267168287972;25.552671682879723;25.552671682879723;25.552671682879723;25.55267168287973;25.552671682879723;25.55267168287973;25.552671682879723;25.552671682879726;25.552671682879723;25.552671682879723;25.552671682879726;25.552671682879726;25.552671682879726;25.552671682879726;25.552671682879726;25.552671682879726;25.552671682879726;25.552671682879726;25.552671682879723;25.552671682879726;25.552671682879726;25.552671682879723;25.55267168287972,38.490565824724094,15.417850330350094;15.781702457811958;16.163143051656547;16.563479028958596;16.984150076526547;17.42674595036585;17.89302655239203;18.384945318862467;18.904676575868884;19.454647669753186;20.03757687396022;20.656518321327606;21.31491552929335;22.01666549835098;22.76619590342494;23.56855860825778;24.429543676890752;25.355819322442073;26.355104948596725;27.43638678776682;28.61018889271997;29.888916799777753;31.28729766363474;32.822950009137394;34.51712993192402;36.395720970396304;38.490565824724094
45,Na_JVASP-58325_Na2MgAlF7.json,6.245400071144104,2.769655227661133;2.8380751609802246;2.9391443729400635;3.0408804416656494;3.02516508102417;3.0712642669677734;3.2407941818237305;3.3152079582214355;4.701489448547363;6.209519863128662;7.09950065612793;9.390833377838135;8.829428672790527;12.028319358825684;11.004307746887207;11.633174896240234;13.484293222427368;11.890890836715698;6.9852454662323;6.193598031997681;6.649921655654907;5.961259126663208;4.9565958976745605;4.8230390548706055;5.748596668243408;5.668549060821533;5.061227798461914;5.044421195983887;5.8429131507873535;5.918303966522217;5.123802661895752;5.363383769989014,13.484293222427368,21.179398987433434,21.17939898743343;21.17939898743343;21.17939898743343;21.17939898743343;21.17939898743343;21.179398987433427;21.17939898743343;21.179398987433427;21.17939898743343;21.17939898743343;21.17939898743343;21.17939898743343;21.179398987433434;21.17939898743343;21.17939898743343;21.17939898743343;21.179398987433427;21.179398987433427;21.179398987433427;21.179398987433434;21.179398987433427;21.17939898743343;21.179398987433434;21.179398987433427;21.17939898743343;21.179398987433427;21.17939898743343;21.17939898743343;21.17939898743343;21.17939898743343;21.179398987433434;21.179398987433427,9.019829555740131,7.274948712363653;7.320631679811997;7.366892004239188;7.413740700502668;7.461189065442753;7.509248686964283;7.55793145347155;7.607249563672598;7.6572155367699235;7.707842223055432;7.759142814928485;7.8111308583569015;7.863820264801799;7.917225323628356;7.971360715025732;8.026241523460685;8.081883251690803;8.13830183536467;8.19551365823787;8.253535568035337;8.31238489299232;8.372079459108063;8.43263760814831;8.494078216434792;8.556420714462174;8.619685107385244;8.68389199642175;8.749062601218974;8.815218783235053;8.882383070189192;8.95057868163816;9.019829555740131
46,Li_JVASP-116565_LiMgAlF6.json,7.153609037399292,3.511212110519409;4.213385343551636;5.284496784210205;8.874197006225586;15.269879817962646;5.7684831619262695,15.269879817962646,81.333459415307,81.33345941530699;81.333459415307;81.33345941530699;81.33345941530699;81.33345941530699;81.333459415307,26.83898221489562,25.93755969033553;26.11296736246825;26.29076364339586;26.47099765780996;26.653719886780674;26.83898221489562
47,Li_JVASP-90586_LiMg.json,0.5410573482513428,0.20833873748779297;0.20276093482971191;0.3966643810272217;0.5743207931518555;0.5638675689697266;0.5195541381835938;0.909895658493042;1.2588369846343994;0.44755804538726807;1.024513602256775;0.08503317832946777;0.42240262031555176;0.5411396026611328;0.6457657814025879;0.8567655086517334;0.2663571834564209;0.609616756439209;0.40303850173950195;0.6571328639984131;0.5528833866119385;0.5876245498657227;0.5187416076660156;0.09138298034667969;0.6411809921264648,1.2588369846343994,45.867830125303506,45.867830125303506;45.8678301253035;45.867830125303506;45.8678301253035;45.867830125303506;45.867830125303506;45.867830125303506;45.8678301253035;45.867830125303506;45.8678301253035;45.8678301253035;45.8678301253035;45.8678301253035;45.867830125303506;45.8678301253035;45.867830125303506;45.8678301253035;45.867830125303506;45.8678301253035;45.867830125303506;45.867830125303506;45.867830125303506;45.8678301253035;45.8678301253035,45.40615314430584,35.739883186529354;36.07377670370006;36.413967736169724;36.76063614483317;37.113968705668036;37.47415944528881;37.84140999623176;38.21592997333747;38.597937372707456;38.98765899483022;39.38533089360246;39.791198853113436;40.20551889421599;40.6285578130782;41.06059375409605;41.501916819752445;41.95282972023253;42.413648465851956;42.88470310562673;43.36633851561201;43.85891524096706;44.36281039606701;44.87841862738423;45.40615314430584
48,Na_JVASP-67857_NaMgBe.json,0.3556058406829834,-0.17791664600372314;0.9674650430679321;1.0083935260772705;0.5165455341339111;0.31468653678894043;0.2636585235595703;0.15614020824432373;-0.2041260004043579,1.0083935260772705,90.81845026150208,90.81845026150206;90.81845026150206;90.81845026150208;90.81845026150206;90.81845026150208;90.81845026150206;90.81845026150206;90.81845026150206,92.5698138929476,59.49860708102059;62.69853352707789;66.26221731681329;70.25542252106588;74.76078256003613;79.88357985501743;85.76007650030535;92.5698138929476
49,Na_JVASP-71466_Na2MgBe.json,0.16385209560394287,0.320908784866333;0.49996352195739746;0.20855772495269775;0.1575092077255249;-0.050376176834106445;0.3892834186553955;0.98058021068573;-0.29147088527679443;-0.4564394950866699;1.6954803466796875;0.7369874715805054;-0.19712769985198975;0.6306958198547363;0.29164695739746094;1.2558398246765137;-1.0404071807861328;-0.20741021633148193;-1.9748839139938354,1.6954803466796875,52.2895098519621,52.289509851962094;52.289509851962094;52.2895098519621;52.2895098519621;52.289509851962094;52.2895098519621;52.289509851962094;52.2895098519621;52.289509851962094;52.28950985196209;52.289509851962094;52.2895098519621;52.289509851962094;52.289509851962094;52.289509851962094;52.28950985196209;52.2895098519621;52.2895098519621,83.01671256106485,37.55442031431205;38.804444296116955;40.14054931013494;41.57194419515807;43.10919989513823;44.76451097039159;46.552019763825825;48.48822146391971;50.59247463930386;52.88765073868496;55.40096878332685;58.16507993055489;61.21949375835139;64.61247884616638;68.40363245809982;72.66741127686404;77.49807039808638;83.01671256106485
50,Li_JVASP-76280_Li12Mg3Si4.json,1.1751874287923176,0.38916051387786865;0.34170496463775635;0.4150804281234741;0.2989407777786255;0.3728123903274536;-0.27095186710357666;0.3258321285247803;0.39977455139160156;0.7480683326721191;0.7693984508514404;1.5691245794296265;1.6821056604385376;1.8963801860809326;1.7542660236358643;1.5209866762161255;1.7768224477767944;1.7227518558502197;1.3866665363311768;1.7242010831832886;1.5108939409255981;1.8772269487380981;3.559749484062195;1.256278395652771;1.177223801612854,3.559749484062195,73.46045888800785,73.46045888800784;73.46045888800784;73.46045888800785;73.46045888800784;73.46045888800785;73.46045888800784;73.46045888800784;73.46045888800785;73.46045888800785;73.46045888800784;73.46045888800784;73.46045888800785;73.46045888800784;73.46045888800785;73.46045888800784;73.46045888800785;73.46045888800784;73.46045888800785;73.46045888800785;73.46045888800784;73.46045888800784;73.46045888800785;73.46045888800784;73.46045888800782,71.00576588232003,49.90054210053121;50.553857368875846;51.22450643923563;51.9131884385475;52.62064060343726;53.3476409128135;54.09501094174836;54.86361895865418;55.65438329030279;56.46827598210625;57.30632678433295;58.169627498629644;59.059336723426114;59.976685041592226;60.92298069919148;61.89961583043933;62.908073291157;63.949934171264466;65.02688606636042;66.14073219940603;67.29340149621899;68.48695973319954;69.72362189281655;71.00576588232003
51,Li_JVASP-38517_LiMg.json,0.5408182144165039,0.12358152866363525;0.15983498096466064;0.16414618492126465;0.1388554573059082;0.4212625026702881;0.49581408500671387;0.3540232181549072;0.42609238624572754;0.7277657985687256;0.4704744815826416;0.6769217252731323;0.4044877290725708;1.555103063583374;1.2999002933502197;1.4254117012023926;1.379920482635498;1.1425070762634277;0.8518035411834717;0.7657206058502197;0.8435220718383789;0.44161152839660645;0.44635796546936035;0.5574212074279785;0.4792943000793457;0.39469361305236816;0.5841071605682373;0.3075079917907715;0.5935349464416504;0.24479174613952637;0.339522123336792;0.2755405902862549;0.44513535499572754;-0.023988962173461914;0.09916472434997559;0.14586830139160156;0.31174421310424805,1.555103063583374,30.566372327703398,30.566372327703395;30.566372327703398;30.56637232770339;30.566372327703398;30.566372327703395;30.566372327703395;30.566372327703398;30.566372327703395;30.56637232770339;30.566372327703395;30.566372327703398;30.56637232770339;30.566372327703398;30.56637232770339;30.566372327703398;30.56637232770339;30.566372327703398;30.566372327703395;30.566372327703395;30.566372327703398;30.56637232770339;30.566372327703395;30.566372327703395;30.566372327703395;30.566372327703395;30.566372327703398;30.566372327703395;30.56637232770339;30.566372327703398;30.566372327703398;30.566372327703395;30.566372327703398;30.566372327703398;30.566372327703398;30.566372327703395;30.56637232770339,30.38988907295677,23.82658879101957;23.974525219816453;24.124310164874345;24.275978490779817;24.42956594443411;24.5851091831417;24.742645803778686;24.902214373089915;25.063854459166045;25.227606664154504;25.393512658261162;25.561615215102556;25.73195824847163;25.90458685058336;26.079547331870277;26.256887262401637;26.436655515004055;26.618902310165684;26.80367926281066;26.991039431035272;27.181037366902533;27.37372916939736;27.56917253965021;27.767426838543525;27.968553146821684;28.172614327832385;28.379675093034773;28.58980207041781;28.803063875980765;29.019531188436908;29.239276827311368;29.4623758346143;29.688905560281885;29.91894575158948;30.152578646754062;30.38988907295677
52,Ca_JVASP-87944_Ca2MgP2H4O10.json,9.805920124053955,6.042117118835449;6.194840431213379;6.301994800567627;6.461402416229248;6.948744773864746;7.297614097595215;9.208186149597168;10.224848747253418;15.020087242126465;14.093379020690918;14.343246459960938;12.662351608276367;12.079368591308594;10.55375862121582;10.202814102172852;9.259967803955078,15.020087242126465,29.730723345319888,29.73072334531988;29.730723345319884;29.730723345319884;29.73072334531988;29.730723345319884;29.73072334531988;29.73072334531988;29.73072334531988;29.73072334531988;29.73072334531988;29.730723345319888;29.730723345319884;29.73072334531988;29.730723345319884;29.730723345319884;29.730723345319877,13.123157860735802,10.13873357686725;10.294814373580355;10.455775879988387;10.621850665005203;10.793286312104177;10.970346650862934;11.153313111748345;11.34248621877385;11.538187236680878;11.740759991634903;11.950572887141663;12.168021140048632;12.393529265183385;12.62755384149358;12.870586597613482;13.123157860735802
53,Na_JVASP-97312_Na2SrMgP2O8.json,4.345968246459961,2.4040632247924805;2.653165817260742;2.5841708183288574;3.265620708465576;4.071011066436768;4.526565074920654;6.669780731201172;5.035793304443359;5.554340362548828;5.296995162963867;5.970563888549805;4.776218414306641;4.6953630447387695;4.7285003662109375;3.519866943359375;3.783473014831543,6.669780731201172,34.082266818566865,34.082266818566865;34.082266818566865;34.082266818566865;34.082266818566865;34.082266818566865;34.08226681856686;34.082266818566865;34.082266818566865;34.08226681856686;34.082266818566865;34.082266818566865;34.082266818566865;34.08226681856686;34.082266818566865;34.082266818566865;34.082266818566865,10.99353311913292,9.631196018284077;9.711426437351953;9.793004766236262;9.875965261000779;9.960343348414549;10.046175676394098;10.133500167076418;10.222356072684159;10.312784034355978;10.404826144127256;10.498526010259795;10.593928826133526;10.691081442928878;10.790032446345409;10.890832237620632;10.99353311913292
54,K_JVASP-100185_K3Mg.json,0.5581337610880533,-0.06065535545349121;-0.0911557674407959;0.669487476348877;1.4704809188842773;0.30765819549560547;0.506434440612793;0.4532909393310547;0.5682640075683594;0.4168531894683838;0.31746840476989746;0.04506397247314453;-0.0625162124633789;0.06505918502807617;0.19350147247314453;0.39052391052246094;0.6793627738952637;0.003705739974975586;-0.16363024711608887;0.11149358749389648;0.04793596267700195;0.3645336627960205;0.04025912284851074;1.5998995304107666;5.521891355514526,5.521891355514526,26.925778100501066,26.925778100501063;26.925778100501066;26.92577810050106;26.925778100501063;26.925778100501063;26.925778100501063;26.925778100501066;26.925778100501063;26.925778100501066;26.925778100501063;26.925778100501063;26.925778100501063;26.925778100501063;26.925778100501063;26.92577810050106;26.925778100501066;26.92577810050106;26.925778100501063;26.925778100501063;26.925778100501066;26.925778100501063;26.92577810050106;26.925778100501063;26.925778100501063,114.76268072993214,23.659516497814533;24.505311608604426;25.41382067625389;26.39228741927642;27.44911579927931;28.594112009440558;29.838789664315595;31.196758325100337;32.68422317445668;34.32063479562885;36.129544435819966;38.13974478394688;40.38681401379813;42.91523981825938;45.78139458325195;49.05778809032634;52.839287073999124;57.25245154288134;62.469976120798854;68.73381955833553;76.39380013382744;85.97523524350692;98.30478138705922;114.76268072993214
55,Li_JVASP-79165_LiMg3.json,0.5226566791534424,0.8666049242019653;0.6423991918563843;0.6655775308609009;0.374470591545105;0.6577517986297607;0.3272216320037842;0.2687342166900635;0.1634819507598877;0.4120638370513916;0.1877596378326416;1.1496295928955078;0.556185245513916,1.1496295928955078,42.43706702095908,42.43706702095907;42.43706702095908;42.43706702095907;42.43706702095907;42.43706702095908;42.43706702095907;42.43706702095907;42.43706702095908;42.43706702095908;42.43706702095908;42.43706702095907;42.43706702095908,30.38988907295677,27.968553146821684;28.172614327832385;28.379675093034773;28.58980207041781;28.803063875980765;29.019531188436908;29.239276827311368;29.4623758346143;29.688905560281885;29.91894575158948;30.152578646754062;30.38988907295677
56,K_JVASP-123934_KMg.json,0.28916168212890625,0.13654017448425293;-0.18054652214050293;-0.0028128623962402344;-0.1523423194885254;0.07805252075195312;-0.006913185119628906;0.579132080078125;-0.32330989837646484;1.208843469619751;-0.007653951644897461;1.049199104309082;0.3939995765686035;0.27654552459716797;-0.1467123031616211;0.2064042091369629;0.2210841178894043;1.089235544204712;0.7861649990081787,1.208843469619751,34.32925639153979,34.329256391539786;34.32925639153979;34.329256391539786;34.329256391539786;34.32925639153979;34.329256391539786;34.329256391539786;34.329256391539786;34.32925639153979;34.32925639153978;34.329256391539786;34.329256391539786;34.32925639153978;34.329256391539786;34.329256391539786;34.32925639153978;34.329256391539786;34.329256391539786,56.23612950865791,23.484127588444057;24.317208583310652;25.211569214077574;26.174229049064795;27.213322338720843;28.338328421921602;29.56036174711395;30.89254031468204;32.35045844718067;33.95280005947886;35.72214368079698;37.68603302198297;39.87842122484727;42.34165036594452;45.12921288413464;48.30968067283574;51.972421546557754;56.23612950865791
57,K_JVASP-110806_K3Mg.json,0.5020751953125,2.1425023078918457;0.37176942825317383;0.21897506713867188;0.08601570129394531;0.31358885765075684;0.09527754783630371;0.39866113662719727;0.10107898712158203;0.1053311824798584;0.15679430961608887;-0.097686767578125;0.07905912399291992;1.5556199550628662;0.1906578540802002;1.1244006156921387;0.6881251335144043;-0.32036638259887695;-0.10340404510498047;-0.07351446151733398;1.0035152435302734;-0.17984819412231445;0.10666370391845703;-0.07182145118713379;4.158409833908081,4.158409833908081,26.705871542236668,26.705871542236665;26.705871542236665;26.705871542236665;26.705871542236665;26.705871542236665;26.705871542236665;26.705871542236668;26.705871542236665;26.705871542236665;26.705871542236665;26.705871542236665;26.705871542236668;26.705871542236665;26.705871542236665;26.705871542236665;26.705871542236668;26.705871542236665;26.705871542236665;26.705871542236665;26.705871542236668;26.705871542236665;26.70587154223666;26.705871542236665;26.705871542236665,114.76268072993214,23.659516497814533;24.505311608604426;25.41382067625389;26.39228741927642;27.44911579927931;28.594112009440558;29.838789664315595;31.196758325100337;32.68422317445668;34.32063479562885;36.129544435819966;38.13974478394688;40.38681401379813;42.91523981825938;45.78139458325195;49.05778809032634;52.839287073999124;57.25245154288134;62.469976120798854;68.73381955833553;76.39380013382744;85.97523524350692;98.30478138705922;114.76268072993214
58,Li_JVASP-94346_LiMg2.json,0.5425645112991333,0.966150164604187;0.49243128299713135;0.6467459201812744;0.5047399997711182;0.44999003410339355;0.375812292098999;0.4066288471221924;0.2921106815338135;0.18749165534973145;0.3701608180999756;0.6699583530426025;0.1102902889251709;1.188246250152588;0.044841766357421875;1.7955543994903564;0.17987942695617676,1.7955543994903564,42.98102066666685,42.98102066666684;42.98102066666684;42.98102066666684;42.98102066666684;42.98102066666685;42.981020666666836;42.98102066666684;42.98102066666684;42.98102066666684;42.98102066666684;42.98102066666684;42.98102066666685;42.98102066666685;42.981020666666836;42.98102066666684;42.98102066666684,34.1550238385208,30.154139170661992;30.391474257815574;30.63257498406864;30.87753168644345;31.126437614814332;31.379389050265257;31.636485429265804;31.89782947400186;32.16352732922004;32.43368870596869;32.708427032644515;32.98785961378165;33.27210779705025;33.56129714896399;33.85555763983103;34.1550238385208
59,Li_JVASP-154525_Li2MgSi.json,0.9790716171264648,0.21079397201538086;0.3230152130126953;0.39047980308532715;0.3980863094329834;0.3721151351928711;0.36644744873046875;0.37573814392089844;0.40460681915283203;0.6113348007202148;0.60272216796875;0.572455883026123;0.5121426582336426;0.5487489700317383;0.625821590423584;0.5529687404632568;0.5775144100189209;1.3148932456970215;1.0326032638549805;1.6343133449554443;1.0636813640594482;0.7788949012756348;1.082017183303833;0.9960339069366455;1.1111764907836914;1.4056477546691895;0.9760305881500244;0.8352549076080322;0.8611516952514648;0.852104663848877;0.8391017913818359;1.1844234466552734;0.9864182472229004;0.18858575820922852;1.477771282196045;0.9630789756774902;0.5924663543701172;0.9784398078918457;0.478837251663208;0.4408382177352905;0.7438777685165405;1.2361514568328857;1.9609034061431885;0.7245364189147949;1.327500343322754;0.67229163646698;1.2646909952163696;1.0362392663955688;1.1847432851791382;1.8608793020248413;0.8199609518051147;1.7069166898727417;1.2837475538253784;3.004775285720825;2.8956308364868164;1.6116950511932373;1.2417073249816895;1.519212245941162;1.1852548122406006;1.1345851421356201;1.0835533142089844;0.15831589698791504;0.6621172428131104;1.8039225339889526;1.0186182260513306,3.004775285720825,21.84006078620844,21.84006078620844;21.840060786208436;21.840060786208436;21.840060786208436;21.84006078620844;21.84006078620844;21.840060786208436;21.84006078620844;21.84006078620844;21.84006078620844;21.840060786208433;21.840060786208436;21.840060786208436;21.840060786208436;21.840060786208436;21.840060786208436;21.840060786208436;21.840060786208436;21.840060786208436;21.840060786208436;21.840060786208436;21.840060786208436;21.840060786208436;21.840060786208436;21.84006078620844;21.84006078620844;21.840060786208436;21.84006078620844;21.840060786208436;21.840060786208436;21.840060786208436;21.840060786208436;21.84006078620844;21.840060786208436;21.840060786208436;21.840060786208436;21.840060786208436;21.840060786208436;21.840060786208436;21.84006078620844;21.840060786208436;21.840060786208436;21.840060786208436;21.840060786208436;21.840060786208436;21.840060786208436;21.840060786208436;21.840060786208436;21.84006078620844;21.840060786208436;21.840060786208436;21.840060786208436;21.840060786208436;21.840060786208436;21.840060786208436;21.840060786208436;21.840060786208436;21.840060786208436;21.840060786208436;21.84006078620844;21.840060786208436;21.840060786208436;21.84006078620844;21.840060786208436,15.920691633313934,12.637916066765586;12.679415095481179;12.721187562171895;12.76323617830356;12.80556369131081;12.84817288519551;12.891066581137135;12.934247638115465;12.977718953545777;13.021483463926952;13.065544145502683;13.109904014936202;13.15456612999876;13.199533590272239;13.244809537866256;13.290397158150014;13.336299680499383;13.382520379059466;13.429062573523113;13.475929629925727;13.523124961456737;13.57065202928826;13.618514343421204;13.666715463549423;13.71525899994223;13.76414861434582;13.813388020904021;13.862980987098886;13.91293133471163;13.963242940804388;14.013919738723397;14.064965719124048;14.116384931018468;14.16818148284614;14.220359543568193;14.272923343785957;14.325877176884395;14.379225400201143;14.432972436221695;14.487122773801547;14.541680969415928;14.596651648437895;14.652039506445508;14.707849310558888;14.764085900807965;14.820754191531684;14.877859172809611;14.935405911926717;14.99339955487231;15.051845327874034;15.11074853896785;15.170114579605086;15.229948926297434;15.290257142301131;15.351044879341218;15.412317879377163;15.474081976410899;15.53634309833852;15.599107268846877;15.6623806093563;15.726169341010825;15.790479786717235;15.855318373234336;15.920691633313934
60,K_JVASP-85723_K2MgMo2H4O10.json,3.636343240737915,2.9997568130493164;3.067660331726074;2.9587159156799316;3.0076518058776855;3.2121758460998535;3.264864444732666;3.160177230834961;3.1983251571655273;3.8530116081237793;3.988884449005127;3.8986806869506836;4.01973819732666;4.271067142486572;4.462905406951904;4.29686164855957;4.521015167236328,4.521015167236328,24.831704510934042,24.831704510934042;24.83170451093404;24.831704510934042;24.83170451093404;24.83170451093404;24.83170451093404;24.83170451093404;24.831704510934042;24.831704510934035;24.83170451093404;24.83170451093404;24.831704510934035;24.83170451093404;24.83170451093404;24.831704510934042;24.83170451093404,8.699564154863415,7.308314530855021;7.387071429211965;7.467544241419826;7.549789663249233;7.6338669160111845;7.719837888767509;7.807767290260066;7.897722811342426;7.9897752987710025;8.08399894129329;8.180471469060508;8.279274367491174;8.380493106822264;8.484217388707137;8.590541411355607;8.699564154863415
61,K_JVASP-102281_KMg3.json,0.8359870910644531,-0.11606526374816895;-0.08821368217468262;0.7570199966430664;2.3612890243530273;0.7857606410980225;0.8719327449798584;0.5087289810180664;1.6074442863464355,2.3612890243530273,46.87736108822292,46.87736108822292;46.87736108822291;46.87736108822292;46.87736108822292;46.877361088222905;46.87736108822292;46.87736108822292;46.87736108822292,43.06023997223589,29.908815918635458;31.27331160710279;32.768260462353076;34.413309717577505;36.23226050462681;38.25422690997738;40.51520606000078;43.06023997223589
62,Ca_JVASP-94733_CaMg6Sn.json,0.7994558811187744,0.8796646595001221;0.984513521194458;0.9009373188018799;0.8007614612579346;0.8226163387298584;0.6865932941436768;0.6667399406433105;0.6538205146789551,0.984513521194458,28.182551699461914,28.18255169946191;28.182551699461914;28.182551699461914;28.182551699461914;28.18255169946191;28.18255169946191;28.182551699461914;28.18255169946191,12.428819429952686,10.997988202072396;11.181885579382039;11.372037434470606;11.568768365963418;11.772425829519708;11.983382185769319;12.202036972455476;12.428819429952686
63,K_JVASP-120529_KMg3AlSi3O11F.json,5.2021484375,4.302570819854736;4.585387706756592;5.921795845031738;5.998839378356934,5.998839378356934,45.54361532528439,45.54361532528439;45.543615325284385;45.54361532528439;45.543615325284385,17.228171314787843,16.020275458531806;16.403637598773923;16.80579712281929;17.228171314787843
64,Li_JVASP-93121_LiHfMg6.json,0.8328651189804077,1.4648655652999878;0.9827219247817993;1.2800283432006836;0.7023520469665527;0.8192276954650879;0.5971965789794922;0.37845921516418457;0.43806958198547363,1.4648655652999878,31.615501296190164,31.61550129619016;31.61550129619016;31.615501296190157;31.615501296190157;31.61550129619016;31.615501296190164;31.61550129619016;31.615501296190153,10.302314456581453,10.113430709135361;10.139988945416622;10.166687034742774;10.193526084708505;10.22050721463523;10.24763155572668;10.27490025122702;10.302314456581453
65,K_JVASP-3720_K2MgH4.json,2.677418351173401,0.5910102128982544;0.5706230401992798;0.7624787092208862;0.7900351285934448;0.9519898891448975;1.0694506168365479;1.8113412857055664;1.8380370140075684;2.6433157920837402;3.043069839477539;3.606121063232422;3.1728692054748535;4.577049255371094;4.810216903686523;6.611582517623901;5.9895031452178955,6.611582517623901,51.538452795895694,51.53845279589568;51.53845279589569;51.53845279589569;51.53845279589568;51.53845279589569;51.538452795895694;51.53845279589568;51.538452795895694;51.538452795895694;51.53845279589569;51.53845279589569;51.538452795895694;51.53845279589569;51.53845279589568;51.53845279589569;51.53845279589569,100.83615399775988,31.44728721725184;32.959317440808036;34.62409299722902;36.46599066417621;38.514865745620824;40.80768277445343;43.390765545503335;46.32295944402093;49.68016889343449;53.562022055044224;58.10192491684537;63.482701993543;69.96181486660457;77.91377898533582;87.90521691614552;100.83615399775988
66,K_JVASP-93192_KLiMg6.json,-0.31442689895629883,0.32921266555786133;-0.22736072540283203;-0.02089095115661621;-0.40053820610046387;-0.39323949813842773;-0.6477227210998535;-0.4669649600982666;-0.687910795211792,0.32921266555786133,26.017493463808993,26.01749346380899;26.01749346380899;26.017493463808993;26.017493463808986;26.01749346380899;26.01749346380899;26.01749346380899;26.017493463808986,21.249661043913655,17.46076714794336;17.917152165312633;18.39803525411782;18.905443345959387;19.44163332111125;20.009125568995685;20.61074360307187;21.249661043913655
67,Na_JVASP-41760_BaNa2MgP2O8.json,4.395256519317627,1.9853296279907227;2.0606327056884766;1.9947261810302734;2.093794822692871;2.3989086151123047;2.704151153564453;3.0000081062316895;4.0858893394470215;8.665735244750977;8.121999740600586;8.4835786819458;5.921191215515137;5.823288917541504;4.642004013061523;4.331845283508301;4.011020660400391,8.665735244750977,32.29664050940809,32.296640509408086;32.29664050940809;32.296640509408086;32.29664050940809;32.29664050940809;32.29664050940809;32.296640509408086;32.296640509408086;32.296640509408086;32.296640509408086;32.29664050940809;32.296640509408086;32.29664050940809;32.296640509408086;32.29664050940809;32.29664050940809,9.451826396435726,8.426988428109908;8.488346444076527;8.550604525175808;8.613782622419045;8.677901280857165;8.742981661855898;8.80904556638082;8.876115459346142;8.944214495084317;9.013366543997181;9.08359622045303;9.154928911998134;9.227390809955535;9.301008941488563;9.375811203211583;9.451826396435726
68,Ca_JVASP-94774_CaMg6Zn.json,0.6651778221130371,1.1159441471099854;0.7493588924407959;0.9432153701782227;0.6310434341430664;0.4649026393890381;0.31122469902038574;0.5885577201843262;0.5171756744384766,1.1159441471099854,29.23581674670166,29.23581674670165;29.23581674670165;29.235816746701648;29.23581674670165;29.23581674670166;29.23581674670165;29.235816746701648;29.235816746701655,15.492275308592022,13.33051552477106;13.601650662491211;13.884044261291097;14.17841242357629;14.485533298190443;14.80625394919035;15.141498157760669;15.492275308592022
69,Na_JVASP-93065_BaNaMg6.json,-0.08226871490478516,-0.1098177433013916;-0.16933798789978027;-0.0973062515258789;-0.1791696548461914;0.015422821044921875;-0.1901860237121582;0.08920431137084961;-0.016959190368652344,0.08920431137084961,23.497160736608528,23.49716073660852;23.497160736608528;23.497160736608524;23.497160736608524;23.49716073660852;23.497160736608528;23.497160736608528;23.497160736608528,11.712676024981459,10.943068835963544;11.04676195562646;11.15243900191889;11.260157461509111;11.369977063720738;11.481959890972197;11.59617049580745;11.712676024981459
70,Li_JVASP-91019_Ba2LiMg.json,-1.276304006576538,-1.276304006576538,-1.276304006576538,21.27290598173726,21.27290598173726,87.61517280520141,87.61517280520141
71,K_JVASP-93194_KMg6Nb.json,0.02853238582611084,0.8301815986633301;0.21846675872802734;-0.49687981605529785;-0.4376389980316162,0.8301815986633301,56.762939733549196,56.76293973354919;56.762939733549196;56.76293973354919;56.762939733549196,26.962072317004207,24.116393030120566;24.99577600433223;25.941717835597593;26.962072317004207
72,Na_JVASP-39439_NaMg3.json,0.556293249130249,1.6955111026763916;0.4387366771697998;0.5783700942993164;0.25678157806396484;0.4276256561279297;0.2554926872253418;0.33120083808898926;0.08140778541564941;1.0039348602294922;1.135502815246582;0.7280545234680176;0.3152956962585449;0.5197839736938477;0.2670254707336426;0.47668933868408203;0.3892788887023926,1.6955111026763916,27.411890643264357,27.411890643264353;27.411890643264353;27.411890643264357;27.41189064326435;27.411890643264353;27.411890643264353;27.411890643264346;27.41189064326435;27.411890643264357;27.41189064326435;27.41189064326435;27.411890643264353;27.411890643264353;27.411890643264353;27.41189064326435;27.41189064326435,22.529262509404234,17.466207339271172;17.73186903490163;18.005736997703778;18.288197428880697;18.57966114958833;18.88056559458141;19.191377002775525;19.51259282779649;19.844744394729986;20.188399832916062;20.5441673188404;20.912698668060997;21.29469332079905;21.690902772465723;22.102135508172815;22.529262509404234
73,Li_JVASP-105933_LiMgSb.json,1.2944180965423584,0.633359432220459;0.8082151412963867;0.7791407108306885;1.1595427989959717;1.245041847229004;1.3200244903564453;1.9412171840667725;2.4688031673431396,2.4688031673431396,75.94167139661283,75.94167139661282;75.94167139661283;75.94167139661282;75.94167139661283;75.94167139661282;75.94167139661283;75.94167139661283;75.94167139661283,22.80082568550646,21.895776441047335;22.02064515372199;22.1469462545726;22.274704532494848;22.403945351698347;22.534694668494378;22.66697904867474;22.80082568550646
74,Li_JVASP-147332_Li2MgTi3O8.json,5.0291197299957275,3.0176703929901123;3.2951552867889404;3.089465379714966;3.494304895401001;3.3156960010528564;3.6896297931671143;4.031010866165161;5.095290422439575;6.628247022628784;6.8069398403167725;6.821869611740112;7.174714803695679;7.840620279312134;6.902734041213989;4.903530836105347;4.359036207199097,7.840620279312134,37.67935111151369,37.67935111151368;37.67935111151369;37.67935111151369;37.67935111151368;37.67935111151368;37.67935111151369;37.67935111151369;37.67935111151369;37.67935111151368;37.67935111151369;37.67935111151369;37.67935111151369;37.67935111151368;37.67935111151369;37.67935111151369;37.67935111151369,11.288871633126858,10.81461218729385;10.844986272184201;10.875531455862273;10.90624918812391;10.937140935191028;10.968208179944918;10.999452422163522;11.030875178762782;11.062477984042147;11.094262389934281;11.126229966259128;11.158382300982353;11.190721000478298;11.223247689797496;11.2559640129389;11.288871633126858
75,Na_JVASP-35124_BaNa2MgP2O8.json,4.331862449645996,2.130584239959717;2.1210503578186035;2.1269712448120117;2.1980161666870117;2.405104160308838;2.6506009101867676;2.7334413528442383;3.1196861267089844;6.177229404449463;7.063618183135986;7.05230188369751;7.1523118019104;6.903215408325195;5.562368392944336;5.302169322967529;4.611130237579346,7.1523118019104,32.035539562915424,32.03553956291542;32.035539562915424;32.035539562915424;32.035539562915424;32.035539562915424;32.035539562915424;32.035539562915424;32.035539562915424;32.035539562915424;32.03553956291542;32.035539562915424;32.03553956291542;32.035539562915424;32.03553956291542;32.035539562915424;32.035539562915424,9.451826396435726,8.426988428109908;8.488346444076527;8.550604525175808;8.613782622419045;8.677901280857165;8.742981661855898;8.80904556638082;8.876115459346142;8.944214495084317;9.013366543997181;9.08359622045303;9.154928911998134;9.227390809955535;9.301008941488563;9.375811203211583;9.451826396435726
76,Li_JVASP-18736_LiMg2Tl.json,0.23991751670837402,0.2421731948852539;0.3401951789855957;0.2121591567993164;0.0487217903137207;0.19323992729187012;0.1809530258178711;0.32508063316345215;0.3768172264099121,0.3768172264099121,66.55612559392998,66.55612559392996;66.55612559392998;66.55612559392998;66.55612559392995;66.55612559392996;66.55612559392996;66.55612559392996;66.55612559392996,13.196931233662246,12.88858442359815;12.931748825428393;12.975203317513712;13.01895083408056;13.062994349061695;13.10733687677012;13.151981472586755;13.196931233662246
77,Li_JVASP-99969_Li2MgAu.json,0.701462984085083,0.20820963382720947;0.15488803386688232;0.13629770278930664;0.4286994934082031;0.1639331579208374;0.3133589029312134;0.4759042263031006;0.2514536380767822;0.8970229029655457;0.5902553200721741;0.9068508148193359;0.9483318328857422;0.829318106174469;1.3007274270057678;2.1272395849227905;1.4909169673919678,2.1272395849227905,84.34175096696761,84.3417509669676;84.3417509669676;84.34175096696761;84.3417509669676;84.3417509669676;84.3417509669676;84.34175096696761;84.34175096696761;84.3417509669676;84.3417509669676;84.3417509669676;84.34175096696761;84.34175096696761;84.3417509669676;84.34175096696761;84.34175096696758,15.081468109310276,14.24679703729646;14.299556827612708;14.352708838327676;14.406257459454793;14.460207146767763;14.514562423036514;14.569327879291123;14.62450817611447;14.68010804496438;14.736132289526036;14.79258578709548;14.849473489995022;14.906800427021471;14.964571704928003;15.022792509940643;15.081468109310276
78,Li_JVASP-93168_LiMg6B.json,0.4076361656188965,0.3843637704849243;0.47281157970428467;0.3116426467895508;0.25581979751586914;0.4937981367111206;0.4662567377090454;0.46687960624694824;0.4095170497894287,0.4937981367111206,35.427089565151334,35.427089565151334;35.42708956515133;35.427089565151334;35.427089565151334;35.42708956515133;35.42708956515133;35.427089565151334;35.42708956515133,21.269852175643642,20.480157781044912;20.58936200405704;20.699737066940727;20.81130190103151;20.924075848011473;21.038078671087906;21.15333056653942;21.269852175643642
79,Li_JVASP-109164_Li4Mg.json,0.1302112638950348,0.30516040325164795;-0.03903210163116455;0.023514389991760254;0.2312023639678955,0.30516040325164795,434.84954380893146,434.8495438089314;434.8495438089314;434.84954380893146;434.84954380893134,857.7571964767045,514.7300958557128;593.8991615208099;701.8483086157884;857.7571964767045
80,Li_JVASP-15909_LiMgP.json,0.9910910129547119,0.09992170333862305;0.25531482696533203;0.45644569396972656;0.5640468597412109;0.9113852977752686;1.5388786792755127;2.140661120414734;1.9620739221572876,2.140661120414734,116.76989333885702,116.76989333885702;116.769893338857;116.76989333885702;116.76989333885702;116.76989333885702;116.769893338857;116.769893338857;116.76989333885702,59.66875785148719,53.844390631691724;54.60584315325298;55.389141110023154;56.19523827433138;57.02514476077825;57.87993124898815;58.76073359192629;59.66875785148719
81,Li_JVASP-139343_LiMg2P.json,0.577367901802063,0.0661017894744873;0.5534864664077759;0.32773828506469727;0.23642194271087646;0.15946722030639648;0.26339244842529297;0.9224262237548828;0.8406593799591064;0.986320972442627;0.8856312036514282;0.224442720413208;0.24487650394439697;1.4939261674880981;1.4228099584579468;0.64519202709198;0.6106745004653931;0.25783681869506836;0.2512176036834717,1.4939261674880981,36.22568172121661,36.2256817212166;36.22568172121661;36.2256817212166;36.22568172121661;36.22568172121661;36.2256817212166;36.2256817212166;36.2256817212166;36.22568172121661;36.2256817212166;36.2256817212166;36.22568172121661;36.22568172121661;36.2256817212166;36.22568172121661;36.2256817212166;36.2256817212166;36.22568172121661,18.619267962243338,17.208613491804748;17.285649688479317;17.363378708178384;17.441809939448472;17.52095294123991;17.600817446790533;17.681413367616113;17.762750797610867;17.844840017261713;17.927691497979897;18.01131590655389;18.095724109727435;18.18092717890697;18.266936395002666;18.353763253407497;18.441419469119037;18.529916982008675;18.619267962243338
82,Ca_JVASP-106119_CaMgS2.json,6.79369044303894,3.3289265632629395;4.001226902008057;10.502010583877563;7.275213956832886;8.353105306625366;6.7593958377838135;6.9659929275512695;7.163651466369629,10.502010583877563,68.82169761907515,68.82169761907515;68.82169761907514;68.82169761907514;68.82169761907514;68.82169761907514;68.82169761907512;68.82169761907514;68.82169761907512,35.852042732618884,26.068842608443415;27.12629157644749;28.27315565949937;29.521276571657957;30.884683612099572;32.38012328063934;34.02775058670644;35.852042732618884
83,K_JVASP-121549_K2Ca2MgH2S4O16.json,4.699792385101318,4.306258201599121;4.405498504638672;4.378594875335693;4.353898525238037;5.039356708526611;4.9758477210998535;5.183657646179199;4.955226898193359,5.183657646179199,32.60597688996854,32.60597688996854;32.60597688996853;32.60597688996854;32.60597688996853;32.60597688996853;32.60597688996853;32.60597688996853;32.60597688996853,13.387303709948842,11.77727034463341;11.98315061891703;12.196357011684498;12.417287649366553;12.646370037999631;12.884063824235426;13.130863873680736;13.387303709948842
84,Ca_JVASP-93323_Ca2Mg.json,0.17677587270736694,2.342881917953491;1.563838005065918;1.089583158493042;0.8228204250335693;0.44948554039001465;0.2311551570892334;0.607149600982666;0.2426433563232422;0.21276378631591797;0.08348703384399414;1.6130547523498535;1.7314815521240234;0.9186573028564453;-0.2485203742980957;-0.7633490562438965;-0.7492413520812988;-0.9146728515625;-2.889739990234375;3.657806634902954;2.0522267818450928;1.524181842803955;0.330686092376709;0.369687557220459;0.09462594985961914;0.019908666610717773;-0.44664549827575684;-0.31870341300964355;0.5371248722076416;1.028315544128418;-0.7223362922668457;0.10027122497558594;-0.3185739517211914;0.6580212116241455;0.20101428031921387;-1.5778515338897705;-7.169306516647339,3.657806634902954,23.356504253168634,23.35650425316863;23.35650425316863;23.356504253168627;23.356504253168634;23.35650425316863;23.35650425316863;23.35650425316863;23.356504253168634;23.356504253168634;23.35650425316863;23.356504253168634;23.356504253168627;23.356504253168634;23.35650425316863;23.35650425316863;23.356504253168627;23.35650425316863;23.35650425316863;23.356504253168627;23.35650425316863;23.356504253168627;23.356504253168634;23.35650425316863;23.35650425316863;23.35650425316863;23.35650425316863;23.35650425316863;23.356504253168627;23.35650425316863;23.356504253168634;23.35650425316863;23.356504253168634;23.35650425316863;23.35650425316863;23.356504253168627;23.35650425316863,56.12076471017972,14.25384772047362;14.564281097429172;14.888537327117032;15.22756068024294;15.582383438650727;15.954136393844847;16.34406088503754;16.75352264670468;17.184027791135268;17.637241320134503;18.115008645458257;18.619380704378862;19.15264339113904;19.71735219506086;20.3163731525714;20.95293149795103;21.630669755951015;22.353717485571895;23.126775495525138;23.955218160189975;24.845218543437895;25.803902490816157;26.839539828588045;27.961783530492422;29.18197150462978;30.51351100146082;31.97237329394003;33.577737387885506;35.35283791238667;37.32609696604503;39.532657422895085;42.016494263985564;44.83337519966663;48.0550977922971;51.77569489788603;56.12076471017972
85,Na_JVASP-148213_Na2MgScF7.json,5.8076289892196655,2.8187129497528076;2.8086564540863037;2.8448429107666016;2.8119664192199707;2.993058681488037;2.9146766662597656;3.0092368125915527;3.0301170349121094;3.3354716300964355;3.6974058151245117;4.2003090381622314;4.647298097610474;4.368328809738159;5.008933782577515;5.496347904205322;6.1196136474609375;10.99614405632019;12.084856748580933;12.275493860244751;12.010915040969849;12.83376669883728;9.775390863418579;8.117914915084839;5.855541467666626;5.578121662139893;5.352643013000488;5.644859552383423;5.700756311416626;4.923174858093262;4.582033634185791;4.9650774002075195;5.042460918426514,12.83376669883728,19.272590139848926,19.272590139848923;19.272590139848923;19.272590139848923;19.272590139848923;19.272590139848923;19.272590139848923;19.272590139848923;19.27259013984892;19.27259013984892;19.272590139848923;19.272590139848923;19.272590139848923;19.272590139848923;19.27259013984892;19.272590139848923;19.272590139848923;19.27259013984892;19.272590139848923;19.27259013984892;19.27259013984892;19.272590139848923;19.272590139848923;19.27259013984892;19.27259013984892;19.27259013984892;19.27259013984892;19.272590139848923;19.27259013984892;19.27259013984892;19.272590139848923;19.272590139848926;19.27259013984892,8.223872490155387,6.748166987297147;6.787455776761123;6.827204735252477;6.867421994973774;6.908115880881674;6.949294916431929;6.990967829531094;7.0331435587036735;7.0758312594838495;7.1190403110414096;7.162780323051929;7.207061142821784;7.2518928626791075;7.297285827642295;7.343250643378369;7.389798184463982;7.436939602962654;7.484686337332377;7.533050121678605;7.582042995368288;7.631677313021542;7.681965754898352;7.732921337698645;7.784557425795083;7.8368877429188935;7.889926384320248;7.943687829425788;7.998186955017194;8.053439048955973;8.109459824481098;8.166265435107535;8.223872490155387
86,Na_JVASP-137733_NaLaMgWO6.json,2.084174633026123,1.066892147064209;1.1168818473815918;1.3034701347351074;1.284654140472412;1.2071080207824707;1.1915736198425293;1.317861557006836;1.29449462890625;2.964038372039795;2.9214272499084473;2.700016498565674;2.9314074516296387;2.7909011840820312;2.9887428283691406;2.9411392211914062;3.3261852264404297,3.3261852264404297,22.655376205173543,22.65537620517354;22.65537620517354;22.655376205173543;22.65537620517354;22.65537620517354;22.655376205173543;22.65537620517354;22.655376205173535;22.655376205173543;22.655376205173543;22.65537620517354;22.65537620517354;22.65537620517354;22.65537620517354;22.65537620517354;22.65537620517354,3.768625193285796,3.5943366763123317;3.605452825992584;3.616637946467571;3.6278926816347776;3.6392176834317773;3.650613611962109;3.6620811356235365;3.6736209312387325;3.685233684188438;3.696920088547155;3.7086808472214314;3.7205166720907967;3.732428284151398;3.7444164136624076;3.756481800295262;3.768625193285796
87,Li_JVASP-18735_Li2MgPb.json,1.0560829639434814,0.4704397916793823;0.448638916015625;1.0378696918487549;1.524497389793396;0.6491597890853882;1.6759562492370605;1.3279300928115845;1.014052391052246;0.4184246063232422;0.3966684341430664;0.5373804569244385;0.6083133220672607;0.8387651443481445;1.960947036743164;1.5708855390548706;2.4173985719680786,2.4173985719680786,71.35902586760875,71.35902586760874;71.35902586760874;71.35902586760874;71.35902586760874;71.35902586760874;71.35902586760875;71.35902586760874;71.35902586760874;71.35902586760874;71.35902586760874;71.35902586760874;71.35902586760875;71.35902586760874;71.35902586760874;71.35902586760874;71.35902586760875,14.41729708970189,13.652659554658106;13.701103113562631;13.749891679985424;13.799028952732757;13.848518683673452;13.89836467869385;13.948570798673456;13.999140960481832;14.050079137997235;14.101389363147588;14.153075726974329;14.205142380719764;14.257593536938485;14.310433470633523;14.363666520417846;14.41729708970189
88,Ca_JVASP-99383_CaMg2.json,1.189971923828125,1.4567465782165527;1.4038686752319336;1.2731208801269531;1.4333395957946777;0.9516260623931885;0.8385159969329834;1.0200648307800293;1.1352505683898926;1.641523838043213;1.2681822776794434;1.1473183631896973;0.8882412910461426;0.9227399826049805;0.6999416351318359;1.0259861946105957;1.9330840110778809,1.9330840110778809,33.41142588176027,33.41142588176027;33.411425881760266;33.41142588176027;33.41142588176026;33.411425881760266;33.411425881760266;33.411425881760266;33.411425881760266;33.411425881760266;33.411425881760266;33.411425881760266;33.411425881760266;33.41142588176026;33.41142588176027;33.41142588176027;33.411425881760266,32.771137268152266,18.887477280685598;19.436433583366167;20.018255461478272;20.63598544559031;21.293053573786768;21.99334111354921;22.74125728537946;23.541832192125085;24.400830093219774;25.324888417065676;26.321689603027128;27.400175188990552;28.570814778728188;29.845947034290997;31.240216246242188;32.771137268152266
89,Li_JVASP-12979_Li6MgBr8.json,4.002149283885956,1.655646800994873;1.768874168395996;1.8939915895462036;1.9134687185287476;1.9993780851364136;1.9968031644821167;2.0070765018463135;2.0141067504882812;2.704813838005066;3.0939141511917114;3.166182518005371;3.5259175300598145;2.955160975456238;3.601213812828064;3.47236967086792;3.842205762863159;9.091817498207092;8.976078152656555;7.4162517786026;6.879802823066711;6.6534343957901;5.5188950300216675;4.363484501838684;3.9722260236740112;4.238857269287109;3.999176025390625;3.511037826538086;3.741712808609009;3.7686293721199036;3.794441044330597;4.336264908313751;5.564017593860626;4.130237877368927;4.028431236743927;3.7088887691497803;3.9061938524246216;3.697849988937378;3.7253830432891846;4.698631525039673;5.652573823928833;3.5642685890197754;3.410870313644409;3.2886374592781067;3.191978394985199;3.86019504070282;3.8910847902297974;4.5558531284332275;5.354836702346802,9.091817498207092,17.14780805067977,17.14780805067977;17.147808050679767;17.147808050679767;17.14780805067977;17.14780805067977;17.14780805067977;17.14780805067977;17.14780805067977;17.147808050679767;17.14780805067977;17.147808050679767;17.14780805067977;17.14780805067977;17.147808050679767;17.14780805067977;17.14780805067977;17.147808050679767;17.147808050679767;17.147808050679767;17.147808050679767;17.147808050679767;17.147808050679767;17.14780805067977;17.14780805067977;17.14780805067977;17.147808050679767;17.147808050679767;17.14780805067977;17.14780805067977;17.147808050679767;17.147808050679767;17.147808050679767;17.14780805067977;17.147808050679767;17.147808050679767;17.147808050679767;17.14780805067977;17.14780805067977;17.14780805067977;17.147808050679767;17.14780805067977;17.147808050679767;17.147808050679767;17.147808050679767;17.14780805067977;17.14780805067977;17.147808050679767;17.147808050679767,5.0423868890721355,4.750802515288782;4.756654886511442;4.762521694239393;4.768402991956098;4.774298833409536;4.780209272613842;4.786134363850953;4.792074161672269;4.798028720900331;4.803998096630506;4.809982344232685;4.815981519352997;4.821995677915529;4.828024876124072;4.8340691704638665;4.840128617703365;4.8462032748960135;4.852293199382038;4.858398448790255;4.86451908103988;4.870655154342368;4.876806727203255;4.882973858424014;4.889156607103937;4.895355032642014;4.901569194738842;4.907799153398538;4.914044968930671;4.920306701952209;4.92658441338948;4.932878164480144;4.9391880167751925;4.945514032140948;4.951856272761087;4.958214801138682;4.964589680098247;4.970980972787816;4.977388742681017;4.983813053579186;4.990253969613475;4.9967115552469865;5.00318587527693;5.009676994836787;5.016184979398489;5.02270989477463;5.029251807120673;5.035810782937194;5.0423868890721355
90,Na_JVASP-37733_Na3Mg.json,0.3797484238942464,0.46263599395751953;0.24036693572998047;0.3264293670654297;0.47661304473876953;0.31099486351013184;0.5494048595428467;0.605036735534668;0.0402979850769043;0.9523792266845703;0.27143430709838867;0.6577575206756592;0.7211225032806396;0.3284575939178467;0.05918574333190918;0.4356858730316162;0.6652705669403076;-0.2844870090484619;-0.20563483238220215;-0.057170867919921875;-0.17035675048828125;0.2024989128112793;0.27402591705322266;0.47142791748046875;1.780585765838623,1.780585765838623,43.36590649820363,43.36590649820362;43.365906498203614;43.365906498203614;43.365906498203614;43.36590649820362;43.365906498203614;43.36590649820362;43.36590649820362;43.365906498203614;43.36590649820362;43.36590649820362;43.36590649820362;43.365906498203614;43.36590649820362;43.36590649820362;43.365906498203614;43.36590649820363;43.36590649820362;43.36590649820362;43.36590649820362;43.365906498203614;43.365906498203614;43.36590649820363;43.36590649820362,123.26500391304242,35.9175559456919;37.05932995764589;38.276078438720816;39.57543686613378;40.96611395687722;42.45808710301526;44.06284212726787;45.79366954546371;47.66603350862049;49.69803511296525;51.910999492140895;54.33022707226892;56.98596516145113;59.91467914017301;63.16073687506063;66.77867204606463;70.83627261832557;75.41886812505244;80.63539619201747;86.62717377490796;93.5808928947121;101.74842180364733;111.47796689752997;123.26500391304242
91,Li_JVASP-77419_Sr2LiMg.json,-0.17305374145507812,0.029802799224853516;-0.009065628051757812;-0.40217161178588867;-0.31078052520751953,0.029802799224853516,67.87553575998625,67.87553575998625;67.87553575998625;67.87553575998625;67.87553575998625,33.28876201354965,32.44951396355093;32.72452159651565;33.00423041727246;33.28876201354965
92,Li_JVASP-153312_Li2MgSi.json,1.003861427307129,0.4265162944793701;0.30223536491394043;0.3260844945907593;0.3582388162612915;0.2894855737686157;0.3486396074295044;0.3682670593261719;0.2832973003387451;0.589724063873291;0.60263991355896;0.5868360996246338;0.5160136222839355;0.6314023733139038;0.5449041128158569;0.5069394111633301;0.5670459270477295;1.1272857189178467;1.21750807762146;1.8250737190246582;1.2036404609680176;0.8545572757720947;0.958817720413208;1.0130610466003418;0.7471413612365723;1.0995372533798218;0.9902173280715942;0.9141398668289185;0.8089960813522339;0.8560869693756104;0.7171640396118164;0.6826387643814087;0.5376754999160767;0.5063683986663818;1.3455097675323486;0.7738785743713379;0.9661679267883301;0.8897507190704346;1.1624834537506104;1.2191861867904663;1.2008744478225708;1.2584198713302612;1.7633041143417358;0.813884973526001;1.600806713104248;0.8095887899398804;1.3737503290176392;0.6102516651153564;1.6559960842132568;1.2165682315826416;1.2058210372924805;1.0919127464294434;1.0873453617095947;2.603913426399231;2.780676245689392;1.434281587600708;1.4325859546661377;1.6909606456756592;1.4774773120880127;0.7899861335754395;2.540689468383789;-0.06551063060760498;1.0821548700332642;1.5041217803955078;1.6221139430999756,2.780676245689392,21.64428595208382,21.644285952083816;21.644285952083816;21.644285952083813;21.644285952083816;21.64428595208382;21.64428595208382;21.644285952083816;21.64428595208382;21.644285952083816;21.64428595208382;21.644285952083813;21.644285952083816;21.64428595208382;21.644285952083816;21.64428595208382;21.644285952083816;21.644285952083816;21.644285952083816;21.644285952083816;21.644285952083816;21.644285952083816;21.644285952083816;21.64428595208382;21.64428595208382;21.644285952083816;21.64428595208382;21.644285952083816;21.64428595208382;21.644285952083816;21.64428595208382;21.644285952083816;21.644285952083816;21.644285952083816;21.644285952083816;21.644285952083816;21.64428595208382;21.644285952083816;21.644285952083816;21.644285952083816;21.644285952083816;21.644285952083816;21.644285952083816;21.644285952083816;21.644285952083816;21.644285952083816;21.644285952083816;21.644285952083816;21.644285952083813;21.644285952083816;21.644285952083816;21.644285952083816;21.644285952083816;21.644285952083816;21.644285952083816;21.644285952083816;21.644285952083816;21.644285952083816;21.644285952083816;21.644285952083816;21.64428595208382;21.644285952083816;21.64428595208382;21.64428595208382;21.644285952083816,15.920691633313934,12.637916066765586;12.679415095481179;12.721187562171895;12.76323617830356;12.80556369131081;12.84817288519551;12.891066581137135;12.934247638115465;12.977718953545777;13.021483463926952;13.065544145502683;13.109904014936202;13.15456612999876;13.199533590272239;13.244809537866256;13.290397158150014;13.336299680499383;13.382520379059466;13.429062573523113;13.475929629925727;13.523124961456737;13.57065202928826;13.618514343421204;13.666715463549423;13.71525899994223;13.76414861434582;13.813388020904021;13.862980987098886;13.91293133471163;13.963242940804388;14.013919738723397;14.064965719124048;14.116384931018468;14.16818148284614;14.220359543568193;14.272923343785957;14.325877176884395;14.379225400201143;14.432972436221695;14.487122773801547;14.541680969415928;14.596651648437895;14.652039506445508;14.707849310558888;14.764085900807965;14.820754191531684;14.877859172809611;14.935405911926717;14.99339955487231;15.051845327874034;15.11074853896785;15.170114579605086;15.229948926297434;15.290257142301131;15.351044879341218;15.412317879377163;15.474081976410899;15.53634309833852;15.599107268846877;15.6623806093563;15.726169341010825;15.790479786717235;15.855318373234336;15.920691633313934
93,K_JVASP-35658_KMgH3.json,1.766608715057373,2.9406553506851196;2.519224762916565;1.3469308614730835;0.7358888387680054;1.1314663887023926;1.2783995866775513;1.0029873251914978;3.1773166060447693,3.1773166060447693,62.99795054035371,62.997950540353706;62.997950540353706;62.99795054035371;62.997950540353706;62.99795054035371;62.99795054035371;62.99795054035371;62.99795054035371,103.99099798567809,50.43399699006804;54.439296209311074;59.13565171942211;64.71879658164336;71.46608887157205;79.78401327815732;90.29322438388425;103.99099798567809
94,Na_JVASP-139411_NaMgP.json,0.7676568031311035,0.09920108318328857;-0.010519742965698242;0.8080971837043762;0.1562405228614807;0.2008296251296997;0.2285846471786499;2.552053689956665;2.106767416000366,2.552053689956665,62.779800263391046,62.77980026339104;62.77980026339103;62.77980026339103;62.77980026339103;62.77980026339103;62.779800263391046;62.77980026339104;62.77980026339103,57.61035450405844,42.80373114647884;44.43522259432263;46.19601302438701;48.10210745881035;50.172266136682694;52.42862405508534;54.89748555508537;57.61035450405844
95,K_JVASP-93190_KMg6Cr.json,-0.3071601390838623,-0.2002396583557129;-0.2156233787536621;-0.42400848865509033;-0.19274604320526123;-0.324465274810791;-0.48587799072265625,-0.19274604320526123,38.1528641466268,38.1528641466268;38.15286414662679;38.15286414662679;38.15286414662679;38.1528641466268;38.15286414662679,21.859935767241016,18.853750648667614;19.38697109939325;19.951230395174147;20.549319944129728;21.18437621713411;21.859935767241016
96,Li_JVASP-94731_LiCaMg6.json,0.3911159038543701,0.7743690013885498;0.4321630001068115;0.4665677547454834;0.2929847240447998;0.4788055419921875;0.4058213233947754;0.16003775596618652;0.11817812919616699,0.7743690013885498,28.208699572280608,28.208699572280608;28.208699572280604;28.2086995722806;28.208699572280604;28.208699572280604;28.208699572280604;28.208699572280608;28.2086995722806,17.936950660124353,17.3720639989779;17.450573891029215;17.529796627081456;17.60974195999466;17.69041982135717;17.771840325598664;17.85401377421724;17.936950660124353
97,Ca_JVASP-2994_CaMg2Sb2.json,2.6710383892059326,1.880710482597351;1.6765028238296509;1.9669749736785889;1.9547555446624756;2.6583012342453003;2.739750027656555;3.7429760694503784;4.748335957527161,4.748335957527161,39.18107465352304,39.18107465352304;39.181074653523034;39.18107465352304;39.18107465352304;39.18107465352304;39.18107465352304;39.18107465352304;39.181074653523034,11.274779527609109,10.08460112381065;10.239006993890976;10.398214617029748;10.56245152028277;10.731959836303057;10.90699749442313;11.087839530228873;11.274779527609109
98,Li_JVASP-157288_LiPr2Mg.json,1.0306804180145264,-0.01618671417236328;-0.07129096984863281;4.079427778720856;2.2980818152427673;-0.2716640830039978;0.3319404721260071;1.3688879609107971;0.5262470841407776,4.079427778720856,47.928053640072676,47.92805364007266;47.928053640072676;47.928053640072655;47.92805364007266;47.92805364007266;47.92805364007267;47.92805364007267;47.92805364007266,10.913084513467066,10.701371169604448;10.731111609288334;10.761017814406756;10.79109117473262;10.821333095618115;10.851744998213656;10.882328319690481;10.913084513467066
99,Na_JVASP-57178_KNaMg2Si4O10F2.json,4.326695919036865,2.8434553146362305;3.157686233520508;4.434925556182861;6.870716571807861,6.870716571807861,45.44865259730295,45.44865259730295;45.44865259730295;45.44865259730295;45.44865259730295,16.593760178483986,15.914201849106957;16.134451321753968;16.36088277189621;16.593760178483986
100,Li_JVASP-78883_LiMgSb.json,0.8179715871810913,0.313822865486145;0.34629523754119873;0.2745720148086548;0.19137322902679443;0.7312121391296387;1.0714657306671143;2.128401041030884;1.4866304397583008,2.128401041030884,76.53588068300431,76.5358806830043;76.53588068300431;76.53588068300431;76.53588068300431;76.5358806830043;76.53588068300431;76.53588068300431;76.53588068300431,22.80082568550646,21.895776441047335;22.02064515372199;22.1469462545726;22.274704532494848;22.403945351698347;22.534694668494378;22.66697904867474;22.80082568550646
101,K_JVASP-111362_K2MgCuF6.json,5.868654489517212,3.3869476318359375;3.831854820251465;4.17298698425293;4.161740303039551;4.416012287139893;3.87272310256958;5.125282287597656;5.050105094909668;6.957058906555176;11.950164794921875;5.486267805099487;8.098547220230103;5.231893539428711;9.796830654144287;5.4758687019348145;6.884187698364258,11.950164794921875,42.68526693860095,42.68526693860094;42.68526693860095;42.68526693860094;42.68526693860094;42.68526693860095;42.68526693860094;42.68526693860094;42.68526693860095;42.68526693860095;42.68526693860095;42.68526693860095;42.68526693860094;42.68526693860094;42.68526693860094;42.68526693860094;42.68526693860094,16.205708552129636,11.963322622083767;12.175817776096755;12.395998208546803;12.624288526139804;12.861145201435306;13.107059619337592;13.362561479906592;13.628222607076511;13.904661220917074;14.192546740618427;14.492605196743536;14.805625344863401;15.13246558895829;15.474061842541062;15.831436479099976;16.205708552129636
102,Na_JVASP-76775_NaMgCd2.json,0.15770435333251953,0.06917500495910645;0.06483721733093262;0.22705626487731934;0.2697489261627197,0.2697489261627197,102.50189317962975,102.50189317962975;102.50189317962975;102.50189317962975;102.50189317962975,26.28890633084869,24.623143799650574;25.15443657401272;25.70916233505515;26.28890633084869
103,Li_JVASP-44569_Li2MgCu2Si4O12.json,4.143486261367798,3.389819860458374;3.3888394832611084;3.7028963565826416;3.713996171951294;3.931570291519165;3.938123941421509;4.116790056228638;4.130419969558716;4.4922449588775635;4.501498460769653;4.306703329086304;4.297258138656616;4.517948865890503;4.601035833358765;4.606667757034302;4.659966707229614,4.659966707229614,25.32487377921279,25.324873779212783;25.324873779212783;25.324873779212787;25.324873779212783;25.324873779212787;25.324873779212787;25.324873779212787;25.324873779212783;25.324873779212787;25.324873779212783;25.32487377921279;25.324873779212787;25.324873779212783;25.324873779212783;25.324873779212787;25.32487377921279,7.337252275643774,7.133915507037674;7.147120016795633;7.160373498932338;7.173676226394251;7.187028474159961;7.200430519259123;7.213882640791624;7.227385119946958;7.240938240023811;7.254542286449884;7.2681975468019235;7.281904310825988;7.295662870457941;7.309473519844181;7.323336555362597;7.337252275643774
104,Na_JVASP-93209_KNaMg6.json,-0.01041412353515625,0.2933344841003418;0.08788299560546875;-0.006037712097167969;-0.019942760467529297;-0.1194610595703125;-0.1488666534423828;-0.10776519775390625;-0.06245708465576172,0.2933344841003418,24.49523525769823,24.495235257698226;24.495235257698226;24.495235257698226;24.495235257698226;24.49523525769823;24.49523525769823;24.495235257698226;24.49523525769823,17.838919674270503,16.113006347838134;16.338832066603604;16.571077710520886;16.810020992001217;17.05595587546874;17.309193783867414;17.570064914269317;17.838919674270503
105,K_JVASP-93209_KNaMg6.json,-0.14871835708618164,0.11367917060852051;-0.20750832557678223;0.04931473731994629;-0.2790501117706299;-0.18181633949279785;-0.29181981086730957;-0.19710350036621094;-0.19544267654418945,0.11367917060852051,24.49523525769823,24.495235257698226;24.495235257698226;24.495235257698223;24.495235257698223;24.49523525769823;24.49523525769823;24.495235257698226;24.495235257698226,19.28640800345779,16.113006347838134;16.500873122623744;16.90787367161641;17.33545962615674;17.785233269608685;18.258967601486464;18.758629695946436;19.28640800345779
106,K_JVASP-93177_KMg6Bi.json,0.3171417713165283,0.41956567764282227;0.3424801826477051;0.30048274993896484;0.2586212158203125;0.2726008892059326;0.3396942615509033;0.2807803153991699;0.322908878326416,0.41956567764282227,24.641850392095332,24.64185039209533;24.641850392095325;24.64185039209533;24.64185039209533;24.641850392095332;24.64185039209533;24.64185039209533;24.641850392095325,9.313891321969892,8.504978869821583;8.611827170667343;8.721394305020125;8.833785384272028;8.949111008758528;9.067487630790387;9.189037946884369;9.313891321969892
107,Li_JVASP-147153_Li2MgNi3O8.json,4.077585697174072,4.182870626449585;3.9331820011138916;4.197787046432495;4.2011377811431885;4.34272837638855;4.356699228286743;4.2423789501190186;4.400986909866333;3.906405448913574;4.244393825531006;3.9574196338653564;4.097942590713501;3.7982842922210693;3.9674713611602783;3.777892589569092;3.6337904930114746,4.400986909866333,41.61279768103459,41.61279768103458;41.61279768103458;41.61279768103459;41.612797681034586;41.612797681034586;41.612797681034586;41.612797681034586;41.61279768103459;41.61279768103459;41.61279768103459;41.612797681034586;41.612797681034586;41.61279768103459;41.61279768103458;41.612797681034586;41.612797681034586,10.175262767753546,9.788352942475973;9.813229186471553;9.838232194228533;9.863362937161526;9.888622396636073;9.914011564096391;9.93953144119509;9.9651830399249;9.990967382752455;10.016885502754121;10.042938443754002;10.069127260464047;10.095453018626404;10.121916795157968;10.148519678297253;10.175262767753546
108,Li_JVASP-38815_LiMgAu2.json,1.7521603107452393,0.9735852479934692;0.9205015897750854;3.8885474801063538;2.4186314940452576;1.3581482768058777;1.2938008904457092;1.7198617458343506;1.4442057609558105,3.8885474801063538,83.88880316349349,83.88880316349348;83.88880316349349;83.88880316349349;83.88880316349349;83.88880316349349;83.88880316349349;83.88880316349348;83.88880316349348,7.993650925145806,7.879467430828859;7.895579232465674;7.911757059388441;7.928001318282491;7.944312419180013;7.960690775494566;7.977136804055996;7.993650925145806
109,Li_JVASP-94413_LiMg2.json,0.33498895168304443,0.8427973985671997;0.4523516893386841;0.38177621364593506;0.7582861185073853;0.29737281799316406;0.6944241523742676;0.541841983795166;0.12973332405090332;-0.05856966972351074;0.9544286727905273;0.16907620429992676;0.13467144966125488;0.17150473594665527;0.10207724571228027;0.20321965217590332;0.042267560958862305;0.08273196220397949;0.12980961799621582,0.9544286727905273,38.19094952847021,38.19094952847021;38.19094952847021;38.190949528470206;38.190949528470206;38.190949528470206;38.190949528470206;38.190949528470206;38.190949528470206;38.190949528470206;38.1909495284702;38.190949528470206;38.190949528470206;38.1909495284702;38.19094952847021;38.190949528470206;38.190949528470206;38.190949528470206;38.190949528470206,30.38988907295677,26.80367926281066;26.991039431035272;27.181037366902533;27.37372916939736;27.56917253965021;27.767426838543525;27.968553146821684;28.172614327832385;28.379675093034773;28.58980207041781;28.803063875980765;29.019531188436908;29.239276827311368;29.4623758346143;29.688905560281885;29.91894575158948;30.152578646754062;30.38988907295677
110,Li_JVASP-38522_Li3Mg.json,0.40381304423014325,1.5541069507598877;0.23103618621826172;0.3977084159851074;0.1879889965057373;0.4757869839668274;0.12130838632583618;0.11752098798751831;0.060749948024749756;0.06664574146270752;0.311557412147522;0.7401120662689209;0.26081228256225586;2.5075881481170654;0.3493220806121826;0.44047582149505615;-0.11506927013397217;-0.02823925018310547;-0.12359118461608887;-0.4599137306213379;2.527630090713501;-0.29497313499450684;0.22724270820617676;-0.5221302509307861;0.6578366756439209,2.527630090713501,69.6865603072687,69.68656030726869;69.68656030726869;69.6865603072687;69.68656030726869;69.68656030726869;69.68656030726868;69.68656030726869;69.68656030726869;69.68656030726869;69.68656030726869;69.68656030726869;69.68656030726869;69.68656030726869;69.68656030726869;69.68656030726868;69.68656030726869;69.68656030726869;69.68656030726868;69.68656030726869;69.6865603072687;69.68656030726869;69.6865603072687;69.68656030726868;69.68656030726869,133.088431188201,74.23739519010124;75.69265217791057;77.20610401827238;78.78131269782014;80.4221369534631;82.13276383266408;83.91774436908963;85.78203401361269;87.73103857697355;89.77066658106918;91.90738908663889;94.14830827339125;96.50123630374286;98.97478631531739;101.57847777567218;104.32285891545688;107.21964955958806;110.2819084344995;113.52422998869525;116.96297698449065;120.61655668264797;124.50575045925733;128.65410931688015;133.088431188201
111,Li_JVASP-81470_Ba2LiMg.json,-0.3201504945755005,-0.3201504945755005,-0.3201504945755005,281.8964538569138,281.8964538569138,87.61517280520141,87.61517280520141
112,Li_JVASP-93162_LiMg6C.json,0.332564115524292,0.4740755558013916;0.22336077690124512;0.35000526905059814;0.3875964879989624;0.2553589344024658;0.30498766899108887,0.4740755558013916,44.783804021046926,44.783804021046926;44.78380402104692;44.783804021046926;44.78380402104692;44.783804021046926;44.783804021046926,28.094231819436096,27.10806819073468;27.299723148346956;27.494107416321597;27.691279713901977;27.891300456904087;28.094231819436096
113,Na_JVASP-21448_Na6Mg2C4SO16.json,3.731250286102295,2.893063545227051;3.002324104309082;3.114068031311035;3.2780141830444336;3.6942262649536133;3.902285575866699;3.6805591583251953;3.8274497985839844;3.736204147338867;4.344123840332031;5.017910957336426;4.284773826599121,5.017910957336426,66.04102436447931,66.04102436447931;66.04102436447931;66.04102436447931;66.04102436447931;66.04102436447931;66.04102436447931;66.04102436447931;66.04102436447931;66.04102436447931;66.04102436447931;66.04102436447931;66.04102436447931,33.82290850343026,25.6401460384299;26.21674665943282;26.819877308059823;27.45141211322293;28.113405983146492;28.808116941573907;29.538031859586127;30.305896200933198;31.114748530712284;31.967960701717956;32.86928483902297;33.82290850343026
114,Ca_JVASP-100669_Ca2Mg.json,0.6029636859893799,0.5550128221511841;0.8643616437911987;1.8417367935180664;0.4453134536743164;0.18760037422180176;0.008919477462768555;0.38606929779052734;0.5346956253051758,1.8417367935180664,109.52371389339841,109.5237138933984;109.5237138933984;109.5237138933984;109.52371389339841;109.52371389339841;109.5237138933984;109.52371389339841;109.52371389339838,195.2066407457582,64.14231474213129;70.9473096072995;79.36758594060527;90.05571506707136;104.07048972986311;123.25126859524823;151.09981824548478;195.2066407457582
115,Ca_JVASP-92523_Ca2MgPd2.json,2.858081877231598,1.3476872444152832;1.3332538604736328;1.1407220363616943;1.2217462062835693;1.5615780353546143;2.6209676265716553;2.0074445009231567;1.4905108213424683;2.362806797027588;3.8082962036132812;3.4552100896835327;3.1827856302261353;3.593134820461273;5.094017207622528;4.87744665145874;6.631702303886414,6.631702303886414,49.15931850714184,49.15931850714183;49.15931850714184;49.15931850714183;49.159318507141826;49.15931850714183;49.15931850714184;49.15931850714183;49.159318507141826;49.15931850714183;49.15931850714183;49.159318507141826;49.159318507141826;49.15931850714183;49.159318507141826;49.159318507141826;49.15931850714183,13.834893472619838,10.558382009949192;10.727758687247526;10.90265821450002;11.083355193261985;11.270142736504797;11.463334055217329;11.663264211037324;11.870292055542414;12.084802379812961;12.307208301355237;12.537953919536564;12.77751727544569;13.026413657688224;13.285199302224111;13.554475542154673;13.834893472619838
116,K_JVASP-140282_K2Ca2MgS4O18.json,4.771093368530273,4.613373279571533;4.749922275543213;4.767258167266846;4.863890171051025;4.6066203117370605;4.8863701820373535;4.749901294708252;4.931411266326904,4.931411266326904,31.59065506817631,31.590655068176304;31.590655068176304;31.59065506817631;31.590655068176307;31.59065506817631;31.590655068176304;31.590655068176304;31.590655068176304,12.630655310094012,11.187667831251503;11.373287788285179;11.56517108262535;11.763640168342041;11.96904002043159;12.181740135897577;12.402136752057649;12.630655310094012
117,Li_JVASP-80701_Li2CaMg.json,0.4617435932159424,0.4887664318084717;0.4347207546234131,0.4887664318084717,450.55019890708434,450.55019890708434;450.5501989070843,375.77086760573025,342.44529944561566;375.77086760573025
118,Na_JVASP-147190_Na2MgFeF7.json,5.055613875389099,3.6727399826049805;3.6584510803222656;3.8741908073425293;3.823002338409424;3.704785108566284;3.6751868724823;3.8381011486053467;3.785076856613159;3.6803317070007324;3.708252429962158;3.7074270248413086;3.75302791595459;3.6944987773895264;3.750746011734009;3.741929531097412;3.8715147972106934;5.557617425918579;5.78666090965271;5.908356189727783;6.206424236297607;6.045857906341553;5.867620944976807;6.572151184082031;6.353492736816406;8.171245098114014;7.7340264320373535;7.0281853675842285;6.743955135345459;6.435215950012207;6.480237007141113;5.497848987579346;5.451486110687256,8.171245098114014,21.09337993865947,21.093379938659467;21.093379938659467;21.093379938659467;21.093379938659467;21.093379938659464;21.093379938659467;21.09337993865947;21.09337993865947;21.093379938659467;21.093379938659467;21.093379938659467;21.093379938659467;21.093379938659467;21.093379938659467;21.093379938659467;21.09337993865947;21.09337993865947;21.093379938659467;21.093379938659467;21.09337993865947;21.093379938659467;21.093379938659467;21.093379938659464;21.093379938659467;21.09337993865947;21.093379938659467;21.093379938659467;21.093379938659467;21.093379938659467;21.093379938659467;21.093379938659467;21.093379938659467,7.806535026737279,6.464584674213911;6.500631914201075;6.5370834151959665;6.573946016079738;6.611226710866079;6.648932653125082;6.687071160559334;6.725649719738431;6.764675990998317;6.804157813512191;6.844103210540038;6.884520394864164;6.925417774418462;6.966803958119531;7.008687761908122;7.051078215009833;7.09398456642438;7.137416291653253;7.181383099676012;7.225894940186046;7.2709620110970885;7.316594766332412;7.362803923909173;7.409600474331061;7.456995689303051;7.505001130782752;7.553628660383663;7.602890449146349;7.652798987694491;7.703367096793573;7.754607938330989;7.806535026737279
119,Ca_JVASP-94760_RbCaMg6.json,0.6867885589599609,1.0408470630645752;0.8155500888824463;0.5649938583374023;0.6826663017272949;0.5610544681549072;0.6664073467254639;0.43828511238098145;0.7245042324066162,1.0408470630645752,23.243476586472298,23.243476586472294;23.243476586472294;23.243476586472294;23.243476586472298;23.243476586472298;23.243476586472298;23.243476586472298;23.243476586472294,14.177224426976153,12.34518763330735;12.577373017841008;12.818459589988414;13.068969214287803;13.329465363364573;13.600557349015826;13.882905080319102;14.177224426976153
120,Li_JVASP-104590_LiMgCd2.json,1.0670795440673828,0.2921783924102783;0.39806246757507324;1.099703073501587;2.055236577987671;0.8370234966278076;0.9422671794891357;1.2042672634124756;1.7078979015350342,2.055236577987671,69.99577847180362,69.9957784718036;69.9957784718036;69.99577847180362;69.9957784718036;69.99577847180362;69.9957784718036;69.9957784718036;69.99577847180362,13.401028802674812,13.08318559968012;13.12766554570654;13.172448967499815;13.21753898150244;13.26293874697449;13.308651466731506;13.354680387897695;13.401028802674812
121,K_JVASP-101709_KNaMg2F6.json,2.886122703552246,2.2828307151794434;2.228410243988037;2.858839988708496;4.357488632202148;3.2741756439208984;3.1560277938842773;2.8157505989074707;2.1154580116271973,4.357488632202148,44.868735905898816,44.86873590589881;44.86873590589881;44.86873590589881;44.86873590589881;44.8687359058988;44.86873590589881;44.86873590589881;44.868735905898816,17.588353441278567,14.910355189100379;15.241887465590903;15.588498277709967;15.951240251118985;16.33126632347756;16.729841985356174;17.148359358476924;17.588353441278567
122,Na_JVASP-113076_NaCaMgAlSi4O12.json,2.8910107612609863,2.6324501037597656;2.598475456237793;2.776797294616699;2.7858753204345703;2.9149837493896484;2.9796667098999023;3.1756949424743652;3.2641425132751465,3.2641425132751465,26.1247175132054,26.124717513205397;26.1247175132054;26.124717513205397;26.12471751320539;26.124717513205393;26.124717513205397;26.124717513205397;26.124717513205397,8.405448105690326,8.001605742987422;8.056905244814383;8.112974421206983;8.169829453606246;8.227486980246995;8.285964112391243;8.345278451258801;8.405448105690326
123,Na_JVASP-153265_NaMgSO4F.json,5.3926591873168945,3.8465633392333984;3.953306198120117;4.322208881378174;4.77174711227417;5.235586166381836;5.808844566345215;6.058529376983643;6.141581058502197;5.955069541931152;6.029901504516602;6.480628252029419;6.0861976146698;5.466116666793823;5.363504648208618;5.471269607543945;5.291492462158203,6.480628252029419,30.3207766570269,30.320776657026894;30.3207766570269;30.320776657026897;30.320776657026894;30.320776657026897;30.320776657026894;30.320776657026897;30.320776657026897;30.320776657026897;30.320776657026897;30.3207766570269;30.320776657026897;30.320776657026894;30.320776657026897;30.320776657026894;30.3207766570269,11.896722411035071,10.31741932844299;10.409544566833752;10.50332981802685;10.598820357812327;10.696063123577618;10.795106791238036;10.896001856481416;10.998800720611758;11.103557781298582;11.210329528562088;11.319174646350115;11.430154120090537;11.543331350633379;11.658772275029857;11.776545494631923;11.896722411035071
124,K_JVASP-94219_KMg6Cu.json,-0.2861642837524414,0.018520593643188477;-0.337019681930542;0.011057138442993164;-0.36424994468688965;-0.19180727005004883;-0.5936622619628906;-0.25097179412841797;-0.5811810493469238,0.018520593643188477,26.69862692017601,26.69862692017601;26.69862692017601;26.69862692017601;26.69862692017601;26.698626920176007;26.69862692017601;26.69862692017601;26.69862692017601,15.635833880962407,13.483024884822653;13.753545953682112;14.035144657744743;14.328515651092722;14.634412908057017;14.953656193443146;15.287138398513848;15.635833880962407
125,Na_JVASP-22972_NaMg4As3O12.json,5.857102394104004,3.5092010498046875;3.7423572540283203;3.9637136459350586;4.042771339416504;8.593718528747559;8.019461631774902;8.048252582550049;6.937343120574951,8.593718528747559,24.367746581610795,24.367746581610792;24.36774658161079;24.367746581610792;24.367746581610792;24.367746581610792;24.367746581610792;24.367746581610795;24.367746581610795,6.481912753206996,6.239085206669132;6.272654958416901;6.30658791230012;6.340889994783206;6.375567261973941;6.410625903187965;6.446072244631511;6.481912753206996
126,K_JVASP-119499_KMg3AlGe3O10F2.json,3.0094594955444336,3.1661014556884766;2.928311347961426;3.036470890045166;2.906954288482666,3.1661014556884766,42.439826506080514,42.439826506080514;42.43982650608051;42.439826506080514;42.439826506080514,12.74847951443569,12.074792175303566;12.291301503467372;12.515716915469154;12.74847951443569
127,Li_JVASP-139344_LiMgPd.json,0.8470219969749451,1.4230996370315552;-0.07656538486480713;1.1336082220077515;0.6334646940231323;0.5280707478523254;0.39099472761154175;0.5327954888343811;0.3301534056663513;1.5417240858078003;1.031466007232666;0.15498989820480347;2.5404624342918396,2.5404624342918396,71.59669280085582,71.59669280085582;71.59669280085582;71.59669280085582;71.59669280085582;71.59669280085582;71.59669280085582;71.59669280085582;71.5966928008558;71.59669280085582;71.59669280085582;71.5966928008558;71.59669280085582,17.009890807050027,16.22373556355667;16.292188729170775;16.3612219943173;16.43084276436783;16.501058571278854;16.57187707630811;16.64330607280119;16.715353489050557;16.78802739122906;16.86133598640039;16.935287625608726;17.009890807050027
128,Na_JVASP-99449_KNaMg2F6.json,2.6565656661987305,1.8738303184509277;1.87788724899292;1.9864416122436523;1.8425207138061523;1.877823829650879;1.8079643249511719;2.7553188800811768;2.6468255519866943;3.391118049621582;3.2597475051879883;3.3869094848632812;3.3665599822998047;2.9236087799072266;2.772510528564453;3.0298733711242676;3.018184185028076;2.846143960952759;3.1549136638641357,3.391118049621582,19.916375180542957,19.916375180542953;19.916375180542957;19.91637518054295;19.916375180542953;19.916375180542957;19.91637518054295;19.916375180542953;19.916375180542953;19.916375180542953;19.916375180542953;19.916375180542953;19.91637518054295;19.91637518054295;19.916375180542953;19.91637518054295;19.916375180542953;19.916375180542953;19.916375180542953,7.335703287408396,6.626824528489058;6.664709109090412;6.7030293413925515;6.7417927834824045;6.7810071692967;6.820680413766143;6.860820618141234;6.901436075507242;6.942535276496251;6.984126915204527;7.026219895323841;7.068823336495895;7.111946580899302;7.155599200079173;7.199791002029761;7.244532038541192;7.289832612821824;7.335703287408396
129,Li_JVASP-93163_LiMg6Bi.json,0.5831224918365479,0.6935572624206543;0.7470545768737793;0.5020453929901123;0.6644394397735596;0.4275016784667969;0.5701792240142822;0.4688243865966797;0.5913779735565186,0.7470545768737793,29.920150355108554,29.920150355108547;29.920150355108554;29.920150355108547;29.92015035510855;29.920150355108547;29.920150355108547;29.920150355108554;29.920150355108547,9.41915140846525,9.26101507869462;9.283280109056964;9.305652455143717;9.328132894709478;9.350722213042584;9.37342120305657;9.396230665382928;9.41915140846525
130,Li_JVASP-45969_Li3MgPCO7.json,4.595241149266561,2.9459402561187744;3.1247007846832275;3.605168104171753;4.047483205795288;5.314529657363892;5.360781908035278;4.801292181015015;4.701129674911499;4.495624780654907;4.791610956192017;6.621445894241333;6.320956468582153;5.437724351882935;5.282605409622192;4.477126359939575;4.5967419147491455;4.360034227371216;4.367221117019653;4.309051275253296;4.119684934616089;4.16822361946106;4.117966890335083;4.489931344985962;4.428812265396118,6.621445894241333,42.4145177067202,42.41451770672019;42.41451770672019;42.41451770672018;42.41451770672019;42.41451770672019;42.4145177067202;42.41451770672019;42.41451770672019;42.4145177067202;42.41451770672019;42.4145177067202;42.41451770672019;42.4145177067202;42.41451770672019;42.4145177067202;42.4145177067202;42.41451770672019;42.4145177067202;42.4145177067202;42.41451770672018;42.41451770672019;42.41451770672019;42.41451770672019;42.41451770672019,18.596344615553612,16.741863312664663;16.814768415636458;16.888311249409714;16.962500218482084;17.037343875683902;17.11285092546515;17.189030227270177;17.265890799003007;17.34344182058598;17.421692637614747;17.500652765112708;17.580331891387914;17.660739881995926;17.741886783811804;17.823782829215;17.906438440390566;17.989864233750705;18.074071024480446;18.159069831211553;18.244871880829038;18.33148861341449;18.418931687330925;18.507212984453876;18.596344615553612
131,Li_JVASP-15910_LiMgSbPd.json,0.34401214122772217,0.041556358337402344;0.3306446075439453;0.3880530595779419;0.35374248027801514;0.11805558204650879;0.43568968772888184;0.5167235136032104;0.5676318407058716,0.5676318407058716,79.0486579390465,79.04865793904649;79.04865793904649;79.0486579390465;79.0486579390465;79.0486579390465;79.04865793904649;79.04865793904649;79.0486579390465,13.223408165354074,12.913837356852778;12.957171354975017;13.000797157596415;13.044717722124473;13.088936046066165;13.133455167709906;13.17827816682144;13.223408165354074
132,Li_JVASP-38324_LiCa2Mg.json,0.8521263599395752,-0.017963886260986328;0.023927688598632812;0.6011208295822144;1.5331741571426392;1.350569725036621;0.7374334335327148;0.9025688171386719;1.6861801147460938,1.6861801147460938,45.37718655432723,45.37718655432721;45.37718655432722;45.377186554327224;45.37718655432723;45.377186554327224;45.377186554327224;45.377186554327224;45.377186554327224,31.806977164459216,30.072935585886142;30.30898912794222;30.54877773015876;30.792390748904356;31.039920413770666;31.291461943992676;31.547113670575833;31.806977164459216
133,Li_JVASP-119603_LiMg17Al11.json,0.30382245779037476,0.30382245779037476,0.30382245779037476,76.95733583522868,76.95733583522868,37.384048468061934,37.384048468061934
134,K_JVASP-45297_K6MgO4.json,3.6365010142326355,1.2706365585327148;1.283909797668457;1.7594358921051025;2.01133131980896;2.289640426635742;2.7092671394348145;2.2409820556640625;2.887631893157959;3.652583599090576;3.274721145629883;2.8025522232055664;3.3946433067321777;5.050930023193359;4.6772637367248535;4.8037707805633545;3.862961530685425;4.1644978523254395;3.9801363945007324;4.239187955856323;4.208714723587036;5.705660700798035;5.930603861808777;5.288714647293091;5.7862467765808105,5.930603861808777,54.244953963661985,54.24495396366198;54.24495396366198;54.244953963661985;54.24495396366198;54.24495396366196;54.24495396366197;54.24495396366198;54.24495396366198;54.24495396366198;54.24495396366197;54.24495396366198;54.24495396366198;54.24495396366198;54.24495396366197;54.24495396366197;54.24495396366197;54.24495396366197;54.24495396366198;54.24495396366196;54.24495396366197;54.24495396366197;54.24495396366197;54.24495396366197;54.24495396366197,68.31732602695558,20.75109336818636;21.398878649843002;22.088410868802182;22.823860005764505;23.609970539478365;24.452163911596365;25.356663732940884;26.330649845891795;27.382449311666882;28.521775077061584;29.76002681042679;31.11067365756576;32.58974618017134;34.2164756260166;36.014134714324406;38.011158155986486;40.2426578642887;42.75250516807922;45.59624403174941;48.845249781550066;52.592802250830076;56.963186942019796;62.12574520374289;68.31732602695558
135,Li_JVASP-35122_BaLi2MgP2O8.json,4.843553304672241,3.412310838699341;3.5453970432281494;4.322587251663208;5.087932825088501;6.434015989303589;6.9336936473846436;5.749138593673706;5.754256010055542;5.8467137813568115;5.544733762741089;4.277097940444946;4.313152551651001;3.83640456199646;3.8149325847625732;4.41626238822937;4.208223104476929,6.9336936473846436,35.28574081430523,35.28574081430523;35.28574081430523;35.28574081430523;35.28574081430523;35.28574081430522;35.28574081430523;35.28574081430522;35.28574081430523;35.28574081430522;35.28574081430523;35.28574081430522;35.28574081430523;35.28574081430523;35.28574081430522;35.28574081430523;35.28574081430523,9.50562603967575,9.167118704153022;9.188934006331573;9.210853385409102;9.232877587964868;9.255007367735875;9.277243485702847;9.299586710177467;9.322037816890868;9.344597589083396;9.36726681759572;9.390046300961213;9.41293684549975;9.435939265412815;9.459054382880066;9.482283028157276;9.50562603967575
136,Li_JVASP-71039_LiMg2Be.json,0.7741127014160156,0.266948938369751;0.26377439498901367;0.6065250635147095;0.46195852756500244;0.5029585361480713;0.3030822277069092;2.108067274093628;1.6945154666900635;0.9738528728485107;1.0648291110992432;0.32493436336517334;0.46060240268707275;1.3546278476715088;1.3665106296539307;0.5799899101257324;0.6426486968994141;0.3873312473297119;0.570871114730835,2.108067274093628,36.99964998961209,36.99964998961209;36.99964998961208;36.99964998961209;36.99964998961209;36.99964998961209;36.99964998961209;36.99964998961208;36.99964998961209;36.99964998961208;36.99964998961209;36.99964998961209;36.99964998961209;36.99964998961208;36.99964998961209;36.99964998961208;36.99964998961208;36.99964998961208;36.99964998961209,25.668468094904814,23.062233623001962;23.200803117124238;23.341047867400444;23.48299843846964;23.62668614304619;23.772143064947265;23.919402082976244;24.06849689569931;24.219462047154494;24.37233295353435;24.527145930885602;24.68393822387115;24.842748035642423;25.003614558872336;25.16657800800176;25.331679652755355;25.4989618529853;25.668468094904814
137,Na_JVASP-74985_NaMg2Be.json,0.42760515213012695,-0.10370445251464844;-0.10305976867675781;1.0358859300613403;2.010274291038513;0.013037919998168945;0.4272611141204834;0.09588956832885742;0.045256614685058594,2.010274291038513,72.6021544410315,72.6021544410315;72.6021544410315;72.6021544410315;72.6021544410315;72.6021544410315;72.6021544410315;72.60215444103149;72.60215444103149,55.378711534866994,41.55941044650134;43.095722207302664;44.74997855030196;46.53630377606299;48.47117120274375;50.57391268305383;52.86736675637102;55.378711534866994
138,Na_JVASP-107542_NaLaMgTeO6.json,2.9052553176879883,2.5184245109558105;2.499345302581787;2.427119731903076;2.6914801597595215;2.722874641418457;3.0393762588500977;3.532276153564453;3.811145782470703,3.811145782470703,45.4682376526944,45.46823765269439;45.46823765269439;45.46823765269439;45.468237652694384;45.4682376526944;45.4682376526944;45.4682376526944;45.468237652694384,8.59725951494291,8.175238274342757;8.232972440129146;8.291527851917868;8.350922158085936;8.41117351633791;8.472300612213258;8.534322678406614;8.59725951494291
139,Ca_JVASP-94788_CaMg6Ni.json,0.836449384689331,0.6520159244537354;0.9304077625274658;0.8446069955825806;1.1437286138534546;0.4660515785217285;0.91741943359375;0.6291999816894531;1.1081647872924805,1.1437286138534546,30.59108065630656,30.591080656306556;30.591080656306552;30.591080656306556;30.591080656306556;30.59108065630656;30.591080656306556;30.591080656306556;30.59108065630656,15.988807356444024,13.696508565114055;13.98289619082672;14.281516051063141;14.593168945531454;14.918727133923085;15.259142488778382;15.61545579060826;15.988807356444024
140,Li_JVASP-78963_LiMg2.json,0.5951228141784668,0.17447710037231445;0.2742304801940918;0.24672985076904297;0.5402212142944336;0.763801097869873;0.9516968727111816;0.993617057800293;0.8215675354003906;0.5137470960617065;0.450628399848938;0.6931295394897461;0.5153160095214844;0.9039051532745361;0.2587697505950928;0.232940673828125;0.9918050765991211;0.38816237449645996;0.9974653720855713,0.9974653720855713,39.80721417072646,39.80721417072646;39.80721417072645;39.80721417072645;39.80721417072645;39.80721417072645;39.80721417072645;39.80721417072645;39.80721417072645;39.807214170726446;39.80721417072645;39.80721417072645;39.807214170726446;39.80721417072645;39.80721417072646;39.80721417072645;39.80721417072645;39.80721417072645;39.80721417072645,30.38988907295677,26.80367926281066;26.991039431035272;27.181037366902533;27.37372916939736;27.56917253965021;27.767426838543525;27.968553146821684;28.172614327832385;28.379675093034773;28.58980207041781;28.803063875980765;29.019531188436908;29.239276827311368;29.4623758346143;29.688905560281885;29.91894575158948;30.152578646754062;30.38988907295677
141,Li_JVASP-105920_LiMg2Pb.json,0.2448725700378418,0.1757737398147583;0.23590409755706787;0.10540390014648438;0.1442732810974121;0.2850229740142822;0.5180041790008545;0.24678778648376465;0.24781060218811035,0.5180041790008545,60.384614965663154,60.38461496566315;60.38461496566314;60.384614965663154;60.384614965663154;60.384614965663154;60.38461496566315;60.38461496566315;60.384614965663154,13.052112236658294,12.750418343370297;12.792660741213101;12.835183969315603;12.877990837484948;12.921084193137892;12.964466921932155;13.008141948410575;13.052112236658294
142,Li_JVASP-141755_Li3Mg5Bi3Pb.json,1.1191530227661133,0.7291152477264404;1.3501356840133667;1.2782081365585327,1.3501356840133667,140.08032639705615,140.08032639705615;140.08032639705615;140.08032639705615,27.842593906539566,27.446777046905495;27.643268649367933;27.842593906539566
143,K_JVASP-91830_KMg6W.json,-0.19643211364746094,0.36473584175109863;-0.08594298362731934;-0.7092183828353882;-0.35530292987823486,0.36473584175109863,59.903846601997664,59.903846601997664;59.90384660199766;59.903846601997664;59.903846601997664,19.739217633034134,18.16959413343766;18.66431047026735;19.18672083211295;19.739217633034134
144,Li_JVASP-93160_LiMg6Sb.json,0.5064985752105713,0.3054325580596924;0.6774466037750244;0.24811649322509766;0.5526065826416016;0.4890648126602173;0.6569408178329468;0.5270258188247681;0.5953549146652222,0.6774466037750244,31.04092562985282,31.04092562985281;31.040925629852815;31.04092562985282;31.040925629852815;31.040925629852808;31.040925629852815;31.040925629852815;31.040925629852815,12.47938169064443,12.203303707555389;12.241993179170903;12.28092875398128;12.32011278766729;12.359547666070448;12.399235805677291;12.43917965411297;12.47938169064443
145,Ca_JVASP-100870_CaMg3.json,1.3316419124603271,0.2968871593475342;0.2975637912750244;2.0483295917510986;3.1919734477996826;0.6546595096588135;1.494598627090454;1.521697998046875;1.1474251747131348,3.1919734477996826,54.59316816226429,54.59316816226428;54.59316816226428;54.593168162264284;54.593168162264284;54.59316816226429;54.59316816226428;54.593168162264284;54.593168162264284,42.99256872994638,29.649493067171317;31.025044811476675;32.534440124293035;34.198212809726954;36.04132334422283;38.09441970497092;40.39555516870409;42.99256872994638
146,Li_JVASP-63423_LiMgAsO4.json,4.796862840652466,3.4922521114349365;3.4671313762664795;3.485236406326294;3.595628023147583;3.916351556777954;4.18306565284729;4.755251169204712;5.0582640171051025;5.462163686752319;5.68343710899353;6.1486122608184814;6.291828393936157;5.608111619949341;5.250751733779907;5.0446202754974365;5.307100057601929,6.291828393936157,36.07103927534312,36.07103927534311;36.07103927534311;36.07103927534311;36.07103927534311;36.07103927534312;36.07103927534312;36.07103927534311;36.07103927534312;36.07103927534311;36.07103927534312;36.071039275343104;36.07103927534311;36.07103927534311;36.07103927534312;36.07103927534312;36.07103927534311,10.235322789768356,9.843919820676874;9.869079666066149;9.894368451937037;9.919787172037246;9.945336830352586;9.971018441239128;9.996833029557477;10.022781630809073;10.048865291274673;10.075085068154976;10.101442029713448;10.12793725542142;10.154571836105445;10.18134687409702;10.20826348338465;10.235322789768356
147,Na_JVASP-93143_NaMg6Si.json,0.5706468820571899,1.381629228591919;1.119361162185669;0.5925132036209106;0.36901700496673584;0.45004475116729736;0.22517859935760498;0.220811128616333;0.2066199779510498,1.381629228591919,31.39976500515747,31.39976500515747;31.39976500515747;31.399765005157462;31.399765005157466;31.39976500515747;31.399765005157466;31.39976500515747;31.399765005157466,18.95016646465602,17.014197651434678;17.26618790912778;17.525754625992473;17.793244713377653;18.06902659008954;18.353491875378552;18.64705724440286;18.95016646465602
148,Li_JVASP-134183_LiMgBi.json,1.17244553565979,0.23076915740966797;0.48317861557006836;0.5374690294265747;0.5123287439346313;0.8907815217971802;0.797754168510437;1.3163022994995117;1.4230420589447021;1.2933645844459534;1.316364347934723;1.1269932389259338;1.1595094799995422;1.4280789494514465;1.4038053154945374;2.286557137966156;2.552829921245575,2.552829921245575,36.76905432827704,36.76905432827704;36.769054328277036;36.76905432827703;36.769054328277036;36.769054328277036;36.769054328277036;36.769054328277036;36.769054328277036;36.76905432827703;36.76905432827703;36.76905432827704;36.76905432827703;36.769054328277036;36.769054328277036;36.769054328277036;36.769054328277036,7.167115476522686,6.972974598418177;6.985589515228215;6.99825015844706;7.010956777148994;7.023709622220549;7.0365089463770225;7.049355004179171;7.062248052050083;7.075188348292246;7.088176153104793;7.101211728600942;7.114295338825631;7.127427249773347;7.140607729406149;7.153837047671899;7.167115476522686
149,Li_JVASP-41002_LiMg2Rh.json,0.9239210486412048,-0.10586738586425781;-0.06282854080200195;4.188864469528198;2.8849446773529053;-0.04955488443374634;0.2405584454536438;0.15891003608703613;0.13634157180786133,4.188864469528198,86.70451854008819,86.70451854008819;86.70451854008817;86.70451854008817;86.70451854008819;86.70451854008817;86.70451854008817;86.70451854008817;86.70451854008817,21.985276717083263,21.142617501578595;21.25902079153042;21.37671292271398;21.49571541976575;21.616050289309285;21.737740033522208;21.86080766416405;21.985276717083263
150,Li_JVASP-39247_LiMg2.json,0.4951210021972656,0.2209184169769287;0.19488787651062012;0.2500746250152588;0.2259228229522705;0.2741398811340332;0.34241199493408203;0.3894641399383545;0.44890570640563965;0.3956894874572754;0.4349031448364258;0.5293025970458984;0.44565773010253906;1.3150159120559692;1.0556658506393433;0.8232684135437012;0.675349235534668;0.7717196941375732;0.52303147315979;0.8944005966186523;0.7120161056518555;0.1863267421722412;0.31182074546813965;0.2091667652130127;0.25284409523010254,1.3150159120559692,29.60549502384521,29.605495023845208;29.60549502384521;29.605495023845208;29.605495023845204;29.605495023845208;29.605495023845208;29.605495023845208;29.605495023845208;29.605495023845208;29.6054950238452;29.605495023845204;29.605495023845204;29.605495023845204;29.605495023845204;29.605495023845208;29.605495023845208;29.605495023845204;29.6054950238452;29.605495023845204;29.60549502384521;29.605495023845208;29.605495023845208;29.605495023845204;29.605495023845204,22.837351116890193,20.102759447107996;20.20796569141813;20.3142789065391;20.42171665604576;20.530296877048023;20.640037890174202;20.750958409876223;20.86307755506895;20.976414860116265;21.090990286177203;21.206824232925978;21.32393755066034;21.442351552813363;21.56208802888445;21.683169257806004;21.80561802176301;21.92945762048353;22.054711886018918;22.181405198033506;22.309562499624267;22.439209313692114;22.570371759887347;22.70307657215292;22.837351116890193
151,Na_JVASP-147551_Na2MgGaF7.json,6.3611977100372314,3.671642303466797;3.4874911308288574;3.6275670528411865;3.5700013637542725;3.5740628242492676;3.395267963409424;3.5809028148651123;3.449143648147583;3.770979881286621;3.856968402862549;3.800419330596924;3.8735275268554688;3.84246826171875;3.8870859146118164;3.869640350341797;3.9044904708862305;9.358186721801758;10.818117141723633;11.802694320678711;13.326614379882812;10.504091501235962;9.922092199325562;10.180180788040161;9.786692380905151;9.682459592819214;8.541762590408325;7.294853448867798;6.701045751571655;7.331110000610352;7.1221818923950195;6.074743032455444;5.949841737747192,13.326614379882812,20.430542770251183,20.430542770251183;20.430542770251183;20.430542770251183;20.43054277025118;20.43054277025118;20.43054277025118;20.430542770251183;20.43054277025118;20.43054277025118;20.43054277025118;20.430542770251183;20.43054277025118;20.430542770251183;20.43054277025118;20.43054277025118;20.43054277025118;20.430542770251183;20.43054277025118;20.430542770251183;20.43054277025118;20.430542770251183;20.43054277025118;20.430542770251183;20.43054277025118;20.43054277025118;20.43054277025118;20.430542770251183;20.430542770251183;20.43054277025118;20.430542770251183;20.430542770251183;20.430542770251183,7.332307202139046,6.13595206609689;6.168418275646572;6.201229879545418;6.234392419026681;6.267911554493107;6.301793068737824;6.336042870270254;6.370666996751072;6.405671618540422;6.4410630423637505;6.47684771509983;6.513032227695765;6.5496233192139774;6.586627881016358;6.6240529610910945;6.661905768527823;6.70019367814712;6.738924235290546;6.778105160777802;6.817744356037808;6.8578499084209055;6.898430096699644;6.9394933967660455;6.981048487533556;7.0231042570523385;7.065669808846933;7.108754468485802;7.152367790392698;7.196519564910317;7.241219825627203;7.286478856979412;7.332307202139046
152,K_JVASP-90450_KMg6Nb.json,-0.025144100189208984,0.8248553276062012;0.10457324981689453;-0.4111745357513428;-0.6188304424285889,0.8248553276062012,56.77375008229985,56.77375008229984;56.77375008229984;56.77375008229984;56.77375008229985,26.962072317004207,24.116393030120566;24.99577600433223;25.941717835597593;26.962072317004207
153,K_JVASP-38434_K3Mg.json,0.5010099411010742,0.9185707569122314;0.18442463874816895;0.5440220832824707;0.24835586547851562;0.2870297431945801;0.5773539543151855;0.18738913536071777;0.07949185371398926;0.11270570755004883;0.29141902923583984;0.3784627914428711;2.2028937339782715,2.2028937339782715,52.89910605505556,52.89910605505555;52.89910605505555;52.899106055055555;52.899106055055555;52.899106055055555;52.899106055055555;52.899106055055555;52.89910605505555;52.899106055055555;52.89910605505555;52.89910605505556;52.899106055055555,196.60956277411844,47.319032995629065;50.82764135250778;54.89823159855862;59.67757932863119;65.36844634891337;72.25908887163993;80.77362802759626;91.5627891665039;105.67857414799825;124.93995224159771;152.78760026765488;196.60956277411844
154,K_JVASP-91951_KMg3O4.json,-0.31345200538635254,2.3431291580200195;1.3618879318237305;0.2830641269683838;-0.40977978706359863;-0.36290574073791504;-1.118957757949829;-1.3784191608428955;-3.225634813308716,2.3431291580200195,60.41554230721393,60.41554230721393;60.41554230721393;60.41554230721392;60.415542307213926;60.41554230721392;60.415542307213926;60.41554230721393;60.415542307213926,23.626148293939156,19.033964204142407;19.577573902250858;20.153147455220083;20.763589433490665;21.41216731973718;22.102570016627233;22.83897805066386;23.626148293939156
155,Na_JVASP-139410_NaMgP.json,1.0661621689796448,0.15902721881866455;0.18652892112731934;0.383273184299469;0.2500379681587219;0.352402925491333;0.40929174423217773;0.8385332822799683;1.1205161809921265;2.1465914249420166;0.9600822925567627;1.3207082748413086;4.666952610015869,4.666952610015869,48.80565979099419,48.80565979099419;48.805659790994184;48.805659790994184;48.80565979099419;48.80565979099419;48.805659790994184;48.805659790994184;48.805659790994184;48.805659790994184;48.805659790994184;48.805659790994184;48.80565979099419,39.05015006890239,28.535820764319222;29.251831012408832;30.004697778631105;30.797342016258003;31.633001708896387;32.515276081869324;33.44817742445513;34.43619209668654;35.48435267761199;36.59832370339025;37.78450407841834;39.05015006890239
156,Li_JVASP-111952_Li3MgNi4O8.json,3.4285452365875244,2.243256092071533;2.734394073486328;2.67933988571167;2.8037309646606445;3.0892105102539062;3.1757540702819824;3.189750909805298;3.1637356281280518;3.4888803958892822;3.521576166152954;3.4072439670562744;3.6064836978912354;3.368417739868164;3.476762294769287;3.3189895153045654;3.5322444438934326;3.9188480377197266;4.016684055328369;3.8994483947753906;4.086445331573486;3.647575616836548;3.965770959854126;3.7996766567230225;4.150866270065308,4.150866270065308,39.94981020016326,39.94981020016325;39.94981020016325;39.949810200163256;39.949810200163256;39.94981020016325;39.94981020016325;39.949810200163256;39.949810200163256;39.94981020016324;39.94981020016325;39.949810200163256;39.94981020016325;39.94981020016325;39.94981020016325;39.94981020016325;39.949810200163256;39.94981020016326;39.94981020016325;39.94981020016325;39.94981020016325;39.949810200163256;39.94981020016325;39.94981020016325;39.94981020016325,8.635801577877094,8.213315647827805;8.230823183961908;8.248405517801695;8.266063129712316;8.28379650418108;8.301606129861757;8.31949249961947;8.337456110576154;8.355497464156619;8.373617066135205;8.391815426683042;8.410093060415933;8.428450486442866;8.446888228415157;8.465406814576243;8.484006777812127;8.5026886557025;8.521452990572522;8.540300329545316;8.559231224595134;8.57824623260124;8.59734591540253;8.61653083985285;8.635801577877094
157,K_JVASP-10207_K2MgC2O6.json,3.337707042694092,2.85178804397583;2.865248203277588;2.983769416809082;2.915241241455078;3.1260972023010254;3.0860953330993652;3.105881690979004;3.0114355087280273;3.5055150985717773;3.4912824630737305;3.5970044136047363;3.7606749534606934;3.6266374588012695;3.7849016189575195;3.8948278427124023;3.79691219329834,3.8948278427124023,41.89691723134315,41.89691723134315;41.89691723134315;41.896917231343146;41.896917231343146;41.896917231343146;41.89691723134315;41.896917231343146;41.896917231343146;41.89691723134315;41.896917231343146;41.896917231343146;41.89691723134315;41.896917231343146;41.89691723134315;41.89691723134315;41.896917231343146,22.45280614917466,15.05569927897922;15.393799801207594;15.74743437420341;16.117698739401686;16.505794174953664;16.913040515228;17.3408911464446;17.790950337455833;18.264993341218045;18.764989797878698;19.293131089947746;19.851862450722965;20.443920818290675;21.072379671459746;21.740702397681265;22.45280614917466
158,Na_JVASP-12938_Na2MgCl4.json,4.4951587319374084,2.0112977027893066;1.924246072769165;2.3481613397598267;2.545815587043762;2.892223596572876;3.7068169116973877;3.2568531036376953;3.846196174621582;4.238877892494202;6.233254551887512;6.14973258972168;8.63858675956726;7.321245431900024;6.365072011947632;4.7744070291519165;4.440120100975037;3.9970250129699707;3.872464418411255;3.455088973045349;3.5809181928634644;4.309033155441284;4.731030702590942;5.80124831199646;7.444093942642212,8.63858675956726,23.94006248891555,23.940062488915544;23.94006248891555;23.940062488915547;23.940062488915547;23.940062488915547;23.940062488915547;23.940062488915547;23.94006248891555;23.94006248891555;23.940062488915547;23.94006248891555;23.940062488915547;23.94006248891555;23.940062488915547;23.94006248891555;23.940062488915547;23.940062488915547;23.940062488915547;23.940062488915547;23.940062488915547;23.940062488915547;23.940062488915547;23.940062488915547;23.940062488915547,13.291789416052996,10.5303782666909;10.626363506461743;10.724114669028495;10.823680940646858;10.925113351337336;11.028464862095253;11.133790457098105;11.241147241247488;11.35059454340927;11.462194025744077;11.576009799551516;11.692108548085352;11.810559656834048;11.931435351801463;12.0548108463668;12.180764497351275;12.309377970971978;12.440736419421526;12.574928668875772;12.712047419801898;12.85218946051611;12.995455895024792;13.141952386276257;13.291789416052996
159,Li_JVASP-141314_LiMgAlH6.json,1.3030948638916016,1.2728431224822998;1.2896649837493896;1.2390832901000977;1.2493290901184082;1.2610650062561035;1.2976932525634766;1.2422864437103271;1.2719018459320068;1.2988994121551514;1.2652699947357178;1.3420281410217285;1.313075065612793;1.2807941436767578;1.246464729309082;1.2707598209381104;1.2871501445770264;1.4287774562835693;1.341949224472046;1.450150966644287;1.359628677368164;1.3326668739318848;1.2747912406921387;1.3660149574279785;1.2919888496398926,1.450150966644287,23.32178737293137,23.321787372931368;23.32178737293137;23.321787372931368;23.321787372931368;23.32178737293137;23.321787372931365;23.321787372931368;23.321787372931368;23.321787372931368;23.321787372931365;23.32178737293137;23.321787372931368;23.32178737293137;23.32178737293137;23.321787372931368;23.321787372931365;23.321787372931365;23.321787372931365;23.321787372931368;23.321787372931365;23.32178737293137;23.321787372931368;23.321787372931368;23.32178737293137,19.379777022448913,17.37417793882717;17.452706982362557;17.531949131340347;17.611914143400988;17.692611955023004;17.774052685639035;17.85624664186611;17.93920432185376;18.02293641975401;18.107453830317052;18.192767653616873;18.278889199911095;18.365829994639526;18.453601783566018;18.54221653806846;18.631686460581975;18.722023990200423;18.813241808441663;18.90535284518219;18.99837028476695;19.092307572300456;19.187178420125388;19.282996814495426;19.379777022448913
160,Na_JVASP-39220_NaMg.json,0.47263669967651367,0.7400412559509277;0.2839798927307129;0.22487115859985352;0.07168245315551758;0.5393595695495605;0.40856504440307617;0.49997735023498535;0.1319291591644287;1.103001356124878;1.115666151046753;0.8284831047058105;0.3091316223144531;1.594038486480713;0.8138608932495117;0.11606931686401367;0.12364006042480469;0.6092805862426758;0.3656907081604004;0.09426259994506836;0.18892765045166016;0.22026753425598145;0.5326745510101318;0.2155628204345703;0.21231746673583984,1.594038486480713,32.973955882840336,32.97395588284033;32.97395588284032;32.97395588284033;32.97395588284033;32.97395588284033;32.97395588284033;32.97395588284033;32.973955882840336;32.973955882840336;32.97395588284033;32.97395588284032;32.97395588284032;32.973955882840336;32.973955882840336;32.97395588284033;32.97395588284033;32.97395588284033;32.97395588284033;32.97395588284033;32.97395588284033;32.97395588284033;32.97395588284032;32.97395588284033;32.97395588284032,44.20427101634563,23.612090872775187;24.100216034991334;24.608948923146098;25.139622708350817;25.69368809155748;26.272726546946977;26.87846539733916;27.512795024273743;28.177788573932027;28.87572459163599;29.60911310558692;30.380725789053166;31.193630964904035;32.05123438440091;32.95732692291851;33.91614060121579;34.932414678542344;36.011473995407556;37.15932229917666;38.38275400555105;39.68948878945997;41.0883346376808;42.5893866415981;44.20427101634563
161,Li_JVASP-56345_LiMgVO4.json,3.1984851360321045,2.782764196395874;2.927276372909546;2.7288877964019775;2.801774263381958;2.6501381397247314;2.962510347366333;2.5204451084136963;2.7798120975494385;2.928814172744751;3.1007187366485596;2.948028802871704;3.2252514362335205;3.0928728580474854;3.551467180252075;4.343254327774048;5.831746339797974,5.831746339797974,36.44929266467195,36.449292664671944;36.44929266467195;36.449292664671944;36.449292664671944;36.449292664671944;36.449292664671944;36.449292664671944;36.44929266467195;36.449292664671944;36.449292664671944;36.449292664671944;36.449292664671944;36.44929266467194;36.44929266467194;36.449292664671944;36.44929266467195,11.992537367491403,11.458709438030581;11.492815012487931;11.527124215924095;11.561638877464492;11.596360848207487;11.631292001555343;11.666434233551154;11.701789463221916;11.737359632927847;11.7731467087181;11.80915268069301;11.845379563372994;11.881829396074277;11.918504243291569;11.955406195087843;11.992537367491403
162,Ca_JVASP-93312_Ca2Mg.json,0.36073410511016846,2.570740222930908;1.01202392578125;0.2549147605895996;0.9729175567626953;0.35232019424438477;0.04249000549316406;0.1795330047607422;-0.2569446563720703;-0.23403429985046387;2.4041926860809326;2.0165069103240967;1.1078259944915771;0.2890658378601074;-0.2716712951660156;-0.5986871719360352;-0.3461894989013672;-0.9716968536376953;-2.805811882019043;1.7650604248046875;2.698338508605957;1.8938241004943848;1.2619595527648926;0.05562138557434082;-0.032439470291137695;-0.0344996452331543;-0.1289219856262207;-0.45043301582336426;2.1032907962799072;0.954864501953125;-0.13865947723388672;-0.3152296543121338;-0.1613938808441162;-0.26067566871643066;-0.6808574199676514;-0.38968753814697266;-0.8712291717529297,2.698338508605957,23.298713458859364,23.29871345885936;23.298713458859364;23.29871345885936;23.298713458859364;23.29871345885936;23.298713458859364;23.298713458859364;23.29871345885936;23.298713458859364;23.29871345885936;23.298713458859364;23.29871345885936;23.298713458859364;23.29871345885936;23.298713458859364;23.29871345885936;23.29871345885936;23.298713458859364;23.29871345885936;23.29871345885936;23.29871345885936;23.298713458859364;23.298713458859364;23.29871345885936;23.29871345885936;23.298713458859364;23.29871345885936;23.29871345885936;23.298713458859357;23.298713458859364;23.298713458859364;23.298713458859364;23.298713458859364;23.29871345885936;23.29871345885936;23.298713458859364,56.12076471017972,14.25384772047362;14.564281097429172;14.888537327117032;15.22756068024294;15.582383438650727;15.954136393844847;16.34406088503754;16.75352264670468;17.184027791135268;17.637241320134503;18.115008645458257;18.619380704378862;19.15264339113904;19.71735219506086;20.3163731525714;20.95293149795103;21.630669755951015;22.353717485571895;23.126775495525138;23.955218160189975;24.845218543437895;25.803902490816157;26.839539828588045;27.961783530492422;29.18197150462978;30.51351100146082;31.97237329394003;33.577737387885506;35.35283791238667;37.32609696604503;39.532657422895085;42.016494263985564;44.83337519966663;48.0550977922971;51.77569489788603;56.12076471017972
163,Li_JVASP-13084_LiMgN.json,1.7384943962097168,0.6826281547546387;0.6334271430969238;0.6842782497406006;0.6491692066192627;0.6977298259735107;0.6479098796844482;0.7601268291473389;0.7708785533905029;0.7655527591705322;0.7292330265045166;0.9640400409698486;0.9213078022003174;1.3389935493469238;1.3600330352783203;1.1716899871826172;1.1571602821350098;1.5678956508636475;1.5443971157073975;1.4791803359985352;1.3915810585021973;1.7490074634552002;1.624866247177124;1.6632261276245117;1.4986486434936523;0.9329173564910889;0.6968114376068115;1.0396606922149658;0.8191788196563721;0.888077974319458;0.7555382251739502;0.9156060218811035;0.7568283081054688;1.447969675064087;1.2152302265167236;1.7078030109405518;1.4002277851104736;4.2754998207092285;3.8926539421081543;4.206766843795776;3.7060883045196533;3.788797616958618;3.8943450450897217;3.5871102809906006;3.8243000507354736;3.322862386703491;3.26410174369812;3.3010709285736084;3.355323553085327,4.2754998207092285,29.681074614028315,29.68107461402831;29.681074614028308;29.681074614028308;29.68107461402831;29.681074614028308;29.681074614028308;29.681074614028308;29.681074614028308;29.68107461402831;29.681074614028308;29.681074614028304;29.681074614028308;29.681074614028315;29.6810746140283;29.681074614028308;29.68107461402831;29.681074614028308;29.68107461402831;29.681074614028308;29.681074614028308;29.68107461402831;29.681074614028308;29.681074614028308;29.681074614028308;29.681074614028308;29.681074614028308;29.681074614028308;29.681074614028308;29.68107461402831;29.681074614028308;29.68107461402831;29.681074614028308;29.68107461402831;29.681074614028304;29.681074614028304;29.68107461402831;29.681074614028304;29.681074614028308;29.68107461402831;29.681074614028308;29.681074614028308;29.68107461402831;29.68107461402831;29.68107461402831;29.681074614028308;29.681074614028304;29.681074614028304;29.681074614028308,14.519445046077248,12.338803983478291;12.37835880029625;12.418168036471402;12.458234154588245;12.498559649115387;12.53914704692325;12.579998907811877;12.621117825049101;12.662506425919318;12.704167372283061;12.746103361147682;12.788317125249353;12.83081143364669;12.87358909232625;12.916652944820175;12.960005872836254;13.003650796900757;13.047590677014284;13.091828513320937;13.136367346791179;13.181210259918663;13.226360377431387;13.27182086701752;13.31759494006624;13.363685852423954;13.41009690516629;13.456831445386214;13.503892866998699;13.551284611562325;13.59901016911825;13.647073079046969;13.695476930943308;13.744225365510092;13.793322075470988;13.842770806502969;13.89257535818891;13.942739584990822;13.993267397244246;14.044162762174365;14.095429704934332;14.147072309666472;14.199094720586857;14.25150114309392;14.30429584490171;14.357483157198418;14.411067475830862;14.465053262515578;14.519445046077248
164,Li_JVASP-18703_LiMg2Ga.json,0.5103943347930908,0.22840821743011475;0.2424074411392212;0.582294225692749;0.8300960063934326;0.37172508239746094;0.9510636329650879;0.407016396522522;0.4701436758041382,0.9510636329650879,76.21583420720644,76.21583420720644;76.21583420720644;76.21583420720643;76.21583420720643;76.21583420720643;76.21583420720643;76.21583420720643;76.21583420720643,28.105432921504303,26.742861009777677;26.92936893417953;27.118496586203833;27.310299552065647;27.504835001776538;27.702161745957426;27.90234029511456;28.105432921504303
165,Li_JVASP-136923_LiMgSb.json,0.5259674191474915,0.6220448613166809;0.4060276746749878;0.6763230562210083;0.3087719678878784;0.8118249177932739;0.25159478187561035;1.0336158275604248;0.5376178622245789;0.08588582277297974,1.0336158275604248,58.652820670326506,58.6528206703265;58.6528206703265;58.6528206703265;58.6528206703265;58.65282067032649;58.6528206703265;58.652820670326506;58.6528206703265;58.652820670326506,20.280706820078535,19.462912392042075;19.561511613356785;19.661114929818915;19.76173775788277;19.863395831223166;19.966105208936803;20.069882283999426;20.17474379198814;20.280706820078535
166,Na_JVASP-94056_NaMg6V.json,0.35094642639160156,0.8268885612487793;0.4907364845275879;0.5427947044372559;0.29488611221313477;0.25072813034057617;0.27750158309936523;-0.027667999267578125;0.1517038345336914,0.8268885612487793,31.302748220441327,31.302748220441323;31.302748220441327;31.302748220441323;31.302748220441327;31.302748220441323;31.302748220441323;31.302748220441323;31.30274822044132,16.780693024722982,15.244656991266215;15.446645965517998;15.654059448995561;15.867118932451008;16.08605813141602;16.31112384140786;16.542576865947012;16.780693024722982
167,Na_JVASP-93144_NaMg6Si.json,0.5359851121902466,1.4275684356689453;0.9018428325653076;0.6632876396179199;0.5058910846710205;0.23427128791809082;0.2430741786956787;0.21092867851257324;0.10101675987243652,1.4275684356689453,31.3987187103675,31.398718710367493;31.398718710367497;31.398718710367497;31.398718710367497;31.3987187103675;31.398718710367497;31.398718710367497;31.398718710367497,18.95016646465602,17.014197651434678;17.26618790912778;17.525754625992473;17.793244713377653;18.06902659008954;18.353491875378552;18.64705724440286;18.95016646465602
168,K_JVASP-69214_KBaMg2.json,0.684237003326416,0.09094381332397461;0.2931833267211914;2.514493465423584;-0.16167259216308594,2.514493465423584,66.95228428866368,66.95228428866368;66.95228428866368;66.95228428866366;66.95228428866366,34.23594307223667,29.77475240674586;31.12676657703247;32.60740609660445;34.23594307223667
169,Na_JVASP-70357_NaMgBe2.json,1.2752125263214111,-0.31542348861694336;-0.30617475509643555;2.1516635417938232;4.225341081619263;0.5931553840637207;0.6248667240142822;0.7078251838684082;2.520446538925171,4.225341081619263,85.05236301873701,85.05236301873701;85.05236301873701;85.05236301873701;85.052363018737;85.052363018737;85.05236301873701;85.052363018737;85.052363018737,74.11408221984485,51.28949209686895;53.64982080190151;56.23787265646704;59.08827391803522;62.2430457421967;65.75368962478284;69.68402076959941;74.11408221984485
170,Li_JVASP-93205_LiMg6W.json,0.7293832302093506,1.7698092460632324;0.660927414894104;1.3186357021331787;0.4009753465652466;0.8827600479125977;0.1754436492919922;0.4726408123970032;0.15387362241744995,1.7698092460632324,35.21314953343034,35.21314953343033;35.21314953343033;35.21314953343033;35.21314953343033;35.21314953343034;35.21314953343033;35.21314953343033;35.213149533430325,10.135563750537896,9.952690702736657;9.978410356239758;10.004263283139759;10.03025052201616;10.0563731222679;10.082632144254594;10.109028659440032;10.135563750537896
171,Li_JVASP-42567_Li2Mg2MnFeP4O16.json,4.468137979507446,3.60807204246521;3.608154058456421;4.603100061416626;4.681321382522583;3.99723744392395;4.080368280410767;5.496442079544067;5.670408487319946,5.670408487319946,39.37533187737209,39.37533187737208;39.37533187737208;39.37533187737209;39.37533187737208;39.37533187737208;39.37533187737208;39.37533187737209;39.37533187737209,12.384843133786672,12.112886630675877;12.151004012483659;12.189362050616367;12.227963031388118;12.266809270166007;12.305903111833077;12.345246931260132;12.384843133786672
172,Na_JVASP-4825_NaMgF3.json,6.047590732574463,2.232133388519287;2.2561726570129395;2.341634511947632;2.340284585952759;3.4825475215911865;3.534071207046509;3.8271474838256836;3.8287668228149414;5.446198225021362;5.9662206172943115;7.063878297805786;6.628675699234009;15.80854845046997;17.065426349639893;9.302669048309326;6.391446590423584;4.903232097625732;4.889086723327637;5.615655422210693;5.489871978759766;6.60985803604126;6.696801662445068;6.629586696624756;6.792263507843018,17.065426349639893,33.23829022446131,33.23829022446131;33.23829022446131;33.23829022446131;33.2382902244613;33.23829022446131;33.2382902244613;33.2382902244613;33.23829022446131;33.2382902244613;33.23829022446131;33.23829022446131;33.23829022446131;33.23829022446131;33.23829022446131;33.23829022446131;33.2382902244613;33.23829022446131;33.2382902244613;33.23829022446131;33.23829022446131;33.23829022446131;33.23829022446131;33.2382902244613;33.2382902244613,13.575905156601264,10.707916542309844;10.807180871390454;10.908302817599;11.011335018192746;11.116332118090813;11.223350866514645;11.332450219264949;11.443691447022454;11.55713825009049;11.672856880030903;11.79091626868131;11.91138816508166;12.034347280881606;12.159871444847866;12.288041767143081;12.418942814104728;12.552662794315577;12.689293756825947;12.828931802463908;12.971677309252728;13.117635173046795;13.266915064598278;13.419631704378494;13.575905156601264
173,Na_JVASP-157335_NaMg2In.json,0.7068581581115723,-0.03714489936828613;0.041243791580200195;0.9528837203979492;3.1227197647094727;0.2868056297302246;0.5024194717407227;0.5451679229736328;0.2407698631286621,3.1227197647094727,59.878790535528125,59.87879053552812;59.87879053552811;59.87879053552812;59.87879053552812;59.87879053552812;59.87879053552812;59.87879053552812;59.878790535528125,20.14522247136368,17.971383216730274;18.252758422046774;18.543084669795345;18.842795986259983;19.152354919333376;19.472254920485756;19.803022969503584;20.14522247136368
174,K_JVASP-93196_KHfMg6.json,0.05611681938171387,0.8038054704666138;0.3866060972213745;-0.4837987422943115;-0.4821455478668213,0.8038054704666138,54.212983999052085,54.212983999052085;54.21298399905208;54.21298399905208;54.21298399905208,20.055310207529644,18.43707468852773;18.946668261334985;19.485232508580015;20.055310207529644
175,Li_JVASP-93165_NaLiMg6.json,0.5282642841339111,1.0255537033081055;0.7181496620178223;0.6825659275054932;0.5183727741241455;0.4112670421600342;0.37828946113586426;0.1791844367980957;0.3127312660217285,1.0255537033081055,29.519326791436562,29.51932679143656;29.51932679143655;29.51932679143656;29.519326791436555;29.519326791436555;29.51932679143656;29.519326791436562;29.519326791436555,19.74327665501641,19.061052041720384;19.155611753284724;19.251114342308483;19.34757398193794;19.445005130813787;19.543422540295964;19.64284126190912;19.74327665501641
176,Ca_JVASP-93313_Ca2Mg.json,0.4700390100479126,1.3925080299377441;0.8051762580871582;0.9809794425964355;0.6375832557678223;0.9108471870422363;0.5275821685791016;1.226212978363037;0.9613733291625977;0.4259810447692871;0.6176981925964355;0.8618597984313965;-0.034780025482177734;1.525061845779419;-0.31276774406433105;1.8467767238616943;-0.3052093982696533;2.795003890991211;0.09336233139038086;0.7475054264068604;-0.31116747856140137;0.36167144775390625;-0.16470909118652344;-0.5100295543670654;-0.18237519264221191;-0.4394497871398926;-0.2961883544921875;0.45642662048339844;0.13230085372924805;0.3159797191619873;-0.08708786964416504;0.540778398513794;-0.47765612602233887,2.795003890991211,26.99361384569676,26.993613845696757;26.993613845696753;26.993613845696757;26.99361384569676;26.993613845696753;26.993613845696757;26.993613845696753;26.993613845696753;26.993613845696757;26.993613845696757;26.993613845696757;26.993613845696753;26.993613845696757;26.993613845696757;26.993613845696757;26.993613845696753;26.993613845696757;26.993613845696757;26.993613845696757;26.99361384569676;26.99361384569676;26.993613845696757;26.993613845696757;26.99361384569676;26.99361384569676;26.99361384569676;26.993613845696757;26.99361384569676;26.993613845696757;26.993613845696757;26.993613845696753;26.99361384569676,62.480432492484375,16.035578685532823;16.429543444000487;16.84335375442183;17.278547909289482;17.736827401824875;18.220079158544753;18.730401508071175;19.270134639827376;19.841896485151317;20.448625181479994;21.093629573138205;21.780649580998496;22.51392876676784;23.298302065881096;24.139302521797223;25.043292002764986;26.017622432465778;27.070836181113183;28.212917181886525;29.455608412750397;30.81281714881206;32.301137661660796;33.940533091597786;35.75523606638248;37.774954561371196;40.036510922956545;42.586107147573536;45.48251457075892;48.80166018643955;52.643379206054256;57.141629557456376;62.480432492484375
177,Na_JVASP-69796_NaMgBe2.json,0.06553399562835693,-0.18935149908065796;-0.24465638399124146;0.14532601833343506;0.24281322956085205;0.3683326244354248;0.28716492652893066;-0.41008710861206055;-0.4289863109588623;0.15572023391723633;0.040343523025512695;0.5220551490783691;0.611419677734375;-0.4433863162994385;-0.514833927154541;-0.02553248405456543;-0.06885123252868652;0.42868101596832275;0.70344078540802,0.70344078540802,38.04267893183826,38.04267893183825;38.04267893183826;38.04267893183826;38.04267893183825;38.04267893183826;38.04267893183825;38.04267893183825;38.04267893183826;38.04267893183825;38.04267893183826;38.04267893183825;38.04267893183825;38.04267893183825;38.04267893183826;38.04267893183825;38.04267893183825;38.04267893183826;38.04267893183825,34.145567295976456,22.795329820830638;23.249944670958374;23.723061584446906;24.215833527706252;24.72951129623203;25.265454115461086;25.825141650626218;26.410187649047383;27.0223554797298;27.66357588542076;28.33596732355748;29.04185934755864;29.783819572181493;30.564684880708075;31.387597673399014;32.25604813360824;33.173923710225154;34.145567295976456
178,Na_JVASP-139412_NaMgSn.json,0.4046599864959717,0.558760404586792;0.3309413194656372;0.40914762020111084;0.17258727550506592;0.2392507791519165;-0.11050224304199219;1.2511405944824219;-0.241754412651062;1.032368540763855,1.2511405944824219,54.970292495706715,54.97029249570671;54.9702924957067;54.970292495706715;54.970292495706715;54.97029249570671;54.970292495706715;54.970292495706715;54.97029249570671;54.9702924957067,20.457197657472193,17.93889649299111;18.219247403713116;18.508500138515313;18.807085519103023;19.115462623670314;19.434121142106115;19.763583970764355;20.10441007571747;20.457197657472193
179,Li_JVASP-121613_Li2MgZr2H4O4F12.json,4.772772669792175,4.36974310874939;4.2595837116241455;4.3746960163116455;4.262815237045288;4.428877115249634;4.327574968338013;4.424282550811768;4.326969146728516;5.277635812759399;4.818697214126587;5.264964818954468;4.886364698410034;5.481342554092407;5.073142766952515;5.570528030395508;5.217144966125488,5.570528030395508,20.813636270460186,20.813636270460183;20.813636270460186;20.813636270460183;20.813636270460186;20.813636270460183;20.813636270460183;20.81363627046018;20.813636270460183;20.813636270460183;20.813636270460186;20.813636270460183;20.813636270460183;20.813636270460183;20.813636270460183;20.813636270460183;20.813636270460186,6.652065390918424,6.484498802106526;6.495406824407866;6.506351606817953;6.517333335473149;6.528352197768621;6.539408382368996;6.550502079219137;6.561633479555011;6.572802775914684;6.584010162149419;6.595255833434894;6.60653998628253;6.617862818550937;6.629224529457479;6.64062531958996;6.652065390918424
180,K_JVASP-91884_KMg7.json,-0.2000865936279297,0.48824024200439453;-0.09285163879394531;-0.12155652046203613;-0.40056586265563965;-0.05553579330444336;-0.6560149192810059;-0.012107133865356445;-0.7503011226654053,0.48824024200439453,26.043280020325756,26.04328002032575;26.043280020325753;26.043280020325753;26.04328002032575;26.043280020325753;26.043280020325756;26.04328002032575;26.04328002032575,19.141477454057892,16.011720744923913;16.39466867570459;16.796383162174976;17.218278351563747;17.66191413536075;18.129015421670857;18.62149454879702;19.141477454057892
181,Li_JVASP-81083_LiMgIn2.json,0.7884515523910522,0.7884515523910522,0.7884515523910522,507.3719083145883,507.3719083145883,102.73411489144942,102.73411489144942
182,Na_JVASP-90546_NaMg6Nb.json,0.5080721378326416,0.6869676113128662;1.042461633682251;0.1225290298461914;0.1803302764892578,1.042461633682251,62.672255499922215,62.67225549992221;62.67225549992221;62.672255499922215;62.67225549992221,27.406191038308442,25.60069125194512;26.175498813363397;26.77671133508194;27.406191038308442
183,Li_JVASP-31185_LiMgN.json,2.136138677597046,0.8751447200775146;0.9922823905944824;1.0395259857177734;1.0226771831512451;1.0566089153289795;1.1081087589263916;1.1371142864227295;1.1732308864593506;1.4720995426177979;1.8214561939239502;1.806178331375122;3.110462188720703;3.3337388038635254;3.1110050678253174;1.8772180080413818;1.8529136180877686;2.077815294265747;2.0349888801574707;1.9196405410766602;3.6707355976104736;2.9146711826324463;3.0768725872039795;3.130693197250366;2.709801435470581;2.788665533065796;2.8337645530700684;3.728330612182617,3.728330612182617,53.53112576921484,53.531125769214825;53.53112576921483;53.531125769214825;53.53112576921483;53.531125769214825;53.53112576921483;53.531125769214825;53.531125769214825;53.53112576921483;53.531125769214825;53.53112576921483;53.531125769214825;53.53112576921483;53.531125769214825;53.53112576921483;53.531125769214825;53.53112576921483;53.53112576921482;53.531125769214825;53.53112576921481;53.531125769214825;53.53112576921484;53.53112576921482;53.53112576921484;53.53112576921482;53.53112576921483;53.531125769214825,25.737075695288627,21.93565152618363;22.060976759231583;22.187742265462745;22.315973016410002;22.445694564238924;22.5769330587224;22.709715264814207;22.84406858084645;22.980021057376746;23.117601416712453;23.25683907314046;23.397764153892478;23.54040752087722;23.684800793212375;23.830976370590953;23.97896745751829;24.12880808845772;24.280533153925006;24.434178427573492;24.589780594314174;24.74737727951708;24.907007079342844;25.068709592255754;25.232525451772442;25.39849636050292;25.56666512554409;25.737075695288627
184,K_JVASP-132827_K2MgZrMo4O16.json,3.528593063354492,3.174496650695801;3.8826894760131836,3.8826894760131836,108.00160784439522,108.00160784439521;108.00160784439522,33.7389649295431,32.15627247948484;33.7389649295431
185,Li_JVASP-90759_Li3Mg.json,0.36742035547892254,1.004492461681366;0.48916012048721313;0.7466633915901184;0.1515936255455017;0.2584441900253296;-0.05280101299285889;0.22867459058761597;0.06330615282058716;2.317981243133545;0.5506517887115479;0.7678029537200928;-0.6029276847839355;0.32202625274658203;0.2512784004211426;1.5583252906799316;-0.9466414451599121;1.832768440246582;0.25783872604370117;-0.42164134979248047;0.5645289421081543;-0.24982643127441406;-0.4313969612121582;-0.3489193916320801;0.5067062377929688,2.317981243133545,69.70570160885455,69.70570160885455;69.70570160885454;69.70570160885454;69.70570160885454;69.70570160885454;69.70570160885453;69.70570160885453;69.70570160885454;69.70570160885454;69.70570160885454;69.70570160885454;69.70570160885454;69.70570160885454;69.70570160885454;69.70570160885453;69.70570160885453;69.70570160885454;69.70570160885454;69.70570160885454;69.70570160885454;69.70570160885454;69.70570160885454;69.70570160885454;69.70570160885454,133.088431188201,74.23739519010124;75.69265217791057;77.20610401827238;78.78131269782014;80.4221369534631;82.13276383266408;83.91774436908963;85.78203401361269;87.73103857697355;89.77066658106918;91.90738908663889;94.14830827339125;96.50123630374286;98.97478631531739;101.57847777567218;104.32285891545688;107.21964955958806;110.2819084344995;113.52422998869525;116.96297698449065;120.61655668264797;124.50575045925733;128.65410931688015;133.088431188201
186,K_JVASP-35909_KMgP.json,1.2058074474334717,0.6046420335769653;0.8184655904769897;0.5397114753723145;0.5742506980895996;1.5217275619506836;1.5084021091461182;0.9414077997207642;0.7860380411148071;2.3201699256896973;1.7479209899902344;1.8753222227096558;1.1367279291152954;2.370863199234009;1.6818878650665283;1.1073380708694458;-0.24195635318756104,2.370863199234009,37.338687646525024,37.33868764652501;37.338687646525024;37.33868764652501;37.33868764652501;37.33868764652502;37.338687646525024;37.33868764652501;37.33868764652501;37.33868764652502;37.33868764652502;37.33868764652502;37.33868764652502;37.338687646525024;37.33868764652502;37.33868764652501;37.33868764652502,29.019798521988047,17.748937608054003;18.220714697176447;18.71825685592094;19.243733990662694;19.799566708593854;20.388463600592925;21.013465381460207;21.677997405525826;22.38593247222299;23.141666353302462;23.95020915304301;24.817296513954727;25.749525886265364;26.75452470883084;27.841159574045896;29.019798521988047
187,Na_JVASP-94246_NaMg6Fe.json,0.1308748722076416,0.4007704257965088;0.1744983196258545;-0.04295074939727783;0.2559295892715454;0.028205394744873047;-0.031203746795654297,0.4007704257965088,42.1511642765196,42.15116427651959;42.15116427651959;42.151164276519594;42.1511642765196;42.151164276519594;42.15116427651959,21.73610456762567,19.882572485666696;20.22755071367065;20.58471160615491;20.95471209607718;21.338257213152964;21.73610456762567
188,K_JVASP-125858_K3Mg.json,0.5022050539652506,2.152756690979004;0.19141435623168945;0.24805140495300293;0.05540347099304199;0.6111018657684326;0.13413071632385254;0.24718308448791504;0.09752631187438965;0.10837459564208984;-0.010242462158203125;0.13193273544311523;0.8605427742004395;0.6558723449707031;0.1521749496459961;0.46799540519714355;0.7110512256622314;0.10773277282714844;0.01019906997680664;-0.0952143669128418;-0.2800912857055664;0.1567525863647461;-0.526118278503418;1.710878610610962;4.153512716293335,4.153512716293335,26.682841283457417,26.682841283457414;26.682841283457414;26.68284128345741;26.682841283457417;26.682841283457414;26.682841283457414;26.682841283457414;26.68284128345741;26.682841283457417;26.682841283457414;26.682841283457414;26.68284128345741;26.68284128345741;26.682841283457414;26.68284128345741;26.682841283457414;26.682841283457414;26.682841283457414;26.682841283457414;26.682841283457414;26.682841283457417;26.68284128345741;26.68284128345741;26.682841283457414,114.76268072993214,23.659516497814533;24.505311608604426;25.41382067625389;26.39228741927642;27.44911579927931;28.594112009440558;29.838789664315595;31.196758325100337;32.68422317445668;34.32063479562885;36.129544435819966;38.13974478394688;40.38681401379813;42.91523981825938;45.78139458325195;49.05778809032634;52.839287073999124;57.25245154288134;62.469976120798854;68.73381955833553;76.39380013382744;85.97523524350692;98.30478138705922;114.76268072993214
189,Li_JVASP-136925_LiMgSb.json,1.1129273176193237,1.3404500484466553;0.5055797100067139;1.179966390132904;0.5591514706611633;0.13699322938919067;0.11725074052810669;2.4503762125968933;2.6136507391929626,2.6136507391929626,55.93247549126479,55.93247549126478;55.93247549126478;55.93247549126478;55.93247549126479;55.932475491264775;55.93247549126479;55.932475491264775;55.93247549126478,22.80082568550646,21.895776441047335;22.02064515372199;22.1469462545726;22.274704532494848;22.403945351698347;22.534694668494378;22.66697904867474;22.80082568550646
190,Li_JVASP-104591_LiMg2In.json,0.560222864151001,0.15809893608093262;0.23746299743652344;0.42813968658447266;0.5449869632720947;0.46702325344085693;0.7067986726760864;1.0754358768463135;0.8638365268707275,1.0754358768463135,67.23792676009055,67.23792676009055;67.23792676009055;67.23792676009055;67.23792676009055;67.23792676009055;67.23792676009055;67.23792676009055;67.23792676009055,20.391201349024897,19.66428851574458;19.76494391351627;19.86663506053141;19.969378026338088;20.07318921463577;20.178085372006194;20.28408359691934;20.391201349024897
191,Na_JVASP-57175_Na2Mg5P4O16.json,2.7081377506256104,2.4963631629943848;2.5332179069519043;2.437694549560547;2.4638118743896484;2.761530876159668;2.807419776916504;2.9774489402770996;3.187614917755127,3.187614917755127,36.28090947352425,36.28090947352424;36.28090947352423;36.28090947352424;36.28090947352423;36.28090947352424;36.28090947352424;36.28090947352425;36.28090947352424,13.211606223951408,12.240578937852643;12.370465377086157;12.503137864615207;12.638687012847047;12.777207406647888;12.918797823446582;13.063561468136772;13.211606223951408
192,Li_JVASP-93124_LiHfMg6.json,0.718276858329773,0.8317341804504395;1.5291216373443604;0.1430833339691162;0.3691682815551758,1.5291216373443604,63.37302784896805,63.37302784896804;63.373027848968036;63.37302784896805;63.37302784896805,20.54980050245404,20.226861418270722;20.333374069485547;20.44101442927046;20.54980050245404
193,Li_JVASP-92192_LiMg3O4.json,3.5570743083953857,3.3904049396514893;4.412343263626099;3.650038003921509;3.8637592792510986;2.995952844619751;3.255021333694458;3.6737306118011475;3.215344190597534,4.412343263626099,74.96767568440956,74.96767568440956;74.96767568440956;74.96767568440954;74.96767568440956;74.96767568440956;74.96767568440956;74.96767568440954;74.96767568440954,24.31542821285775,23.28885179195299;23.43016628126562;23.5732062055244;23.718003359904092;23.864590325608205;24.013000494309964;24.16326809351093;24.31542821285775
194,K_JVASP-105186_KMg3.json,0.7612500190734863,-0.10124778747558594;-0.025790691375732422;0.6702773571014404;2.2215678691864014;0.6288859844207764;0.9658663272857666;0.49863719940185547;1.2318038940429688,2.2215678691864014,46.76034547571269,46.76034547571269;46.76034547571268;46.76034547571269;46.76034547571269;46.76034547571268;46.76034547571268;46.76034547571268;46.76034547571268,43.06023997223589,29.908815918635458;31.27331160710279;32.768260462353076;34.413309717577505;36.23226050462681;38.25422690997738;40.51520606000078;43.06023997223589
195,Na_JVASP-93164_NaLiMg6.json,0.1423473358154297,1.0888493061065674;0.2193291187286377;0.4859433174133301;-0.040444374084472656;0.17226529121398926;-0.29381299018859863;-0.1549215316772461;-0.33842945098876953,1.0888493061065674,29.546776843417263,29.54677684341726;29.546776843417263;29.54677684341726;29.54677684341726;29.546776843417263;29.546776843417256;29.546776843417256;29.54677684341726,21.524566623078456,19.061052041720384;19.37788403798498;19.70542680414169;20.044232808277265;20.394893178708717;20.75804114587044;21.134355858581394;21.524566623078456
196,Ca_JVASP-93530_CaMg2.json,0.588630199432373,1.2604312896728516;0.925837516784668;0.8096649646759033;0.33798861503601074;0.7260310649871826;0.6170437335968018;0.6106197834014893;0.09671664237976074;-0.3479583263397217;1.4576499462127686;0.7769684791564941;0.44382476806640625;0.9224519729614258;0.4265751838684082;0.030015230178833008;0.8157098293304443;0.10580992698669434;0.579962968826294,1.4576499462127686,28.151177153432506,28.1511771534325;28.151177153432503;28.1511771534325;28.151177153432503;28.151177153432506;28.1511771534325;28.151177153432506;28.151177153432503;28.151177153432503;28.151177153432503;28.151177153432503;28.1511771534325;28.1511771534325;28.151177153432506;28.1511771534325;28.151177153432503;28.151177153432506;28.151177153432506,29.289379865660003,16.788868693942753;17.22121572564207;17.676418956193334;18.156340047495924;18.663048483022514;19.198851399870705;19.766328711447542;20.368374648787395;21.008247131992782;21.68962674952869;22.416687599833313;23.194182875254306;24.02754889614855;24.923032408483692;25.887847448943013;26.930370112469387;28.06038235508986;29.289379865660003
197,K_JVASP-93185_KSrMg6.json,0.3851332664489746,0.48815131187438965;0.26115870475769043;0.2207174301147461;0.30763673782348633;0.3519113063812256;0.39977574348449707;0.6786184310913086;0.3730964660644531,0.6786184310913086,22.49374614375267,22.49374614375267;22.49374614375267;22.49374614375267;22.49374614375267;22.49374614375267;22.49374614375267;22.49374614375267;22.49374614375267,14.056487783678786,12.292078762329059;12.516522816855478;12.749315671263892;12.99093198780137;13.241883105689837;13.502720653426593;13.774040596592219;14.056487783678786
198,Li_JVASP-106046_Li2MgGe.json,1.0138609409332275,0.20699220895767212;0.21398276090621948;-0.02093648910522461;0.44307851791381836;0.28627443313598633;0.4542182683944702;0.49849337339401245;0.7511870265007019;0.9276648163795471;0.9257039427757263;1.1625031232833862;1.4616509675979614;1.949846863746643;1.3487247228622437;2.384747624397278;3.2276428937911987,3.2276428937911987,84.25227938406911,84.25227938406911;84.25227938406911;84.25227938406911;84.25227938406911;84.25227938406911;84.2522793840691;84.25227938406911;84.25227938406911;84.25227938406911;84.25227938406911;84.25227938406911;84.25227938406911;84.25227938406911;84.25227938406911;84.2522793840691;84.25227938406911,34.25105061988561,30.228961987050887;30.467481014137164;30.70979400494436;30.955992207272534;31.20616981867785;31.4604241066392;31.718855534647513;31.98156789456106;32.24866844559314;32.52026806032311;32.79648137814836;33.0774269666234;33.3632274911631;33.65400989362042;33.94990558028469;34.25105061988561
199,Ca_JVASP-90599_CaMg3.json,1.4379777908325195,0.09913206100463867;0.2632269859313965;0.25360107421875;0.21726608276367188;0.980194091796875;1.0674257278442383;0.6166963577270508;0.6574468612670898;4.070563554763794;2.7276723384857178;1.8743839263916016;2.1728878021240234;2.5900368690490723;1.8842859268188477;2.0282468795776367;1.5045781135559082,4.070563554763794,26.955073862455823,26.95507386245582;26.95507386245582;26.95507386245582;26.95507386245582;26.955073862455816;26.95507386245582;26.95507386245582;26.95507386245582;26.955073862455823;26.955073862455816;26.95507386245582;26.955073862455816;26.955073862455823;26.955073862455823;26.955073862455816;26.95507386245582,22.210227543726962,14.824746533585659;15.160838190252974;15.512522405738338;15.880910045015808;16.267220062146517;16.672792974617142;17.099106404863477;17.547793068684754;18.020661672111416;18.51972128054798;19.04720985248546;19.605627792448672;20.197777584352046;20.826810830828126;21.49628436497319;22.210227543726962
200,Na_JVASP-136567_NaMgF.json,0.8228512406349182,0.5294233560562134;0.7603583335876465;0.47844135761260986;0.595544695854187;0.971387505531311;0.9766963720321655;0.6278500556945801;0.48589062690734863;0.8659677505493164;0.8872506618499756;0.6680011749267578;0.7560999393463135;0.7784029245376587;1.0220180749893188;0.8866760730743408;1.0595901012420654;1.2278295755386353;1.2338937520980835,1.2338937520980835,30.391761618851856,30.39176161885185;30.391761618851856;30.391761618851852;30.391761618851852;30.391761618851852;30.39176161885185;30.391761618851845;30.391761618851852;30.39176161885185;30.39176161885185;30.391761618851852;30.391761618851852;30.391761618851852;30.391761618851852;30.39176161885185;30.391761618851852;30.39176161885185;30.391761618851852,33.39952279121334,22.4604002346939;22.901624713273108;23.36053187377046;23.83820643901374;24.335823705223415;24.85465919705685;25.396099584620526;25.96165505917307;26.552973400087176;27.171856009003275;27.820276239785738;28.500400417161217;29.214612015682086;29.965539567642352;30.756088988585304;31.589481158321703;32.46929578207572;33.39952279121334
201,Li_JVASP-144523_Li2MgSi.json,0.9399595260620117,-1.3206156492233276;0.31176578998565674;0.3545318841934204;0.470439076423645;0.34183430671691895;0.43506550788879395;0.42926323413848877;0.3919585943222046;0.5233925580978394;0.6348625421524048;0.5796918869018555;0.6320128440856934;0.5458451509475708;0.6226116418838501;0.4811115264892578;0.5500776767730713;0.9129924774169922;0.9044387340545654;1.9771136045455933;1.2353166341781616;0.9658904075622559;0.9664583206176758;1.044455885887146;0.923528790473938;1.173959732055664;0.9064164161682129;0.8367887735366821;0.7598270177841187;1.0020034313201904;0.7461917400360107;0.7373042106628418;0.7930636405944824;0.5243879556655884;1.173425555229187;0.8463243246078491;1.0846730470657349;0.7433754205703735;0.9971097707748413;1.2243930101394653;1.0005549192428589;1.0264183282852173;0.7681699991226196;0.6500710248947144;0.931759238243103;1.6595180034637451;1.259716272354126;0.7549800872802734;1.5684733390808105;1.072680115699768;1.1024457216262817;3.8581312894821167;1.7442892789840698;1.1615594625473022;1.0782428979873657;2.999411463737488;2.0823951959609985;0.7863225936889648;0.474611759185791;0.9271427392959595;1.758086085319519;0.8329887390136719;1.2338929176330566;1.1336365938186646;-0.17137587070465088,3.8581312894821167,21.842593308731335,21.842593308731335;21.84259330873133;21.842593308731328;21.84259330873133;21.842593308731335;21.84259330873133;21.84259330873133;21.842593308731335;21.842593308731335;21.842593308731335;21.842593308731328;21.84259330873133;21.842593308731335;21.84259330873133;21.84259330873133;21.84259330873133;21.84259330873133;21.84259330873133;21.84259330873133;21.84259330873133;21.842593308731335;21.84259330873133;21.842593308731335;21.84259330873133;21.84259330873133;21.84259330873133;21.842593308731335;21.84259330873133;21.84259330873133;21.84259330873133;21.84259330873133;21.84259330873133;21.84259330873133;21.842593308731335;21.84259330873133;21.842593308731335;21.84259330873133;21.84259330873133;21.84259330873133;21.84259330873133;21.84259330873133;21.842593308731335;21.84259330873133;21.84259330873133;21.84259330873133;21.84259330873133;21.84259330873133;21.84259330873133;21.84259330873133;21.84259330873133;21.84259330873133;21.84259330873133;21.84259330873133;21.84259330873133;21.84259330873133;21.84259330873133;21.84259330873133;21.84259330873133;21.84259330873133;21.84259330873133;21.84259330873133;21.84259330873133;21.84259330873133;21.84259330873133,15.920691633313934,12.637916066765586;12.679415095481179;12.721187562171895;12.76323617830356;12.80556369131081;12.84817288519551;12.891066581137135;12.934247638115465;12.977718953545777;13.021483463926952;13.065544145502683;13.109904014936202;13.15456612999876;13.199533590272239;13.244809537866256;13.290397158150014;13.336299680499383;13.382520379059466;13.429062573523113;13.475929629925727;13.523124961456737;13.57065202928826;13.618514343421204;13.666715463549423;13.71525899994223;13.76414861434582;13.813388020904021;13.862980987098886;13.91293133471163;13.963242940804388;14.013919738723397;14.064965719124048;14.116384931018468;14.16818148284614;14.220359543568193;14.272923343785957;14.325877176884395;14.379225400201143;14.432972436221695;14.487122773801547;14.541680969415928;14.596651648437895;14.652039506445508;14.707849310558888;14.764085900807965;14.820754191531684;14.877859172809611;14.935405911926717;14.99339955487231;15.051845327874034;15.11074853896785;15.170114579605086;15.229948926297434;15.290257142301131;15.351044879341218;15.412317879377163;15.474081976410899;15.53634309833852;15.599107268846877;15.6623806093563;15.726169341010825;15.790479786717235;15.855318373234336;15.920691633313934
202,Na_JVASP-98665_Na2MgInF7.json,6.514977395534515,3.6832356452941895;3.904061794281006;3.835012435913086;3.8331966400146484;4.102963447570801;4.202654838562012;4.011655330657959;4.142902851104736;5.431545734405518;5.530008792877197;5.521601915359497;5.587239980697632;6.232495307922363;6.323747158050537;5.894445419311523;6.137313365936279;8.463518142700195;9.845897674560547;9.746080160140991;10.723950624465942;10.453771829605103;10.087591886520386;9.955893516540527;9.189095497131348;7.605278253555298;6.361120939254761;6.118316888809204;5.334065198898315;6.626683712005615;6.3935770988464355;6.5632792711257935;6.637075304985046,10.723950624465942,19.659441647489317,19.659441647489317;19.659441647489317;19.659441647489313;19.659441647489313;19.659441647489313;19.65944164748931;19.659441647489313;19.659441647489317;19.659441647489317;19.659441647489313;19.659441647489313;19.659441647489313;19.65944164748931;19.659441647489313;19.659441647489317;19.659441647489313;19.659441647489313;19.659441647489313;19.659441647489313;19.659441647489317;19.659441647489313;19.659441647489317;19.659441647489317;19.659441647489313;19.659441647489313;19.659441647489313;19.659441647489313;19.659441647489313;19.659441647489313;19.659441647489313;19.659441647489313;19.659441647489317,6.123562968102156,5.266073809782239;5.289969297954888;5.314082632343357;5.338416805622733;5.362974865536329;5.38775991616819;5.412775119251021;5.438023695510745;5.463508926048849;5.489234153763797;5.515202784812787;5.541418290115191;5.5678842068990795;5.5946041402922875;5.621581764959493;5.6488208267869116;5.676325144616191;5.704098612029221;5.732145199185584;5.760468954714496;5.789074007663107;5.817964569503141;5.847144936197929;5.876619490331947;5.906392703305104;5.936469137594059;5.96685344908299;5.997550389466303;6.028564808725894;6.0599016576856695;6.091565990646161;6.123562968102156
203,Li_JVASP-90585_LiMg3.json,0.8788926601409912,0.14875638484954834;0.13325560092926025;0.1658003330230713;0.20244956016540527;0.7357017993927002;0.6442654132843018;0.06302440166473389;0.131233811378479;3.7452566623687744;3.6181490421295166;0.6548256874084473;1.1573476791381836;0.5953624248504639;0.7652451992034912;0.5765142440795898;0.7250943183898926,3.7452566623687744,32.235851260361535,32.23585126036153;32.23585126036152;32.23585126036153;32.23585126036152;32.23585126036153;32.23585126036153;32.23585126036153;32.23585126036153;32.23585126036153;32.23585126036152;32.23585126036153;32.235851260361535;32.23585126036153;32.23585126036153;32.23585126036153;32.23585126036153,22.837351116890193,20.976414860116265;21.090990286177203;21.206824232925978;21.32393755066034;21.442351552813363;21.56208802888445;21.683169257806004;21.80561802176301;21.92945762048353;22.054711886018918;22.181405198033506;22.309562499624267;22.439209313692114;22.570371759887347;22.70307657215292;22.837351116890193
204,K_JVASP-57178_KNaMg2Si4O10F2.json,2.5113706588745117,2.6095314025878906;2.5138378143310547;2.509579658508301;2.412533760070801,2.6095314025878906,45.44865259730296,45.44865259730295;45.44865259730295;45.44865259730296;45.44865259730295,17.105560438827826,15.914201849106957;16.29244422322264;16.6891041651502;17.105560438827826
205,K_JVASP-69162_KBaMg2.json,0.5803885459899902,0.09289813041687012;0.28867602348327637;1.912287950515747;0.027692079544067383,1.912287950515747,66.94247418785973,66.94247418785973;66.94247418785973;66.94247418785972;66.94247418785973,34.23594307223667,29.77475240674586;31.12676657703247;32.60740609660445;34.23594307223667
206,Na_JVASP-93056_NaMg6Ga.json,0.3117821216583252,1.1881189346313477;0.7441520690917969;0.6006467342376709;0.01994633674621582;0.2973954677581787;-0.11163687705993652;0.04275846481323242;-0.2871241569519043,1.1881189346313477,30.62543666449385,30.625436664493847;30.62543666449385;30.625436664493847;30.62543666449385;30.625436664493847;30.625436664493847;30.625436664493847;30.625436664493847,15.337799113345847,14.044379463904281;14.215635005378441;14.391118644381265;14.570988918079697;14.755412389993579;14.944564164450556;15.13862844112407;15.337799113345847
207,Ca_JVASP-69136_BaCa2Mg.json,0.3474998474121094,0.1667182445526123;0.25614047050476074;2.1575751304626465;-0.45191144943237305;1.1266980171203613;0.04337024688720703;0.21627545356750488;-0.7348673343658447,2.1575751304626465,68.91676875377465,68.91676875377465;68.91676875377465;68.91676875377465;68.91676875377465;68.91676875377465;68.91676875377465;68.91676875377465;68.91676875377465,39.034732235242785,27.711757160313073;28.909754087711562;30.216011527798443;31.645898848661982;33.2178391764304;34.95410748199716;36.88189276372001;39.034732235242785
208,Na_JVASP-91893_NaMg7.json,0.27109313011169434,1.3079826831817627;0.707777738571167;0.4776914119720459;0.03392815589904785;0.033502817153930664;-0.2151472568511963;0.011286258697509766;-0.1882767677307129,1.3079826831817627,29.054549837301227,29.054549837301227;29.05454983730122;29.054549837301224;29.054549837301224;29.054549837301224;29.05454983730122;29.05454983730122;29.05454983730122,19.36425601944429,17.347257851123473;17.609286273291772;17.87935191782335;18.157830334061085;18.44512083889241;18.741648427209178;19.047865869656118;19.36425601944429
209,Ca_JVASP-88736_CaMgSi2O6.json,8.56310510635376,5.740464687347412;7.104676723480225;9.568179607391357;14.366986751556396;10.719141483306885;7.188624858856201;6.993992328643799;6.822774410247803,14.366986751556396,50.94128897775331,50.9412889777533;50.9412889777533;50.9412889777533;50.9412889777533;50.9412889777533;50.9412889777533;50.94128897775331;50.941288977753295,18.460135997611275,15.470694905845885;15.837075144370072;16.22122970528327;16.624484180141334;17.048299336012512;17.494288796670364;17.964239573616275;18.460135997611275
210,K_JVASP-143541_K4MgCu3F12.json,5.7326905727386475,3.742025375366211;3.7092361450195312;3.539778232574463;3.5840115547180176;3.7159535884857178;3.733616590499878;3.75728702545166;3.7611746788024902;5.489791393280029;5.158444404602051;5.21509861946106;4.791451692581177;4.841957092285156;4.940208196640015;5.076802015304565;4.947218418121338;7.534113049507141;6.708970427513123;6.257375478744507;5.412496328353882;5.096804261207581;4.934895396232605;5.116313457489014;4.772117614746094;9.914156436920166;8.386783361434937;9.292365074157715;7.82075572013855;9.034058690071106;7.684044003486633;8.363194465637207;7.113599538803101,9.914156436920166,21.242663831660447,21.24266383166044;21.242663831660444;21.24266383166044;21.242663831660444;21.242663831660444;21.242663831660447;21.242663831660444;21.242663831660444;21.242663831660444;21.242663831660444;21.242663831660444;21.242663831660444;21.242663831660444;21.24266383166044;21.242663831660444;21.242663831660444;21.24266383166044;21.242663831660444;21.242663831660444;21.242663831660444;21.242663831660444;21.242663831660444;21.242663831660444;21.242663831660444;21.242663831660444;21.242663831660444;21.242663831660444;21.24266383166044;21.242663831660444;21.242663831660444;21.242663831660444;21.242663831660444,7.481245945834345,5.590004881361118;5.635964830270558;5.682686792089162;5.730189876420265;5.778493837222477;5.827619100199296;5.87758679159777;5.928418768501559;5.980137650709629;6.0327668542982735;6.086330626971071;6.1408540853089235;6.196363254040364;6.252885107461169;6.310447613141753;6.369079778071162;6.428811697397606;6.48967460593761;6.551700932639028;6.614924358197424;6.679379876040944;6.745103856915655;6.812134117321835;6.88050999207179;6.950272411261699;7.021463981974009;7.094129075053029;7.168313917325143;7.244066689666343;7.32143763135429;7.400479151179832;7.481245945834345
211,Li_JVASP-22657_LiMgBi.json,1.229359209537506,0.5842329263687134;0.6282085180282593;0.793379545211792;1.1953260898590088;0.9524887204170227;1.148293912410736;2.1586954593658447;2.374248504638672,2.374248504638672,70.35685237720308,70.35685237720307;70.35685237720305;70.35685237720307;70.35685237720305;70.35685237720305;70.35685237720307;70.35685237720305;70.35685237720308,14.307674095343797,13.945949196836354;13.99650031689412;14.047419244441098;14.098710008358342;14.150376696584493;14.202423457201885;14.254854499546694;14.307674095343797
212,K_JVASP-93180_KMg6Sb.json,0.3661208152770996,0.4993523359298706;0.47702229022979736;0.3361397981643677;0.3126744031906128;0.3313004970550537;0.3650362491607666;0.24980783462524414;0.357633113861084,0.4993523359298706,25.33167545079513,25.33167545079512;25.331675450795117;25.331675450795125;25.331675450795125;25.331675450795128;25.331675450795125;25.33167545079513;25.33167545079512,12.295282299956428,10.923746260091725;11.100642580312378;11.283362431759896;11.472198198284321;11.667462169957977;11.869488266490672;12.078633942849006;12.295282299956428
213,Ca_JVASP-94727_CaMg6C.json,0.9295344352722168,0.9093132019042969;0.8934102058410645;0.9356696605682373;1.4732768535614014;0.8689502477645874;0.4965864419937134,1.4732768535614014,37.903252266008565,37.903252266008565;37.90325226600856;37.90325226600856;37.90325226600855;37.90325226600856;37.90325226600856,27.151128159321214,22.569436643354997;23.357750153438957;24.2031257522296;25.111991757267326;26.091779733990617;27.151128159321214
214,Li_JVASP-79083_LiMg2Pd.json,0.8577758073806763,0.19782620668411255;0.050900399684906006;1.8974092602729797;2.3798088431358337;0.32775139808654785;0.9184820652008057;0.46911001205444336;0.6209182739257812,2.3798088431358337,82.763870877898,82.76387087789799;82.76387087789799;82.76387087789799;82.763870877898;82.76387087789799;82.763870877898;82.76387087789799;82.763870877898,21.48964854428596,20.683858037172634;20.795251310774145;20.907850901804927;21.02167651240729;21.1367482761183;21.253086769741962;21.370713025615615;21.48964854428596
215,Ca_JVASP-90606_Ca3Mg.json,0.5118037859598795,1.3322243690490723;0.8381326198577881;0.5609006881713867;0.4450662136077881;0.8729400634765625;0.6370172500610352;0.35619425773620605;0.3327152729034424;1.3011274337768555;0.8593664169311523;1.1336815357208252;0.6503207683563232;2.044450521469116;0.2692129611968994;3.5776729583740234;0.28150367736816406;0.8952009677886963;1.0642144680023193;1.5782716274261475;0.08265137672424316;1.167325735092163;-0.05247092247009277;0.029950380325317383;0.5596396923065186;0.3576474189758301;0.03347492218017578;0.37778735160827637;-0.4862053394317627;0.46304988861083984;0.043511390686035156;0.6010229587554932;0.29983973503112793;-0.033834218978881836;0.017220735549926758;-0.12134361267089844;0.04879617691040039;0.5231056213378906;0.46563720703125;1.4404053688049316;0.8777327537536621;-0.41623663902282715;0.5198667049407959;-0.33080601692199707;0.40821003913879395;-1.3694088459014893;-0.023257017135620117;0.16266822814941406;-0.10961341857910156,3.5776729583740234,19.766876517942567,19.76687651794256;19.766876517942563;19.766876517942563;19.766876517942563;19.766876517942567;19.766876517942563;19.766876517942563;19.766876517942563;19.766876517942563;19.766876517942563;19.766876517942563;19.766876517942563;19.766876517942563;19.766876517942563;19.766876517942563;19.766876517942563;19.766876517942563;19.766876517942563;19.766876517942563;19.766876517942567;19.766876517942563;19.766876517942563;19.766876517942563;19.766876517942563;19.766876517942563;19.766876517942563;19.766876517942563;19.766876517942563;19.766876517942567;19.766876517942563;19.766876517942567;19.76687651794256;19.766876517942567;19.766876517942563;19.766876517942563;19.766876517942563;19.766876517942563;19.76687651794256;19.766876517942563;19.766876517942563;19.766876517942563;19.766876517942563;19.766876517942563;19.766876517942563;19.766876517942563;19.766876517942563;19.766876517942563;19.766876517942567,62.480432492484375,11.589208345632972;11.793592455823163;12.005314907587076;12.224778146730785;12.452414594682883;12.688689492315298;12.93410407378166;13.189199115935072;13.454558916220437;13.730815760625225;14.01865495360035;14.318820494180954;14.632121497280709;14.959439476845468;15.30173662891178;15.66006527847731;16.035578685532823;16.429543444000487;16.84335375442183;17.278547909289482;17.736827401824875;18.220079158544753;18.730401508071175;19.270134639827376;19.841896485151317;20.448625181479994;21.093629573138205;21.780649580998496;22.51392876676784;23.298302065881096;24.139302521797223;25.043292002764986;26.017622432465778;27.070836181113183;28.212917181886525;29.455608412750397;30.81281714881206;32.301137661660796;33.940533091597786;35.75523606638248;37.774954561371196;40.036510922956545;42.586107147573536;45.48251457075892;48.80166018643955;52.643379206054256;57.141629557456376;62.480432492484375
216,Li_JVASP-115697_LiMgBr.json,0.2533186674118042,0.2791518568992615;0.1033068299293518;0.06594926118850708;0.0932280421257019;0.0908588171005249;-0.054898619651794434;0.3293520212173462;0.08715283870697021;1.0602500438690186;0.26494717597961426;-0.014053106307983398;0.7345788478851318,1.0602500438690186,45.087179803101854,45.08717980310185;45.087179803101854;45.087179803101854;45.08717980310185;45.087179803101854;45.08717980310185;45.08717980310185;45.087179803101854;45.087179803101854;45.08717980310185;45.08717980310185;45.08717980310185,21.314169688878923,20.094078093500606;20.19919325347389;20.305413943223073;20.412757695763986;20.521242416833157;20.63088639484496;20.741708311169653;20.853727250744516;20.966962713030647;21.08143462332871;21.19716334446738;21.314169688878923
217,Li_JVASP-93192_KLiMg6.json,0.22001338005065918,0.553912878036499;0.2714865207672119;0.27184009552001953;0.22791004180908203;0.1684572696685791;0.031409502029418945;0.07017946243286133;0.16491127014160156,0.553912878036499,26.017493463808997,26.01749346380899;26.017493463808997;26.01749346380899;26.017493463808986;26.01749346380899;26.01749346380899;26.01749346380899;26.01749346380899,18.031532016317843,17.46076714794336;17.54008267277703;17.62012206724092;17.700895286308118;17.78241246833254;17.8646839392911;17.947720217144102;18.031532016317843
218,Li_JVASP-22540_LiMgP.json,1.7864713668823242,0.8622937202453613;0.8033628463745117;0.8807547092437744;1.0461761951446533;1.1322495937347412;1.3143260478973389;2.204827308654785;6.047780513763428,6.047780513763428,103.06023698917754,103.06023698917753;103.06023698917753;103.06023698917753;103.06023698917753;103.06023698917753;103.06023698917751;103.06023698917754;103.06023698917753,59.66875785148719,53.844390631691724;54.60584315325298;55.389141110023154;56.19523827433138;57.02514476077825;57.87993124898815;58.76073359192629;59.66875785148719
219,Li_JVASP-38498_Li3Mg.json,0.36412827173868817,0.31024354696273804;0.08829718828201294;0.48335331678390503;-0.04572242498397827;0.8479021191596985;0.3130719065666199;0.6844111084938049;-0.14268308877944946;0.44679367542266846;0.42413055896759033;0.7340542078018188;-0.05686366558074951;0.4242267608642578;0.81203293800354;1.3195754289627075;0.3115898370742798;2.1619250774383545;0.9961731433868408;0.026267528533935547;-0.33261966705322266;0.7688136100769043;0.46280622482299805;0.34646058082580566;0.33243584632873535;0.03060734272003174;0.0756915807723999;0.04497265815734863;-0.41747355461120605;0.11977171897888184;0.11693024635314941;0.3211357593536377;0.5760838985443115;0.5021209716796875;0.2989673614501953;-0.2461838722229004;-0.030682086944580078,2.1619250774383545,46.07244660542409,46.07244660542409;46.07244660542409;46.07244660542409;46.07244660542409;46.07244660542409;46.07244660542409;46.07244660542409;46.07244660542409;46.07244660542408;46.07244660542408;46.07244660542409;46.072446605424076;46.07244660542409;46.07244660542409;46.07244660542409;46.07244660542409;46.07244660542408;46.07244660542408;46.07244660542408;46.072446605424076;46.07244660542408;46.07244660542409;46.07244660542408;46.07244660542408;46.07244660542408;46.07244660542409;46.07244660542408;46.07244660542409;46.07244660542408;46.072446605424076;46.07244660542409;46.07244660542408;46.07244660542409;46.07244660542409;46.07244660542409;46.07244660542409,89.75683725476846,49.49159679340083;50.13417888515813;50.79366660939007;51.47073601218159;52.166099672833695;52.880509205457265;53.6147579689754;54.36968400607591;55.14617323400255;55.94516291272643;56.767645419043035;57.614672358547914;58.4873590513157;59.386889431515215;60.314521406220855;61.27159272442593;62.259527413842946;63.279842850625585;64.33415753582858;65.42419966242761;66.55181656827916;67.71898518378147;68.92782359853076;70.1806038893384;71.47976637305871;72.82793547233945;74.22793741133607;75.68281999246352;77.19587474541491;78.77066178720492;80.41103778843198;82.1211875081921;83.90565944046506;85.76940621125345;87.71783048193412;89.75683725476846
220,Na_JVASP-41309_NaMgTl2.json,1.0915024280548096,0.3203854560852051;0.39226818084716797;2.044147491455078;1.7949175834655762;0.9316806793212891;0.7421278953552246;1.3047032356262207;1.2017889022827148,2.044147491455078,54.22061973346859,54.22061973346858;54.22061973346858;54.22061973346858;54.22061973346859;54.22061973346859;54.22061973346858;54.22061973346859;54.22061973346858,7.684874702232,7.345908677658761;7.392490029321783;7.439665907637973;7.487447767794873;7.535847361169823;7.584876744965251;7.634548292222545;7.684874702232
221,Na_JVASP-139677_NaMgAs.json,0.39816755056381226,0.3922659754753113;0.19140148162841797;0.4432375431060791;0.14008212089538574;0.341414213180542;0.1231987476348877;1.0751359462738037;0.41489481925964355;0.46187710762023926,1.0751359462738037,64.32296181025922,64.32296181025922;64.3229618102592;64.3229618102592;64.3229618102592;64.3229618102592;64.3229618102592;64.32296181025922;64.32296181025922;64.3229618102592,29.258327420050502,24.366149894653372;24.886293109318213;25.42912766743461;25.996171551178726;26.589081228706586;27.209667815401048;27.85991555241587;28.542002999653654;29.258327420050502
222,Ca_JVASP-100152_CaMg.json,0.9684348106384277,0.3810899257659912;0.40256714820861816;2.432818293571472;0.3294278383255005;1.6301393508911133;0.9931669235229492;2.2121307849884033;0.42400336265563965;0.7274560928344727;0.4137535095214844;2.3485732078552246;0.5609173774719238;1.39699387550354;1.7596871852874756;0.8704512119293213;0.7550914287567139;1.40655517578125;0.686769962310791;0.5098176002502441;0.5924406051635742;1.1946911811828613;0.7661604881286621;0.22527360916137695;0.2224593162536621,2.432818293571472,30.381718071795383,30.381718071795376;30.38171807179538;30.381718071795373;30.381718071795376;30.38171807179538;30.381718071795383;30.38171807179538;30.381718071795376;30.38171807179538;30.381718071795376;30.381718071795383;30.38171807179538;30.381718071795376;30.381718071795373;30.381718071795376;30.381718071795383;30.381718071795376;30.38171807179538;30.381718071795376;30.38171807179538;30.381718071795383;30.381718071795376;30.38171807179538;30.381718071795376,42.99256872994638,17.345081621643853;17.806944431525526;18.294076979071576;18.808611454591016;19.352926868112117;19.929685828182222;20.54187809920804;21.192872441071344;21.886478628472336;22.62702206106519;23.41943405094591;24.269361770181046;25.183303040914133;26.168772773005387;27.23451007124389;28.39073809838236;29.649493067171317;31.025044811476675;32.534440124293035;34.198212809726954;36.04132334422283;38.09441970497092;40.39555516870409;42.99256872994638
223,Li_JVASP-93161_LiMg6Ga.json,0.6594743728637695,1.204811453819275;0.834415078163147;1.0106089115142822;0.6478936672210693;0.40380334854125977;0.3982810974121094;0.3834869861602783;0.39249444007873535,1.204811453819275,32.84095784193267,32.84095784193266;32.84095784193266;32.84095784193266;32.84095784193266;32.84095784193267;32.84095784193267;32.84095784193267;32.84095784193266,15.479971791685239,15.057418043357973;15.11636496395742;15.17577523037655;15.235654327289875;15.29600782627841;15.356841387557814;15.418160761747995;15.479971791685239
224,K_JVASP-46065_K2Mg2O3.json,3.428291440010071,1.143143892288208;0.9747898578643799;1.175004005432129;1.0866761207580566;1.5385046005249023;2.371776580810547;1.6991920471191406;2.9210500717163086;4.026408433914185;6.123714208602905;4.5193705558776855;6.347330570220947;5.722817420959473;4.611785411834717;3.7923498153686523;3.232177257537842;3.2234113216400146;2.8472211360931396;3.0100362300872803;2.8930203914642334;3.2379469871520996;3.2083191871643066;4.402623176574707;4.997898101806641;2.2503244876861572;2.5171315670013428;2.5959935188293457;3.146279811859131;4.901630401611328;4.849179744720459;5.228586196899414;5.109632968902588,6.347330570220947,25.998363975453735,25.99836397545373;25.99836397545373;25.998363975453728;25.99836397545373;25.998363975453728;25.998363975453728;25.99836397545373;25.998363975453728;25.99836397545373;25.99836397545373;25.99836397545373;25.99836397545373;25.998363975453728;25.998363975453735;25.998363975453728;25.99836397545373;25.99836397545373;25.998363975453728;25.99836397545373;25.99836397545373;25.998363975453728;25.998363975453728;25.998363975453728;25.998363975453728;25.998363975453728;25.99836397545373;25.998363975453728;25.998363975453728;25.998363975453728;25.99836397545373;25.99836397545373;25.998363975453728,16.91127112481886,9.582646386537695;9.718503991930865;9.85826922972077;10.002113150977436;10.150216937954513;10.302772665437569;10.459984131797533;10.622067767310114;10.789253628254071;10.961786486390329;11.139927024672124;11.323953151470462;11.514161447249714;11.710868759532792;11.914413964197703;12.125159913700376;12.343495595785347;12.569838529702416;12.804637430984721;13.04837518057301;13.301572139625788;13.564789857899527;13.838635231316584;14.123765173505928;14.420891877005152;14.730788752824107;15.054297152654556;15.392333996743274;15.745900453052146;16.11609184071802;16.504108964149214;16.91127112481886
225,Li_JVASP-93158_LiMg6Cr.json,0.6084527969360352,0.693995475769043;0.6482508182525635;0.8595700263977051;0.4983055591583252;0.903014063835144;0.47084343433380127;0.3423006534576416;0.4513423442840576,0.903014063835144,32.86865645533425,32.868656455334246;32.868656455334246;32.868656455334246;32.868656455334246;32.86865645533425;32.868656455334246;32.868656455334246;32.86865645533424,16.86105170225627,16.360954323906963;16.430572811131018;16.50078630588693;16.571602468927868;16.643029093083985;16.71507410612108;16.787745573673902;16.86105170225627
226,K_JVASP-146361_KMgBO3.json,6.008394718170166,4.226758003234863;4.924182891845703;5.695160388946533;5.986677646636963;5.520219326019287;6.0229411125183105;7.423614501953125;6.507143974304199;6.004858016967773;6.057293891906738;5.797735691070557;5.639896869659424;5.28961706161499;4.794204235076904;5.1252923011779785;4.310492038726807;5.749049186706543;6.163338661193848;4.649623394012451;5.270035266876221;5.41334867477417;5.900371074676514;5.028408527374268;5.582840442657471;7.691647529602051;8.026103973388672;7.5647969245910645;7.270283222198486;7.485728740692139;6.958764553070068;6.827933311462402;7.360269546508789,8.026103973388672,17.505340029305255,17.505340029305255;17.505340029305252;17.505340029305255;17.505340029305252;17.505340029305252;17.505340029305252;17.505340029305255;17.505340029305255;17.505340029305255;17.505340029305255;17.505340029305252;17.505340029305255;17.505340029305255;17.505340029305252;17.505340029305252;17.505340029305255;17.505340029305252;17.505340029305255;17.505340029305252;17.505340029305255;17.505340029305252;17.505340029305255;17.505340029305255;17.505340029305252;17.505340029305255;17.505340029305252;17.505340029305255;17.505340029305252;17.505340029305252;17.505340029305255;17.505340029305255;17.505340029305255,9.931062361183042,6.8531966250156255;6.922403490204608;6.993022382934563;7.0650969629936995;7.138672708858057;7.213797013386939;7.290519285624938;7.368891059170083;7.448966107607572;7.530800567552454;7.614453069892869;7.699984879878719;7.7874600467591115;7.876945563736708;7.968511539078457;8.062231379301188;8.158181985438057;8.25644396348867;8.357101850263327;8.460244355951392;8.565964624876587;8.674360516050324;8.785534905299173;8.89959601092714;9.01665774507977;9.136840093208042;9.260269524289315;9.387079434753618;9.517410629391033;9.651411842884965;9.7892403060324;9.931062361183042
227,Na_JVASP-90917_NaMg2Tl.json,0.41751956939697266,0.38321375846862793;0.30079054832458496;0.3445267677307129;0.6415472030639648,0.6415472030639648,98.51617864981944,98.51617864981942;98.51617864981942;98.51617864981942;98.51617864981944,25.896077595661502,24.27819343323515;24.794548430394634;25.333344661115134;25.896077595661502
228,K_JVASP-93182_KBaMg6.json,0.4342663288116455,0.1982729434967041;0.4153287410736084;0.3532066345214844;0.7372331619262695;0.19100689888000488;0.582862138748169;0.3229069709777832;0.6733131408691406,0.7372331619262695,21.024593380463,21.024593380463;21.024593380462996;21.024593380462996;21.024593380462996;21.024593380462996;21.024593380462996;21.024593380462996;21.024593380462996,11.630798858105765,10.396059180838574;10.556152599464916;10.721253831380762;10.891601580865615;11.06744996802638;11.249069793686719;11.436749930897307;11.630798858105765
229,Na_JVASP-93070_NaMg6Mo.json,0.43421030044555664,0.7123274803161621;0.600839376449585;0.7417960166931152;0.5079514980316162;0.5189945697784424;0.241987943649292;0.15192556381225586;-0.002140045166015625,0.7417960166931152,33.22473656716464,33.22473656716463;33.22473656716463;33.22473656716464;33.22473656716464;33.22473656716463;33.22473656716463;33.22473656716463;33.22473656716463,13.694139192511,12.65367914184824;12.792530164126136;12.934462268493759;13.079579158616975;13.227989244939996;13.379805914782152;13.535147821249872;13.694139192511
230,Li_JVASP-90588_LiMg3.json,0.4072086811065674,0.9050153493881226;0.6304503679275513;0.9213390350341797;0.2657465934753418;0.5972716808319092;0.21771883964538574;0.3278939723968506;0.18808436393737793;0.36241793632507324;0.08391833305358887;0.3506762981414795;0.03597140312194824,0.9213390350341797,42.43325654906254,42.433256549062534;42.433256549062534;42.43325654906253;42.43325654906253;42.433256549062534;42.433256549062534;42.43325654906253;42.433256549062534;42.43325654906254;42.433256549062534;42.43325654906253;42.433256549062534,30.38988907295677,27.968553146821684;28.172614327832385;28.379675093034773;28.58980207041781;28.803063875980765;29.019531188436908;29.239276827311368;29.4623758346143;29.688905560281885;29.91894575158948;30.152578646754062;30.38988907295677
231,Li_JVASP-22546_LiMgN.json,2.136138677597046,0.8751447200775146;0.9922823905944824;1.0395259857177734;1.0226771831512451;1.0566089153289795;1.1081087589263916;1.1371142864227295;1.1732308864593506;1.4720995426177979;1.8214561939239502;1.806178331375122;3.110462188720703;3.3337388038635254;3.1110050678253174;1.8772180080413818;1.8529136180877686;2.077815294265747;2.0349888801574707;1.9196405410766602;3.6707355976104736;2.9146711826324463;3.0768725872039795;3.130693197250366;2.709801435470581;2.788665533065796;2.8337645530700684;3.728330612182617,3.728330612182617,53.53112576921484,53.531125769214825;53.53112576921483;53.531125769214825;53.53112576921483;53.531125769214825;53.53112576921483;53.531125769214825;53.531125769214825;53.53112576921483;53.531125769214825;53.53112576921483;53.531125769214825;53.53112576921483;53.531125769214825;53.53112576921483;53.531125769214825;53.53112576921483;53.53112576921482;53.531125769214825;53.53112576921481;53.531125769214825;53.53112576921484;53.53112576921482;53.53112576921484;53.53112576921482;53.53112576921483;53.531125769214825,25.737075695288627,21.93565152618363;22.060976759231583;22.187742265462745;22.315973016410002;22.445694564238924;22.5769330587224;22.709715264814207;22.84406858084645;22.980021057376746;23.117601416712453;23.25683907314046;23.397764153892478;23.54040752087722;23.684800793212375;23.830976370590953;23.97896745751829;24.12880808845772;24.280533153925006;24.434178427573492;24.589780594314174;24.74737727951708;24.907007079342844;25.068709592255754;25.232525451772442;25.39849636050292;25.56666512554409;25.737075695288627
232,Li_JVASP-93157_LiMg6Cd.json,0.6958956718444824,1.1416802406311035;0.8480820655822754;0.9068388938903809;0.653252124786377;0.5715146064758301;0.46702003479003906;0.5454914569854736;0.4332859516143799,1.1416802406311035,32.02594376313166,32.02594376313166;32.02594376313166;32.02594376313166;32.02594376313166;32.02594376313166;32.02594376313166;32.02594376313166;32.02594376313166,12.929655159641595,12.633531575065007;12.675001766887968;12.716745111256408;12.75876431585675;12.801062124281465;12.843641316626233;12.886504710099052;12.929655159641595
233,Na_JVASP-136569_NaMgF3.json,4.9769980907440186,6.994868516921997;6.430325984954834;6.038733005523682;5.60318398475647;5.650378227233887;5.476631045341492;4.747893214225769;4.726454138755798;4.973803162574768;4.804261088371277;5.094088673591614;5.411899566650391;4.537722587585449;4.41923987865448;4.446964383125305;4.60837721824646;4.41101861000061;3.8823814392089844;4.3728837966918945;4.763764142990112;5.140516042709351;4.671705007553101;4.768134832382202;4.4246673583984375;5.4334187507629395;5.302391529083252;3.2432422637939453,6.994868516921997,26.280392089684025,26.28039208968402;26.280392089684018;26.28039208968402;26.280392089684018;26.280392089684025;26.28039208968402;26.28039208968402;26.28039208968402;26.280392089684025;26.28039208968402;26.28039208968402;26.280392089684018;26.280392089684025;26.28039208968402;26.280392089684018;26.28039208968402;26.28039208968402;26.28039208968402;26.28039208968402;26.280392089684018;26.28039208968402;26.280392089684025;26.28039208968402;26.280392089684018;26.28039208968402;26.280392089684018;26.28039208968402,12.083105630616366,9.51814803760875;9.596498409974881;9.676149399381254;9.757133662262136;9.839484957547583;9.923238193585378;10.008429477479972;10.095096166994853;10.18327692517515;10.273011777858214;10.364342174251943;10.457311050773448;10.551962898354644;10.648343833436423;10.74650167288945;10.846486013117266;10.948348313616677;11.052141985291208;11.157922483836066;11.265747408537681;11.375676606857638;11.487772285200052;11.60209912629306;11.71872441364997;11.837718163613086;11.95915326552494;12.083105630616366
234,Li_JVASP-139339_LiMgP.json,1.432483434677124,1.406503438949585;0.6164882183074951;2.2452869415283203;1.088172435760498;1.3879886865615845;0.7591980695724487;1.1364848613739014;0.43149447441101074;2.9899420738220215;1.4645423889160156;2.0013614892959595;1.662338137626648,2.9899420738220215,51.36820578306102,51.368205783061015;51.368205783061015;51.36820578306102;51.368205783061015;51.368205783061015;51.368205783061015;51.368205783061015;51.36820578306101;51.36820578306101;51.368205783061015;51.36820578306101;51.36820578306101,39.985134111784824,35.89626042112781;36.23309595231729;36.57631281140636;36.92609407334877;37.282629883738025;37.646117803484245;38.01676317385216;38.3947795032775;38.78038887749271;39.17382239461753;39.57532062700533;39.985134111784824
235,Na_JVASP-20822_NaMgF3.json,5.774590730667114,2.2316064834594727;2.224825859069824;2.326326847076416;2.298079013824463;2.5089643001556396;2.5090434551239014;2.6985344886779785;2.6744747161865234;3.81900954246521;3.98755145072937;4.045893669128418;4.251316547393799;4.702852487564087;5.457008123397827;7.609218120574951;10.690367221832275;21.51225519180298;15.956353664398193;11.188040256500244;9.514675617218018;6.910391330718994;6.00027322769165;5.418302536010742;5.486730575561523;4.874921798706055;4.533584117889404;4.831899404525757;4.943608045578003;4.291282653808594;4.51300048828125;5.276904344558716;5.499607801437378,21.51225519180298,24.37957202395539,24.379572023955383;24.379572023955383;24.379572023955383;24.379572023955383;24.379572023955383;24.37957202395538;24.379572023955383;24.379572023955387;24.379572023955387;24.379572023955383;24.379572023955387;24.379572023955387;24.379572023955383;24.379572023955383;24.379572023955383;24.379572023955387;24.379572023955387;24.379572023955383;24.379572023955387;24.379572023955383;24.379572023955383;24.379572023955383;24.379572023955383;24.379572023955383;24.379572023955383;24.37957202395539;24.379572023955383;24.379572023955387;24.379572023955383;24.379572023955387;24.379572023955383;24.379572023955383,10.211657906763689,8.030937406732383;8.086644488152306;8.143129798863106;8.200409761399753;8.258501263644558;8.317421675427324;8.377188865841186;8.437821221310442;8.499337664448712;8.561757673748101;8.625101304142348;8.689389208489606;8.754642660023176;8.820883575821467;8.888134541351565;8.956418836144174;9.025760460661203;9.096184164421198;9.167715475451786;9.240380731142821;9.314207110578545;9.389222668432128;9.465456370511419;9.542938131050503;9.62169885184793;9.701770463359178;9.783185967858175;9.865979484790431;9.950186298448708;10.03584290811122;10.122987080792015;10.211657906763689
236,Na_JVASP-9755_Na2MgC2O6.json,3.1355173587799072,2.615973472595215;2.5978851318359375;2.8082828521728516;2.8012170791625977;3.0796384811401367;3.062617301940918;2.799086093902588;2.7875990867614746;3.1552562713623047;3.136791229248047;3.350959300994873;3.331566333770752;3.3883895874023438;3.5145654678344727;3.7698488235473633;3.9686012268066406,3.9686012268066406,48.08375031091332,48.08375031091331;48.08375031091331;48.08375031091331;48.08375031091332;48.08375031091332;48.0837503109133;48.08375031091331;48.0837503109133;48.0837503109133;48.0837503109133;48.08375031091331;48.08375031091331;48.08375031091331;48.08375031091331;48.083750310913295;48.0837503109133,22.759948018725915,17.604540204231995;17.874459176045164;18.152784013826544;18.439913594040195;18.73627243547571;19.042312793471186;19.358516962788006;19.6853998138;20.023511590048596;20.373440999137113;20.735818633487174;21.111320762771193;21.500673546004304;21.904657718491663;22.324113817282793;22.759948018725915
237,Na_JVASP-94771_NaMg6Al.json,0.1984778642654419,0.6831902265548706;0.453525185585022;0.3366103172302246;0.2046046257019043;-0.002684950828552246;-0.03214085102081299;-0.07175230979919434;0.016470670700073242,0.6831902265548706,30.366228394460435,30.36622839446043;30.366228394460432;30.366228394460432;30.366228394460432;30.36622839446043;30.366228394460435;30.366228394460435;30.366228394460432,19.06924448138397,17.110126619747117;17.364987698732197;17.627556062948035;17.898186695377337;18.17725671870018;18.465167148652593;18.76234481669604;19.06924448138397
238,Ca_JVASP-97873_Ca2MgSi2O7.json,10.071163177490234,6.561706066131592;7.364222049713135;15.691807746887207;15.893172264099121;8.758893013000488;7.2363128662109375;7.76051139831543;7.902071952819824;8.6001615524292;8.626386642456055;9.5101318359375;9.71442699432373;11.280647277832031;11.319862365722656;12.488453388214111;12.429843425750732,15.893172264099121,37.47469072580284,37.47469072580283;37.47469072580283;37.47469072580283;37.47469072580283;37.47469072580284;37.47469072580283;37.47469072580284;37.47469072580283;37.47469072580284;37.47469072580283;37.47469072580283;37.47469072580284;37.47469072580283;37.47469072580284;37.47469072580284;37.47469072580284,16.96454767616969,12.288494314002053;12.518532177253695;12.757346855140865;13.00545041941769;13.26339556678241;13.531779729096176;13.81124969292853;14.10250680361572;14.406312841975735;14.723496677349278;15.054961819306802;15.401695012902866;15.764776049682597;16.14538899990573;16.544835112120317;16.96454767616969
239,Li_JVASP-112325_LiMg4SnO8.json,4.972440004348755,4.623449325561523;4.807921886444092;4.937353134155273;5.145691394805908;5.106726169586182;5.194025039672852;5.113250970840454;4.851102113723755,5.194025039672852,35.61957310193547,35.619573101935465;35.61957310193547;35.61957310193547;35.61957310193547;35.61957310193547;35.619573101935465;35.61957310193547;35.61957310193547,9.716516491138957,9.548326883977108;9.5719966006687;9.59578396054228;9.61968984284776;9.643715135618804;9.667860735782774;9.692127549272383;9.716516491138957
240,Li_JVASP-102521_LiMg.json,0.5806472301483154,0.1938169002532959;0.18885445594787598;0.5923867225646973;0.22004365921020508;0.8788814544677734;0.4566531181335449;0.7652980089187622;0.48675763607025146;1.1560287475585938;0.5666759014129639;1.039642333984375;0.7443854808807373;0.8482010364532471;0.39612388610839844;0.7850490808486938;-0.29037511348724365;2.4225988388061523;0.6664972305297852;-0.05719304084777832;0.11209607124328613;1.0307257175445557;0.35611748695373535;-0.032119035720825195;0.4083869457244873,2.4225988388061523,46.52026825223274,46.52026825223274;46.52026825223273;46.52026825223273;46.52026825223274;46.52026825223274;46.52026825223273;46.52026825223274;46.52026825223273;46.52026825223273;46.52026825223273;46.52026825223273;46.52026825223273;46.52026825223274;46.52026825223274;46.52026825223273;46.52026825223274;46.52026825223274;46.52026825223274;46.52026825223273;46.52026825223274;46.52026825223274;46.52026825223273;46.52026825223274;46.52026825223273,45.40615314430584,35.739883186529354;36.07377670370006;36.413967736169724;36.76063614483317;37.113968705668036;37.47415944528881;37.84140999623176;38.21592997333747;38.597937372707456;38.98765899483022;39.38533089360246;39.791198853113436;40.20551889421599;40.6285578130782;41.06059375409605;41.501916819752445;41.95282972023253;42.413648465851956;42.88470310562673;43.36633851561201;43.85891524096706;44.36281039606701;44.87841862738423;45.40615314430584
241,Li_JVASP-152866_Li2MgH4.json,2.5127007961273193,0.955012321472168;0.8765225410461426;1.2140090465545654;1.1434142589569092;1.5139849185943604;1.556652307510376;1.2551989555358887;1.2702522277832031;1.3836023807525635;1.3255736827850342;1.647315502166748;1.9162192344665527;3.972627639770508;3.4893321990966797;4.025831937789917;3.7401793003082275;3.9780025482177734;3.6969141960144043;3.2872841358184814;3.0347979068756104;3.624084711074829;3.4871327877044678;4.225207090377808;3.6856672763824463,4.225207090377808,56.74583895089909,56.74583895089909;56.74583895089909;56.74583895089908;56.74583895089909;56.74583895089909;56.745838950899085;56.74583895089909;56.74583895089909;56.745838950899085;56.745838950899085;56.745838950899085;56.745838950899085;56.74583895089909;56.74583895089909;56.745838950899085;56.74583895089909;56.74583895089909;56.745838950899085;56.745838950899085;56.745838950899085;56.745838950899085;56.745838950899085;56.745838950899085;56.74583895089909,77.24167850813498,52.901998545021044;53.63684833752794;54.392400975808876;55.1695438486582;55.969215794991065;56.79241088748475;57.64018255510293;58.5136480804504;59.413993512330805;60.34247903892692;61.300444872791935;62.2893177054458;63.310617796951746;64.36596677456603;65.45709622460213;66.58585717325843;67.75423056559903;68.96433886747853;70.21845893335649;71.51903630412801;72.86870112387535;74.27028589351336;75.72684531349947;77.24167850813498
242,Ca_JVASP-71026_CaMgBe2.json,2.2373783588409424,1.8776949644088745;1.4381380081176758;0.7964610457420349;4.781704127788544;2.376664936542511;1.2373608946800232;3.7155399322509766;2.550955057144165;2.1521376371383667;1.9663788080215454;2.09131121635437;1.8641936779022217,4.781704127788544,50.385704736294976,50.38570473629497;50.38570473629496;50.385704736294976;50.385704736294976;50.38570473629497;50.38570473629497;50.385704736294976;50.385704736294976;50.38570473629497;50.38570473629497;50.38570473629497;50.385704736294976,48.90510257473745,27.102635877208648;28.247458359467576;29.49326149798937;30.85402243796823;32.34642260652926;33.99053498245301;35.81073218615439;37.83690284796167;40.106105673901666;42.664856683281464;45.572351660725076;48.90510257473745
243,Na_JVASP-93073_NaMg6C.json,0.6050208806991577,0.5485332012176514;0.7338826656341553;0.7194461822509766;0.7077207565307617;0.8352072238922119;0.97300124168396;0.36529719829559326;0.44895613193511963;0.3854544162750244;0.376145601272583;0.5694578886032104;0.597148060798645,0.97300124168396,21.024215338885735,21.024215338885735;21.024215338885732;21.024215338885732;21.024215338885732;21.024215338885732;21.024215338885732;21.024215338885735;21.024215338885732;21.024215338885732;21.024215338885732;21.02421533888573;21.024215338885732,13.980380033839195,12.351108687520366;12.48336408176742;12.618482508884679;12.75655795351799;12.897688559463353;13.041976862311996;13.18953003788792;13.340460167742915;13.494884523091248;13.652925868695641;13.814712788359511;13.980380033839195
244,Li_JVASP-38523_Li3Mg.json,0.45034193992614746,0.022841811180114746;0.09686744213104248;2.377147912979126;2.32069730758667;0.9024384021759033;0.690748929977417;0.43001222610473633;1.516141414642334;-0.33173704147338867;-0.24639582633972168;-0.060637712478637695;0.027534961700439453;-0.005129098892211914;-0.00855708122253418;0.948804497718811;1.0749133825302124;-0.062146544456481934;-0.08307373523712158;0.34125542640686035;0.1753237247467041;-0.5008466243743896;-0.5946810245513916;-0.9645175933837891;2.741201400756836,2.741201400756836,69.54273165792459,69.54273165792458;69.54273165792458;69.54273165792459;69.54273165792458;69.54273165792458;69.54273165792456;69.54273165792458;69.54273165792458;69.54273165792458;69.54273165792459;69.54273165792459;69.54273165792458;69.54273165792458;69.54273165792458;69.54273165792458;69.54273165792458;69.54273165792458;69.54273165792458;69.54273165792458;69.54273165792458;69.54273165792459;69.54273165792458;69.54273165792458;69.54273165792458,133.088431188201,74.23739519010124;75.69265217791057;77.20610401827238;78.78131269782014;80.4221369534631;82.13276383266408;83.91774436908963;85.78203401361269;87.73103857697355;89.77066658106918;91.90738908663889;94.14830827339125;96.50123630374286;98.97478631531739;101.57847777567218;104.32285891545688;107.21964955958806;110.2819084344995;113.52422998869525;116.96297698449065;120.61655668264797;124.50575045925733;128.65410931688015;133.088431188201
245,Na_JVASP-139681_NaMgAs.json,0.9135915040969849,0.12633275985717773;-0.3068193197250366;0.7486639022827148;0.20364344120025635;0.18780529499053955;0.14594042301177979;2.852241575717926;3.3509239554405212,3.3509239554405212,59.32182804229107,59.32182804229106;59.32182804229106;59.32182804229106;59.32182804229107;59.32182804229107;59.32182804229105;59.32182804229106;59.32182804229106,32.81268003935913,27.411918631485047;28.071986191979335;28.764626390775227;29.492311286775173;30.257769583127303;31.06402082005316;31.914415183958297;32.81268003935913
246,Li_JVASP-39228_LiMg2.json,0.7365078926086426,1.2965247631072998;0.7965519428253174;0.3116316795349121;0.3530735969543457;0.46665775775909424;0.249273419380188;1.125133991241455;0.867591142654419;0.8870217800140381;0.6514813899993896;1.2936556339263916;0.5394976139068604,1.2965247631072998,57.352904461002986,57.352904461002986;57.352904461002986;57.352904461002986;57.352904461002986;57.35290446100298;57.35290446100298;57.352904461002986;57.352904461002986;57.352904461002986;57.35290446100298;57.352904461002986;57.35290446100298,45.40615314430584,40.20551889421599;40.6285578130782;41.06059375409605;41.501916819752445;41.95282972023253;42.413648465851956;42.88470310562673;43.36633851561201;43.85891524096706;44.36281039606701;44.87841862738423;45.40615314430584
247,Li_JVASP-90587_Li3Mg.json,0.2969208558400472,0.03712642192840576;0.06598532199859619;0.5845226049423218;0.1288989782333374;0.4811006784439087;1.447119116783142;0.46901124715805054;0.43860799074172974;0.3003307580947876;0.4078993797302246;-0.00939321517944336;0.006291031837463379;0.6683555841445923;0.6127606630325317;0.5001015663146973;-0.07112550735473633;0.37343931198120117;-0.2736678123474121;0.6256370544433594;0.5436310768127441;0.6688954830169678;0.33309125900268555;0.36859560012817383;0.38414931297302246;1.3339195251464844;0.7906761169433594;1.9114995002746582;0.10976934432983398;-0.3060793876647949;-0.5489234924316406;-0.0951087474822998;0.2036440372467041;-0.22713255882263184;-0.1461622714996338;-0.8986475467681885;-0.5296676158905029,1.9114995002746582,46.60739967559871,46.6073996755987;46.60739967559871;46.6073996755987;46.6073996755987;46.6073996755987;46.6073996755987;46.6073996755987;46.6073996755987;46.60739967559869;46.6073996755987;46.6073996755987;46.60739967559869;46.6073996755987;46.6073996755987;46.6073996755987;46.6073996755987;46.60739967559869;46.60739967559869;46.6073996755987;46.60739967559869;46.60739967559869;46.6073996755987;46.60739967559869;46.6073996755987;46.6073996755987;46.60739967559869;46.6073996755987;46.6073996755987;46.6073996755987;46.60739967559869;46.6073996755987;46.6073996755987;46.6073996755987;46.6073996755987;46.6073996755987;46.6073996755987,89.75683725476846,49.49159679340083;50.13417888515813;50.79366660939007;51.47073601218159;52.166099672833695;52.880509205457265;53.6147579689754;54.36968400607591;55.14617323400255;55.94516291272643;56.767645419043035;57.614672358547914;58.4873590513157;59.386889431515215;60.314521406220855;61.27159272442593;62.259527413842946;63.279842850625585;64.33415753582858;65.42419966242761;66.55181656827916;67.71898518378147;68.92782359853076;70.1806038893384;71.47976637305871;72.82793547233945;74.22793741133607;75.68281999246352;77.19587474541491;78.77066178720492;80.41103778843198;82.1211875081921;83.90565944046506;85.76940621125345;87.71783048193412;89.75683725476846
248,Li_JVASP-117208_LiMgH14Cl3O7.json,3.6823344230651855,3.7992374897003174;3.6458866596221924;3.7883009910583496;3.6817026138305664;3.6662395000457764;3.574375867843628;3.6953036785125732;3.607628583908081,3.7992374897003174,19.339883327376945,19.339883327376942;19.339883327376942;19.339883327376945;19.339883327376945;19.339883327376942;19.339883327376945;19.339883327376942;19.339883327376942,13.003429475204143,12.70395612750703;12.745890719459062;12.788103072746003;12.830595956241385;12.87337217574359;12.91643457459342;12.959786034304122;13.003429475204143
249,K_JVASP-20882_KMgF3.json,6.714595556259155,2.3182783126831055;2.458247184753418;5.871082305908203;4.587396621704102;19.91672396659851;6.23981785774231;5.153254508972168;7.171963691711426,19.91672396659851,86.82239904634969,86.82239904634967;86.82239904634966;86.82239904634967;86.82239904634969;86.82239904634967;86.82239904634967;86.82239904634967;86.82239904634967,38.87089523265537,27.825802672053083;29.003114236282403;30.28445139157877;31.684238738632075;33.21969701569517;34.91155512615165;36.78499142054396;38.87089523265537
250,Na_JVASP-39645_Na2MgSn.json,1.3114209175109863,0.6664382219314575;0.41663920879364014;0.5978232622146606;0.5236200094223022;1.3286001682281494;0.8296425342559814;1.397644281387329;2.4899814128875732;0.38818860054016113;0.5162575244903564;1.1379079818725586;0.26044178009033203;3.3618128299713135;1.7892944812774658;2.907155990600586;2.371286392211914,3.3618128299713135,50.205851010217344,50.20585101021733;50.20585101021732;50.20585101021733;50.20585101021733;50.20585101021733;50.20585101021733;50.205851010217344;50.20585101021733;50.205851010217344;50.20585101021732;50.20585101021733;50.20585101021733;50.20585101021734;50.20585101021733;50.20585101021733;50.20585101021734,22.96397653979469,17.726359690945817;18.000056183607157;18.2823370131395;18.573612478299527;18.874319448807682;19.18492355166555;19.50592157695912;19.837844129292233;20.181258554614995;20.53677217640676;20.90503588004491;21.286748089862918;21.682659190022996;22.093576448079684;22.52036950920966;22.96397653979469
251,Li_JVASP-89762_LiMg4H13Os2.json,1.4162957668304443,1.8055033683776855;1.9207935333251953;1.7098910808563232;1.752262830734253;1.4042274951934814;0.9010188579559326;0.8123223781585693;1.0243465900421143,1.9207935333251953,31.390226863532835,31.390226863532835;31.39022686353283;31.390226863532835;31.390226863532835;31.390226863532835;31.390226863532835;31.39022686353283;31.390226863532835,6.814155216470519,6.731006922144333;6.742760796279435;6.754555792115475;6.76639212583107;6.778270015122777;6.79018967921844;6.802151338890679;6.814155216470519
252,Na_JVASP-93148_NaCeMg6.json,0.3936218023300171,-0.01136159896850586;0.16602039337158203;0.10714316368103027;0.4174630641937256;0.6140578985214233;0.504184365272522;0.6625592708587646;0.6889078617095947,0.6889078617095947,26.467795106911392,26.467795106911385;26.46779510691139;26.467795106911385;26.46779510691139;26.467795106911385;26.46779510691139;26.467795106911392;26.467795106911385,11.599572067597688,10.84427736531373;10.946097991298016;11.049848797710746;11.155585194447738;11.263364732772697;11.373247209770392;11.485294778974133;11.599572067597688
253,Li_JVASP-41025_LiMg2Hg.json,0.45545482635498047,0.034235477447509766;0.20585298538208008;0.6390781402587891;0.7821788787841797;0.32030487060546875;0.5073742866516113;0.8911890983581543;0.2634248733520508,0.8911890983581543,72.81133408941089,72.81133408941088;72.81133408941089;72.81133408941089;72.81133408941088;72.81133408941089;72.81133408941089;72.81133408941088;72.81133408941089,13.397116760471848,13.07945690123365;13.123911454294397;13.16866922284142;13.213733319747822;13.259106900642887;13.304793164648691;13.350795355132005;13.397116760471848
254,Li_JVASP-39223_Li2MgHg.json,0.694542407989502,0.26770222187042236;0.3268851041793823;1.9495129585266113;2.1099095344543457;0.7321014404296875;0.7097311019897461;0.7466325759887695;0.9144716262817383;0.24299311637878418;0.7270381450653076;0.4646608829498291;0.4820234775543213;0.501204252243042;0.6473314762115479;-0.08153319358825684;0.37201380729675293,2.1099095344543457,79.04325158183698,79.04325158183697;79.04325158183697;79.04325158183698;79.04325158183697;79.04325158183697;79.04325158183697;79.04325158183697;79.04325158183698;79.04325158183697;79.04325158183698;79.04325158183697;79.04325158183698;79.04325158183697;79.04325158183697;79.04325158183697;79.04325158183697,14.839414496260789,14.030602487420852;14.081770296521054;14.133312676517486;14.185233755555943;14.237537722667621;14.290228828895756;14.343311388447372;14.396789779870808;14.450668447259652;14.504951901483865;14.559644721448707;14.614751555382272;14.670277122152378;14.726226212613584;14.782603690985157;14.839414496260789
255,Na_JVASP-55691_NaMgH3.json,1.4123845100402832,0.48125743865966797;0.5569515228271484;0.5081287622451782;0.5981067419052124;0.4131288528442383;0.5019025802612305;0.44816017150878906;0.5142412185668945;2.0884833335876465;1.9136261940002441;1.5287270545959473;1.4091458320617676;1.191145420074463;1.1272711753845215;1.2811241149902344;1.247361183166504;0.746880292892456;0.774578332901001;0.9387049674987793;0.9735379219055176;1.0099830627441406;1.1339969635009766;1.099663496017456;1.2190649509429932;1.8314085006713867;1.283860206604004;2.252389669418335;2.234476327896118;2.641423225402832;2.7068681716918945;3.6900134086608887;4.850693225860596,4.850693225860596,25.14462987824129,25.144629878241286;25.144629878241286;25.14462987824128;25.144629878241282;25.144629878241282;25.144629878241286;25.144629878241286;25.14462987824129;25.144629878241282;25.14462987824128;25.144629878241282;25.144629878241282;25.144629878241282;25.144629878241286;25.14462987824129;25.14462987824129;25.144629878241286;25.144629878241282;25.144629878241282;25.144629878241282;25.144629878241282;25.144629878241286;25.144629878241286;25.14462987824129;25.14462987824129;25.144629878241286;25.144629878241286;25.144629878241286;25.144629878241282;25.144629878241282;25.144629878241282;25.144629878241286,29.861975198094264,16.644868318429182;16.88595983540258;17.134138149552026;17.389720392588913;17.653042904795456;17.924462711706823;18.204359139146543;18.49313558197813;18.791221443916868;19.09907426801894;19.41718208007878;19.74606597017814;20.08628294110957;20.438429056425694;20.80314292554093;21.181109568752415;21.57306471139283;21.979799563750475;22.40216615209864;22.84108327641799;23.29754318247943;23.772619050256587;24.267473417617683;24.783367678476488;25.321672818766128;25.883881582616716;26.471622296064382;27.086674617874017;27.730987538358583;28.406700009628683;29.116164667316976;29.861975198094264
256,Na_JVASP-93078_NaMg6Nb.json,0.5081132650375366,0.6874380111694336;1.0431287288665771;0.12052512168884277;0.18136119842529297,1.0431287288665771,62.676729747237665,62.67672974723765;62.67672974723766;62.676729747237665;62.67672974723766,27.406191038308442,25.60069125194512;26.175498813363397;26.77671133508194;27.406191038308442
257,Li_JVASP-39218_Li2MgGe.json,1.1555110216140747,0.23473650217056274;0.6365389227867126;0.8746141195297241;1.820839285850525;0.969869077205658;0.7297845482826233;0.8717471361160278;1.1825309991836548;1.1197108030319214;0.9762414693832397;1.511854887008667;0.7913084030151367;1.4612617492675781;1.6312105655670166;1.2771254777908325;2.398802399635315,2.398802399635315,87.92077443236288,87.92077443236288;87.92077443236286;87.92077443236288;87.92077443236288;87.92077443236286;87.92077443236286;87.92077443236286;87.92077443236288;87.92077443236288;87.92077443236286;87.92077443236286;87.92077443236286;87.92077443236288;87.92077443236288;87.92077443236286;87.92077443236286,34.25105061988561,30.228961987050887;30.467481014137164;30.70979400494436;30.955992207272534;31.20616981867785;31.4604241066392;31.718855534647513;31.98156789456106;32.24866844559314;32.52026806032311;32.79648137814836;33.0774269666234;33.3632274911631;33.65400989362042;33.94990558028469;34.25105061988561
258,Li_JVASP-39859_Li2MgSn.json,1.1622267961502075,0.4050997495651245;0.5832221508026123;1.5283975005149841;2.515769898891449;0.35894709825515747;1.0681999325752258;1.0184255838394165;0.9540784358978271;0.7387089729309082;0.5275735855102539;0.8421597480773926;0.5881600379943848;1.1263315677642822;2.1262078285217285;1.776005506515503;2.4383411407470703,2.515769898891449,75.49808276602094,75.49808276602093;75.49808276602093;75.49808276602093;75.49808276602093;75.49808276602093;75.49808276602093;75.49808276602091;75.49808276602094;75.49808276602091;75.49808276602093;75.49808276602093;75.49808276602093;75.49808276602093;75.49808276602094;75.49808276602094;75.49808276602091,23.28415380341364,21.352767549021898;21.47150285091438;21.59156602796043;21.71297948083823;21.83576611692823;21.959949364721577;22.085553188723072;22.212602104868445;22.34112119647689;22.471136130760623;22.602673175914227;22.735759218807807;22.87042178330885;23.00668904925916;23.14458987213417;23.28415380341364
259,Na_JVASP-96950_Na2MgH8S2O12.json,3.7982184886932373,3.5805416107177734;3.5508575439453125;3.6652092933654785;3.660426616668701;3.8839244842529297;3.9466705322265625;4.03307580947876;4.065042018890381,4.065042018890381,45.58036918034425,45.58036918034424;45.58036918034425;45.580369180344235;45.58036918034424;45.58036918034424;45.58036918034424;45.58036918034425;45.580369180344235,22.771881880711472,20.032747753047705;20.383002881017326;20.74572377305513;21.12158798101557;21.511323065441726;21.915711296095605;22.335594892833797;22.771881880711472
260,Ca_JVASP-74240_Ca2MgBe.json,1.3104772567749023,0.06792974472045898;-0.0590972900390625;0.9050006866455078;2.9772958755493164;0.7941105365753174;1.3071010112762451;0.8941985368728638;1.1929000616073608;0.6736710071563721;0.3112175464630127;0.9490842819213867;1.2847809791564941;1.3948159217834473;1.6650981903076172;2.782775640487671;3.8267533779144287,3.8267533779144287,59.0073182883989,59.0073182883989;59.00731828839889;59.0073182883989;59.00731828839889;59.00731828839889;59.007318288398885;59.00731828839889;59.00731828839889;59.007318288398885;59.00731828839889;59.00731828839889;59.0073182883989;59.00731828839889;59.00731828839889;59.007318288398885;59.00731828839889,87.41073170528986,29.524025951249772;30.88769282294966;32.3834309748288;34.03140348090616;35.856097826584374;37.887550921886486;40.163015548496475;42.729265681129455;45.64584593766507;48.989749310041475;52.862313499662044;57.39966887085584;62.789072316660295;69.2953964035834;77.3059914955854;87.41073170528986
261,Ca_JVASP-93319_CaMg2.json,0.803368091583252,1.261124849319458;0.9360730648040771;0.7803430557250977;0.4212164878845215;0.6824841499328613;0.5046176910400391;0.25092411041259766;-0.0021920204162597656;-0.5055532455444336;4.578807353973389;1.3977880477905273;1.8927698135375977;0.6226437091827393;0.897784948348999;0.39915895462036133;0.21410083770751953;0.031294822692871094;0.09723901748657227,4.578807353973389,28.09543012803449,28.09543012803448;28.095430128034486;28.09543012803448;28.095430128034486;28.09543012803449;28.095430128034483;28.09543012803449;28.095430128034486;28.095430128034486;28.095430128034483;28.095430128034486;28.095430128034483;28.095430128034483;28.095430128034486;28.095430128034483;28.095430128034483;28.095430128034483;28.095430128034486,29.289379865660003,16.788868693942753;17.22121572564207;17.676418956193334;18.156340047495924;18.663048483022514;19.198851399870705;19.766328711447542;20.368374648787395;21.008247131992782;21.68962674952869;22.416687599833313;23.194182875254306;24.02754889614855;24.923032408483692;25.887847448943013;26.930370112469387;28.06038235508986;29.289379865660003
262,K_JVASP-2526_KMgSb.json,1.2263388633728027,0.8788477182388306;0.8141473531723022;1.656485676765442;0.909774661064148;1.489492416381836;1.2145696878433228;1.645543396472931;1.2018499970436096,1.656485676765442,58.60932516301203,58.60932516301202;58.60932516301202;58.60932516301203;58.60932516301203;58.60932516301203;58.60932516301202;58.60932516301203;58.60932516301203,22.193669441007234,18.093138165818434;18.583643623351655;19.101485401292976;19.649014221002616;20.22885828378124;20.843965458100623;21.497653405040978;22.193669441007234
263,Li_JVASP-157330_LiCaMg2.json,1.5126326084136963,0.002878904342651367;0.17072463035583496;5.217573642730713;3.4239940643310547;0.44951939582824707;0.6554176807403564;0.5868890285491943;1.5940635204315186,5.217573642730713,53.13330447056533,53.13330447056532;53.13330447056533;53.13330447056532;53.13330447056532;53.133304470565314;53.133304470565314;53.13330447056532;53.13330447056531,37.40898653924741,35.033150719330834;35.35391049506077;35.680598230860824;36.013379791310115;36.35242728710741;36.69791937188562;37.05004155611404;37.40898653924741
264,Na_JVASP-93058_NaMg6Cd.json,0.36168766021728516,1.261157512664795;0.8154940605163574;0.5943393707275391;0.2305011749267578;0.11736655235290527;-0.07002711296081543;0.025591611862182617;-0.08092188835144043,1.261157512664795,29.848458986978642,29.84845898697864;29.84845898697864;29.848458986978642;29.84845898697864;29.848458986978642;29.848458986978642;29.84845898697864;29.84845898697864,12.8303190078894,11.912584027401941;12.035567961241709;12.1611177239243;12.289314458701618;12.420242766772304;12.553990893467251;12.690650926595795;12.8303190078894
265,Na_JVASP-79162_NaMg3.json,0.4211466312408447,0.8728342056274414;0.3316078186035156;0.371187686920166;0.06415796279907227;0.4389002323150635;0.12372756004333496;0.4492318630218506;-0.12168288230895996;0.6620874404907227;0.12422466278076172;1.5499904155731201;0.18749260902404785,1.5499904155731201,37.24440256348241,37.24440256348241;37.24440256348241;37.24440256348241;37.2444025634824;37.2444025634824;37.24440256348241;37.24440256348241;37.24440256348241;37.24440256348241;37.2444025634824;37.2444025634824;37.24440256348241,29.846752394126554,23.28827645236156;23.76297061685256;24.257419201930247;24.77288153278444;25.310726299591355;25.872443693122538;26.45965919297331;27.074149277069807;27.71785937221458;28.392924427732062;29.101692570574322;29.846752394126554
266,K_JVASP-35067_KMgBi.json,1.2229467630386353,1.2382011413574219;0.6729880571365356;1.1985228061676025;0.9736772775650024;1.631153404712677;1.8758642077445984;1.3482163548469543;0.8449508547782898,1.8758642077445984,55.193457099327375,55.193457099327354;55.193457099327375;55.19345709932736;55.19345709932735;55.19345709932736;55.19345709932737;55.193457099327354;55.19345709932736,14.066202154849886,12.29950679919132;12.524224675868835;12.757306777283114;12.999228946359226;13.250503818164443;13.511684445957085;13.783368364696361;14.066202154849886
267,Li_JVASP-140755_Li2MgH2N2.json,2.248098850250244,1.0024330615997314;1.2196567058563232;1.157783031463623;1.2397065162658691;1.5572373867034912;1.8496506214141846;1.6978206634521484;1.8544130325317383;0.8532114028930664;1.0501561164855957;0.9196226596832275;1.06691575050354;1.3322546482086182;1.4920904636383057;1.4006807804107666;1.5858891010284424;1.974468469619751;1.9361450672149658;2.2062084674835205;2.3387110233306885;2.084099531173706;1.9195373058319092;2.4581358432769775;2.262479066848755;4.485149145126343;3.9145095348358154;4.080309629440308;3.3284623622894287;3.926175355911255;4.038757562637329;4.808360815048218;4.898132085800171,4.898132085800171,44.11842107391981,44.1184210739198;44.118421073919805;44.1184210739198;44.118421073919805;44.11842107391981;44.118421073919805;44.11842107391981;44.118421073919805;44.118421073919805;44.1184210739198;44.118421073919805;44.1184210739198;44.1184210739198;44.118421073919805;44.118421073919805;44.118421073919805;44.118421073919805;44.1184210739198;44.1184210739198;44.118421073919805;44.1184210739198;44.118421073919805;44.118421073919805;44.1184210739198;44.118421073919805;44.118421073919805;44.118421073919805;44.1184210739198;44.1184210739198;44.1184210739198;44.1184210739198;44.118421073919805,30.585191278470116,24.55561319188681;24.712770821886124;24.87195304894276;25.0331992497695;25.19654982886764;25.362046252280717;25.52973108268721;25.699648015894613;25.871841918800644;26.046358868890835;26.223246195345563;26.402552521833513;26.584327811072914;26.768623411246274;26.95549210435921;27.144988156639062;27.337167371074347;27.53208714220189;27.729806513254722;27.930386235790117;28.13388883192441;28.340378659308463;28.549921978985598;28.762587026282347;28.978444084891326;29.197565564315163;29.420026080850793;29.645902542304366;29.875274236638766;30.108222924768505;30.344832937730036;30.585191278470116
268,Li_JVASP-56602_BaLi2Mg2Si2.json,0.5007696151733398,0.5278353691101074;0.47370386123657227,0.5278353691101074,282.65645747351795,282.65645747351795;282.65645747351795,107.61529402290759,104.6973763081023;107.61529402290759
269,Li_JVASP-115413_LiMgAs.json,0.5381402969360352,0.41865289211273193;0.23731529712677002;0.6573539972305298;0.5296963453292847;0.4683949947357178;0.5510613918304443;0.40763676166534424;0.3007920980453491;0.470270037651062;1.1329373121261597;0.6814742088317871;0.6020982265472412,1.1329373121261597,59.983149477520236,59.98314947752023;59.98314947752022;59.983149477520236;59.98314947752023;59.98314947752023;59.983149477520236;59.983149477520236;59.98314947752022;59.98314947752023;59.983149477520236;59.983149477520236;59.983149477520236,22.378201564276004,21.037084572813104;21.15232554684903;21.268836053565867;21.38663718754383;21.50575051330997;21.626198078498366;21.748002427455035;21.871186615305223;21.995774222501478;22.121789369871816;22.24925673418814;22.378201564276004
270,Li_JVASP-155764_SrLi2Mg2.json,0.25064313411712646,0.006402254104614258;0.3285098075866699;0.1414780616760254;0.09982848167419434;0.07683134078979492;-0.03514289855957031;0.0731809139251709;0.026807546615600586;0.7088384628295898;1.245218276977539;0.5685069561004639;0.2200148105621338;0.15288925170898438;0.18971538543701172;-0.027917146682739258;0.23512864112854004,1.245218276977539,40.33233951747344,40.332339517473436;40.33233951747343;40.332339517473436;40.332339517473436;40.332339517473436;40.33233951747344;40.332339517473436;40.332339517473436;40.332339517473436;40.332339517473436;40.332339517473436;40.332339517473436;40.332339517473436;40.332339517473436;40.332339517473436;40.332339517473436,24.436493120423414,22.31790376611389;22.4476478268537;22.578909230313297;22.711714750791785;22.846091796243822;22.982068427136813;23.11967337598543;23.258936067592202;23.39988664002409;23.542555966356304;23.68697567721661;23.833178184164357;23.98119670394085;24.131065283628885;24.28281882676173;24.436493120423414
271,Li_JVASP-94840_LiMg4Si2.json,-0.23591220378875732,-1.257198452949524;-0.7412495613098145;-0.18165969848632812;-0.14418089389801025;0.05666553974151611;-0.15603113174438477;0.3071116805076599;0.2292448878288269,0.3071116805076599,40.94993096575897,40.94993096575897;40.949930965758966;40.949930965758966;40.94993096575897;40.949930965758966;40.94993096575897;40.949930965758966;40.949930965758966,21.717976353924385,20.895299566767015;21.00898818396829;21.123920699124596;21.240117639268515;21.3575999855853;21.47638918604265;21.59650716844434;21.717976353924385
272,K_JVASP-71114_KMgBe2.json,0.544701337814331,-0.9787905216217041;-0.4409811496734619;-0.2872469425201416;0.5668714046478271;0.2556267976760864;-0.3898707628250122;1.351843237876892;0.16369402408599854;-0.17392241954803467;-0.05429494380950928;3.0991069078445435;3.4243804216384888,3.4243804216384888,46.205095872440836,46.20509587244083;46.20509587244083;46.20509587244083;46.205095872440836;46.205095872440836;46.20509587244083;46.205095872440836;46.20509587244083;46.20509587244083;46.205095872440836;46.20509587244083;46.20509587244083,48.992685557073685,27.42872225945954;28.571982302357096;29.81469226284921;31.170418627626685;32.65531300101948;34.28875865356438;36.09422133331437;38.10038381216099;40.3426810564816;42.86541138650943;45.72469256844467;48.992685557073685
273,Ca_JVASP-92518_Ca2MgPt2.json,3.399772047996521,1.2995984554290771;1.6634082794189453;1.5440428256988525;1.8718738555908203;2.2717394828796387;2.716808319091797;2.5874381065368652;1.9977750778198242;2.897416353225708;4.339479684829712;3.6560096740722656;5.247989177703857;5.438013076782227;5.288595914840698;4.992501854896545;6.583662629127502,6.583662629127502,50.39089715004547,50.39089715004546;50.39089715004547;50.39089715004547;50.39089715004546;50.39089715004547;50.39089715004547;50.39089715004547;50.39089715004547;50.39089715004547;50.39089715004547;50.39089715004547;50.39089715004547;50.39089715004546;50.39089715004546;50.39089715004546;50.39089715004546,7.986467071980644,6.773127273449168;6.842429439077178;6.913164455378792;6.9853772236930665;7.059114541264857;7.1344252023778445;7.211360106031029;7.289972370658044;7.370317456432586;7.452453295751811;7.536440432542776;7.622342171095944;7.710224735194629;7.80015743838103;7.892212866278883;7.986467071980644
274,Na_JVASP-141356_Na6MgCl8.json,5.292393624782562,1.9618326425552368;1.9484189748764038;1.9645442962646484;2.0311641693115234;2.147313356399536;2.2089271545410156;2.3164260387420654;2.440056800842285;2.7936547994613647;2.7551413774490356;2.802841544151306;3.1938730478286743;2.783745288848877;2.82381534576416;3.208720564842224;2.994439721107483;10.580131649971008;13.299692749977112;12.18138587474823;9.403775572776794;9.500234127044678;6.891229629516602;5.206033229827881;3.9229393005371094;6.126270771026611;5.964495778083801;5.729797601699829;5.5181273221969604;4.54700493812561;4.751100301742554;5.049420952796936;6.484999299049377;5.675897717475891;4.628780484199524;4.445127725601196;3.8375861644744873;4.612837731838226;4.441577255725861;5.540900468826294;4.766039133071899;5.730969548225403;5.634226202964783;4.573524534702301;5.3288533091545105;7.148384094238281;9.163440704345703;9.292882680892944;13.68231201171875,13.68231201171875,16.166187580663035,16.16618758066303;16.16618758066303;16.16618758066303;16.166187580663035;16.16618758066303;16.16618758066303;16.16618758066303;16.16618758066303;16.16618758066303;16.16618758066303;16.16618758066303;16.16618758066303;16.166187580663035;16.16618758066303;16.16618758066303;16.16618758066303;16.16618758066303;16.16618758066303;16.16618758066303;16.16618758066303;16.16618758066303;16.16618758066303;16.16618758066303;16.16618758066303;16.166187580663035;16.16618758066303;16.166187580663035;16.16618758066303;16.166187580663035;16.16618758066303;16.16618758066303;16.16618758066303;16.16618758066303;16.166187580663035;16.16618758066303;16.16618758066303;16.16618758066303;16.16618758066303;16.16618758066303;16.166187580663035;16.16618758066303;16.16618758066303;16.166187580663035;16.16618758066303;16.16618758066303;16.16618758066303;16.16618758066303;16.166187580663035,10.779137189131065,7.513856248629913;7.562598969380686;7.6119782116839625;7.662006525799064;7.712696794105108;7.764062242160361;7.816116450206468;7.868873365138594;7.922347312963634;7.976553011769862;8.031505585232688;8.087220576682565;8.143713963762504;8.201002173704289;8.259102099253994;8.31803111527931;8.37780709609292;8.438448433528249;8.499974055805952;8.562403447231814;8.62575666876912;8.690054379531121;8.755317859241968;8.821569031717416;8.888830489419712;8.957125519144464;9.026478128900818;9.096913076050138;9.168455896772477;9.241132936934484;9.314971384437188;9.389999303127034;9.466245668359068;9.54374040430694;9.622514423120627;9.702599666039573;9.784029146576062;9.866836995891523;9.951058510496777;10.036730202416258;10.123889851966057;10.21257656330596;10.302830822937231;10.394694561329839;10.488211217876348;10.583425809383785;10.68038500233041;10.779137189131065
275,Ca_JVASP-94802_CaCeMg6.json,1.092198133468628,1.2349886894226074;1.6175990104675293;0.673093318939209;0.843111515045166,1.6175990104675293,52.16639638967977,52.166396389679754;52.16639638967977;52.16639638967976;52.16639638967976,22.63902495486054,20.55177023862592;21.20340166129842;21.897708516031102;22.63902495486054
276,K_JVASP-93181_KMg6Cd.json,-0.23579764366149902,-0.020328760147094727;-0.14049601554870605;-0.2035531997680664;-0.36883544921875;-0.2084510326385498;-0.3367912769317627;-0.2714252471923828;-0.3365001678466797,-0.020328760147094727,25.762356159608498,25.762356159608494;25.76235615960849;25.762356159608494;25.762356159608494;25.762356159608498;25.762356159608498;25.762356159608494;25.762356159608494,12.732136107330872,11.26721281088268;11.455503901307187;11.650195169587956;11.851618578999213;12.060129454334104;12.276108573756309;12.499964489522254;12.732136107330872
277,Li_JVASP-81240_Li2MgGa.json,0.3413679599761963,-0.8578770160675049;1.5406129360198975,1.5406129360198975,43.63350685006394,43.63350685006393;43.63350685006394,265.44267409909094,248.36883848680483;265.44267409909094
278,Ca_JVASP-65733_BaCaMg2.json,1.1856482028961182,0.37138664722442627;0.3507639169692993;2.3911592960357666;0.45264625549316406;2.4510159492492676;0.9206862449645996;1.7225291728973389;0.824998140335083,2.4510159492492676,39.26665316104998,39.26665316104998;39.26665316104998;39.26665316104997;39.26665316104998;39.26665316104997;39.26665316104998;39.26665316104998;39.26665316104997,17.545128001073014,14.8228443693511;15.158848806256362;15.510439662580419;15.878727213278095;16.264929749771277;16.67038704329154;17.096575873415215;17.545128001073014
279,Li_JVASP-153725_LiMg8Si4.json,0.23372876644134521,0.34554529190063477;0.06974077224731445;0.17634719610214233;0.1257358193397522;0.1820562481880188;0.13859063386917114;0.24828863143920898;0.583525538444519,0.583525538444519,21.35581468397809,21.355814683978085;21.355814683978085;21.35581468397809;21.355814683978085;21.35581468397809;21.35581468397809;21.35581468397809;21.35581468397809,10.889612396370996,10.67879999279265;10.708414934980384;10.738194593021325;10.768140344951613;10.79825358422217;10.828535719914843;10.858988176962193;10.889612396370996
280,Li_JVASP-139340_LiMgP.json,0.5344433784484863,0.7161035537719727;0.5106863975524902;0.3234567642211914;0.2566642761230469;0.3142116069793701;0.3042166233062744;0.21532702445983887;0.15846586227416992;0.6729252338409424;0.7489066123962402;0.47493815422058105;0.6323533058166504;0.9912271499633789;0.8884890079498291;0.21664994955062866;0.662600576877594;0.4962621331214905;1.0364965796470642,1.0364965796470642,40.609041090560545,40.60904109056053;40.60904109056054;40.60904109056053;40.60904109056054;40.60904109056054;40.609041090560545;40.60904109056054;40.60904109056054;40.60904109056053;40.609041090560545;40.60904109056053;40.60904109056054;40.60904109056054;40.60904109056054;40.60904109056054;40.60904109056054;40.60904109056054;40.60904109056054,26.74908749544837,23.930840280751877;24.08007816593065;24.2311890911176;24.384208540937568;24.539172902050385;24.696119491996825;24.85508658915868;25.01611346388344;25.179240410826644;25.34450878256811;25.5119610245606;25.68164071147328;25.85359258499514;26.027862593167374;26.20449793131725;26.38354708467022;26.565059872720894;26.74908749544837
281,Li_JVASP-94780_LiMg6Al.json,0.5973362922668457,1.2260005474090576;0.664313554763794;0.7319977283477783;0.596276044845581;0.519196629524231;0.4103654623031616;0.26095569133758545;0.36958467960357666,1.2260005474090576,32.574920557411765,32.57492055741176;32.57492055741176;32.57492055741176;32.57492055741176;32.57492055741176;32.57492055741176;32.57492055741176;32.574920557411765,19.289505434599462,18.63776276113682;18.728159366363073;18.81943712594491;18.911608986757845;19.004688150565155;19.098688080321406;19.19362250666403;19.289505434599462
282,Li_JVASP-81664_Sr2LiMg.json,-0.17305374145507812,0.029802799224853516;-0.009065628051757812;-0.40217161178588867;-0.31078052520751953,0.029802799224853516,67.87553575998625,67.87553575998625;67.87553575998625;67.87553575998625;67.87553575998625,33.28876201354965,32.44951396355093;32.72452159651565;33.00423041727246;33.28876201354965
283,Li_JVASP-7737_Li2MgIn.json,0.8257558345794678,0.2270788550376892;0.32786697149276733;0.9324414730072021;1.8010400533676147;0.6482887268066406;1.251209020614624;1.2499127388000488;1.068570852279663;0.32879090309143066;0.4062473773956299;0.48554527759552;0.5869640111923218;0.4904824495315552;1.3460077047348022;0.8144626617431641;1.2471842765808105,1.8010400533676147,74.54943897474162,74.5494389747416;74.5494389747416;74.54943897474159;74.5494389747416;74.5494389747416;74.5494389747416;74.5494389747416;74.54943897474162;74.5494389747416;74.5494389747416;74.5494389747416;74.5494389747416;74.54943897474159;74.5494389747416;74.5494389747416;74.5494389747416,23.931496627998403,21.895919546020647;22.020789895572268;22.14709266154594;22.274852633490973;22.40409517628968;22.534846246945655;22.667132411963447;22.800980865343924;22.936419447221006;23.073476663166616;23.212181704191913;23.352564467474302;23.494655577841126;23.638486410042546;23.784089111847468;23.931496627998403
284,Na_JVASP-139679_NaMgAs.json,1.3074292540550232,0.7063610553741455;0.6303244829177856;0.7864137887954712;0.7221450805664062;0.7284951210021973;0.6865038871765137;0.6780459880828857;0.5747835636138916;0.9140244722366333;1.0430916547775269;1.4416712522506714;1.5154954195022583;2.1951518058776855;2.0876941680908203;3.4045324325561523;2.804133892059326,3.4045324325561523,40.841608605763376,40.84160860576337;40.84160860576337;40.84160860576336;40.84160860576337;40.84160860576336;40.84160860576337;40.84160860576336;40.84160860576336;40.84160860576336;40.84160860576337;40.84160860576336;40.84160860576336;40.84160860576336;40.84160860576336;40.84160860576336;40.841608605763376,16.640522543313548,13.705959315742524;13.869013072657452;14.035993095989667;14.207042928246102;14.382313195387614;14.561962049224594;14.746155643387587;14.935068645883899;15.128884791563651;15.327797478168351;15.53201041002658;15.741738293900374;15.957207591979149;16.178657337572655;16.406340019679565;16.640522543313548
285,Na_JVASP-142192_NaMg16Al12.json,0.3650660514831543,0.3650660514831543,0.3650660514831543,76.34394294962976,76.34394294962976,36.4324689135167,36.4324689135167
286,Ca_JVASP-99419_CaPmMg2.json,1.6036860942840576,0.19826984405517578;0.2408895492553711;1.511017918586731;2.8524249792099;0.922457218170166;3.259350299835205;1.6995363235473633;2.145542621612549,3.259350299835205,47.54972724162957,47.54972724162957;47.54972724162956;47.54972724162956;47.54972724162956;47.54972724162957;47.54972724162956;47.54972724162956;47.54972724162957,16.867331522363152,14.336145502288902;14.650213433673246;14.97835041652664;15.32152347042544;15.680790315605918;16.057310262277536;16.452356707347846;16.867331522363152
287,Na_JVASP-94230_NaMg6Co.json,0.39148712158203125,0.4910264015197754;0.3210768699645996;0.5347697734832764;0.25424695014953613;0.366595983505249;0.381206750869751,0.5347697734832764,43.12690619822992,43.12690619822992;43.12690619822992;43.12690619822991;43.12690619822991;43.12690619822992;43.12690619822992,21.41430689110055,19.612976605185043;19.94858390294384;20.295876639365222;20.655475936996925;21.02804773221588;21.41430689110055
288,Na_JVASP-141485_NaMgN.json,0.9882371425628662,-0.4433317184448242;-0.28914833068847656;-0.40047216415405273;-0.2562384605407715;-0.908165454864502;-0.7336516380310059;-0.23336076736450195;-0.13252973556518555;-0.033200740814208984;-0.005968570709228516;-0.0366971492767334;-0.017666101455688477;0.011128902435302734;0.10724592208862305;0.12192177772521973;0.3080451488494873;0.3415646553039551;0.7695412635803223;0.01910257339477539;0.12323141098022461;0.3131859302520752;0.4235098361968994;0.42482686042785645;0.7525637149810791;1.034196138381958;1.3961222171783447;1.7162237167358398;2.027540683746338;2.256288528442383;2.7803854942321777;1.1704940795898438;1.3958487510681152;1.9941692352294922;2.173214912414551;2.627364158630371;2.7008399963378906;2.563279628753662;2.3874692916870117;2.6273562908172607;2.2721240520477295;2.626258373260498;2.5484962463378906;1.616347312927246;0.9179806709289551;1.4742913246154785;1.2448077201843262;1.6950905323028564;1.9637563228607178,2.7803854942321777,24.853655001820332,24.85365500182033;24.85365500182033;24.853655001820332;24.85365500182033;24.853655001820332;24.853655001820332;24.853655001820332;24.85365500182033;24.85365500182033;24.853655001820332;24.85365500182033;24.853655001820325;24.85365500182033;24.85365500182033;24.85365500182033;24.853655001820325;24.85365500182033;24.85365500182033;24.85365500182033;24.85365500182033;24.85365500182033;24.853655001820325;24.853655001820332;24.85365500182033;24.85365500182033;24.853655001820332;24.85365500182033;24.853655001820325;24.85365500182033;24.85365500182033;24.85365500182033;24.85365500182033;24.85365500182033;24.853655001820332;24.85365500182033;24.853655001820325;24.85365500182033;24.85365500182033;24.85365500182033;24.853655001820325;24.853655001820325;24.85365500182033;24.853655001820325;24.85365500182033;24.85365500182033;24.85365500182033;24.85365500182033;24.85365500182033,14.394297189123154,9.108496118955474;9.180221963977992;9.253086400928437;9.327116758104662;9.402341245430552;9.478788990297238;9.556490075167186;9.635475577043058;9.715777608910203;9.797429363268838;9.880465157879902;9.96492048385707;10.050832056246461;10.138237867245527;10.227177242223158;10.31769089871457;10.409821008576886;10.503611263504792;10.599106944120056;10.69635499286451;10.795404090942954;10.896304739581055;10.999109345883108;11.103872313596462;11.210650139112772;11.31950151306215;11.430487427883914;11.54367129178839;11.659119049556967;11.776899310664165;11.897083485244615;12.019745928471243;12.144964093957954;12.272818696851898;12.403393887336945;12.53677743533208;12.673060927236591;12.812339975648838;12.95471444306776;13.100288680677004;13.249171783411557;13.401477862617112;13.557326337734313;13.716842248574771;13.880156589905061;14.047406670220312;14.218736496772568;14.394297189123154
289,Li_JVASP-101160_LiMg.json,0.6248440742492676,0.40265750885009766;0.13855290412902832;0.6980377435684204;0.33871138095855713;0.9607517719268799;0.3400578498840332;1.756406307220459;0.5408890247344971;0.4452812671661377;0.2598738670349121;0.455930233001709;0.1731579303741455;0.0748441219329834;0.2038562297821045;1.0519671440124512;0.1869974136352539;2.9635658264160156;0.25565481185913086,2.9635658264160156,59.74047752647209,59.74047752647208;59.74047752647207;59.74047752647208;59.74047752647209;59.74047752647208;59.740477526472084;59.74047752647207;59.740477526472084;59.740477526472084;59.740477526472084;59.74047752647208;59.74047752647208;59.740477526472084;59.74047752647207;59.74047752647207;59.74047752647208;59.74047752647209;59.74047752647208,60.305157293508124,47.65317758203914;48.24862032974869;48.85913188886822;49.48529160755737;50.12770891833209;50.787025316522325;51.46391649694326;52.159094663740554;52.87331103000811;53.60735852562132;54.362074733805066;55.13834507930042;55.93710629364337;56.75935018606955;57.60612775196153;58.478553654622736;59.37781112056377;60.305157293508124
290,Li_JVASP-80478_LiMg.json,0.5715122222900391,0.1657034158706665;0.18767035007476807;0.4243896007537842;0.33361339569091797;0.6536281108856201;0.30211925506591797;1.3330223560333252;0.7548685073852539;1.0658719539642334;0.5888426303863525;1.04524564743042;0.43001604080200195;1.515889286994934;0.9679039716720581;0.7278573513031006;0.24370312690734863;0.46342897415161133;0.2317218780517578;1.0510876178741455;0.5381863117218018;0.01587080955505371;0.22819113731384277;-0.039324283599853516;0.486785888671875,1.515889286994934,46.21936525465922,46.219365254659216;46.219365254659216;46.219365254659216;46.219365254659216;46.219365254659216;46.219365254659216;46.219365254659216;46.219365254659216;46.21936525465922;46.219365254659216;46.21936525465921;46.21936525465921;46.219365254659216;46.21936525465922;46.219365254659216;46.21936525465922;46.219365254659216;46.21936525465922;46.219365254659216;46.219365254659216;46.219365254659216;46.21936525465921;46.21936525465922;46.219365254659216,45.40615314430584,35.739883186529354;36.07377670370006;36.413967736169724;36.76063614483317;37.113968705668036;37.47415944528881;37.84140999623176;38.21592997333747;38.597937372707456;38.98765899483022;39.38533089360246;39.791198853113436;40.20551889421599;40.6285578130782;41.06059375409605;41.501916819752445;41.95282972023253;42.413648465851956;42.88470310562673;43.36633851561201;43.85891524096706;44.36281039606701;44.87841862738423;45.40615314430584
291,Li_JVASP-31161_LiMgP.json,1.786503791809082,0.8656389713287354;0.9202854633331299;0.9613199234008789;1.012880802154541;1.1606652736663818;1.2059986591339111;2.3239200115203857;5.841321229934692,5.841321229934692,103.06038576299738,103.06038576299737;103.06038576299737;103.06038576299738;103.06038576299737;103.06038576299737;103.06038576299737;103.06038576299738;103.06038576299738,59.66875785148719,53.844390631691724;54.60584315325298;55.389141110023154;56.19523827433138;57.02514476077825;57.87993124898815;58.76073359192629;59.66875785148719
292,Li_JVASP-41681_Li5Mg.json,0.2972052574157715,0.8759528994560242;0.29557615518569946;0.5819017887115479;-0.07991933822631836;0.7540684938430786;0.04964101314544678;1.4167102575302124;0.5673266649246216;0.28806591033935547;0.7016054391860962;0.056317150592803955;1.0883763432502747;0.8194231986999512;1.2538052797317505;1.9868756532669067;2.5824666023254395;0.07326173782348633;0.14353442192077637;0.06472110748291016;0.8253219127655029;-0.1974959373474121;0.0629129409790039;-0.44970667362213135;-0.19010436534881592;-0.07231295108795166;-0.0075293779373168945;-0.06259620189666748;-0.052314162254333496;-0.17551398277282715;-0.20735669136047363;-0.17368829250335693;-0.20488989353179932;-0.4538993835449219;-0.831505298614502;-0.7549467086791992;-0.0731959342956543;1.69356107711792;-0.4252605438232422;-0.9989581108093262;1.1179780960083008,2.5824666023254395,46.50577136448157,46.50577136448156;46.50577136448156;46.50577136448156;46.50577136448156;46.50577136448156;46.50577136448157;46.50577136448157;46.50577136448156;46.50577136448156;46.50577136448156;46.50577136448156;46.50577136448156;46.50577136448157;46.50577136448156;46.50577136448157;46.50577136448156;46.50577136448156;46.50577136448156;46.50577136448157;46.50577136448157;46.50577136448156;46.505771364481554;46.50577136448156;46.50577136448157;46.50577136448157;46.50577136448157;46.50577136448156;46.50577136448156;46.50577136448156;46.50577136448156;46.50577136448156;46.50577136448156;46.50577136448156;46.50577136448156;46.50577136448157;46.50577136448156;46.50577136448157;46.50577136448157;46.505771364481554;46.50577136448156,133.088431188201,56.77317692151989;57.620370171306014;58.49323078911543;59.39294318118303;60.32076576380573;61.27803683592137;62.26618101988019;63.286716335597305;64.3412619819641;65.43154690941188;66.55941927908985;67.72685691751454;68.93597889109517;70.18905834303035;71.4885367561765;72.83703983017708;74.23739519010124;75.69265217791057;77.20610401827238;78.78131269782014;80.4221369534631;82.13276383266408;83.91774436908963;85.78203401361269;87.73103857697355;89.77066658106918;91.90738908663889;94.14830827339125;96.50123630374286;98.97478631531739;101.57847777567218;104.32285891545688;107.21964955958806;110.2819084344995;113.52422998869525;116.96297698449065;120.61655668264797;124.50575045925733;128.65410931688015;133.088431188201
293,Li_JVASP-93170_LiMg6Si.json,0.7883119583129883,1.7193312644958496;0.7436470985412598;1.1211657524108887;0.6501593589782715;0.7919425964355469;0.42832040786743164;0.5097278356552124;0.3422013521194458,1.7193312644958496,33.64973947908197,33.64973947908197;33.64973947908197;33.649739479081965;33.649739479081965;33.64973947908197;33.64973947908197;33.64973947908197;33.64973947908197,19.167669476895377,18.523996484167775;18.61329023884887;18.703449033204542;18.79448549861967;18.886412513608118;18.97924320988616;19.072990978625988;19.167669476895377
294,Li_JVASP-40999_LiMg2Ag.json,0.6185052394866943,0.11280393600463867;0.2435464859008789;1.0715456008911133;1.3115525245666504;0.449043869972229;0.9211968183517456;0.40255093574523926;0.43580174446105957,1.3115525245666504,76.08959716105733,76.0895971610573;76.08959716105731;76.08959716105731;76.08959716105731;76.0895971610573;76.08959716105731;76.08959716105733;76.08959716105731,21.29185931777274,20.500560338925222;20.60998283245726;20.720579687339953;20.832369911070213;20.94537292356167;21.059608568391234;21.17509712441571;21.29185931777274
295,K_JVASP-94073_KMg6V.json,-0.3843073844909668,0.6450636386871338;-0.3113439083099365;-0.17634105682373047;-0.7076582908630371;-0.6003541946411133;-0.6457042694091797;-0.5728175640106201;-0.705303430557251,0.6450636386871338,28.743599082228716,28.743599082228716;28.743599082228716;28.743599082228716;28.743599082228716;28.743599082228716;28.743599082228716;28.743599082228716;28.743599082228716,16.613137526371812,14.203535892000117;14.504064112381187;14.817584803654695;15.144959118561868;15.487126033223777;15.845111341588245;16.220037926834916;16.613137526371812
296,Li_JVASP-157356_LiYMg2.json,1.8449500799179077,-0.1411871314048767;-0.023851454257965088;3.5807793140411377;4.398376226425171;0.6966896653175354;1.31431382894516;2.6684542894363403;2.2660259008407593,4.398376226425171,57.824275364521256,57.82427536452125;57.82427536452125;57.82427536452124;57.824275364521256;57.82427536452124;57.824275364521256;57.82427536452124;57.824275364521256,24.209430859709865,23.191597837962608;23.3317309856564;23.473567912207322;23.61713988021054;23.762478921816815;23.909617862558264;24.058590346064687;24.209430859709865
297,Ca_JVASP-93219_CaMg2.json,0.8456180095672607,1.3364331722259521;0.8186113834381104;0.5814380645751953;0.1400775909423828;0.7321548461914062;0.25443410873413086;2.568437099456787;0.7822160720825195;1.025024652481079;0.44541096687316895;1.02653169631958;0.3964834213256836;1.1927385330200195;0.5129914283752441;1.063659429550171;0.6532456874847412,2.568437099456787,32.4618715827137,32.4618715827137;32.4618715827137;32.4618715827137;32.46187158271369;32.46187158271369;32.4618715827137;32.4618715827137;32.46187158271369;32.46187158271369;32.4618715827137;32.4618715827137;32.46187158271369;32.46187158271369;32.4618715827137;32.4618715827137;32.4618715827137,32.771137268152266,18.887477280685598;19.436433583366167;20.018255461478272;20.63598544559031;21.293053573786768;21.99334111354921;22.74125728537946;23.541832192125085;24.400830093219774;25.324888417065676;26.321689603027128;27.400175188990552;28.570814778728188;29.845947034290997;31.240216246242188;32.771137268152266
298,Na_JVASP-2529_NaMgSb.json,1.042659044265747,0.7822251319885254;0.7573255300521851;0.801249623298645;0.6656973361968994;0.8090676069259644;0.7009786367416382;0.9959729313850403;0.785688579082489;1.6142618656158447;1.5239412784576416;1.7057477235794067;1.5631159543991089;1.3811648488044739;0.7218034863471985;1.3536975979804993;0.5206065773963928,1.7057477235794067,33.868541344489614,33.86854134448961;33.868541344489614;33.86854134448961;33.86854134448961;33.86854134448961;33.868541344489614;33.868541344489614;33.86854134448961;33.86854134448961;33.86854134448961;33.86854134448961;33.86854134448961;33.868541344489614;33.86854134448961;33.86854134448961;33.86854134448961,11.356416647781408,9.908579285894277;9.993517984211937;10.079925503056481;10.167840274563439;10.257302083449913;10.348352127046267;10.441033078553698;10.535389153731787;10.631466181234977;10.729311676833044;10.828974921768124;10.930507045519777;11.033961113270129;11.139392218383476;11.24685758023897;11.356416647781408
299,Ca_JVASP-91921_CaMg3.json,1.1701574325561523,1.3815698623657227;1.6981902122497559;1.3049287796020508;1.3565049171447754;1.1449408531188965;1.2575206756591797;1.269538402557373;0.9334878921508789;1.4939568042755127;1.6253559589385986;0.9385561943054199;0.7590398788452148;0.789391040802002;0.7775492668151855;0.9930586814880371;0.998929500579834,1.6981902122497559,26.039648517533113,26.039648517533102;26.03964851753311;26.039648517533106;26.039648517533106;26.039648517533106;26.039648517533102;26.03964851753311;26.039648517533102;26.039648517533113;26.039648517533106;26.039648517533106;26.039648517533106;26.03964851753311;26.039648517533106;26.039648517533106;26.039648517533106,22.210227543726962,14.824746533585659;15.160838190252974;15.512522405738338;15.880910045015808;16.267220062146517;16.672792974617142;17.099106404863477;17.547793068684754;18.020661672111416;18.51972128054798;19.04720985248546;19.605627792448672;20.197777584352046;20.826810830828126;21.49628436497319;22.210227543726962
300,Li_JVASP-80564_LiMgZn2.json,0.06028914451599121,0.17111730575561523;0.09886455535888672;-0.01977705955505371;-0.009048223495483398,0.17111730575561523,145.5030136375815,145.50301363758146;145.5030136375815;145.5030136375815;145.5030136375815,42.71608500208167,41.34397731931691;41.79144626448954;42.24870716818645;42.71608500208167
301,Ca_JVASP-91466_Ca3MgSi2O8.json,9.260417620340982,4.737598896026611;6.981137752532959;9.86931037902832;10.977596282958984;11.96470594406128;11.327256679534912;8.649013996124268;8.6392502784729;7.364354133605957;7.059025764465332;7.9421281814575195;7.487885475158691;9.584364891052246;9.010522842407227;8.875750541687012;9.42852783203125;11.31829023361206;12.06835412979126;10.255569458007812;9.672212600708008;9.8183274269104;10.02537202835083;9.47224235534668;9.721224784851074,12.06835412979126,31.84882841297676,31.84882841297675;31.848828412976754;31.848828412976758;31.848828412976758;31.84882841297675;31.848828412976758;31.848828412976758;31.848828412976758;31.84882841297676;31.848828412976758;31.848828412976758;31.84882841297675;31.848828412976758;31.848828412976758;31.848828412976758;31.848828412976754;31.848828412976758;31.848828412976754;31.848828412976758;31.848828412976758;31.848828412976754;31.848828412976754;31.848828412976758;31.848828412976754,15.69313407186397,10.192066234847786;10.34980618398834;10.512505487817272;10.680401765385229;10.853748062272087;11.032814123127926;11.217887792294;11.409276557799993;11.60730925615773;11.812337957833302;12.02474005613947;12.244920585621673;12.473314799901445;12.710391043497255;12.956653957493266;13.212648065228574;13.478961791624712;13.756231978592744;14.045148969452814;14.34646234781606;14.660987431365815;14.989612638985239;15.33330787140546;15.69313407186397
302,Li_JVASP-44533_Li3MgPCO7.json,4.793108065923055,3.3282463550567627;3.243112802505493;3.2853281497955322;3.2792599201202393;3.138770818710327;3.192927122116089;4.071859121322632;4.3825061321258545;6.6438987255096436;6.36527419090271;5.868480920791626;5.821733713150024;7.270291566848755;6.8860180377960205;6.0628578662872314;5.670062303543091;4.733924150466919;5.11421799659729;4.367115259170532;4.6025307178497314;4.300828695297241;4.28481650352478;4.525694131851196;4.594838380813599,7.270291566848755,41.66059364798929,41.66059364798927;41.66059364798928;41.66059364798928;41.66059364798927;41.66059364798928;41.66059364798929;41.66059364798927;41.66059364798927;41.66059364798928;41.66059364798928;41.66059364798928;41.66059364798928;41.66059364798928;41.66059364798928;41.66059364798929;41.66059364798928;41.66059364798928;41.66059364798929;41.66059364798929;41.66059364798928;41.66059364798928;41.66059364798928;41.66059364798927;41.66059364798928,18.596344615553612,16.741863312664663;16.814768415636458;16.888311249409714;16.962500218482084;17.037343875683902;17.11285092546515;17.189030227270177;17.265890799003007;17.34344182058598;17.421692637614747;17.500652765112708;17.580331891387914;17.660739881995926;17.741886783811804;17.823782829215;17.906438440390566;17.989864233750705;18.074071024480446;18.159069831211553;18.244871880829038;18.33148861341449;18.418931687330925;18.507212984453876;18.596344615553612
303,Li_JVASP-90590_LiMg3.json,0.5559637546539307,1.3782925605773926;0.8767049312591553;0.853065013885498;0.6353089809417725;0.5444526672363281;0.47378063201904297;0.17688465118408203;0.19098711013793945;0.4048917293548584;0.6139476299285889;0.20224356651306152;0.42367053031921387;0.3016366958618164;0.5233602523803711;0.579763650894165;0.7164294719696045,1.3782925605773926,31.93290343543326,31.932903435433257;31.932903435433253;31.932903435433253;31.93290343543325;31.932903435433257;31.932903435433253;31.932903435433257;31.932903435433253;31.932903435433257;31.93290343543325;31.932903435433257;31.93290343543326;31.932903435433257;31.932903435433253;31.93290343543325;31.932903435433257,22.837351116890193,20.976414860116265;21.090990286177203;21.206824232925978;21.32393755066034;21.442351552813363;21.56208802888445;21.683169257806004;21.80561802176301;21.92945762048353;22.054711886018918;22.181405198033506;22.309562499624267;22.439209313692114;22.570371759887347;22.70307657215292;22.837351116890193
304,Li_JVASP-106147_LiMg2Ir.json,0.8727600574493408,0.15480875968933105;0.2128298282623291;1.784359097480774;1.9874428510665894;0.279499888420105;0.9183517694473267;1.5399889945983887;0.10479927062988281,1.9874428510665894,87.5221950091753,87.5221950091753;87.5221950091753;87.52219500917529;87.5221950091753;87.5221950091753;87.5221950091753;87.5221950091753;87.5221950091753,13.861231585679196,13.521460277916795;13.568975624840135;13.616826093838679;13.665015242844547;13.713546680333971;13.76242406622806;13.81165111281285;13.861231585679196
305,Li_JVASP-93200_SrLiMg6.json,0.12347054481506348,0.5591213703155518;0.1804821491241455;0.2210681438446045;0.006601095199584961;0.09012722969055176;0.0221254825592041;-0.0033164024353027344;-0.08844470977783203,0.5591213703155518,26.3335136270327,26.3335136270327;26.3335136270327;26.333513627032698;26.3335136270327;26.3335136270327;26.3335136270327;26.333513627032698;26.333513627032698,14.29762345081335,13.936400156989608;13.986881948949195;14.037730790642541;14.088950699867326;14.140545753275418;14.192520087454513;14.244877900033648;14.29762345081335
306,Ca_JVASP-69311_BaCa2Mg.json,0.35191917419433594,0.20211029052734375;0.2549777030944824;0.9992501735687256;0.16641020774841309;1.502248764038086;0.19631481170654297;0.05674624443054199;-0.5627048015594482,1.502248764038086,68.9177460195907,68.9177460195907;68.91774601959068;68.9177460195907;68.91774601959068;68.91774601959067;68.91774601959068;68.91774601959068;68.91774601959068,39.034732235242785,27.711757160313073;28.909754087711562;30.216011527798443;31.645898848661982;33.2178391764304;34.95410748199716;36.88189276372001;39.034732235242785
307,Ca_JVASP-93315_CaMg5.json,0.36749267578125,1.482839584350586;0.444915771484375;0.21307659149169922;0.10158157348632812;-0.00699162483215332;0.11265397071838379;0.8045744895935059;0.15696239471435547;-0.002178668975830078,1.482839584350586,31.962877114764623,31.96287711476462;31.96287711476462;31.962877114764616;31.962877114764623;31.962877114764616;31.962877114764623;31.962877114764616;31.962877114764623;31.962877114764616,23.638569805434553,18.427519126852783;18.949694425570428;19.502326223220244;20.0881591802019;20.71027795915441;21.372161555927867;22.077748392747296;22.831514745626784;23.638569805434553
308,Li_JVASP-103703_Li2MgTl.json,0.7682654857635498,0.28786730766296387;0.31400346755981445;0.4423917531967163;0.3802856206893921;0.28411221504211426;0.7338874340057373;0.6449058055877686;0.6599924564361572;0.6028709411621094;0.3969552516937256;0.7129824161529541;0.920318603515625;0.7097666263580322;0.8493044376373291;2.0006814002990723;2.351922035217285,2.351922035217285,70.76337601910127,70.76337601910126;70.76337601910126;70.76337601910127;70.76337601910126;70.76337601910126;70.76337601910127;70.76337601910127;70.76337601910127;70.76337601910127;70.76337601910127;70.76337601910126;70.76337601910127;70.76337601910126;70.76337601910126;70.76337601910126;70.76337601910127,14.594200389900147,13.81119275582744;13.86076993206173;13.910704318739688;13.960999790446094;14.011660278004786;14.06268976950275;14.11409231133667;14.165872009282527;14.218033029588803;14.270579600093962;14.323516011368774;14.37684661788417;14.430575839205272;14.484708161212328;14.539248137349194;14.594200389900147
309,Ca_JVASP-90600_Ca3Mg.json,0.5080255667368571,2.2163196802139282;0.2977358102798462;0.3832099437713623;0.0886087417602539;1.4135403633117676;0.8290495872497559;1.1219191551208496;0.5327954292297363;5.8266987800598145;-1.2316656112670898;0.4469740390777588;-0.9893720149993896;1.1060495376586914;0.1610240936279297;0.13564205169677734;-0.05606269836425781;-0.09488868713378906;-0.5198230743408203;0.15992212295532227;0.36269617080688477;-0.9143643379211426;0.4447956085205078;0.1092987060546875;0.36251020431518555,5.8266987800598145,39.32823924386324,39.32823924386322;39.32823924386322;39.32823924386324;39.32823924386322;39.32823924386322;39.32823924386323;39.32823924386323;39.32823924386322;39.32823924386323;39.32823924386322;39.32823924386322;39.328239243863216;39.32823924386323;39.32823924386322;39.32823924386323;39.32823924386323;39.32823924386323;39.32823924386322;39.32823924386323;39.32823924386323;39.32823924386324;39.32823924386323;39.32823924386323;39.32823924386322,114.28325911491275,23.178416691265944;24.010629815174152;24.904829189365767;25.86820814756332;26.909117832440874;28.0373099072007;29.264242994561418;30.60347325782356;32.071157371065645;33.68670750884366;35.47365480364975;37.46080301614235;39.68379297030263;42.18725914627641;45.02785753353568;48.278605043594446;52.035244864931556;56.42583436377305;61.62563429762412;67.88106618319557;75.54990912274239;85.17221429514707;97.6033203728791;114.28325911491275
310,Na_JVASP-85675_Na3MgP2HO8.json,4.860508441925049,2.625410556793213;3.138458728790283;2.74617338180542;3.3887877464294434;4.253091335296631;7.590832233428955;5.943111896514893;9.638478755950928;5.224813938140869;5.338822841644287;4.751087665557861;5.037869930267334;5.1471052169799805;4.246914863586426;4.386863708496094;3.5777416229248047;4.744627952575684;5.014969825744629;4.344906806945801;4.877530097961426;4.952767372131348;5.406307220458984;5.006823539733887;5.268705368041992,9.638478755950928,33.8310528090666,33.8310528090666;33.8310528090666;33.8310528090666;33.83105280906659;33.8310528090666;33.83105280906659;33.8310528090666;33.83105280906659;33.8310528090666;33.8310528090666;33.8310528090666;33.8310528090666;33.8310528090666;33.8310528090666;33.83105280906659;33.8310528090666;33.831052809066584;33.8310528090666;33.83105280906659;33.8310528090666;33.8310528090666;33.8310528090666;33.8310528090666;33.8310528090666,15.358706336982042,11.787089461037306;11.907482771239868;12.030360855015708;12.15580143857374;12.283885524086354;12.414697564119356;12.548325647326958;12.684861696269868;12.824401678289986;12.967045830458257;13.112898899703817;13.26207039933328;13.41467488326039;13.57083223938915;13.730668003729567;13.89431369697569;14.061907185442479;14.233593068443405;14.409523094396413;14.589856608174998;14.774761032476277;14.964412386262607;15.15899584365122;15.358706336982042
311,Li_JVASP-66613_BaLiMg.json,-0.25506091117858887,-0.2557412385940552;-0.24139535427093506;-0.4128696918487549;-0.5157015323638916;-0.23191356658935547;-0.22162294387817383;0.3194139003753662;-0.48065686225891113,0.3194139003753662,40.30435821892055,40.30435821892054;40.30435821892054;40.30435821892055;40.30435821892054;40.30435821892054;40.30435821892054;40.30435821892054;40.30435821892054,20.616571700635546,19.87379455867125;19.976611782054622;20.08049838923678;20.18547115114174;20.29154719122296;20.398743994775096;20.507079418542506;20.616571700635546
312,Na_JVASP-103137_NaMgN.json,1.5771149396896362,-0.011019468307495117;0.7685437202453613;1.1765751838684082;0.9548439979553223;1.2227959632873535;1.0356049537658691;2.2324023246765137;1.330888271331787;1.2261404991149902;3.000058650970459;2.5861153602600098;2.5381112098693848;2.1221747398376465;1.959672451019287;1.7625010013580322;1.797133207321167;1.995476245880127;0.6900506019592285,3.000058650970459,52.17801883145054,52.17801883145054;52.17801883145053;52.17801883145054;52.17801883145054;52.17801883145053;52.17801883145054;52.17801883145053;52.17801883145053;52.17801883145054;52.17801883145054;52.17801883145053;52.17801883145054;52.17801883145054;52.17801883145053;52.17801883145053;52.17801883145053;52.17801883145054;52.17801883145054,37.610815986793405,24.28932298388126;24.80615654096166;25.345462874950584;25.90874029042721;26.49762331258488;27.113898528159076;27.759522689538365;28.436643468489358;29.147623323219594;29.895067037634064;30.68185360930599;31.51117330897132;32.386570917221206;33.31199637395881;34.2918643669387;35.331124755764144;36.43534620186454;37.610815986793405
313,Li_JVASP-76859_LiMgIn2.json,0.7889702320098877,0.7889702320098877,0.7889702320098877,507.172288469262,507.172288469262,102.73411489144942,102.73411489144942
314,Na_JVASP-93064_NaMg6Cr.json,0.5069241523742676,1.190948486328125;0.6707868576049805;0.5881917476654053;0.11783862113952637;0.3495241403579712;0.31278717517852783;0.40327024459838867;0.4220459461212158,1.190948486328125,30.657696624290413,30.65769662429041;30.65769662429041;30.657696624290413;30.65769662429041;30.657696624290406;30.65769662429041;30.657696624290413;30.65769662429041,16.69251696775597,15.171849654930242;15.371901208821068;15.57729889735038;15.788259926223327;16.005013429019996;16.227801297368345;16.456879081431357;16.69251696775597
315,Li_JVASP-104856_LiMgIn2.json,1.0357940196990967,0.5461561679840088;0.6174733638763428;1.4421026706695557;1.6675841808319092;0.6230876445770264;1.1494865417480469;0.9786452054977417;1.261816382408142,1.6675841808319092,63.43733831351435,63.43733831351435;63.437338313514346;63.43733831351435;63.437338313514346;63.43733831351435;63.43733831351435;63.43733831351434;63.43733831351435,13.147848390684926,12.841764361431178;12.88461520690496;12.927752982195951;12.97118057891395;13.014900927654315;13.058916998657203;13.103231802480241;13.147848390684926
316,Ca_JVASP-88284_CaMgSiO4.json,9.438202381134033,7.453008651733398;7.473406791687012;10.22334337234497;11.25979471206665;15.39406156539917;14.454774379730225;10.744527816772461;7.5781450271606445;8.11069631576538;6.989260196685791;8.46599292755127;7.539124488830566;8.6434006690979;8.1855788230896;9.645790576934814;8.850331783294678,15.39406156539917,32.157552861096974,32.15755286109697;32.157552861096974;32.15755286109697;32.15755286109697;32.157552861096974;32.157552861096974;32.157552861096974;32.15755286109697;32.157552861096974;32.15755286109697;32.157552861096974;32.157552861096974;32.157552861096974;32.15755286109697;32.157552861096974;32.15755286109697,14.089079569835343,10.705786014155425;10.879963997879623;11.059903299329768;11.245894577878094;11.438248379064072;11.637296864890597;11.84339572798351;12.056926312819236;12.278297970633727;12.507950678608008;12.746357958591041;12.994030136101602;13.251517986809688;13.51941682533168;13.798371100224957;14.089079569835343
317,Na_JVASP-114352_NaMgO.json,-0.0341564416885376,-0.2687174081802368;-0.011953234672546387;-0.06878006458282471;-0.944416880607605;-0.7715120315551758;-0.7413697242736816;-0.894757866859436;-0.664237380027771;-0.12363386154174805;1.0845532417297363;1.5789191722869873;1.4160287380218506,1.5789191722869873,68.44312375287849,68.44312375287848;68.44312375287848;68.44312375287849;68.44312375287849;68.44312375287848;68.44312375287849;68.44312375287849;68.44312375287848;68.44312375287848;68.44312375287848;68.44312375287848;68.44312375287849,52.90017654694756,35.28692777706352;36.388345269033024;37.56073554926863;38.811186979322734;40.14776435506157;41.579683035232094;43.11752171125336;44.77348420655983;46.561724013077836;48.49874983443644;50.60393674974754;52.90017654694756
318,Na_JVASP-114351_NaMgO.json,0.5352717638015747,0.22031760215759277;0.31411314010620117;0.2242274284362793;0.514911413192749;0.4070601463317871;0.568594217300415;0.535120964050293;0.42027950286865234;0.4378948211669922;0.6391468048095703;0.6316745281219482;0.5582320690155029;0.8869528770446777;0.6409368515014648;0.2313675880432129;0.5959796905517578;0.8674979209899902;0.9405841827392578,0.9405841827392578,35.265097057840855,35.265097057840855;35.265097057840855;35.265097057840855;35.265097057840855;35.265097057840855;35.26509705784085;35.265097057840855;35.265097057840855;35.265097057840855;35.26509705784085;35.265097057840855;35.26509705784085;35.26509705784085;35.265097057840855;35.265097057840855;35.26509705784085;35.26509705784085;35.26509705784085,35.808406842695376,23.524618518042345;24.00909670058309;24.513949681709274;25.040490366179085;25.59014693552282;26.16447578403263;26.765176236707713;27.39410734226304;28.053307090735522;28.745014474168904;29.471694893493062;30.236069519103395;31.041149342051888;31.89027481402614;32.78716217637635;33.73595783316502;34.74130244624435;35.808406842695376
319,Mg.json,0.0,0,-9999.0,-9999.0,-9999,-9999.0,-9999
320,Na_JVASP-157413_NaMg2Au.json,0.3914088010787964,-0.06076407432556152;-0.12499618530273438;0.9755685329437256;1.433455467224121;-0.11146092414855957;0.3857846260070801;0.38573718070983887;0.24794578552246094,1.433455467224121,71.15358568000894,71.15358568000894;71.15358568000894;71.15358568000894;71.15358568000894;71.15358568000894;71.15358568000894;71.15358568000894;71.15358568000894,13.484327862854965,12.47433014723564;12.609252023836921;12.7471244329737;12.888045229985506;13.032116645788491;13.179445534206241;13.330143636268971;13.484327862854965
321,Na_JVASP-41306_NaMgPb2.json,1.3390003442764282,0.42619478702545166;0.32240283489227295;1.7017803192138672;2.7479758262634277;1.1715753078460693;1.2288892269134521;2.040207862854004;1.0729765892028809,2.7479758262634277,52.20721353896362,52.207213538963614;52.20721353896361;52.20721353896361;52.207213538963614;52.20721353896362;52.20721353896361;52.207213538963614;52.20721353896361,7.586835618659702,7.256277075357402;7.30172511454331;7.347746048816727;7.394350779325157;7.441550485553427;7.489356634264197;7.537780988785295;7.586835618659702
322,Li_JVASP-93199_LiMg6Nb.json,0.8041551113128662,0.8933264017105103;1.248209834098816;0.5306582450866699;0.5444259643554688,1.248209834098816,66.70605208064396,66.70605208064396;66.70605208064396;66.70605208064396;66.70605208064396,27.86345457997593,27.27304540726451;27.46704859991908;27.663831598333534;27.86345457997593
323,Na_JVASP-93165_NaLiMg6.json,0.18294382095336914,0.8800976276397705;0.5683200359344482;0.38971710205078125;0.10274505615234375;-0.02666163444519043;-0.18268227577209473;-0.08004140853881836;-0.1879439353942871,0.8800976276397705,29.51932679143656,29.51932679143656;29.51932679143656;29.51932679143656;29.519326791436555;29.519326791436555;29.519326791436555;29.51932679143655;29.51932679143656,21.524566623078456,19.061052041720384;19.37788403798498;19.70542680414169;20.044232808277265;20.394893178708717;20.75804114587044;21.134355858581394;21.524566623078456
324,Ca_JVASP-93523_CaMg.json,0.5043985843658447,1.4925951957702637;0.6842055320739746;0.5354733467102051;0.668858528137207;0.8282425403594971;0.7294914722442627;0.37146878242492676;-0.06925225257873535;-0.5846352577209473;2.408712863922119;1.746882677078247;1.1401450634002686;1.7152361869812012;0.31728315353393555;-1.4768314361572266;0.3505282402038574;-1.3565964698791504;-3.709120750427246;2.087310791015625;2.548346519470215;2.294471263885498;1.439103603363037;-0.037955522537231445;-0.5085446834564209;-0.23436689376831055;-0.12303400039672852;0.36074328422546387,2.548346519470215,25.31979779169988,25.319797791699877;25.319797791699873;25.319797791699877;25.31979779169987;25.319797791699873;25.319797791699877;25.319797791699873;25.31979779169988;25.31979779169987;25.319797791699877;25.319797791699873;25.319797791699877;25.319797791699877;25.319797791699873;25.319797791699877;25.319797791699877;25.319797791699873;25.319797791699873;25.319797791699877;25.319797791699877;25.319797791699877;25.319797791699877;25.319797791699873;25.319797791699873;25.319797791699877;25.319797791699873;25.31979779169987,38.490565824724094,15.417850330350094;15.781702457811958;16.163143051656547;16.563479028958596;16.984150076526547;17.42674595036585;17.89302655239203;18.384945318862467;18.904676575868884;19.454647669753186;20.03757687396022;20.656518321327606;21.31491552929335;22.01666549835098;22.76619590342494;23.56855860825778;24.429543676890752;25.355819322442073;26.355104948596725;27.43638678776682;28.61018889271997;29.888916799777753;31.28729766363474;32.822950009137394;34.51712993192402;36.395720970396304;38.490565824724094
325,Na_JVASP-141900_Na4MgSi2Se6.json,2.1969831585884094,1.6067063808441162;1.6817781925201416;1.6546902656555176;1.6732487678527832;1.7123730182647705;1.637082815170288;1.7425522804260254;1.697019100189209;1.9510903358459473;1.924973964691162;1.8882088661193848;1.8389124870300293;1.8011083602905273;1.7891664505004883;1.7996611595153809;1.7541890144348145;2.5375452041625977;2.3741354942321777;2.523946762084961;2.3420825004577637;2.392627239227295;2.2259397506713867;2.287165641784668;2.1743111610412598;3.0876011848449707;2.911470890045166;2.9421510696411133;2.9076900482177734;2.9675676822662354;2.8783724308013916;2.704315185546875;2.893777370452881,3.0876011848449707,18.096502581291126,18.096502581291126;18.096502581291126;18.096502581291126;18.096502581291126;18.096502581291126;18.096502581291123;18.096502581291126;18.096502581291126;18.096502581291126;18.096502581291126;18.096502581291126;18.096502581291126;18.096502581291123;18.096502581291126;18.096502581291126;18.096502581291123;18.096502581291123;18.096502581291126;18.096502581291126;18.096502581291123;18.096502581291126;18.096502581291123;18.096502581291126;18.096502581291123;18.096502581291123;18.096502581291126;18.096502581291123;18.096502581291126;18.096502581291126;18.096502581291126;18.096502581291126;18.096502581291126,6.013510522062363,5.184479561605746;5.207638669385623;5.231005609358039;5.254583191793726;5.2783742778594736;5.3023817807755735;5.3266086670050035;5.351057957475347;5.375732728834534;5.400636114741474;5.425771307192738;5.451141557886462;5.4767501796246805;5.50260054775539;5.528696101655642;5.555040346257037;5.581636853615029;5.608489264523554;5.635601290176461;5.662976713877394;5.690619392799727;5.718533259798318;5.746722325274832;5.77519067909852;5.803942492584361;5.832982020530605;5.86231360331777;5.891941669071315;5.921870735890197;5.952105414143726;5.982650408839126;6.013510522062363
326,Li_JVASP-90589_Li3Mg.json,0.35565511385599774,0.8185567855834961;0.40235793590545654;1.0527968406677246;0.2944251298904419;-0.14380192756652832;-0.052285194396972656;0.0362170934677124;0.016067862510681152;0.5942484736442566;0.26423078775405884;0.5695935487747192;0.23515617847442627;0.9307675361633301;0.239332914352417;1.3235405683517456;0.2878350019454956;1.2278776168823242;0.5459585189819336;1.573143720626831;0.7984168529510498;1.0401151180267334;0.20924735069274902;1.2655551433563232;0.5208761692047119;1.1666640043258667;-0.03521764278411865;0.08899712562561035;0.04411149024963379;0.45835304260253906;-0.22906780242919922;0.5160863399505615;-0.18579745292663574;0.061582207679748535;0.16992652416229248;-0.09412384033203125;0.43044137954711914;-0.1640625;-0.20692205429077148;-0.40181541442871094;-0.2667384147644043;0.565471887588501;0.2375476360321045;0.5596921443939209;-0.2402341365814209;0.6820342540740967;0.055944204330444336;-0.41518187522888184;0.2235243320465088,1.573143720626831,34.812333443131685,34.81233344313168;34.81233344313167;34.81233344313168;34.81233344313168;34.81233344313168;34.81233344313167;34.81233344313168;34.81233344313168;34.81233344313168;34.81233344313168;34.81233344313167;34.81233344313168;34.81233344313167;34.81233344313168;34.81233344313168;34.812333443131685;34.81233344313168;34.81233344313168;34.81233344313168;34.81233344313168;34.81233344313168;34.81233344313168;34.81233344313167;34.81233344313167;34.81233344313168;34.81233344313167;34.81233344313168;34.81233344313167;34.81233344313167;34.81233344313167;34.81233344313167;34.81233344313168;34.81233344313168;34.81233344313168;34.81233344313167;34.81233344313168;34.81233344313168;34.81233344313168;34.81233344313167;34.81233344313167;34.81233344313167;34.81233344313168;34.81233344313168;34.81233344313167;34.81233344313167;34.81233344313168;34.81233344313168;34.812333443131685,67.71111527966205,37.11869759505062;37.47898057369192;37.84632608895529;38.22094386411082;38.60305200913619;38.99287744417432;39.39065634891007;39.7966346397358;40.21106847673155;40.63422480265611;41.06638191633204;41.50783008301279;41.958872184544816;42.419824412385125;42.891017006806344;43.372795045921016;43.86551928848677;44.36956707481837;44.88533329053459;45.413231398313215;45.95369454331944;46.50717673851936;47.074154136695626;47.65512639665563;48.25061815187143;48.86118059062447;49.487393157658694;50.12986538838419;50.78923888783609;51.46618946789419;52.16142945772844;52.87571020407537;53.60982477979403;54.36461092122863;55.14095421724975;55.93979157549703;56.76211499434763;57.60897567253925;58.481488492245326;59.380836915803755;60.308278341323984;61.26514996813728;62.252875229628664;63.27297085853161;64.32705465844008;65.41685406528903;66.5442155941005;67.71111527966205
327,Li_JVASP-36572_LiMg2Al.json,0.7491202354431152,0.7915434837341309;0.9632673263549805;0.7439371347427368;0.4977329969406128,0.9632673263549805,120.59821151638803,120.59821151638802;120.59821151638803;120.59821151638802;120.59821151638803,86.6500531263208,81.18459039230106;82.92815831294836;84.74826173123466;86.6500531263208
328,Li_JVASP-31201_Li2MgCl4.json,4.342584729194641,2.536975622177124;2.6311275959014893;2.574523448944092;2.6439480781555176;2.5884835720062256;2.645231008529663;2.579422950744629;2.6745877265930176;5.594841957092285;6.752242565155029;5.957348346710205;6.701135635375977;5.994413614273071;6.418914556503296;5.857424259185791;6.140753269195557;6.696209669113159;5.699262380599976;5.15695595741272;4.423603296279907;4.169492125511169;3.7320984601974487;3.915771007537842;3.762000322341919;3.9388054609298706;3.5061789751052856;3.568170666694641;3.141654849052429;3.802020311355591;3.4507625102996826;4.582169771194458;5.126181364059448,6.752242565155029,19.910243522319508,19.910243522319504;19.910243522319508;19.910243522319504;19.910243522319504;19.910243522319508;19.910243522319504;19.910243522319504;19.9102435223195;19.910243522319504;19.9102435223195;19.910243522319508;19.9102435223195;19.910243522319504;19.910243522319504;19.910243522319504;19.910243522319508;19.910243522319504;19.9102435223195;19.910243522319504;19.910243522319508;19.9102435223195;19.910243522319508;19.910243522319504;19.910243522319504;19.9102435223195;19.910243522319504;19.910243522319508;19.910243522319508;19.9102435223195;19.910243522319504;19.910243522319504;19.910243522319504,10.057546762610025,9.306121617728122;9.328604326879587;9.351195931307087;9.373897224084656;9.396709006006237;9.41963208567986;9.442667279623183;9.465815412360438;9.489077316520813;9.512453832938283;9.535945810752931;9.559554107513753;9.58327958928302;9.607123130742172;9.631085615299321;9.65516793519835;9.679370991629652;9.703695694842557;9.728142964259437;9.75271372859156;9.777408925956676;9.802229503998435;9.827176420007579;9.85225064104504;9.877453144066893;9.902784916051234;9.928246954127037;9.953840265704976;9.979565868610305;10.005424791217779;10.031418072588684;10.057546762610025
329,Na_JVASP-80817_NaMg2Tl.json,0.4160284996032715,0.39623165130615234;0.3210878372192383;0.29552578926086426;0.651268720626831,0.651268720626831,98.50463294766227,98.50463294766227;98.50463294766227;98.50463294766227;98.50463294766227,25.896077595661502,24.27819343323515;24.794548430394634;25.333344661115134;25.896077595661502
330,Li_JVASP-94411_Li2Mg.json,0.48641136288642883,0.7938231229782104;0.7100147008895874;0.47361040115356445;0.3678274154663086;0.43900537490844727;0.3454763889312744;0.36247944831848145;0.2686741352081299;0.0652458667755127;0.14908623695373535;0.9777600765228271;-0.08925127983093262;1.067337989807129;-0.23256635665893555;1.6888126134872437;-0.42521512508392334;2.33945894241333;0.42336463928222656;0.6394855976104736;-0.08481287956237793;0.5385141372680664;0.2698092460632324;0.10357141494750977;0.23131370544433594;-0.10188031196594238;0.23543858528137207;0.6882097721099854;0.13344645500183105;0.5552256107330322;0.11294007301330566;1.689213514328003;0.8297441005706787,2.33945894241333,45.40372029590968,45.40372029590968;45.40372029590968;45.40372029590968;45.40372029590968;45.40372029590968;45.40372029590968;45.40372029590967;45.40372029590968;45.40372029590968;45.40372029590967;45.40372029590967;45.40372029590967;45.40372029590967;45.40372029590968;45.40372029590967;45.40372029590968;45.40372029590967;45.40372029590968;45.40372029590967;45.40372029590968;45.40372029590968;45.40372029590967;45.40372029590968;45.40372029590967;45.40372029590968;45.40372029590968;45.40372029590968;45.40372029590967;45.40372029590967;45.40372029590968;45.40372029590967;45.40372029590968,67.71111527966205,43.86551928848677;44.36956707481837;44.88533329053459;45.413231398313215;45.95369454331944;46.50717673851936;47.074154136695626;47.65512639665563;48.25061815187143;48.86118059062447;49.487393157658694;50.12986538838419;50.78923888783609;51.46618946789419;52.16142945772844;52.87571020407537;53.60982477979403;54.36461092122863;55.14095421724975;55.93979157549703;56.76211499434763;57.60897567253925;58.481488492245326;59.380836915803755;60.308278341323984;61.26514996813728;62.252875229628664;63.27297085853161;64.32705465844008;65.41685406528903;66.5442155941005;67.71111527966205
331,Ca_JVASP-94745_CaMg6Mn.json,0.7123421430587769,1.041788935661316;0.9690693616867065;0.9355698823928833;0.7683583498001099;0.5768511295318604;0.430511474609375;0.5636801719665527;0.41290783882141113,1.041788935661316,29.7817778459847,29.781777845984692;29.781777845984696;29.781777845984696;29.7817778459847;29.781777845984696;29.781777845984696;29.781777845984692;29.781777845984696,16.280596116499787,13.910069273252498;14.205553772539076;14.513864383053901;14.83585474738001;15.1724559791056;15.52468565529929;15.893658091320763;16.280596116499787
332,Li_JVASP-74507_LiMgBe2.json,0.7803926467895508,-0.2334749698638916;0.10196268558502197;1.2985853552818298;1.963882863521576;0.2580462694168091;0.969231128692627;0.7754691243171692;1.109438717365265,1.963882863521576,112.84661012985828,112.84661012985826;112.84661012985825;112.84661012985826;112.84661012985828;112.84661012985828;112.84661012985826;112.84661012985826;112.84661012985825,77.55598822267191,67.99594925133674;69.21478493477174;70.4781137190265;71.78841720279591;73.14836502874526;74.56083303880959;76.02892357434219;77.55598822267191
333,Na_JVASP-57604_NaMgF3.json,5.6597230434417725,1.6165359020233154;2.0290751457214355;2.1903743743896484;3.3384859561920166;3.7200815677642822;4.129745960235596;3.3090476989746094;4.009969711303711;4.258586883544922;3.0016965866088867;6.705636978149414;10.329447984695435;6.797897577285767;7.805375099182129;9.377052783966064;5.329077482223511;6.113633394241333;9.048272371292114;4.394198179244995;8.340753078460693;7.066140651702881;5.779094219207764;7.0844550132751465;5.657054662704468;5.277310609817505;7.098855495452881;9.004666805267334,10.329447984695435,27.51041074452683,27.510410744526823;27.510410744526823;27.510410744526826;27.510410744526826;27.510410744526826;27.510410744526823;27.510410744526823;27.510410744526823;27.51041074452683;27.510410744526823;27.510410744526826;27.510410744526823;27.510410744526826;27.510410744526826;27.51041074452682;27.510410744526826;27.510410744526823;27.510410744526823;27.510410744526826;27.510410744526826;27.510410744526823;27.510410744526826;27.510410744526823;27.510410744526823;27.510410744526826;27.510410744526823;27.510410744526823,12.083105630616366,9.51814803760875;9.596498409974881;9.676149399381254;9.757133662262136;9.839484957547583;9.923238193585378;10.008429477479972;10.095096166994853;10.18327692517515;10.273011777858214;10.364342174251943;10.457311050773448;10.551962898354644;10.648343833436423;10.74650167288945;10.846486013117266;10.948348313616677;11.052141985291208;11.157922483836066;11.265747408537681;11.375676606857638;11.487772285200052;11.60209912629306;11.71872441364997;11.837718163613086;11.95915326552494;12.083105630616366
334,Li_JVASP-93391_LiMg.json,0.519927978515625,0.8724352121353149;0.5953656435012817;0.3496575355529785;0.33101582527160645;0.20909643173217773;0.15132975578308105;0.07522904872894287;0.004530549049377441;-0.06443095207214355;2.0336949825286865;1.3974838256835938;0.5197336673736572;0.9086087942123413;0.7267202138900757;0.6531832218170166;0.8873085975646973;0.18401694297790527;0.7070183753967285;0.8637573719024658;0.2976419925689697;0.2742340564727783;0.5286924839019775;0.30008482933044434;0.22742724418640137;0.6757113933563232;0.2589585781097412;0.0695497989654541,2.0336949825286865,39.33601149825192,39.336011498251914;39.336011498251914;39.336011498251914;39.336011498251914;39.33601149825192;39.336011498251914;39.33601149825191;39.336011498251914;39.33601149825192;39.336011498251914;39.336011498251914;39.336011498251914;39.336011498251914;39.336011498251914;39.336011498251914;39.336011498251914;39.336011498251914;39.336011498251914;39.33601149825191;39.33601149825192;39.336011498251914;39.336011498251914;39.33601149825192;39.33601149825191;39.33601149825191;39.33601149825191;39.33601149825192,40.413828849522766,31.768785054692756;32.03232858704735;32.30028123928739;32.57275459257882;32.84986402514973;33.1317288751919;33.41847261222139;33.71022301741528;34.00711237347783;34.309277664628844;34.61686078734941;34.93000877256622;35.2488740200054;35.57361454550066;35.90439424209893;36.24138315587005;36.584757777395566;36.93470134998672;37.29140419576224;37.65506406080551;38.025886480715855;38.40408516797435;38.7898824226577;39.18350956815888;39.58520741370918;39.99522674564458;40.413828849522766
335,Li_JVASP-154536_Li3Mg8Si4.json,-0.2837682366371155,-3.319098174571991;-0.9996702075004578;-0.5032563805580139;-0.037530481815338135;-1.0752768516540527;-1.0879778861999512;-0.5709775686264038;-0.026575207710266113;-0.18213069438934326;0.14783966541290283;0.1774100661277771;-0.057323157787323;0.06539773941040039;0.4822697639465332;-0.2239513397216797;0.12044000625610352;0.10828709602355957;0.1209031343460083;0.16867899894714355;0.11826121807098389;-0.10404610633850098;0.06866931915283203;-0.17725729942321777;-0.023523330688476562,0.4822697639465332,20.079422935154703,20.079422935154703;20.0794229351547;20.0794229351547;20.0794229351547;20.079422935154703;20.079422935154703;20.0794229351547;20.0794229351547;20.0794229351547;20.0794229351547;20.0794229351547;20.0794229351547;20.0794229351547;20.0794229351547;20.0794229351547;20.0794229351547;20.0794229351547;20.0794229351547;20.079422935154703;20.079422935154696;20.0794229351547;20.079422935154703;20.079422935154703;20.0794229351547,10.889612396370996,10.226294379325372;10.253449487187956;10.280749195465024;10.308194662231482;10.335787057961706;10.363527565695957;10.391417381209443;10.419457713184165;10.447649783383508;10.475994826829693;10.504494091984146;10.533148840930776;10.561960349562298;10.590929907769603;10.620058819634258;10.649348403624199;10.67879999279265;10.708414934980384;10.738194593021325;10.768140344951613;10.79825358422217;10.828535719914843;10.858988176962193;10.889612396370996
336,Li_JVASP-1765_LiMgAs.json,1.5149104595184326,0.71833336353302;0.8229035139083862;0.921849250793457;0.8519978523254395;1.1774612665176392;1.2908939123153687;2.3068103790283203;4.02903413772583,4.02903413772583,94.31607245126315,94.31607245126314;94.31607245126314;94.31607245126314;94.31607245126315;94.31607245126315;94.31607245126315;94.31607245126314;94.31607245126315,33.470314297741844,31.555626859219657;31.815631201611293;32.07995578131574;32.34870917813849;32.62200364118255;32.89995524516736;33.182684054807716;33.470314297741844
337,K_JVASP-94806_KSrMg6.json,0.24050140380859375,0.18744444847106934;0.3223087787628174;0.00606083869934082;0.06027102470397949;0.4690983295440674;0.4319455623626709;0.03315877914428711;0.4137234687805176,0.4690983295440674,21.74833620431802,21.74833620431802;21.748336204318015;21.748336204318015;21.748336204318015;21.74833620431802;21.748336204318015;21.748336204318015;21.74833620431802,14.056487783678786,12.292078762329059;12.516522816855478;12.749315671263892;12.99093198780137;13.241883105689837;13.502720653426593;13.774040596592219;14.056487783678786
338,Ca_JVASP-60915_Ca4MgB4H6C2O18.json,9.56229555606842,5.501760959625244;6.126551151275635;7.333043098449707;8.763906478881836;10.723777770996094;13.595772743225098;13.430150985717773;11.023401260375977,13.595772743225098,67.31671430755446,67.31671430755445;67.31671430755445;67.31671430755445;67.31671430755446;67.31671430755443;67.31671430755445;67.31671430755445;67.31671430755445,33.035535299317836,24.547111914494085;25.482495179046005;26.491989226808702;27.584765110501664;28.77157218451923;30.065092893658992;31.480397771262997;33.035535299317836
339,Li_JVASP-109393_Li2MgBi.json,0.7090325355529785,0.2921539545059204;-0.017078518867492676;-0.08937019109725952;0.30605548620224;-0.14322030544281006;-0.17281734943389893;0.20164823532104492;-0.06995344161987305;0.563573956489563;0.6478555202484131;0.8385210037231445;1.3530470132827759;1.145774006843567;1.6197341680526733;2.4681479930877686;2.40044903755188,2.4681479930877686,61.815224171823374,61.81522417182337;61.81522417182337;61.815224171823374;61.81522417182336;61.81522417182336;61.81522417182335;61.81522417182337;61.81522417182337;61.81522417182337;61.81522417182337;61.81522417182336;61.81522417182336;61.81522417182336;61.815224171823374;61.81522417182336;61.815224171823374,14.307674095343797,13.55431650832144;13.602063461645017;13.650147994624538;13.698573700085442;13.74734422201878;13.796463256495283;13.845934552599093;13.895761913381673;13.945949196836354;13.99650031689412;14.047419244441098;14.098710008358342;14.150376696584493;14.202423457201885;14.254854499546694;14.307674095343797
340,Li_JVASP-35174_LiCaMgSiN3.json,1.4324696063995361,1.0992863178253174;0.8967392444610596;1.0841429233551025;1.035738229751587;1.105637788772583;1.0573170185089111;1.1083552837371826;1.0523946285247803;1.4667141437530518;1.4071152210235596;1.6625807285308838;1.58785080909729;1.9329760074615479;2.0849087238311768;2.115966558456421;2.221790075302124,2.221790075302124,33.869844345591616,33.86984434559161;33.86984434559161;33.869844345591616;33.86984434559161;33.86984434559161;33.869844345591616;33.869844345591616;33.869844345591616;33.86984434559161;33.869844345591616;33.869844345591616;33.869844345591616;33.86984434559161;33.869844345591616;33.86984434559161;33.86984434559161,12.41522853046705,11.84400284713698;11.880444194614284;11.917110477918683;11.95400378613717;11.99112623430686;12.028479963819214;12.066067142831788;12.103889966687738;12.141950658343267;12.180251468803107;12.218794677564336;12.257582593068605;12.296617553163006;12.335901925569795;12.375438108365126;12.41522853046705
341,Na_JVASP-2487_NaMgAs.json,0.8888990879058838,0.9265961647033691;0.8893461227416992;0.6225723028182983;0.6196151971817017;0.7163708209991455;0.6402308940887451;0.9499897956848145;0.6968145370483398;1.8908308744430542;1.3719426393508911;1.2566795349121094;0.6502285003662109;1.0667411088943481;0.9172405004501343;0.9123367071151733;0.09484970569610596,1.8908308744430542,40.38803088654055,40.38803088654055;40.38803088654055;40.38803088654055;40.38803088654055;40.38803088654054;40.38803088654055;40.38803088654055;40.38803088654055;40.38803088654055;40.38803088654055;40.38803088654055;40.38803088654054;40.38803088654055;40.38803088654055;40.38803088654055;40.38803088654055,16.640522543313548,13.705959315742524;13.869013072657452;14.035993095989667;14.207042928246102;14.382313195387614;14.561962049224594;14.746155643387587;14.935068645883899;15.128884791563651;15.327797478168351;15.53201041002658;15.741738293900374;15.957207591979149;16.178657337572655;16.406340019679565;16.640522543313548
342,Li_JVASP-136032_LiMgBi.json,0.45793676376342773,0.580512285232544;0.3312656879425049;0.9545102119445801;0.2726006507873535;0.740257740020752;0.1580435037612915;1.4647592306137085;-0.1412888765335083;-0.23922955989837646,1.4647592306137085,54.14822529334269,54.148225293342676;54.148225293342676;54.14822529334268;54.14822529334269;54.14822529334268;54.14822529334268;54.14822529334268;54.14822529334268;54.148225293342676,12.723170766044033,12.396399286076758;12.436324831615952;12.476508387526076;12.516952462920397;12.55765959955233;12.598632372347941;12.639873389948871;12.681385295266;12.723170766044033
343,Li_JVASP-44747_Li4MgCo3O8.json,3.88973069190979,3.2110321521759033;2.986455202102661;3.0632741451263428;3.1095359325408936;3.0823023319244385;3.0581629276275635;3.0265424251556396;3.0057380199432373;3.8794872760772705;3.8482677936553955;3.8371670246124268;3.8742268085479736;3.923464059829712;3.9651739597320557;3.984590768814087;4.063474893569946;4.242178678512573;4.062576055526733;4.216723680496216;4.229054689407349;4.303791284561157;4.236799478530884;4.490003347396851;4.336752653121948;4.491625547409058;4.343106985092163;4.152851819992065;3.936156988143921;4.437746286392212;4.496995210647583;4.191177129745483;4.384946584701538,4.496995210647583,42.01273278785553,42.012732787855526;42.012732787855526;42.01273278785553;42.012732787855526;42.012732787855526;42.012732787855526;42.01273278785553;42.012732787855526;42.01273278785553;42.012732787855526;42.012732787855526;42.012732787855526;42.012732787855526;42.01273278785553;42.01273278785553;42.012732787855526;42.012732787855526;42.012732787855526;42.01273278785553;42.01273278785553;42.012732787855526;42.012732787855526;42.01273278785553;42.01273278785553;42.01273278785553;42.012732787855526;42.01273278785552;42.01273278785553;42.01273278785552;42.012732787855526;42.01273278785553;42.01273278785553,10.153078966613366,9.387854164408665;9.410734009431138;9.43372565130225;9.456829911431349;9.480047619294432;9.503379612533422;9.526826737056894;9.550389847142311;9.574069805539782;9.597867483577348;9.621783761267872;9.645819527417501;9.66997567973578;9.694253124947412;9.718652778905717;9.743175566707789;9.76782242281143;9.792594291153833;9.817492125272096;9.842516888425576;9.867669553720104;9.892951104234136;9.91836253314682;9.943904843868067;9.96957905017062;9.995386176324168;10.021327257231588;10.047403338567257;10.073615476917576;10.099964739923667;10.12645220642635;10.153078966613366
344,Ca_JVASP-96682_CaMgAsO4F.json,9.778414964675903,6.700913429260254;6.831803321838379;7.759444236755371;9.099196434020996;10.42928409576416;11.840847969055176;12.902966976165771;12.61597490310669;11.036581039428711;10.449237823486328;10.422238111495972;9.792691469192505;9.33769679069519;9.081666231155396;8.999201536178589;9.154895067214966,12.902966976165771,28.013934203556616,28.013934203556616;28.013934203556616;28.013934203556612;28.013934203556612;28.013934203556616;28.013934203556616;28.013934203556612;28.013934203556616;28.013934203556612;28.013934203556616;28.013934203556612;28.013934203556612;28.013934203556616;28.013934203556616;28.013934203556616;28.013934203556616,9.067912372277728,7.535258838512428;7.62113348966099;7.708988024119205;7.798891711216204;7.890917089738604;7.9851401631285714;8.081640608835684;8.180502003034618;8.281812062040672;8.385662901888901;8.49215131769137;8.601379084553335;8.71345328201468;8.828486644190601;8.946597938018357;9.067912372277728
345,Li_JVASP-12564_LiMgH3.json,1.7354247570037842,1.0617403984069824;0.9421772956848145;0.6848599910736084;0.6302425861358643;0.7296383380889893;0.822852373123169;0.6041810512542725;0.8727061748504639;1.730125904083252;1.7483792304992676;1.873579740524292;1.967170000076294;2.1868784427642822;2.6898539066314697;3.9598584175109863;5.262552261352539,5.262552261352539,58.98558849934662,58.98558849934662;58.98558849934661;58.98558849934661;58.98558849934661;58.985588499346605;58.98558849934661;58.98558849934661;58.98558849934661;58.98558849934661;58.98558849934661;58.985588499346605;58.98558849934662;58.985588499346605;58.985588499346605;58.985588499346605;58.98558849934661,60.336230185283924,48.87952679849047;49.50621272528812;50.14917687503604;50.80906183581935;51.48654446852822;52.182338222686624;52.89719564263128;53.631911082548136;54.38732365095866;55.16432040760209;55.96383983832003;56.786875636562876;57.634480823554455;58.50777224303499;59.407935470923526;60.336230185283924
346,Li_JVASP-94409_LiMg2.json,0.21585464477539062,1.2351889610290527;0.44364118576049805;0.24979543685913086;0.2361924648284912;0.7001023292541504;0.42746472358703613;0.19789302349090576;0.09792149066925049;-0.241205096244812;1.3736695051193237;1.1065516471862793;0.8933687210083008;0.45769429206848145;-0.10199618339538574;-0.6389479637145996;-0.28904056549072266;-0.37024521827697754;-1.892665147781372,1.3736695051193237,37.70521747138001,37.70521747138;37.70521747138001;37.70521747138;37.70521747138;37.70521747138;37.70521747138;37.70521747138;37.70521747138;37.70521747138;37.705217471379996;37.70521747138;37.70521747138;37.70521747138;37.70521747138001;37.70521747138001;37.70521747138;37.70521747138;37.70521747138001,30.38988907295677,26.80367926281066;26.991039431035272;27.181037366902533;27.37372916939736;27.56917253965021;27.767426838543525;27.968553146821684;28.172614327832385;28.379675093034773;28.58980207041781;28.803063875980765;29.019531188436908;29.239276827311368;29.4623758346143;29.688905560281885;29.91894575158948;30.152578646754062;30.38988907295677
347,K_JVASP-93183_KMg6Ga.json,-0.056336164474487305,0.16126227378845215;-0.17713570594787598;0.22171902656555176;-0.27235865592956543;0.058226585388183594;-0.4063601493835449;0.19581198692321777;-0.23185467720031738,0.22171902656555176,26.177101604016837,26.177101604016833;26.177101604016833;26.177101604016837;26.177101604016837;26.177101604016837;26.177101604016833;26.177101604016837;26.177101604016833,15.197699150791067,13.155971205090603;13.413402261620412;13.681109015725726;13.959719248639384;14.249912942688482;14.552427822243184;14.868065615754704;15.197699150791067
348,Na_JVASP-102962_Na3Mg.json,0.3663323720296224,0.7049436569213867;0.49822330474853516;0.4128122329711914;0.3012399673461914;0.17581844329833984;0.15784788131713867;0.12218332290649414;0.13655567169189453;1.0810141563415527;0.4646029472351074;0.9535131454467773;0.23957157135009766;0.5983126163482666;0.11605715751647949;0.8056473731994629;0.270810604095459;0.4555642604827881;0.627453088760376;0.6868801116943359;0.12349128723144531;0.7920241355895996;0.23964405059814453;0.871727466583252;0.1589059829711914;0.7942550182342529;0.044332265853881836;0.015864849090576172;-0.00101470947265625;0.15346741676330566;-0.2507460117340088;0.2115156650543213;-0.13660645484924316;-0.04121828079223633;-0.04066944122314453;0.0896151065826416;0.16394543647766113;0.18953895568847656;0.20887994766235352;0.5622386932373047;0.8916964530944824;0.383378267288208;0.472888708114624;0.5984973907470703;0.007510185241699219;-0.0017352104187011719;0.5423240661621094;0.3024864196777344;1.4286646842956543,1.4286646842956543,21.467864366768204,21.4678643667682;21.467864366768204;21.4678643667682;21.467864366768204;21.4678643667682;21.467864366768204;21.467864366768197;21.467864366768197;21.467864366768197;21.4678643667682;21.467864366768197;21.4678643667682;21.4678643667682;21.4678643667682;21.4678643667682;21.467864366768197;21.467864366768197;21.4678643667682;21.4678643667682;21.4678643667682;21.4678643667682;21.467864366768197;21.467864366768197;21.467864366768197;21.467864366768197;21.467864366768204;21.4678643667682;21.4678643667682;21.4678643667682;21.4678643667682;21.467864366768193;21.467864366768204;21.4678643667682;21.4678643667682;21.467864366768204;21.467864366768197;21.467864366768197;21.4678643667682;21.4678643667682;21.467864366768197;21.4678643667682;21.4678643667682;21.4678643667682;21.467864366768197;21.4678643667682;21.467864366768197;21.467864366768197;21.4678643667682,65.07270831739717,17.95877797284595;18.239755514187017;18.529664978822947;18.828939147474;19.138039219360408;19.457457183756603;19.78771843306689;20.129384646614465;20.48305697843861;20.849379587158662;21.22904355150763;21.62279122160819;22.031421063633935;22.455793064381506;22.896834772731854;23.35554806731625;23.833016754310243;24.33041511662968;24.849017556482625;25.390209497964207;25.955499746070448;26.54653453428076;27.16511353613446;27.813208168794898;28.492982580725563;29.206817794194023;29.957339570086503;30.747450682252868;31.580368437530314;32.459668463843045;33.389336023032314;34.373826401492835;35.41813630916278;36.527888701332;37.70943406252622;38.96997200448759;40.31769809600873;41.76198225171184;43.31358688745398;44.98493558372942;46.79044644735605;48.746949108571684;50.874210901823666;53.19560710470489;55.738983448764984;58.53777848338946;61.63250195652121;65.07270831739717
349,Na_JVASP-142415_NaCaMg2F7.json,3.841820478439331,2.698612928390503;2.8559820652008057;2.835186243057251;2.894702672958374;2.830542802810669;2.989245653152466;2.971416473388672;3.0009522438049316;4.4111292362213135;4.30085015296936;4.844030141830444;4.744407415390015;4.7712297439575195;4.580464839935303;5.354596853256226;5.385778188705444,5.385778188705444,20.555092569490558,20.555092569490554;20.555092569490554;20.555092569490554;20.555092569490558;20.555092569490554;20.555092569490558;20.555092569490554;20.555092569490554;20.555092569490554;20.555092569490554;20.555092569490554;20.555092569490554;20.555092569490554;20.555092569490554;20.555092569490558;20.555092569490554,7.507798547790546,6.846429557739953;6.886874303950765;6.927799738127052;6.9692144810009005;7.011127360684842;7.053547418945523;7.0964839177065;7.139946345789997;7.183944425907928;7.228488121913006;7.273587646321296;7.319253468118136;7.365496320859972;7.412327211085262;7.459757427048307;7.507798547790546
350,Na_JVASP-139408_NaMgP.json,0.3508707284927368,0.1777740716934204;0.1557832956314087;0.4208482503890991;0.08410418033599854;0.31631410121917725;0.19816869497299194;0.6521430611610413;0.38894063234329224;0.7637602686882019,0.7637602686882019,68.37736068499669,68.37736068499667;68.37736068499667;68.37736068499667;68.37736068499667;68.37736068499669;68.37736068499667;68.37736068499669;68.37736068499667;68.37736068499667,51.49193476487953,38.04776101909229;39.33140436128113;40.7046862061223;42.17733561186185;43.76054243185239;45.46724217603972;47.31247023681599;49.313806018216034;51.49193476487953
351,K_JVASP-99449_KNaMg2F6.json,3.3784372806549072,2.3187315464019775;2.332331418991089;2.4815917015075684;2.4297280311584473;2.6875734329223633;2.6776599884033203;4.076199054718018;3.2923312187194824;4.415702819824219;3.998051643371582;4.275725364685059;4.113242149353027;4.241792678833008;3.4924802780151367;3.906149387359619;3.897477626800537;2.8913211822509766;3.2837815284729004,4.415702819824219,19.916375180542953,19.916375180542953;19.916375180542953;19.916375180542953;19.91637518054295;19.916375180542953;19.916375180542953;19.91637518054295;19.916375180542953;19.916375180542953;19.91637518054295;19.91637518054295;19.916375180542953;19.91637518054295;19.916375180542953;19.916375180542953;19.916375180542953;19.916375180542953;19.916375180542953,7.930085314266124,6.626824528489058;6.691513298300699;6.757477456825294;6.824755097483388;6.8933858459878525;6.963410938171321;7.034873302605877;7.107817648362825;7.182290558289527;7.25834058821225;7.336018372508938;7.415376736534271;7.496470816421559;7.579358186832444;7.664098997276388;7.7507561176782795;7.839395293934475;7.930085314266124
352,Li_JVASP-146253_LiMgVO4.json,3.296321153640747,2.8522861003875732;2.9755866527557373;2.8161990642547607;2.9417693614959717;2.7491133213043213;2.8287651538848877;2.6308505535125732;2.766340970993042;3.02262282371521;3.128068685531616;2.9504077434539795;3.1683356761932373;3.426478147506714;3.849156141281128;5.014195203781128;5.620962858200073,5.620962858200073,36.57356377781082,36.57356377781082;36.57356377781082;36.57356377781082;36.57356377781081;36.57356377781081;36.57356377781081;36.57356377781082;36.57356377781082;36.57356377781081;36.57356377781081;36.57356377781081;36.57356377781081;36.57356377781081;36.57356377781081;36.57356377781081;36.57356377781082,11.992537367491403,11.458709438030581;11.492815012487931;11.527124215924095;11.561638877464492;11.596360848207487;11.631292001555343;11.666434233551154;11.701789463221916;11.737359632927847;11.7731467087181;11.80915268069301;11.845379563372994;11.881829396074277;11.918504243291569;11.955406195087843;11.992537367491403
353,Li_JVASP-15826_LiMgSnAu.json,0.3908335566520691,0.5547870397567749;0.5606588125228882;0.442751407623291;0.14722704887390137;0.22727543115615845;0.4679716229438782;0.44827961921691895;0.2777174711227417,0.5606588125228882,74.45450795286314,74.45450795286314;74.45450795286314;74.45450795286312;74.45450795286312;74.45450795286314;74.45450795286312;74.45450795286312;74.45450795286314,9.828936753005461,9.65686717873604;9.681078765743306;9.70541206393184;9.729867993373881;9.75444748343877;9.779151472910687;9.80398091010817;9.828936753005461
354,Na_JVASP-38649_NaMg3.json,0.5417678356170654,0.8383493423461914;0.30576562881469727;0.7405335903167725;0.013728857040405273;0.48520994186401367;0.5248856544494629;0.753164529800415;0.6725051403045654,0.8383493423461914,54.565534686498935,54.56553468649893;54.56553468649893;54.56553468649893;54.56553468649892;54.56553468649893;54.56553468649893;54.565534686498935;54.56553468649893,44.20427101634563,34.932414678542344;36.011473995407556;37.15932229917666;38.38275400555105;39.68948878945997;41.0883346376808;42.5893866415981;44.20427101634563
355,Li_JVASP-93207_LiMg6C.json,0.63006591796875,-0.33266377449035645;0.6620213985443115;0.6670783758163452;0.7973953485488892;0.7167372703552246;0.6493732929229736;0.8354018926620483;0.6837695837020874;0.6325259208679199;0.9011015892028809;0.7324756383895874;0.6155744791030884,0.9011015892028809,24.58491759672246,24.58491759672246;24.58491759672246;24.584917596722455;24.584917596722455;24.58491759672246;24.584917596722455;24.584917596722455;24.58491759672246;24.584917596722455;24.584917596722455;24.584917596722455;24.58491759672246,14.09840445450823,13.55403409536734;13.601779055530004;13.649861574173478;13.69828524382219;13.747053708160799;13.796170662948173;13.845639856950989;13.895465092897513;13.945650228452044;13.996199177210553;14.047115909718048;14.09840445450823
356,Li_JVASP-110219_Li2MgSb.json,0.6248824000358582,-0.22603309154510498;-0.21761906147003174;-0.5053610801696777;-0.694221019744873;-0.11920249462127686;-0.3887847661972046;0.03849685192108154;0.08128488063812256;0.7445110082626343;0.6791707277297974;0.8466830253601074;1.3561091423034668;1.313915729522705;1.530759334564209;2.7272706031799316;2.8311386108398438,2.8311386108398438,66.86580181664328,66.86580181664327;66.86580181664327;66.86580181664327;66.86580181664328;66.86580181664327;66.86580181664327;66.86580181664327;66.86580181664327;66.86580181664327;66.86580181664327;66.86580181664327;66.86580181664328;66.86580181664326;66.86580181664328;66.86580181664327;66.86580181664327,22.80082568550646,20.945595541891304;21.059833621667728;21.175324652807955;21.29208936233805;21.410148936989827;21.52952503601667;21.650239804440563;21.772315886747247;21.895776441047335;22.02064515372199;22.1469462545726;22.274704532494848;22.403945351698347;22.534694668494378;22.66697904867474;22.80082568550646
357,Na_JVASP-156295_NaMg2Sb2.json,1.8573692440986633,1.3397127389907837;1.6159948110580444;1.8859851956367493;2.127316176891327;2.6960323452949524;2.09268456697464;1.518892228603363;1.582335889339447,2.6960323452949524,38.78246239186949,38.78246239186949;38.78246239186948;38.78246239186949;38.78246239186949;38.78246239186949;38.78246239186948;38.78246239186949;38.78246239186948,11.356416647781408,10.631466181234977;10.729311676833044;10.828974921768124;10.930507045519777;11.033961113270129;11.139392218383476;11.24685758023897;11.356416647781408
358,Li_JVASP-157350_LiPmMg2.json,2.001699924468994,0.016299307346343994;0.05647343397140503;4.315686464309692;5.829686164855957;0.9046154022216797;0.9868805408477783;1.16831636428833;2.7356417179107666,5.829686164855957,56.297918231740944,56.297918231740944;56.297918231740944;56.297918231740944;56.29791823174094;56.297918231740944;56.29791823174094;56.297918231740944;56.29791823174094,17.226584138606633,16.704903840613554;16.77748670934117;16.850703076284898;16.924561271489125;16.999069771686642;17.07423720354176;17.150072346979968;17.226584138606633
359,Li_JVASP-109635_Li3Mg5.json,0.6900308132171631,0.06976008415222168;0.06755328178405762;0.1279224157333374;0.09349977970123291;0.10576748847961426;0.09984230995178223;0.1026911735534668;0.11377954483032227;1.847813367843628;1.4398729801177979;1.5340697765350342;1.2542774677276611;0.7930194139480591;0.6047509908676147;0.763709306716919;0.435253381729126;0.24022316932678223;0.3074324131011963;0.7448272705078125;2.1145997047424316;1.1583969593048096;0.8465187549591064;0.8118081092834473;0.8833503723144531,2.1145997047424316,33.72712247948315,33.72712247948315;33.72712247948315;33.72712247948315;33.72712247948314;33.72712247948314;33.72712247948314;33.72712247948315;33.72712247948314;33.72712247948314;33.72712247948314;33.72712247948314;33.72712247948314;33.72712247948314;33.72712247948315;33.72712247948315;33.72712247948315;33.72712247948314;33.72712247948315;33.72712247948314;33.72712247948314;33.72712247948314;33.72712247948314;33.72712247948314;33.72712247948315,27.372443152836116,23.535175556656142;23.67950445522136;23.82561446340313;23.973538755923606;24.123311336529593;24.274967064051676;24.428541679452454;24.584071833908098;24.741595117969442;24.901150091851463;25.062776316902326;25.226514388306;25.392405969075188;25.56049382539439;25.73082186337603;25.903435167296117;26.0783800393792;26.25570404120655;26.435456036825226;26.6176862376402;26.80244624917608;26.98978911979995;27.179769391502035;27.372443152836116
360,Na_JVASP-93072_NaMg6W.json,0.4765819311141968,0.4229161739349365;0.7582132816314697;0.25984644889831543;0.46535181999206543,0.7582132816314697,65.99369691367434,65.99369691367434;65.99369691367433;65.99369691367434;65.99369691367434,19.976213204456403,18.99953134421156;19.314304565056144;19.639683454960682;19.976213204456403
361,Na_JVASP-45957_Na3MgPCO7.json,4.312764803568522,2.0140981674194336;2.0935850143432617;2.191556930541992;2.4740676879882812;3.11936616897583;3.095221996307373;3.131196975708008;3.215250015258789;4.920692443847656;5.4928131103515625;6.725644111633301;7.001467704772949;5.65908670425415;5.340996265411377;5.676061630249023;4.957488059997559;6.228249549865723;5.476747512817383;4.224649429321289;4.165915489196777;3.9276299476623535;4.036265850067139;3.9681835174560547;4.370121002197266,7.001467704772949,36.67482125450922,36.67482125450921;36.67482125450922;36.67482125450921;36.67482125450921;36.67482125450922;36.67482125450922;36.67482125450922;36.67482125450922;36.67482125450921;36.67482125450921;36.67482125450921;36.67482125450921;36.67482125450922;36.67482125450921;36.67482125450922;36.67482125450921;36.67482125450921;36.67482125450922;36.67482125450921;36.67482125450922;36.67482125450922;36.67482125450921;36.67482125450921;36.67482125450921,18.391545187734394,13.4949587123334;13.653001805808607;13.814790535847623;13.980459657222932;14.150150467166144;14.324011207298993;14.5021974955637;14.68487279079792;14.87220889286942;15.064386481586942;15.261595697940686;15.464036771602784;15.671920699040935;15.88546997707285;16.10491939722271;16.33051690684163;16.562524543631792;16.801219450979247;17.0468949823669;17.29986190412092;17.560449706858915;17.82900803727688;18.105908263357584;18.391545187734394
362,Ca_JVASP-93532_CaMg.json,0.5903146266937256,1.9712626934051514;0.9351327419281006;0.5300507545471191;0.8285493850708008;0.426471471786499;0.47825121879577637;0.2119431495666504;0.18062686920166016;-0.10216474533081055;2.2065439224243164;1.3388230800628662;0.6454508304595947;0.5672285556793213;0.7629458904266357;0.9592125415802002;0.5539348125457764;0.012494325637817383;0.18708205223083496;0.60270094871521;0.11849045753479004;0.6619293689727783;0.4610898494720459;0.16976308822631836;0.2092571258544922;0.05838179588317871;0.327380895614624;0.6356618404388428,2.2065439224243164,25.497176237667155,25.49717623766715;25.497176237667148;25.49717623766715;25.497176237667144;25.497176237667148;25.497176237667148;25.497176237667144;25.497176237667155;25.497176237667148;25.49717623766715;25.497176237667144;25.497176237667148;25.497176237667148;25.497176237667148;25.49717623766715;25.49717623766715;25.49717623766715;25.497176237667148;25.497176237667148;25.497176237667148;25.49717623766715;25.49717623766715;25.497176237667148;25.497176237667148;25.49717623766715;25.497176237667144;25.497176237667144,38.490565824724094,15.417850330350094;15.781702457811958;16.163143051656547;16.563479028958596;16.984150076526547;17.42674595036585;17.89302655239203;18.384945318862467;18.904676575868884;19.454647669753186;20.03757687396022;20.656518321327606;21.31491552929335;22.01666549835098;22.76619590342494;23.56855860825778;24.429543676890752;25.355819322442073;26.355104948596725;27.43638678776682;28.61018889271997;29.888916799777753;31.28729766363474;32.822950009137394;34.51712993192402;36.395720970396304;38.490565824724094
363,Li_JVASP-94412_LiMg.json,0.11466860771179199,1.0941288471221924;0.33965420722961426;0.30253100395202637;0.7242324352264404;0.5126314163208008;0.5777034759521484;0.24831867218017578;-0.000858306884765625;-0.5023521184921265;2.755778670310974;0.6359636783599854;-0.1403818130493164;0.2949666976928711;-0.3073256015777588;-0.9534627199172974;0.3946119546890259;-0.8785495758056641;-2.2233057022094727;2.2541139125823975;0.9356091022491455;0.22810077667236328;0.09156656265258789;-0.18899822235107422;-0.4718160629272461;-0.08892989158630371;-0.8425610065460205;-1.6953179836273193,2.755778670310974,38.398593989346686,38.39859398934668;38.398593989346686;38.39859398934668;38.39859398934668;38.398593989346686;38.39859398934668;38.39859398934668;38.39859398934668;38.398593989346686;38.398593989346686;38.398593989346686;38.39859398934668;38.39859398934668;38.39859398934668;38.398593989346686;38.398593989346686;38.39859398934668;38.398593989346686;38.39859398934668;38.398593989346686;38.398593989346686;38.39859398934668;38.398593989346686;38.39859398934668;38.39859398934668;38.39859398934667;38.398593989346686,40.413828849522766,31.768785054692756;32.03232858704735;32.30028123928739;32.57275459257882;32.84986402514973;33.1317288751919;33.41847261222139;33.71022301741528;34.00711237347783;34.309277664628844;34.61686078734941;34.93000877256622;35.2488740200054;35.57361454550066;35.90439424209893;36.24138315587005;36.584757777395566;36.93470134998672;37.29140419576224;37.65506406080551;38.025886480715855;38.40408516797435;38.7898824226577;39.18350956815888;39.58520741370918;39.99522674564458;40.413828849522766
364,K_JVASP-31013_K2MgF4.json,6.3130881786346436,2.067835569381714;2.1009180545806885;2.3671603202819824;2.4024853706359863;2.5818073749542236;2.612025022506714;3.1979713439941406;3.4656777381896973;4.431483745574951;4.35084342956543;6.6695380210876465;7.532694339752197;5.084264516830444;5.899919748306274;9.640056848526001;11.25235629081726;14.468008995056152;12.973600387573242;8.82357382774353;7.903197526931763;7.86373233795166;6.1986083984375;7.027361869812012;6.680506706237793;6.269318580627441;5.621885299682617;5.977951526641846;5.519073486328125;6.602219820022583;6.5332958698272705;6.4901628494262695;6.235824346542358;6.5747339725494385;7.079375267028809;8.221374988555908;8.550330638885498,14.468008995056152,23.790304190698787,23.79030419069878;23.79030419069878;23.79030419069878;23.790304190698777;23.790304190698784;23.79030419069878;23.790304190698784;23.790304190698784;23.790304190698787;23.79030419069878;23.79030419069878;23.79030419069878;23.790304190698784;23.790304190698784;23.790304190698784;23.79030419069878;23.790304190698784;23.79030419069878;23.79030419069878;23.790304190698784;23.79030419069878;23.79030419069878;23.790304190698777;23.790304190698784;23.79030419069878;23.790304190698784;23.79030419069878;23.790304190698777;23.79030419069878;23.79030419069878;23.79030419069878;23.79030419069878;23.79030419069878;23.79030419069878;23.790304190698784;23.790304190698784,14.530696063411682,8.3417989948938;8.444561791445164;8.549888041318214;8.657874875331622;8.768624394203307;8.88224399053818;8.998846696177504;9.11855155727141;9.241484039690807;9.367776467681054;9.497568498981275;9.631007639995751;9.76824980501257;9.90945992392674;10.054812603448104;10.204492847367359;10.358696842127392;10.51763281471387;10.681521970753394;10.850599521706451;11.025115811185904;11.205337551743472;11.391549184974602;11.584054379529384;11.783177683623206;11.989266350962627;12.202692361695709;12.423854663129305;12.653181658609393;12.891133977232649;13.138207562066562;13.39493712044508;13.661899986853367;13.93972045713287;14.229074662490794;14.530696063411682
365,Na_JVASP-81311_Ba2NaMg.json,0.1333622932434082,-0.1417381763458252;0.4084627628326416,0.4084627628326416,134.30987635938172,134.30987635938172;134.3098763593817,43.16499597386244,41.62382950096288;43.16499597386244
366,Na_JVASP-136565_NaMgF.json,1.4317061305046082,0.5944063067436218;0.7330679297447205;0.9451678991317749;0.6511738300323486;0.787283182144165;1.0597524642944336;1.2600414752960205;2.0141706466674805;2.8097256422042847;1.1620999574661255;2.3264050483703613;2.837179183959961,2.837179183959961,55.72606933988634,55.726069339886315;55.72606933988632;55.72606933988632;55.72606933988634;55.72606933988632;55.72606933988632;55.72606933988633;55.72606933988632;55.72606933988634;55.72606933988632;55.72606933988633;55.72606933988633,49.39176113876068,33.690600352040846;34.69320327094603;35.757309658520605;36.88875787260954;38.09414937693079;39.38097763044738;40.75778401350491;42.23434764710677;43.82191802352313;45.53350215302451;47.38422173748256;49.39176113876068
367,Na_JVASP-50830_Na6MgO4.json,4.057661493619283,1.1196720600128174;1.2684500217437744;1.3889617919921875;1.3027701377868652;1.4027280807495117;1.3723945617675781;1.2934143543243408;1.2560813426971436;1.7933778762817383;2.0108089447021484;1.9031927585601807;2.1329448223114014;1.8005471229553223;2.4323620796203613;2.0141499042510986;2.3975446224212646;4.586085319519043;4.205360412597656;4.033436298370361;4.236668109893799;4.225841045379639;4.288136005401611;3.7886862754821777;3.934532642364502;4.0823798179626465;3.619764804840088;3.8711042404174805;3.4856061935424805;3.6846466064453125;3.1466641426086426;3.571528434753418;2.9972920417785645;3.2757928371429443;3.2180368900299072;3.226384162902832;3.2176504135131836;2.9561290740966797;2.970001220703125;3.1463706493377686;3.2311394214630127;3.9022927284240723;4.243702411651611;3.6381521224975586;4.131224632263184;3.35603404045105;3.8976471424102783;3.638823986053467;4.2184672355651855;4.178987503051758;4.358903884887695;4.263346195220947;4.216487407684326;3.945262908935547;3.9001927375793457;3.7770981788635254;4.13124942779541;3.911259651184082;4.357702255249023;3.760794162750244;3.954810619354248;4.1730005741119385;4.175973653793335;3.9567904472351074;3.938178539276123;3.8488121032714844;4.221011161804199;3.622025728225708;3.4572770595550537;3.757753372192383;4.0310282707214355;3.8904032707214355;3.43735408782959;3.2859764099121094;3.485039710998535;2.701439619064331;3.8494713306427;3.3533926010131836;3.5714330673217773;2.595702648162842;3.2146105766296387;6.567653656005859;6.362991809844971;5.96136212348938;5.824736833572388;5.996515274047852;6.450821876525879;6.164497971534729;6.684561133384705;5.407635450363159;6.016209125518799;5.634803295135498;5.87886643409729;9.107935786247253;11.83299696445465;12.227922677993774;17.178241968154907,17.178241968154907,18.93530570221903,18.935305702219022;18.935305702219022;18.935305702219022;18.935305702219022;18.935305702219026;18.935305702219022;18.935305702219026;18.935305702219026;18.935305702219022;18.935305702219022;18.93530570221902;18.935305702219022;18.935305702219022;18.935305702219026;18.935305702219022;18.935305702219022;18.935305702219026;18.935305702219022;18.935305702219022;18.935305702219022;18.935305702219022;18.935305702219022;18.93530570221903;18.935305702219022;18.935305702219026;18.935305702219022;18.93530570221902;18.935305702219022;18.935305702219026;18.935305702219022;18.935305702219022;18.935305702219026;18.935305702219026;18.935305702219022;18.935305702219022;18.935305702219022;18.935305702219026;18.935305702219026;18.935305702219026;18.935305702219022;18.935305702219026;18.935305702219022;18.935305702219026;18.935305702219026;18.935305702219022;18.935305702219026;18.935305702219022;18.935305702219022;18.935305702219022;18.935305702219026;18.935305702219026;18.935305702219026;18.935305702219022;18.935305702219022;18.935305702219022;18.935305702219022;18.935305702219026;18.935305702219022;18.935305702219026;18.935305702219022;18.935305702219026;18.935305702219026;18.935305702219022;18.935305702219022;18.935305702219022;18.935305702219026;18.935305702219022;18.935305702219022;18.935305702219022;18.935305702219022;18.935305702219022;18.935305702219022;18.935305702219022;18.935305702219026;18.935305702219026;18.935305702219022;18.935305702219022;18.935305702219026;18.935305702219026;18.935305702219022;18.935305702219026;18.935305702219022;18.935305702219026;18.935305702219022;18.935305702219022;18.935305702219022;18.93530570221902;18.935305702219022;18.935305702219026;18.935305702219022;18.935305702219026;18.935305702219022;18.935305702219026;18.935305702219022;18.935305702219022;18.935305702219022,18.666176219948973,7.404011599012657;7.451335114590243;7.49926746803107;7.547820484856153;7.5970062988333105;7.6468373620865755;7.697326455606118;7.748486700177271;7.8003315677483265;7.852874893257772;7.906130886942772;7.960114147151918;8.014839673686492;8.070322881695871;8.1265796161541;8.183626166946198;8.241479284594377;8.300156196656035;8.359674624827298;8.420052802787714;8.48130949482391;8.543464015272116;8.606536248821913;8.67054667172601;8.73551637396361;8.801467082407722;8.868421185049904;8.936401756339166;9.005432583695287;9.075538195260533;9.146743888957808;9.219075762927531;9.292560747420191;9.367226638226441;9.443102131731923;9.520216861689676;9.598601437809155;9.678287486267392;9.75930769225496;9.841695844676979;9.925486883137593;10.010716947345175;10.097423429085044;10.18564502691669;10.275421803763644;10.366795247576011;10.45980833525868;10.55450560007215;10.650933202728064;10.74913900641791;10.84917265603112;10.95108566183805;11.054931487934175;11.16076564576462;11.268645793072732;11.378631838643312;11.490786053240278;11.605173187170434;11.721860594939717;11.840918367506127;11.962419472675096;12.086439904228104;12.213058840425052;12.342358812575048;12.474425884429737;12.6093498432186;12.747224403217297;12.888147422818909;13.032221136164752;13.179552400486914;13.330252960420083;13.484439730656678;13.642235098447784;13.803767247594852;13.969170505734704;14.13858571689538;14.312160641494438;14.49005038616742;14.67241786605445;14.859434302441036;15.051279758948127;15.248143719800956;15.450225714080268;15.657735990279045;15.870896245958654;16.089940417827634;16.31511553816235;16.546682664160805;16.784917887580182;17.030113432867584;17.28257885296722;17.54264233309262;17.810652114010068;18.086978047812444;18.372013300799033;18.666176219948973
368,Li_JVASP-40070_Li2MgCd.json,0.6777584552764893,0.29560887813568115;0.2762809991836548;2.355199098587036;2.273583173751831;0.8244004249572754;0.8017926216125488;0.652050256729126;0.831343412399292;0.632781982421875;0.28074026107788086;0.35326290130615234;0.016771793365478516;0.21370530128479004;1.1875989437103271;0.03226757049560547;-0.18325233459472656,2.355199098587036,75.72622707104988,75.72622707104986;75.72622707104985;75.72622707104985;75.72622707104985;75.72622707104985;75.72622707104988;75.72622707104986;75.72622707104986;75.72622707104986;75.72622707104986;75.72622707104985;75.72622707104986;75.72622707104985;75.72622707104986;75.72622707104985;75.72622707104986,24.350173722627883,22.245880889114652;22.374786479623044;22.505194685298292;22.637131933493677;22.770625274941047;22.905702402240458;23.042391669011856;23.180722109736582;23.3207234603179;23.46242617939107;23.60586147041513;23.751061304579988;23.898058444564125;24.046886469180066;24.197579798946474;24.350173722627883
369,Li_JVASP-56203_BaLi2Mg2Ge2.json,0.633296549320221,0.6781455278396606;0.5884475708007812,0.6781455278396606,279.2720200550535,279.2720200550535;279.2720200550535,79.25727429518481,77.66316726826535;79.25727429518481
370,Li_JVASP-110218_Li2MgPb.json,0.9105597734451294,0.34592902660369873;0.32517337799072266;0.3633570075035095;0.7682258486747742;0.4350557327270508;0.2943384647369385;0.9371582269668579;1.12155020236969;0.7683385610580444;0.7856160402297974;0.8505699634552002;1.0911829471588135;0.9492350816726685;1.0624643564224243;2.3423168659210205;2.1284446716308594,2.3423168659210205,68.43819935431281,68.4381993543128;68.4381993543128;68.4381993543128;68.4381993543128;68.4381993543128;68.4381993543128;68.4381993543128;68.43819935431281;68.4381993543128;68.43819935431281;68.4381993543128;68.4381993543128;68.4381993543128;68.4381993543128;68.43819935431279;68.4381993543128,14.41729708970189,13.652659554658106;13.701103113562631;13.749891679985424;13.799028952732757;13.848518683673452;13.89836467869385;13.948570798673456;13.999140960481832;14.050079137997235;14.101389363147588;14.153075726974329;14.205142380719764;14.257593536938485;14.310433470633523;14.363666520417846;14.41729708970189
371,Ca_JVASP-93531_Ca2Mg.json,0.34385132789611816,2.184936046600342;0.9448714256286621;0.4929327964782715;1.2572221755981445;0.8055765628814697;0.11898446083068848;0.2905733585357666;-0.22652554512023926;-0.44109129905700684;2.626202344894409;2.1528329849243164;2.1323986053466797;1.1937618255615234;0.9795236587524414;0.9533047676086426;0.2863192558288574;0.2855243682861328;0.43323516845703125;0.2636752128601074;0.186187744140625;0.33993101119995117;0.5091733932495117;0.2532310485839844;-0.6209726333618164;-0.42731332778930664;-0.7780900001525879;-2.558936834335327;2.788614511489868;0.6708645820617676;-0.44722461700439453;-0.6074438095092773;-0.3984808921813965;-0.5847554206848145;-0.7632513046264648;-0.6087071895599365;-1.308436632156372,2.788614511489868,23.280924884944334,23.280924884944326;23.28092488494433;23.280924884944326;23.28092488494433;23.28092488494433;23.28092488494433;23.280924884944326;23.28092488494433;23.28092488494433;23.28092488494433;23.28092488494433;23.280924884944326;23.280924884944334;23.280924884944326;23.280924884944334;23.280924884944326;23.280924884944326;23.280924884944334;23.280924884944326;23.28092488494433;23.280924884944326;23.28092488494433;23.28092488494433;23.28092488494433;23.28092488494433;23.28092488494433;23.280924884944326;23.280924884944326;23.280924884944326;23.28092488494433;23.28092488494433;23.28092488494433;23.28092488494433;23.280924884944326;23.280924884944326;23.28092488494433,56.12076471017972,14.25384772047362;14.564281097429172;14.888537327117032;15.22756068024294;15.582383438650727;15.954136393844847;16.34406088503754;16.75352264670468;17.184027791135268;17.637241320134503;18.115008645458257;18.619380704378862;19.15264339113904;19.71735219506086;20.3163731525714;20.95293149795103;21.630669755951015;22.353717485571895;23.126775495525138;23.955218160189975;24.845218543437895;25.803902490816157;26.839539828588045;27.961783530492422;29.18197150462978;30.51351100146082;31.97237329394003;33.577737387885506;35.35283791238667;37.32609696604503;39.532657422895085;42.016494263985564;44.83337519966663;48.0550977922971;51.77569489788603;56.12076471017972
372,Li_JVASP-93173_RbLiMg6.json,0.5245881080627441,0.7625017166137695;0.28667449951171875,0.7625017166137695,85.21049806325816,85.21049806325816;85.21049806325816,57.08070757660023,56.249194843810315;57.08070757660023
373,Ca_JVASP-67307_CaMgBe.json,1.5688676834106445,0.46032118797302246;0.7923405170440674;1.6376287937164307;2.060699224472046;1.1420879364013672;1.399599552154541;2.3583940267562866;2.699870228767395,2.699870228767395,85.19775670360995,85.19775670360994;85.19775670360994;85.19775670360993;85.19775670360995;85.19775670360994;85.19775670360994;85.19775670360994;85.19775670360994,87.41073170528986,45.64584593766507;48.989749310041475;52.862313499662044;57.39966887085584;62.789072316660295;69.2953964035834;77.3059914955854;87.41073170528986
374,Li_JVASP-93164_NaLiMg6.json,0.5200099945068359,1.3206424713134766;0.5068717002868652;0.8541498184204102;0.33704423904418945;0.5529487133026123;0.17230963706970215;0.23693442344665527;0.17917895317077637,1.3206424713134766,29.546776843417263,29.54677684341726;29.546776843417256;29.546776843417263;29.546776843417256;29.54677684341726;29.546776843417263;29.546776843417263;29.54677684341726,19.74327665501641,19.061052041720384;19.155611753284724;19.251114342308483;19.34757398193794;19.445005130813787;19.543422540295964;19.64284126190912;19.74327665501641
375,Li_JVASP-15117_Li2MgTl.json,0.7591482400894165,0.41179943084716797;0.40027856826782227;0.7345964908599854;1.3458468914031982;0.5440487861633301;0.9394392967224121;0.9020675420761108;1.0250064134597778;0.5418157577514648;0.3051118850708008;0.3568599224090576;0.6351358890533447;0.8325653076171875;0.839930534362793;0.8157846927642822;1.5160844326019287,1.5160844326019287,73.23848581320372,73.23848581320372;73.23848581320371;73.23848581320372;73.23848581320372;73.23848581320372;73.23848581320372;73.23848581320372;73.23848581320372;73.23848581320372;73.23848581320372;73.23848581320372;73.23848581320372;73.23848581320372;73.23848581320372;73.23848581320371;73.23848581320372,14.594200389900147,13.81119275582744;13.86076993206173;13.910704318739688;13.960999790446094;14.011660278004786;14.06268976950275;14.11409231133667;14.165872009282527;14.218033029588803;14.270579600093962;14.323516011368774;14.37684661788417;14.430575839205272;14.484708161212328;14.539248137349194;14.594200389900147
376,Li_JVASP-108757_Li2MgCd.json,0.8342609405517578,0.29602503776550293;0.2139904499053955;0.5837850570678711;0.7550840377807617;0.47589707374572754;1.224355936050415;1.5428305864334106;0.9358733892440796;0.6475324630737305;0.4154791831970215;0.3089110851287842;0.6552121639251709;0.6287069320678711;0.5472607612609863;2.21468186378479;1.9025490283966064,2.21468186378479,73.01769139613465,73.01769139613462;73.01769139613462;73.01769139613462;73.01769139613464;73.01769139613462;73.01769139613464;73.01769139613464;73.01769139613464;73.01769139613464;73.01769139613465;73.01769139613462;73.01769139613464;73.01769139613462;73.01769139613464;73.01769139613462;73.01769139613464,24.350173722627883,22.245880889114652;22.374786479623044;22.505194685298292;22.637131933493677;22.770625274941047;22.905702402240458;23.042391669011856;23.180722109736582;23.3207234603179;23.46242617939107;23.60586147041513;23.751061304579988;23.898058444564125;24.046886469180066;24.197579798946474;24.350173722627883
377,Na_JVASP-139409_NaMg2P.json,-0.2991093397140503,-1.0734675526618958;-0.4895477890968323;-0.16147804260253906;0.055115580558776855;-0.18636846542358398;0.05131959915161133;-0.21656334400177002;-0.37188470363616943,0.055115580558776855,74.48823621460255,74.48823621460254;74.48823621460255;74.48823621460254;74.48823621460255;74.48823621460255;74.48823621460255;74.48823621460255;74.48823621460255,40.62924360228421,32.661302855935844;33.60272367727242;34.60002573813438;35.65833675709543;36.783431613569356;37.98183777048285;39.26096199902888;40.62924360228421
378,Na_JVASP-57186_NaMgBO3.json,4.091264247894287,1.3883414268493652;1.5526747703552246;1.5767822265625;1.7671003341674805;2.0711960792541504;2.0863184928894043;2.456017017364502;2.52681303024292;9.351671695709229;11.699649333953857;11.23550796508789;5.210826873779297;3.737478256225586;2.9875946044921875;3.0343070030212402;2.7779488563537598,11.699649333953857,46.043449107358946,46.04344910735894;46.04344910735894;46.043449107358946;46.043449107358946;46.04344910735894;46.04344910735893;46.04344910735894;46.04344910735893;46.04344910735893;46.04344910735894;46.04344910735894;46.04344910735894;46.04344910735894;46.04344910735893;46.04344910735893;46.04344910735893,19.811609382291728,15.787275409546718;16.004001695228297;16.226761202029014;16.45580941503899;16.69141645104061;16.933868121173948;17.183467087581967;17.44053412387714;17.705409490466923;17.97845443713716;18.260052846846197;18.55061303645871;18.85056973218278;19.160386239809494;19.48055683254111;19.811609382291728
379,Na_JVASP-91734_Na2MgPb.json,1.2588579654693604,0.631880521774292;0.36516475677490234;0.5912387371063232;0.46981334686279297;0.937396764755249;0.771773099899292;0.9650735855102539;0.4449644088745117;0.35678279399871826;1.8272532224655151;1.951798677444458;0.8506169319152832;1.9891726970672607;1.1199548244476318;3.1428263187408447;3.7260167598724365,3.7260167598724365,48.424918792339774,48.424918792339774;48.42491879233977;48.42491879233976;48.42491879233977;48.42491879233976;48.42491879233977;48.42491879233977;48.42491879233977;48.42491879233977;48.42491879233977;48.42491879233977;48.42491879233977;48.42491879233977;48.42491879233976;48.42491879233977;48.42491879233977,14.293896449122894,12.073412044954297;12.199756738857765;12.3287737172991;12.460548667671992;12.595170980396489;12.732733951139117;12.873334996431026;13.017075883731438;13.164062977078132;13.31440749957118;13.46822581405113;13.625639723460258;13.786776792516294;13.951770692484011;14.120761571003113;14.293896449122894
380,Na_JVASP-69152_BaNa2Mg.json,0.6172780990600586,0.5046498775482178;0.012847661972045898;2.0636048316955566;-0.19322490692138672;0.5710124969482422;0.8840885162353516;-0.18692398071289062;1.282170295715332,2.0636048316955566,72.41773724953971,72.4177372495397;72.41773724953968;72.4177372495397;72.41773724953971;72.4177372495397;72.4177372495397;72.4177372495397;72.4177372495397,40.03102320933684,32.27359320561733;33.19248179880181;34.16522873682617;35.19671213618546;36.2924175540529;37.45853557719391;38.70207884933946;40.03102320933684
381,Li_JVASP-55017_LiMgSbPt.json,0.4023904800415039,0.287128210067749;0.40082430839538574;0.5646727085113525;0.5779249668121338;0.3634977340698242;0.2286367416381836;0.4199209213256836;0.37651824951171875,0.5779249668121338,79.64346859462964,79.64346859462962;79.64346859462962;79.64346859462962;79.64346859462961;79.64346859462961;79.64346859462964;79.64346859462962;79.64346859462962,9.795386905940285,9.624479790108559;9.64852904464722;9.67269878683312;9.696989924411477;9.721403374268979;9.745940062549153;9.770600924769477;9.795386905940285
382,Li_JVASP-139342_LiMgP.json,0.999664306640625,1.125777244567871;0.9351963996887207;1.070392370223999;0.7844374179840088;1.0245176553726196;0.6728986501693726;0.9647070169448853;0.48372066020965576;1.4697420597076416;1.2232086658477783;0.974753737449646;0.534770131111145;1.3206241130828857;0.9757897853851318;1.505540132522583;0.9285528659820557,1.505540132522583,50.44823893708286,50.448238937082856;50.448238937082856;50.448238937082856;50.44823893708286;50.448238937082856;50.448238937082856;50.44823893708286;50.448238937082856;50.448238937082856;50.448238937082856;50.448238937082856;50.448238937082856;50.448238937082856;50.44823893708286;50.44823893708286;50.44823893708286,30.06668781873371,26.922195315845862;27.111221865570656;27.30292157662649;27.497351557484883;27.694570555011577;27.8946390136462;28.09761913716569;28.303574953164087;28.512572380389123;28.724679299084272;28.939965624494075;29.158503383699838;29.380366795963145;29.60563235676545;29.834378925743597;30.06668781873371
383,Li_JVASP-154310_Li2MgIr.json,1.3312010765075684,0.9218904972076416;0.3511226177215576;0.2475435733795166;0.39421629905700684;0.2515745162963867;0.38323450088500977;0.3449711799621582;0.22785091400146484;0.1608269214630127;0.3103935718536377;0.27654576301574707;0.15877938270568848;0.32990145683288574;0.24902749061584473;0.14720535278320312;0.1695413589477539;5.993051290512085;5.655164003372192;2.9426379203796387;1.5970406532287598;5.519267559051514;6.102767705917358;1.11982262134552;1.3999353647232056;1.8960589170455933;2.1479512453079224;1.229770541191101;1.0737797021865845;1.2760515213012695;1.071272373199463;0.9708178043365479;0.9481265544891357;0.4332301616668701;1.942969560623169;1.2578626871109009;1.364996314048767;0.9444749355316162;1.0773866176605225;1.275747537612915;1.0284931659698486;0.3226325511932373;1.7926576137542725;0.4803488254547119;0.942366361618042;0.38402867317199707;0.6401548385620117;0.2712697982788086;1.1250946521759033;1.2867954969406128;1.5278743505477905;1.499970555305481;1.4288526773452759;2.341964602470398;2.1932708024978638;1.391043782234192;1.024210810661316;1.0042273998260498;0.3026571273803711;0.8157370090484619;2.505237579345703;0.44743311405181885;2.7393373250961304;1.626295804977417;1.9101049900054932,6.102767705917358,23.660535475507082,23.660535475507075;23.66053547550708;23.660535475507075;23.66053547550708;23.66053547550708;23.66053547550708;23.66053547550708;23.66053547550708;23.660535475507075;23.66053547550708;23.66053547550708;23.660535475507082;23.660535475507075;23.660535475507075;23.66053547550708;23.66053547550708;23.660535475507082;23.660535475507082;23.660535475507075;23.66053547550708;23.66053547550708;23.66053547550708;23.66053547550708;23.66053547550708;23.66053547550708;23.660535475507075;23.660535475507075;23.66053547550708;23.66053547550708;23.66053547550708;23.66053547550708;23.660535475507075;23.66053547550708;23.66053547550708;23.66053547550708;23.66053547550708;23.660535475507075;23.66053547550708;23.66053547550708;23.66053547550708;23.660535475507082;23.66053547550708;23.660535475507075;23.660535475507075;23.660535475507075;23.66053547550708;23.66053547550708;23.660535475507075;23.660535475507075;23.66053547550708;23.66053547550708;23.66053547550708;23.660535475507075;23.660535475507082;23.660535475507075;23.660535475507075;23.66053547550708;23.66053547550708;23.66053547550708;23.66053547550708;23.66053547550708;23.660535475507075;23.660535475507075;23.66053547550708,3.864309860310196,3.635120451618558;3.638545840647167;3.6419776912810584;3.645416021821112;3.6488608506373863;3.652312196169442;3.65577007692667;3.6592345114886253;3.662705518505358;3.6661831166977485;3.6696673248578437;3.6731581618491944;3.676655646607198;3.6801597981394396;3.683670635526037;3.687188177919986;3.690712444547509;3.6942434547084058;3.6977812277764053;3.7013257831995205;3.7048771405004057;3.708435319276711;3.712000339201447;3.7155722200233474;3.7191509815672283;3.7227366437343634;3.726329226502845;3.7299287499279603;3.7335352341425616;3.7371486993574425;3.7407691658617166;3.7443966540231957;3.7480311842887732;3.7516727771848064;3.7553214533175043;3.7589772333733156;3.762640138119321;3.7663101884036245;3.7699874051557507;3.7736718093870403;3.7773634221910526;3.7810622647439676;3.78476835830499;3.788481724216758;3.792202383905751;3.7959303588827025;3.799665670743016;3.80340834116718;3.8071583919211887;3.810915844856964;3.8146807219127785;3.8184530451136847;3.8222328365719416;3.8260201184874507;3.8298149131481862;3.8336172429306363;3.8374271303002407;3.8412445978118313;3.8450696681100816;3.8489023639299527;3.8527427080971415;3.8565907235285377;3.8604464332326756;3.864309860310196
384,Ca_JVASP-93525_CaMg2.json,0.25055837631225586,1.0878028869628906;0.8351125717163086;0.7696490287780762;0.25796079635620117;0.7266678810119629;0.43366479873657227;0.29930830001831055;-0.18473291397094727;-0.7126514911651611;2.721996545791626;2.1406404972076416;1.5799753665924072;0.7552978992462158;0.05830788612365723;-0.32238173484802246;-1.072636365890503;-1.1109578609466553;-3.7529733180999756,2.721996545791626,28.272037739759543,28.272037739759536;28.272037739759543;28.272037739759536;28.27203773975954;28.27203773975954;28.27203773975954;28.272037739759543;28.27203773975954;28.272037739759543;28.272037739759536;28.272037739759543;28.272037739759536;28.27203773975954;28.272037739759543;28.272037739759536;28.27203773975954;28.272037739759536;28.27203773975954,29.289379865660003,16.788868693942753;17.22121572564207;17.676418956193334;18.156340047495924;18.663048483022514;19.198851399870705;19.766328711447542;20.368374648787395;21.008247131992782;21.68962674952869;22.416687599833313;23.194182875254306;24.02754889614855;24.923032408483692;25.887847448943013;26.930370112469387;28.06038235508986;29.289379865660003
385,Na_JVASP-79047_NaMg3.json,0.8384883403778076,-0.04598188400268555;0.03263044357299805;1.2365970611572266;3.0044727325439453;0.3610687255859375;0.7352571487426758;0.6877565383911133;0.69610595703125,3.0044727325439453,56.092349565771514,56.092349565771514;56.092349565771514;56.092349565771514;56.09234956577151;56.092349565771514;56.09234956577151;56.092349565771514;56.0923495657715,44.20427101634563,34.932414678542344;36.011473995407556;37.15932229917666;38.38275400555105;39.68948878945997;41.0883346376808;42.5893866415981;44.20427101634563
386,K_JVASP-140430_KMg3AlSi3H2O12.json,2.859304428100586,2.4044647216796875;2.597344398498535;2.972154140472412;3.463254451751709,3.463254451751709,44.91208624151449,44.91208624151448;44.91208624151449;44.91208624151448;44.91208624151449,17.27183161466844,16.05802147725298;16.44321397368752;16.84734028985442;17.27183161466844
387,Na_JVASP-93057_NaHfMg6.json,0.4658811092376709,1.3939656019210815;0.7075091600418091;0.9093286991119385;0.2305757999420166;0.4630260467529297;0.09248661994934082;-0.06035006046295166;-0.009492993354797363,1.3939656019210815,30.122826118436326,30.12282611843632;30.122826118436326;30.122826118436322;30.122826118436326;30.122826118436322;30.122826118436326;30.122826118436326;30.122826118436326,10.23914871673416,9.646101165205003;9.726581141622258;9.808415348251287;9.89163825640245;9.976285517333013;10.062394013169646;10.150001910491033;10.23914871673416
388,Li_JVASP-143594_LiMg16Al12.json,0.45110487937927246,0.45110487937927246,0.45110487937927246,77.30705085034786,77.30705085034786,37.24499910259398,37.24499910259398
389,Li_JVASP-93169_SrLiMg6.json,0.28261542320251465,0.462599515914917;0.3483598232269287;0.4679849147796631;0.3587367534637451;0.11773562431335449;0.13988661766052246;0.16869592666625977;0.19692420959472656,0.4679849147796631,26.400909565230762,26.400909565230762;26.40090956523076;26.40090956523076;26.400909565230762;26.400909565230762;26.400909565230762;26.40090956523076;26.40090956523076,14.29762345081335,13.936400156989608;13.986881948949195;14.037730790642541;14.088950699867326;14.140545753275418;14.192520087454513;14.244877900033648;14.29762345081335
390,Li_JVASP-93159_LiMg6Cd.json,0.7030205726623535,1.0866858959197998;0.858590841293335;0.7115998268127441;0.6272659301757812;0.6407821178436279;0.5662801265716553;0.5208754539489746;0.6120843887329102,1.0866858959197998,32.01407082221279,32.01407082221279;32.01407082221279;32.01407082221279;32.01407082221279;32.01407082221279;32.01407082221279;32.01407082221279;32.01407082221279,12.929655159641595,12.633531575065007;12.675001766887968;12.716745111256408;12.75876431585675;12.801062124281465;12.843641316626233;12.886504710099052;12.929655159641595
391,Li_JVASP-143107_LiMg8Si4.json,0.04210197925567627,-0.06653451919555664;-0.04191708564758301;0.07759547233581543;0.12281227111816406;-0.003717780113220215;0.06174492835998535;0.039059996604919434;0.14777255058288574,0.14777255058288574,21.357971622480136,21.35797162248013;21.357971622480132;21.357971622480132;21.35797162248013;21.357971622480132;21.357971622480132;21.357971622480136;21.357971622480132,10.889612396370996,10.67879999279265;10.708414934980384;10.738194593021325;10.768140344951613;10.79825358422217;10.828535719914843;10.858988176962193;10.889612396370996
392,Li_JVASP-136924_LiMgSb.json,0.48992371559143066,0.4736936092376709;0.27463650703430176;0.633582592010498;0.48433351516723633;0.24886631965637207;0.40823817253112793;0.6866966485977173;0.3690227270126343;0.3987869620323181;1.0284094214439392;0.34389710426330566;0.5289210081100464,1.0284094214439392,49.76634424694134,49.76634424694134;49.76634424694133;49.76634424694134;49.76634424694133;49.76634424694134;49.76634424694132;49.76634424694134;49.76634424694134;49.76634424694134;49.76634424694133;49.76634424694134;49.76634424694134,15.23052879468456,14.597184294031557;14.652576202093293;14.708390102629862;14.764630836381736;14.82130331841208;14.878412539538642;14.935963567798899;14.99396154994929;15.052411712999572;15.111319365783158;15.170689900564517;15.23052879468456
393,Li_JVASP-96563_Li2MgMn3O8.json,4.230054140090942,4.329261064529419;4.0569212436676025;4.206401109695435;4.118616342544556;4.385232210159302;4.024627923965454;4.362340211868286;4.357033014297485,4.385232210159302,80.37570259818051,80.3757025981805;80.37570259818048;80.3757025981805;80.3757025981805;80.37570259818051;80.3757025981805;80.3757025981805;80.3757025981805,21.014204363094205,20.243034836859376;20.349718340622537;20.457532274599885;20.5664947017354;20.676624071866545;20.78793923213869;20.9004594377578;21.014204363094205
394,Na_JVASP-136568_NaMgF2.json,1.9558982849121094,0.21000957489013672;0.4423518180847168;1.4925575256347656;1.440727710723877;1.1716125011444092;1.2477691173553467;1.6888506412506104;1.6626694202423096;2.6124789714813232;2.6573517322540283;3.15055775642395;3.1369006633758545;1.891991376876831;2.1272270679473877;1.0868885517120361;1.0626513957977295;3.9966230392456055;4.126950263977051,4.126950263977051,43.1067743776285,43.1067743776285;43.1067743776285;43.1067743776285;43.1067743776285;43.10677437762848;43.10677437762848;43.10677437762849;43.10677437762849;43.10677437762849;43.10677437762849;43.10677437762849;43.1067743776285;43.1067743776285;43.10677437762849;43.1067743776285;43.1067743776285;43.10677437762849;43.10677437762849,23.41922358955908,17.457423841186504;17.722816379341296;17.996402620504973;18.278567971550444;18.569722395522906;18.870302399040146;19.180773215883573;19.501631209753313;19.833406522287344;20.176665996058393;20.532016406448882;20.900108041166177;21.281638671821288;21.677357968602294;22.088072416808814;22.514650803093172;22.958030349942778;23.41922358955908
395,Na_JVASP-77339_NaMg2Cd.json,0.506152868270874,0.390688419342041;0.26293230056762695;0.6274197101593018;0.7435710430145264,0.7435710430145264,102.24120380782999,102.24120380782998;102.24120380782999;102.24120380782999;102.24120380782999,40.17768737937192,36.412924996156924;37.58692522204107;38.839150112233845;40.17768737937192
396,Li_JVASP-94408_LiMg5.json,0.717827558517456,1.4486851692199707;0.6905431747436523;0.779088020324707;0.4483304023742676;0.6654834747314453;0.3637356758117676;0.7827057838439941;0.5640487670898438,1.4486851692199707,41.856700810919676,41.85670081091967;41.856700810919676;41.85670081091966;41.85670081091966;41.85670081091967;41.85670081091966;41.85670081091967;41.85670081091967,27.372443152836116,26.0783800393792;26.25570404120655;26.435456036825226;26.6176862376402;26.80244624917608;26.98978911979995;27.179769391502035;27.372443152836116
397,K_JVASP-93184_KMg6Cr.json,0.10804331302642822,0.30512309074401855;0.8155162334442139;0.27994799613952637;0.37842822074890137;-0.25130343437194824;-0.15735363960266113;-0.4401090145111084;-0.0659029483795166,0.8155162334442139,26.89245221889268,26.89245221889268;26.89245221889268;26.892452218892675;26.89245221889268;26.89245221889268;26.892452218892675;26.89245221889267;26.89245221889268,16.526709022308104,14.14031298650071;14.43814368332518;14.748790452023853;15.073098722896065;15.411989958097294;15.766470395417759;16.13764102712522;16.526709022308104
398,Na_JVASP-40812_NaMgP.json,0.8850160837173462,-0.36129915714263916;0.09087526798248291;0.4119654893875122;0.5439404249191284;1.139912486076355;1.262029767036438;0.872026801109314;3.1206775903701782,3.1206775903701782,88.13587898264922,88.1358789826492;88.1358789826492;88.1358789826492;88.1358789826492;88.1358789826492;88.13587898264922;88.1358789826492;88.1358789826492,57.61035450405844,42.80373114647884;44.43522259432263;46.19601302438701;48.10210745881035;50.172266136682694;52.42862405508534;54.89748555508537;57.61035450405844
399,Li_JVASP-115699_LiMgBr.json,1.7090609073638916,0.6866538524627686;0.9465204477310181;1.861812710762024;1.5947041511535645;1.6408029794692993;1.6931198835372925;2.4547908306121826;2.7940824031829834,2.7940824031829834,74.14522778493331,74.1452277849333;74.1452277849333;74.1452277849333;74.14522778493331;74.1452277849333;74.1452277849333;74.1452277849333;74.1452277849333,31.883258242629022,30.141117140250913;30.37824647990115;30.61913654364598;30.863877510702277;31.11256246675448;31.365287521999672;31.622151934993063;31.883258242629022
400,Na_JVASP-50034_Na6MgO4.json,3.7883410652478537,0.9815316200256348;0.9686479568481445;0.9973735809326172;1.0181670188903809;0.9877510070800781;1.0000200271606445;0.8342361450195312;0.9139080047607422;2.120450496673584;2.0205397605895996;2.036254405975342;2.051644802093506;2.1608428955078125;2.4138431549072266;1.8480699062347412;2.022146463394165;1.721299648284912;2.5000710487365723;1.9667558670043945;2.633498191833496;1.9685766696929932;2.894078016281128;2.0749547481536865;3.0063679218292236;6.099999904632568;6.221996784210205;5.925055027008057;6.234172344207764;5.3170166015625;5.207524299621582;4.574486017227173;4.643770933151245;3.9326376914978027;4.2368903160095215;3.702023506164551;3.9503889083862305;3.756439447402954;4.152635335922241;3.675457000732422;3.822628974914551;2.8547844886779785;3.1479973793029785;2.8382441997528076;2.951678514480591;2.6174731254577637;3.348421573638916;2.843702793121338;3.409456729888916;4.652092933654785;4.796851634979248;4.7626917362213135;5.266637086868286;4.157731533050537;3.909449577331543;4.528562068939209;4.523885726928711;4.633101463317871;4.5512261390686035;4.20216703414917;4.200814247131348;4.1932594776153564;3.983492612838745;4.029919147491455;3.840646266937256;3.5655384063720703;4.221518039703369;3.2789249420166016;3.6774020195007324;3.800198793411255;4.056228399276733;2.5947680473327637;3.5527777671813965;3.9278347492218018;4.11028265953064;4.455772876739502;5.038963794708252;3.7603697776794434;3.720710277557373;3.4603171348571777;3.600867748260498;4.782124161720276;5.316129088401794;5.6168458461761475;6.212777853012085;4.454771041870117;4.646812438964844;5.71336030960083;6.0352277755737305;5.0461695194244385;7.559415578842163;4.6476486921310425;7.633715748786926;4.395485043525696;7.2915321588516235;3.9589645862579346;6.7088470458984375,7.633715748786926,18.41186845410158,18.411868454101576;18.411868454101576;18.411868454101576;18.411868454101576;18.41186845410158;18.411868454101576;18.411868454101576;18.411868454101576;18.411868454101572;18.411868454101576;18.411868454101572;18.411868454101576;18.411868454101572;18.41186845410158;18.411868454101576;18.411868454101576;18.411868454101576;18.411868454101572;18.411868454101576;18.411868454101576;18.411868454101576;18.41186845410158;18.41186845410158;18.41186845410158;18.41186845410158;18.411868454101576;18.411868454101576;18.411868454101576;18.41186845410158;18.41186845410158;18.411868454101576;18.411868454101576;18.41186845410158;18.411868454101576;18.41186845410158;18.411868454101576;18.41186845410158;18.411868454101576;18.41186845410158;18.411868454101576;18.411868454101576;18.411868454101576;18.41186845410158;18.411868454101576;18.411868454101576;18.41186845410158;18.411868454101576;18.411868454101576;18.411868454101572;18.41186845410158;18.411868454101576;18.41186845410158;18.411868454101576;18.411868454101576;18.411868454101576;18.411868454101576;18.41186845410158;18.411868454101576;18.41186845410158;18.411868454101576;18.41186845410158;18.411868454101576;18.411868454101572;18.411868454101576;18.411868454101576;18.411868454101576;18.411868454101576;18.411868454101576;18.411868454101576;18.411868454101576;18.411868454101576;18.41186845410158;18.41186845410158;18.41186845410158;18.411868454101576;18.411868454101576;18.411868454101576;18.41186845410158;18.411868454101576;18.41186845410158;18.411868454101576;18.411868454101576;18.41186845410158;18.41186845410158;18.411868454101576;18.411868454101572;18.411868454101572;18.411868454101572;18.411868454101576;18.41186845410158;18.41186845410158;18.41186845410158;18.41186845410158;18.411868454101576;18.411868454101576;18.411868454101576,18.666176219948973,7.404011599012657;7.451335114590243;7.49926746803107;7.547820484856153;7.5970062988333105;7.6468373620865755;7.697326455606118;7.748486700177271;7.8003315677483265;7.852874893257772;7.906130886942772;7.960114147151918;8.014839673686492;8.070322881695871;8.1265796161541;8.183626166946198;8.241479284594377;8.300156196656035;8.359674624827298;8.420052802787714;8.48130949482391;8.543464015272116;8.606536248821913;8.67054667172601;8.73551637396361;8.801467082407722;8.868421185049904;8.936401756339166;9.005432583695287;9.075538195260533;9.146743888957808;9.219075762927531;9.292560747420191;9.367226638226441;9.443102131731923;9.520216861689676;9.598601437809155;9.678287486267392;9.75930769225496;9.841695844676979;9.925486883137593;10.010716947345175;10.097423429085044;10.18564502691669;10.275421803763644;10.366795247576011;10.45980833525868;10.55450560007215;10.650933202728064;10.74913900641791;10.84917265603112;10.95108566183805;11.054931487934175;11.16076564576462;11.268645793072732;11.378631838643312;11.490786053240278;11.605173187170434;11.721860594939717;11.840918367506127;11.962419472675096;12.086439904228104;12.213058840425052;12.342358812575048;12.474425884429737;12.6093498432186;12.747224403217297;12.888147422818909;13.032221136164752;13.179552400486914;13.330252960420083;13.484439730656678;13.642235098447784;13.803767247594852;13.969170505734704;14.13858571689538;14.312160641494438;14.49005038616742;14.67241786605445;14.859434302441036;15.051279758948127;15.248143719800956;15.450225714080268;15.657735990279045;15.870896245958654;16.089940417827634;16.31511553816235;16.546682664160805;16.784917887580182;17.030113432867584;17.28257885296722;17.54264233309262;17.810652114010068;18.086978047812444;18.372013300799033;18.666176219948973
401,K_JVASP-94805_KMg6Sn.json,0.31937408447265625,0.2896304130554199;0.2806205749511719;0.5066473484039307;0.34329819679260254;0.39426708221435547;0.13936614990234375;0.37906956672668457;0.2220933437347412,0.5066473484039307,24.80541140957915,24.80541140957915;24.80541140957915;24.805411409579143;24.805411409579147;24.80541140957915;24.805411409579147;24.805411409579147;24.805411409579147,12.434468688101568,11.033473610341282;11.213970932195213;11.400472004970633;11.593281442328284;11.792724819440972;11.99915050759695;12.21293170491903;12.434468688101568
402,Na_JVASP-80932_NaMgCd2.json,0.1452023983001709,0.03296661376953125;0.04828166961669922;0.22518324851989746;0.27437806129455566,0.27437806129455566,102.48657709655814,102.48657709655814;102.48657709655814;102.48657709655812;102.48657709655812,26.28890633084869,24.623143799650574;25.15443657401272;25.70916233505515;26.28890633084869
403,Na_JVASP-139678_NaMgAs.json,0.9063944816589355,0.9423153400421143;0.9050202369689941;0.6518759727478027;0.6495649814605713;0.7291258573532104;0.6251653432846069;0.9241297245025635;0.7242136001586914;1.2884470224380493;1.2206414937973022;1.1342360973358154;0.7178928852081299;1.4695347547531128;0.6855055093765259;1.13316810131073;0.7014747858047485,1.4695347547531128,40.458858926929146,40.458858926929146;40.45885892692914;40.45885892692914;40.45885892692914;40.45885892692914;40.45885892692914;40.45885892692914;40.458858926929146;40.458858926929146;40.458858926929146;40.45885892692914;40.45885892692914;40.45885892692914;40.458858926929146;40.45885892692914;40.458858926929146,16.640522543313548,13.705959315742524;13.869013072657452;14.035993095989667;14.207042928246102;14.382313195387614;14.561962049224594;14.746155643387587;14.935068645883899;15.128884791563651;15.327797478168351;15.53201041002658;15.741738293900374;15.957207591979149;16.178657337572655;16.406340019679565;16.640522543313548
404,Ca_JVASP-91877_CaMg7.json,0.6225647926330566,1.5556669235229492;0.869715690612793;0.6853554248809814;0.44241786003112793;0.37334156036376953;0.3606991767883301;0.3146979808807373;0.37862372398376465,1.5556669235229492,27.846861251927464,27.846861251927457;27.846861251927454;27.846861251927464;27.846861251927457;27.846861251927457;27.846861251927457;27.84686125192746;27.846861251927464,19.128093591951167,15.93709794417514;16.326179873558964;16.734734994587182;17.164262753117963;17.616420594502344;18.093045337525407;18.59617811455661;19.128093591951167
405,Li_JVASP-7724_LiMgSnPt.json,0.5122194290161133,0.2648742198944092;0.4481844902038574;0.5390045642852783;0.7429618835449219;0.4970419406890869;0.6787698268890381;0.688959002494812;0.23795950412750244,0.7429618835449219,81.53174107890155,81.53174107890155;81.53174107890155;81.53174107890155;81.53174107890153;81.53174107890153;81.53174107890155;81.53174107890155;81.53174107890153,9.883525170476263,9.709555906964088;9.734032750707806;9.758633313809053;9.783358536662428;9.808209369217359;9.833186771099774;9.858291711735614;9.883525170476263
406,Li_JVASP-143579_Li2MgCo3O8.json,4.269972085952759,4.405651807785034;4.356727361679077;4.399230718612671;4.328789472579956;4.106005907058716;3.9594318866729736;4.031006574630737;3.8722951412200928;4.247589826583862;4.333460569381714;4.206895589828491;4.415969610214233;4.404743432998657;4.5751259326934814;4.243703126907349;4.432926416397095,4.5751259326934814,41.654010480828966,41.65401048082896;41.65401048082896;41.65401048082896;41.654010480828966;41.65401048082895;41.65401048082895;41.65401048082895;41.65401048082896;41.65401048082896;41.65401048082895;41.65401048082896;41.65401048082896;41.65401048082895;41.65401048082895;41.65401048082896;41.65401048082895,10.153078966613366,9.76782242281143;9.792594291153833;9.817492125272096;9.842516888425576;9.867669553720104;9.892951104234136;9.91836253314682;9.943904843868067;9.96957905017062;9.995386176324168;10.021327257231588;10.047403338567257;10.073615476917576;10.099964739923667;10.12645220642635;10.153078966613366
407,Na_JVASP-116668_NaSrMg2F7.json,3.7530548572540283,2.938063859939575;3.0218942165374756;3.158684492111206;3.2132503986358643;2.927589178085327;3.0242063999176025;3.207627773284912;3.242928981781006;3.7664389610290527;3.674867630004883;4.611452102661133;4.784821033477783;3.9283947944641113;3.676896095275879;5.093905210494995;5.7778565883636475,5.7778565883636475,19.457918211552013,19.457918211552013;19.457918211552006;19.457918211552006;19.45791821155201;19.457918211552013;19.45791821155201;19.45791821155201;19.45791821155201;19.45791821155201;19.457918211552006;19.457918211552013;19.457918211552013;19.457918211552006;19.457918211552013;19.45791821155201;19.457918211552013,6.189016859450997,5.732523384883398;5.760850887163302;5.789459742819541;5.8183541644436705;5.8475384491470095;5.877016980691032;5.906794231682533;5.936874765835866;5.967263240304662;5.997964408085519;6.028983120496278;6.060324329731609;6.091993091498705;6.123994567736071;6.156334029418429;6.189016859450997
408,Li_JVASP-21668_Li2MgSiO4.json,4.631150484085083,2.74407696723938;5.0822765827178955;6.154212236404419;9.51904034614563;3.935807943344116;3.1337878704071045;2.9219467639923096;2.9319183826446533;4.041414499282837;4.031300783157349;3.956650972366333;4.362018823623657;5.221399545669556;5.2935545444488525;5.17511773109436;5.593883752822876,9.51904034614563,65.5849909746188,65.5849909746188;65.58499097461879;65.58499097461879;65.58499097461879;65.58499097461879;65.58499097461879;65.58499097461878;65.58499097461879;65.58499097461878;65.58499097461879;65.58499097461879;65.5849909746188;65.58499097461879;65.58499097461879;65.5849909746188;65.58499097461879,28.571612773183475,25.717222679178793;25.889652961729585;26.064411092702784;26.2415445321921;26.421102039272117;26.6031337167458;26.78769105775458;26.974826994342155;27.164595948068126;27.357053882773243;27.55225835960362;27.750268594407625;27.951145517625676;28.154951836800134;28.36175210184006;28.571612773183475
409,Li_JVASP-40798_LiMgP.json,0.6698048114776611,-0.9162595272064209;-0.1894838809967041;0.12709760665893555;-0.032338619232177734;0.4425652027130127;0.8589231967926025;1.6204736232757568;3.447460889816284,3.447460889816284,102.31612880949788,102.31612880949788;102.31612880949787;102.31612880949788;102.31612880949787;102.31612880949787;102.31612880949787;102.31612880949788;102.31612880949788,59.66875785148719,53.844390631691724;54.60584315325298;55.389141110023154;56.19523827433138;57.02514476077825;57.87993124898815;58.76073359192629;59.66875785148719
410,Li_JVASP-139341_LiMgP.json,1.071887731552124,0.8977401256561279;1.1942918300628662;0.9449102878570557;0.8415892124176025;0.11232686042785645;0.27690672874450684;2.058146834373474;2.2491899728775024,2.2491899728775024,72.39262602650406,72.39262602650406;72.39262602650405;72.39262602650406;72.39262602650405;72.39262602650405;72.39262602650405;72.39262602650406;72.39262602650406,59.66875785148719,53.844390631691724;54.60584315325298;55.389141110023154;56.19523827433138;57.02514476077825;57.87993124898815;58.76073359192629;59.66875785148719
411,Ca_JVASP-105726_Ca2MgCd.json,1.2242894172668457,0.4077491760253906;0.6220183372497559;1.857374668121338;3.3406944274902344;1.4670414924621582;2.0420546531677246;2.014981985092163;1.9456312656402588;0.23441076278686523;0.2554917335510254;0.24855828285217285;0.318958044052124;0.8640799522399902;2.1482748985290527;0.5777850151062012;1.2435259819030762,3.3406944274902344,48.47096172344116,48.47096172344115;48.47096172344115;48.47096172344115;48.47096172344114;48.47096172344116;48.47096172344114;48.47096172344116;48.47096172344115;48.47096172344115;48.47096172344114;48.47096172344115;48.47096172344116;48.47096172344114;48.47096172344116;48.47096172344115;48.47096172344115,23.638507258835382,15.447753375903245;15.813034979751647;16.19601005614575;16.597996064455565;17.020444590789598;17.46495886259298;17.933314081363974;18.427481117077555;18.94965423113278;19.502283650211755;20.08811401106817;20.71022994897769;21.37211042798564;22.077693833176912;22.83145639697884;23.638507258835382
412,K_JVASP-90451_KMg6Nb.json,-0.15822982788085938,0.17674946784973145;0.3447573184967041;0.14790654182434082;0.05844998359680176;-0.17314600944519043;-0.46391892433166504;-0.5330612659454346;-0.8235757350921631,0.3447573184967041,29.64354269809291,29.6435426980929;29.643542698092908;29.643542698092904;29.64354269809291;29.643542698092904;29.643542698092904;29.643542698092908;29.643542698092904,13.751476629990757,12.058196515060283;12.274105788128711;12.497888002166116;12.72998177381632;12.970858917798797;13.221027648362197;13.481036158502103;13.751476629990757
413,Na_JVASP-140315_Na2MgGeO4.json,4.200436115264893,2.126277446746826;2.0437979698181152;2.115766763687134;2.144975423812866;2.5981674194335938;2.806774139404297;3.3036768436431885;3.789177656173706;9.463644981384277;6.654886722564697;4.714778423309326;4.646441459655762;4.601758718490601;4.91942286491394;5.556944370269775;5.720486640930176,9.463644981384277,51.2938928273659,51.2938928273659;51.2938928273659;51.29389282736589;51.2938928273659;51.293892827365895;51.293892827365895;51.293892827365895;51.2938928273659;51.293892827365895;51.293892827365895;51.293892827365895;51.29389282736589;51.293892827365895;51.29389282736589;51.29389282736589;51.293892827365895,20.450863176610778,16.19055937394275;16.418579535323996;16.65311409811769;16.894446276864414;17.142875944571777;17.398720875791884;17.662318102697277;17.93402539632363;18.21422288666823;18.503314837071414;18.801731590298644;19.10993170602497;19.42840431205033;19.757671694601434;20.098292156573066;20.450863176610778
414,Li_JVASP-93167_LiMg6Nb.json,0.7908538579940796,1.7184526920318604;0.9737164974212646;1.1205787658691406;0.6809892654418945;0.7248446941375732;0.5783529281616211;0.33728504180908203;0.1926109790802002,1.7184526920318604,33.34231131482975,33.34231131482974;33.34231131482975;33.34231131482974;33.34231131482974;33.342311314829736;33.34231131482974;33.34231131482974;33.34231131482974,13.982175173319366,13.636522703632256;13.68485161115777;13.73352429995954;13.782544451294424;13.831915799166767;13.881642131276525;13.931727289987965;13.982175173319366
415,Ca_JVASP-92187_CaCeMg6.json,1.3541969060897827,1.4654611349105835;1.4928900003433228;1.5320336818695068;1.5016849040985107;1.5685291290283203;1.2385592460632324;1.205650806427002;0.8287663459777832,1.5685291290283203,26.471320034082453,26.471320034082446;26.471320034082453;26.47132003408245;26.47132003408245;26.471320034082446;26.471320034082453;26.47132003408245;26.47132003408245,11.514414718179273,10.27588511931296;10.436250634166205;10.60170083064921;10.77248143301097;10.948854258015551;11.131098554246202;11.31951247743027;11.514414718179273
416,Li_JVASP-78562_LiMg.json,0.5490436553955078,0.0553663969039917;0.1283477544784546;0.1409010887145996;2.6831512451171875;2.8282082080841064;0.4651772975921631;3.4703450202941895;0.10046100616455078;-0.4336121082305908;0.24119925498962402;1.3585774898529053;-0.711207389831543;1.9086064100265503;0.20406949520111084;0.4586055278778076;0.08872675895690918;-0.04970669746398926;0.05129885673522949;0.9974536895751953;-0.005733966827392578;-0.05319619178771973;-0.0029146671295166016;1.3800342082977295;-0.1696627140045166;-0.31502771377563477;0.4715709686279297;-0.4668605327606201,3.4703450202941895,41.198700666063566,41.19870066606356;41.19870066606356;41.19870066606356;41.198700666063566;41.198700666063566;41.19870066606356;41.19870066606356;41.19870066606356;41.198700666063566;41.19870066606356;41.19870066606356;41.19870066606356;41.19870066606356;41.198700666063566;41.19870066606356;41.198700666063566;41.19870066606356;41.198700666063566;41.19870066606356;41.198700666063566;41.19870066606356;41.19870066606356;41.19870066606356;41.19870066606356;41.19870066606355;41.19870066606356;41.198700666063566,40.413828849522766,31.768785054692756;32.03232858704735;32.30028123928739;32.57275459257882;32.84986402514973;33.1317288751919;33.41847261222139;33.71022301741528;34.00711237347783;34.309277664628844;34.61686078734941;34.93000877256622;35.2488740200054;35.57361454550066;35.90439424209893;36.24138315587005;36.584757777395566;36.93470134998672;37.29140419576224;37.65506406080551;38.025886480715855;38.40408516797435;38.7898824226577;39.18350956815888;39.58520741370918;39.99522674564458;40.413828849522766
417,Li_JVASP-106959_LiMg.json,0.5456836223602295,0.18202900886535645;0.140303373336792;0.46799755096435547;0.5127425193786621;0.7674679756164551;1.1182136535644531;0.8704831600189209;1.0479786396026611;0.12351369857788086;0.4826033115386963;0.13949990272521973;0.3135347366333008;0.691272497177124;0.7266724109649658;0.6175408363342285;0.5290846824645996,1.1182136535644531,69.24782248679934,69.24782248679932;69.24782248679931;69.24782248679931;69.24782248679932;69.24782248679932;69.24782248679932;69.24782248679932;69.24782248679932;69.24782248679931;69.24782248679932;69.24782248679932;69.24782248679932;69.24782248679931;69.24782248679932;69.24782248679932;69.24782248679934,67.71111527966205,53.60982477979403;54.36461092122863;55.14095421724975;55.93979157549703;56.76211499434763;57.60897567253925;58.481488492245326;59.380836915803755;60.308278341323984;61.26514996813728;62.252875229628664;63.27297085853161;64.32705465844008;65.41685406528903;66.5442155941005;67.71111527966205
418,K_JVASP-69346_K2BaMg.json,0.8773021697998047,1.5145435333251953;0.3281517028808594;-0.22355937957763672;-0.17237567901611328;0.9178709983825684;0.878990650177002;2.0400748252868652;1.7347207069396973,2.0400748252868652,52.10786977853519,52.10786977853518;52.10786977853518;52.10786977853519;52.10786977853518;52.10786977853519;52.10786977853519;52.107869778535175;52.10786977853518,39.090509452614505,27.938162255368116;29.125203700642825;30.417591565067816;31.83000080296372;33.3799647600675;35.088606745243055;36.98160840836796;39.090509452614505
419,Li_JVASP-109554_LiMg2Ni.json,0.6645779609680176,-0.05316579341888428;0.09848487377166748;1.1250669956207275;1.7531282901763916;0.1685577630996704;1.10958993434906;0.7551500797271729;0.35981154441833496,1.7531282901763916,89.40033416649784,89.40033416649784;89.40033416649784;89.40033416649784;89.40033416649783;89.40033416649784;89.40033416649784;89.40033416649783;89.40033416649784,30.97118817297783,29.32472112540211;29.549130940961135;29.777001871748997;30.008414612205346;30.24345238489291;30.48220104028536;30.724749161319302;30.97118817297783
420,Li_JVASP-18564_LiMg2Ge.json,0.09547901153564453,0.3029441833496094;0.2192387580871582;-0.17058348655700684;-0.0689246654510498;0.05603969097137451;0.1980987787246704;0.11227095127105713;0.11474788188934326,0.3029441833496094,73.22960483473871,73.2296048347387;73.22960483473871;73.22960483473871;73.22960483473871;73.22960483473871;73.22960483473871;73.22960483473871;73.22960483473871,27.43408390180278,26.134324329624455;26.3124125490617;26.492944529124923;26.675970917942195;26.86154377298751;27.049716610445167;27.240544456663613;27.43408390180278
421,K_JVASP-92199_KMg6Ti.json,-0.36189210414886475,0.10408318042755127;0.013270735740661621;-0.22045528888702393;-0.39666974544525146;-0.5516805648803711;-0.6697101593017578;-0.4951854944229126;-0.678789496421814,0.10408318042755127,28.599308663166635,28.59930866316663;28.59930866316663;28.599308663166628;28.59930866316663;28.59930866316663;28.59930866316663;28.599308663166635;28.59930866316663,16.870343632493526,14.391120311015253;14.699725268056948;15.021855794518151;15.358421013004431;15.7104133891228;16.07891850599294;16.4651262474323;16.870343632493526
422,Na_JVASP-38629_NaMgO3.json,3.3110909461975098,3.7203259468078613;3.681370735168457;3.247243881225586;3.565197467803955;3.058849334716797;3.5479862689971924;4.726927042007446;3.3825855255126953;4.282956123352051;3.029374122619629;3.103029251098633;2.9010748863220215;3.330109119415283;2.664888381958008;3.0260181427001953;3.6844482421875;2.963499069213867;3.867638111114502;3.072984218597412;3.308128833770752;2.2682414054870605;2.819794178009033;2.74769926071167;3.398012638092041;3.3056325912475586;2.823141098022461;3.8722996711730957,4.726927042007446,25.961468029170867,25.961468029170856;25.96146802917086;25.961468029170856;25.96146802917086;25.961468029170856;25.961468029170867;25.961468029170863;25.96146802917086;25.96146802917086;25.961468029170856;25.96146802917086;25.961468029170856;25.96146802917086;25.96146802917086;25.961468029170863;25.96146802917086;25.961468029170856;25.96146802917086;25.961468029170856;25.961468029170856;25.961468029170852;25.96146802917086;25.96146802917086;25.96146802917086;25.96146802917086;25.96146802917086;25.96146802917086,13.569159945302957,10.416796384025215;10.510712941336285;10.606338386067382;10.703719788332776;10.802905962950327;10.90394755103416;11.006897106209497;11.11180918575802;11.218740447025887;11.327749749452373;11.438898262605175;11.552249580639032;11.66786984362767;11.785827866255493;11.906195274395156;12.029046650140602;12.154459685912668;12.282515348306339;12.413298052405741;12.54689584735554;12.683400614045887;12.822908275843746;12.965519023386097;13.111337554542235;13.260473330752797;13.413040851064595;13.569159945302957
423,Li_JVASP-93174_LiMg6Cr.json,0.6242361068725586,1.2051873207092285;0.6319336891174316;1.2286149263381958;0.39736926555633545;0.6431708335876465;0.32798242568969727;0.4526097774505615;0.10702061653137207,1.2286149263381958,32.84422725005033,32.84422725005033;32.844227250050324;32.84422725005033;32.844227250050324;32.84422725005033;32.844227250050324;32.844227250050324;32.844227250050324,16.86105170225627,16.360954323906963;16.430572811131018;16.50078630588693;16.571602468927868;16.643029093083985;16.71507410612108;16.787745573673902;16.86105170225627
424,Li_JVASP-94410_Li2Mg.json,0.07714003324508667,1.6565123796463013;0.4808715581893921;0.1958843469619751;0.2168811559677124;0.3017624616622925;-0.04486715793609619;0.18970417976379395;-0.19884443283081055;-0.31132936477661133;2.039801836013794;1.2311310768127441;1.0261218547821045;0.3572506904602051;-0.31314778327941895;-0.684391975402832;0.017299652099609375;-0.9214259386062622;-2.0011810064315796;1.78297758102417;1.3403713703155518;0.8786517381668091;0.4349323511123657;0.358669638633728;0.16531097888946533;0.1395653486251831;-0.16168153285980225;-0.1560819149017334;0.16658663749694824;0.7903759479522705;-0.5498440265655518;0.002248525619506836;-0.09007382392883301;-0.4434330463409424;-0.9402973651885986;-1.2821612358093262;-2.8971095085144043,2.039801836013794,39.288622039298836,39.28862203929882;39.28862203929883;39.288622039298836;39.28862203929883;39.288622039298836;39.288622039298836;39.288622039298836;39.288622039298836;39.288622039298836;39.288622039298836;39.28862203929883;39.288622039298836;39.288622039298836;39.28862203929883;39.28862203929883;39.28862203929883;39.288622039298836;39.28862203929883;39.28862203929883;39.28862203929883;39.288622039298836;39.288622039298836;39.28862203929883;39.28862203929883;39.288622039298836;39.288622039298836;39.288622039298836;39.288622039298836;39.288622039298836;39.288622039298836;39.28862203929883;39.28862203929883;39.28862203929883;39.28862203929883;39.288622039298836;39.288622039298836,60.305157293508124,38.99157270087713;39.38932485007328;39.79527555385296;40.20968093748056;40.63280790705776;41.064934722790404;41.50635160922862;41.95736140529214;42.41828025714045;42.88943835721905;43.37118073311224;43.86386809016327;44.3678777121861;44.88360442499595;45.41146162792974;45.951882399020505;46.50532068003525;47.07225254819126;47.65317758203914;48.24862032974869;48.85913188886822;49.48529160755737;50.12770891833209;50.787025316522325;51.46391649694326;52.159094663740554;52.87331103000811;53.60735852562132;54.362074733805066;55.13834507930042;55.93710629364337;56.75935018606955;57.60612775196153;58.478553654622736;59.37781112056377;60.305157293508124
425,Li_JVASP-119538_Li2MgMn3O8.json,4.341176748275757,4.568771123886108;4.507497549057007;4.159528493881226;4.103881597518921;4.099056005477905;4.08796763420105;3.9045369625091553;3.855421781539917;4.9641640186309814;4.88920521736145;4.598562002182007;4.59594988822937;4.565507173538208;4.4603636264801025;4.024072885513306;4.0743420124053955,4.9641640186309814,40.154041685529556,40.154041685529556;40.154041685529556;40.15404168552955;40.15404168552955;40.154041685529556;40.154041685529556;40.15404168552955;40.154041685529556;40.154041685529556;40.154041685529556;40.15404168552955;40.15404168552955;40.15404168552955;40.154041685529556;40.15404168552955;40.15404168552955,10.535771180663483,10.121517418429688;10.148118199531597;10.174859170311269;10.201741441924234;10.228766137299942;10.255934391298137;10.2832473508677;10.31070617520808;10.338312035933273;10.366066117238457;10.393969616069345;10.422023742294236;10.4502297188789;10.478588782064277;10.507102181547102;10.535771180663483
426,Ca_JVASP-93320_CaMg5.json,1.2871108055114746,1.5882294178009033;1.301422357559204;0.9891185760498047;0.8078055381774902;0.9903223514556885;1.1667258739471436;1.729076862335205;1.7241854667663574,1.729076862335205,36.17707917645936,36.17707917645935;36.17707917645935;36.17707917645935;36.17707917645936;36.17707917645935;36.17707917645935;36.177079176459344;36.17707917645935,26.47640407191612,20.730959017709377;21.394186340336436;22.101252248027578;22.85665182298255;23.66551644583996;24.533730514714033;25.468074835047368;26.47640407191612
427,K_JVASP-22539_K2MgF4.json,6.3080843687057495,2.0638766288757324;2.100968837738037;2.355729103088379;2.3612070083618164;2.5494136810302734;2.5784988403320312;3.246398448944092;3.374424934387207;4.455861568450928;4.433138847351074;6.638222694396973;7.4192609786987305;5.631073474884033;6.339357852935791;10.46615982055664;12.280843257904053;12.76970648765564;11.91144061088562;8.710210800170898;8.056252479553223;7.588067531585693;6.198855876922607;7.081207513809204;6.635517358779907;6.147780418395996;5.625488758087158;5.793055534362793;5.677289962768555;6.220155715942383;6.820862770080566;6.997991323471069;6.192917585372925;6.673241376876831;6.655380010604858;8.201530694961548;8.839648485183716,12.76970648765564,23.7931803664385,23.793180366438495;23.793180366438495;23.793180366438495;23.79318036643849;23.7931803664385;23.79318036643849;23.793180366438495;23.793180366438495;23.7931803664385;23.79318036643849;23.793180366438495;23.793180366438495;23.7931803664385;23.793180366438495;23.793180366438495;23.793180366438495;23.793180366438495;23.793180366438495;23.79318036643849;23.7931803664385;23.793180366438495;23.793180366438495;23.79318036643849;23.793180366438495;23.79318036643849;23.793180366438495;23.79318036643849;23.79318036643849;23.793180366438495;23.793180366438495;23.79318036643849;23.793180366438495;23.793180366438495;23.793180366438495;23.7931803664385;23.7931803664385,14.530696063411682,8.3417989948938;8.444561791445164;8.549888041318214;8.657874875331622;8.768624394203307;8.88224399053818;8.998846696177504;9.11855155727141;9.241484039690807;9.367776467681054;9.497568498981275;9.631007639995751;9.76824980501257;9.90945992392674;10.054812603448104;10.204492847367359;10.358696842127392;10.51763281471387;10.681521970753394;10.850599521706451;11.025115811185904;11.205337551743472;11.391549184974602;11.584054379529384;11.783177683623206;11.989266350962627;12.202692361695709;12.423854663129305;12.653181658609393;12.891133977232649;13.138207562066562;13.39493712044508;13.661899986853367;13.93972045713287;14.229074662490794;14.530696063411682
428,Li_JVASP-8679_Li2MgBr4.json,3.5799769461154938,1.819339394569397;1.840680718421936;1.887723684310913;1.9374823570251465;2.0316555500030518;1.9952008724212646;2.073788285255432;2.0209850072860718;2.280467391014099;2.4403377771377563;2.4806233644485474;2.7216118574142456;8.093043684959412;7.654418349266052;8.260119676589966;5.925189971923828;5.57646119594574;4.20004940032959;4.567394018173218;3.5554407835006714;2.9208232164382935;3.167115569114685;3.182783544063568;3.286711037158966,8.260119676589966,22.858533086660177,22.858533086660174;22.858533086660177;22.858533086660174;22.858533086660174;22.858533086660177;22.858533086660174;22.858533086660177;22.858533086660177;22.858533086660174;22.858533086660177;22.858533086660174;22.858533086660174;22.858533086660177;22.858533086660174;22.858533086660174;22.858533086660177;22.858533086660174;22.858533086660174;22.858533086660177;22.858533086660174;22.858533086660177;22.858533086660174;22.858533086660177;22.858533086660174,6.4831946646042,6.242141010814869;6.252248261448765;6.262388296409352;6.2725612754667965;6.282767359431111;6.293006710160627;6.303279490570559;6.313585864641635;6.323925997428831;6.334300055070177;6.3447082047956505;6.355150614936176;6.365627454932687;6.3761388953452975;6.386685107862554;6.397266265310787;6.407882541663545;6.418534112051139;6.4292211527702685;6.43994384129374;6.4507023562803045;6.4614968775845725;6.4723275862670375;6.4831946646042
429,K_JVASP-106060_K2MgCuF6.json,6.188692569732666,3.379807472229004;3.790081024169922;4.985818862915039;8.069737434387207;7.77476692199707;7.9353039264678955;5.577572822570801;7.99645209312439,8.069737434387207,84.9834949780264,84.98349497802639;84.9834949780264;84.98349497802639;84.98349497802639;84.98349497802639;84.9834949780264;84.9834949780264;84.9834949780264,31.66287295819995,23.926645244167535;24.791996417093607;25.722290402870613;26.725122959813184;27.809322441834148;28.985210393487073;30.26493117791658;31.66287295819995
430,Li_JVASP-157341_LiMg2Ru.json,1.1879050731658936,-0.6018961668014526;-0.05087888240814209;5.548161506652832;3.2520525455474854;0.16774320602416992;0.6403863430023193;0.5584373474121094;-0.010765314102172852,5.548161506652832,86.85121626194555,86.85121626194552;86.85121626194552;86.85121626194554;86.85121626194552;86.85121626194552;86.85121626194555;86.85121626194554;86.85121626194554,22.25332462161983,21.390395733259837;21.509551045933282;21.63004130553578;21.751889072399035;21.875117418088017;21.999749939964616;22.12581077625199;22.25332462161983
431,K_JVASP-122121_KMg2P2O8.json,4.875056743621826,4.999403476715088;4.7507100105285645,4.999403476715088,108.61854573779094,108.61854573779094;108.61854573779092,51.92035405583903,48.26469028457664;51.92035405583903
432,Na_JVASP-101709_KNaMg2F6.json,2.1804966926574707,1.4294438362121582;1.484020709991455;2.1968650817871094;2.5678281784057617;2.0900731086730957;2.3231453895568848;2.7472269535064697;2.605370283126831,2.7472269535064697,44.868735905898816,44.86873590589881;44.868735905898816;44.868735905898816;44.868735905898816;44.868735905898816;44.86873590589881;44.86873590589881;44.868735905898816,16.37652248877386,14.910355189100379;15.10352629185306;15.301768347679339;15.505283689418976;15.714285559210184;15.928998853789627;16.14966093173961;16.37652248877386
433,Li_JVASP-80157_LiMg2In.json,0.507439136505127,0.48322129249572754;0.6076323986053467;0.6073651313781738;0.33153772354125977,0.6076323986053467,113.44532735123974,113.44532735123973;113.44532735123974;113.44532735123973;113.44532735123973,40.56816719383868,39.32857703148916;39.73327012106282;40.14637842927154;40.56816719383868
434,Na_JVASP-94763_NaMg6Al.json,0.1898277997970581,0.7278457880020142;0.31614649295806885;0.4431469440460205;-0.02511453628540039;0.199487566947937;-0.048806071281433105;0.07077956199645996;-0.16486334800720215,0.7278457880020142,30.385930615180296,30.38593061518029;30.385930615180296;30.385930615180293;30.385930615180293;30.385930615180293;30.385930615180296;30.385930615180296;30.385930615180293,19.06924448138397,17.110126619747117;17.364987698732197;17.627556062948035;17.898186695377337;18.17725671870018;18.465167148652593;18.76234481669604;19.06924448138397
435,Li_JVASP-101169_Li2MgZrO4.json,3.7233846187591553,1.4463250637054443;1.524484395980835;1.4531004428863525;1.6430866718292236;1.9094359874725342;1.984093427658081;1.9128429889678955;1.8627283573150635;3.31034779548645;8.302428483963013;10.120159387588501;5.459036111831665;4.5699427127838135;4.188867807388306;5.203876256942749;4.683398008346558,10.120159387588501,69.49146539924438,69.49146539924436;69.49146539924438;69.49146539924438;69.49146539924438;69.49146539924438;69.49146539924438;69.49146539924436;69.49146539924438;69.49146539924436;69.49146539924438;69.49146539924438;69.49146539924438;69.49146539924438;69.49146539924438;69.49146539924436;69.49146539924438,18.571465744753684,17.321800427379593;17.399855641838776;17.478617502844756;17.558095650111593;17.638299899487723;17.719240246997256;17.800926872993095;17.883370146425417;17.96658062922936;18.050569080835754;18.135346462808972;18.220923943616096;18.30731290353174;18.394524939683095;18.482571871239802;18.571465744753684
436,Li_JVASP-157346_LiNdMg2.json,1.6386165618896484,0.028437495231628418;0.060922980308532715;3.026160478591919;4.666037082672119;1.0282701253890991;1.779459834098816;1.4515833854675293;1.068061113357544,4.666037082672119,55.59568584412356,55.59568584412356;55.595685844123544;55.59568584412356;55.595685844123544;55.59568584412355;55.59568584412355;55.595685844123544;55.59568584412355,17.29398954875578,16.76828102155175;16.84141688881516;16.915193523802472;16.989619384535047;17.064703078551307;17.140453366225266;17.216879164173854;17.29398954875578
437,Li_JVASP-93294_Li5Mg.json,0.2768211364746094,1.329696774482727;1.3142224550247192;0.16794472932815552;0.31680482625961304;0.061423659324645996;0.05957365036010742;0.25620776414871216;0.2599847912788391;0.18248283863067627;-0.08392560482025146;0.6779626607894897;1.8949474096298218;0.702187180519104;0.6254978179931641;1.2480129599571228;0.10176032781600952;0.7757610082626343;0.4612809419631958;0.28526413440704346;0.30028092861175537;-0.26151561737060547;-0.2032160758972168;-0.031580448150634766;0.19905376434326172;-0.008643388748168945;0.0440371036529541;0.48987722396850586;0.39199399948120117;0.03677999973297119;0.27401483058929443;0.6464354991912842;0.5621016025543213;-0.7365119457244873;-0.26436591148376465;-0.7464663982391357;-0.6639182567596436;-0.0841970443725586;-0.1743183135986328;0.01498723030090332;0.6509263515472412,1.8949474096298218,46.5430693727509,46.54306937275089;46.54306937275089;46.54306937275089;46.54306937275089;46.54306937275089;46.5430693727509;46.54306937275089;46.54306937275089;46.54306937275089;46.54306937275089;46.54306937275089;46.54306937275089;46.5430693727509;46.543069372750885;46.54306937275089;46.54306937275089;46.54306937275089;46.54306937275089;46.54306937275089;46.5430693727509;46.54306937275089;46.543069372750885;46.54306937275089;46.54306937275089;46.5430693727509;46.54306937275089;46.54306937275089;46.54306937275089;46.543069372750885;46.54306937275089;46.54306937275089;46.54306937275089;46.54306937275089;46.543069372750885;46.54306937275089;46.54306937275089;46.5430693727509;46.54306937275089;46.543069372750885;46.54306937275089,133.088431188201,56.77317692151989;57.620370171306014;58.49323078911543;59.39294318118303;60.32076576380573;61.27803683592137;62.26618101988019;63.286716335597305;64.3412619819641;65.43154690941188;66.55941927908985;67.72685691751454;68.93597889109517;70.18905834303035;71.4885367561765;72.83703983017708;74.23739519010124;75.69265217791057;77.20610401827238;78.78131269782014;80.4221369534631;82.13276383266408;83.91774436908963;85.78203401361269;87.73103857697355;89.77066658106918;91.90738908663889;94.14830827339125;96.50123630374286;98.97478631531739;101.57847777567218;104.32285891545688;107.21964955958806;110.2819084344995;113.52422998869525;116.96297698449065;120.61655668264797;124.50575045925733;128.65410931688015;133.088431188201
438,Li_JVASP-101706_Li2MgZn.json,0.7569231986999512,0.15729928016662598;0.2156844139099121;0.9149357080459595;1.4853016138076782;0.7377705574035645;1.113800048828125;1.2512439489364624;1.3514634370803833;0.608680009841919;0.6504089832305908;0.416240930557251;0.6114532947540283;0.4742131233215332;0.4429945945739746;1.0087192058563232;0.6705620288848877,1.4853016138076782,81.19215012793013,81.19215012793013;81.19215012793012;81.19215012793012;81.19215012793013;81.19215012793012;81.19215012793012;81.19215012793013;81.19215012793013;81.19215012793013;81.19215012793012;81.19215012793012;81.19215012793013;81.19215012793012;81.19215012793012;81.19215012793012;81.19215012793013,36.98526240988598,32.338943300309744;32.61207207978213;32.889853747777124;33.172408222231844;33.45985957761897;33.752336226610616;34.049971111353905;34.35290190495681;34.661271223825864;34.97522685154373;35.2949219750251;35.62051543374367;35.95217198288222;36.29006257132175;36.63436463545506;36.98526240988598
439,Li_JVASP-102114_LiMgPb2.json,0.9574623107910156,0.5379994511604309;0.5618404746055603;1.181591510772705;1.8592565059661865;0.6893100738525391;0.8434634208679199;1.0591187477111816;0.9271183013916016,1.8592565059661865,56.63981212359556,56.63981212359556;56.63981212359556;56.63981212359556;56.63981212359556;56.639812123595554;56.63981212359556;56.63981212359556;56.63981212359556,7.6214599809050645,7.517592820621949;7.532257318352964;7.546979139700691;7.561758621440946;7.576596102992791;7.591491926444523;7.606446436579964;7.6214599809050645
440,Li_JVASP-123937_LiMg.json,0.47327542304992676,0.8295700550079346;0.23963618278503418;0.22056615352630615;0.19416677951812744;0.18532323837280273;0.19194602966308594;0.6590518951416016;0.504511833190918;0.6447665691375732;0.09354758262634277;1.6330655813217163;0.0791393518447876;1.40580415725708;0.1923680305480957;1.553401231765747;-0.16146397590637207;-0.06643843650817871;0.1199953556060791,1.6330655813217163,59.20520115389987,59.20520115389985;59.20520115389984;59.20520115389986;59.20520115389987;59.20520115389986;59.20520115389986;59.20520115389986;59.20520115389986;59.20520115389986;59.20520115389986;59.20520115389986;59.205201153899864;59.20520115389985;59.20520115389985;59.20520115389986;59.20520115389985;59.205201153899864;59.20520115389985,60.305157293508124,47.65317758203914;48.24862032974869;48.85913188886822;49.48529160755737;50.12770891833209;50.787025316522325;51.46391649694326;52.159094663740554;52.87331103000811;53.60735852562132;54.362074733805066;55.13834507930042;55.93710629364337;56.75935018606955;57.60612775196153;58.478553654622736;59.37781112056377;60.305157293508124
441,Na_JVASP-94115_NaMg6Ni.json,0.04991912841796875,0.5609588623046875;-0.10301446914672852;0.572728157043457;-0.1957077980041504;0.2367539405822754;-0.38863039016723633;0.09097814559936523;-0.3747134208679199,0.572728157043457,32.07086827134388,32.070868271343876;32.07086827134388;32.070868271343876;32.070868271343876;32.070868271343876;32.070868271343876;32.070868271343876;32.070868271343876,16.153479621129033,14.7252362610088;14.9136102237451;15.106866223486207;15.30519654153075;15.508803690956338;15.717901106369279;15.93271389021413;16.153479621129033
442,Li_JVASP-157415_LiLaMg2.json,2.567586898803711,0.05758094787597656;0.0967557430267334;8.919099688529968;5.452370047569275;0.495442271232605;0.6201978921890259;1.872412085533142;3.0268365144729614,8.919099688529968,53.11306973032942,53.11306973032942;53.11306973032941;53.113069730329414;53.11306973032941;53.11306973032941;53.11306973032941;53.113069730329414;53.11306973032941,17.783894940991857,17.228458225837837;17.305672597710313;17.38358220303342;17.46219647402953;17.54152501431853;17.62157760282885;17.70236419781594;17.783894940991857
443,Ca_JVASP-94731_LiCaMg6.json,0.4979414939880371,1.1313271522521973;0.8754582405090332;0.5503156185150146;0.40928196907043457;0.26764440536499023;0.2148575782775879;0.1478114128112793;0.38683557510375977,1.1313271522521973,28.208699572280608,28.208699572280608;28.208699572280604;28.208699572280604;28.2086995722806;28.208699572280604;28.208699572280604;28.2086995722806;28.208699572280604,21.233167988736835,17.3720639989779;17.835384085801497;18.32409523703171;18.8403434946843;19.38652375521607;19.965316917816804;20.579733891958615;21.233167988736835
444,Li_JVASP-136031_LiMgBi.json,0.5243189334869385,0.4293231964111328;0.1499241590499878;0.38297903537750244;0.3499484062194824;0.2317488193511963;0.3199748992919922;0.6162436008453369;0.3684704303741455;1.2008246183395386;0.4931291341781616;-0.02165067195892334;1.7709115743637085,1.7709115743637085,48.193484108543466,48.19348410854346;48.19348410854346;48.193484108543466;48.19348410854346;48.19348410854345;48.19348410854345;48.19348410854346;48.19348410854346;48.19348410854345;48.19348410854346;48.193484108543466;48.19348410854345,9.550245146627395,9.297299464557568;9.31973951554607;9.342288151660428;9.364946162960733;9.387714347190297;9.410593509869274;9.433584464389662;9.456688032111694;9.479905042461652;9.50323633303113;9.52668274967775;9.550245146627395
445,Na_JVASP-93062_NaMg6Cr.json,0.2809939384460449,0.6334352493286133;0.3894495964050293;0.7403266429901123;0.3273770809173584;0.08929908275604248;-0.0708383321762085;0.20714128017425537;-0.06823909282684326,0.7403266429901123,30.69930648795442,30.699306487954413;30.699306487954416;30.69930648795442;30.699306487954416;30.69930648795441;30.699306487954413;30.699306487954416;30.699306487954416,16.69251696775597,15.171849654930242;15.371901208821068;15.57729889735038;15.788259926223327;16.005013429019996;16.227801297368345;16.456879081431357;16.69251696775597
446,Li_JVASP-78567_LiMg.json,0.4717741012573242,0.5598173141479492;0.38126611709594727;0.327175498008728;0.2393890619277954;0.19631409645080566;0.19158935546875;0.5453085899353027;0.3318450450897217;0.6885311603546143;0.5169250965118408;1.4946147203445435;-0.047611355781555176;1.618591070175171;0.09839606285095215;1.1342389583587646;-0.03493905067443848;0.34705352783203125;-0.09657144546508789,1.618591070175171,58.637298552006335,58.637298552006314;58.637298552006314;58.63729855200632;58.63729855200633;58.63729855200632;58.63729855200633;58.63729855200633;58.63729855200633;58.637298552006335;58.63729855200633;58.637298552006314;58.63729855200632;58.63729855200633;58.63729855200633;58.63729855200632;58.63729855200632;58.637298552006335;58.63729855200632,60.305157293508124,47.65317758203914;48.24862032974869;48.85913188886822;49.48529160755737;50.12770891833209;50.787025316522325;51.46391649694326;52.159094663740554;52.87331103000811;53.60735852562132;54.362074733805066;55.13834507930042;55.93710629364337;56.75935018606955;57.60612775196153;58.478553654622736;59.37781112056377;60.305157293508124
447,Li_JVASP-78547_LiMg.json,0.5423569679260254,0.1703794002532959;0.14130306243896484;0.13968110084533691;1.8370225429534912;1.186302661895752;-0.05058002471923828;3.469752311706543;0.5604281425476074;-0.014532327651977539;0.272876501083374;0.5786647796630859;-0.2582273483276367;2.3857247829437256;0.40024304389953613;0.10864174365997314;0.7817450761795044;0.6218185424804688;0.018283605575561523;1.1972591876983643;0.07631564140319824;-0.02938103675842285;0.045847177505493164;1.0407955646514893;0.11046576499938965;-0.22197270393371582;0.10628151893615723;-0.03150057792663574,3.469752311706543,41.16503313484273,41.16503313484272;41.16503313484272;41.165033134842716;41.16503313484272;41.16503313484272;41.16503313484272;41.16503313484272;41.16503313484272;41.16503313484272;41.16503313484272;41.16503313484272;41.16503313484272;41.16503313484273;41.16503313484272;41.16503313484272;41.16503313484272;41.16503313484272;41.16503313484272;41.16503313484272;41.16503313484272;41.16503313484272;41.16503313484272;41.16503313484272;41.16503313484272;41.165033134842716;41.165033134842716;41.16503313484273,40.413828849522766,31.768785054692756;32.03232858704735;32.30028123928739;32.57275459257882;32.84986402514973;33.1317288751919;33.41847261222139;33.71022301741528;34.00711237347783;34.309277664628844;34.61686078734941;34.93000877256622;35.2488740200054;35.57361454550066;35.90439424209893;36.24138315587005;36.584757777395566;36.93470134998672;37.29140419576224;37.65506406080551;38.025886480715855;38.40408516797435;38.7898824226577;39.18350956815888;39.58520741370918;39.99522674564458;40.413828849522766
448,Li_JVASP-38797_LiMgPd2.json,1.7653992176055908,0.7141896486282349;0.34321296215057373;3.256284713745117;3.513120651245117;1.2545931339263916;1.7031235694885254;1.726288914680481;1.6123801469802856,3.513120651245117,94.9059914063647,94.90599140636469;94.9059914063647;94.9059914063647;94.9059914063647;94.90599140636469;94.9059914063647;94.90599140636469;94.9059914063647,14.075661617272985,13.72542943937337;13.77439171747977;13.82370456926124;13.873371773447477;13.9233971632704;13.973784627450353;14.024538111203789;14.075661617272985
449,Li_JVASP-94125_LiMg6Co.json,0.2955656051635742,0.5515421628952026;0.11124289035797119;0.057405948638916016;0.6854023933410645;0.15239286422729492;0.2154073715209961,0.6854023933410645,46.273654021118205,46.273654021118205;46.2736540211182;46.273654021118205;46.27365402111819;46.273654021118205;46.2736540211182,21.692467684369014,21.099787655058915;21.21571851969863;21.332930365762333;21.451444542561592;21.571282876479035;21.692467684369014
450,Na_JVASP-52411_Na2MgH4S2O8.json,3.0156257152557373,2.629140853881836;2.6256980895996094;2.6876773834228516;2.645709991455078;2.8444900512695312;2.8917694091796875;2.8961734771728516;2.9196910858154297;3.111264705657959;3.1086649894714355;3.137521743774414;3.1046152114868164;3.415048599243164;3.438793182373047;3.375601291656494;3.418151378631592,3.438793182373047,28.668969459522078,28.668969459522078;28.668969459522074;28.668969459522074;28.668969459522074;28.668969459522074;28.668969459522074;28.668969459522074;28.668969459522074;28.668969459522074;28.668969459522078;28.668969459522074;28.668969459522078;28.668969459522074;28.668969459522074;28.668969459522074;28.66896945952207,15.000671423115689,12.573811467977688;12.710905722950065;12.851022453134272;12.99426272601557;13.14073216595121;13.290541213920287;13.443805405245932;13.600645666757554;13.761188634999408;13.92556699724532;14.093919857249547;14.266393127852732;14.4431399527719;14.624321160137209;14.810105750598533;15.000671423115689
451,Li_JVASP-107186_LiMg2Au.json,0.5308427810668945,0.17692601680755615;0.2556542158126831;0.5216302871704102;0.88028883934021;0.3267635107040405;0.6114732027053833;0.7479125261306763;0.7260936498641968,0.88028883934021,79.68307946127004,79.68307946127004;79.68307946127003;79.68307946127004;79.68307946127003;79.68307946127004;79.68307946127004;79.68307946127003;79.68307946127003,13.59409250330681,13.267136949741857;13.312878663461529;13.358936879991482;13.405314895725533;13.452016052993134;13.499043740862312;13.546401395959522;13.59409250330681
