jid,formula,max_voltage,voltages
JVASP-64427,Ba4MgBi,-1.798324765765381,[-1.798324765765381]
JVASP-97732,LaMgSi2,0.5058785061004638,[-1.872297229373169, 0.5058785061004638, -1.9336292167541504, -0.5097252746459962]
JVASP-64783,Ba4MgGe,-1.5938742776748658,[-1.5938742776748658]
JVASP-64515,Ba4MgIn,-1.6536180396911622,[-1.6536180396911622]
JVASP-63957,Ba4MgTc,-1.5520567317840577,[-1.5520567317840577]
JVASP-92194,Mg6ZnFe,-1.0050091167327881,[-1.7070418020126343, -1.620101275050354, -1.7875861545440674, -1.0050091167327881, -1.415291966998291, -1.7770249267456055]
JVASP-91890,LaMg7,-0.2756044288513184,[-1.8538729568359376, -1.6240441223022462, -0.6259548087951661, -2.1304819007751465, -1.9598771949645997, -0.2756044288513184, -3.162662686907959]
JVASP-86678,NdMgSi2,0.47597938576965326,[-1.8315908332702637, -1.8397581001159669, 0.47597938576965326, -0.760394038760376]
JVASP-85665,Ba2MgH6,1.3432503322723388,[1.3432503322723388]
JVASP-65023,Mg4BeRu,0.1615155319335937,[-1.9794861694213868, -0.9007405658599854, 0.1615155319335937, -1.4213768859741212]
JVASP-97624,Mg9Si5,2.986163316166687,[-1.447478475177002, -1.5695926566955567, -1.3298957963821412, -0.5830407758590699, -1.0378400703308106, -0.13141530951232916, 0.03522866765289301, -0.012003960215759335, 0.39382296601562494, 0.970551309979248, 0.23485308686523432, -0.1728798766967774, 0.2064982036712646, -0.01753443678588873, -0.2773887534973145, 1.5179362873199462, 0.12089329758911127, 2.986163316166687]
JVASP-64189,Ba4MgBe,-1.5399212261077881,[-1.5399212261077881]
JVASP-92195,CeMg6Zn,-0.5254980941650391,[-1.9333125968811036, -1.887290896975708, -1.2797383685943604, -0.5254980941650391, -1.7689370532867432, -2.367085876071167]
JVASP-90582,Mg3Sb,0.550441561138916,[-2.320739211642456, -1.790833892428589, -1.7039648314353943, -1.1518638153907776, 0.550441561138916, -0.2708722968933106]
JVASP-3177,MgBe2N2,2.2379668335083007,[2.2379668335083007]
JVASP-89041,BaMg2V2O8,8.852631388104248,[1.827947435772705, 2.1707742790344238, 6.2657726387145996, 8.852631388104248, 7.318257151043701, 5.5983484367492675, 4.76496058503418, 5.907643614208984]
JVASP-64331,Ba4MgTe,-2.0380569120285035,[-2.0380569120285035]
JVASP-92200,CeMg6Cu,-0.8213371654388428,[-2.0890581031677247, -1.9503738304016114, -1.1483766456481934, -1.1659757514831544, -0.8213371654388428, -2.5658754726287842]
JVASP-98811,Mg5Si6,0.5311163047912597,[-2.2137126346466065, -2.0672184844848633, -1.6839839835998536, -1.5745694061157227, -0.9303893466827393, -0.8786153217193604, -0.44858330687255865, 0.17861300507812494, -0.5098344703552247, 0.5311163047912597]
JVASP-65108,MgBe2Cl,-0.8681035657760621,[-0.8681035657760621]
JVASP-64738,Ba4MgSc,-1.3109350820419312,[-1.3109350820419312]
JVASP-90585,LiMg3,-1.616328539454651,[-2.055531920993042, -1.681341590487671, -1.7072964330551148, -1.616328539454651, -1.6801974197265626, -2.139851750933838]
JVASP-64683,Ba4MgP,-1.649703087413025,[-1.649703087413025]
JVASP-64726,Ba4MgZr,-1.5336245914337159,[-1.5336245914337159]
JVASP-65024,Mg4BeNi,-0.4176186939117432,[-1.816295327746582, -1.2796179672119141, -0.4176186939117432, -1.2374405284759522]
JVASP-90769,MgSn3,-1.9373785873291016,[-1.9757718463775635, -1.9373785873291016]
JVASP-38614,MgPbO3,6.684469280636597,[6.684469280636597]
JVASP-64910,MgBe2Mo,-1.7965533157226563,[-1.7965533157226563]
JVASP-91891,Mg7Fe,4.93410473862915,[-1.6022061725494385, -1.7329079528686524, -1.3283419032928467, -1.4932486434814454, -0.8840963264343262, 4.93410473862915, -6.354875745379639]
JVASP-64203,Ba4MgPd,-2.155674399935913,[-2.155674399935913]
JVASP-92203,SrHfMg6,-1.126395883166504,[-1.3309075256225587, -1.5299074073669434, -1.126395883166504, -1.2700759788391114, -1.4307623525497437, -1.179504932963562]
JVASP-91894,RbMg7,-1.9375736137268067,[-1.9375736137268067, -2.0558802505371094, -2.1666218658325196, -2.3283464332458497, -2.6601566692230225, -2.914702357852173, -2.9817957301971436]
JVASP-63928,Ba4MgMo,-2.015309276187134,[-2.015309276187134]
JVASP-90586,LiMg,-1.5151109119293213,[-1.9254500289794922, -1.5847365280029297, -1.5151109119293213, -1.7142645736572266]
JVASP-88165,MgB12C2,-0.3307616134521485,[-1.717591943347168, -0.3307616134521485]
JVASP-64024,Ba4MgPt,-1.9661908765670777,[-1.9661908765670777]
JVASP-92204,RbMg6Mo,-1.4041442294952393,[-1.6558427234527588, -1.7341427226898194, -1.4041442294952393, -1.864036502444458, -2.206392230593872, -2.235655965411377]
JVASP-86379,Mg3Sb2,0.6439198831680297,[-1.2432293315765381, 0.5821651796463012, 0.6439198831680297]
JVASP-65077,Mg4MnBe,-0.40822333296508795,[-1.9631999154922486, -1.361657204234314, -0.40822333296508795, -0.9019290824768067]
JVASP-90447,CeMg6B,-0.42471444805831915,[-1.929726781451416, -1.7328333278533936, -1.3782460709449769, -0.42471444805831915, -1.9923548718330384, -1.5252922793266297]
JVASP-64209,Ba4MgSe,-1.8171710391876221,[-1.8171710391876221]
JVASP-90634,CeMg6Fe,-0.8652318139907837,[-2.15082687338562, -1.8804883380767823, -1.7414057870742798, -1.009127678477478, -0.8652318139907837, -2.1601267476913453]
JVASP-98625,CeMg2H7,2.4684465507629394,[-0.9525761028167725, -1.1971244235870362, -0.2831231971618653, -0.15614718397827154, 2.124745188153076, 2.4684465507629394, 2.146917162335205, 2.2262752632263183]
JVASP-64698,BaSrMg,-2.10099834402771,[-2.10099834402771]
JVASP-91895,Mg7Cr,-0.07069009741516119,[-1.6515956540939332, -1.7192259450790406, -1.1664671321746827, -1.2211195846435547, -1.9672369380828858, -0.07069009741516119, -4.804033579432678]
JVASP-90587,Li3Mg,-0.915431561076355,[-1.9315028806564332, -0.915431561076355]
JVASP-64920,MgBeCr4,-0.22914475401611334,[-0.22914475401611334]
JVASP-64212,Ba4MgTi,-1.4597614427444459,[-1.4597614427444459]
JVASP-92205,BaMg6Ga,-1.4449788947937012,[-1.8316208740112305, -2.0937649627563477, -1.4449788947937012, -1.7820455451843262, -2.225279750430298, -1.8109135051605225]
JVASP-64347,Ba4MgTa,-1.5236529727813721,[-1.5236529727813721]
JVASP-64215,Ba4MgPb,-1.8905569930908204,[-1.8905569930908204]
JVASP-64700,Ba4MgSn,-1.6908318420288087,[-1.6908318420288087]
JVASP-91705,YMg7,-0.725533427798462,[-1.7102245708343506, -1.1286382099029542, -0.999412240588379, -1.8128873725769044, -3.0614418407318116, -0.725533427798462, -2.8502251525756837]
JVASP-64120,Ba4MgNi,-1.862461270892334,[-1.862461270892334]
JVASP-64402,Ba4MgGa,-1.1022369285461426,[-1.1022369285461426]
JVASP-90450,KMg6Nb,-1.1117936988708497,[-1.8868295570251465, -1.803665580355835, -1.2608851810333253, -1.1117936988708497, -1.9923539777633668, -1.3923566957351685]
JVASP-64923,MgBe2Br,-1.0834007879135132,[-1.0834007879135132]
JVASP-64352,Ba4MgTl,-1.5335711856719971,[-1.5335711856719971]
JVASP-64767,BaNaMg,-2.454105081164551,[-2.454105081164551]
JVASP-64494,Ba4MgSb,-2.019558133685303,[-2.019558133685303]
JVASP-64080,Ba4MgFe,-1.8041564842102051,[-1.8041564842102051]
JVASP-65041,MgBe2Se,-1.1706587692138672,[-1.1706587692138672]
JVASP-64496,Ba4MgCu,-1.566621484362793,[-1.566621484362793]
JVASP-91896,Mg7Bi,0.9443452934387206,[-2.0698480029937745, -1.991738261782837, -1.5917434116241456, -1.8862656970855713, -1.498264493548584, 0.9443452934387206, -4.293546142184448]
JVASP-64296,MgBe2In,-1.7238509078857422,[-1.7238509078857422]
JVASP-64566,Ba4MgCo,-2.2674734016296387,[-2.2674734016296387]
JVASP-97873,Ca2MgSi2O7,9.896035490429687,[5.622817335522461, 9.896035490429687, 3.698489008343506, 2.6946924308898925]
JVASP-65125,Mg4BeTe,-1.3350579162475587,[-2.33573430975647, -1.7420656104919434, -1.4178816696044922, -1.3350579162475587]
JVASP-64412,Ba4MgCr,-1.108968200289917,[-1.108968200289917]
JVASP-90588,LiMg3,-1.7194373031494141,[-1.9341267963287354, -1.8119201084014893, -1.7194373031494141, -1.9756819625732422, -2.1910519023773194, -2.4243103881713868]
JVASP-90451,KMg6Nb,-1.5411762615081788,[-1.6325635333892823, -1.7626401801940919, -1.5739204307434083, -1.5411762615081788, -1.7585405727264405, -1.9896649738189698]
JVASP-90776,Sr3Mg,-1.7228967567321778,[-1.7228967567321778, -2.0473091026184083]
JVASP-91897,SrMg6Nb,-0.42764288386077887,[-1.5358169694778443, -1.8352633138534546, -1.176779570185852, -0.42764288386077887, -1.7151811738845826, -0.8427258153793336]
JVASP-90453,Mg6NbC,-0.6530739684936524,[-1.8595508952972413, -1.1393672843811036, -1.7707198282119752, -1.1309626718399048, -0.6530739684936524, -0.9385678192016602]
JVASP-90546,NaMg6Nb,-0.6651520152923585,[-1.7904221435424805, -1.6336931606170655, -1.0030071159240723, -0.6651520152923585, -1.6508179326889039, -1.1998346467849732]
JVASP-90636,Mg3SbO4,7.005276976025391,[0.6795313934448242, 6.7182119468811035, 7.005276976025391]
JVASP-90589,Li3Mg,-1.6490582247612,[-1.6490582247612, -2.0964736958381653]
JVASP-98768,Sr3MgSi2O8,6.8121569732788085,[5.855634031689453, 6.8121569732788085, 6.607031641400146, 4.669474420941162]
JVASP-64421,Ba4MgNb,-1.622033180796814,[-1.622033180796814]
JVASP-97312,Na2SrMgP2O8,8.946693716442871,[5.141777811444092, 6.472904024517822, 8.946693716442871, 7.115158377087402]
JVASP-90777,Sr3Mg,-1.2954556365844727,[-1.7854663749572754, -1.2954556365844727]
JVASP-90455,Mg6ZrC,-0.7096444984313965,[-2.019828500354004, -1.3852731605407715, -1.9758071323272706, -1.0347885509368897, -0.7096444984313965, -1.2585307975646973]
JVASP-91898,SrMg6W,-0.5160199423667908,[-1.4256250282165528, -1.6433808227416993, -0.7918694039222718, -0.5160199423667908, -1.1805132647392274, -0.9196882267829896]
JVASP-91949,CeMg6Al,-0.5467478652832032,[-2.0158000608322144, -1.8412752767440796, -1.1050224920150757, -1.2881537099716187, -0.5467478652832032, -2.597270907962036]
JVASP-90637,YMg6Cu,-1.277373494708252,[-1.9520415683624268, -1.7440347095367432, -1.2815880199310303, -1.3947796245452881, -1.277373494708252, -1.6990765949127198]
JVASP-90547,MgAl3,-1.4943725486633301,[-1.4943725486633301, -1.6329070945617676]
JVASP-90590,LiMg3,-1.317823590838623,[-1.8354585786697388, -1.884838642680359, -1.317823590838623, -2.137905301654053, -2.0033344646331788, -1.53609937628479]
JVASP-49785,Na4MgO3,4.920282659924316,[4.920282659924316, 4.298629341519165]
JVASP-65260,MgZrBe,-0.9798697849151612,[-0.9798697849151612]
JVASP-64376,Ba4MgV,-2.023091258609009,[-2.023091258609009]
JVASP-90865,BaMgC2O4,-1.172712506854248,[-1.172712506854248]
JVASP-64894,MgBeGa4,-1.5735014100906373,[-1.5735014100906373]
JVASP-90459,RbMg6C,0.4428430179718017,[-1.6509650369522095, -1.7300668378707886, 0.4428430179718017, -0.421733321749878, -2.471095385157776, -1.6722221990463257]
JVASP-60886,Mg3Mn2Al18,-1.9142691512939454,[-1.9142691512939454, -1.9468228240844727, -2.0076672454711915, -2.2387067695495606, -2.1025301833984376, -2.591913404071045]
JVASP-85675,Na3MgP2HO8,7.884031591809082,[7.884031591809082]
JVASP-91899,Mg7Nb,0.41637176076202387,[-1.3950213809844971, -1.549073876940918, -1.3086445947525025, -0.31718045672149664, -1.4415643831130982, 0.41637176076202387, -4.483442070090485]
JVASP-90593,MgGa,-0.14946049650878912,[-2.153340282046509, -1.1217464824554444, -1.5713526626464844, -0.14946049650878912]
JVASP-65057,Mg4TiBe,-0.19375962218017584,[-1.9160411973831177, -1.3169985433456421, -0.19375962218017584, -1.418838681781006]
JVASP-85723,K2MgMo2H4O10,4.176867304241943,[4.176867304241943]
JVASP-65426,BaMg2Fe,0.6202602962615966,[-1.013537349307251, 0.6202602962615966]
JVASP-90460,SrHfMg6,-0.3002111335632325,[-1.676864804827881, -1.8006426711914063, -0.812928857409668, -0.3002111335632325, -2.0350064655181885, -0.3459596057769776]
JVASP-14877,Mg2Ge,-1.182630481326294,[-1.8467511554595948, -1.3447660823699952, -1.182630481326294, -1.5056700130340577]
JVASP-65011,SrMg4Be,-1.3532888313171387,[-1.9864603896972657, -1.873285474383545, -1.3532888313171387, -2.651380004489136]
JVASP-91951,KMg3O4,6.956503448880005,[3.782284078991699, 6.956503448880005, 6.3299304226997375]
JVASP-91900,BaMg7,-1.8267561813232422,[-1.8267561813232422, -1.9739586730834962, -1.836800756060791, -2.435130300128174, -2.275284471118164, -1.9568302055236817, -2.7298828979370118]
JVASP-64976,MgBe2Pb,-2.007360817992401,[-2.007360817992401]
JVASP-90594,MgGa3,-1.8399738689300538,[-1.8958320041534424, -1.8399738689300538]
JVASP-87240,RbMgF3,11.369039473927307,[11.369039473927307, 3.2320358137252807, 9.871605930722046, 4.014189300930786, 8.107843695080566, 9.5529082397583]
JVASP-65503,BaMgNi2,-0.4229087253448487,[-0.4229087253448487]
JVASP-97318,La2MgCu2,-1.6777037998077393,[-2.057808580004883, -1.6777037998077393]
JVASP-86456,MgAlSi,0.3284814933898925,[-2.1742927451965333, -1.5181824584838868, -1.5822860618469239, 0.3284814933898925]
JVASP-98414,Mg7TiH16,3.149231491482544,[-1.0932762046691895, 0.7568758110168456, 0.40713077584533686, 1.9869528392913818, 1.6153662780883788, 2.9175975898864746, 3.149231491482544]
JVASP-91953,Mg6FeSi,-0.10977357825012213,[-1.6232795139190674, -1.7102939506408692, -1.395964803302002, -0.6043238063690186, -0.10977357825012213, -2.0627685209152222]
JVASP-90780,SrMg,-1.5350653549072266,[-2.8778359313842774, -1.5350653549072266, -3.2669941802856446, -3.598892869555664]
JVASP-91901,CeMg7,-0.5445682426330567,[-1.9139130731460572, -1.5957132001754761, -0.6123716255065919, -2.1786333938476563, -1.9640485664245606, -0.5445682426330567, -2.253441037738037]
JVASP-90595,Mg3Ga,-0.8860134502288819,[-2.025756539904785, -1.744930924975586, -1.4600526710388184, -1.406070890032959, -0.8860134502288819, -1.319778861605835]
JVASP-88736,CaMgSi2O6,7.332585153973389,[6.890368280804443, 7.332585153973389, 5.763203916943359, 5.743099508679199]
JVASP-91954,RbMg6Fe,-1.6272563358184815,[-1.8750502487060547, -1.7204381843444825, -1.971749248110962, -1.6272563358184815, -2.676567616069031, -1.8712554593917847]
JVASP-65229,Mg4BeNb,0.3224483112457275,[-1.9214838167068482, -0.88384586771698, 0.3224483112457275, -1.5164356847640992]
JVASP-91904,BaMg6Mo,-0.7841007133361817,[-1.9269062896606446, -1.5462631603118897, -1.2048863788482667, -0.7841007133361817, -1.7023313661453248, -1.3297372480270386]
JVASP-60915,Ca4MgB4H6C2O18,4.579827127850342,[4.579827127850342]
JVASP-91955,SrMg6Fe,-1.1647486110565186,[-1.865405025088501, -2.0403870960113526, -1.1647486110565186, -1.5526918788787842, -1.9026822467681885, -2.820548953616333]
JVASP-90782,SrMg3,-1.5687477012512208,[-1.6841644664642335, -1.7644061466094971, -1.5687477012512208, -1.9910632987854004, -2.069954576098633, -2.2029868980285645]
JVASP-91907,RbMg6Mo,-1.3569378276702881,[-1.6560692211029053, -1.7367283721801758, -1.3569378276702881, -1.8945314308044434, -2.2151575704452515, -2.244464101397705]
JVASP-85680,Rb3MgH5,1.9789894203308105,[1.8504093269470214, 1.9789894203308105]
JVASP-90598,Mg3Bi,0.044843969738769474,[-1.9216172119018555, -2.1069559474823, -1.5782615562316895, -1.9512867351409913, -0.35461777647705084, 0.044843969738769474]
JVASP-91956,SrMg6Fe,-1.4047457595703126,[-2.0687536617156983, -1.6023144145843506, -1.591061296069336, -1.4047457595703126, -1.780685605609131, -2.472496213519287]
JVASP-91909,RbMg6W,-0.8714489360687256,[-1.9595546146270753, -1.4094986339447022, -1.344854774081421, -0.8714489360687256, -1.522225560748291, -1.6598891635772706]
JVASP-65276,Mg4BeRe,1.4668815712097167,[-1.6067265888092042, -1.2808136363861085, 1.4668815712097167, -1.285194220149231]
JVASP-85681,BaMgH4,2.6755502800109863,[0.4474094490173339, 2.6755502800109863]
JVASP-90599,CaMg3,-1.3098003288146973,[-1.6220354457733155, -1.5649203678009034, -1.3698388954040528, -1.3098003288146973, -2.05072659453125, -3.3393155952331544]
JVASP-91957,Mg6SnB,0.561869440472412,[-1.4793290515777588, -0.8751899619934083, -2.0084707160827637, -0.637095870578003, 0.561869440472412, -2.1518532653686524]
JVASP-90783,MgTi,-0.32181519468994146,[-1.8260921855804444, -1.3581079860565186, -0.32181519468994146, -0.7608653922912598]
JVASP-85880,Mg3Sb2,0.6439198831680297,[-1.2432293315765381, 0.5821651796463012, 0.6439198831680297]
JVASP-91910,RbMg6W,-1.0199288745758057,[-1.6046938320037842, -1.8013755699035645, -1.0199288745758057, -1.7060644050476075, -1.9460520168182374, -1.9864314218399048]
JVASP-91958,Mg6VW,0.134929595387268,[-1.8043538947937012, -1.2519013305541993, -1.1416190286514283, 0.134929595387268, -0.01781696280212408, -1.6423358341094971]
JVASP-69152,BaNa2Mg,-2.1085674186584473,[-2.1085674186584473]
JVASP-91911,RbMg6Mo,-1.1489294191238404,[-2.084078611933899, -1.2722108980056763, -1.5753052850601197, -1.1489294191238404, -2.149303140246582, -1.640577020251465]
JVASP-98665,Na2MgInF7,13.272949514782715,[10.459996519482422, 13.272949514782715, 9.483223019039917, 8.603273926174927]
JVASP-90784,MgTi,-0.9754540344116212,[-1.756159009539795, -0.9754540344116212, -2.0697707553741456, -3.6526889224884034]
JVASP-90600,Ca3Mg,-1.3464612384674073,[-1.4778017421600342, -1.3464612384674073]
JVASP-42567,Li2Mg2MnFeP4O16,8.24587756196289,[6.807204542553711, 8.24587756196289]
JVASP-62771,MgB2H8,-0.23615187605590826,[-0.23615187605590826]
JVASP-91961,NaMg6Nb,-1.109010400378418,[-1.5691596885559083, -1.4659635444519044, -1.1763107200500489, -1.3442103286621094, -1.109010400378418, -1.7470492740509034]
JVASP-69311,BaCa2Mg,-1.7722682376739503,[-1.7722682376739503]
JVASP-69156,Ba2MgZn,-1.341551961505127,[-1.341551961505127]
JVASP-69157,BaSrMg2,-1.6382610221740723,[-1.7530199905273438, -1.6382610221740723]
JVASP-63039,MgAs4Rh6,-0.9703990836975098,[-0.9703990836975098]
JVASP-91715,BaMg6W,-0.507647456729126,[-1.7893092652198792, -1.5445406456825257, -1.1405411382553101, -0.507647456729126, -1.1833572407600403, -0.845430614554596]
JVASP-91962,RbMg6C,0.07275801697998041,[-2.115616263949585, -1.7983943839904786, -1.4249290843841553, 0.07275801697998041, -0.8562538047668458, -2.4662742038604737]
JVASP-69040,Ba2MgTe,-1.8954550643798829,[-1.8954550643798829]
JVASP-65787,BaMgBi2,-1.82796949347229,[-1.82796949347229]
JVASP-87944,Ca2MgP2H4O10,6.0440905670288085,[6.0440905670288085]
JVASP-66090,Ba4MgOs,-1.3473330160018921,[-1.3473330160018921]
JVASP-65406,BaMgIr2,0.41431742707519525,[0.41431742707519525]
JVASP-86799,Mg3Bi2,0.08961993256835932,[-1.3345817943450928, -0.37833279570312506, 0.08961993256835932]
JVASP-68962,BaSrMg2,-1.4956643005249024,[-1.6686989684936524, -1.4956643005249024]
JVASP-91865,Mg7Ga,-1.355850638949585,[-1.805470647418213, -1.8059064765808106, -1.355850638949585, -1.8286141773101807, -1.5891296287414551, -1.4238893409606934, -3.020915689074707]
JVASP-69241,BaMgSe4,-2.3738519569274903,[-2.3738519569274903]
JVASP-69162,KBaMg2,-1.8108477016326905,[-2.011328639590454, -1.8108477016326905]
JVASP-91914,LaMg3O4,5.650639830029297,[-1.1298930068847657, 5.650639830029297, 5.2004321197631835]
JVASP-63423,LiMgAsO4,7.025298414624023,[5.840096769726562, 7.025298414624023, 6.393349943554687, 6.426572142041016]
JVASP-65563,BaMgCl2,-2.4919342418548585,[-2.4919342418548585]
JVASP-86801,MgBIr,1.8497779945495605,[-1.442025365435791, -1.2736932655212403, -1.5124146362182618, -0.7432715316650391, 1.244883356488037, 1.8497779945495605]
JVASP-91866,Mg7Cd,-1.635689916217041,[-1.7887279411193848, -1.8358365913269044, -1.635689916217041, -2.052015485369873, -1.9843546768066407, -1.7440306564208985, -2.7059728523132325]
JVASP-66413,BaMgSn,-2.8875399251815796,[-2.8875399251815796]
JVASP-69123,BaMgGa2,-1.655504884326172,[-1.655504884326172]
JVASP-65635,Ba2MgGa,-1.3442624231216431,[-1.3442624231216431]
JVASP-90560,Mg3Ti,-0.008967699610900937,[-1.421264650428009, -1.0211547633049012, -0.21119874914855963, -1.7492651363250733, -0.8674393316146851, -0.008967699610900937]
JVASP-65213,MgBeCu4,0.572907267010498,[0.572907267010498]
JVASP-65410,BaMg2Mn,1.0345988849761962,[-1.188356103503418, 1.0345988849761962]
JVASP-65565,Ba2MgMn,-1.3097286840316773,[-1.3097286840316773]
JVASP-69248,BaSrMg2,-1.6655160804626465,[-1.7257129569885254, -1.6655160804626465]
JVASP-91867,HfMg7,0.06193357507019037,[-1.5509933849212647, -1.4196771999237061, 0.06193357507019037, -1.3789576907989503, -1.8124788423416138, -0.4344082494613648, -3.1973342319366456]
JVASP-90787,MgTi,-0.5697378536102295,[-1.6767374893066407, -0.9884993453857422, -0.5697378536102295, -3.4039592166778565]
JVASP-66057,Ba4MgIr,-1.7711653133270264,[-1.7711653133270264]
JVASP-90604,Mg3Al,-0.18484920462341314,[-1.6302134414550782, -1.8573219200012208, -1.5545219798919678, -2.350749911868286, -0.18484920462341314, -0.5591122527954102]
JVASP-92196,Mg6FeNi,-0.31589454611511236,[-1.7470340152618409, -1.161542834841919, -1.815517844760132, -0.31589454611511236, -0.5547164102432252, -0.38020330866546637]
JVASP-65104,MgBe2Se,-1.5328461547729493,[-1.5328461547729493]
JVASP-86802,MgH2,6.03139489690094,[-1.1623086353179932, 3.041159210598755, 3.302915273106384, 6.03139489690094]
JVASP-69214,KBaMg2,-1.7054416557189942,[-2.0130035301086426, -1.7054416557189942]
JVASP-65252,Mg4BePb,-1.0248860736724854,[-1.8667055984375, -1.60351938208313, -1.0248860736724854, -1.8210377117034913]
JVASP-91868,Mg7B,-1.1414560695526124,[-1.9388222118255616, -1.8385817428466797, -1.1414560695526124, -1.4470083137390137, -1.480094613635254, -1.1557099243041993, -3.3671287914154053]
JVASP-66613,BaLiMg,-2.356838645541382,[-2.356838645541382]
JVASP-90562,Mg3Ti,-0.527650537097168,[-1.6863275190231324, -0.6707782169219971, -2.032275678717804, -1.740635635459137, -0.527650537097168, -0.6091479678985596]
JVASP-90605,Mg3Al,-0.7546581645843506,[-1.7524542232391358, -1.5560771842834473, -1.1624489446517945, -1.7485352178451539, -1.0346137901184083, -0.7546581645843506]
JVASP-69012,BaSrMg2,-1.4252581020233155,[-1.6720017810699463, -1.4252581020233155]
JVASP-90788,MgTi,-0.6512867828247071,[-1.7066888233062745, -1.0988239665863038, -1.1592957397338868, -0.6512867828247071]
JVASP-91870,Mg7Ti,-0.6475853343841553,[-1.821354093157959, -1.3871926685211182, -1.09615534743042, -0.9648746868011475, -1.7112779041168213, -0.6475853343841553, -3.3129958530303956]
JVASP-66223,BaMgIn,-2.5929664989349366,[-2.5929664989349366]
JVASP-66148,BaMgCd,-2.575123967730713,[-2.575123967730713]
JVASP-65571,Ba2MgZr,-1.320772947871399,[-1.320772947871399]
JVASP-61815,MgBeAl4O8,4.024771032727051,[3.9508574585083007, 4.024771032727051, 3.7525938133361816, 3.787171183026123]
JVASP-65755,Ba2MgV,-1.793648125731659,[-1.793648125731659]
JVASP-91871,SrMg7,-1.6138188262817383,[-1.8204395194885254, -1.789806069934082, -1.6138188262817383, -2.2778913398620606, -2.417699994647217, -1.942788304888916, -2.9351226707336426]
JVASP-66076,Ba4MgW,-1.81268948515625,[-1.81268948515625]
JVASP-66346,Ba4MgRe,-1.773979129397583,[-1.773979129397583]
JVASP-66505,BaMgTe,-3.409880580508423,[-3.409880580508423]
JVASP-90606,Ca3Mg,-1.0528189559814454,[-1.5325199981567383, -1.0528189559814454]
JVASP-90563,Mg3Ti,0.2251654843452453,[-1.6346408744689942, -1.574809732043457, 0.2251654843452453, -1.5800623913642884, -0.9322720785972596, 0.059056995308685245]
JVASP-66549,BaMgTl,-2.697626533114624,[-2.697626533114624]
JVASP-66230,BaMgZn,-2.701788844668579,[-2.701788844668579]
JVASP-91921,CaMg3,-1.237827481829834,[-1.711272182070923, -1.8216184993621827, -1.237827481829834, -2.004856290423584, -1.9516784568664551, -1.9138605018493653]
JVASP-66392,BaMgSc,-2.3830305953857422,[-2.3830305953857422]
JVASP-91872,Mg7W,0.6021297554138183,[-1.4846423288223267, -1.2920056005355836, -1.0438583513137818, 0.2427610735061645, -1.1358158012268067, 0.6021297554138183, -5.459697427355957]
JVASP-65322,BaMg2Ta,-1.5757046361801148,[-1.5757046361801148, -1.677553953730774]
JVASP-65647,BaMgCl2,-2.42828482588501,[-2.42828482588501]
JVASP-69136,BaCa2Mg,-1.7278415580627442,[-1.7278415580627442]
JVASP-63114,MgB2H8,-0.5886711498138428,[-1.1975616832611085, -0.5886711498138428]
JVASP-66662,BaMgHg,-2.8632063289520264,[-2.8632063289520264]
JVASP-66233,BaMgBr,-3.3537177463409424,[-3.3537177463409424]
JVASP-69346,K2BaMg,-2.494167985522461,[-2.494167985522461]
JVASP-66476,BaMgBi,-2.7070860286590577,[-2.7070860286590577]
JVASP-69300,BaNa2Mg,-2.1959394832489014,[-2.1959394832489014]
JVASP-91873,Mg7Sb,2.177900729573059,[-2.1824979205963135, -1.9312686344024659, -1.625302257144165, -1.75816387137146, -1.3735640664932252, 2.177900729573059, -4.927239598834229]
JVASP-66284,BaYMg,-2.3856295963165284,[-2.3856295963165284]
JVASP-68987,BaSr2Mg,-1.7328636070129395,[-1.7328636070129395]
JVASP-65650,BaSr2Mg,-1.7337695976135254,[-1.7337695976135254]
JVASP-90564,Y3Mg,-1.0086054225799561,[-1.0086054225799561, -1.4960421939727784]
JVASP-66958,MgTaBe2,-1.4356886764404297,[-1.4356886764404297]
JVASP-65695,BaMgCl2,-2.4282295127746583,[-2.4282295127746583]
JVASP-69272,Ba2MgSn,-1.8440772910949708,[-1.8440772910949708]
JVASP-65733,BaCaMg2,-1.6966189761993409,[-1.8004006763336182, -1.6966189761993409]
JVASP-62827,MgB2H8,-0.8146044631835938,[-1.1684510131713868, -0.8146044631835938]
JVASP-91874,Mg7Al,-0.865200700366211,[-1.8198413272735596, -1.6971067806121827, -1.3986865898010254, -1.6919052024719239, -1.6814677139160157, -0.865200700366211, -3.5368837734100342]
JVASP-1765,LiMgAs,0.7963666299942016,[0.7963666299942016]
JVASP-69353,Ba2MgSb,-1.9683520217773438,[-1.9683520217773438]
JVASP-65655,BaSr2Mg,-1.7341604848739625,[-1.7341604848739625]
JVASP-66870,MgBe2Cu,-1.2471826692459107,[-1.2471826692459107]
JVASP-66706,MgBeIr,-1.1022545715209962,[-1.1022545715209962]
JVASP-66371,BaMgCl,-3.4229838868019105,[-3.4229838868019105]
JVASP-65341,BaMgZr2,-0.9897441287872315,[-0.9897441287872315]
JVASP-66408,BaMgMn,-2.5587355514404297,[-2.5587355514404297]
JVASP-91875,Mg7C,5.754679260647583,[-1.6622819324371338, -1.9305514713165284, -1.1596547981140137, -1.4235546012756348, -1.2543949504730225, 5.754679260647583, -10.380565764510346]
JVASP-62846,MgBIr,2.8143518547180175,[-1.5599619766113282, -1.6435057540771485, -1.1166259666320801, -0.5782358070251465, 1.4644363502624511, 2.8143518547180175]
JVASP-67271,MgBeTc,-1.8843347450134278,[-1.8843347450134278]
JVASP-68906,HfMgBe2,-0.7471577545043946,[-0.7471577545043946]
JVASP-67857,NaMgBe,-1.4215027709838868,[-1.4215027709838868]
JVASP-86078,NdMgSi2,0.4468675235870361,[-1.819410028063965, -1.850862207019043, 0.4468675235870361, -0.789258899295044]
JVASP-67818,MgBeCr,-2.2718819995758057,[-2.2718819995758057]
JVASP-91876,LiMg7,-1.4088355918762208,[-1.779232444369507, -1.9124712367889405, -1.4088355918762208, -2.240712823474121, -1.9594089408752442, -1.8952080627319337, -3.1246677060958863]
JVASP-68478,MgBeZn,-2.110666813456726,[-2.110666813456726]
JVASP-66797,MgBeZn,-1.6573888679382325,[-1.6573888679382325]
JVASP-90568,Mg3Zn,-1.362571658694458,[-1.7700950523254395, -1.9395605941650391, -1.60789269407959, -1.8720399757263184, -1.6620563884613038, -1.362571658694458]
JVASP-91821,RbMg6W,-0.8573876043197632,[-1.9754430671569825, -1.430048169696045, -1.3235085626480103, -0.8573876043197632, -1.5376409908172608, -1.659910263621521]
JVASP-91877,CaMg7,-1.6112043281433106,[-1.8653506656524659, -1.6484941860076905, -1.6112043281433106, -2.148342313372803, -2.150192203128052, -1.7557749172088624, -3.3050052543518067]
JVASP-72918,MgBe2Br,-2.6266754289505005,[-2.6266754289505005]
JVASP-67706,MgBeRe2,-0.7572571655151368,[-0.7572571655151368]
JVASP-67743,MgBeRu2,0.1681099514129638,[0.1681099514129638]
JVASP-50345,BaMgO2,5.087060270703125,[4.751499233639526, 4.834274826443481, 5.087060270703125]
JVASP-67456,MgZrBe2,-0.8359863181945801,[-0.8359863181945801]
JVASP-68486,MgMnBe,-1.8304805179473878,[-1.8304805179473878]
JVASP-92179,SrMg3,-1.5225591083404542,[-1.7230724712249756, -1.6726130863067628, -1.5225591083404542, -1.6919989009735108, -2.0690853019592286, -3.7074520011779786]
JVASP-68306,CaMgBe,-1.7021401544448853,[-1.7021401544448853]
JVASP-72942,MgBe2Pd,-0.697426738345337,[-0.697426738345337]
JVASP-67213,MgBeRh,-0.03210467299194342,[-0.03210467299194342]
JVASP-91878,YMg7,-0.7091733833190919,[-1.7574483772155762, -1.5421881099578858, -0.7091733833190919, -1.6872605701324463, -2.046134414279175, -1.4217290302154542, -2.758240284526062]
JVASP-66809,MgBeIn,-1.742853345477295,[-1.742853345477295]
JVASP-68919,Mg2BeBr,-1.338598908984375,[-1.3591861148712159, -1.338598908984375]
JVASP-68856,MgBeTe,-2.4564784189102173,[-2.4564784189102173]
JVASP-63006,MgB2C2,3.7336872200134277,[-0.453154744708252, 3.7336872200134277]
JVASP-68241,MgMn2Be,-0.8464617153045655,[-0.8464617153045655]
JVASP-91879,Mg7Zn,-1.520662011706543,[-1.7343024631378174, -1.7585305591461182, -1.520662011706543, -2.170451345050049, -1.941494645678711, -1.6910569091674805, -2.8831502815124512]
JVASP-86335,LaMg,-0.3044217248794556,[-0.3044217248794556]
JVASP-73592,MgBe2Sn,-1.7694515605804444,[-1.7694515605804444]
JVASP-68662,Mg2BeCl,-0.7973825355407715,[-1.188053311907959, -0.7973825355407715]
JVASP-90420,MgBr2N6,-1.226056994998169,[-1.226056994998169]
JVASP-67984,HfMg2Be,1.2556028942230224,[-1.3788518329498292, 1.2556028942230224]
JVASP-62854,MgB2H8,-0.016805829608154355,[-1.1453635116455079, -0.016805829608154355]
JVASP-90218,MgN8,3.7425349334838867,[3.7425349334838867]
JVASP-88284,CaMgSiO4,6.033614454663086,[5.826354799664307, 4.5432546714904785, 6.033614454663086, 5.522632894909668]
JVASP-67143,MgBeSe,-1.85383516749115,[-1.85383516749115]
JVASP-91880,Mg7Mo,0.6477702240112304,[-1.5508636852142335, -1.6352776904937745, -1.0874477048751832, -0.47390395601959234, -1.2922174354431153, 0.6477702240112304, -4.983088078105164]
JVASP-91825,Mg3BO4,7.906064806378174,[3.5497196296813964, 6.024385271466064, 7.906064806378174]
JVASP-68432,MgMnBe2,-0.8756777664062501,[-0.8756777664062501]
JVASP-74067,MgBePd2,-0.37700265845031744,[-0.37700265845031744]
JVASP-68675,MgBeIn,-1.5409308095809937,[-1.5409308095809937]
JVASP-90572,MgZr3,-1.2391244789001465,[-1.3589794059631348, -1.2391244789001465]
JVASP-68135,MgBeP,-1.225474776828003,[-1.225474776828003]
JVASP-67929,MgBeTe2,0.29406338731079096,[0.29406338731079096]
JVASP-91881,Mg7Mn,4.545822678005981,[-1.7478622814056397, -1.8326448818084717, -1.343622388446045, -1.3165819068786622, -1.329168738925171, 4.545822678005981, -6.984900178515625]
JVASP-89762,LiMg4H13Os2,1.7805932144287109,[-1.7452012916442872, 1.7303560356262206, 1.7805932144287109, 0.679756460583496, 1.1291151622894287, 1.6663041690948486, -3.58460372885437, 0.7610407451751708]
JVASP-67834,MgBeSb,-1.6820926090118409,[-1.6820926090118409]
JVASP-91882,Mg7Zr,-0.1897791047927857,[-1.5204148908493043, -1.2580822130081177, -0.1897791047927857, -1.5854182859298707, -1.596111001574707, -0.7971164604064942, -2.5780710597869874]
JVASP-74012,MgBeRh2,0.12661343613891596,[0.12661343613891596]
JVASP-91830,KMg6W,-0.8232468982574463,[-1.911478342616272, -1.5810993333694459, -1.3246423622009278, -0.8232468982574463, -1.247153105342102, -1.6163198371765137]
JVASP-90574,Y3Mg,-0.868376912677002,[-0.8767372985717774, -0.868376912677002]
JVASP-85836,LaMg,-0.3044217248794556,[-0.3044217248794556]
JVASP-15780,PrMgGa,-0.8061313053009034,[-1.4685854335662842, -1.279110612475586, -0.8061313053009034]
JVASP-91883,Mg7Cu,0.6652405838134765,[-1.7221733947631837, -1.8120810409423829, -1.4340803047058106, -1.5618554969665528, -1.8792893310424805, 0.6652405838134765, -2.2028457542297364]
JVASP-67307,CaMgBe,-1.1436685939666749,[-1.1436685939666749]
JVASP-91832,LaMg6B,-0.3930440564987183,[-1.9218983074066163, -1.8405371328231812, -0.7974249740478516, -0.3930440564987183, -2.1834175010559083, -1.4655053039428712]
JVASP-66847,MgTiBe,-1.5702516456481934,[-1.5702516456481934]
JVASP-68620,MgBe2Tc,-1.3149439712402344,[-1.3149439712402344]
JVASP-73731,MgBe2Sn,-1.503696622454834,[-1.503696622454834]
JVASP-92187,CaCeMg6,-0.9827522655364991,[-1.8355783840057374, -1.680731238925171, -0.9827522655364991, -1.324621619784546, -1.7933079620239258, -1.121113957965088]
JVASP-91884,KMg7,-1.965197267138672,[-2.0773131271240235, -1.965197267138672, -2.2376787086364747, -2.316546620928955, -2.491390409075928, -2.625862779223633, -2.9519841094848633]
JVASP-91834,RbMg6Mo,-1.3574425598022462,[-1.6123544593688965, -1.7807919402954102, -1.3574425598022462, -1.8884374519226075, -2.2284647842285157, -2.2365650554534913]
JVASP-67839,MgBeMo2,-0.562137784564209,[-0.562137784564209]
JVASP-92188,Mg3BiO4,6.524482307827759,[0.586536941921997, 6.524482307827759, 6.286395607388306]
JVASP-75515,MgAsP,-0.25460261305542,[-0.25460261305542]
JVASP-3687,MgH2,4.909033594525146,[1.5351751426818847, 4.909033594525146]
JVASP-91734,Na2MgPb,-1.032545032107544,[-1.032545032107544, -1.6391481777069092]
JVASP-91885,SrMg6Mo,-0.4137064834472657,[-1.680934490763855, -1.5681374688980103, -1.2720996757385254, -0.4137064834472657, -1.7355404516098023, -1.4854040761825562]
JVASP-66944,MgBe2Cu,-1.2468622346755982,[-1.2468622346755982]
JVASP-68686,MgBe2V,-1.4609844108459473,[-1.4609844108459473]
JVASP-68205,MgBeSi2,-1.5091025253173829,[-1.5091025253173829]
JVASP-67022,MgBeGa,-1.789732040965271,[-1.789732040965271]
JVASP-68330,MgBeOs,-1.564658822619629,[-1.564658822619629]
JVASP-67255,MgBe2Te,-1.3444520851013184,[-1.3444520851013184]
JVASP-92189,Mg3CO4,8.136699495709228,[4.0490530113342285, 6.716093836224365, 8.136699495709228]
JVASP-91886,Mg7V,-0.3052900453445435,[-1.761971654498291, -1.4423291107055665, -1.310678782069397, -1.5933781286117554, -1.533884110057068, -0.3052900453445435, -3.7721250673171998]
JVASP-67601,MgBeGe,-1.9716833849784852,[-1.9716833849784852]
JVASP-67602,MgBeTc2,-0.9477621932861329,[-0.9477621932861329]
JVASP-3774,K2MgCl4,5.186767754948425,[5.186767754948425]
JVASP-92884,HfMg6Cr,-0.20164674719543463,[-1.786576034629059, -1.5233997126457215, -1.0793556590911866, -0.577178182208252, -0.20164674719543463, -1.5167545696136475]
JVASP-69639,Mg4BeMo,0.22396701375274652,[-1.5841932912704468, -0.9488468786117554, 0.22396701375274652, -1.6371628661987305]
JVASP-91887,Mg7Ni,2.6528127769592285,[-1.749283017718506, -1.805693807208252, -1.282927693927002, -0.9371625800964356, -1.35293024977417, 2.6528127769592285, -2.5108100791809083]
JVASP-92924,Mg6WC,1.1566444019439697,[-1.615939201914978, -1.3058565278884888, -0.7090179344055176, 0.9910197834136962, 1.1566444019439697, -1.575151028239441]
JVASP-93102,Mg6NbSi,0.5523049215438842,[-1.6686981340286255, -1.680245580279541, -1.725575866305542, -1.2784674783584595, 0.5523049215438842, -2.135914387309265]
JVASP-94065,SrMg6V,-1.5031053443786622,[-1.6601399799224854, -1.505480708682251, -1.7067033668395997, -2.072748841845703, -1.7909743209716797, -1.5031053443786622]
JVASP-67689,MgBeTc2,0.3379681686523437,[0.3379681686523437]
JVASP-76280,Li12Mg3Si4,0.4326757768753051,[-1.7752628942367554, -1.6330426355239869, -1.694641413294983, -0.8045511861679078, -0.8242304941055298, 0.4326757768753051]
JVASP-90759,Li3Mg,-1.610197128855896,[-1.630149783694458, -1.610197128855896]
JVASP-68585,MgBe2Tc,-1.3137564082977295,[-1.3137564082977295]
JVASP-90577,MgSb3,-1.6419126411315919,[-1.6419126411315919, -1.6484214683410645]
JVASP-92885,HfMg6Cr,-0.026039304339599667,[-1.9150827546951295, -1.7314375062820435, -0.7707234044906617, -1.3523145337936402, -0.026039304339599667, -1.7859355827209473]
JVASP-93168,LiMg6B,-1.2157389541503907,[-1.9713873287078858, -1.8603069206115723, -1.2157389541503907, -1.529723109805298, -1.4351524730560303, -1.9095174690124512]
JVASP-94125,LiMg6Co,-0.5681458135482789,[-2.1417219062683106, -1.5683738609191895, -1.2994205375549317, -0.6979028602478028, -1.9333332200881959, -0.5681458135482789]
JVASP-74044,MgBeRh2,0.12662774125366205,[0.12662774125366205]
JVASP-53811,SrMg2FeH8,0.7781789878967285,[-1.1592146774169922, 0.7781789878967285]
JVASP-92925,Mg6CdGa,-1.3744635005828858,[-1.8588284870025635, -1.6851505657073975, -1.6749650855895997, -1.950377645098877, -1.3744635005828858, -2.2552093883392335]
JVASP-91888,Mg7Sn,-0.27607959707946783,[-1.9718205352661133, -1.839059056842041, -1.2996599098083497, -1.639197053515625, -1.60504526098938, -0.27607959707946783, -3.2531086822387696]
JVASP-94067,Mg6VCr,-0.588882329070282,[-1.4394588490364075, -1.1852771063682557, -1.1931315680381775, -0.8384299298164368, -0.588882329070282, -2.3928020020362855]
JVASP-93103,CeMg6Nb,-1.0441548248168946,[-1.652130665385437, -1.8771039863464356, -1.5053582211372376, -1.3377411385414124, -1.0441548248168946, -1.6693801303741456]
JVASP-69929,MgMnBe2,-1.5378076454040528,[-1.5378076454040528]
JVASP-94205,Mg6CuSi,-0.7048208137390137,[-1.7550598998901368, -1.6516439338562012, -1.321907939517212, -0.8949384113189698, -0.7048208137390137, -1.391737165057373]
JVASP-90763,LaMg3,-0.7635311504241944,[-1.40812462767334, -0.8183895965454102, -0.7782363315460206, -0.7635311504241944, -1.4673790355560303, -1.2339369674560547]
JVASP-93169,SrLiMg6,-1.6099326034423829,[-2.0716328044769288, -1.7707952876922608, -1.6099326034423829, -1.9554607292053223, -1.8321794887420655, -2.821854056918335]
JVASP-86197,Mg3Bi2,0.08944779435424799,[-1.3460115810272217, -0.36673277815551764, 0.08944779435424799]
JVASP-90578,Mg3Sn,-0.017498912417602597,[-1.8251690288421631, -2.107674541079712, -1.067693056666565, -2.1189261098739625, -0.017498912417602597, -0.20981258352966314]
JVASP-92886,Mg6MoW,0.40446263352661127,[-1.8725933452484131, -1.6085531135437012, -1.3243169208404542, 0.382172403729248, 0.40446263352661127, -1.0260412116882325]
JVASP-94126,Mg6CoMo,0.2299618105056762,[-1.7264878769752503, -1.692263962828827, -1.2317474504348755, -0.9410393854019166, 0.2299618105056762, -1.7896102090713502]
JVASP-94069,Mg6TiV,-0.7298391481277466,[-1.6956315656539918, -1.3071680684921265, -1.3432469387886048, -1.076883914076996, -0.7298391481277466, -1.5378137250778199]
JVASP-94208,Mg6FeSb,-0.3835917135116578,[-1.879792871081543, -1.8016216178771973, -1.7589277048942566, -0.885385038459015, -0.3835917135116578, -1.134787382685852]
JVASP-92926,Mg6BW,0.6875756363037109,[-1.8523688932296754, -2.021749796473694, -0.9139727970001221, -0.3780202289459229, 0.6875756363037109, -1.7692882438537598]
JVASP-91889,Mg7Co,2.573313293850708,[-1.7588654180404664, -1.8814046998855591, -1.2846137901184083, -0.8431326766845704, -0.967451037966919, 2.573313293850708, -4.846365632617188]
JVASP-94745,CaMg6Mn,-1.2597848792907715,[-1.7289738078948975, -1.9248980899688721, -1.2597848792907715, -2.043812932574463, -1.864729108416748, -1.762401284777832]
JVASP-93104,CeMg6Cr,-0.9957239051696778,[-1.961129130923462, -1.9259788413879395, -0.9957239051696778, -1.5915462394592286, -2.0079570432540894, -1.128359856211853]
JVASP-92192,LiMg3O4,7.473615346348572,[4.9506526569488525, 6.445867119229126, 7.473615346348572]
JVASP-93170,LiMg6Si,-1.0517752786514283,[-1.6649860759613038, -1.820612372958374, -1.6476954837677003, -1.8625206371185303, -1.0517752786514283, -1.9342358728286744]
JVASP-92887,Mg6CdMo,-0.5371431728240967,[-1.81484431227417, -0.9050714393493653, -2.008562507235718, -0.5371431728240967, -0.8903773446914673, -2.1148772855636597]
JVASP-86199,MgBIr,1.7594597915771484,[-1.436515512072754, -1.4334914108154297, -1.356106462084961, -0.7345253845092774, 1.2338526825073242, 1.7594597915771484]
JVASP-70651,MgBe2Os,-1.177902402484131,[-1.177902402484131]
JVASP-96634,BaMgSi,0.13197701970367426,[-1.6327713151809693, 0.13197701970367426]
JVASP-94128,HfMg6Co,0.6608954052093505,[-1.8221290727493287, -1.8434972186920167, -0.5873280187484742, -0.8620275874969483, 0.6608954052093505, -1.9568182845947266]
JVASP-68217,Mg2BeFe,1.6707282642486572,[-1.6163925548431397, 1.6707282642486572]
JVASP-68588,MgBe2Ru,-1.3110558410522462,[-1.3110558410522462]
JVASP-94073,KMg6V,-1.6760317703125,[-1.7170326133605958, -1.9253866096374512, -1.6760317703125, -2.1451770683166504, -2.292307796084595, -2.3102120777008057]
JVASP-94209,Mg6VCu,0.3779786209228515,[-1.6645949502822877, -1.5200420041915894, -1.458910646044922, -1.5733138938781739, 0.3779786209228515, -2.968644084536743]
JVASP-92927,Mg6BW,0.729277727997589,[-1.8638966103431702, -1.6045223494407654, -1.070751728617859, 0.46235579053192133, 0.729277727997589, -1.4185256977912903]
JVASP-70357,NaMgBe2,-0.5618610998031617,[-0.5618610998031617]
JVASP-93105,CeMg6Sb,-1.2973440309402466,[-1.9986285587188721, -2.0675682445404053, -1.8363893648025513, -1.8092013021347046, -1.5958521982070923, -1.2973440309402466]
JVASP-94746,Mg6AlCd,-1.2579147239562989,[-1.8539873977539063, -1.7673479934570313, -1.3830491920349122, -1.845260800921631, -1.2579147239562989, -2.365412416064453]
JVASP-68082,Mg2BeCo,2.2384693006637573,[-1.5340787788269044, 2.2384693006637573]
JVASP-67813,Mg2BeHg,-1.5567943473693848,[-1.8043395896789551, -1.5567943473693848]
JVASP-92193,RbYMg6,-0.8947424312469483,[-1.535337509715271, -1.8326821943161011, -0.8947424312469483, -2.0627495666381837, -2.254337491595459, -2.0017346759674073]
JVASP-93173,RbLiMg6,-1.809140147769165,[-1.809140147769165, -2.067957343661499, -2.0394594093200684, -2.0073787589904786, -2.7241451164123536, -3.0300199409362794]
JVASP-92888,Mg6NbC,0.9047284106376647,[-1.7235198636886597, -1.5085437913772584, -0.631644370162201, 0.9047284106376647, -1.211259963118744, 0.2164883593681335]
JVASP-70581,YMgBe2,1.0908686498764038,[1.0908686498764038]
JVASP-67694,MgBePb,-1.54582256277771,[-1.54582256277771]
JVASP-94211,HfMg6Fe,-0.3229941745635987,[-1.7969918270942689, -1.7532289048072816, -0.8751719613906861, -1.0040199180480958, -0.3229941745635987, -1.8641542812225342]
JVASP-94129,Mg6CoW,0.13997703591613764,[-1.762428106867981, -1.4260006566879273, -0.8404302020904542, 0.0006099323394774814, 0.13997703591613764, -1.6858553310272217]
JVASP-94078,Mg6TiV,-0.2822735925552369,[-1.7113139053222657, -1.6838292499420167, -1.1453325768348694, -1.388421656691742, -0.2822735925552369, -1.9314363618728638]
JVASP-69568,MgBe2Tc,-1.6559550186035157,[-1.6559550186035157]
JVASP-70504,SrMgBe,-1.5988397022125245,[-1.5988397022125245]
JVASP-91742,BaMg4Ge3,-0.1472134014007569,[-1.6087746044036866, -0.1472134014007569, -0.8407332321044922, -0.36576003035278326]
JVASP-92928,Mg6WC,-0.7421240230438233,[-1.3699167390701295, -1.009491505229187, -1.4237424751159669, -2.144779386126709, -0.7421240230438233, -1.9230298419830323]
JVASP-90766,HfMg3,0.0893886665466308,[-1.418492378794861, 0.0549646000030517, -0.5548109432098389, -0.8788889070388795, -0.28488892515869146, 0.0893886665466308]
JVASP-93106,LaHfMg6,-0.9006306548950196,[-1.5990391989585877, -1.4922697564002991, -0.9006306548950196, -1.5402733703491212, -1.490148129069519, -1.566169561946106]
JVASP-94748,HfMg6Al,-0.09710550507278448,[-1.732870878779602, -1.302142085635376, -0.7541217227813721, -1.575986685359192, -0.09710550507278448, -2.1193844099876404]
JVASP-93174,LiMg6Cr,-1.238163175189209,[-1.7502812763092042, -1.682834567630005, -1.3724812885162354, -1.238163175189209, -1.7095507999298096, -2.295437516772461]
JVASP-69751,Mg2BeNi2,1.6224504093292236,[-1.538624944293213, 1.6224504093292236]
JVASP-86200,MgH2,6.08073240319519,[-1.1601254363891602, 3.1621530632141113, 3.1673889736297607, 6.08073240319519]
JVASP-92889,Mg6NbCr,-0.07853275736541754,[-1.785697104537201, -1.796311380469513, -1.1672011037704468, -0.8196159025070191, -0.07853275736541754, -1.8749635835525513]
JVASP-94079,Mg6VSn,-1.1173171420928956,[-1.649097265803528, -1.3987088819381714, -1.6069247146484376, -1.2127715965148926, -1.1173171420928956, -1.2297405620452881]
JVASP-71026,CaMgBe2,-1.0390165468093873,[-1.0390165468093873]
JVASP-92929,Mg6GaW,0.6691182235839843,[-1.6800679584381104, -1.4050723930236817, -1.499870540702057, -0.32488906582565313, 0.6691182235839843, -1.4620434661743165]
JVASP-70848,MgTaBe2,-0.4862605949279786,[-0.4862605949279786]
JVASP-87169,Ba2MgWO6,2.421328840649414,[2.421328840649414]
JVASP-22682,Sr2MgH6,0.9185169319274902,[0.9185169319274902]
JVASP-93107,SrMg6Si,-0.6996430774566651,[-2.0097978731033326, -1.9340830465194703, -1.4763802905914307, -0.6996430774566651, -1.7766470332977295, -2.4798535724517823]
JVASP-93177,KMg6Bi,-1.9172140975830079,[-2.2434083839294434, -1.9172140975830079, -2.1400086303588868, -1.9620134254333497, -2.162595572077942, -2.1524229665634156]
JVASP-105817,MgGe3,-1.1839160343048096,[-1.1839160343048096]
JVASP-92890,Mg6CrBi,-1.061063291632843,[-1.942684592807007, -1.7373101135131837, -1.41520732840271, -1.8641497512695313, -1.4134587069389344, -1.061063291632843]
JVASP-94749,BaMg6Al,-1.5245568176147462,[-2.0344147106048585, -1.8547551055786133, -1.8437648435470582, -2.103703560435486, -1.5245568176147462, -2.8583418746826172]
JVASP-94080,Mg6VMo,0.14062171975402826,[-1.9152175207969666, -1.4511919041511536, -1.1015960594055176, -0.5860599895355225, 0.14062171975402826, -1.7617525478240967]
JVASP-91466,Ca3MgSi2O8,6.817472753918457,[4.621945677197266, 6.817472753918457, 6.672329245007324, 4.941441831982422]
JVASP-71064,MgBe2Nb,-1.017440976702881,[-1.017440976702881]
JVASP-69580,MgBe2Tl,-1.8162082453605652,[-1.8162082453605652]
JVASP-92934,RbMg6Cd,-1.7068907638427735,[-1.7068907638427735, -1.8510376830932618, -2.038721026980591, -2.2102007289764405, -2.693449678027344, -2.803994359576416]
JVASP-95938,Sr3MgPtO6,2.663706121838379,[2.663706121838379, 2.5455039123657226]
JVASP-93110,CeMg6Nb,-0.7156111617919922,[-1.7602949162361146, -1.7274307032463074, -1.5579291005966187, -1.326902451121521, -0.7156111617919922, -1.217807712161255]
JVASP-94751,Mg6AlCr,-0.6769574900505066,[-1.7953827997085572, -1.6034522672531129, -1.3868491073486329, -0.888297738635254, -0.6769574900505066, -1.6917203684684754]
JVASP-93180,KMg6Sb,-1.821011247241211,[-2.261410655581665, -1.8670424838897706, -2.1294609924194337, -1.9100219627258301, -1.821011247241211, -1.9172179122802735]
JVASP-94132,Mg6NbCo,1.1857259253623962,[-1.7649141569969178, -1.6085538884040833, -1.330260457598877, -0.6767603774902344, 1.1857259253623962, -1.4072864075538636]
JVASP-92891,Mg6CrGa,-0.03527313669891363,[-1.7104602475997925, -1.6095603128311158, -0.8518208881256104, -1.6686186214324952, -0.03527313669891363, -2.5644667764541627]
JVASP-94219,KMg6Cu,-1.4493102451202393,[-2.118872584902954, -2.1719898601409913, -1.4493102451202393, -1.779643477999878, -2.0571064372894288, -3.2956809421417237]
JVASP-69831,MgBe2Cl,-0.8679222484466553,[-0.8679222484466553]
JVASP-106192,SrMg2As2,0.3164333681228637,[-0.050938071810913144, 0.3164333681228637]
JVASP-94081,Mg6VSn,-0.6100990196105958,[-1.669756593310547, -1.5281910320159913, -1.400743307673645, -1.839496435725403, -0.6100990196105958, -1.5980098863479615]
JVASP-18743,PrMg2,-1.0148287435409546,[-1.8367069383499146, -1.605119289958191, -1.0148287435409546, -1.7668820043441773]
JVASP-71504,MgBe2Bi,-1.433908524119568,[-1.433908524119568]
JVASP-96682,CaMgAsO4F,7.6289527992370605,[7.6289527992370605, 7.241065321362305]
JVASP-93115,LaMg6Mo,-0.940686585509491,[-1.9551303406593323, -1.930251719557953, -0.940686585509491, -1.7125997563240052, -1.0523218532440186, -1.8755573650238038]
JVASP-70851,MgMn2Be,-1.034939469897461,[-1.034939469897461]
JVASP-71505,MgBe2P,-1.4479724784729004,[-1.4479724784729004]
JVASP-92936,RbMg6Ga,-1.530836047732544,[-1.933604659640503, -2.0963191409942628, -1.530836047732544, -2.372257651889038, -2.324732246005249, -2.9882764240142823]
JVASP-94133,Mg6CrCo,0.5899575332763671,[-1.7425887008544922, -1.3577529807922364, -1.151418985926819, -0.29383331736297613, 0.5899575332763671, -2.2714571376678467]
JVASP-92892,Mg6CrGa,-0.6157991309997559,[-1.769794525706482, -1.6325929780838013, -1.4964038749572754, -0.6157991309997559, -0.9587373157379151, -1.3324973007080079]
JVASP-94752,Mg6AlSb,-0.966148080432129,[-2.09078687628479, -1.668108882510376, -1.5344401021835328, -1.7655966897842408, -0.966148080432129, -1.4962622543212891]
JVASP-93181,KMg6Cd,-1.9750573058959962,[-2.088251771533203, -1.9750573058959962, -2.041472854220581, -2.1621827503082276, -2.5090050121185303, -2.724012794100952]
JVASP-94227,Mg6FeBi,-0.6919005533096314,[-1.8786086459991456, -1.8817006965515137, -1.7779657264587403, -1.0834936519500733, -0.6919005533096314, -1.1094070096847535]
JVASP-94082,SrMg6V,-1.1466206928131104,[-2.0356819053527833, -1.1466206928131104, -1.6427654643890381, -1.5513216873046876, -1.6299939771530152, -1.335986914241028]
JVASP-93118,LaMg6W,-0.5484192987319947,[-1.75987023314209, -1.906150760256958, -1.4542056938049317, -1.3964070697662354, -0.5484192987319947, -1.6596594472763062]
JVASP-106119,CaMgS2,2.1851380447509765,[2.1851380447509765]
JVASP-76201,TbMgSn,-0.6727938075897217,[-1.62225717505188, -0.6727938075897217]
JVASP-94134,Mg6CoSi,-0.14233756264419561,[-1.7166970392105103, -1.71617967089386, -1.4252426048156739, -0.4635562320587159, -0.14233756264419561, -0.7768961211082459]
JVASP-94083,BaMg6V,-1.413774075114441,[-1.6533151288864136, -1.8015454431411744, -1.8486868759033204, -2.046026410662842, -2.1251896043655396, -1.413774075114441]
JVASP-69839,Mg2BeCd2,-1.478742541873169,[-1.478742541873169, -1.7389933486816407]
JVASP-94230,NaMg6Co,-0.9897915740844727,[-1.9623858352539063, -1.524431886279297, -1.5014426132080079, -0.9897915740844727, -2.3171717544433594, -1.0544301887390137]
JVASP-71029,MgTa2Be,-1.340455712878418,[-1.340455712878418]
JVASP-92893,Mg6CdW,0.217976150906372,[-1.5286561866638184, -1.263882340991211, -1.424018683039856, -0.5551272054550171, 0.217976150906372, -2.0612940212127686]
JVASP-71175,MgZrBe2,-0.37131589850158697,[-0.37131589850158697]
JVASP-92937,Mg6GaBi,-1.3099219222900391,[-1.9444844146606446, -1.8846794982788087, -1.9423519988891602, -1.3099219222900391, -1.6284443755981446, -1.7177264114257813]
JVASP-93182,KBaMg6,-1.716535749041748,[-2.0474321266052247, -1.7227665801879883, -1.716535749041748, -2.746703805529785, -2.112280788027954, -2.6349872966644288]
JVASP-71069,MgBeW2,-1.0349938293334962,[-1.0349938293334962]
JVASP-69842,MgBe2Te,-1.3570922037002564,[-1.3570922037002564]
JVASP-69903,MgBeCr,-2.1237589736816407,[-2.1237589736816407]
JVASP-93121,LiHfMg6,-0.5470036884185792,[-1.4939035197135926, -1.4926948567268372, -1.1871972699996949, -0.6223190446731568, -0.5470036884185792, -1.0196033140060425]
JVASP-94754,Mg6AlSi,-0.4885100742218018,[-1.794169845187378, -1.657857360446167, -1.1546255966064454, -1.880530061328125, -0.4885100742218018, -1.562013330065918]
JVASP-94231,Mg6GaFe,0.18942004243164057,[-1.6796426196929932, -1.6189069171783448, -1.5860168357727051, -1.4390265365478516, 0.18942004243164057, -0.504325570666504]
JVASP-91402,Ba2Mg3F10,13.790417728817749,[13.790417728817749, 9.863571224606323, 7.795790253079224, 8.16518121758728, 7.5256202797058105, 11.78257065812378]
JVASP-94135,Mg6GaCu,-1.196400823199463,[-1.7560507675048829, -1.6131688972351075, -1.3618914504882813, -1.196400823199463, -1.2336022277709962, -2.0798513313171387]
JVASP-71032,MgBe2Rh,-0.5772315879699708,[-0.5772315879699708]
JVASP-71178,MgScBe2,-0.6175736804840088,[-0.6175736804840088]
JVASP-92894,Mg6BiMo,-0.2560579796669007,[-1.9168579002258301, -1.6494969745513917, -1.929989518725586, -0.890797795855713, -0.2560579796669007, -1.1677423735496522]
JVASP-71071,MgBeZn2,-1.7626964469787598,[-1.7626964469787598]
JVASP-94086,Mg6GaNi,-0.6793581863281251,[-1.7409977336761475, -1.663378657901001, -1.0502528568145753, -1.181733550631714, -0.6793581863281251, -1.9131619354125977]
JVASP-70924,Mg2BeCl,0.6402299980285644,[-1.4477569480773926, 0.6402299980285644]
JVASP-92942,Mg6GaBi,-1.311592998110962,[-1.9604243656036378, -1.8191148658630372, -1.311592998110962, -2.09811371763916, -1.4025451560852051, -1.7575890441772462]
JVASP-70526,MgBe2Se,-0.6902553459045411,[-0.6902553459045411]
JVASP-93183,KMg6Ga,-1.781692685687256,[-1.9299065490600587, -1.9476491828796387, -1.8828265090820313, -1.781692685687256, -2.5444991012451172, -2.4638301750061036]
JVASP-69592,MgBe2Se,-1.1643551011917115,[-1.1643551011917115]
JVASP-76202,TmMgSn,-1.0826811214324952,[-1.6002376695510865, -1.0826811214324952]
JVASP-94136,Mg6CoC,0.2332810143592834,[-0.8027489205238343, 0.2332810143592834, -1.5348618646499634, -0.39523083170623785, 0.09694319764404291, -0.9687806983825684]
JVASP-93122,LaMg6Mo,-0.7682356258270264,[-2.0765127559539795, -2.0121384282943726, -1.440504016482544, -1.0625463147994996, -0.7682356258270264, -1.563877286517334]
JVASP-94233,Mg6CdFe,-0.8052887340423585,[-1.7370575090286255, -1.7465794702407837, -1.370973291003418, -1.5897902866241456, -0.8052887340423585, -1.491261901461792]
JVASP-94756,Mg6AlSi,-0.7335140725013733,[-1.7174189706680298, -1.819700064265442, -1.606511952483368, -0.7335140725013733, -1.2887100597259522, -1.271091641986084]
JVASP-93719,Ce2Mg,-1.6937925239440919,[-1.6937925239440919, -1.782134236895752]
JVASP-71253,MgBe2P,-1.5435153861877442,[-1.5435153861877442]
JVASP-92946,HfMg6Ga,-0.4193367381927491,[-1.6247236152526856, -1.5995690246459962, -1.4481353183624268, -0.5081080814239503, -0.4193367381927491, -2.0004997869369507]
JVASP-93184,KMg6Cr,-1.836342753970337,[-1.836342753970337, -1.8855790515777588, -1.9723231216308594, -2.2695381065246583, -2.6807366033432007, -2.1692827363845826]
JVASP-71035,MgBe2Mo,-0.8247329612609864,[-0.8247329612609864]
JVASP-70859,MgBeV2,-2.23395413359375,[-2.23395413359375]
JVASP-93124,LiHfMg6,0.022958693898010196,[-1.4981377740737916, -1.4780566116210938, -1.1216055770751954, 0.022958693898010196, -1.8756922503349305, -0.3738265057441712]
JVASP-70150,MgBe2Ge,-1.2476999183532715,[-1.2476999183532715]
JVASP-93319,CaMg2,-1.5207919498321534,[-1.6826269050476075, -2.600545110308838, -1.5207919498321534, -2.5056976695892335]
JVASP-94234,Mg6CrFe,-0.3433316369888306,[-1.9571328779098511, -1.831167521083069, -1.148633660876465, -0.7418357749816895, -0.3433316369888306, -1.537015976512146]
JVASP-94137,HfMg6Co,0.07096677819519037,[-1.7799597402450562, -1.7431079765197754, -0.5094656368133545, -1.4101420064804078, 0.07096677819519037, -1.9609565158721924]
JVASP-94758,Mg6AlW,0.007393417752075138,[-1.7345750351783753, -1.2961137314674378, -1.45116502245636, 0.007393417752075138, -0.2787939926025391, -1.200471582019043]
JVASP-70860,MgBeSn,-1.440061392390442,[-1.440061392390442]
JVASP-94414,CeMg5,-0.7521702667114258,[-1.9844288249847413, -1.6295771022674561, -0.7521702667114258, -1.1603428741333008, -1.704333009326172]
JVASP-92896,Mg6GaMo,-0.07085317572326666,[-1.6428422351715088, -1.6523816009399415, -1.5190743823883057, -0.27254313429565435, -0.07085317572326666, -2.4130675216552735]
JVASP-94089,RbMg6V,-1.1797447820541382,[-2.001928152644348, -1.1797447820541382, -1.938027324282837, -1.7660741229888917, -2.51944476565094, -1.5268073697921754]
JVASP-71985,MgTaBe2,-1.2853085418579102,[-1.2853085418579102]
JVASP-71720,MgBeIr2,-0.598134221636963,[-0.598134221636963]
JVASP-71037,MgBeBi4,-1.448026480281067,[-1.448026480281067]
JVASP-71114,KMgBe2,-1.4292392154571534,[-1.4292392154571534]
JVASP-90917,NaMg2Tl,-2.2437633891937256,[-2.2437633891937256, -2.515309753024292]
JVASP-63887,Ba4MgMn,-2.172357740008545,[-2.172357740008545]
JVASP-3690,KMgH3,2.25536733666687,[2.25536733666687]
JVASP-94375,Sr2Mg,-1.7540020366546631,[-1.7540020366546631, -2.654662074649048]
JVASP-93185,KSrMg6,-1.7293917556640626,[-2.0039116760131837, -1.7293917556640626, -2.0148553272125245, -2.2725500484344483, -2.315303983294678, -2.6930052657958985]
JVASP-93320,CaMg5,-1.6317216773864747,[-1.9236204048034669, -1.689999284350586, -1.6317216773864747, -1.8188745399353028, -2.4874288459655762]
JVASP-94759,SrMg6Al,-1.477475108706665,[-1.9920915981170655, -1.6065248866912842, -1.8503143211242676, -1.9903656860229493, -1.477475108706665, -2.707912864291382]
JVASP-92948,RbMg6C,-0.274360479914856,[-0.7239871641036988, -0.274360479914856, -2.075432362162781, -1.2359650750991822, -1.779599966609192, -2.8270378728744507]
JVASP-94235,Mg6VFe,-0.48931145867080694,[-1.9511397500869752, -1.51948458155365, -1.1740198751327515, -0.9199402948257447, -0.48931145867080694, -1.2918303032752991]
JVASP-94138,NaMg6Co,-0.8017551322814942,[-1.7850784679290772, -1.9091925044891358, -0.8017551322814942, -1.377163590991211, -1.6085941215393067, -2.9923726936218262]
JVASP-69523,NaMgBe2,-1.8791460414764405,[-1.8791460414764405]
JVASP-92313,SrMg,-1.3640875240203858,[-2.004393519961548, -1.3640875240203858, -1.9863581081268311, -1.884072246157837]
JVASP-92897,Mg6MoC,0.32788902322082514,[-1.789958657824707, -1.5813197513458253, -0.5314750095245362, 0.32788902322082514, -0.15510851343841559, -0.5824890752670289]
JVASP-74348,Mg4BePt,0.46615201035766596,[-1.9085715432998658, -1.376469673716736, 0.46615201035766596, -0.7685725112792969]
JVASP-94090,RbMg6V,-1.6733244081375123,[-1.6733244081375123, -1.918173374736023, -1.8160271068450928, -2.266635837161255, -2.3921071906921387, -2.285861911380005]
JVASP-93721,CeMg2,-1.5200182815429688,[-1.8241400142547608, -1.5200182815429688, -2.182780685031128, -1.8655747791168213]
JVASP-69784,MgBe2Pb,-1.677144469821167,[-1.677144469821167]
JVASP-71039,LiMg2Be,-1.2519335766670228,[-1.8296297808525086, -1.2519335766670228]
JVASP-92314,SrMg,-1.3938881774780274,[-2.698701562487793, -1.3938881774780274, -2.6281129737731934, -2.538266362750244]
JVASP-93129,CeMg6B,-0.937184514605713,[-1.6079956909057618, -0.937184514605713, -1.4309329410430909, -1.740890683734131, -1.802631439768982, -2.3408146520492554]
JVASP-93186,HfMg6Ti,-0.17279833754272467,[-1.7504730840560914, -1.4568455835220337, -0.8082544227478028, -0.9579088111755372, -0.17279833754272467, -1.6787158866760254]
JVASP-94760,RbCaMg6,-1.6938077827331544,[-2.0409740825531006, -1.801390590274048, -1.6938077827331544, -2.419927777850342, -2.4510130306121827, -3.039115848147583]
JVASP-94236,Mg6FeC,0.4663907865646362,[-1.5160002132293702, -1.5234612842437745, -0.6365514417526246, -0.01656729181976324, -1.9181639572021485, 0.4663907865646362]
JVASP-93321,CeMg2,-1.5054766555664063,[-1.908082427584839, -2.1800342222091675, -1.5054766555664063, -1.8553110977050782]
JVASP-92898,Mg6SbMo,-0.039508821570587216,[-1.9110201021072388, -1.6432289501068116, -1.952686609828186, -0.770755948626709, -0.039508821570587216, -0.7198804636833191]
JVASP-94139,Mg6CoSi,0.208895979321289,[-1.729927959048462, -1.883095683657837, -1.4844884296295167, -1.4266850372192383, 0.208895979321289, -1.3328346629974366]
JVASP-74350,MgBe2Sn,-1.9524063487884522,[-1.9524063487884522]
JVASP-71528,MgBeTl2,-1.5756564756271363,[-1.5756564756271363]
JVASP-71013,Mg2BeFe,-1.6149875541564942,[-1.6149875541564942, -1.8880168815490723]
JVASP-94376,Mg2Ti,-1.11028629740448,[-1.9379916807052613, -1.11028629740448, -2.293573560321045, -1.4415947814819337]
JVASP-92846,BaMg6Nb,-1.4662472625610352,[-1.4662472625610352, -1.6516510864135743, -1.5478314777252198, -1.714425029360962, -1.5887132306930543, -1.7634533067581177]
JVASP-70837,LaMgBe,-1.0041677375671387,[-1.0041677375671387]
JVASP-94237,Mg6CrFe,0.46088093320159906,[-1.7706906219360352, -1.3657066245910645, -1.2442952414390565, -0.6243164559242249, 0.46088093320159906, -2.481013598048401]
JVASP-93131,CeMg6Si,-0.3430047055122376,[-2.0604311247703553, -1.9214717169639588, -1.217317821585846, -0.3430047055122376, -2.406970562541199, -0.833695950114441]
JVASP-71607,MgBeCu2,-1.0859666486618043,[-1.0859666486618043]
JVASP-94140,BaMg6Ni,-1.047451676928711,[-1.7731427570220948, -1.9334782977935792, -1.047451676928711, -1.5509569068786622, -1.5755240341064454, -2.640929402911377]
JVASP-70866,MgBeP2,-0.29541796644897467,[-0.29541796644897467]
JVASP-94762,Mg6AlMo,-0.0473496933815003,[-1.7049373408195496, -1.470282795035553, -1.214029612147522, -1.2375085969802857, -0.0473496933815003, -1.9424856921073914]
JVASP-92899,Mg6SbMo,-0.64596003493042,[-1.8483950515625, -1.6655368228790284, -1.3305177112457276, -0.64596003493042, -0.8318689485427857, -1.422291102015686]
JVASP-69715,MgBe2V,-0.33388442000122076,[-0.33388442000122076]
JVASP-93188,LiMg6Mo,0.07632630864410395,[-1.6717078109619141, -1.63981408079834, -0.6339667459365845, 0.07632630864410395, -1.9824748059150696, -0.2679741402503968]
JVASP-71489,MgBePb2,-1.510923983657074,[-1.510923983657074]
JVASP-91019,Ba2LiMg,-3.2368690391418458,[-3.2368690391418458]
JVASP-69796,NaMgBe2,-1.878788175189209,[-1.878788175189209]
JVASP-92847,BaMg6Cr,-1.7881800552246094,[-2.1489707847473145, -1.8338183780548096, -1.7881800552246094, -1.9872979541656495, -2.453780772292328, -2.0975778122779847]
JVASP-71222,YMgBe2,-0.44374317129821783,[-0.44374317129821783]
JVASP-72079,Mg2BePt,2.332925734913635,[-1.1201759000656129, 2.332925734913635]
JVASP-71195,MgBeRe2,-0.7575899978515626,[-0.7575899978515626]
JVASP-94377,YMg,-0.03542417486877447,[-1.8879813571807862, -0.03542417486877447, -2.1328617950317383]
JVASP-71152,Mg2BeIn,-1.2669028659698487,[-1.9271129985687256, -1.2669028659698487]
JVASP-94238,Mg6FeW,1.0317075828674316,[-1.8623442073699952, -1.5039343257781983, -1.492226543032837, -0.6584491153594971, 1.0317075828674316, -2.774777593218994]
JVASP-93134,LaMg6Nb,-1.214985730254364,[-1.7556695361968995, -1.7667588611480713, -1.4720141907569886, -1.214985730254364, -1.2210682054397584, -1.750439467036438]
JVASP-71223,HfMgBe2,-0.634314002597046,[-0.634314002597046]
JVASP-71310,MgBe2Re,-1.2055684944030762,[-1.2055684944030762]
JVASP-94142,Mg6CoB,-0.20402372082443243,[-1.6686757822868348, -1.2740118523475648, -0.8453976531860352, -0.7483286281463624, -1.4126817007896424, -0.20402372082443243]
JVASP-93323,Ca2Mg,-1.6552509685394288,[-1.6552509685394288, -2.6479095836517335]
JVASP-94763,NaMg6Al,-1.5663025995132447,[-1.9054158349868775, -1.8724504133102418, -1.911665978038025, -1.5663025995132447, -1.7732750793334962, -2.485090674960327]
JVASP-93189,LiMg6B,-0.4586908241149903,[-1.5625912567016602, -0.4586908241149903, -1.8708447833892823, -1.53030103644104, -1.7077644487258912, -2.7709993739959717]
JVASP-74356,Mg2BeW,1.5691431144836425,[-1.1339580436584473, 1.5691431144836425]
JVASP-94094,Mg6VMo,0.03868645230560297,[-1.704189958178711, -1.7316245456573487, -1.450945558154297, -0.6009477992889405, 0.03868645230560297, -1.3642335554000855]
JVASP-70976,MgTa2Be,-1.885175885760498,[-1.885175885760498]
JVASP-70868,MgBeSe2,1.5493763069274902,[1.5493763069274902]
JVASP-92848,BaMg6Bi,-1.7017568965789795,[-2.195432247721863, -1.917548956477356, -2.0203670879241944, -2.2287225147125245, -2.3895681520339966, -1.7017568965789795]
JVASP-92900,BaMg6B,-0.8803249021408082,[-1.4789746423599244, -0.8803249021408082, -2.4233147521850587, -1.5552694221374512, -1.7842819114562989, -1.9529563804504395]
JVASP-94240,Mg6GaFe,-0.5927533527252198,[-1.6308404823181153, -1.5927225967285157, -1.7604238410827637, -0.9373852630493165, -0.5927533527252198, -0.6760520358917237]
JVASP-93190,KMg6Cr,-1.6104618926879883,[-2.134452762210083, -1.6263028999206544, -1.6104618926879883, -1.959340514743042, -2.4923084398147584, -1.8586108108398438]
JVASP-93135,LaMg6Sb,-1.1747162958023072,[-2.224561156832886, -1.8716053386566163, -1.1747162958023072, -2.030268730723572, -1.59111726483078, -1.742720367514801]
JVASP-94764,Mg6NbAl,-0.21310317715377813,[-1.6750081797477723, -1.4336128254768372, -1.3316651602622986, -1.2846767922279358, -0.21310317715377813, -1.890392543875885]
JVASP-72381,Mg2BePt,2.380053697026062,[-0.21641987761230475, 2.380053697026062]
JVASP-92850,BaMg6Ga,-1.5539695640441895,[-1.9495312591430665, -1.9909030815002442, -1.5539695640441895, -2.2433878799316407, -2.258988084399414, -2.2228118797180176]
JVASP-106046,Li2MgGe,-0.8625107427474976,[-0.8625107427474976]
JVASP-94143,Mg6CuBi,-0.6772736926910401,[-1.955652656161499, -1.7213329692718506, -1.122998895251465, -1.4572021385070801, -0.6772736926910401, -1.8031634708282471]
JVASP-94095,Mg6GaNi,-0.6360408683654786,[-1.8120922466156006, -1.5355026145812989, -1.2370342632171631, -1.1074883361694337, -0.6360408683654786, -2.0839568992492676]
JVASP-92901,Mg6BMo,0.13991886178283686,[-1.8964664359924317, -1.8572892566558838, -1.1801261325714112, -0.6255094428894044, 0.13991886178283686, -1.8219799419281006]
JVASP-94241,Mg6NbFe,0.712153134739685,[-1.7309687753555298, -1.6182697435256959, -1.4843042512771607, -1.2005723138687134, 0.712153134739685, -2.066556753718567]
JVASP-18703,LiMg2Ga,-1.3568612953063965,[-1.3890966792938233, -1.3568612953063965]
JVASP-93192,KLiMg6,-1.7121815105316163,[-2.1241077800628663, -1.966596545779419, -1.7121815105316163, -2.50653451880188, -2.606458606326294, -2.711204471194458]
JVASP-71353,MgBe2P,-0.9619705100891114,[-0.9619705100891114]
JVASP-71020,Mg2BeIn,-1.905253829562378,[-1.905253829562378, -2.230897368991089]
JVASP-1324,PrMg,-1.0997709651824952,[-1.0997709651824952]
JVASP-71048,MgBeSb2,-1.425442161166382,[-1.425442161166382]
JVASP-92271,Mg3Bi,-1.1793363710281373,[-2.1145848651763917, -1.7650222202178956, -2.2000412364837647, -1.6396164317962647, -1.1793363710281373, -1.4797449727890015]
JVASP-93325,CaMg,-1.568004312121582,[-1.568004312121582, -2.6590325256225587, -2.512478055560303]
JVASP-71466,Na2MgBe,-1.3730276246902466,[-1.3730276246902466]
JVASP-93140,CeMg6C,-0.46200090845794684,[-1.181137265765381, -0.6603863855239869, -0.46200090845794684, -1.876994552218628, -1.8636840005752564, -2.336818518244934]
JVASP-94765,Mg6AlW,0.8608316759231567,[-1.7280747314331055, -1.4258260150787354, -1.174738111102295, -1.1655859371063233, 0.8608316759231567, -1.7927871366378785]
JVASP-94144,Mg6CoW,0.674645958340454,[-1.7042580862876893, -1.7101857682106019, -1.3052504678604127, -0.578207554423523, 0.674645958340454, -1.9229463954803467]
JVASP-94096,Mg6VB,-0.3488858362075806,[-1.2953603883621216, -1.1680776496765137, -1.611889960372162, -1.4895225783226014, -0.3488858362075806, -2.452432694041443]
JVASP-94379,Y5Mg,-1.3527509590026856,[-1.3527509590026856]
JVASP-92902,Mg6CrMo,0.6271943430068969,[-1.8559003492233277, -1.780459465586853, -1.8131285329696656, -0.3281164785263062, 0.6271943430068969, -2.281226934992981]
JVASP-94242,BaMg6Co,-1.1976953168746949,[-1.8953587432739258, -2.056269349658203, -1.1976953168746949, -1.861570181452942, -1.3192073722717286, -2.585781278216553]
JVASP-18704,MgGa2,-0.45131892164917,[-1.7379414459106446, -0.45131892164917]
JVASP-93193,HfMg6Ti,-0.4038637896415711,[-1.7447325607177735, -1.3790796419021607, -0.4038637896415711, -0.9209069033500672, -0.8275248428222657, -1.604716958605957]
JVASP-92853,BaMg6B,-1.16109937628479,[-1.6324718614456177, -1.770010294520569, -1.16109937628479, -1.5169073959228516, -2.15667301615448, -2.0000309368011475]
JVASP-74363,YMgBe,-1.3195809741851807,[-1.3195809741851807]
JVASP-94145,Mg6TiCo,-0.07787877520294195,[-1.8302796502944947, -1.716381611430359, -1.0398607273933411, -0.6817103644248963, -0.07787877520294195, -1.2107461114761353]
JVASP-94766,Mg6AlMo,-0.5607003589508057,[-1.780708911025238, -1.5170269032356263, -1.369883956515503, -0.5607003589508057, -0.7027171274063111, -0.990645470225525]
JVASP-92518,Ca2MgPt2,-1.1854546686050416,[-1.1854546686050416]
JVASP-93142,CeHfMg6,-0.7484359165069581,[-1.6513778587219239, -1.6243423839447022, -1.3020735402938843, -1.2328675409194947, -0.7484359165069581, -1.6074199100372315]
JVASP-94243,Mg6FeSn,-0.37151211699218756,[-1.7721814533111573, -1.804477634036255, -1.6218437572357178, -0.8583235164520264, -0.8033191581604004, -0.37151211699218756]
JVASP-94097,Mg6NiW,1.3847450594070434,[-1.7782800813552857, -1.5872140546676636, -0.7990863939163209, -0.8723197599288941, 1.3847450594070434, -2.182720722758484]
JVASP-92903,Mg6MoW,0.4928749183776855,[-1.7346738000747681, -1.7328527589675904, -1.3041972537872315, -0.29383057554931646, 0.4928749183776855, -1.368696393572998]
JVASP-74227,Hf2MgBe,-1.5666734596130372,[-1.5666734596130372]
JVASP-18745,SmMg3,-0.5064415355560303,[-0.5064415355560303, -1.5803033729431153, -1.7194566150543213]
JVASP-93921,HfMg,0.16995841065673822,[-2.046926202380371, -0.9429528137084962, 0.16995841065673822]
JVASP-71738,MgBe2Br,-0.8131214996215821,[-0.8131214996215821]
JVASP-93194,KMg6Nb,-1.0985798259613038,[-1.888675870501709, -1.7949273010131837, -1.2667641063568116, -1.0985798259613038, -2.004433574282837, -1.3982681651947022]
JVASP-92274,CeMg3,-0.2912798543807984,[-1.3698129077789307, -1.2121819873687745, -0.7292411943313599, -0.2912798543807984, -1.8872376104232789, -0.3245304246780396]
JVASP-94380,Y2Mg,-1.018258037173462,[-1.3037509342071534, -1.018258037173462]
JVASP-94147,Mg6CoSb,0.06741171876220697,[-1.928210200869751, -1.603308143222046, -1.1157389303085328, -1.392686667048645, 0.06741171876220697, -0.7423750778076172]
JVASP-94768,RbMg6Al,-1.7256388088104249,[-2.078159751498413, -2.1058091541168213, -1.7693435569641114, -2.0428821464416504, -1.7256388088104249, -2.8317822833892823]
JVASP-92854,Mg6NbW,0.4388564209106445,[-1.6496989150878907, -1.6794368644592286, -1.3347832580444337, -0.3064844032165528, 0.4388564209106445, -1.0905630012390137]
JVASP-93143,NaMg6Si,-1.1495222469207764,[-1.7795828004714966, -1.9963918348190308, -1.9483742137786866, -1.196673335635376, -1.1495222469207764, -2.437288226687622]
JVASP-94245,CeMg6Fe,-0.7078874727127076,[-1.6825169940826417, -1.6138004680511475, -0.7078874727127076, -1.6624160428878785, -1.7653443237182618, -2.9578716178771973]
JVASP-91202,LaMg3,-0.4238070865509034,[-1.5012335201141358, -0.4238070865509034, -1.177376689517212]
JVASP-93056,NaMg6Ga,-1.6595577617523194,[-1.827044190966797, -1.9428121467468262, -1.9385904689666749, -1.6595577617523194, -2.18506759604187, -2.0994319339630128]
JVASP-92904,HfMg6Mo,0.5741112808349609,[-1.838555397593689, -1.52695208986969, -1.1449247022506714, -0.5988276620742798, 0.5741112808349609, -1.9213044067260743]
JVASP-93196,KHfMg6,-0.9190253635284424,[-1.7043220420715333, -1.7506873031494141, -1.2889499088165284, -0.9190253635284424, -2.0171911140319825, -1.3715426345703126]
JVASP-94381,YMg2,-1.2236680408355713,[-1.7764730473396302, -2.3432303686973572, -1.2236680408355713, -3.455361785494995]
JVASP-94148,Mg6CuSb,-0.47763294180603033,[-2.0038248916503907, -1.6167272945281983, -1.1547119041320801, -1.3830866237518311, -0.47763294180603033, -0.6605243106719971]
JVASP-94770,Mg6AlCr,-0.7525816579696656,[-1.638508143031311, -1.7298224588272095, -0.9911961575386048, -1.2173081656333924, -0.7525816579696656, -2.0885351320144654]
JVASP-92858,Mg6NbSb,-0.6193103810188294,[-1.8257418890830994, -1.4448890705940247, -1.757014574610901, -0.9323890825149537, -0.6193103810188294, -1.2588683386680604]
JVASP-93922,MgSn,-0.7729811092254639,[-1.929189982020569, -1.153989853465271, -0.7729811092254639]
JVASP-94246,NaMg6Fe,-1.3854181190368653,[-2.0178534408447266, -1.6068958660003663, -1.6803967376586915, -1.423740329348755, -1.9637085815307618, -1.3854181190368653]
JVASP-93144,NaMg6Si,-0.9867743869659424,[-1.7586823125717164, -1.969057859980774, -0.9867743869659424, -1.896563472354126, -1.4863001724121094, -2.540252151095581]
JVASP-94099,Mg6NiB,0.7730541805389404,[-1.5723003764984131, -1.3377367874023438, -1.1213787217971802, -0.8964322229263306, -0.7804059406158448, 0.7730541805389404]
JVASP-93057,NaHfMg6,-0.994313420855713,[-1.6999797244903565, -1.4996270557281495, -1.369735898577881, -0.994313420855713, -1.1905344148513795, -1.5368474145767212]
JVASP-94247,Mg6VFe,-0.16908902128906256,[-1.786263646685791, -1.6689030547973633, -1.4167594333526612, -0.9881815334197999, -0.16908902128906256, -2.4188188930389405]
JVASP-92905,BaMg6C,-0.20535475214691168,[-0.7809484620925904, -0.20535475214691168, -1.8013275285598755, -1.442498268687439, -1.7914059778091431, -2.1690303703186036]
JVASP-93197,Mg6TiB,-0.14240724047393805,[-1.8780917545196534, -0.6936399360534669, -1.476386608683777, -1.5802813192245484, -0.14240724047393805, -1.9771161695358277]
JVASP-94382,YMg2,-0.3143271227714539,[-1.782294513785553, -0.3143271227714539, -2.8665534873840333, -2.4925827403900147]
JVASP-92859,Mg6NbSb,-0.47440362175674444,[-1.9332178254959107, -1.5037513395187379, -1.3447328825828553, -0.47440362175674444, -1.7183823009368897, -1.323361339175415]
JVASP-94771,NaMg6Al,-1.2045080085632325,[-1.893232287966919, -1.8218745609161378, -1.2045080085632325, -2.1507450958129883, -1.9025136848327637, -2.6913287063476563]
JVASP-94149,Mg6GaCo,-0.7495529075500489,[-1.7531499286529542, -1.6732129474517823, -1.54984027346344, -0.7718668599960328, -0.7495529075500489, -1.1989628692504883]
JVASP-94100,Mg6CrNi,2.146156130230713,[-1.8862640281555176, -0.9599763770935059, -1.3756768127319337, -0.434292497241211, 2.146156130230713, -2.746125878894043]
JVASP-93775,MgIn2,-1.778134049975586,[-1.778134049975586, -2.2348992248413087]
JVASP-92906,BaMg6C,1.3750575164916992,[-1.745639981829834, -1.3021783252593995, 0.10681634942321772, 1.0067961792114257, -2.2851869483825684, 1.3750575164916992]
JVASP-93199,LiMg6Nb,0.10411125222473139,[-1.5928528924819947, -1.637861194216919, -0.9055734296676636, 0.10411125222473139, -1.8555886169311524, -0.38887280424804693]
JVASP-94248,Mg6FeSi,0.12227612534790033,[-1.7618483920928956, -1.743217172229004, -1.3354130407211304, -1.4788308759567261, 0.12227612534790033, -1.8232052942153931]
JVASP-94150,Mg6CoSn,-0.009935798251342831,[-1.7852594276306153, -1.701039495074463, -1.5395490547058106, -1.4653722663757325, -0.009935798251342831, -1.1014029403564454]
JVASP-94383,Y2Mg,0.36080461541442865,[-1.8332013507720948, 0.36080461541442865]
JVASP-94772,RbMg6Al,-1.7779070754882813,[-2.141025247180176, -1.7779070754882813, -2.1083561797973633, -2.0815016647216797, -1.9279739280578614, -3.027840318286133]
JVASP-74190,Mg2TiBe,-0.05893916090698248,[-0.6342656036254883, -0.05893916090698248]
JVASP-92860,Mg6NbBi,-0.5966389795181275,[-1.7798919101593018, -1.4659025092956544, -1.5128071924087525, -0.5966389795181275, -1.4357412477371216, -1.6001368184921265]
JVASP-93058,NaMg6Cd,-1.758861245715332,[-1.758861245715332, -1.9395920654174805, -1.9320878406402588, -2.233808936679077, -2.032056512438965, -2.71481293638916]
JVASP-106060,K2MgCuF6,9.620419321453857,[9.620419321453857]
JVASP-93731,PrMgSn,-0.912248196208191,[-1.5436082502243043, -0.912248196208191]
JVASP-93823,MgTiH4,-0.27196043928833014,[-0.27196043928833014]
JVASP-93146,CeHfMg6,-1.152283551299286,[-1.5359764715072632, -1.4751678129074097, -1.152283551299286, -1.336643936240387, -1.8196044584152222, -1.2200518270370484]
JVASP-92907,HfMg6Mo,-0.3625735660430909,[-1.5204452892181397, -1.7551657577392579, -0.45653921564788824, -0.8295307775375367, -0.3625735660430909, -1.517222823703003]
JVASP-94254,HfMg6Zr,-0.13941925963134771,[-1.4891955276367188, -1.254641356074524, -0.13941925963134771, -1.0648050924179078, -0.9935407062408448, -1.2700223346588135]
JVASP-93200,SrLiMg6,-1.5078975578186036,[-2.028878392779541, -1.899204434954834, -1.5078975578186036, -1.6571399589416504, -2.353991450869751, -2.505079688632202]
JVASP-93062,NaMg6Cr,-1.4061080833312989,[-1.925350846850586, -1.7693926711914063, -1.727334203326416, -1.4061080833312989, -2.4740437885162354, -2.361057462298584]
JVASP-94151,Mg6CoSn,-0.42936891516418463,[-1.8006781955596924, -1.8448891063568116, -1.7516114135620118, -0.7837201972839356, -0.42936891516418463, -1.1515061279174805]
JVASP-92861,Mg6NbCr,0.9063327888610839,[-1.9351973553535462, -1.6590333004829407, -1.4058077951309205, -0.809647025668335, 0.9063327888610839, -2.028873147570801]
JVASP-94774,CaMg6Zn,-1.3274728675720215,[-1.9475907703277588, -1.895650329196167, -1.3274728675720215, -1.9398071189758301, -2.074905576312256, -2.0685431381103516]
JVASP-94102,Mg6CrNi,0.6331719736221313,[-1.5539266486999512, -1.5868422408935547, -0.9507779498931885, -0.2512606998321534, 0.6331719736221313, -2.2766574045059205]
JVASP-74720,Mg2ZrBe,-0.07154435118408209,[-0.07154435118408209, -0.13455242117614752]
JVASP-72184,Mg2BeNb,1.2975733856323242,[-1.6700560470458985, 1.2975733856323242]
JVASP-93147,CeMg6Mo,-0.9256616254684449,[-1.7514054795143128, -2.113019587599945, -1.043142618739319, -1.8040490766403199, -0.9256616254684449, -1.4701221605178834]
JVASP-94255,Mg6TiFe,-0.14369714459152227,[-1.8110629340049744, -1.6971248408195496, -1.1140571256515504, -1.0213376899597169, -0.14369714459152227, -2.243262292945099]
JVASP-74240,Ca2MgBe,-1.15383357008667,[-1.15383357008667]
JVASP-93201,Mg6TiGa,-0.7863780876037598,[-1.7476200481292725, -1.65629619559021, -0.7863780876037598, -1.3150593658325196, -1.029131593310547, -2.233869971835327]
JVASP-92908,Mg6GaMo,-0.12959569891662603,[-1.78194898565979, -1.557282867037964, -1.540140451991272, -0.7129579206344605, -0.12959569891662603, -1.4205068965789795]
JVASP-93063,HfMg6Si,0.9990535358551025,[-1.7515198608276368, -1.639180364215088, -0.9131128211853028, -1.5324093719360352, 0.9990535358551025, -2.8961820026275635]
JVASP-92862,Mg6NbGa,-0.42294734915466314,[-1.6214091201660157, -1.5217413326141358, -0.8956059833404542, -1.222042741381836, -0.42294734915466314, -2.3248725553390504]
JVASP-94780,LiMg6Al,-1.021298350894165,[-1.7984647174713135, -1.8310918231842042, -1.021298350894165, -1.8502454181549073, -2.006312074267578, -2.4803633113739014]
JVASP-93217,CeMg5,-1.8603839298126221,[-1.8603839298126221, -2.289317550265503, -2.20913142164917, -2.3043336292144776, -1.9207653423187256]
JVASP-94256,Mg6ZrBi,-1.2888743301269532,[-1.9233645816680909, -1.549266280734253, -1.4942638297912598, -1.2888743301269532, -1.361379386985016, -1.3367260714408875]
JVASP-93925,Ce2Mg,-1.6559454818603516,[-1.6559454818603516, -1.99298733671875]
JVASP-93148,NaCeMg6,-1.4057413955566407,[-1.9951345344421387, -1.4057413955566407, -1.6138646026489258, -1.6793338676330567, -2.0851665159103394, -1.5948460718032837]
JVASP-94346,LiMg2,-1.7797626872894288,[-1.8124541660186768, -1.7797626872894288, -1.7850620170471192, -2.034889521205139]
JVASP-93064,NaMg6Cr,-1.673977317416382,[-1.6770865341064454, -1.8650566955444337, -1.673977317416382, -2.0735525508758545, -2.1092475076553345, -2.1619749685165406]
JVASP-92523,Ca2MgPd2,-1.3494691272613526,[-1.3494691272613526]
JVASP-92909,Mg6CrB,-0.06617731054992682,[-1.5806885381576539, -1.2554741521713257, -1.584979834162903, -1.6106985231277466, -0.06617731054992682, -2.8566870113250733]
JVASP-3720,K2MgH4,1.849124250805664,[1.849124250805664]
JVASP-93202,Mg6TiB,-0.05559188326568609,[-2.17156821688385, -1.832084359729004, -0.9419788738128663, -0.05559188326568609, -1.1806882043716431, -0.8585096021530152]
JVASP-105775,Ho5Mg,-1.4636536260482789,[-1.4636536260482789]
JVASP-94788,CaMg6Ni,-1.293163003527832,[-1.72916954954834, -1.5092808624145508, -1.7256400009033204, -1.293163003527832, -1.9070085903045655, -2.0489835162994385]
JVASP-92863,HfMg6Nb,0.09137481251983637,[-1.7583972235557557, -1.467583181464386, -1.0077864547607422, -0.6656655689117432, 0.09137481251983637, -1.3169491906997681]
JVASP-15272,MgAl2Si2,-0.8725447078582764,[-0.8725447078582764]
JVASP-93151,CeMg6W,-0.35115450819702154,[-1.4842951913711548, -1.9107301851150513, -1.3478271385070801, -1.6130084415313721, -0.35115450819702154, -1.7166492362854004]
JVASP-94347,LaMg2,-0.6632606407043458,[-2.2051897664901734, -1.2815235277053834, -1.1861009021636963, -0.6632606407043458]
JVASP-71746,MgTaBe2,-1.285357179248047,[-1.285357179248047]
JVASP-22731,SrMg2As2,0.41494208375244135,[-0.14944726427764898, 0.41494208375244135]
JVASP-93065,BaNaMg6,-1.7257625480529786,[-2.2162081619140626, -1.9524390121337891, -1.7257625480529786, -2.248229207598877, -2.1488696952697754, -2.4132577796813965]
JVASP-92910,Mg6MoC,-0.3099672218200684,[-1.989181699359131, -1.5372349639770508, -2.217643680178833, -1.2472633739349366, -0.3099672218200684, -1.5112020393249512]
JVASP-93219,CaMg2,-1.6552392860290528,[-2.004001798236084, -1.6552392860290528, -1.7581600566741944, -1.8602361102935792]
JVASP-92865,BaMg6Mo,-1.303644599520874,[-1.303644599520874, -1.677402438723755, -1.7109077592727662, -1.8119521757003785, -2.0081204195854188, -1.8654911538002015]
JVASP-93203,Mg6TiBi,-0.7996929307815552,[-1.8046790977355958, -1.8426415344116212, -1.890596630179596, -0.9150201102134705, -0.7996929307815552, -1.8995478769180298]
JVASP-92701,Er2Mg2Ru,-1.5671792646286011,[-1.5671792646286011, -2.485181750857544]
JVASP-94108,Mg6NiC,8.563176689541626,[-1.0487094541427613, 0.48614567319183344, -1.5088449140426636, -0.8749550004837037, 0.954696236050415, 8.563176689541626]
JVASP-94348,Mg5Sn,-1.0266067405578614,[-1.8133408447143555, -1.8567914386627198, -1.5548779388305665, -1.3224250694152833, -1.0266067405578614]
JVASP-93152,CeMg6W,-0.9332394023773194,[-1.7459618469116212, -1.4494732042190552, -1.612388553225708, -1.0916121621963502, -0.9332394023773194, -1.52364820440979]
JVASP-93070,NaMg6Mo,-1.1039332767364503,[-1.7409452815887452, -1.6543025394317628, -1.1039332767364503, -1.149633826815796, -1.2518567462799073, -1.917841376864624]
JVASP-71915,MgBeFe2,-1.1236054321166993,[-1.1236054321166993]
JVASP-92911,Mg6BMo,0.04088502923278803,[-1.9909386058685303, -1.756717862689209, -1.229715945326996, -0.07861280640335089, 0.04088502923278803, -0.9028934856292725]
JVASP-92866,Mg6NbBi,-0.5159959216949463,[-1.713570537173462, -1.6548619886276246, -1.8210621496078492, -0.8060233016845704, -0.5159959216949463, -1.5736271758911133]
JVASP-93205,LiMg6W,0.4524751881721496,[-1.5251132865783692, -1.3929497619506837, -0.9113186617729188, -0.22989917000503546, 0.4524751881721496, -1.546618702017975]
JVASP-93153,LaMg6Si,-1.192093314730835,[-2.096580209338379, -1.8535210510131837, -1.192093314730835, -1.288155736529541, -1.2857102771636963, -1.8001620193359376]
JVASP-93072,NaMg6W,-0.11162096461029059,[-1.7232150455352784, -1.285965385043335, -0.9747384210464478, -0.11162096461029059, -1.5294129272338868, -0.8383771797058106]
JVASP-94109,Mg6NiSn,-0.4146232028839112,[-1.8084058185455323, -1.5221108814117432, -1.0448550601837159, -1.3161830325958253, -0.4146232028839112, -1.5590762515899659]
JVASP-105920,LiMg2Pb,-0.9630000015136719,[-1.9240168949005128, -0.9630000015136719]
JVASP-96084,Ba2CaMgAl2F14,12.394001541531372,[10.735033569729614, 12.394001541531372]
JVASP-94790,MgAl3,-1.2790207286712647,[-1.2790207286712647, -1.7755221744415284]
JVASP-74681,MgBe2Os,-0.8404995818969727,[-0.8404995818969727]
JVASP-92867,Mg6NbC,-0.676299275958252,[-1.860804023348999, -1.1297289749023438, -1.8787605186340333, -1.0101079364654542, -0.676299275958252, -0.9360172172424317]
JVASP-92912,Mg6CrC,-0.9068341275093079,[-1.0394359846946717, -0.9068341275093079, -2.6965269466278077, -1.5622136016723633, -1.0460042377349854, -3.10706466635437]
JVASP-94349,Mg2Sn,-1.2424420734283448,[-2.0095052142974854, -1.2424420734283448, -2.400549830996704, -2.276685180270386]
JVASP-74642,La2MgBe,-1.2778729816314698,[-1.2778729816314698]
JVASP-106147,LiMg2Ir,1.7588685135009765,[0.1524675468566894, 1.7588685135009765]
JVASP-93206,Mg6TiSb,-0.8723244090911866,[-1.992805304133606, -1.6989131589767457, -0.8723244090911866, -1.3808733840820313, -1.5954611917373658, -1.8305729051467896]
JVASP-94111,Mg6VNi,-0.5749657770034791,[-1.9010202308532715, -1.6460430045959473, -1.1780899186965943, -0.7482953687545777, -0.5749657770034791, -2.2886043210861207]
JVASP-92868,Mg6CrCd,-1.016283692919922,[-1.845101537310791, -1.6763960739013672, -1.016283692919922, -1.2139083763000489, -1.7574300189849854, -1.8954255004760743]
JVASP-71963,Mg2BeOs,3.8909350017669677,[-2.005316676699829, 3.8909350017669677]
JVASP-93073,NaMg6C,-0.20283085306854254,[-0.5509977956649781, -0.20283085306854254, -1.9790300746795655, -1.346798600756836, -1.8519042154190064, -2.455736221873474]
JVASP-93156,LiMg6Bi,-1.4710217138168336,[-2.13019174536438, -2.0271963497039795, -2.01972609957428, -1.4710217138168336, -1.7720425744888306, -1.663785996043396]
JVASP-105848,Pr3Mg,-1.6118914504882813,[-1.6118914504882813]
JVASP-92913,Mg6NbGa,-0.22255772551269537,[-1.6990765949127198, -1.4083270450469971, -1.619405212008667, -0.7952541728851319, -0.22255772551269537, -1.9306496997711182]
JVASP-74731,MgBe2Nb,-1.0107492824432374,[-1.0107492824432374]
JVASP-94389,Mg2Zn,-1.4256684203979493,[-2.137300433718872, -1.9391579051849366, -1.4256684203979493, -1.9868523498413087]
JVASP-94350,Mg2Sn,-1.1792007108566285,[-2.1277112384674073, -2.2516323943969727, -1.1792007108566285, -1.7747998853561402]
JVASP-94727,CaMg6C,0.44034486809997553,[-1.543356480204773, -1.5449860711929322, 0.44034486809997553, -0.5741867442962647, -1.673170032107544, 0.07826667825012201]
JVASP-92869,BaMg6Cr,-1.8796776553031922,[-1.9296786208984376, -1.9775518794891358, -2.1714884658691407, -1.9898828884002686, -2.338676454627228, -1.8796776553031922]
JVASP-94163,Mg6CrCu,0.12896662751464838,[-1.6838385482666016, -1.6028348823425294, -0.9636868854400635, -0.8701095004913331, 0.12896662751464838, -3.358686627947998]
JVASP-94112,Mg6NiBi,-0.4109944721099854,[-1.8032771964904786, -1.53227013548584, -1.05961388548584, -1.0197631736633301, -0.4109944721099854, -1.0977310558197022]
JVASP-93207,LiMg6C,-0.5424661060211182,[-1.5172531028625489, -0.5424661060211182, -1.663120450579834, -1.1424283405181885, -1.377428950869751, -3.469492854678345]
JVASP-92914,Mg6CdW,-0.0018166919586182217,[-1.7236194034454346, -0.6273729225036622, -2.29484862288208, -0.22324556311340338, -0.0018166919586182217, -1.980481805407715]
JVASP-92476,SrMg2As2,0.31643956700592035,[-0.0509461780426026, 0.31643956700592035]
JVASP-74464,MgBeBr2,-1.7488459964630128,[-1.7488459964630128]
JVASP-93078,NaMg6Nb,-0.5966692586776734,[-1.7916170974609376, -1.6329371353027344, -1.0032156129714966, -0.5966692586776734, -1.7219746728775025, -1.1967325826522828]
JVASP-93157,LiMg6Cd,-1.7296349426147462,[-1.7780267616149903, -1.8371054550048829, -1.9385072608825684, -1.7296349426147462, -2.1890375038024903, -2.224357308947754]
JVASP-94730,CaMg6V,-1.5227870365020753,[-1.8263277431365967, -1.8479031940338135, -1.5227870365020753, -1.7756027599212647, -2.0665058513519288, -1.9611064811584473]
JVASP-94390,YMg2,-0.7103857417938233,[-1.7036479135391236, -2.3043362518188477, -0.7103857417938233, -2.335279407107544]
JVASP-107920,ErMgTl2,-1.2022900005218506,[-1.2022900005218506]
JVASP-93208,Mg6TiNb,-0.11051005324096685,[-1.7971915622589112, -1.4404510875579835, -1.0236606021759034, -1.0882810970184327, -0.11051005324096685, -1.2767521758911133]
JVASP-92870,HfMg6Nb,-0.29512030085296637,[-1.611003579699707, -1.491787376010132, -0.29512030085296637, -0.7684097905990601, -0.9092591424819947, -1.2010012288925171]
JVASP-94169,Mg6CoC,0.1586790660980224,[-1.4785963912841797, -1.4638363738891602, -0.6151189227935792, 0.1586790660980224, -1.5661031027671815, 0.1200634221199035]
JVASP-92759,MgCuO3,3.8384297470214843,[3.8384297470214843]
JVASP-94351,MgSn,-1.159933867060852,[-2.033236803614807, -2.322476925456238, -1.159933867060852]
JVASP-93080,Mg6SiMo,-0.028604211413574276,[-1.7824761291381837, -1.3348583598968506, -1.6450511833068848, -0.5766448398468018, -0.028604211413574276, -0.8446182628509522]
JVASP-92915,Mg6SbW,-0.09464138945312506,[-1.83263474901886, -1.5668146034118653, -1.6602839847442628, -0.37646037539215094, -0.09464138945312506, -1.2027584930297852]
JVASP-94115,NaMg6Ni,-0.8754541297790528,[-1.8661052604553223, -1.7595278640625, -0.8754541297790528, -1.4266707321044922, -1.7260672469970704, -3.157338800036621]
JVASP-94731,LiCaMg6,-1.3749679942962647,[-1.8388962169525147, -2.038981856906128, -1.3749679942962647, -1.8324446102020264, -2.393202008807373, -2.18060940703125]
JVASP-93158,LiMg6Cr,-1.1578380485412598,[-1.7726605554458619, -1.75742083986969, -1.3836575170394898, -1.7357264181015015, -1.1578380485412598, -2.3564648052093506]
JVASP-94794,Mg7V,-0.7832662483093262,[-2.040339769923401, -1.4752686639663697, -0.8077871223327637, -1.9286155124542237, -2.342025937640381, -0.7832662483093262, -2.2926456352111817]
JVASP-74507,LiMgBe2,-0.5394033809539795,[-0.5394033809539795]
JVASP-93209,KNaMg6,-1.9138976951477051,[-2.1129905601379395, -2.05491942366333, -1.9138976951477051, -2.6271249671813965, -2.446342649066162, -2.723869504534912]
JVASP-94170,Mg6VCo,-0.3338977118370057,[-1.8239636441108704, -1.8146961947319031, -1.3542156239387513, -0.8377021571037293, -0.3338977118370057, -1.8548872490760804]
JVASP-74828,MgBe2Co,-1.7183837314483643,[-1.7183837314483643]
JVASP-105929,Mg2Ga2S5,3.3888810257080078,[3.3888810257080078, 2.8914262632492065]
JVASP-93082,Mg6CrSi,-0.2166360040542603,[-1.7454020400878907, -1.730052413546753, -1.1591207404968262, -0.7195493598815919, -0.2166360040542603, -1.411374868952942]
JVASP-94391,YMg5,-1.0809699912902833,[-1.7764609475967408, -1.4422922750350953, -1.0809699912902833, -1.1576916595336915, -1.8442816158172608]
JVASP-92916,HfMg6W,-0.14957350691528326,[-1.5509814639923096, -1.546737851702881, -0.4588175435897828, -0.8369088788864136, -0.14957350691528326, -1.6542741676208497]
JVASP-94732,CaMg6V,-1.029955567919922,[-2.201640548312378, -1.2152196784851075, -1.484339179598999, -1.029955567919922, -1.7479819675323487, -1.0997554679748536]
JVASP-74649,MgBe2Bi,-1.8583770414230347,[-1.8583770414230347]
JVASP-92873,BaMg6Sb,-1.8706697841522217,[-2.171130122744751, -1.9245795627471924, -1.8706697841522217, -2.2853745838043213, -2.218215527140808, -1.9293407817718506]
JVASP-94117,Mg6TiCo,0.06301492253570551,[-1.8710520287391663, -1.853532912337494, -0.7202141304847718, -1.3811460753318787, 0.06301492253570551, -1.776407541835022]
JVASP-93210,Mg6TiNb,-0.4016234298583985,[-1.7756938954231263, -1.4456717987892151, -1.1109543462631226, -1.101097049319458, -0.4016234298583985, -1.2348024268981934]
JVASP-93159,LiMg6Cd,-1.4545809646484376,[-1.800841512286377, -1.9027382751342774, -1.4545809646484376, -2.1872493644592286, -1.863355578982544, -2.4695619960662842]
JVASP-92761,MgFeO3,3.289799986279297,[3.289799986279297]
JVASP-94182,Mg6SiNi,-0.2934914251205445,[-1.6836833377716065, -1.6691126247283936, -1.3191328664657593, -1.2262166162368775, -0.2934914251205445, -1.4989970346328736]
JVASP-92874,Mg6CrW,0.8074830154541015,[-1.823070230090332, -1.6013090034362794, -1.729806127154541, -0.6661774536010743, 0.8074830154541015, -1.727146329486084]
JVASP-94392,YMg2,-1.0983764549133301,[-1.4801743050453187, -1.4004135151741028, -1.4042534252044678, -1.0983764549133301]
JVASP-93085,Mg6SiMo,0.9063425640228271,[-1.7382703443405152, -1.709507169329834, -1.7749305387374879, -1.1399640460845948, 0.9063425640228271, -1.6399225612518311]
JVASP-92917,Mg6GaW,0.5764887313011169,[-1.5937578101989747, -1.484062137210083, -1.3611372729179383, 0.5764887313011169, -0.21658629378051764, -2.333320202433777]
JVASP-94733,CaMg6Sn,-1.29799860914917,[-2.0796253105041504, -1.7198278327819825, -1.6548637767669678, -2.0442323108551026, -1.29799860914917, -2.0175263305541993]
JVASP-94118,Mg6CdCo,-0.7944176813003541,[-1.7570220847961426, -1.7076234241363526, -1.6639016290542603, -0.7944176813003541, -0.9263636489746094, -2.075748147570801]
JVASP-94353,MgSn2,-1.7785241027709962,[-2.0570098777648926, -1.7785241027709962]
JVASP-93212,CeMg6Co,0.08796971837310785,[-2.050591530406189, -1.8887794633743287, -1.4962739964363099, -0.8528345843193055, 0.08796971837310785, -2.905106486880493]
JVASP-93160,LiMg6Sb,-1.4680062552330018,[-2.2744795699951172, -1.809508504473877, -1.671719255053711, -2.1078054328796387, -1.4680062552330018, -1.6005773564216614]
JVASP-92875,Mg6CrSb,-0.8241459151145936,[-2.00656098326416, -1.6506709476348878, -1.8399894257423401, -1.1225651522514344, -0.8241459151145936, -1.0657842179176331]
JVASP-94183,Mg6VCu,-0.6188518424865723,[-1.727975906932068, -1.4884846826431275, -1.0995854755279542, -1.2441310306427003, -0.6188518424865723, -2.115107240283203]
JVASP-94735,CaMg6Ti,-0.4320545812484742,[-1.6918925662872315, -1.7355708499786378, -1.3289497514602662, -0.4320545812484742, -2.041631879412842, -1.3975614925262452]
JVASP-94393,Mg2Zn,-1.597455920779419,[-1.8484084030029297, -1.8522736450073243, -1.597455920779419, -1.8970779796478272]
JVASP-105933,LiMgSb,0.37515347996978754,[0.37515347996978754]
JVASP-92918,Mg6SbW,-0.18686884840698248,[-1.8424277921554566, -1.4189487119552613, -1.1573671718475342, -0.18686884840698248, -1.2892141958114625, -1.4370549341079712]
JVASP-93086,NaSrMg6,-1.68457406958313,[-2.0836202522155762, -1.8463632484313965, -1.7576324363586426, -2.221209706866455, -1.68457406958313, -2.8207592388031006]
JVASP-94120,Mg6CoSb,-0.3734444995758057,[-1.9801769872543336, -1.9515705724594117, -1.5075982828971863, -0.8048081417915345, -0.3734444995758057, -0.9347068687316895]
JVASP-14712,PrMg3,-0.4614310880538941,[-0.4614310880538941, -1.6843374391433716, -1.6515327115890504]
JVASP-94185,Mg6CrCu,0.3603675941589355,[-1.6796793361541749, -1.4746074100372315, -0.8242082019683838, -1.2513274570343018, 0.3603675941589355, -3.181992234790039]
JVASP-74742,Mg4BeTl,-1.2570516486999512,[-1.9698552509185792, -1.6897944827911378, -1.2570516486999512, -1.9458319564697266]
JVASP-92876,Mg6CrMo,0.11302178899078363,[-1.9157472272750855, -1.6574581285354615, -1.2458335777160645, -0.41182393034667975, 0.11302178899078363, -1.893076243006897]
JVASP-94043,Mg6VSb,-0.9190889616844178,[-1.736563505732727, -1.4524189849731446, -1.8357368727561951, -1.2240241785881043, -1.0952986498710633, -0.9190889616844178]
JVASP-94354,Mg5Sn,-1.9155437370178223,[-1.9155437370178223, -2.2838251014587403, -2.3393176217910767, -2.3517208715316773, -2.0232747217056275]
JVASP-74985,NaMg2Be,-1.3852314372894288,[-1.6312052627441407, -1.3852314372894288]
JVASP-93161,LiMg6Ga,-1.5906336923477173,[-1.7664000411865235, -1.9476842304107667, -1.712059797846985, -1.5906336923477173, -1.6827632804748536, -2.0572606941101075]
JVASP-92919,Mg6BiW,-0.007179560267639218,[-1.7342299242851258, -1.5023577233192444, -1.1498382707473755, -0.007179560267639218, -1.8013126273986817, -1.281131925189209]
JVASP-92878,Mg6CrCd,-0.9498338123199463,[-1.8334946056243897, -1.600995959841919, -1.5331773181793213, -0.9498338123199463, -1.639322580897522, -2.0218525548812867]
JVASP-93088,Mg6SiC,4.671191749966431,[-1.7244203706619263, -0.01730579336853033, -2.319741489493561, 1.0721468905570983, 4.671191749966431, -5.3815664668914795]
JVASP-94394,Mg5Zn,-1.6838242431518555,[-1.6838242431518555, -2.304588021838379, -2.3362507243988038, -2.30908578833313, -1.9495527168151856]
JVASP-94739,Mg6AlGa,-1.1421300788757325,[-1.8787695785400391, -1.7277554889556885, -1.2735771556732178, -1.8642742057678223, -1.1421300788757325, -2.2940346618530274]
JVASP-94121,Mg6SiNi,-0.4729749580261231,[-1.7471426149246216, -1.7265835424301148, -1.1729757209655762, -0.4729749580261231, -0.5702511688110352, -0.6022912879821778]
JVASP-94048,Mg6VBi,-1.318748714530182,[-1.847669305407715, -1.6736993213531495, -1.4507452865478516, -1.7170266528961182, -1.318748714530182, -1.3445500155326844]
JVASP-94186,Mg6CuW,1.5610490421417236,[-1.54447978934021, -1.3201302905914307, -1.3227639814254761, -0.5977202077743531, 1.5610490421417236, -2.915906610095215]
JVASP-93162,LiMg6C,1.250535486138153,[-1.9749109168884278, -2.106564464175415, -0.7174561639663697, 0.2780401090744018, -2.8427094241020203, 1.250535486138153]
JVASP-94355,Mg2Sn,-1.4893717189666749,[-2.006044091784668, -2.3033611198303223, -1.4893717189666749, -3.0715803523895264]
JVASP-92920,Mg6CdGa,-1.3821839710113526,[-1.8115302940246583, -1.7544881721374512, -1.8691925426361085, -1.3821839710113526, -1.6378833671447754, -2.3787419219848633]
JVASP-93089,Mg6SiW,1.4542855600479125,[-1.7538843174812317, -1.824477793776703, -1.6668214221832276, -1.0836164375183106, 1.4542855600479125, -1.7377350946304322]
JVASP-92297,BaMg2As2,0.5793185810211181,[-0.08280140360565191, 0.5793185810211181]
JVASP-94395,SrMg2,-1.5025307556030274,[-1.5025307556030274, -1.9192392249938965, -2.5587441345092774, -2.737691106402588]
JVASP-94122,Mg6NbCo,0.02432805100708002,[-1.737191142642212, -1.685637654864502, -1.379933538043213, -0.7847384830352784, 0.02432805100708002, -1.393842877947998]
JVASP-92879,Mg6CrBi,-1.0552839656707764,[-2.044540586077881, -1.729956330859375, -1.9118966480133057, -1.0552839656707764, -1.4028733392593384, -1.215034308039856]
JVASP-94050,HfMg6V,-0.3222200294372559,[-1.8192599435684205, -1.5199654718276978, -0.9469741006729127, -1.1659725328323365, -0.3222200294372559, -1.4975950141784669]
JVASP-94743,Mg6AlSb,-1.0864855666992188,[-2.0569819827911378, -1.828457297885132, -2.0422975440856934, -1.0864855666992188, -1.444492520892334, -1.4415490051147462]
JVASP-94189,Mg6CuMo,0.14463788071899408,[-1.7598864456054688, -1.213580073916626, -0.83535212477417, -0.600230636203003, 0.14463788071899408, -2.668773593508911]
JVASP-93163,LiMg6Bi,-1.4490391631958008,[-2.089716615283203, -1.8841409107086182, -1.7631949802276612, -2.2099677940246583, -1.4490391631958008, -1.7308689971801758]
JVASP-105714,YbAc2Mg,-1.2485280652877808,[-1.2485280652877808]
JVASP-93090,Mg6GaSi,-0.31874722441406256,[-1.7714609523651124, -1.5373052974578858, -1.462138595187378, -1.0706033130523682, -0.31874722441406256, -1.9137217422363282]
JVASP-92880,Mg6CrB,0.4186500887039184,[-1.9843156357643128, -1.6937111636039734, -0.7138553281661988, -0.3255646844741822, 0.4186500887039184, -2.119041623675537]
JVASP-94356,MgSn5,-1.9561541696426392,[-1.9561541696426392]
JVASP-94123,Mg6CdCo,-0.6657628436920167,[-1.7795364280578614, -1.663878621661377, -1.3404824157592774, -1.2013575454589844, -0.6657628436920167, -1.9265312572357178]
JVASP-94056,NaMg6V,-1.2496878524658204,[-1.84300011595459, -1.6043350120422364, -1.2496878524658204, -1.6941973586914063, -2.2334296127197266, -1.7624418159362794]
JVASP-92921,HfMg6W,1.0496266464355468,[-1.711172403895569, -1.4674139638778687, -1.2253006120559693, -0.4341207166549683, 1.0496266464355468, -1.766506852709961]
JVASP-94191,Mg6VCo,-0.06927502354354864,[-1.8748993297454835, -1.688984217250061, -1.0381844659683228, -0.8398153205749512, -0.06927502354354864, -1.2342854758140565]
JVASP-93388,SrMg,-1.9013838191864014,[-1.9013838191864014, -2.4783706088897706, -2.65851205786438]
JVASP-94744,Mg6NbAl,-0.24760616024703985,[-1.5839203019973755, -1.4229769130584717, -1.4439024349090577, -1.0433507581588746, -0.24760616024703985, -1.4948463459846497]
JVASP-93164,NaLiMg6,-1.6427199264404297,[-1.9695159812805176, -2.0462457557556153, -1.9073302169677735, -1.6427199264404297, -2.4773675819274903, -2.6163122077819825]
JVASP-92668,SrMg2Bi2,-0.5941028614875794,[-1.2076170464393616, -0.5941028614875794]
JVASP-92881,Mg6NbMo,0.7704535106781005,[-1.858906926715088, -1.6875311752197266, -1.4898179193374634, -0.27053362330169684, 0.7704535106781005, -1.692297401034546]
JVASP-93091,Mg6SiB,0.9332607368591308,[-1.9315749426719666, -1.0118730088111878, -0.46595365008087164, -1.3189776559707642, 0.9332607368591308, -0.8597182651397706]
JVASP-92922,Mg6BiW,-0.10111689766616827,[-1.7229098697540284, -1.3773576637145997, -1.982110621535492, -0.36528635224075323, -0.10111689766616827, -1.440618397795868]
JVASP-94060,Mg6NbV,-0.08774751623840338,[-1.7483689804908753, -1.4277292509910584, -1.1647867580291749, -0.8488253970977784, -0.08774751623840338, -1.2233070751068116]
JVASP-93389,SrMg,-1.6116282363769532,[-1.8419658561584473, -2.5555045028564454, -1.6116282363769532]
JVASP-96563,Li2MgMn3O8,6.813218889630127,[4.6406410316589355, 5.727328119671631, 6.528957186138916, 6.813218889630127]
JVASP-94357,MgSn2,-1.7582316418525696,[-2.054610850417328, -1.7582316418525696]
JVASP-94194,SrMg6Ni,-1.0184697528717042,[-1.8587585111495972, -1.9430091997024537, -1.0184697528717042, -1.0500492473480225, -1.7513155361053467, -2.7881197353240967]
JVASP-94802,CaCeMg6,-0.47036975821228033,[-1.8507623096343995, -1.5061187167999268, -1.6578440090057374, -0.47036975821228033, -2.245165767276001, -1.3098196407196045]
JVASP-93522,MgAl,-0.6767479797241212,[-1.7164146324035645, -0.6767479797241212, -0.7956078668472291]
JVASP-92882,Mg6CrSb,-1.0952187200424195,[-1.8767409344551087, -1.6582142134544373, -1.2676239033576966, -1.7225052138206483, -1.0952187200424195, -1.3271577974197388]
JVASP-93390,MgZr,-0.6935879608032227,[-1.922005595767212, -1.3717302699920655, -0.6935879608032227]
JVASP-93165,NaLiMg6,-1.4273678680297852,[-1.9420859237548829, -2.09064358671875, -1.4273678680297852, -2.1268669982788087, -2.353745164477539, -2.762468995654297]
JVASP-94061,Mg6VW,0.5272727588775634,[-1.806277098262024, -1.636728586756897, -1.441817345225525, -0.6407666822311402, 0.5272727588775634, -1.584101142489624]
JVASP-94803,BaMg6Fe,-1.1523216386672974,[-1.665436091029358, -2.114368977153015, -1.1523216386672974, -1.8715396543380738, -2.024910273158264, -2.518549623095703]
JVASP-94202,CeMg6Co,-0.6134027858612061,[-1.8125190158721924, -1.5846328159210206, -0.6134027858612061, -1.8228973766204835, -1.5409791489479066, -2.907877566420746]
JVASP-11967,Mg17Al12,0.24379569093017572,[-2.142817022406769, -1.7180559059020997, -1.635682525241089, -1.6085852404472352, -1.5773832817909241, -1.5564258714553834, -1.7416953464385987, -0.9748433848258973, -1.445782782637787, -1.2188689728614808, -1.4184914847251893, -1.5465443154212952, -2.1432286520835877, -1.8545646091339112, -1.0968968292114258, 0.0330377201202392, 0.24379569093017572]
JVASP-93092,Mg6SiW,0.10122757951049799,[-1.5841302295562745, -1.234254302584839, -1.6035527606842042, 0.053691444790649356, 0.10122757951049799, -0.5548359771606446]
JVASP-74842,HfMgBe2,-1.5349640270111085,[-1.5349640270111085]
JVASP-92923,Mg6CdB,-0.8698906322357178,[-1.5875491519805909, -0.8698906322357178, -1.8517100234863282, -1.5238701721069337, -1.1819719692108155, -1.776586951815796]
JVASP-93523,CaMg,-1.8746005912658692,[-1.8746005912658692, -1.9330660720703126, -2.1474794765350342]
JVASP-94398,Mg5Zn,-1.689743222796631,[-1.6994101425048829, -1.9993779083129883, -1.689743222796631, -1.9554502387878419, -1.7767850776550294]
JVASP-107948,Lu3Mg,-1.0377873798248292,[-1.837004603945923, -1.0377873798248292]
JVASP-105940,SrMg2In2,-1.1835768838760377,[-2.0490992685195923, -1.1835768838760377]
JVASP-92883,Mg6BiMo,-0.7206366082069398,[-1.846189560496521, -1.587807836138916, -1.4595303555366517, -0.7206366082069398, -1.2971269508239747, -1.4259223361846924]
JVASP-94062,Mg6VCr,-0.098354997241211,[-2.122496547305298, -1.8837451358673096, -1.3488136549827576, -0.9039533158180237, -0.098354997241211, -2.0346710105773926]
JVASP-93166,LiMg6Si,-0.8588215728637696,[-1.7233321090576172, -1.8915719409820557, -1.8870195766326905, -0.8588215728637696, -1.5863854308959962, -1.7278295179244996]
JVASP-93391,LiMg,-1.4547483344909669,[-1.9574050327178956, -1.4547483344909669, -1.748617949092102]
JVASP-94805,KMg6Sn,-1.4303428550598145,[-1.91976374586792, -2.0377947708007813, -1.4303428550598145, -1.574785890185547, -2.157767953479004, -2.768858613574219]
JVASP-94358,MgSn5,-1.9861838241455079,[-1.9861838241455079]
JVASP-94204,Mg6FeBi,-0.33044976195068365,[-1.732150973880005, -1.881945314013672, -1.1033942123291016, -1.8063101192352295, -0.33044976195068365, -1.0195295234558106]
JVASP-93093,Mg6CrSi,-0.5647940059539795,[-1.6099547763702393, -1.6257254501220704, -1.0661217590209962, -0.7130386253234864, -0.5647940059539795, -1.9555065055725098]
JVASP-95284,SrMgP3N5O2,4.2885854820373535,[2.057361898815918, 2.2612937072875976, 3.6033504585388183, 4.2885854820373535]
JVASP-99419,CaPmMg2,-0.778544845187378,[-0.778544845187378, -1.7402536292907715]
JVASP-93525,CaMg2,-1.8555440326568604,[-1.8555440326568604, -2.3371276279327393, -2.3945738693115235, -2.5722844024536133]
JVASP-94806,KSrMg6,-1.7162484546539307,[-1.9331745525238038, -1.9581932445404053, -1.7162484546539307, -2.4269971271392823, -2.358036222064209, -2.5615188499328614]
JVASP-93167,LiMg6Nb,-0.12445181807250982,[-1.4797720332977295, -1.5267606397506714, -1.3024213930007935, -0.8767218013641358, -0.12445181807250982, -1.2547137161132813]
JVASP-94840,LiMg4Si2,1.001243768132019,[-2.2131973524925233, -1.0385622402069092, 0.6677919010284423, 1.001243768132019]
JVASP-94399,Mg2Zn,-1.7219235320922852,[-1.7219235320922852, -2.340549172961426, -2.1894037147399903, -2.5564834495422364]
JVASP-15117,Li2MgTl,-1.8775056024429322,[-1.8775056024429322]
JVASP-93095,RbMg6B,-1.0209596773025513,[-1.2071695943710328, -1.0209596773025513, -2.1167002340194703, -1.6713903566238404, -1.8298346420166016, -2.97947997053833]
JVASP-93293,YMg5,-1.0321906228897095,[-1.8235870023605347, -1.0321906228897095, -1.522360148036194, -1.5985966344711304, -2.0790786167022706]
JVASP-94400,YMg,-1.8049601932403565,[-1.8049601932403565, -2.2193416972991944, -2.4306764026519776]
JVASP-96598,RbMgCl3,7.186837850010681,[3.5982680896881103, 5.918941078579712, 6.302713690197754, 6.462020216381836, 5.381640372669983, 7.186837850010681]
JVASP-93526,Mg2Cd,-1.6311399360534669,[-2.1262332816955567, -2.147938909136963, -1.6311399360534669, -2.0735265632507325]
JVASP-95568,Rb2MgH4,4.424672661221313,[-0.13141316374511725, -0.3008551021453858, 4.424672661221313, 4.326297579205322]
JVASP-94401,Mg5Ti,-1.0260462184783936,[-1.5347490926620484, -1.3200562616226197, -1.0260462184783936, -1.14449781378479, -1.7031044383880616]
JVASP-93236,MgCoO3,3.516452131665039,[3.516452131665039]
JVASP-93394,Ce2Mg,-1.4762615581390381,[-1.6384300609466553, -1.4762615581390381]
JVASP-93099,Mg6SiB,0.8200251440170288,[-1.6481496711608887, -1.3515934368011475, -0.8802632709381104, -0.44925445517272955, -1.3281453271743775, 0.8200251440170288]
JVASP-93294,Li5Mg,-1.8134761472579957,[-1.8134761472579957]
JVASP-94361,Sr2Mg,-1.6540874858734131,[-1.8292083164093018, -1.6540874858734131]
JVASP-94402,MgTi,-1.4139525314208985,[-2.175812902056885, -2.1275245567199708, -1.4139525314208985]
JVASP-93100,Mg6NbSi,0.14409273663787836,[-1.6359909792778016, -1.3608163615104676, -1.6535614748832703, -0.7788044234153748, 0.14409273663787836, -1.2048829217788697]
JVASP-105873,Tm5Mg,-1.3489689250823975,[-1.3489689250823975]
JVASP-94362,Mg5Ti,-0.9941641708251954,[-1.9119078536865235, -2.266199054324341, -2.234389128291321, -2.233701767527771, -0.9941641708251954]
JVASP-94403,Mg2Sb,-0.6252546330329896,[-1.9169928451416016, -2.362670602404785, -0.6252546330329896, -1.3730528374549866]
JVASP-99656,Mg6SiGe2,1.7251229862335205,[-1.8049057741996766, -1.2609235664245606, 1.016283331311035, 1.0283756832244872, -0.9053635021087647, 1.7251229862335205]
JVASP-94363,SrMg2,-1.548350991809082,[-1.548350991809082, -2.5862457176086426, -1.7209379096862794, -3.544372262561035]
JVASP-99427,Mg2Sc,-1.1025753041145325,[-1.2596547623512269, -1.2025666256782532, -1.1025753041145325, -1.6564799567100525]
JVASP-94404,Mg2Sn,-0.8519215007659913,[-1.951524319255066, -1.9177024980422974, -0.8519215007659913, -1.6081225295898438]
JVASP-94364,Sr5Mg,-1.803419055545044,[-1.803419055545044]
JVASP-93530,CaMg2,-1.1933838744995118,[-1.9530522247192383, -1.1933838744995118, -2.747313203417969, -2.451650323474121]
JVASP-94405,Mg2Sb,-1.0993306060668946,[-1.9211167713043213, -1.0993306060668946, -2.138182284438324, -1.4353030939933777]
JVASP-93531,Ca2Mg,-1.8006240745422364,[-1.8006240745422364, -2.081513585650635]
JVASP-105726,Ca2MgCd,-1.7726742645141602,[-1.7726742645141602]
JVASP-94365,Sr2Mg,-1.7961944957611085,[-1.7961944957611085, -2.1865596195098878]
JVASP-93532,CaMg,-1.266495170199585,[-1.9312929530975342, -1.266495170199585, -2.3599247356292725]
JVASP-94406,Mg5Sb,-0.6535484214660645,[-2.0758371969100953, -1.7041686197158814, -1.5544599910614014, -1.4033316989776612, -0.6535484214660645]
JVASP-94366,Sr2Mg,-1.4900307079193116,[-1.6528276821014405, -1.4900307079193116]
JVASP-1300,MgS,3.6100481132629394,[3.6100481132629394]
JVASP-93533,Mg5Cd,-1.867348613345337,[-1.867348613345337, -2.2885178943511963, -2.3246070762512208, -2.3888084312316895, -2.0234052558776856]
JVASP-99571,PmMg2,-0.8497843166229249,[-1.8559344430801392, -1.7130330224868775, -0.8497843166229249, -1.7718880792495728]
JVASP-94407,Mg2Sb,0.5851703266265869,[-1.9495447297927857, -1.9492350240585328, 0.5851703266265869, -1.3855878730651856]
JVASP-94367,Sr5Mg,-1.8236586471435547,[-1.8236586471435547]
JVASP-94408,LiMg5,-1.745987357699585,[-1.745987357699585, -1.9297589679595948, -1.8126453777191163, -1.9191302677032471, -2.4270381351348878]
JVASP-99383,CaMg2,-1.1692218204376221,[-1.72227257689209, -1.6117305179473878, -1.1692218204376221, -2.127071799838257]
JVASP-94368,SrMg,-1.6389512439605713,[-1.939705791079712, -1.6389512439605713, -2.213317098223877]
JVASP-94409,LiMg2,-1.50880605181427,[-2.0012908597824097, -2.162605108821106, -1.50880605181427, -3.1168387552139283]
JVASP-94369,Mg2Ti,-0.06956023176879889,[-1.5422279258605958, -1.2989991327163697, -0.5868164916870118, -0.06956023176879889]
JVASP-94410,Li2Mg,-2.0169511457321168,[-2.0169511457321168, -2.197283925616455]
JVASP-94370,SrMg5,-1.8965269943115235,[-1.8965269943115235, -2.2634684463378907, -2.3466593643066407, -2.3742215057250977, -2.3421425243255616]
JVASP-94411,Li2Mg,-1.5967839380142212,[-1.5967839380142212, -1.5980420728561402]
JVASP-96944,Ba3MgSi2O8,8.481392202770996,[4.312125502026367, 8.481392202770996, 4.419440088665771]
JVASP-99532,BaMg,-1.2616586109039307,[-1.650256099307251, -1.2616586109039307]
JVASP-94412,LiMg,-2.0740198512908936,[-2.0740198512908936, -2.2093815227386475, -2.2338329573509217]
JVASP-94371,MgTi5,-2.3750945945617676,[-2.3750945945617676]
JVASP-93761,Mg2Si,2.5527341941955566,[-1.8476500531074525, -0.5820902605888367, 0.2784278968933105, 2.5527341941955566]
JVASP-95607,Sr2Mg3H10,4.039625225460815,[-0.12259978255004889, 1.127137003338623, 4.039625225460815, 2.5642934421661376, 2.7581356147888183, 3.405124483502197]
JVASP-94413,LiMg2,-1.4230719228622437,[-1.9901769777175904, -1.4230719228622437, -2.335898222529602, -2.213440241419983]
JVASP-94372,SrMg2,-1.6777774711486817,[-1.6777774711486817, -2.6308595558044434, -1.6882893463012696, -2.6793171783325196]
JVASP-94373,SrMg2,-1.4656519313690186,[-2.014694871508789, -1.7454273124572754, -1.4656519313690186, -2.1256322284576417]
JVASP-99491,Mg5Hg,-1.8153950591918946,[-1.8656947036621094, -1.8153950591918946, -1.9638864417907715, -2.0804426093933106, -2.5403825660583497]
JVASP-96950,Na2MgH8S2O12,4.683857736981201,[4.486680803692627, 4.683857736981201]
JVASP-99816,Mg3Cr,-0.3126177211639405,[-1.19006985625, -1.5889492650863648, -0.5172305723068238, -1.7683147807952881, -0.3126177211639405, -1.8741268535491944]
JVASP-100594,Ac2MgTl,-1.719674589240265,[-1.719674589240265]
JVASP-15826,LiMgSnAu,-1.4924300332901002,[-1.4924300332901002]
JVASP-93312,Ca2Mg,-1.6525575538513184,[-1.6525575538513184, -1.6715142150756837]
JVASP-93313,Ca2Mg,-1.500907840335083,[-1.584096374118042, -1.500907840335083]
JVASP-99668,Mg3Si2,0.36114293137817377,[-1.7863406558868409, -0.18733734091491705, 0.36114293137817377]
JVASP-93716,CeMg,-1.260473670565796,[-1.737560810649109, -1.496706785762024, -1.260473670565796]
JVASP-96772,Mg5Si6,0.39357739487915033,[-1.8581660409805298, -0.9517094512817383, -0.4431554695007325, 0.39357739487915033, 0.2199586013916015]
JVASP-93315,CaMg5,-1.8496822734710694,[-1.8496822734710694, -2.287141742312622, -2.3080326934692383, -2.4028159995910645, -2.2568952461120606]
JVASP-99319,BaMgP2O7,8.38384371796875,[7.2964099029663085, 8.38384371796875, 7.834494886791992, 4.729578314221191]
JVASP-100274,Ba2MgMoO6,2.156389055645752,[2.156389055645752]
JVASP-100644,PrYMg4,-0.7729856391784669,[-1.8467643280860901, -1.2385252734062195, -0.7729856391784669, -1.6188034435150147]
JVASP-94276,CeMg5,-0.7540574689743043,[-1.996658505999756, -1.6193072219726563, -0.7540574689743043, -1.1574652810928345, -1.706798257434082]
JVASP-15827,LiMgSnPd,-1.261090101802063,[-1.261090101802063]
JVASP-96773,Mg4AlSi6,0.25742751160888666,[-1.8274229188796998, -1.4442426582214356, -0.48788756331176764, 0.25742751160888666]
JVASP-103283,MgPb3,-2.15922063788147,[-2.15922063788147, -2.263825239741516]
JVASP-99962,MgCdS2,3.3591339568260192,[3.3591339568260192]
JVASP-99963,Mg5MnSb4,0.6632524112823486,[-1.145118536555481, -1.0955045839187623, 0.6608627418640136, 0.6632524112823486, 0.17836671868591303]
JVASP-2526,KMgSb,1.2563675026062011,[-1.007214369380188, 1.2563675026062011]
JVASP-99964,Mg2MnAs2,1.0482018570068359,[-0.35022515257568365, 1.0482018570068359]
JVASP-2529,NaMgSb,0.910338519013214,[-0.9405959864494324, 0.910338519013214]
JVASP-100603,HoMg2,-1.3068228383895875,[-1.4754251857635499, -1.3068228383895875]
JVASP-99449,KNaMg2F6,10.347041187680054,[10.347041187680054, 9.940179405606079]
JVASP-100736,Mg5Ag,-1.6570813079711915,[-1.7974795719024659, -1.8161477466461182, -1.6570813079711915, -1.7913348098632813, -1.9968404193756104]
JVASP-101537,AcMg3,-1.19999736746521,[-1.874931277835083, -1.8008183856842042, -1.19999736746521, -1.8360347171661378, -1.945837678515625, -1.3409163375732422]
JVASP-99969,Li2MgAu,-1.1998332162734986,[-1.1998332162734986]
JVASP-102281,KMg3,-1.7898067851898194,[-1.7898067851898194, -2.304642619692993, -3.1715747733947754]
JVASP-100185,K3Mg,-2.2696203609344483,[-2.2696203609344483]
JVASP-100870,CaMg3,-0.5714899917480469,[-0.5714899917480469, -2.2674042602416993, -2.7822038551208497]
JVASP-100669,Ca2Mg,-1.4641059060928345,[-1.7518163343307496, -1.4641059060928345]
JVASP-102962,Na3Mg,-2.15173453291626,[-2.15173453291626, -2.465904416644287]
JVASP-101459,Mg6SiSn2,1.1405828575256347,[-1.79897517164917, -1.2595587988731385, -0.009106161200714169, 0.7835901359680175, -0.8701104541656495, 1.1405828575256347]
JVASP-11954,Mg13Al14,-1.0664169212219239,[-1.6508377214309693, -1.8526111265060425, -1.7057281156417847, -1.8563960810539246, -1.3547561188575745, -1.7587080617782593, -1.5769777913925171, -1.8601145168182374, -1.170876445376587, -1.7422775646087647, -1.7738575359222413, -1.3397173305389405, -1.0664169212219239]
JVASP-100608,Mg2Sc,-0.42441481550903326,[-1.2661048789855958, -1.095329227053833, -1.5926188846466065, -0.42441481550903326]
JVASP-101160,LiMg,-1.5512959977027894,[-1.5512959977027894]
JVASP-101000,MgGe,-0.1781730075714112,[-1.237151088320923, -0.1781730075714112]
JVASP-100609,MgGe3,-1.4851088543769837,[-1.4851088543769837]
JVASP-102104,Ac2Mg,-1.5712621231910706,[-1.8616998215553284, -1.5712621231910706]
JVASP-102971,Pr2Mg,-1.5258094688293458,[-1.6960145851013184, -1.5258094688293458]
JVASP-2757,BaMg2P2,0.5739372352722167,[0.5118702034118652, 0.5739372352722167]
JVASP-102285,LuMg2Sc,-0.08795076807708746,[-0.08795076807708746, -1.1631477495071412]
JVASP-100495,MgBi3,-1.857062341773224,[-2.0303853770133973, -1.857062341773224]
JVASP-100152,CaMg,-1.4409053941604615,[-1.6242910047409058, -1.4409053941604615]
JVASP-99841,Rb2Mg,-2.1847321411010743,[-2.1847321411010743, -2.747637452685547]
JVASP-100554,Mg4SiGe,0.8172265867355346,[-1.6929100175735474, 0.4373249391677856, 0.636211333668518, 0.8172265867355346]
JVASP-102977,Rb3Mg,-2.474840821826172,[-2.474840821826172]
JVASP-103317,TbMgTl2,-1.2554110904571534,[-1.2554110904571534]
JVASP-100948,AcNdMg2,-0.9863449951049805,[-0.9863449951049805, -1.3694801946517945]
JVASP-103131,MgAl2Ge2,-1.3949385305282593,[-1.3949385305282593]
JVASP-99602,PmMg2Sc,-0.42405003508300787,[-0.42405003508300787, -0.861620845401001]
JVASP-2994,CaMg2Sb2,0.3716111759307861,[-0.9504432102081299, 0.3716111759307861]
JVASP-101706,Li2MgZn,-1.0125157256958008,[-1.0125157256958008]
JVASP-20107,MgSc,-0.021150531375122128,[-0.021150531375122128]
JVASP-101169,Li2MgZrO4,3.2603147606018066,[3.2603147606018066]
JVASP-2997,SrMg2Sb2,-0.30423611601562506,[-0.5787361284133912, -0.30423611601562506]
JVASP-102114,LiMgPb2,-1.511284353339386,[-1.511284353339386]
JVASP-101473,MgAl2Sb2,-1.872460426890564,[-1.872460426890564]
JVASP-103137,NaMgN,2.3086952547195434,[1.7058555463912963, 2.3086952547195434]
JVASP-101709,KNaMg2F6,11.228094396984863,[8.952706156170654, 11.228094396984863]
JVASP-100203,Mg3Tl,-1.2020980735656739,[-2.1152140518066407, -1.429517926776123, -1.2020980735656739]
JVASP-102116,Mg5Sc,-0.35089725455017096,[-1.5330812354919434, -0.35089725455017096, -1.6216556449768067, -1.8800091167327881, -0.7908243556854249]
JVASP-2763,BaMg2As2,0.6227367500427246,[-0.12250346144409185, 0.6227367500427246]
JVASP-101172,LaYMg6,-0.049374165141296444,[-1.4399128576156617, -0.5835829397079468, -0.8896461149093629, -0.049374165141296444, -2.5910183807250977, -0.7073604484436036]
JVASP-100205,Mg5Pd,-0.11718720396728521,[-1.6321274658081055, -1.7579094787475587, -0.8450729270812989, -0.2246219535705567, -0.11718720396728521]
JVASP-100303,Sm2MgSi2,-0.3277422805664063,[-1.5662719627258301, -0.3277422805664063]
JVASP-100208,MgSc,0.42733174363403315,[-1.006475867831421, 0.42733174363403315]
JVASP-102985,SrMgO3,6.035141287243652,[6.035141287243652]
JVASP-101554,Ce2Mg,-1.6950010677215577,[-1.6950010677215577]
JVASP-101229,BaSrMgTeO6,3.8403075317504882,[3.8403075317504882]
JVASP-100210,MgSc2Hg,-1.8200883289215088,[-1.8200883289215088]
JVASP-103251,ErMg2,-0.9333656450149537,[-2.1116116662857056, -1.4605639596817017, -0.9333656450149537, -1.922384562098694]
JVASP-100706,AcCeMg2,-1.0687695165512086,[-1.0687695165512086, -1.111223878466797]
JVASP-101615,Tb5Mg,-1.6295151134368897,[-1.6295151134368897]
JVASP-3000,BaMg2Sb2,-0.16618651350708014,[-0.6148127933380128, -0.16618651350708014]
JVASP-101177,La2MgAl,-1.4906412979003907,[-1.4906412979003907]
JVASP-100962,DyMg2,-1.2816097160217286,[-1.5170114656326295, -1.2816097160217286]
JVASP-101377,MgSi2,-1.0464860816833497,[-1.8957220931884766, -1.0464860816833497]
JVASP-101619,Tm5Mg,-1.5880298038360596,[-1.5880298038360596]
JVASP-2199,MgSiP2,0.5375426391723632,[-0.4821578880187989, 0.5375426391723632]
JVASP-103615,MgPb,-1.1429228206512452,[-2.0069965740081788, -1.1429228206512452]
JVASP-104561,Dy5Mg,-1.4088417907592774,[-1.4088417907592774]
JVASP-102925,Dy5Mg,-1.600063743197632,[-1.600063743197632]
JVASP-101018,Sr2MgIn,-1.3701264282104493,[-1.3701264282104493]
JVASP-22719,RbMgF3,10.959356842434692,[10.959356842434692]
JVASP-15797,TbMg3,-0.9477188011047364,[-1.1894277950164795, -0.9477188011047364, -1.6772879978057862]
JVASP-19821,MgB2,-0.30003947218627935,[-0.30003947218627935]
JVASP-103622,Nd3Mg,-1.434837045275879,[-1.434837045275879]
JVASP-101728,Er3Mg,-1.8257883211013795,[-1.8257883211013795]
JVASP-105110,Ac2MgGa,-1.26504361828537,[-1.26504361828537]
JVASP-104775,MgZrN2,6.4933631996276855,[-0.5522462745544434, 6.4933631996276855]
JVASP-102453,AcPrMg2,-0.9295920749542237,[-1.2616409679290772, -0.9295920749542237]
JVASP-101629,MgRePb2O6,2.6038015464904785,[2.6038015464904785]
JVASP-106723,Tb3Mg,-1.7441688199874879,[-1.7441688199874879]
JVASP-100984,HoMg2,-0.8966035266754151,[-2.09719556769104, -1.3789982219573975, -0.8966035266754151, -1.7766367812988282]
JVASP-104725,LiMgIn2,-1.9100806136962891,[-1.9100806136962891]
JVASP-105198,Mg2As,0.4248334745529174,[-1.377214791381073, -1.078399421775055, 0.4248334745529174, 0.32139915028839106]
JVASP-106497,CaMgCd2,-0.8079063316223145,[-0.8079063316223145]
JVASP-104572,ErMg5,-1.565146030986023,[-1.9338958879348755, -1.565146030986023, -1.6252781768676758, -1.7955467124816895, -2.356721105181885]
JVASP-106664,Sr2MgMoO6,2.8954275230529785,[2.8954275230529785]
JVASP-50830,Na6MgO4,4.889259157574463,[4.889259157574463, 4.794976053631592]
JVASP-18564,LiMg2Ge,-0.13125807245941168,[-1.8336990495559693, -0.13125807245941168]
JVASP-105203,Mg5In,-1.6181976219055176,[-1.836176099383545, -1.6181976219055176, -1.8582174201843262, -2.0247284789916993, -2.3955366035339356]
JVASP-2466,CaMg2N2,2.3579781631591796,[1.398781118786621, 2.3579781631591796]
JVASP-106555,Mg2Sb,-0.21614706715316778,[-2.1996522565719605, -0.9017434736129761, -0.2500019093391419, -0.21614706715316778]
JVASP-102716,MgGeP2,0.6444779018524169,[0.6444779018524169]
JVASP-105208,MgGe3,-1.3026638646957398,[-1.7247474809524537, -1.3026638646957398]
JVASP-102521,LiMg,-1.6697495003578187,[-1.7652872820732117, -1.6697495003578187]
JVASP-104634,Nd2MgSi2,-0.185940446459961,[-1.6205031295654297, -0.185940446459961]
JVASP-106399,YbMg2,-1.385901155078125,[-1.6993629356262208, -1.5676223655578614, -1.385901155078125, -2.086390199267578]
JVASP-101587,Mg3Tl,-1.1325132270690919,[-2.1151573081848145, -1.4400684257385254, -1.1325132270690919]
JVASP-103644,La2MgSi2,-0.7963346858856202,[-1.6871718784210206, -0.7963346858856202]
JVASP-106617,YbMg3,-0.9851672073242188,[-0.9851672073242188, -1.9043824096557618, -2.7923166175720215]
JVASP-106959,LiMg,-1.633316459262085,[-1.633316459262085, -1.7601868530151368]
JVASP-101590,MgS2,1.6460097412231445,[1.455609617626953, 1.6460097412231445]
JVASP-102575,YbMg3,-1.0642265697357178,[-1.0642265697357178, -1.909726085269165, -2.707248868548584]
JVASP-104856,LiMgIn2,-1.261532487475586,[-1.261532487475586]
JVASP-2487,NaMgAs,1.481852350628662,[-0.6124004741546631, 1.481852350628662]
JVASP-106793,La2MgAl3,-1.5144342800018311,[-1.5144342800018311]
JVASP-104590,LiMgCd2,-1.3935155292388917,[-1.3935155292388917]
JVASP-15975,BaMg2Si2,-0.07735413511962896,[-1.9187490363952637, -0.07735413511962896]
JVASP-104591,LiMg2In,-1.4570519348022462,[-1.4570519348022462, -1.678071679675293]
JVASP-107186,LiMg2Au,-0.917097034060669,[-0.9868440051910401, -0.917097034060669]
JVASP-106564,MgPb2,-0.9417254348632813,[-1.9898173232910157, -0.9417254348632813]
JVASP-107240,Yb3Mg,-1.7664954086181641,[-1.8175665756103516, -1.7664954086181641]
JVASP-52907,MgH6N2Cl2,3.2480700592163085,[0.9969709495666503, 3.2480700592163085]
JVASP-106565,Na3Mg,-2.316363277041626,[-2.316363277041626]
JVASP-58227,BaMgCo4O8,4.520943460858154,[4.520943460858154]
JVASP-105235,Pm3Mg,-1.5400037189361573,[-1.5400037189361573]
JVASP-103703,Li2MgTl,-1.1942260285255433,[-1.1942260285255433]
JVASP-15976,BaMg2Ge2,-0.40081840952606207,[-1.814331593119812, -0.40081840952606207]
JVASP-104597,MgBi5,-1.79480356177063,[-1.79480356177063]
JVASP-14762,SmMg2,-1.0167139192459107,[-1.981609048449707, -1.4510685821411133, -1.0167139192459107, -1.8798088451263428]
JVASP-106975,Pr5Mg,-1.8228349109527588,[-1.8228349109527588]
JVASP-102484,Er5Mg,-1.4893261810180665,[-1.4893261810180665]
JVASP-105254,Sr2MgTl,-1.4911916871902466,[-1.4911916871902466]
JVASP-106634,Pr2MgSi2,0.014532385266113224,[-1.6896836181518555, 0.014532385266113224]
JVASP-58222,BaMgMn4O8,4.070682344830322,[4.070682344830322]
JVASP-11987,Mg3Al,-0.8675391097900391,[-1.652920188510132, -1.271077336871338, -0.8675391097900391]
JVASP-11988,Mg3Co,1.2036243061187744,[-0.8204769512054444, -0.41431254347534185, 1.2036243061187744]
JVASP-102637,YbMgGa4,-1.697832765185547,[-1.697832765185547]
JVASP-107199,MgSc3,-1.3832613845703126,[-1.3832613845703126]
JVASP-106580,PmMg3,-0.28889769514770514,[-0.28889769514770514, -1.976425351702881, -1.6163048168060303]
JVASP-107703,TmMg2,-0.4343706985351563,[-2.0767064710494996, -1.312704863154602, -0.4343706985351563, -2.18707651098938]
JVASP-19815,ThMg2,-0.1590150018569947,[-1.969214977824402, -1.411256494128418, -0.1590150018569947, -2.506744923197937]
JVASP-107263,BaMg2In2,-1.1970517059204102,[-1.9958423992034913, -1.1970517059204102]
JVASP-51241,BaMgOs2,0.6766031364562988,[0.6766031364562988]
JVASP-102354,Sr2Mg,-1.3047844787475587,[-1.8933417220947266, -1.3047844787475587]
JVASP-106589,Pu3Mg,4.4347718338134765,[0.3542988876464843, 4.4347718338134765]
JVASP-105186,KMg3,-1.4799434562561036,[-1.4799434562561036, -2.645211400592041, -3.1442191024658204]
JVASP-51242,BaHfMg2,-0.1973031183120728,[-0.1973031183120728, -2.532147469126892]
JVASP-107708,Y2MgSi2,-0.13930767973632818,[-1.6454126258728028, -0.13930767973632818]
JVASP-107316,MgSc5Al4,-0.8441907783386231,[-0.8441907783386231]
JVASP-106591,Rb2Mg,-1.963279666506958,[-1.963279666506958, -2.63145488699646]
JVASP-2991,CaMg2As2,1.229141054547119,[-0.24050229986877447, 1.229141054547119]
JVASP-107369,MgAl2Sn2,-1.8942001481887818,[-1.8942001481887818]
JVASP-106592,Rb2Mg,-2.265155019366455,[-2.265155019366455, -2.7751819511291504]
JVASP-107317,Mg6Sn2Ge,0.825724420941162,[-1.6900630613204957, -0.6700374503967286, -0.7796041389343262, 0.06424861947326654, -0.5341052432891846, 0.825724420941162]
JVASP-13084,LiMgN,3.2102966884735107,[0.19041448632507318, 3.1342607120635986, 2.7793975452545165, 3.2102966884735107]
JVASP-106593,RbMg,-1.6436440368530274,[-1.6436440368530274, -2.687987985217285, -2.9471721073028565]
JVASP-106543,La5Mg,-1.1046432872650147,[-1.1046432872650147]
JVASP-105396,SrMg3O4,6.8276856521728515,[4.862068949139404, 5.075708208477783, 6.8276856521728515]
JVASP-107542,NaLaMgTeO6,4.7831957916381835,[4.7831957916381835]
JVASP-106828,CeYMg4,0.3424760083320617,[-1.8259565254089356, -1.3880144973632813, 0.3424760083320617, -1.8173503895637513]
JVASP-58136,BaMgTi4O8,-0.4629017730590821,[-0.4629017730590821]
JVASP-107217,Tb5Mg,-1.3807840963241578,[-1.3807840963241578]
JVASP-107548,MgAl2,-1.889593543612671,[-1.889593543612671]
JVASP-107048,MgBe4Cu,-0.790433706843567,[-0.790433706843567]
JVASP-107052,Li2MgHg,-1.36490375002594,[-1.36490375002594]
JVASP-4050,CaMg2Bi2,-0.014896037184906064,[-1.30656212767334, -0.014896037184906064]
JVASP-51329,Mg2PbW,-0.8545555492279053,[-1.3750748058197022, -0.8545555492279053]
JVASP-4053,BaMg2Bi2,-0.6393203159210206,[-0.8920940776702881, -0.6393203159210206]
JVASP-7724,LiMgSnPt,-1.2834169288513184,[-1.2834169288513184]
JVASP-18735,Li2MgPb,-1.444783629977417,[-1.444783629977417]
JVASP-18736,LiMg2Tl,-1.5887802263137818,[-1.7422333379623414, -1.5887802263137818]
JVASP-52411,Na2MgH4S2O8,3.62446290055542,[3.62446290055542]
JVASP-8147,Mg3As2,1.5210872272613525,[-0.37906617125244146, 1.5210872272613525, 0.5271610597732543]
JVASP-19077,MgAl2S4,3.1660857776763915,[-0.0008344074127197842, 1.1100383381011962, 1.3057432750823974, 3.1660857776763915]
JVASP-8813,MgGeP2,1.4705176929595947,[-0.210340442263794, 1.4705176929595947]
JVASP-76249,Tb2MgGe2,-0.9704224487182618,[-1.6527673622009278, -0.9704224487182618]
JVASP-51305,MgBe2B,-0.265924634539795,[-0.265924634539795]
JVASP-7737,Li2MgIn,-1.6423757096168519,[-1.6423757096168519]
JVASP-53581,MgPS3,1.59106069604187,[1.2278390506866455, 1.59106069604187]
JVASP-12564,LiMgH3,4.6574798206451415,[-0.32936805685729986, 4.6574798206451415]
JVASP-13855,Mg3Au,2.6105733493927,[-1.6699928661224366, -2.0213443656799317, -1.2361071725723267, -0.9216159005996705, -0.27281803091735846, 2.6105733493927]
JVASP-52877,MgH12Cl2O6,5.197663603222656,[5.197663603222656]
JVASP-11130,Sr2MgB2O6,6.354929266369629,[6.354929266369629]
JVASP-8009,SrMg,-1.557095231616211,[-1.557095231616211]
JVASP-22657,LiMgBi,-0.19161147078247076,[-0.19161147078247076]
JVASP-11145,Ba2MgUO6,3.360542593395996,[3.360542593395996]
JVASP-9150,MgP4,0.6788287738922119,[0.0852828601959228, 0.6788287738922119]
JVASP-11049,MgTi2S5,1.385841665661621,[1.385841665661621, 1.3635962585571288]
JVASP-22415,Sr3MgIrO6,2.1657307724121093,[2.1657307724121093, 2.011449156201172]
JVASP-42857,Pr2MgTl,-1.1102995296356202,[-1.1102995296356202]
JVASP-8679,Li2MgBr4,4.1032933572891235,[4.1032933572891235]
JVASP-14248,Ca2MgSi2O7,8.410268602764893,[8.410268602764893, 4.479811487591553]
JVASP-9782,Ba3MgTa2O9,3.6817081550720214,[3.6817081550720214]
JVASP-11580,Sr4MgCr2S2O6,1.9158585647705078,[1.9158585647705078]
JVASP-76859,LiMgIn2,-1.835602345072937,[-1.835602345072937]
JVASP-49831,BaMgGe,-0.2226937433120728,[-1.6212976594802857, -0.2226937433120728]
JVASP-1151,MgB2,-0.2882828136322022,[-0.2882828136322022]
JVASP-78304,CeMg,-1.516611399256897,[-1.516611399256897]
JVASP-11584,Sr4MgFe2S2O6,2.914030371105957,[2.914030371105957]
JVASP-78308,MgAl,-0.7899680753585816,[-0.7899680753585816]
JVASP-78309,CaMg,-1.7975236793395997,[-1.7975236793395997]
JVASP-11587,Sr3MgFe2S2O5,2.3611300567749023,[2.3611300567749023]
JVASP-78310,MgAl,-1.08285230597229,[-1.08285230597229]
JVASP-78311,MgBi,-1.0650964399215699,[-1.0650964399215699]
JVASP-78314,MgAl,-0.7264029999610901,[-0.7264029999610901]
JVASP-78316,MgBi,-0.8129743953582764,[-0.8129743953582764]
JVASP-45373,Ba2MgSi2O7,9.073462782299805,[9.073462782299805, 4.189045248425293]
JVASP-76677,Mg3Zn,-1.982273044192505,[-2.125062884890747, -1.982273044192505, -2.0074774642822266]
JVASP-85040,Ca3Mg,-1.6046101470825196,[-1.6046101470825196]
JVASP-78798,CeMg,-1.3879484554168702,[-1.3879484554168702, -1.7573489566680909]
JVASP-78581,MgSb,-0.6419881006118775,[-0.6419881006118775]
JVASP-78750,CaMgSn,-1.7957133670684815,[-1.7957133670684815]
JVASP-78801,CeMg3,-1.884149970614624,[-1.8857226987716675, -2.2076964994308472, -1.884149970614624]
JVASP-4825,NaMgF3,9.963026581204224,[9.963026581204224, 9.691212711727905]
JVASP-78803,Mg3Cd,-2.00103873213501,[-2.1380245109436036, -2.19545954664917, -2.00103873213501]
JVASP-78545,MgSb,-1.0733031650421143,[-1.0733031650421143]
JVASP-78546,MgSn,-0.9997485299942017,[-0.9997485299942017]
JVASP-78804,CeMg,-1.7070454975006104,[-1.7070454975006104, -2.1946415325042725]
JVASP-78547,LiMg,-1.695849361026001,[-1.695849361026001]
JVASP-78805,CaMg,-1.673740567767334,[-1.673740567767334, -2.741517963015747]
JVASP-49179,KMgP3O9,10.597688017285156,[10.597688017285156, 8.020066557324219]
JVASP-78551,SrMg,-1.8331443687316895,[-1.8331443687316895]
JVASP-78807,CaMg,-1.4475914855834962,[-1.620322885119629, -1.4475914855834962]
JVASP-78554,MgSn,-1.1987182517883301,[-1.1987182517883301]
JVASP-78808,MgBi,-0.7340421696540833,[-1.819238068663788, -0.7340421696540833]
JVASP-78555,MgSn,-1.0690645595428467,[-1.0690645595428467]
JVASP-78556,MgGa,-1.0356935878631592,[-1.0356935878631592]
JVASP-78557,MgGa,-1.213101090991211,[-1.213101090991211]
JVASP-79181,Mg3C,1.6467843631866455,[-0.8190325518486024, -0.9551136513587952, 1.6467843631866455]
JVASP-78560,MgZr,-1.31722468336792,[-1.31722468336792]
JVASP-78561,MgGa,-1.0545744319793702,[-1.0545744319793702]
JVASP-78471,MgNb2,-1.929050626361084,[-1.929050626361084]
JVASP-79182,Mg3Mn,-0.7266598363754273,[-1.8588476796981812, -0.7266598363754273, -1.1864385028717042]
JVASP-78562,LiMg,-1.6792262216445923,[-1.6792262216445923]
JVASP-79183,Mg3Ti,-0.950146498286438,[-1.5692795534965516, -1.142056705558014, -0.950146498286438]
JVASP-78563,MgTi,-1.4274906535980225,[-1.4274906535980225]
JVASP-79235,YMg3,-0.2436261793014527,[-1.503545107447815, -0.2436261793014527, -0.9397914429542542]
JVASP-79184,Mg3Zn,-1.711544694506836,[-1.711544694506836, -1.745841683947754, -2.249454202258301]
JVASP-78564,HfMg,0.7215626815917968,[0.7215626815917968]
JVASP-79185,Mg3B,-0.08858019312591559,[-1.9982016702529908, -0.08858019312591559, -0.515537442767334]
JVASP-78565,MgSb,-0.7849910875198365,[-0.7849910875198365]
JVASP-79186,CeMg3,-1.3410787006256104,[-1.7761897464630128, -1.5628494640228272, -1.3410787006256104]
JVASP-10810,MgTi2O5,5.142902670300293,[4.550710974133301, 5.142902670300293]
JVASP-78475,MgZr2,-2.063325585925293,[-2.063325585925293]
JVASP-78566,MgZr,0.31757598916320795,[0.31757598916320795]
JVASP-79187,Mg3W,0.045408783352661075,[-1.6826223750946045, 0.045408783352661075, -0.22118467291564947]
JVASP-78567,LiMg,-1.6949534436103821,[-1.6949534436103821]
JVASP-79188,Mg3Fe,-0.33177441557617193,[-1.678571881854248, -0.5707265754577637, -0.33177441557617193]
JVASP-78569,CaMg,-1.441051187121582,[-1.6243483444091797, -1.441051187121582]
JVASP-79189,Mg3V,-0.966076674067688,[-1.3949733396408082, -1.2822627445098878, -0.966076674067688]
JVASP-76775,NaMgCd2,-2.545812787615967,[-2.545812787615967]
JVASP-1076,Mg2Si,1.2695819715621948,[-0.4146807809707642, 1.2695819715621948]
JVASP-78478,MgNb2,-1.5979906936523438,[-1.5979906936523438]
JVASP-78791,SrMg3,-1.7708680053588868,[-1.7708680053588868, -1.9512655158874512, -2.246496858203125]
JVASP-79195,Mg3Bi,-0.43285244902343756,[-2.146041812503052, -1.193412723147583, -0.43285244902343756]
JVASP-78963,LiMg2,-1.7194008251068116,[-1.7194008251068116, -1.944574775302124]
JVASP-79196,CaMg3,-1.9199668784973145,[-1.9199668784973145, -2.4037153144714356, -2.1644694229003907]
JVASP-79083,LiMg2Pd,-0.11582070788116461,[-0.6993721147415162, -0.11582070788116461]
JVASP-79198,Ca3Mg,-1.9273924251434327,[-1.9273924251434327]
JVASP-78862,Y3Mg,-1.1249424835083008,[-1.1249424835083008]
JVASP-78863,MgGa3,-1.6863707919952393,[-1.6863707919952393]
JVASP-36262,MgH2,2.5514360050323486,[2.5514360050323486]
JVASP-78834,LaMg3,0.5879086832168579,[0.5879086832168579, -2.0072782655593873, -1.8261457105514527]
JVASP-79479,Ce3Mg,-1.638884486758423,[-1.638884486758423]
JVASP-78729,AcMg,-1.4395171423789979,[-1.4395171423789979]
JVASP-79483,CaMg,-1.435482921206665,[-1.6253847499725342, -1.435482921206665]
JVASP-79096,Mg3Pa,-0.45218926867218023,[-0.7727773805496216, -0.45218926867218023, -1.8071168084976197]
JVASP-79486,MgSc2Ru,-1.2676789184448243,[-1.2676789184448243]
JVASP-79097,Mg3Re,1.0773684362533569,[-0.9124942441818238, 1.0773684362533569, 0.7870193103912353]
JVASP-79046,MgPa3,-1.620459260546875,[-1.620459260546875]
JVASP-12938,Na2MgCl4,6.1303072551849365,[6.1303072551849365, 4.152968464291382]
JVASP-79047,NaMg3,-1.4890281577941895,[-1.4890281577941895, -2.2603675742980958, -2.9391199966308594]
JVASP-78524,MgNb2,-1.5401780029174805,[-1.5401780029174805]
JVASP-79048,MgPb3,-2.12643277844162,[-2.12643277844162]
JVASP-78883,LiMgSb,-0.17252809008331305,[-0.17252809008331305]
JVASP-79898,HoMgTl2,-1.0903317352172852,[-1.0903317352172852]
JVASP-79110,Sm2Mg,-1.63383525809021,[-1.63383525809021]
JVASP-79660,MgSi,1.2118666748168945,[-1.5812882800933838, 1.2118666748168945]
JVASP-79325,CaCeMg2,-1.1962675472137452,[-1.1962675472137452, -1.2206353565093995]
JVASP-80498,Y3Mg,-0.907155456149292,[-0.907155456149292]
JVASP-80499,MgZr,-0.4811996837493897,[-1.4225749393341065, -0.4811996837493897]
JVASP-80500,Y3Mg,-1.7795040031311036,[-1.7795040031311036]
JVASP-80932,NaMgCd2,-2.5340303798553467,[-2.5340303798553467]
JVASP-80501,HfMg,0.06740957299499506,[-1.4710688014862061, 0.06740957299499506]
JVASP-79222,Mg3Ga,-1.5459653755065919,[-2.1621801277038575, -2.0806915183898926, -1.5459653755065919]
JVASP-80504,Mg3Zn,-1.4226462264892579,[-1.8336278816101075, -1.5613176246520997, -1.4226462264892579]
JVASP-80510,CaMg,-1.4400443454620362,[-1.6257652660247803, -1.4400443454620362]
JVASP-80517,YMg,-1.644266428553772,[-1.644266428553772, -2.422981323802185]
JVASP-80518,SrMg,-1.66254300078125,[-1.729092301928711, -1.66254300078125]
JVASP-9790,Na2MgSiO4,6.34244853059082,[6.34244853059082, 4.2646411041381835]
JVASP-79622,LiMg2Si,0.5403644422653198,[-1.5160685201522828, 0.5403644422653198]
JVASP-36587,HfMgO3,2.723326025402832,[2.723326025402832]
JVASP-80527,MgGa3,-1.8610203882095337,[-1.8610203882095337]
JVASP-80023,YbMgTl2,-1.0775155444976807,[-1.0775155444976807]
JVASP-81572,MgBe2Os,0.20789414445190424,[0.20789414445190424]
JVASP-10501,Ba2MgB2O6,6.104252634442139,[6.104252634442139]
JVASP-80529,HfMg3,0.08109038869171137,[-1.11696034868927, 0.08109038869171137, 0.03973668614654535]
JVASP-36588,MgIrO3,1.2107966522338867,[1.2107966522338867]
JVASP-80564,LiMgZn2,-2.3126670738098145,[-2.3126670738098145]
JVASP-36311,MgO,5.192847547924805,[5.192847547924805]
JVASP-80392,SrCaMg2,-2.3749293704864503,[-2.3749293704864503, -2.4996885677215577]
JVASP-11592,Sr4MgCo2S2O6,2.948266802227783,[2.948266802227783]
JVASP-36589,MgGeO3,4.439528522885132,[4.439528522885132]
JVASP-80157,LiMg2In,-2.115256967150879,[-2.115256967150879, -2.3614200969573975]
JVASP-81311,Ba2NaMg,-2.2193140407440186,[-2.2193140407440186]
JVASP-80742,Mg3Zn,-1.982273044192505,[-2.125062884890747, -1.982273044192505, -2.0074774642822266]
JVASP-80775,Ba2MgIn,-2.4826712032196045,[-2.4826712032196045]
JVASP-80193,Ca2MgAl,-1.0741446634170533,[-1.0741446634170533]
JVASP-81744,Ca2MgGa,-1.8107962032196045,[-1.8107962032196045]
JVASP-22539,K2MgF4,10.452845869458008,[10.452845869458008]
JVASP-80701,Li2CaMg,-0.9767958541748047,[-0.9767958541748047]
JVASP-12979,Li6MgBr8,0.0644405464294433,[0.0644405464294433]
JVASP-81664,Sr2LiMg,-2.3936572690841675,[-2.3936572690841675]
JVASP-34341,Mg2SiO4,7.099417982495117,[5.352515516674805, 4.758113203442383, 7.099417982495117, 3.9320014099243163]
JVASP-36591,MgRuO3,0.8248417953613281,[0.8248417953613281]
JVASP-80817,NaMg2Tl,-2.24069184263916,[-2.24069184263916, -2.515638055407715]
JVASP-36592,MgTiO3,4.224165735638428,[4.224165735638428]
JVASP-9796,Ba3MgNb2O9,4.88284331361084,[4.88284331361084]
JVASP-81204,NaSr2Mg,-1.610200585925293,[-1.610200585925293]
JVASP-36630,MgSiO3,3.2402527908447265,[3.2402527908447265]
JVASP-36631,MgRhO3,1.9441478828552246,[1.9441478828552246]
JVASP-30522,MgTi4O9,8.16057187119751,[5.936007318890381, 8.16057187119751]
JVASP-79749,MgGa,-1.7104572673675538,[-1.7104572673675538, -2.5186063667175294]
JVASP-79750,MgTi3,-2.2665783782836915,[-2.2665783782836915]
JVASP-81237,Ca2MgHg,-1.70506328543396,[-1.70506328543396]
JVASP-80478,LiMg,-1.6883041282531739,[-1.754982890689087, -1.6883041282531739]
JVASP-81470,Ba2LiMg,-1.8346838374969483,[-1.8346838374969483]
JVASP-80479,Sr3Mg,-1.9538416286346436,[-1.9538416286346436]
JVASP-81083,LiMgIn2,-1.836085857951355,[-1.836085857951355]
JVASP-81100,Ca2MgPb,-2.0231282134887696,[-2.0231282134887696]
JVASP-80484,SrMg,-2.157120647036743,[-2.157120647036743, -2.728321971499634]
JVASP-54884,MgB2H8,-0.8089072128173829,[-1.1663214584228516, -0.8089072128173829]
JVASP-80486,Mg3Sb,0.3086114505889892,[-2.231177033984375, -0.922618331515503, 0.3086114505889892]
JVASP-81240,Li2MgGa,-3.844054879748535,[-3.844054879748535]
JVASP-80487,MgSn3,-1.9323936124679566,[-1.9323936124679566]
JVASP-80488,MgGa,-1.1803728958007813,[-1.5724083801147462, -1.1803728958007813]
JVASP-80489,SrMg3,-1.7640358825561524,[-1.771371068560791, -1.7640358825561524, -2.1626493354675294]
JVASP-81990,Ca3Mg,-1.6046101470825196,[-1.6046101470825196]
JVASP-80494,YMg3,-1.720529319846344,[-1.720529319846344, -2.254876257979584, -1.9980441947814942]
JVASP-80497,MgZr3,-0.5064932723876954,[-0.5064932723876954]
JVASP-9976,BaMgC2O6,3.2253416160705566,[3.2253416160705566]
JVASP-50034,Na6MgO4,4.538285313046265,[4.538285313046265, 4.468346653378296]
JVASP-10924,MgMn2O5,4.142275152600098,[4.0648940185668945, 4.142275152600098]
JVASP-36637,MgZrO3,2.4578664878967285,[2.4578664878967285]
JVASP-1079,Mg2Ge,0.4642956833007812,[-0.766978683078003, 0.4642956833007812]
JVASP-36600,MgOsO3,-0.6701814552185059,[-0.6701814552185059]
JVASP-9360,BaMgCr4O8,1.6781895736816406,[1.6781895736816406]
JVASP-9359,BaMgV4O8,0.14940672913818354,[0.14940672913818354]
JVASP-22540,LiMgP,1.2664657215240478,[1.2664657215240478]
JVASP-9364,BaMgFe4O8,4.776029882824707,[4.776029882824707]
JVASP-14179,Er2Mg,-1.6414521356460572,[-1.6414521356460572]
JVASP-14180,Tb2Mg,-1.5385283847686768,[-1.5385283847686768]
JVASP-35830,BaMgPb,-1.9939999004241944,[-1.9939999004241944, -2.1302511115905762]
JVASP-34996,Mg2Ge,0.3924596885803222,[-2.1148492713806153, -0.6937090774414063, -0.12418240507812506, 0.3924596885803222]
JVASP-38942,Mg3Cr,-0.0806850810882569,[-1.1652033944961548, -0.0806850810882569, -2.4520609994766236]
JVASP-21868,MgSi7Ir3,-1.6552721877929688,[-1.6552721877929688, -1.6689440627929688]
JVASP-34997,Mg2Sn,-0.2976369281646729,[-2.0328237434265137, -1.1561922450897217, -0.7209143062469483, -0.2976369281646729]
JVASP-34998,Mg2Si,2.400641081726837,[-1.5160550495025635, -1.103917183482361, 0.54891061583786, 2.400641081726837]
JVASP-56088,MgH2,7.771912274754333,[-0.7551955600616456, 1.0227537731292724, 1.3277776817443847, 4.12568884888916, 2.904641089833069, 3.8379060606124877, 2.9058889726760864, 7.771912274754333]
JVASP-36652,MgSiP2,-1.0134636779663087,[-1.0134636779663087]
JVASP-35831,BaMgSn,-1.8011671920654297,[-1.9164838214752198, -1.8011671920654297]
JVASP-36304,MgSnP2,2.5536499599578857,[-0.40236133536071783, 2.5536499599578857]
JVASP-35122,BaLi2MgP2O8,6.642562685406494,[6.642562685406494]
JVASP-22546,LiMgN,2.287518320477295,[2.287518320477295]
JVASP-56203,BaLi2Mg2Ge2,-1.2132644077178956,[-1.299755098426056, -1.2132644077178956]
JVASP-35658,KMgH3,-1.8742236514923096,[-1.8742236514923096]
JVASP-35001,MgSc3Ru2,-1.703581990802002,[-1.703581990802002]
JVASP-21730,MgIr2,0.6209176162841796,[0.5529301742675781, -0.06369465788574225, 0.18336039582519525, 0.6209176162841796]
JVASP-35174,LiCaMgSiN3,3.7164395431640624,[-0.10057515104980475, 3.7164395431640624]
JVASP-36572,LiMg2Al,-1.9258909841415406,[-1.9258909841415406, -2.0279393812057496]
JVASP-37671,Sm5Mg,-1.8310429473754883,[-1.8310429473754883]
JVASP-57604,NaMgF3,10.106511173641968,[10.106511173641968]
JVASP-36623,MgVO3,1.5224450210693359,[1.5224450210693359]
JVASP-35124,BaNa2MgP2O8,6.591795263684082,[6.591795263684082]
JVASP-35664,MgBe2P2,-0.6441943069335938,[-0.6441943069335938]
JVASP-41760,BaNa2MgP2O8,6.671825704968262,[6.671825704968262]
JVASP-35125,BaSr2MgSi2O8,5.899112043774414,[5.899112043774414]
JVASP-41961,ErMg3,-0.8232902904388428,[-0.8232902904388428, -1.5650891681549073, -1.703327002131653]
JVASP-22745,Mg4As6Ir7,0.8132498840454101,[-1.832426967227173, -1.1755582710144044, -1.4149734397766114, 0.8132498840454101]
JVASP-21448,Na6Mg2C4SO16,6.843909559643555,[3.328952131665039, 3.4138224701049804, 4.343596754467773, 6.843909559643555]
JVASP-35673,Li2MgSi,0.0653560737731933,[0.0653560737731933]
JVASP-22972,NaMg4As3O12,9.570267973339844,[9.570267973339844, 6.121878919995117, 5.166831550991821, 7.148366032040405, 5.450177011883545, 6.738776026165771, 5.978828249371338, 7.476205645001221]
JVASP-41725,AcMgTl2,-1.188093366229248,[-1.188093366229248]
JVASP-40998,LiMgTl2,-1.7063514610168458,[-1.7063514610168458]
JVASP-22821,Sr3MgRhO6,2.47055083314209,[2.425941763317871, 2.47055083314209]
JVASP-40999,LiMg2Ag,-1.1881036182281495,[-1.1881036182281495, -1.6332401653167725]
JVASP-56535,Mg2Sn,-0.9728412052032471,[-1.854505481326294, -1.5460528751251221, -0.9728412052032471, -1.975312890612793]
JVASP-41002,LiMg2Rh,0.45248645345001215,[0.4439581016662597, 0.45248645345001215]
JVASP-57175,Na2Mg5P4O16,8.64326983491211,[7.592448053753662, 7.273330984509277, 4.598105726635742, 8.21333247224121, 8.64326983491211]
JVASP-58279,TbMg2,-0.8235625644561768,[-1.8685349841949463, -2.0991210361358643, -1.6597206016418458, -1.1235520263549805, -0.8235625644561768, -1.3163854499694825, -1.933451535308075, -1.2041463871833802]
JVASP-23566,Pr2MgGe2,-1.0372456928131104,[-1.7669681926605225, -1.0372456928131104]
JVASP-40898,ErMgSn,-0.9721360822555543,[-1.5397277494308472, -0.9721360822555543]
JVASP-23797,Ba2MgReO6,1.7129552940490722,[1.7129552940490722]
JVASP-51974,CaMgSiO4,5.909165678417969,[5.679428396618652, 5.909165678417969, 4.704675970471191, 5.550961790478516]
JVASP-35859,Er2Mg3Ru,-0.9968985935089112,[-1.5439266582366944, -0.9968985935089112, -3.7942339797851563]
JVASP-56345,LiMgVO4,5.56300049821167,[4.011668024456787, 5.56300049821167]
JVASP-57178,KNaMg2Si4O10F2,8.224109945690918,[8.224109945690918, 7.863634405529785]
JVASP-35909,KMgP,2.2197917083862304,[-0.3048810382720948, 2.2197917083862304]
JVASP-42029,PrMgZn2,-0.10801118811340338,[-0.10801118811340338]
JVASP-35057,KMgAs,1.753625450527954,[-0.765665354335022, 1.753625450527954]
JVASP-35418,Rb2MgCl4,5.29705697098999,[5.29705697098999]
JVASP-58325,Na2MgAlF7,12.48960190812378,[12.48960190812378, 7.814302263653564]
JVASP-41517,YMg3,-0.005191506945800839,[-0.005191506945800839, -1.6243225952026368, -1.7149274965164185]
JVASP-55017,LiMgSbPt,-1.2657219787475587,[-1.2657219787475587]
JVASP-56542,Dy2MgSi2,-0.46472567518920904,[-1.7774068733093262, -0.46472567518920904]
JVASP-31201,Li2MgCl4,5.991023717320251,[5.991023717320251, 5.383699832356262]
JVASP-41727,CaMgPb,-0.9424445649024964,[-2.015185060107422, -1.9583019634124756, -0.9424445649024964, -1.0592745562431336]
JVASP-41479,Tm2Mg,-1.3019722123977662,[-1.7942139526245118, -1.3019722123977662]
JVASP-41681,Li5Mg,-1.776017727458191,[-1.776017727458191]
JVASP-22264,Sr2MgIrO6,4.820553121960449,[4.820553121960449]
JVASP-20411,Mg17Al12,0.24379426041870111,[-2.14281541308136, -1.7180560251113892, -1.6356841941711426, -1.608589770400238, -1.5773760100242615, -1.5564274211761475, -1.7416993995544434, -0.9748408218261719, -1.4457852264282227, -1.2188666482803345, -1.41849261721344, -1.546543302142334, -2.1432334800598145, -1.8545607944366456, -1.0968984981414795, 0.03303938905029291, 0.24379426041870111]
JVASP-58137,BaMgSb4O8,4.197922287380981,[4.197922287380981]
JVASP-41306,NaMgPb2,-0.9402876516220093,[-0.9402876516220093]
JVASP-41025,LiMg2Hg,-1.5872167964813233,[-1.5872167964813233, -1.8811644931671143]
JVASP-41309,NaMgTl2,-1.3764187713500977,[-1.3764187713500977]
JVASP-40957,Ho2MgGe2,-0.7173995395538331,[-1.8430184741851807, -0.7173995395538331]
JVASP-21060,CaMgSi,0.47504478493957514,[-1.7189847846862794, -1.2074336429473878, 0.47504478493957514, 0.2613280395629882]
JVASP-35115,Ba2MgB6O12,5.309033689892578,[5.309033689892578]
JVASP-39979,MgSc2Tl,-1.0708561559555054,[-1.0708561559555054]
JVASP-41175,NdMgZn2,-0.11800116499633795,[-0.11800116499633795]
JVASP-35067,KMgBi,0.6330777386787414,[-1.3133773823616028, 0.6330777386787414]
JVASP-39922,DyMgTl2,-1.1979454179641724,[-1.1979454179641724]
JVASP-41698,CaLaMg2,-0.5192310233947754,[-0.5192310233947754, -1.209753694140625]
JVASP-20437,TmMg2,-0.6346465965148926,[-2.1639241596099854, -1.9906055351135254, -1.5842451473114014, -0.6346465965148926, -0.9164811988708497, -1.0072159191009522, -2.2894091626045228, -1.2958880682823182]
JVASP-41184,Mg3Sc,1.1562612632873535,[-1.668113412463379, -1.3255133052703858, -0.2838152070877076, -1.0663130899307252, -1.478390397631836, 1.1562612632873535]
JVASP-39710,Y2MgGe2,-0.8660361190673829,[-1.6998040099975587, -0.8660361190673829]
JVASP-39645,Na2MgSn,-0.7922720332977295,[-0.7922720332977295, -1.4841179271575928]
JVASP-41700,Ca2MgTl,-1.0661889930603028,[-1.0661889930603028]
JVASP-41946,LaMgZn2,0.4657602886322021,[0.4657602886322021]
JVASP-20248,BaMg2,-0.9904703517791749,[-1.6274710317489625, -1.8958809991714478, -1.5512177368041993, -1.831065835559082, -1.9707478900787354, -0.9904703517791749, -1.9870588203308106, -1.5482236762878419]
JVASP-41189,Mg3TcH7,3.4567492584350585,[-0.7529696842071534, -0.7855753322479249, 0.08753567734985346, 1.2360580543640136, 0.5745967010620117, 3.4567492584350585]
JVASP-39895,AcMgCd2,-0.7710940261718751,[-0.7710940261718751]
JVASP-40070,Li2MgCd,-1.504708232485962,[-1.504708232485962]
JVASP-41532,Tm2MgGe2,-0.9285739084121705,[-1.7597976346847535, -0.9285739084121705]
JVASP-58144,BaMgAg4O8,6.2354498485687255,[6.2354498485687255]
JVASP-35355,MgSi2,-1.898192348086548,[-2.040009917819214, -1.898192348086548]
JVASP-23961,RbMgH3,5.838810024655151,[-1.4849500079986573, -1.4672526737091065, 4.508793888485718, 2.683087644970703, 5.838810024655151, 4.6715295890930175]
JVASP-31161,LiMgP,1.2664657215240478,[1.2664657215240478]
JVASP-41632,BaMgTe2O7,6.588143644726562,[4.934214888012695, 6.588143644726562]
JVASP-20392,YbMg2,-1.3729705234405518,[-1.4758030792114258, -1.8023116012451172, -1.4413742442962647, -1.3729705234405518, -1.4083017726776124, -1.6625885387298585, -2.2674378772613526, -1.836540164553833]
JVASP-40281,SrMgTl2,-1.195149840914917,[-1.195149840914917]
JVASP-39993,Ac2MgSn,-1.7601789852020264,[-1.7601789852020264]
JVASP-40618,LaMgAg2,-0.00848984917373663,[-0.00848984917373663]
JVASP-20775,Mg3P2,60.897894201672365,[-0.9625005145904542, -1.1579946895477295, -0.4601702113983155, -0.7156342883941651, 1.5805069784286498, 0.9230474809768676, 2.2999748567703246, 3.4670445303085327, 3.35574632684021, 2.0360360721710205, 1.0733774284484863, 1.8374140838745117, 1.5097179988983154, 3.9862995723846435, -0.73265117605896, 0.8318338970306396, 0.7771394828918456, 0.5416923145416259, 2.9910573343399047, 3.532759366429138, 4.350350079930115, 15.35732525388031, 60.897894201672365, -60.729141416156004]
JVASP-58352,Mg3Al9FeSi5,-1.2310706992980958,[-1.8088237663146973, -1.2778188606140137, -1.2310706992980958]
JVASP-40780,MgScGa,0.013230679428863468,[0.013230679428863468]
JVASP-39214,MgIn3,-2.1319270749923707,[-2.1319270749923707]
JVASP-40097,AcMgHg2,-1.0411922355529786,[-1.0411922355529786]
JVASP-41328,Lu2MgGe2,-1.2224749942657471,[-1.7422904392120362, -1.2224749942657471]
JVASP-39218,Li2MgGe,-1.506128730380249,[-1.506128730380249]
JVASP-22763,Nd2MgCu2,-1.8709289451477051,[-1.9658058305618287, -1.8709289451477051]
JVASP-39220,NaMg,-2.127283038699341,[-2.127283038699341, -2.245654048526001]
JVASP-40365,CaMgTl2,-1.0754361768600464,[-1.0754361768600464]
JVASP-41380,MgBe2As2,-1.2672936340209962,[-1.2672936340209962]
JVASP-22366,Rb2MgF4,10.58905726472168,[10.58905726472168]
JVASP-39223,Li2MgHg,-1.7456753869888306,[-1.7456753869888306]
JVASP-37952,Ac2Mg,-1.776526155078125,[-1.776526155078125]
JVASP-31013,K2MgF4,10.450840769207764,[10.450840769207764]
JVASP-40050,HoMg3,-0.6899279971954346,[-0.6899279971954346, -1.72184795340271, -1.6817860027191163]
JVASP-39965,NdMgAu2,-0.5399091859695435,[-0.5399091859695435]
JVASP-15909,LiMgP,0.192491588986206,[0.192491588986206]
JVASP-39318,MgAs,0.2812938074234008,[0.2812938074234008]
JVASP-38324,LiCa2Mg,-0.9096959253189087,[-0.9096959253189087]
JVASP-15910,LiMgSbPd,-1.5433868785736085,[-1.5433868785736085]
JVASP-39228,LiMg2,-1.6846945901748658,[-1.8620565553543091, -1.7943483014938355, -1.6846945901748658, -2.0873211046096802]
JVASP-39197,LaMgTl2,-0.8108151574966431,[-0.8108151574966431]
JVASP-38271,RbMg3,-1.8779646774169922,[-2.157169046008301, -2.100033940875244, -1.8779646774169922, -2.5318824668762208, -2.7574564834472657, -2.9940001388427735]
JVASP-22434,LiMgPO4,9.110993681347656,[5.613930044567871, 7.14401274720459, 7.7478211502197265, 9.110993681347656]
JVASP-40798,LiMgP,0.39187294045715326,[0.39187294045715326]
JVASP-38786,HoMgSn,-0.8703269382354737,[-1.5867375751373292, -0.8703269382354737]
JVASP-38230,Rb3Mg,-2.397077741229248,[-2.397077741229248]
JVASP-15915,Mg3ZnC,1.4201911071899413,[-0.6177488585350037, 0.581020174420166, 1.4201911071899413]
JVASP-39976,MgSc2Cd,-1.4371666332122803,[-1.4371666332122803]
JVASP-40635,Sm2MgGe2,-0.7784926315185547,[-1.7566596885559083, -0.7784926315185547]
JVASP-38284,NdMgTl2,-1.0081215520736695,[-1.0081215520736695]
JVASP-16448,Mg3Au,2.6105733493927,[-1.6699947734710694, -2.0213443656799317, -1.2361071725723267, -0.9216159005996705, -0.27281803091735846, 2.6105733493927]
JVASP-39439,NaMg3,-1.9151865859863282,[-1.9151865859863282, -1.9642507453796387, -2.058304013812256, -2.238341989123535, -2.371609391772461, -2.625112237536621]
JVASP-39247,LiMg2,-1.708216132723999,[-1.9213175197479249, -1.708216132723999, -1.7289533038970948, -2.193048419558716]
JVASP-39495,SrMgSi,-2.220594348513794,[-2.220594348513794]
JVASP-39859,Li2MgSn,-1.3271336575386048,[-1.3271336575386048]
JVASP-36584,MgSnO3,2.1399884800079345,[2.1399884800079345]
JVASP-37384,TmMg2Sc,0.11993843117980951,[0.11993843117980951, -1.1882259269592286]
JVASP-38443,PrMgAu2,-0.8940503021118165,[-0.8940503021118165]
JVASP-38797,LiMgPd2,1.0968740562561035,[1.0968740562561035]
JVASP-39441,Ho3Mg,-1.381873669230652,[-1.381873669230652, -1.6526630540725709]
JVASP-40812,NaMgP,-0.8798903842803956,[-0.8798903842803956]
JVASP-37386,TmMg5,-1.843239965045166,[-1.843239965045166, -2.2838298698303223, -2.282520832621765, -2.1450179239151, -2.231838883959961]
JVASP-39511,SrMgSn,-2.548785390460205,[-2.548785390460205]
JVASP-16575,MgTl,-1.6354870220062256,[-1.6354870220062256]
JVASP-38926,Mg2TlPb,-1.083499016368103,[-1.4259217401382447, -1.083499016368103]
JVASP-38887,MgSc2Al,-0.13263768156738287,[-0.13263768156738287]
JVASP-37443,YMg2Sc,0.5391803363922119,[0.5391803363922119, -0.8392052074310303]
JVASP-38452,PrMgTl2,-0.9730351587173462,[-0.9730351587173462]
JVASP-23351,Na2MgAlF7,12.308542786038208,[12.308542786038208, 8.039055405056763]
JVASP-38243,Rb3Mg,-2.4631890674468995,[-2.4631890674468995]
JVASP-21368,CaMgC2O6,3.5707343200805663,[3.5707343200805663]
JVASP-37446,Sm5Mg,-1.7076088806030274,[-1.7076088806030274]
JVASP-38927,MgSn3,-1.9747360368606568,[-1.9747360368606568, -2.0809574743148804]
JVASP-38195,Rb2Mg,-2.15414136847229,[-2.15414136847229, -2.7123188396331788]
JVASP-37611,TmMg2,-1.3523076196548462,[-1.3523076196548462, -1.3525678535339356]
JVASP-37613,SrMg5,-1.4975382705566407,[-1.86440748175354, -1.5099090953704835, -1.4975382705566407, -2.605223359667969, -2.103568973147583]
JVASP-38737,Pm5Mg,-1.8222169299957276,[-1.8222169299957276]
JVASP-38928,MgTa,-0.5436684509155274,[-1.7927309890625, -0.5436684509155274]
JVASP-37305,Sm3Mg,-1.590136470401001,[-1.590136470401001]
JVASP-38738,Pm2Mg,-1.691085161769104,[-1.691085161769104]
JVASP-38517,LiMg,-1.5814033766624451,[-1.9506222625610352, -1.616282882296753, -1.5814033766624451]
JVASP-36919,MgAgF3,9.162951765454102,[9.162951765454102]
JVASP-38815,LiMgAu2,0.689587650692749,[0.689587650692749]
JVASP-79150,Mg3Si,-0.3605508228179932,[-1.7256305833694459, -1.121603788935852, -0.3605508228179932]
JVASP-79160,Mg3Zr,-0.822265925013733,[-1.5357667823669434, -0.9590856452819825, -0.822265925013733]
JVASP-79161,BaMg3,-1.7595278640625,[-1.7595278640625, -2.2155715843078614, -1.9068214317199708]
JVASP-79162,NaMg3,-1.9840881248352051,[-2.044106187426758, -1.9840881248352051, -2.6358014961120606]
JVASP-79163,Mg3Nb,-0.2592162509796143,[-1.5108352323410035, -1.2059028764602662, -0.2592162509796143]
JVASP-79164,Mg3Ga,-1.4211077113983155,[-1.7481974979278565, -1.4211077113983155, -1.8085512538787842]
JVASP-79165,LiMg3,-1.6666664501068116,[-1.9571461101409913, -1.6666664501068116, -2.2245569845077515]
JVASP-79166,Mg3Mo,-0.5888416190979004,[-1.735261382662964, -0.5888416190979004, -0.664855184161377]
JVASP-79168,Mg3Cr,-1.0395503064033509,[-1.8212789317008973, -1.0395503064033509, -1.544902267062378]
JVASP-79169,RbMg3,-2.02514761885376,[-2.02514761885376, -2.4490529914733887, -2.679802121722412]
JVASP-79171,Mg3Co,-0.04812568625183111,[-1.8473163863059998, -0.41896748741836554, -0.04812568625183111]
JVASP-79174,Mg3Al,-1.3365369459030152,[-1.8310566564437867, -1.3365369459030152, -1.515118183695984]
JVASP-77339,NaMg2Cd,-2.100831927859497,[-2.100831927859497, -2.565698566043091]
JVASP-79175,Mg3Bi,-1.2397049089309693,[-2.1242370029327393, -1.604188384616089, -1.2397049089309693]
JVASP-79176,CaMg3,-1.5512575527069092,[-1.7266053577301026, -1.5512575527069092, -1.8945459743377686]
JVASP-79177,Mg3Sb,0.14776354829101557,[-2.207288922869873, -0.7921606918212891, 0.14776354829101557]
JVASP-79179,Mg3Sn,-1.3395231386062623,[-1.9056625982162476, -1.3395231386062623, -1.398316802584839]
JVASP-79180,HfMg3,-0.7088949104187012,[-1.4518601318237305, -0.7711045165893555, -0.7088949104187012]
JVASP-41237,AcMg5,-0.9181777854797364,[-1.8350589891311646, -1.653102459513855, -0.9181777854797364, -2.129722299182129, -1.69553917845459]
JVASP-38522,Li3Mg,-1.6324232836601258,[-1.6324232836601258]
JVASP-38523,Li3Mg,-1.0119155069229127,[-1.0119155069229127]
JVASP-38649,NaMg3,-1.8207919021484376,[-1.8207919021484376, -2.13737267454834, -2.536400022113037]
JVASP-38931,MgTl3,-2.292204560839844,[-2.292204560839844, -2.429003419482422]
JVASP-38586,Nd3Mg,-1.5632343908187867,[-1.5632343908187867]
JVASP-38592,MgMnO3,1.8964951614501953,[1.8964951614501953]
JVASP-38932,MgU,-0.9244653602478028,[-2.3041717429992676, -0.9244653602478028]
JVASP-37574,Tm3Mg,-1.2392657419082642,[-1.3784850259658814, -1.2392657419082642]
JVASP-38857,Nd2MgGe2,-0.8417198081848145,[-1.7371780296203614, -0.8417198081848145]
JVASP-38938,MgZr3,-1.3158084770080567,[-1.5772611518737794, -1.3158084770080567]
JVASP-38939,Mg3Br,6.18815165559082,[-2.1746496578094483, -2.042167605960083, 6.18815165559082]
JVASP-38755,ThMgZn2,1.0505836586120605,[1.0505836586120605]
JVASP-38943,Mg3Ga,-1.0352954288360596,[-1.9193539043304444, -1.0352954288360596, -1.4939326663848878]
JVASP-38944,Mg3Ga,-1.0974547286865235,[-1.8784727474090577, -1.224012317263794, -1.0974547286865235]
JVASP-37197,Mg3Mn,-0.3814425488349915,[-1.0677324553367615, -0.3814425488349915, -0.6111714263793946]
JVASP-37198,Mg3Mn,0.20942455331115717,[-1.6758499165412903, -0.3708313723442078, 0.20942455331115717]
JVASP-37201,Mg3Os,1.4249764064910888,[-1.1893146654006959, 1.2608256916168212, 1.4249764064910888]
JVASP-37373,Sm2Mg,-1.6261650939819337,[-1.6261650939819337]
JVASP-38629,NaMgO3,6.903268156445312,[6.903268156445312]
JVASP-37203,MgP,0.9195621589782714,[-0.3608242889282227, 0.9195621589782714, 0.26313048402099604]
JVASP-37204,Mg3Pb,-0.9773558994171143,[-2.109148921572876, -0.9773558994171143, -1.0883108993408204]
JVASP-37205,Mg3Sn,-0.38426393469543463,[-1.9795412441131592, -0.9099544902679444, -0.38426393469543463]
JVASP-37206,Mg3Ta,0.7790396789672851,[-1.0714892764923096, 0.7790396789672851, -0.057900847994995175]
JVASP-39640,Sr2MgUO6,5.449010191357422,[3.9790385345581054, 5.449010191357422]
JVASP-38868,Dy2MgGe2,-0.9149498363372803,[-1.7916261573669434, -0.9149498363372803]
JVASP-37242,SmMg2Sc,0.08730721274642939,[0.08730721274642939, -1.0664006491539002]
JVASP-37343,Th3Mg,-1.3089997192260743,[-1.3089997192260743]
JVASP-37933,AcMg3,-0.9093317409393311,[-0.9093317409393311, -2.010499419772339, -2.1571876426574708]
JVASP-38893,MgSc2In,-0.7694501300689698,[-0.7694501300689698]
JVASP-37511,Yb3Mg,-1.1937438865539551,[-1.1937438865539551]
JVASP-36985,MgTlF3,8.974085150158691,[8.974085150158691]
JVASP-40442,Ca2MgIn,-1.0007447620269776,[-1.0007447620269776]
JVASP-45957,Na3MgPCO7,7.331171331799316,[5.551243124401855, 7.331171331799316]
JVASP-45969,Li3MgPCO7,7.0529735664489746,[7.0529735664489746, 5.399180231488037]
JVASP-14491,LaMg3,-0.6098703761932374,[-0.6098703761932374, -0.9420527835723878, -1.6936057229873658]
JVASP-106998,Ho2MgSi2,-0.3637966533538819,[-1.8936910053131104, -0.3637966533538819]
JVASP-55713,CaMgNiH4,-1.4826971908447266,[-1.8140336891052247, -1.6916725059387208, -1.5281655212280274, -1.4826971908447266]
JVASP-37484,Yb3Mg,-1.541458310687256,[-1.541458310687256]
JVASP-55691,NaMgH3,4.397914467251587,[-0.6836482902404786, 3.967307386791992, 4.247645912564087, 4.397914467251587]
JVASP-77419,Sr2LiMg,-2.3936572690841675,[-2.3936572690841675]
JVASP-9755,Na2MgC2O6,5.148791132366943,[5.148791132366943]
JVASP-14531,NdMg2,-1.014595391356659,[-1.868630590045166, -1.5495678802368165, -1.014595391356659, -1.722589137160492]
JVASP-64989,MgBe2Sb,-1.7214344163772584,[-1.7214344163772584]
JVASP-65068,Ca4MgBe,-1.155054511630249,[-1.155054511630249]
JVASP-90583,Mg3Sb,0.9987698177459716,[-1.6751027723190308, -2.3190272470352173, -1.5110872407791138, -1.7925003190872193, -0.1426073928710938, 0.9987698177459716]
JVASP-65105,Mg4BePd,0.03624063531188959,[-1.8976654430267335, -1.4037689586517335, 0.03624063531188959, -1.2410063167449952]
JVASP-10075,CaMgAsO4F,7.664578733837891,[7.664578733837891, 7.198059854901123]
JVASP-44747,Li4MgCo3O8,2.6513808349731445,[2.6513808349731445]
JVASP-10783,YMg2,0.6874311546447753,[-1.6023393889305115, -2.09770381649704, -1.1386457701560975, -0.7882906218406678, -0.9345316310760499, 0.1276875118377685, -1.9349228759643555, 0.6874311546447753]
JVASP-18083,CeMg2,-0.8740225454208375,[-1.970334293448639, -1.7454265375968934, -0.8740225454208375, -1.1739595552322388]
JVASP-34982,DyMg2,-0.5391539951202393,[-2.0916776080963135, -1.9103907962677003, -1.7178930660125733, -1.1871265788909913, -1.026505233847809, -1.3613502999183655, -2.0252445360061646, -0.5391539951202393]
JVASP-12374,MgTePb2O6,3.8427408317687988,[3.8427408317687988]
JVASP-76930,Li2MgGa,-3.844054879748535,[-3.844054879748535]
JVASP-46065,K2Mg2O3,6.7990835289123535,[3.7134864906433105, 5.464358625805664, 5.8054760078552246, 4.635152159130859, 5.498573599255371, 5.008202848828125, 5.746040640270996, 6.7990835289123535]
JVASP-56565,Mg2Si,0.002923128998565616,[-1.77781456907959, -0.48958951433868414, -1.17188275059433, 0.002923128998565616]
JVASP-12558,MgH2,4.5200344900253295,[0.1836286167266845, 2.0098665336730956, 1.9129287580612182, 4.5200344900253295]
JVASP-12557,MgH2,5.696192799008179,[-0.726780118548584, 3.82742339173584, 2.8699026683929443, 5.696192799008179]
JVASP-12556,MgAl2H8,-0.9633032699462891,[-0.9633032699462891]
JVASP-51711,SrMg2FeH8,0.7781789878967285,[-1.1572005172607422, 0.7781789878967285]
JVASP-41089,LiMg2Zn,-1.3192312141296387,[-1.3192312141296387, -1.732925595843506]
JVASP-51714,SrMgH4,3.4184897522094726,[0.9144542793395996, 3.4184897522094726]
JVASP-51723,Mg3ReH7,1.8330410102966308,[-0.7717644592163087, -0.20948952635498053, 0.9209366420867919, 1.6482568363311767, -0.06169146498413092, 1.8330410102966308]
JVASP-17756,MgIn3,-2.2042710204956055,[-2.2042710204956055]
JVASP-51728,Ca4Mg3H14,4.67787915269165,[-0.3567602058288575, 1.318437395489502, 4.67787915269165]
JVASP-35164,Li4Ca2MgSi2N6,-0.4550129791137696,[-0.4550129791137696]
JVASP-51734,Yb4Mg3H14,4.652502594387817,[-0.15888494452209478, 1.9036112407806396, 4.652502594387817]
JVASP-44569,Li2MgCu2Si4O12,6.033873854077148,[6.033873854077148]
JVASP-11287,MgCr2S5,0.8293138126495361,[0.8293138126495361, 0.7729073146942138]
JVASP-10207,K2MgC2O6,5.202249823010254,[5.202249823010254]
JVASP-10204,Mg3P2,5.015390036499786,[-2.6854241510269166, 1.2672895769241332, 3.2279080728652954, 2.3372318128707885, 0.4382452944877624, 5.015390036499786]
JVASP-51746,BaMg2FeH8,0.32415371934204096,[-1.3086978813049317, 0.32415371934204096]
JVASP-20501,LaMg2,-0.5941026230690003,[-1.8042644878265381, -1.5721880813476563, -0.5941026230690003, -1.300963046157074]
JVASP-19980,CeMg3,-0.6200661083099366,[-0.8684391399261475, -0.6200661083099366, -1.3997542281982422]
JVASP-19977,NdMg3,-0.758636774623108,[-1.2836504598495484, -0.758636774623108, -1.7142359634277344]
JVASP-3114,SrMg2N2,2.2371771911743163,[1.3977821449401855, 2.2371771911743163]
JVASP-64603,Ba4MgCd,-1.4625114818450928,[-1.4625114818450928]
JVASP-87910,Mg3Mn2Si3O12,5.227966127789307,[2.050476847088623, 2.18035775223999, 3.693877039349365, 4.467203913128662, 5.203789530194092, 5.227966127789307, 5.0213735679748535, 5.221546945965576, 4.920893965161133, 4.367959318554687, 4.3948853592041015, 4.9747498611572265]
JVASP-91892,Mg7Si,-0.06452101668090826,[-1.7476454397079468, -1.8106725831863404, -1.5458069463607789, -1.193824591242981, -1.0243679901000977, -0.06452101668090826, -3.897473158442688]
JVASP-92199,KMg6Ti,-1.3502106090423585,[-1.9875251670715333, -1.7751805206176758, -1.6806024928924561, -1.3502106090423585, -2.3189770599243165, -2.3647400756713868]
JVASP-97993,Ba3MgSb2O9,5.4316943267944335,[5.4316943267944335, 4.965487776196289]
JVASP-109020,Ba2MgTl,-1.6983338018295289,[-1.6983338018295289]
JVASP-109060,MgIn2,-2.021401347720337,[-2.0462319274780274, -2.021401347720337]
JVASP-109063,Nd2Mg,-1.659002723300171,[-1.659002723300171]
JVASP-107954,Mg5Pb,-1.343765678012085,[-1.8748547454711915, -1.9720746894714356, -1.4497136493560792, -1.5250200649139405, -1.343765678012085]
JVASP-22885,Mg3BeAl8O16,6.980525789654541,[4.330943403637695, 4.259495077526855, 5.919092474377441, 6.394713697827148, 6.980525789654541, 6.43826848069458]
JVASP-110241,Ho3Mg,-1.7847982068893433,[-1.7847982068893433]
JVASP-91525,BaMg4Si3,0.24790125886230463,[-1.6172654052612305, 0.24790125886230463, -0.9960820098754883, -0.06772393187255865]
JVASP-64539,Ba4MgSi,-1.663749398791504,[-1.663749398791504]
JVASP-65107,Mg4BeV,-0.0032839198944092374,[-2.190711559855652, -1.7713056226608277, -0.0032839198944092374, -1.2186884303924561]
JVASP-91893,NaMg7,-1.859547795855713,[-1.859547795855713, -1.9010421653625489, -1.971416177355957, -2.088232698046875, -2.295026959979248, -2.51684683760376, -2.799047650897217]
JVASP-110306,BaMg2N2,1.9457867721679687,[1.7927578071716308, 1.9457867721679687]
JVASP-20919,Mg3Al18Cr2,-1.5886473079559327,[-1.5886473079559327, -1.8358573337432862, -1.974176826083374, -1.8016075511810303, -2.2244688888427735, -2.40383357008667]
JVASP-110256,Er2Mg,-1.6557825227615357,[-1.6557825227615357]
JVASP-108624,ErMg2Sc,-0.02718740900726324,[-0.02718740900726324, -1.2656429429885865]
JVASP-109164,Li4Mg,-1.9063910265800477,[-1.9063910265800477]
JVASP-109505,CaAcMg2,-0.6384419818756104,[-0.6384419818756104, -1.7192882915374756]
JVASP-38434,K3Mg,-2.036763848864746,[-2.036763848864746, -2.6513912101623536]
JVASP-38242,RbMg,-2.2933396716949463,[-2.2933396716949463, -2.432074012362671, -2.57007736166687]
JVASP-38498,Li3Mg,-1.7306372543212891,[-1.7306372543212891]
JVASP-20124,MgZn2,-1.1731564422485352,[-1.7323948760864258, -1.4250471015808106, -1.9119178672668458, -1.1731564422485352]
JVASP-108757,Li2MgCd,-1.3119432350036622,[-1.3119432350036622]
JVASP-110005,MgGa3,-1.83888417681427,[-1.83888417681427]
JVASP-109568,MgS3,1.552615700161743,[1.552615700161743]
JVASP-31185,LiMgN,2.287518320477295,[2.287518320477295]
JVASP-110006,MgSc2,-1.148704471194458,[-1.148704471194458, -1.2520617862579346]
JVASP-109580,Nd2Mg,-1.6663838048812867,[-1.6754675527450562, -1.6663838048812867]
JVASP-26039,RbMgF3,14.440286455548096,[11.772163687145996, 10.933626470959473, 8.488393125927734, 11.616734800732422, 8.391471205151367, 14.440286455548096]
JVASP-109554,LiMg2Ni,-0.2896246333953858,[-0.2896246333953858, -0.5580331703063965]
JVASP-109290,Mg5Pt,1.6995404342773437,[-1.683492126071167, -1.729845943057251, -1.306612016761017, 0.19185888568191523, 1.6995404342773437]
JVASP-109923,Ba2MgIn,-1.4507944007751465,[-1.4507944007751465]
JVASP-109387,MgU2O6,0.9757588485839843,[0.9757588485839843]
JVASP-108650,Mg3Pb,-0.5007979293701172,[-2.192611040675354, -1.987138332926941, -1.1668533702728272, -1.5022711177703858, -1.1379806419250489, -0.5007979293701172]
JVASP-109293,MgIn5,-2.2201940437194825,[-2.2201940437194825]
JVASP-38268,RbMgPO4,7.649503050244141,[7.649503050244141, 6.643353758251953, 5.8509705642822265, 7.220502195751953]
JVASP-109317,Yb5Mg,-2.0671901126739503,[-2.0671901126739503]
JVASP-110108,SmMg5Sb4,-0.09440809687347418,[-1.1710092445251465, -0.9931849857208253, -0.5582129379150391, -0.3496829887268067, -0.09440809687347418]
JVASP-109318,YMg2,-0.25969761809082037,[-1.8760412355300904, -1.042616071307373, -0.25969761809082037, -1.2938424964782715]
JVASP-110024,PmMgTl2,-1.1219523568984986,[-1.1219523568984986]
JVASP-108651,Mg5Ge,-0.9524917026397706,[-1.8452704568740845, -1.7545314451095582, -1.2821559329864503, -0.9524917026397706, -1.5613388439056397]
JVASP-21913,MgSc2Ga2,-1.347905697428894,[-1.932457747065735, -1.347905697428894]
JVASP-109344,MgZn2Sb2,-1.4569037576553345,[-1.4569037576553345]
JVASP-110218,Li2MgPb,-0.9097296615478516,[-0.9097296615478516]
JVASP-108653,Mg5In,-1.5992695709106446,[-1.7672030349609376, -1.831863584124756, -1.5992695709106446, -1.6620199104187012, -2.0770427604553223]
JVASP-108639,HoMg5,-0.8421804328796387,[-1.656373443209839, -0.8421804328796387, -2.1108933111068726, -1.940899672114563, -1.6759430786010743]
JVASP-110041,SrMg2,-1.2412802596923829,[-1.6441847701904297, -1.5983750244018555, -1.2412802596923829, -2.2518131156799317]
JVASP-110219,Li2MgSb,-1.0419685264465333,[-1.0419685264465333]
JVASP-109561,MgBe3,1.3972384313705444,[-0.7818656583663941, 1.3972384313705444]
JVASP-108679,Yb5Mg,-2.179970445239258,[-2.179970445239258]
JVASP-108955,Ca2MgN2,1.565519628918457,[1.565519628918457]
JVASP-110220,Li2MgCdP2,0.3816731552246093,[0.3816731552246093]
JVASP-110073,Tb2MgSi2,-0.5002891441223145,[-1.7157494445678712, -0.5002891441223145]
JVASP-109601,Tb3Mg,-1.3620379587051392,[-1.3620379587051392, -1.5874167104599]
JVASP-109393,Li2MgBi,-1.565143646800232,[-1.565143646800232]
JVASP-109562,Mg2GaPd,-0.22542554339141851,[-0.7245634218093873, -0.22542554339141851]
JVASP-25585,Ca2Mg5Si8O22F2,13.580560503399658,[4.763869104779053, 13.580560503399658, 8.185272035992432, 6.283522425091553, 5.913410005963135]
JVASP-109301,Rb3Mg,-2.2184032817718506,[-2.2184032817718506, -2.6023921390411378]
JVASP-109147,Sr2Mg3In5,-0.9517640491363526,[-1.9508363624450684, -2.095279397570801, -0.9517640491363526]
JVASP-109564,Mg2Sc,-1.3705180307266236,[-1.4549337049362183, -1.3705180307266236, -1.5012269636032105, -1.5509746690628052]
JVASP-108870,CeMgAu2,-0.6799969097015381,[-0.6799969097015381]
JVASP-109635,Li3Mg5,-0.9747404476043702,[-2.2615219970581055, -1.4695045371887208, -0.9747404476043702, -2.580098571383667, -2.3089668174621583]
JVASP-54957,MgCl2,23.319105146324922,[3.2516411522987365, 23.319105146324922]
JVASP-25029,CaMgGeO4,6.198658285534668,[5.776659307873535, 6.198658285534668, 5.896795568859863, 6.122848806774902]
JVASP-9490,MgFeF5,8.130394277966309,[8.130394277966309, 6.972848234570312]
JVASP-20894,CeMgSi2,0.7258596996429443,[-2.0330433269378663, -2.0037631412384034, 0.7258596996429443, -0.2101587673065186]
JVASP-20341,MgBe13,0.11244231263427729,[-1.0124451537963868, 0.11244231263427729]
JVASP-20765,CaMg2,-1.3039771934387208,[-1.5367404838439942, -1.8102991004821778, -1.5761091132995606, -1.3039771934387208, -1.4831470867034913, -1.5035380740997315, -2.188133182131958, -1.6032852550384522]
JVASP-24326,RbMgAsH12O10,4.49547177354126,[3.9128931144836425, 4.49547177354126]
JVASP-44533,Li3MgPCO7,6.382546244061279,[6.130372820294189, 6.382546244061279]
JVASP-38642,MgPb3,-2.0101462026474,[-2.0101462026474]
JVASP-21374,Ba3MgRu2O9,2.887153921520996,[2.827175436413574, 2.887153921520996]
JVASP-107992,ThMgAu2,-0.43963927229614264,[-0.43963927229614264]
JVASP-9292,BaMgBi4O8,6.0480859855773925,[6.0480859855773925]
JVASP-20201,Ba2Mg17,-1.2761418243286133,[-1.2761418243286133, -1.6559306999084473, -1.8978492637512208, -1.930691423022461, -1.5456635375854493, -1.5613965412017823, -1.735829772555542, -1.7674514671203614, -2.2913581748840333, -1.7272271533843995, -2.317008437716675, -2.509231986605835, -2.3278202434417725, -2.431635322177124, -2.1343464275238038, -2.509036721789551, -2.812710942828369]
JVASP-38155,Rb2MgH4,3.353321133053589,[3.353321133053589, 1.5466564277770996]
JVASP-19750,DyMg3,-1.1149913688537598,[-1.3095898052093506, -1.1149913688537598, -1.5769529958602906]
JVASP-21041,CaMgSn,-0.6123920698997498,[-1.887633504473877, -1.368734659754944, -0.8769985457298279, -0.6123920698997498]
JVASP-35195,RbMgBO3,7.453872976696777,[5.8526137451293945, 7.453872976696777, 5.239292917645264, 6.706994829571533]
JVASP-16403,NdMgGa,-0.69413799246521,[-1.239673676097107, -1.462136211001587, -0.69413799246521]
JVASP-54977,SrMgIn3,-2.074296297633362,[-2.074296297633362]
JVASP-57672,Y5Mg24,0.5650444606903076,[-1.6189675947067261, -1.3862106223937989, -1.3944823165771485, -1.4999365230438233, -1.1807855983612061, -1.6113151927825928, 0.5650444606903076, -1.742460074031067, -1.6580749173995972, -1.252852501475525, -1.6188581605789185, -1.7151880880233765, -1.669990362727356, -1.0352620502349854, -1.951457442843628, -1.978680195414734, -2.1526644845840455, -2.5689799209472657, -2.0944189449188233, -2.2136046310302735, -1.5527085681793213, -0.5693272372123719, -3.0869898815986634, -1.551779093348694]
JVASP-45297,K6MgO4,5.163450417912292,[4.968730864918518, 5.163450417912292]
JVASP-20882,KMgF3,10.34920769730835,[10.34920769730835]
JVASP-11396,SrMgSi,0.04774611989288324,[-1.758715333544922, -0.7116259952423096, -0.2737060209152222, 0.04774611989288324]
JVASP-20822,NaMgF3,11.980701504147339,[11.018071470654297, 8.818359194195557, 7.3000584224823, 11.980701504147339]
JVASP-21668,Li2MgSiO4,6.873043356335449,[6.873043356335449, 4.825887976086426, 3.979276953137207, 4.661182699597168]
JVASP-57277,CaMgSi2O6,7.3764527420166015,[7.3764527420166015, 3.035337744152832]
JVASP-20271,Tm5Mg24,0.07913130322723383,[-1.8175246139404297, -1.708630385005188, -1.7803445478317261, -1.8255731483337403, -1.400180997454834, -1.7758577485916138, 0.07913130322723383, -1.3127519508239747, -1.6525821109649659, -1.0589510818359376, -1.817732038104248, -1.7391597648498536, -1.6319653411743165, -1.662148656451416, -2.3499245067474366, -2.373531999194336, -2.1789879222747803, -2.3474611659881592, -1.6501993556854249, -2.2765368839141846, -1.5375079532501221, -1.4259088655349732, -3.453050674998474, -2.8448148389694214]
JVASP-20439,Er5Mg24,0.09667783776550287,[-1.6921796222564698, -1.617164196574402, -1.695545496546936, -1.82932824095459, -1.3970314880249024, -1.843275012576294, 0.09667783776550287, -1.5645267387268067, -1.8008777519104004, -1.1967162509796143, -1.6899408717987061, -1.8374233861801148, -1.6615341325637818, -1.674761714541626, -2.1284207721588135, -2.52255219420166, -2.4595758338806153, -2.509621324145508, -1.645155133807373, -2.077839197718811, -1.5404382367965699, -1.3408729453918458, -3.250694455706787, -2.982134522998047]
JVASP-21719,Sr2MgReO6,2.2191112617614746,[2.2191112617614746]
JVASP-56602,BaLi2Mg2Si2,-0.6074572225448609,[-1.2081604619857789, -0.6074572225448609]
JVASP-57186,NaMgBO3,5.561731634533691,[5.561731634533691, 5.517454443371582]
JVASP-20781,SrMg2,-1.277030648791504,[-1.4333640952941895, -1.853585424029541, -1.8370959182617188, -1.277030648791504, -1.6393060108062745, -1.3891329189178467, -2.1742586513397217, -1.8032397647735596]
JVASP-11397,SrMgGe,-0.6080369969245911,[-1.8059768100616456, -1.0711087604400635, -0.6080369969245911, -0.625207545363617]
JVASP-9293,BaMgSn4O8,4.5097346881988525,[4.5097346881988525]
JVASP-30910,SrMgSn,-0.8039939423439026,[-2.100556733214569, -1.3070063610908509, -0.8039939423439026, -0.973654868209076]
JVASP-21541,Ba5Mg18Si13,0.6614368538024902,[-1.6218026300308228, -2.2318483014938355, -2.1596580167648316, -2.1571643968460084, 0.15529447594909662, 0.6614368538024902, -0.9971355815765381, -0.9647414108154297, 0.06162184277801508, -0.3958464284774781, -0.28825122317047125, -0.7403393407699586, 0.5836692432525634, -0.5321804901000977, -0.330216946208191, -0.802760662638855, 0.11536961594848627, -0.3789216895935059]
JVASP-56172,Mg3Si8Ir3,-0.11460989912719732,[-1.7370888610717774, -1.2054345031616212, -0.983341397845459, -0.11460989912719732, -0.9167029281494141, -1.8137118240234376]
JVASP-37733,Na3Mg,-2.104050578677368,[-2.104050578677368]
JVASP-110033,SmMg5,-1.1549113412734986,[-1.742643417918396, -1.1549113412734986, -2.2605207582351685, -1.7224753518936158, -2.4424217363235474]
JVASP-110826,MgS2,1.5593216995361328,[1.5593216995361328]
JVASP-110827,MgSc3,-1.627586307131958,[-1.627586307131958]
JVASP-110770,DyMg2Sc,-0.5738384147521973,[-0.5738384147521973, -1.0350973029968262]
JVASP-111099,CaMgP2Se6,0.07853132287292475,[0.07853132287292475]
JVASP-110806,K3Mg,-2.3712777515289307,[-2.3712777515289307]
JVASP-106283,Yb5Mg,-2.1003472228881837,[-2.1003472228881837]
JVASP-112379,Ba2Sr3CaMg2Si4O16,5.902490911877441,[5.669718084729004, 5.902490911877441]
JVASP-100034,BaMgIn3,-2.037565054499817,[-2.037565054499817]
JVASP-112388,Mg4Si3,0.4858803133132934,[-2.1226521154281617, -1.4969971795913697, -0.43591290911407476, 0.4858803133132934, -0.6167895217773438, -0.0159427543518067, -0.16800922354431158, -0.4770764728424073]
JVASP-100494,MgIn2,-2.001201095187378,[-2.108289184176636, -2.001201095187378]
JVASP-114209,MgCrF3,7.294129429257202,[7.294129429257202]
JVASP-114210,MgCrF,-1.3274628539916993,[-1.3274628539916993]
JVASP-115933,MgCoF3,8.931669054425049,[8.931669054425049]
JVASP-114345,MgSnN,-1.6783031841156006,[-1.6783031841156006]
JVASP-114351,NaMgO,1.5280149559143066,[1.5280149559143066]
JVASP-114352,NaMgO,-1.5845240374443055,[-1.5845240374443055]
JVASP-111540,Lu2MgS4,3.302201805508423,[0.8076706508758544, 3.302201805508423, 1.998373804486084, 2.7785642723205566]
JVASP-111732,Pr4MgRh,-2.0161651988861085,[-2.2301692386505128, -2.0161651988861085, -2.021422090136719, -2.2960183044311524]
JVASP-116319,MgTeO,-0.3007114549514771,[-0.3007114549514771]
JVASP-116323,MgTiO3,4.624568758404541,[4.624568758404541]
JVASP-116328,MgVO3,1.8429658989074706,[1.8429658989074706]
JVASP-111952,Li3MgNi4O8,2.7957127670410156,[2.7957127670410156]
JVASP-114671,MgH2C,2.298270283139038,[2.298270283139038]
JVASP-112698,Ca3Mg2FeC6O18,3.5390103439453124,[3.31377535859375, 3.5390103439453124]
JVASP-116561,Ce6Mg23Sn,-0.5516369958755494,[-1.7972549816009522, -1.5958709140655518, -1.5753349681732178, -2.141708316409302, -1.7544717212554932, -1.7490028758880616, -1.211540164553833, -1.251813830935669, -1.6785873790618897, -1.4754218479034424, -1.1788936277267457, -1.667058529460144, -0.9354888816711426, -2.5337790866729737, -1.7043032070037842, -2.240463199221802, -1.9286699314949036, -2.2299822588798524, -0.8663654347297669, -2.3730179091331483, -1.0330117364761353, -0.5516369958755494, -3.6438226123687745]
JVASP-116565,LiMgAlF6,11.749479351437378,[11.749479351437378, 6.619831381237793, 6.900329885876465]
JVASP-116646,SrLaMgRuO6,3.615319548046875,[3.615319548046875, 3.5383256057861328]
JVASP-116668,NaSrMg2F7,11.819153604901123,[11.819153604901123, 8.648357687390137, 8.139452753460693, 7.40394550362854]
JVASP-115071,MgPH,-2.5423217435714722,[-2.5423217435714722]
JVASP-115072,MgPH,2.073151407635498,[-0.5414010902282715, 2.073151407635498]
JVASP-115073,MgPH2,1.1454377750518798,[1.1454377750518798]
JVASP-115074,MgPH,1.038911757862854,[1.038911757862854]
JVASP-115075,Mg2PH,1.7826774696472167,[0.9198878387573242, 1.7826774696472167]
JVASP-115076,MgPH,0.05019002953796381,[0.05019002953796381]
JVASP-115085,HfMgO3,1.5392516235473632,[1.5392516235473632]
JVASP-116729,MgCu3Sn4O12,1.571527061856079,[1.571527061856079]
JVASP-115221,MgZrO3,2.2042415718200683,[2.2042415718200683]
JVASP-112939,Mg16Al12O,1.269621429837036,[-0.9758769889709473, -0.5943858047363282, -1.6151251216766358, -1.5061935802337647, -1.59981745680542, -1.6943029781219483, -1.6302432437774659, -0.9296030422088624, -1.7688626666900635, -1.5613614936706544, -0.8851024528381348, 0.15926891366271967, 1.269621429837036, -0.38232940634460455, -0.09823960264892584, -0.5435029884216309]
JVASP-112957,MgB2H8,-0.35464686354370123,[-1.2513105293151856, -0.35464686354370123]
JVASP-113066,Pr6MgGe2S14,-0.18027013739318853,[-0.18027013739318853]
JVASP-115413,LiMgAs,-1.2998988052246094,[-1.2998988052246094]
JVASP-113076,NaCaMgAlSi4O12,7.214584169781494,[7.214584169781494]
JVASP-113092,La6MgGe2S14,-0.4710680862304688,[-0.4710680862304688]
JVASP-115451,MgAuO3,2.902664242184448,[2.902664242184448]
JVASP-115454,MgAuO2,3.3760002235534667,[3.3760002235534667]
JVASP-113126,Tb2MgS4,1.7440484146240234,[0.12565070191650385, 1.7440484146240234]
JVASP-113127,MgTa4O12,3.47189360657959,[3.47189360657959]
JVASP-116959,Ce6Mg23P,-0.7555378099319459,[-1.602578105532837, -1.5471734424468995, -1.447941841685486, -2.0672317167160035, -1.895983638369751, -1.9169666190979004, -1.3456868549224854, -1.7897052188751221, -1.8698551078674317, -1.6745769401428223, -1.2860801835891724, -1.2626388688919068, -0.7555378099319459, -3.0905874391433716, -1.4086074252960206, -2.627288879954529, -1.8801952620384217, -2.381928326689911, -0.9486538787719727, -1.9402100463745118, -1.3460606952545167, -0.8332335372802735, -2.9699451347229004]
JVASP-115697,LiMgBr,-3.1669660230514527,[-3.1669660230514527]
JVASP-115699,LiMgBr,-3.0397860427734376,[-3.0397860427734376]
JVASP-107395,MgSi2,0.13496380845336908,[-1.7548133750793458, 0.13496380845336908]
JVASP-113458,BaMgBi,-2.309089245402527,[-2.309089245402527]
JVASP-117035,BaSrMgSi2O7,9.132757959759521,[9.132757959759521, 4.137669382489014]
JVASP-117037,Ba3MgTaNbO9,3.6581481079223632,[3.6581481079223632]
JVASP-110784,Er3Mg,-1.3901148458358765,[-1.3901148458358765, -1.6725013872024537]
JVASP-117105,MgSi,2.3387470821502685,[-1.9041702171203614, -1.5727831741210938, -0.925869645678711, -0.6582772155639649, 2.328525123989868, 2.3387470821502685]
JVASP-110822,Mg5Pb,-1.7446593662139893,[-1.8801700492736817, -1.8655864616271973, -1.7446593662139893, -1.993121089541626, -1.9424583335754395]
JVASP-117148,Mg6VH16,3.911361513531494,[-0.7319576164123536, 1.0571754554870605, 1.3958600143554687, 2.4746697525146484, 3.4131706337097167, 3.911361513531494]
JVASP-117208,LiMgH14Cl3O7,4.724638042843628,[4.724638042843628]
JVASP-111279,MgIn3,-2.1694242378112794,[-2.1834723373291016, -2.1694242378112794]
JVASP-111280,Mg5Sc,-0.980277719104004,[-1.4623064418670655, -0.980277719104004, -1.699866833293152, -1.1539915223953248, -1.521931829058838]
JVASP-111281,MgPb2,-1.6253806968566895,[-2.076321305834961, -1.6253806968566895]
JVASP-111297,Sm2Mg,-1.6079880615112305,[-1.6889550109741212, -1.6079880615112305]
JVASP-111298,Th3Mg,-1.6610056777832032,[-1.6610056777832032]
JVASP-114106,MgAgO3,3.970964012539673,[3.970964012539673]
JVASP-111362,K2MgCuF6,9.170274315274048,[9.170274315274048]
JVASP-117340,La6Mg23P,-0.6467339416381837,[-1.631828012072754, -1.4884693046447754, -1.4735884090301514, -2.097779693209839, -2.0540677924987794, -1.8144738098022462, -1.3831205387947083, -1.6836513300773621, -1.7068118472930909, -1.5567428489562989, -1.4393401761886597, -1.2061182876464844, -0.6467339416381837, -2.55526977976532, -1.3663219829437256, -2.425467314326477, -1.949968697631073, -2.3290377875205994, -1.180351199710083, -2.013241233432007, -1.3575871606704712, -0.7603712697860718, -3.619710387789917]
JVASP-112325,LiMg4SnO8,11.525425014889526,[5.846845446026611, 6.531846342480469, 7.981590328610229, 3.940169392025757, 7.86535531083374, 7.65661507645874, 7.781084595120239, 11.525425014889526]
JVASP-117370,Sr6MgMo3O14,3.01506930390625,[3.01506930390625]
JVASP-118677,MgC3,-0.07823866804809576,[-0.07823866804809576]
JVASP-118678,CaMg,-2.1592599769470215,[-2.1592599769470215]
JVASP-118696,MgSO,2.423222837841797,[2.423222837841797]
JVASP-118699,MgSO,0.11165547171859735,[0.11165547171859735]
JVASP-118701,MgSbO,-1.4952211995956421,[-1.4952211995956421]
JVASP-118703,MgSeO,1.2742519954803466,[1.2742519954803466]
JVASP-118706,MgSeO,0.29686814347534174,[0.29686814347534174]
JVASP-118709,MgSiO3,4.603955564892578,[4.603955564892578]
JVASP-118710,MgSiO,-0.893981160723877,[-0.893981160723877]
JVASP-118730,SrMgSi,-1.6835311075088502,[-1.6835311075088502]
JVASP-117801,MgInBr,-2.484836759173584,[-2.484836759173584]
JVASP-116151,MgHN,2.593398390209961,[2.593398390209961]
JVASP-116153,MgHN,3.5515602211120605,[3.5515602211120605]
JVASP-118015,MgHCl2,2.5984762887123107,[2.5984762887123107]
JVASP-118017,MgHCl,-2.9165640493270875,[-2.9165640493270875]
JVASP-118018,Mg2H3Cl,3.233727751171875,[1.5268240551116943, 3.233727751171875]
JVASP-118019,MgHCl,3.1841513494613647,[3.1841513494613647]
JVASP-118020,Mg2HCl,2.00973802605896,[-2.3016096969482422, 2.00973802605896]
JVASP-118021,MgH2Cl,0.944590387738037,[0.944590387738037]
JVASP-118958,Mg3TiH8,2.568874178326416,[-1.2533366104003907, 0.6775177101257324, 2.568874178326416]
JVASP-116528,Mg16Al12Pt,0.39512330094604486,[-1.9204850812789918, -1.783391060435486, -1.440791430079651, -1.7485093494293213, -1.6018142124053956, -1.784140171611023, -1.8638833185073853, -1.2379451413986207, -1.2926924844619752, -1.2107574363586426, -1.512704076373291, -1.7922925372955323, -1.4551944156524659, 0.3758226017120361, -1.589605750643921, 0.39512330094604486]
JVASP-119015,Mg16ScAl12,-0.22338134249420172,[-1.845057251059723, -1.670153560244751, -1.8178284784194947, -1.5409579296943665, -1.5394492169258118, -1.6514401455757142, -1.3988559265968323, -1.6367513557312012, -0.9616768976089478, -1.4712039848205567, -1.4893543144104004, -0.8990661521789551, -1.3267852683898926, -1.9601100107070923, -0.3417869230148316, -0.22338134249420172]
JVASP-116685,La6MgSi2S14,-0.6868564506408692,[-0.6868564506408692]
JVASP-119499,KMg3AlGe3O10F2,8.88678675690918,[8.88678675690918, 7.877186117565918, 8.312640486157227]
JVASP-119091,Mg2MnGa3,-1.1579020639297486,[-2.1108315010902405, -1.3974578400489808, -1.3874332328674317, -1.1579020639297486]
JVASP-118561,MgIO,0.1913418153884887,[0.1913418153884887]
JVASP-119538,Li2MgMn3O8,5.275393305218506,[5.275393305218506]
JVASP-117600,BaMgSe,-3.2643667479393006,[-3.2643667479393006]
JVASP-117602,BaMgSe2,-0.11888140639038092,[-0.11888140639038092]
JVASP-119603,LiMg17Al11,0.37071198025970453,[-1.9355928917762757, -1.8266261239883423, -1.9515690227386475, -1.6813846250411988, -1.3618125339385987, -1.511909844481659, -1.4416136761543275, -1.5563811679718018, -1.3232855220672608, -1.6765520592567444, -1.2406363507148743, -1.5496253987190247, -2.155618669593048, -1.2039396186706544, -1.7210580726501465, 0.37071198025970453, 0.07139676610260004]
JVASP-117603,BaMgSe2,1.695573625958252,[1.695573625958252]
JVASP-119169,MgAg2P2S6,2.5537980178955078,[2.406577406323242, 2.5537980178955078]
JVASP-119622,Mg7VH16,4.3145936111572265,[-1.0817214866516114, 0.003578005230712833, 0.8397496322753906, 0.8487866500976562, 2.5010657886627197, 1.7445388416412353, 4.3145936111572265]
JVASP-119623,MgB2H8,-0.2015833278533936,[-1.1546487232086182, -0.2015833278533936]
JVASP-119220,Ce2MgS4,0.17830973664550775,[-0.21530312498779303, 0.17830973664550775]
JVASP-111603,Mg2Si,4.149712262547302,[-1.3629384656784058, -0.9500680585739136, -0.6521989723083497, 0.15266352692871088, 0.42268746892242426, 1.118414817250061, 0.06223219434051508, 4.149712262547302]
JVASP-120473,Nd4MgPt,-2.0182926078674317,[-2.2593054195281983, -2.042648257815552, -2.0182926078674317, -2.145281972491455]
JVASP-120485,CaMgPO4F,8.6682065109375,[8.6682065109375, 6.420114813244629]
JVASP-120529,KMg3AlSi3O11F,7.606958208477783,[7.3697412590148925, 7.606958208477783, 6.969284353649902]
JVASP-118681,MgCl,16.31568151513367,[-1.1642243286010743, 16.31568151513367]
JVASP-118682,MgCl,7.137049017346191,[7.137049017346191]
JVASP-118686,Mg2Cl,6.810092983639526,[-2.2392810006973267, 6.810092983639526]
JVASP-118687,Mg2Cl,4.0549500564697265,[-2.2926260848876954, 4.0549500564697265]
JVASP-117604,BaMgTe,-2.3293052335617066,[-2.3293052335617066]
JVASP-117605,BaMgTe,-3.1187210102912903,[-3.1187210102912903]
JVASP-117606,BaMgTe,-2.348087014758301,[-2.348087014758301]
JVASP-117607,BaMgTe2,0.5293837169769287,[0.5293837169769287]
JVASP-118690,MgCl,14.48679256240158,[0.5580695847633361, 14.48679256240158]
JVASP-118693,MgCl,7.414932547009277,[7.414932547009277]
JVASP-118712,MgSnO,-2.1348838826057435,[-2.1348838826057435]
JVASP-118716,SrMgO,-0.06530553301544195,[-0.06530553301544195]
JVASP-118717,SrMgO,-3.9419626613494874,[-3.9419626613494874]
JVASP-118723,MgTaO3,0.17188483277587885,[0.17188483277587885]
JVASP-120315,MgBr,16.76934098998337,[-2.5654553194877625, 16.76934098998337]
JVASP-120316,MgBr2,0.2710009197357177,[0.2710009197357177]
JVASP-120318,MgBr,1.9846966842773437,[1.9846966842773437]
JVASP-120326,Mg2C,5.1374860386016845,[0.6511455158355712, 5.1374860386016845]
JVASP-120327,MgC,0.13373690644531244,[-0.15378254851074225, 0.13373690644531244]
JVASP-117800,MgInBr2,0.5252822021606445,[0.5252822021606445]
JVASP-120336,MgSe2,-0.5125853439208985,[-0.5125853439208985]
JVASP-118905,MgN,3.1563395837905883,[3.1563395837905883]
JVASP-118908,Mg2N,0.6087418178680419,[-1.718662204348755, 0.6087418178680419]
JVASP-118914,MgN2,-2.8768593688842774,[-2.8768593688842774]
JVASP-119952,BaMgSb,-2.0275378247138978,[-2.0275378247138978]
JVASP-119953,BaMgSb,-2.183811606967163,[-2.183811606967163]
JVASP-120865,BaMgP,-1.5702224393722535,[-1.5702224393722535]
JVASP-119984,Mg2Be,-1.3854700942871094,[-1.620456637942505, -1.3854700942871094]
JVASP-121217,MgPO,0.006168899929809513,[0.006168899929809513]
JVASP-121228,MgSc,-1.6934840103027344,[-1.6934840103027344]
JVASP-121961,BaCa2MgSi2O8,6.022410688793945,[6.022410688793945]
JVASP-122475,NaCa3MgFeSi4O14,8.391209421551514,[8.391209421551514]
JVASP-120827,MgBH,-0.4954525848266602,[-2.4010788818237305, -0.4954525848266602]
JVASP-120829,MgBH,0.6525095085266113,[0.6525095085266113]
JVASP-120830,MgBH3,-1.8948323150512696,[-1.8948323150512696]
JVASP-120864,BaMgP,-1.2169451137420655,[-1.2169451137420655]
JVASP-123409,MgZr,-1.3258315940734864,[-1.3258315940734864]
JVASP-122870,Sm3Mg,-1.8970561643478394,[-1.8970561643478394]
JVASP-121211,Mg2Br,5.028489885723877,[-2.359076442324829, 5.028489885723877]
JVASP-121222,MgPbO3,2.1973431686523437,[2.1973431686523437]
JVASP-121223,MgPbO2,5.191658316052246,[5.191658316052246]
JVASP-121225,RbMgO,-2.449965777003479,[-2.449965777003479]
JVASP-122121,KMg2P2O8,6.45935469666748,[6.35913497010498, 5.890938101208496, 6.356490431225586, 6.45935469666748]
JVASP-123904,MgB,1.6976587156417846,[1.6976587156417846]
JVASP-123908,MgBr,0.24750596085815424,[0.24750596085815424]
JVASP-123909,MgC,4.941852388775635,[4.941852388775635]
JVASP-123910,CaMg,-1.7902089973327637,[-1.7902089973327637]
JVASP-123912,CeMg,-1.5003413577911378,[-1.5003413577911378]
JVASP-123921,MgF,3.364056883251953,[3.364056883251953]
JVASP-123925,MgGe,-0.5403004308578492,[-0.5403004308578492]
JVASP-123927,HeMg,-2.8873544355270386,[-2.8873544355270386]
JVASP-123931,MgI,-1.1425625701782227,[-1.1425625701782227]
JVASP-123934,KMg,-2.5458123107788087,[-2.5458123107788087]
JVASP-123937,LiMg,-1.6957626958724976,[-1.6957626958724976]
JVASP-123942,NaMg,-2.182714881503296,[-2.182714881503296]
JVASP-123950,MgPa,-1.7439491172668458,[-1.7439491172668458]
JVASP-123951,MgPb,-1.3434606214401246,[-1.3434606214401246]
JVASP-123957,PuMg,-0.783357324206543,[-0.783357324206543]
JVASP-123964,MgS,3.5555017570617675,[3.5555017570617675]
JVASP-123966,MgSc,-1.1899949928161622,[-1.1899949928161622]
JVASP-123967,MgSe,1.546960173046875,[1.546960173046875]
JVASP-123968,MgSi,0.18480664292602533,[0.18480664292602533]
JVASP-123969,SmMg,-1.7716847082015992,[-1.7716847082015992]
JVASP-123971,SrMg,-1.9296457191345215,[-1.9296457191345215]
JVASP-123972,MgTa,-1.4407884498474122,[-1.4407884498474122]
JVASP-123977,MgTi,-1.424733342730713,[-1.424733342730713]
JVASP-123980,MgU,-1.556235971057129,[-1.556235971057129]
JVASP-123981,MgV,-1.6306740661499024,[-1.6306740661499024]
JVASP-123983,MgXe,-3.2988871951934815,[-3.2988871951934815]
JVASP-123984,YMg,-1.2837228198883057,[-1.2837228198883057]
JVASP-121826,Mg6NbH16,2.7894871811035156,[-0.6106073280212403, 1.3228984455230712, 1.6604347805145263, 2.5358369926574706, 2.728192148602295, 2.7894871811035156]
JVASP-122216,Ca2MgAg3,-1.8291012664672852,[-1.8291012664672852, -1.8631779571411133]
JVASP-125518,MgAl3,-1.4083461185333253,[-1.4083461185333253]
JVASP-128349,Yb3Mg,-1.543458642565918,[-1.543458642565918]
JVASP-121466,Mg16Al12O,2.9188023189666747,[-0.2736576219436646, -0.3981485982772828, -1.4230623861190796, -1.4321345706817628, -1.4771043678161622, -1.194630505644989, -1.3944693823692322, -0.7537345310089112, -1.9507647176620484, -1.7474367042419434, -0.6673002858993531, 0.2226979116561889, -0.42182058294982916, -1.5321032424804688, 2.9188023189666747, -0.6171425004837037]
JVASP-121467,Mg16ScAl12,-1.0363169332382203,[-2.113010587298584, -1.8548603673812867, -2.015185894572449, -1.7940011640426636, -1.6554392000076295, -1.5643988867637635, -1.9500595351097108, -1.6935834308502198, -1.342628063761902, -1.0363169332382203, -1.4798126836654664, -1.3458650728103638, -1.5648253579971314, -2.1377249379989625, -2.4214494844314576, -1.4574767967102051]
JVASP-125699,MgPa3,-0.9575511833068848,[-0.9575511833068848]
JVASP-121490,MgTi7H16,-1.6248242278930665,[-1.6248242278930665]
JVASP-128579,MgXe,-3.102589788043213,[-3.102589788043213]
JVASP-125858,K3Mg,-2.3861023803588868,[-2.3861023803588868]
JVASP-127259,MgTl,-1.7331025024291993,[-1.7331025024291993]
JVASP-128758,MgTi2,-0.838617505633545,[-0.838617505633545]
JVASP-126001,RbMg,-2.6560179611083985,[-2.6560179611083985]
JVASP-128803,YMg,-1.2197415252563477,[-1.2197415252563477]
JVASP-128893,BaMg,-1.2605773826477051,[-1.2605773826477051]
JVASP-129092,Ce3Mg,-1.0126554389831544,[-1.0126554389831544]
JVASP-126399,MgPb3,-2.1920955797073365,[-2.1920955797073365]
JVASP-127841,MgKr,-2.805621327960205,[-2.805621327960205]
JVASP-124268,MgCl3,17.146243153012087,[17.146243153012087]
JVASP-129419,Pm3Mg,-1.8648046871063233,[-1.8648046871063233]
JVASP-126659,TmMg,-1.5923909564849854,[-1.5923909564849854]
JVASP-124948,Ac3Mg,-1.9446852227088929,[-1.9446852227088929]
JVASP-125038,Ar3Mg,-3.361529054248047,[-3.361529054248047]
JVASP-125218,MgBr3,6.536366043484497,[6.536366043484497]
JVASP-143157,Sm4MgPt,-2.007738771044922,[-2.293352784716797, -2.007738771044922, -2.0427016635772706, -2.259805144869995]
JVASP-137362,BaMgFe4O8,4.905175505078125,[4.905175505078125]
JVASP-141790,MgSi2,-0.8211175819274903,[-1.7363917251464844, -1.3146297355529786, -1.6167723556396485, -0.8211175819274903]
JVASP-141098,Sm4MgPd,-1.9979159255859376,[-2.068250360095215, -1.9979159255859376, -2.0752403159973145, -2.2850744148132325]
JVASP-140397,Nd6MgGe2S14,-0.35805171927185064,[-0.35805171927185064]
JVASP-140166,MgSi,0.6028466800811767,[-1.7207717319366456, -1.2557382007476807, -0.8261706252929688, 0.24723702470092768, 0.6028466800811767, 0.4473610500457763]
JVASP-143662,Mg13Al16,-0.9074665923950196,[-1.75547832449646, -1.394535781943512, -1.7088319083091736, -1.8677242418167115, -1.5414848943588257, -1.4318224807617188, -1.3287689109680176, -0.9074665923950196, -1.0529815574523926, -1.4833471198913575, -0.9245998283264161, -1.6534926315185547, -1.4440314193603516]
JVASP-142415,NaCaMg2F7,10.635500727093506,[10.635500727093506, 9.991235075390625, 7.806796846783447, 7.1555665115478515]
JVASP-141356,Na6MgCl8,2.502419648564148,[2.502419648564148]
JVASP-133421,RbMgCoF6,9.6163905243042,[9.6163905243042, 9.547116575634766]
JVASP-140203,Ba4MgBi3O12,5.712817011273193,[5.712817011273193]
JVASP-135955,MgBeSb,-2.340695919596863,[-2.340695919596863]
JVASP-140899,Lu2MgS4,5.59521108666687,[1.540659485256958, 5.59521108666687, 0.9324002842071533, 0.5620737651947021]
JVASP-140430,KMg3AlSi3H2O12,8.493247328198242,[6.991756735241699, 7.419018087780762, 8.493247328198242]
JVASP-135956,MgBeSb,-1.4317660351631165,[-1.4317660351631165]
JVASP-140900,Tm2MgS4,5.209593830502319,[1.1785455326202392, 5.209593830502319, 1.4193318466308593, 0.5973561386230468]
JVASP-135958,MgBeSe,-2.233914079272461,[-2.233914079272461]
JVASP-135960,MgBeSe,-1.9472620507118226,[-1.9472620507118226]
JVASP-138121,MgBeCl,-1.4284936805603028,[-1.4284936805603028]
JVASP-132873,Mg16Al12Cr,0.11870366135864252,[-2.109980823600006, -2.010297419631195, -1.628463389479828, -1.8803780694839478, -1.8624827285644532, -1.6803311725494385, -1.4519819637176514, -1.711799444758606, -1.1590562482711793, -1.3809303661224366, -1.5728577991363526, -1.340743126475525, -1.4132164140579224, -1.5582388063308716, -2.0911830087539673, 0.11870366135864252]
JVASP-138122,MgBeCl,-2.199998678767395,[-2.199998678767395]
JVASP-129863,Ca3Mg,-1.209446134173584,[-1.209446134173584]
JVASP-140910,Ca5MgN4,1.4480414966705322,[0.36129337350158686, 1.4480414966705322]
JVASP-142772,SrLaMgTaO6,6.511060057080078,[4.022263822949219, 6.511060057080078]
JVASP-141165,Mg9Si5,3.212616978085327,[-1.805997910105896, -1.0982168336746216, -1.7101474424240113, -0.8386569639083863, -1.0865451713439942, -0.491883935534668, -0.6214184184906006, 0.781297741329956, 1.0818715671661376, 0.6826270202758788, 0.3901260475280761, 0.22103601495056147, -0.8413050790664673, -0.6513407846328736, 0.3395754675033569, 1.2166537622573852, -1.119541110598755, 3.212616978085327]
JVASP-134917,MgGeO,-1.1759364028808594,[-1.1759364028808594]
JVASP-139227,MgInO3,3.5114253143432617,[3.5114253143432617]
JVASP-134920,MgGeO3,3.361192760861206,[3.361192760861206]
JVASP-140460,CaSmMgNbO6,6.607179460919189,[3.6120699028137206, 6.607179460919189]
JVASP-134362,MgCO3,3.0091691593292236,[3.0091691593292236]
JVASP-144199,Sm2MgS4,1.2862704376342773,[0.3135212043884277, 1.2862704376342773]
JVASP-140667,Mg4Si7,1.510728655255127,[-1.9070760627624512, -2.1337963958618165, -1.5799543281433106, -1.6744529624816895, -1.2872983833190919, -1.3326179405090333, 1.510728655255127, 0.19029980698852533]
JVASP-144202,Rb2Ba8MgSb6O2,-0.7053632160064698,[-0.7053632160064698]
JVASP-138154,MgBeN,-1.2190529723999024,[-1.2190529723999024]
JVASP-133136,MgB2H8,-0.23632925947875982,[-0.23632925947875982]
JVASP-138155,MgBeN,0.06853776971130365,[0.06853776971130365]
JVASP-142804,Ba2Sr3CaMg2Si4O16,5.969185648358154,[5.360536394512939, 5.969185648358154]
JVASP-138160,MgBeP,-1.7814378162261963,[-1.7814378162261963]
JVASP-142189,Mg16Al12Pd,0.05607372323303217,[-1.8121208568450928, -1.7783642431137086, -1.374655546748352, -1.6623623987075806, -1.5917368551132203, -1.8023419996139527, -1.878350319468689, -1.3785813470718384, -1.1275032182571412, -1.321705164515686, -1.7215231080886841, -1.55430382689209, -1.0643896480438233, -0.43504780729980475, -1.3904277702209473, 0.05607372323303217]
JVASP-138162,MgBe2P2,-0.2847713847991944,[-0.2847713847991944]
JVASP-142190,Mg16Al12V,0.189057169354248,[-1.72491032084198, -1.6765050907966614, -1.5460004826423646, -1.8082413097259522, -1.5475910325881959, -1.553924562537384, -1.922059180342865, -1.4503346105453492, -1.4711766858932496, -1.325496019923401, -1.292091192805481, -0.9493803401824952, -1.5028225799438477, -1.5871793647644044, -0.720122518145752, 0.189057169354248]
JVASP-138163,MgBeP,-1.3288233896133423,[-1.3288233896133423]
JVASP-142192,NaMg16Al12,-0.8917319198486329,[-1.910363020503235, -1.8159826417800904, -1.6720717569229127, -1.311953904235077, -1.7926547547218323, -1.8345431109306336, -1.642287017905426, -1.5309730192062379, -1.330237927043152, -1.586742105090332, -0.8917319198486329, -1.9396668692466736, -1.7703392525550843, -2.353151859843445, -2.086099447810364, -2.0770246406433106]
JVASP-136554,MgMnF2,1.4363256076934814,[1.4363256076934814]
JVASP-140239,Mg16Al12Si,0.5324900726440429,[-1.8858121653434754, -1.7833961864349366, -1.7421274801132203, -1.7731459160682679, -1.526465417945099, -1.8790829797622681, -1.3326295038101197, -1.637364151084137, -1.1887046118614197, -1.7914881130096436, -0.9922418018218995, -1.3955920358535767, -2.069622816645813, -1.910514773928833, 0.5324900726440429, -0.795172156893921]
JVASP-136555,MgMnF3,7.705488024151611,[7.705488024151611]
JVASP-138428,Mg2F,1.7891984562042236,[-1.7175666709777833, 1.7891984562042236]
JVASP-136558,MgMoF3,5.544933853543091,[5.544933853543091]
JVASP-134094,MgBeTe,-2.1368951817390442,[-2.1368951817390442]
JVASP-123218,Er3Mg,-1.8020843883392335,[-1.8020843883392335]
JVASP-141900,Na4MgSi2Se6,-0.21639007528991705,[-0.21639007528991705]
JVASP-134096,MgBeTe,-2.2379282732841492,[-2.2379282732841492]
JVASP-144219,SrMg5N4,3.2047608474853515,[1.3473742584350585, 2.324177561199951, 2.5883999446990966, 3.034927425778198, 2.749282656109619, 3.036691961682129, 2.330404816067505, 3.1458993534210205, 3.2047608474853515, 2.595922050869751]
JVASP-142514,Ca2MgN2,5.121304092800903,[-0.28140658339233404, 0.6664360145690917, 5.121304092800903, 3.812171993649292]
JVASP-140484,La2MgS4,0.6059077362182617,[0.19198256531982416, 0.6059077362182617]
JVASP-136564,Mg2NF,6.259414492047119,[3.199477968609619, 6.259414492047119]
JVASP-136565,NaMgF,-1.880820633971405,[-1.880820633971405]
JVASP-136567,NaMgF,-0.9067356010314942,[-0.9067356010314942]
JVASP-138440,MgF,7.1956395486953735,[0.49580448666839594, 7.1956395486953735]
JVASP-136568,NaMgF2,3.509846506512451,[3.509846506512451]
JVASP-136569,NaMgF3,5.634573278820801,[5.634573278820801]
JVASP-144698,Pm2MgS4,1.185420809185791,[0.4424779991271972, 1.185420809185791]
JVASP-124488,MgI3,1.1818612197998046,[1.1818612197998046]
JVASP-136572,MgNiF3,9.212106047070312,[9.212106047070312]
JVASP-136576,RbMgF3,10.976666984951782,[10.976666984951782]
JVASP-136577,RbMgF2,3.7916744331481933,[3.7916744331481933]
JVASP-136578,RbMgF,-1.632027031981659,[-1.632027031981659]
JVASP-143541,K4MgCu3F12,6.839553890621948,[6.839553890621948]
JVASP-132925,MgPt3O4,1.4829474071624755,[1.2052579502227783, 1.4829474071624755]
JVASP-136031,LiMgBi,-1.8619745393630982,[-1.8619745393630982]
JVASP-137941,BaMgH,-2.1895700116989136,[-2.1895700116989136]
JVASP-136032,LiMgBi,-1.7878772040245057,[-1.7878772040245057]
JVASP-137942,BaMgH,-3.0889597555038453,[-3.0889597555038453]
JVASP-137943,BaMgH,-2.177471460902405,[-2.177471460902405]
JVASP-140721,Mg17Al11Rh,1.5600629428985595,[-1.909292997920227, -1.9212381859657288, -1.7318669577476502, -1.341799559199524, -1.7849841733810425, -1.0963457246658326, -1.8305391689178467, -1.7831658740875245, -1.1096442361709595, -1.1964147706863404, -1.5802503248092652, -1.3471516986724854, -1.1301218887207032, -1.8663341422912598, -1.1673862357971192, -0.32259220083923346, 1.5600629428985595]
JVASP-137944,BaMgH2,-2.765645684802246,[-2.765645684802246]
JVASP-142241,Mg6TiH16,3.7522883991363525,[-0.49865931471557623, 1.1657844165924072, 1.7401705364349365, 2.2217145542266845, 3.7522883991363525, 3.4478047470214843]
JVASP-139906,BaMgSi,-0.02007192572326666,[-1.74633103808136, -1.453696074092102, -0.02007192572326666, -0.10662955244750982]
JVASP-140282,K2Ca2MgS4O18,6.564283190167236,[6.564283190167236]
JVASP-144496,MgSi2,3.079916534817505,[-2.0636579414245606, -1.4254228492614747, -1.2215032001373292, 3.079916534817505]
JVASP-133928,BaMgO2,2.4236612896087646,[2.4236612896087646]
JVASP-139039,RbMgH,-1.9453067203399659,[-1.9453067203399659]
JVASP-139040,RbMgH,-1.787528695666504,[-1.787528695666504]
JVASP-133930,BaMgO2,4.307394323742676,[4.307394323742676]
JVASP-139041,RbMgH,-3.224974813067627,[-3.224974813067627]
JVASP-139042,RbMgH2,-0.35114485224456793,[-0.35114485224456793]
JVASP-143795,Sr2La2MgMnO8,3.496141252911377,[3.496141252911377, 2.5673616508605956]
JVASP-124579,MgO7,4.927949247753906,[4.927949247753906]
JVASP-137130,MgBeAs,-2.07935869892807,[-2.07935869892807]
JVASP-139046,MgRuH3,-0.029960336291503964,[-0.029960336291503964]
JVASP-139047,MgH4Ru,-0.4735652824279786,[-0.4735652824279786]
JVASP-139048,MgHS,1.4545335153701782,[1.4545335153701782]
JVASP-139052,MgH2S2,1.8840699772003173,[1.8840699772003173]
JVASP-140749,Sm6Mg23C,-0.8225987573501587,[-1.4770409484741212, -1.369231404864502, -1.180884065234375, -1.9424950500366212, -1.8777932544586182, -2.0719990154144288, -1.2271254678604127, -2.1552754064437867, -1.8540824075576783, -1.6206579824325562, -1.7521287222740174, -1.162563206755829, -0.8225987573501587, -3.3535351177093506, -1.7940455098983765, -2.1314985175964356, -2.2265915890571595, -2.9607129116889954, -1.7085770984527588, -1.7268001457092286, -2.2941550632354737, -1.6413595100280762, -3.104061784350586]
JVASP-143804,RbMgNiF6,10.224493918812561,[10.224493918812561, 10.141859708226013]
JVASP-139054,MgHSe,0.776552138722229,[0.776552138722229]
JVASP-139056,MgHSe,-2.6172980686065674,[-2.6172980686065674]
JVASP-139057,Mg2HSe,1.6754427532318115,[-1.271925153338623, 1.6754427532318115]
JVASP-139058,MgHSe2,0.5661557296874999,[0.5661557296874999]
JVASP-142291,Sr4Mg3Al5,-1.3851227184173585,[-1.7932621856567383, -1.7621373554107667, -1.6758164187309266, -2.13236117562027, -1.3851227184173585, -1.678564729296875]
JVASP-141485,NaMgN,3.4717097858551025,[-0.5890986343261719, 2.000653086102295, 3.4717097858551025, 1.4374623874786376]
JVASP-139059,Mg2HSe,1.6306217292907714,[-1.7209283729431153, 1.6306217292907714]
JVASP-143579,Li2MgCo3O8,4.151272116101074,[4.151272116101074, 4.102899847424316]
JVASP-140755,Li2MgH2N2,3.0009999851348876,[0.09331995049743647, 2.5599170307281494, 0.150560436642456, 3.0009999851348876]
JVASP-139060,MgH2Se,0.7763894180419921,[0.7763894180419921]
JVASP-141255,Mg17Al11Si,1.4226663688781738,[-2.0817776938316346, -1.8819441219207764, -1.9108579774734498, -1.8591427226898194, -1.6706026216384888, -1.2844297309753419, -1.6459277292129517, -1.8236473818656922, -1.2499998827812195, -1.246126176917267, -1.4000046273109437, -1.2699873467323304, -2.415431263053131, -1.610467018687439, -0.318117918574524, -1.5657798667785645, 1.4226663688781738]
JVASP-140304,Sm4MgRu,-2.0425776859161378,[-2.2660929580566407, -2.1336862464782715, -2.0425776859161378, -2.36206430395813]
JVASP-139061,MgSiH,-2.4713260551330567,[-2.4713260551330567]
JVASP-141487,Ca7Mg2N6,2.320285616314697,[0.09772592583923334, 2.320285616314697]
JVASP-141256,SrMg16Al12,-1.1084060688850403,[-1.9491366763946534, -1.7723962684509278, -1.7827519794342042, -1.6765053292152405, -1.670042397582245, -1.809066953265381, -1.6156767030593873, -1.4974550028678895, -1.3301597853538514, -1.5053263922569275, -1.1084060688850403, -1.2118779440757752, -2.2422163506385804, -1.9740292449829102, -2.7856690307495118, -2.4873130937454224]
JVASP-142299,Pr4MgNi,-2.0014745612976075,[-2.1414539237854004, -2.0014745612976075, -2.128311338031006, -2.24139517744751]
JVASP-139063,MgSiH,-0.42907482584686285,[-0.42907482584686285]
JVASP-124759,Tb8Mg,-1.679945172869873,[-1.679945172869873]
JVASP-139064,MgSiH,-0.7846758981582642,[-0.7846758981582642]
JVASP-142963,Pr4MgIr,-2.0121254344818116,[-2.290156068408203, -2.0527412315246583, -2.0121254344818116, -2.1580185314056397]
JVASP-144523,Li2MgSi,0.8577215055587768,[-1.8665462156173707, -1.7792261262771607, 0.8577215055587768, 0.1847495416763305]
JVASP-139065,MgSiH2,0.26748651067047113,[0.26748651067047113]
JVASP-139066,SrMgH,-2.078394593798828,[-2.078394593798828]
JVASP-134764,MgSbF,-0.8865371366378785,[-0.8865371366378785]
JVASP-134183,LiMgBi,0.8566196540954589,[-0.9960054775115967, 0.8566196540954589]
JVASP-142306,MgGaH5,3.422394810116577,[0.10110121766357416, 0.13270407716064447, 3.422394810116577, 1.187951622402954]
JVASP-140766,BaMgC2O6,4.3560975174072265,[3.7424338440063476, 4.3560975174072265]
JVASP-139067,SrMgH,-3.030411662661743,[-3.030411662661743]
JVASP-138811,MgFeF3,7.62181192437439,[7.62181192437439]
JVASP-140315,Na2MgGeO4,5.449784336483765,[4.331203995144653, 5.449784336483765]
JVASP-139068,SrMgH,-2.175725521647644,[-2.175725521647644]
JVASP-139332,MgAlSe,-1.7986165901062012,[-1.7986165901062012]
JVASP-125608,Dy8Mg,-1.7169384380218506,[-1.7169384380218506]
JVASP-139069,SrMgH2,-1.2226855178710938,[-1.2226855178710938]
JVASP-139334,MgAlSe,-1.8978924175140381,[-1.8978924175140381]
JVASP-139070,SrMgH,-3.953759016596985,[-3.953759016596985]
JVASP-134768,MgSbF3,-2.305628242098999,[-2.305628242098999]
JVASP-135839,BaMgCl,-2.1755308528778077,[-2.1755308528778077]
JVASP-136923,LiMgSb,-1.634371580683899,[-1.634371580683899]
JVASP-134769,MgSnF,-1.9773969670173646,[-1.9773969670173646]
JVASP-135840,BaMgCl,-2.4503628631469727,[-2.4503628631469727]
JVASP-139339,LiMgP,-1.1182612796661378,[-1.1182612796661378]
JVASP-139071,SrMgH2,-2.8829299827453614,[-2.8829299827453614]
JVASP-136924,LiMgSb,-1.5107625742790223,[-1.5107625742790223]
JVASP-139340,LiMgP,-2.0705568214294434,[-2.0705568214294434]
JVASP-136925,LiMgSb,-0.48381728132934576,[-0.48381728132934576]
JVASP-139073,MgTcH3,-0.3287779708740235,[-0.3287779708740235]
JVASP-123589,MgP3,-0.4329780956146241,[-0.4329780956146241]
JVASP-143594,LiMg16Al12,-0.38155919512481695,[-2.055783214175415, -1.9304695149299622, -1.8263643999931336, -1.7296763082382203, -1.64586979349823, -1.7217454334136963, -1.4296615739700318, -1.4972878714439393, -1.2505944987174988, -1.3547409792778016, -0.8369368334648133, -1.840240778529358, -1.3680712600585938, -1.6341608186599732, -1.2309098859664918, -0.38155919512481695]
JVASP-139341,LiMgP,0.5030376295211791,[0.5030376295211791]
JVASP-143596,Mg16MnAl12,0.17124658623962397,[-1.2894212623474122, -1.9055947085258484, -1.8246620913383484, -1.722364368045044, -1.7453742643234254, -1.6239575167533875, -1.8632681389686585, -1.7425370832321168, -1.5173783918258668, -0.9110543151733399, -1.06358117064209, -1.0046237130996705, -1.2397232671615601, -1.9011881967422486, -0.7768579145309449, 0.17124658623962397]
JVASP-139342,LiMgP,1.9920294860961913,[-0.043003739916992245, 1.9920294860961913]
JVASP-134772,MgSnF2,-1.423947276675415,[-1.423947276675415]
JVASP-139074,MgTcH2,-0.6691915412780762,[-0.6691915412780762]
JVASP-134194,MgBiO,-1.3083620687362671,[-1.3083620687362671]
JVASP-139343,LiMg2P,-1.2401013990280152,[-1.2401013990280152, -1.3096380849716187]
JVASP-143597,Mg17Al11In,0.5994814018371581,[-2.0330931564208985, -1.6136556287643433, -1.7131813188430787, -1.661528768145752, -1.5070492645141602, -1.7345638891098023, -1.6658912320968629, -1.5938938876029969, -1.6526682396766663, -1.5822170992729188, -1.5637264271614075, -1.0085228701469422, -2.2877559681770325, -2.037811817729187, -2.0953102727767945, 0.5994814018371581, 0.5696690658691406]
JVASP-139075,MgTeH,0.08664470711975092,[0.08664470711975092]
JVASP-134773,MgSnF2,-1.9822580238220215,[-1.9822580238220215]
JVASP-139344,LiMgPd,-0.6207445283767701,[-0.6207445283767701]
JVASP-144296,Mg16ScAl12,-0.07030564745635992,[-2.0735353847381592, -1.8983429094192505, -1.8108306547042847, -1.8146103640434266, -1.656852962577057, -1.5331743975517274, -1.6177600642082215, -1.7921594997283936, -1.4092531820175171, -1.2504512687561036, -1.0662853141662598, -1.110126795375061, -1.713412346446228, -1.8639832158920289, -0.07030564745635992, -0.8196529765960694]
JVASP-134774,MgSnF4,5.270552573597717,[5.270552573597717]
JVASP-134197,MgBiP,-2.5752660652038575,[-2.5752660652038575]
JVASP-134198,MgBiP,-1.8575765510437012,[-1.8575765510437012]
JVASP-134775,MgTiF3,3.6526582817199706,[3.6526582817199706]
JVASP-139077,MgTeH4,-1.913632335269165,[-1.913632335269165]
JVASP-133239,Mg16Al12I,-0.9840287586090088,[-1.5593242665168763, -1.441685440146637, -1.7661433239814759, -1.532010855281067, -1.5011617561218262, -1.4855826516983033, -1.6481400152084351, -1.553255560004425, -1.2988945265647889, -1.674130143725586, -1.8923587222930909, -1.1059036870834351, -1.3139451166030884, -1.1896538754341126, -1.709626080596161, -0.9840287586090088]
JVASP-136372,MgNCl,1.1198640445831298,[1.1198640445831298]
JVASP-139078,MgTeH2,1.2410314659240722,[1.2410314659240722]
JVASP-136375,MgN2Cl,3.0136619190338134,[3.0136619190338134]
JVASP-134777,Mg2TiF,3.8954787830474853,[-0.47941214045257574, 3.8954787830474853]
JVASP-139079,MgTe2H,0.14831536809234613,[0.14831536809234613]
JVASP-136377,MgClO,2.838632045185852,[2.838632045185852]
JVASP-134778,MgTlF,-2.5144943614837647,[-2.5144943614837647]
JVASP-143107,LiMg8Si4,2.0922465900543212,[-2.0074297805664063, -1.4173310418960572, 0.2770165781143188, -1.3315766473648072, 1.952237067616272, 1.3072648028495788, -1.45818269451828, 2.0922465900543212]
JVASP-136380,RbMgCl,-1.7608672996398926,[-1.7608672996398926]
JVASP-134780,MgTlF2,5.531767783558655,[5.531767783558655]
JVASP-136381,RbMgCl2,0.6447513083580017,[0.6447513083580017]
JVASP-134781,MgTlF3,8.914267359173584,[8.914267359173584]
JVASP-137733,NaLaMgWO6,3.83430701295166,[3.83430701295166, 3.3936570266845703]
JVASP-136382,RbMgCl3,5.649136004841614,[5.649136004841614]
JVASP-134783,Mg2TlF,-0.8244542499420167,[-0.8244542499420167, -2.102047624194336]
JVASP-136383,RbMgCl3,5.8404467682006835,[5.8404467682006835]
JVASP-134785,MgVF,-1.3722676654693604,[-1.3722676654693604]
JVASP-134786,MgVF3,8.349900780117798,[8.349900780117798]
JVASP-143849,KMg3GaSi3H2O12,8.129362402355957,[7.028988657391357, 7.573811350262451, 8.129362402355957]
JVASP-139088,MgAlF,-1.5973566194412232,[-1.5973566194412232]
JVASP-134787,Mg2WF,3.2905202488067626,[-0.04551118811340338, 3.2905202488067626]
JVASP-136964,Mg2As,0.8661442379119872,[-1.813508691394043, 0.8661442379119872]
JVASP-136673,MgGaO3,4.4702244381073,[4.4702244381073]
JVASP-144555,Mg16UAl12,-1.2112718244430543,[-2.0130397101280213, -1.9321070333358765, -1.9895843883392335, -1.7705000658866883, -1.8359535952445984, -1.6508515497085572, -1.4528017660018921, -2.0969638248321534, -1.2412967105743409, -1.4335537572738648, -1.2112718244430543, -1.2875457425949097, -2.1469746251937867, -1.3961175104019166, -1.9108925481674195, -1.6379587074157715]
JVASP-132147,MgCl,7.083540616429138,[7.083540616429138]
JVASP-132159,MgKr,-2.964505376422119,[-2.964505376422119]
JVASP-136975,MgAs2,-1.3726536651489258,[-1.3726536651489258]
JVASP-139677,NaMgAs,-2.074219348036957,[-2.074219348036957]
JVASP-132165,MgNb,-1.6027771850463868,[-1.6027771850463868]
JVASP-139678,NaMgAs,1.4726231674316406,[-0.604526700579834, 1.4726231674316406]
JVASP-136981,MgSnP,-2.0537097473976136,[-2.0537097473976136]
JVASP-139679,NaMgAs,0.4057094434860229,[-0.206586780154419, 0.4057094434860229]
JVASP-132171,MgP,0.4009762386444091,[0.4009762386444091]
JVASP-136985,Mg2P,-0.12521785696716314,[-1.516579808795166, -0.12521785696716314]
JVASP-139681,NaMgAs,-0.5769763012763978,[-0.5769763012763978]
JVASP-143142,MgB2H8,-0.33832186659545904,[-1.3556787391540528, -0.33832186659545904]
JVASP-132172,PmMg,-1.7458181997177125,[-1.7458181997177125]
JVASP-133290,Pr6Mg23C,-0.5163833518859864,[-1.562254013621521, -1.302767576777649, -1.2646953483459473, -1.8898550887939454, -1.8541774173614503, -2.0160011669036866, -1.3943249603149415, -1.8965312858459473, -1.7840203662750245, -1.694722594821167, -1.6770107766029358, -1.4258836527702332, -0.5163833518859864, -3.7915110011932374, -1.7040956636306763, -2.4160248657104493, -2.1865926404830933, -2.8761274238464356, -1.5135099311706544, -1.547571601473999, -1.9669039865371705, -1.3741047998306275, -2.843129338824463]
JVASP-141314,LiMgAlH6,-0.40083593329162603,[-0.7130252738830567, -0.6423053165313721, -0.40083593329162603]
JVASP-136986,Mg2P,-0.02588409384460455,[-1.4597671051856995, -0.02588409384460455]
JVASP-139408,NaMgP,-1.8264507075187684,[-1.8264507075187684]
JVASP-132185,MgTl,-1.751599969470215,[-1.751599969470215]
JVASP-136988,MgP2,-0.2826961894866944,[-0.2826961894866944]
JVASP-139409,NaMg2P,-0.021289350592804013,[-2.776756527030182, -0.021289350592804013]
JVASP-132187,MgW,-1.1568304916259766,[-1.1568304916259766]
JVASP-139689,MgSnAs,-1.8373633046981812,[-1.8373633046981812]
JVASP-139410,NaMgP,-1.1410616060134888,[-1.1410616060134888]
JVASP-136989,Mg2P,0.3741976598861694,[-1.4547526260253907, 0.3741976598861694]
JVASP-139690,SrMgAs,-1.8908075710174561,[-1.8908075710174561]
JVASP-139411,NaMgP,-0.5027387758132935,[-0.5027387758132935]
JVASP-136993,MgP2,-0.45482701262207037,[-0.45482701262207037]
JVASP-141755,Li3Mg5Bi3Pb,0.4999719242218017,[-0.5218519588348389, -0.6772996803161622, -1.0449716468688965, 0.4999719242218017, -0.46228003700943]
JVASP-139412,NaMgSn,-2.0456213374969483,[-2.0456213374969483]
JVASP-136994,Mg2P,1.5332857946517944,[-0.4565882106658936, 1.5332857946517944]
JVASP-136996,Mg2P,1.5372259000900268,[-0.4616909643051148, 1.5372259000900268]
JVASP-132778,MgSb5,-0.8149877210494996,[-0.8149877210494996]
JVASP-136997,MgP,0.47319727937011713,[0.47319727937011713]
JVASP-139416,MgNbO3,0.8897064308288574,[0.8897064308288574]
JVASP-136998,MgP2,-1.595751704776001,[-1.595751704776001]
JVASP-138072,MgBeBi,-2.1155064721939087,[-2.1155064721939087]
JVASP-137000,MgP3,-0.6998507400390626,[-0.6998507400390626]
JVASP-137001,Mg3P,0.3360121826293945,[-1.804888667666626, 0.3360121826293945, -0.34037965735168463]
JVASP-139420,MgPS,-2.1200152059432984,[-2.1200152059432984]
JVASP-135407,Mg2I,-1.5975417514678956,[-2.4694783111450196, -1.5975417514678956]
JVASP-137002,MgTiS3,-0.30761975249023443,[-0.30761975249023443]
JVASP-139421,MgPSe,-1.1732856651184083,[-1.1732856651184083]
JVASP-135408,MgI,-1.035615386569214,[-1.035615386569214]
JVASP-135411,Mg2I,-0.9680618663665772,[-2.5476591010925294, -0.9680618663665772]
JVASP-139423,Mg2PSe,0.8187730888488769,[-1.1713096519348145, 0.8187730888488769]
JVASP-135413,MgI2,-1.3708704133865357,[-1.3708704133865357]
JVASP-139425,MgSi2P2,-0.37794846495361334,[-0.37794846495361334]
JVASP-135414,Mg2I,-0.9743441959259034,[-2.543526353442383, -0.9743441959259034]
JVASP-141771,Ca4MgAl2Si3O14,8.768726644909668,[8.768726644909668]
JVASP-135418,MgI,3.730027971661377,[-2.626067342364502, 3.730027971661377]
JVASP-138087,MgBeBr,-1.571533741557312,[-1.571533741557312]
JVASP-138088,MgBeBr,-1.8568602224227906,[-1.8568602224227906]
JVASP-138089,MgBeBr,-2.2219998260375977,[-2.2219998260375977]
JVASP-123919,ErMg,-1.7586621662017823,[-1.7586621662017823]
JVASP-135425,MgVS3,-0.6693956275817872,[-0.6693956275817872]
JVASP-132808,Ba3SrMg2Te2O12,3.801021871960449,[3.801021871960449, 3.723119078076172]
JVASP-135430,Mg2S,1.1737282852294921,[-2.272444190585327, 1.1737282852294921]
JVASP-131368,HfMg,-0.9157335182067872,[-0.9157335182067872]
JVASP-135434,MgS,3.982185659802246,[3.198127565777588, 3.982185659802246]
JVASP-121549,K2Ca2MgH2S4O16,5.041679201519775,[5.041679201519775]
JVASP-132827,K2MgZrMo4O16,4.027247724926758,[4.027247724926758]
JVASP-135438,MgS,4.958849487698364,[2.333205280697632, 4.958849487698364]
JVASP-135441,MgS,3.7928810695770263,[3.3267233947875976, 3.7928810695770263]
JVASP-135442,MgS2,0.24871188203124994,[0.24871188203124994]
JVASP-135444,Mg3S,2.2359212020996093,[-1.3448375483390809, -2.548774005973053, 2.2359212020996093]
JVASP-139463,Mg2Te,0.6815295795562744,[-2.74967199763031, 0.6815295795562744]
JVASP-139464,MgTe2,-1.5408461709854127,[-1.5408461709854127]
JVASP-135450,Mg2Sb,-0.7651054879066468,[-2.1447673459884644, -0.7651054879066468]
JVASP-139469,MgTe3,-0.8966552635070801,[-0.8966552635070801]
JVASP-121613,Li2MgZr2H4O4F12,6.247952042019653,[6.247952042019653]
JVASP-137331,RbMgPO4,7.1944482902648925,[7.1944482902648925, 7.033334551251221, 5.65952616730957, 6.170589743054199]
JVASP-146159,Mg16Al12Bi,-1.156987490260315,[-2.037458362185669, -1.6494492312309266, -1.7855796833869935, -1.6970011611816407, -1.7409364601013184, -1.416822912299347, -1.5735948105690003, -1.5181245823738099, -1.3912510891792298, -1.9245184679862977, -1.786202909552765, -1.2269394417640687, -1.27409804066391, -1.4859852214691163, -2.3250569721099854, -1.156987490260315]
JVASP-154894,CaMg3C4O12,5.923715410626221,[3.428601560986328, 4.613742170727539, 5.923715410626221]
JVASP-149532,Tb2Mg3Ni2,-1.587650479876709,[-1.610047998034668, -1.587650479876709, -3.3910614868041993]
JVASP-157280,Pr2DyMg,-1.3529035468933106,[-1.3529035468933106]
JVASP-157282,CaPr2Mg,-0.7819830199119568,[-0.7819830199119568]
JVASP-155727,MgAl2Ga2,-2.2172279973861695,[-2.2172279973861695]
JVASP-154480,CaMgAsO4F,7.759720144665527,[7.759720144665527, 7.1956689933898925]
JVASP-157288,LiPr2Mg,-0.6127200742599488,[-0.6127200742599488]
JVASP-146361,KMgBO3,8.380980787670898,[8.380980787670898, 4.053670225537109, 4.516255674755859, 5.72211390534668]
JVASP-151766,ErMg2,-0.5175177474853516,[-1.9992385526535035, -2.047478737437439, -1.638600768649292, -0.5175177474853516, -2.154761256777954, -0.965347709262085, -1.6692246218559266, -1.3193447609779358]
JVASP-147493,Mg17Al11Tl,0.4815836528900146,[-2.01562077006073, -1.6772706528541566, -1.9090839644309998, -1.6276772042152405, -1.4252697249290467, -1.9062390943405152, -1.6646717210647584, -1.7766219993469239, -1.175271215045166, -1.5311684628364564, -1.8896415253517151, -1.4239861389038087, -1.9256699701187134, -1.326290549838257, -0.9306276460525513, -1.4313502927658082, 0.4815836528900146]
JVASP-146181,Ca2MgC3O9,3.7034557441833496,[3.604671297467041, 3.7034557441833496]
JVASP-151569,BaMgC2O6,3.1754339317443847,[3.1754339317443847]
JVASP-155748,CaMg2Si2,0.5788651088836669,[-1.7282008548614503, 0.5788651088836669]
JVASP-152130,CaMgGe,-0.10209918221206671,[-1.5820040126678467, -1.4081351180908204, -0.41379153927536017, -0.10209918221206671]
JVASP-157139,La2MgTl,-0.6076011081573487,[-0.6076011081573487]
JVASP-147322,Sr2LiMgSi3,0.07084566155700678,[-1.3956560512420655, 0.07084566155700678]
JVASP-146371,Ce6Mg23Ge,-0.5925562401649476,[-1.59501427611084, -1.5695044418212891, -1.4793626685974122, -1.889579715335083, -1.8795053382751465, -1.7970728298065186, -1.315876068675232, -1.7503779550430298, -1.7482970376846314, -1.7971630712387086, -1.4484843631622315, -0.8267735858795167, -0.9852524419662476, -2.850661100947571, -1.540159048640442, -2.3622427602645875, -1.9352551122543336, -2.995333494746399, -0.5925562401649476, -2.387742044532013, -1.3433927913543702, -0.7196760793563843, -3.4909372945663453]
JVASP-157145,La2YMg,-0.236158313357544,[-0.236158313357544]
JVASP-145792,Mg16MnAl12,0.7813819030883788,[-2.311136068904114, -2.1753124614593506, -2.1209924836990357, -1.7479530592796326, -1.7981957217094422, -1.407870354258728, -2.075269164645386, -1.8819724937316895, -0.7776218076583863, -1.351648749911499, -1.5495788474914551, -1.0681336542007447, -1.8243077417251587, -2.276953401171875, -1.5150675197479249, 0.7813819030883788]
JVASP-151947,BaMgF4,10.417009172833252,[10.417009172833252, 9.338564691937256]
JVASP-157154,La2TmMg,-0.49058109720916754,[-0.49058109720916754]
JVASP-151150,SrMgPb,-1.106579603755188,[-2.042789640032959, -1.5309304614898682, -1.1580236574050904, -1.106579603755188]
JVASP-147510,La3MgAlS7,2.9013388733032226,[-0.6007935424682618, 2.9013388733032226]
JVASP-157158,La2HoMg,-0.4947490115997315,[-0.4947490115997315]
JVASP-157162,La2ErMg,-0.4437384029266358,[-0.4437384029266358]
JVASP-146003,Mg16Al12Ge,-0.4655497690078736,[-1.9027114530441285, -1.643947186076355, -1.8378055711624146, -1.8267558833000184, -1.5599226971504212, -1.643504263961029, -1.5573556443092347, -1.562839152419281, -1.3075847645637513, -1.490919293963623, -1.5607250352737427, -1.60239154299469, -0.7396823783752442, -1.0902887006637574, -1.7574127336380005, -0.4655497690078736]
JVASP-146004,Mg16Al12P,-0.363414229953003,[-1.7432451864120484, -1.6162659545776368, -1.7432236095306397, -1.8377450724479676, -1.6771500130531312, -1.6443728824493409, -1.477962913119507, -1.9070687909957886, -1.336825193965149, -1.1377183814880372, -1.372236432635498, -1.333595099055481, -1.5112252851364136, -1.5111634155151368, -1.1309282203552247, -0.363414229953003]
JVASP-147332,Li2MgTi3O8,3.516212282574463,[3.516212282574463]
JVASP-157317,AcPmMg2,-0.9104369302627564,[-0.9104369302627564, -1.493645729624939]
JVASP-154525,Li2MgSi,0.8595440963867187,[-1.8731312175628663, -1.7746209522125245, 0.8595440963867187, 0.18290406266479486]
JVASP-157320,PrMg2Sc,-0.4287981410858155,[-0.4287981410858155, -0.6103739162322999]
JVASP-157321,Mg2ZnPb,-0.7613703628417969,[-1.4590370078918458, -0.7613703628417969]
JVASP-157171,YbLa2Mg,-0.30971020659179693,[-0.30971020659179693]
JVASP-154310,Li2MgIr,3.671824274456787,[-1.1187436004516602, -1.3174425979492188, 3.671824274456787, 2.8085983375671386]
JVASP-157326,Mg2HgGe,-0.38649195631713873,[-1.2241303344604493, -0.38649195631713873]
JVASP-154536,Li3Mg8Si4,1.7012353519561767,[-2.9215362091896058, -1.950655998789978, -1.2212144752380372, -0.9488324542877198, -0.8096112628814698, 1.5376494506958007, -0.45332974394531256, 1.7012353519561767]
JVASP-111404,MgTi3H8,-1.7310435195800782,[-1.7310435195800782]
JVASP-150485,LaMgGa,-0.7226433177825928,[-1.4263845702049256, -1.3618749996063233, -0.7226433177825928]
JVASP-157009,Sm2ErMg,-1.1698467155334473,[-1.1698467155334473]
JVASP-149239,NdMgSn,-0.7985367198822022,[-1.557249965274048, -0.7985367198822022]
JVASP-157014,YbSm2Mg,-0.9413955231544495,[-0.9413955231544495]
JVASP-155628,MgGe2Rh2,-1.2246596237060547,[-1.2246596237060547]
JVASP-146228,Dy2MgS4,1.8642347435119628,[0.17829781571655268, 1.8642347435119628]
JVASP-146229,MgIn2S4,4.645861802494812,[1.3784639219406127, 1.7236308435562133, 3.364931044972229, 4.645861802494812]
JVASP-146947,MgSi,1.5181429962280273,[-1.7963046451446534, -1.105195464694214, -0.9208202978012086, -1.053253473841858, 1.225807485974121, 1.5181429962280273]
JVASP-147153,Li2MgNi3O8,4.107084331906128,[4.107084331906128]
JVASP-145839,CaMg3Si4O12,7.476200876629639,[7.476200876629639, 5.388348398602295, 6.657354650891113]
JVASP-149010,NdMgSn,-0.7971559186813355,[-1.5579655786392212, -0.7971559186813355]
JVASP-155644,MgSi2Pd2,-1.228273095690918,[-1.228273095690918]
JVASP-147544,Sm4MgIr,-1.9732458015319825,[-2.3710524459716797, -1.9758393188354493, -1.9732458015319825, -2.264271916949463]
JVASP-151642,Ce2MgGe2,-1.3608385940429688,[-1.791148843371582, -1.3608385940429688]
JVASP-146246,MgFe4Cu3O12,2.7567504028442382,[2.7567504028442382]
JVASP-147551,Na2MgGaF7,11.615872440731811,[11.615872440731811, 7.5197845081451415]
JVASP-151006,BaMgF4,9.784742651379394,[9.639133749401855, 9.784742651379394]
JVASP-157222,Pr2MgPb,-1.4805837293502808,[-1.4805837293502808]
JVASP-157223,PmPr2Mg,-1.3282400985595704,[-1.3282400985595704]
JVASP-146253,LiMgVO4,5.447781382000732,[4.198895273602295, 5.447781382000732]
JVASP-152617,SrMgF4,10.957695541775513,[10.957695541775513, 9.117261228955078]
JVASP-157233,YbPr2Mg,-0.9625443240043641,[-0.9625443240043641]
JVASP-133238,Mg16Al12Ge,0.6162951568725585,[-1.9046915789482117, -1.8758493085739136, -1.7682915349838257, -1.5787847061988831, -1.2394341250297547, -1.539224686228943, -1.3990331312057496, -1.7152936478492737, -1.0818897505638123, -1.4074671884414673, -1.6169748922225953, -1.4207735081550599, -1.4392114897605897, -1.4349645992156983, -2.0140871425506592, 0.6162951568725585]
JVASP-146065,Er2MgS4,4.789384422695923,[1.3257160762908935, 4.789384422695923, 1.4834149459960937, 0.6537974456909179]
JVASP-151025,ErMg2,-0.4570433517333985,[-1.993606986605835, -2.0536901374694825, -1.681193770968628, -0.4570433517333985, -2.2897084971305848, -0.8484315892097474, -1.6698345561859131, -1.3214518447753907]
JVASP-147190,Na2MgFeF7,8.383840380108643,[8.379266558087158, 8.383840380108643]
JVASP-156288,MgCd2Sb2,-1.1973626037475587,[-1.1973626037475587]
JVASP-153265,NaMgSO4F,8.79538541833191,[8.79538541833191, 6.183904228604126]
JVASP-149341,DyMgSn,-0.8355816026565552,[-1.6339166780349732, -0.8355816026565552]
JVASP-133292,La6Mg23Sb,-0.5173329730865479,[-1.7288514991638184, -1.2985367198822022, -1.3939349075195313, -2.3164655586120606, -2.067992629611206, -1.8997592349884034, -1.235327424609375, -1.544186057650757, -1.6467914005157471, -1.4225870986816407, -1.170306148135376, -1.182707728945923, -0.9471673389312745, -2.4861993213531495, -0.9990357776519776, -2.464079560839844, -1.8707141300079346, -2.887039603793335, -0.5173329730865479, -2.490122379862976, -1.0995200296279908, -0.7044498344299317, -3.5991619249221802]
JVASP-149698,SrMg2Pd,0.28469341794281,[-1.43076068361969, -1.3671290298339844, -0.7431320567962647, 0.28469341794281]
JVASP-154622,Li2MgIr,3.6720460037353515,[-1.3758041282531739, -1.138072671496582, 3.6720460037353515, 2.8073585609558105]
JVASP-151451,Er2MgGe2,-0.9324688335296631,[-1.7624816318389893, -0.9324688335296631]
JVASP-155703,CaMg2Ni2,-0.3402723689910889,[-0.9662292023536683, -0.3402723689910889]
JVASP-151698,BaMgF4,9.797052441036987,[9.724057255184936, 9.797052441036987]
JVASP-149455,NdMgSn,-0.8380112071868897,[-1.5563096423980713, -0.8380112071868897]
JVASP-145364,Sr2La2MgRuO8,5.470461187756348,[5.470461187756348]
JVASP-152866,Li2MgH4,1.7138050178649902,[1.3213170150878906, 1.7138050178649902]
JVASP-147225,Mg2Si,4.386252103245544,[-1.4613130708572388, -1.1134687085983277, 0.06599634686737055, -0.17894989451141363, 0.47006845275192255, -0.5472224970695496, 1.3466281274917602, 4.386252103245544]
JVASP-145389,LiMgCoF6,7.468472299969482,[7.468472299969482, 6.960117159283447]
JVASP-152074,ErMg2,-0.5883175750610352,[-1.9996287246582032, -2.047761621081543, -1.6393768211242676, -0.5883175750610352, -1.9746326824066163, -1.07332819899292, -1.669061305129242, -0.857219698035431]
JVASP-146644,Pr4Mg7Ge6,0.9086907486083984,[-1.7987325807449341, -1.4313181062576295, -1.2351074834701539, -0.3500069995758057, -0.6532120128509522, 0.7059062103393554, 0.9086907486083984]
JVASP-149150,DyMgSn,-0.835765304171753,[-1.6338240524169922, -0.835765304171753]
JVASP-146645,Mg3Si4O13,6.907008467114258,[5.224204359448242, 6.907008467114258, 6.0301650146606445]
JVASP-153312,Li2MgSi,0.8023400882843017,[-1.924616040789795, -1.7377731223937989, 0.8023400882843017, 0.25484519997863764]
JVASP-151894,BaMgF4,10.503402529156494,[10.503402529156494, 9.28546029130249]
JVASP-152688,MgH2,5.970087347424316,[-1.088584603869629, 2.9411595443847656, 3.281900701916504, 5.970087347424316]
JVASP-146488,CaMgZn,-0.6414374729034424,[-1.7316305061218262, -1.5377313514587403, -1.7171263118621827, -0.6414374729034424]
JVASP-152697,BaMgF4,10.405582247174072,[10.405582247174072, 9.025686083233643]
JVASP-145178,DyMg16Al12,-0.8162230869171143,[-2.179725768172455, -1.9485190530654908, -1.7005825658676148, -1.9587406535980225, -1.6844119449493409, -1.7469515820381165, -1.6030522604820252, -1.5067224522468567, -1.5073267241355897, -1.476075591647339, -1.0730432887908936, -1.1721596141693116, -1.2060927768585206, -1.2710233350631714, -1.7873848100540162, -0.8162230869171143]
JVASP-146129,MgH2,5.927625475323486,[-1.0046293159362794, 3.0209487060668945, 3.319559393322754, 5.927625475323486]
JVASP-145184,Mg16Al12Tl,-1.0611046572563172,[-2.161559345328522, -1.6622105856773377, -1.678057076537323, -1.6945966502067566, -1.5661503096458436, -1.310584308707428, -1.5918005724784852, -1.393211307131958, -1.5001513381835938, -1.907345714175415, -1.6990203281280518, -1.0611046572563172, -2.10555076798172, -1.2493390460845948, -1.8468701263305665, -1.9318124671813965]
JVASP-152418,HoMg2,-0.6866945644256592,[-1.9884994645950318, -2.0501349588272095, -1.6269862075683594, -0.6866945644256592, -2.1083973070022584, -0.8095762153503419, -1.6786277910110474, -1.318135442340088]
JVASP-152310,HoMg2,-0.4692201038238526,[-1.9756056686279297, -2.0617558380004883, -1.666010322177124, -0.4692201038238526, -2.2376204152938843, -0.8601164241668702, -1.6773434301254273, -1.3168432136413575]
JVASP-147260,Mg16Al12Ga,0.07525545159606928,[-1.9501046558258057, -1.7561631818649293, -1.7846443076965333, -1.7021325846549988, -1.6235967894432068, -1.5916401167747498, -1.4219250698921204, -1.4835321327087403, -1.1301054378387452, -1.787678601348114, -1.659847142302704, -1.6360034366485596, -2.0669198652145386, -1.7198376079437256, 0.07525545159606928, -0.577380122744751]
JVASP-147261,Mg16Al12Ga,0.5615177730682372,[-1.9369842429992676, -1.7131378074523926, -1.829624356829834, -1.6750312467453004, -1.676824154460144, -1.5475764294502259, -1.79326570233078, -1.4630569835540772, -1.4027006049987794, -1.6539576669570923, -1.340473475062561, -1.4930869956848145, -0.7436277290222169, -1.351458491885376, -1.2589299102661133, 0.5615177730682372]
JVASP-147262,Mg16ZrAl12,0.03133839169769281,[-2.321102323138428, -1.6915635486480713, -1.6582344194290162, -1.6189433952209473, -1.9065449853775025, -1.6927971263763428, -1.6836575885650635, -1.5330626388427735, -1.6092345138427735, -1.4204460998413087, -1.4500352760192872, -1.1451050659057618, -1.6703197379943848, -1.458663286769104, 0.03133839169769281, -0.8512998243209839]
JVASP-147263,Mg16NpAl12,-0.8315247913238526,[-2.149567188822937, -1.4696181436416627, -1.9733248372909546, -1.7997568865653992, -1.5997629185554505, -1.8214084525939942, -1.4819998165008545, -1.6140205283996583, -1.323788585269165, -1.416376533114624, -1.6980609317657471, -1.2502803226348878, -0.8315247913238526, -1.938013496005249, -2.0659958740112305, -1.5244020839569092]
JVASP-146685,Sr2La2MgTi3O12,7.3806641677978515,[7.3806641677978515]
JVASP-153725,LiMg8Si4,2.1966145018699645,[-2.055560650431824, -1.4255239387390137, -0.3362285514709473, 0.26382046738891596, 0.515330133831787, 0.7525985221031188, -0.5375815649864197, 2.1966145018699645]
JVASP-148213,Na2MgScF7,12.53251987496643,[12.53251987496643, 8.205794868862915]
JVASP-147294,Ce4Mg7Ge6,0.9560192207458496,[-2.028786363208008, -1.6044142862197877, -1.330770792567444, -0.330321492755127, -0.5341700931427003, 0.5517032722595214, 0.9560192207458496]
JVASP-152509,BaMgF4,10.49937802354126,[10.49937802354126, 9.287342844403076]
JVASP-146793,HfMg16Al12,-0.05255061587066656,[-2.146251918875885, -1.969932796561432, -1.7814003249046326, -1.8848106284973145, -1.6544620414611817, -1.7018016596672059, -1.7064845581886292, -1.1832670589324952, -1.4593307395812989, -1.6995283981201172, -0.7663761993286133, -1.1576632877227784, -2.0392603298065186, -0.05255061587066656, -0.880265774333191, -0.10148114165039068]
JVASP-146853,SrCaMgSi2O7,8.956346807873535,[8.956346807873535, 4.277805624401855]
JVASP-157415,LiLaMg2,-0.04667431315155035,[-0.04667431315155035, -1.237976612651062]
JVASP-157347,CaTmMg2,-0.4407009502288819,[-0.4407009502288819, -1.7375275512573243]
JVASP-157373,Mg2AlTl,-1.3338560481903077,[-1.3338560481903077, -1.4776775260803223]
JVASP-157386,Mg2ZnSn,-0.5788809677001954,[-1.3712164779541016, -0.5788809677001954]
JVASP-157335,NaMg2In,-1.473235311114502,[-1.473235311114502, -2.285434903704834]
JVASP-157387,CaMg2In,-1.3003730197784424,[-1.3003730197784424, -1.7989129444000245]
JVASP-157362,NaMg2Zn,-1.4904765506622315,[-1.4904765506622315, -2.2530874629852295]
JVASP-156310,Mg2SnAs2,0.8224838356140136,[-0.7595682760116578, 0.8224838356140136]
JVASP-157350,LiPmMg2,-0.5245301147338868,[-0.5245301147338868, -1.4378945251342774]
JVASP-157365,CaPrMg2,-0.7355549951431275,[-0.7355549951431275, -1.6286655088302613]
JVASP-157423,YbBaMg2,-1.1238223930236817,[-1.1238223930236817, -2.130095662677002]
JVASP-157338,SrYMg2,-0.47747355898590094,[-0.47747355898590094, -1.5392773767349244]
JVASP-156311,MgZn2As2,-0.7227752824661255,[-0.7227752824661255]
JVASP-157377,Mg2InSn,-1.0539310594436646,[-1.3694539686080933, -1.0539310594436646]
JVASP-156334,AcMgGe,-1.6515187044975281,[-1.6515187044975281]
JVASP-156321,Mg2TlAs2,0.9844762663009643,[0.01396125355987543, 0.9844762663009643]
JVASP-157389,ThMg2Sc,0.4075480083587646,[0.4075480083587646, -0.12394732435913092]
JVASP-157327,SrPrMg2,-0.6977311988708497,[-0.6977311988708497, -1.8096787353393555]
JVASP-157401,Mg2AgGe,-0.22070485552520758,[-0.70259005030365, -0.22070485552520758]
JVASP-157379,BaCeMg2,-0.8044282813903809,[-0.8044282813903809, -1.8115779777404786]
JVASP-157340,SrSmMg2,-0.7851192375061036,[-0.7851192375061036, -1.7751123329040528]
JVASP-157368,CaYMg2,-0.2928606887695313,[-0.2928606887695313, -1.4267823119995118]
JVASP-157356,LiYMg2,-0.03755516012878424,[-0.03755516012878424, -1.5031208415863038]
JVASP-157380,Mg2TlZn,-1.4658231159088135,[-1.5445904155609131, -1.4658231159088135]
JVASP-157391,Mg2SnPb,-1.075032414996338,[-1.2087351699707032, -1.075032414996338]
JVASP-157341,LiMg2Ru,0.709689436352539,[0.709689436352539, 0.5942698101165771]
JVASP-157330,LiCaMg2,-1.1230806728240967,[-1.1230806728240967, -2.2176961322662354]
JVASP-157381,Mg2TlBi,-0.9912034889099122,[-1.7291659732696534, -0.9912034889099122]
JVASP-157410,Mg2TlIn,-1.476477088534546,[-1.476477088534546, -1.661148490512085]
JVASP-156458,PmMgGa,-1.223245682322693,[-1.223245682322693]
JVASP-157342,HoMg2Sc,0.1172403077247619,[0.1172403077247619, -1.2135505696174622]
JVASP-157382,Mg2GaPt,0.9583998302581787,[-0.3826293369171143, 0.9583998302581787]
JVASP-157371,BaLaMg2,-0.8602554221984864,[-0.8602554221984864, -1.6988970657226563]
JVASP-157359,LiSmMg2,-0.5451723953125001,[-0.5451723953125001, -1.231273116671753]
JVASP-157412,Mg2AlIn,-1.1565853973266602,[-1.1565853973266602, -1.4126736541625977]
JVASP-157372,Mg2GaHg,-1.221186103427124,[-1.221186103427124, -1.420111121737671]
JVASP-157333,Mg2InBi,-0.6372926851150513,[-1.6818867345687867, -0.6372926851150513]
JVASP-157346,LiNdMg2,-0.45981282194824225,[-0.45981282194824225, -1.293716611468506]
JVASP-157396,SrPmMg2,-0.7938241382476807,[-0.7938241382476807, -1.7988333125946045]
JVASP-157413,NaMg2Au,-1.484231175982666,[-1.484231175982666, -1.6457149406311036]
JVASP-155764,SrLi2Mg2,-1.5941835065719605,[-1.925203027331543, -1.5941835065719605]
JVASP-156318,MgNi2As2,-0.5137607475158692,[-0.5137607475158692]
JVASP-156333,PmMgGe,-0.669918717944336,[-0.669918717944336]
JVASP-156308,MgCd2As2,-0.3497414012786866,[-0.3497414012786866]
JVASP-155757,CaMg2Al2,-0.9769961257812501,[-1.308777155482483, -0.9769961257812501]
JVASP-156295,NaMg2Sb2,0.5256856063964843,[0.5256856063964843, 0.0036630610588073154]
