jid,formula,max_voltage,voltages
JVASP-64664,Ba4NaBi,-1.2042469522628783,[-1.2042469522628783]
JVASP-97915,Ba14Na14LiN6,-1.0777998706970213,[-1.5580628654632567, -1.2381665250930785, -1.2486252329025267, -1.2376073143157957, -1.4012981197509764, -1.0777998706970213, -1.7978866836700438, -1.6033548853073119, -1.4261080763015745, -1.1671589157257078, -1.1090811035308836, -2.3715537330780028, -1.7231109878692625, -2.873188092437744]
JVASP-50332,Na2CuO2,2.5707711437072756,[0.606320784362793, 2.5707711437072756]
JVASP-89025,Na2Si2Se5,0.8185257175292969,[-0.11193783494567866, 0.05780045774841314, -0.033261372772216746, -0.012229993072509715, 0.5288068511810303, 0.45714347151184087, 0.8185257175292969, 0.6684231021728516]
JVASP-1996,NaI,2.3516029575195314,[2.3516029575195314]
JVASP-64584,Ba4NaGe,-0.7276294967803955,[-0.7276294967803955]
JVASP-97570,Na2Cr2O7,3.2980288722839357,[1.8219517925109865, 1.9629029491271974, 2.348705218109131, 3.2980288722839357]
JVASP-1879,NaVO2,0.25712578085327153,[0.25712578085327153]
JVASP-48383,NaFePO4,1.8940939166870119,[1.040423796447754, 1.8940939166870119]
JVASP-64428,Ba4NaRh,-1.2205351135406493,[-1.2205351135406493]
JVASP-44064,Na2CoO3,4.095821068557739,[0.8648080089416504, 1.2550787189331056, 3.4728371360626222, 4.095821068557739]
JVASP-86845,NaLi5N2,-0.937878205505371,[-0.937878205505371]
JVASP-52477,Na2TiO3,5.297636435302734,[-0.5783630153808593, -0.36089856835937495, 3.0059627750244142, 2.4810661533203127, 2.946964667114258, 5.297636435302734, 3.8048924663391115, 5.127740786346435]
JVASP-98932,NaH2SO4,3.948674128326416,[1.6812180736389162, 1.7238539913024904, 1.5231088855590822, 1.6884702899780275, 3.4405378558959963, 3.0960306384887697, 3.948674128326416, 3.771118090423584]
JVASP-38694,NaSrO3,0.9660417297210694,[0.9660417297210694]
JVASP-64005,BaNaSc,-2.117681934562683,[-2.117681934562683]
JVASP-97337,Na3Hg2,-0.511509968963623,[-1.5872162124786375, -1.1898439666900633, -1.2980149528656004, -1.3002656242523192, -1.198935105529785, -1.0631781360778807, -1.383965565887451, -1.101318909851074, -1.232955291000366, -1.2306669494781493, -0.511509968963623, -1.2513933918151854]
JVASP-98174,Na2LiAlP2,0.7911419132080079,[-1.6174541256103514, -1.364640786376953, -1.0955739757690428, -1.126862122741699, -0.039544656005859324, 0.7911419132080079, 0.45554010656738286, -1.0855613491210936]
JVASP-22671,NaCrO2,0.5636533954467774,[0.5636533954467774]
JVASP-49776,Na3CuO2,3.3834977605667116,[-0.6065743705902099, 0.08595435408020025, 1.3600067355957033, 2.0307559230651857, 2.5200736978378298, 3.3834977605667116]
JVASP-53075,NaNdS2,1.4248353698577882,[-0.6403163215789794, 1.4248353698577882]
JVASP-88834,Na3SbTe3,1.5989661672439577,[-0.5412367126617431, -0.41543657991027827, -0.3399098655853271, -0.2837236663970947, 0.05132393625640874, 0.3963635423507691, 1.0976831176605226, 1.2591535308685304, 0.5086997011032105, 1.5989661672439577, 0.6332387783851624, -0.11238492938613887]
JVASP-3117,NaPN2,1.0375446536865236,[-0.2689901134643554, 1.0375446536865236]
JVASP-65071,NaBeBr4,0.2874855258789063,[0.2874855258789063]
JVASP-107784,NaCaLaF6,2.9578470447387697,[2.9578470447387697]
JVASP-48472,Na6CoO4,3.828530237945557,[-0.6248346111450195, -0.6024504444274902, -0.033065869537353465, 0.26911918905639653, 1.4662267425384523, 2.5401074149932863, 3.0866636493530275, 1.8360547283020021, 2.457193062576294, 1.847223923477173, 3.828530237945557, 2.663765833648682]
JVASP-64056,BaNaCd,-2.0345621845397948,[-2.0345621845397948]
JVASP-53444,Na3YCl6,4.554952547821045,[0.32957641867065435, 4.554952547821045, 2.357814834388733]
JVASP-49950,Na2SnO3,3.958176539215088,[0.05634395864868169, 1.5667609432067873, 2.9463690975036623, 2.7708729961242677, 3.4357046344604494, 2.9847487666931154, 3.958176539215088, 3.7200464465942384]
JVASP-42222,Na2BiO3,3.7687427261199953,[0.6246332385864258, 1.4562105396118166, 2.027371809753418, 2.0612825610961916, 2.576805041107178, 2.8266915538635256, 2.943856880935669, 3.7687427261199953]
JVASP-64017,Ba4NaW,-1.2970543644104002,[-1.2970543644104002]
JVASP-98239,NaGe2P3O12,1.9746212222900392,[1.9123234012451173, 1.9746212222900392]
JVASP-43637,Na2O,4.268884108337402,[-0.08067591401672358, 0.9898714282836915, 0.9151663043823243, 2.535310671600342, 4.268884108337402, 4.076203749450683]
JVASP-89042,Na3Co2SbO6,3.266809866699219,[0.11887447622680669, 1.6733350017395021, 3.266809866699219]
JVASP-65111,NaBeIn4,-0.8410745403442382,[-0.8410745403442382]
JVASP-64149,Ba2NaBi,-1.3665544531021117,[-1.3665544531021117]
JVASP-42416,Na4WO4,4.8981389263000485,[-0.7153583309326171, 1.662794516357422, 2.262641356262207, 4.8981389263000485]
JVASP-64958,NaBeGe4,-0.16390986653900141,[-0.16390986653900141]
JVASP-64393,BaNaIn,-2.0399832269821165,[-2.0399832269821165]
JVASP-2148,Na3P,1.9833345272865297,[-0.4282432338867187, -0.4783141157302856, -0.1672511241111755, -0.023058666912078807, -0.1781410119209289, 1.9833345272865297]
JVASP-64689,Ba4NaTa,-0.7857586881790161,[-0.7857586881790161]
JVASP-65035,NaMn4Be,-1.940878464904785,[-1.940878464904785]
JVASP-64211,Ba4NaMo,-0.58576400491333,[-0.58576400491333]
JVASP-63938,BaNaBr,-2.28766955348587,[-2.28766955348587]
JVASP-98841,KNa2AlH6,2.4543976047363283,[-0.6562000057373046, 0.9183344104614258, 0.308682844909668, 2.4543976047363283]
JVASP-64825,BaNaLi,-1.8379653236541746,[-1.8379653236541746]
JVASP-64346,Ba2NaHf,-0.6093620798263549,[-0.6093620798263549]
JVASP-98194,KNaLi2S2O8,2.098852560791016,[1.1239608981933595, 2.0590481021728517, 1.1334385135498048, 2.098852560791016]
JVASP-97397,Na2Nb4O11,2.0121578433837892,[0.6148518779602051, 0.9430989482727051, 1.9072603442993166, 2.0121578433837892]
JVASP-97820,Na2Si2O5,3.9167346217956545,[1.079584524902344, 3.8626646259155275, 2.8478125789489748, 3.9167346217956545, 1.8577894428100588, 2.53879015234375, 1.328061030181885, 1.226029322418213]
JVASP-64767,BaNaMg,-1.8982954761657713,[-1.8982954761657713]
JVASP-98627,Na2Si3H2O8,5.416914866241455,[1.3435157993164064, 1.3668112018432619, 2.0408376911010744, 2.3988823154296877, 5.416914866241455, 5.393532679351806, 4.349255965026855, 3.7187465885009767]
JVASP-91616,Na2HgPb,-0.5644608280334472,[-1.125713898864746, -0.5644608280334472, -1.107049061981201, -1.224544121948242]
JVASP-65089,Na4BeSi,-0.012181713310241649,[-1.916107728210449, -1.364629342285156, -0.1722077867660522, -0.012181713310241649]
JVASP-97399,NaMo3P3O16,2.0788792827453615,[1.824347422393799, 2.0788792827453615]
JVASP-64771,Ba4NaSn,-1.0116810342941283,[-1.0116810342941283]
JVASP-42669,Na8SnO6,9.889520094665528,[-0.15037090989685054, 1.4921750285949709, 1.962866709503174, 2.0677966335144045, 2.0712641933288576, 2.5754493930664064, 4.408132956298828, 9.889520094665528]
JVASP-65126,Na4BeSn,-0.013452126708984324,[-1.8016629955444334, -1.4342904827270506, -0.868321492401123, -0.013452126708984324]
JVASP-97400,K6Na3AlSb4,-0.02554048511123652,[-1.0792358061943053, -1.280219330516815, -0.8501290819320678, -0.44037945481872554, -0.7340862891349792, -0.02554048511123652]
JVASP-64362,Ba4NaSb,-0.7951218626174926,[-0.7951218626174926]
JVASP-42316,Na5CrO4,5.163400814804077,[-0.9547916195068359, -0.7288733265075683, 0.5317792156066895, 0.14942018774414068, 0.6659373500671387, 1.8456258037414552, 1.4174656131591798, 2.1939892032470705, 3.733351395401001, 5.163400814804077]
JVASP-98062,Na4CuAs2O8,3.1969722965087892,[1.4885584571685793, 2.437065050872803, 3.1969722965087892, 2.4705442645874025]
JVASP-42814,Na3Mn5O12,2.533242152008057,[1.891119883331299, 2.533242152008057, 2.4768852451171877]
JVASP-98636,Na2TeH10O8,3.46212475088501,[0.57480089453125, 0.5964245059814454, 0.79601089743042, 0.8216132381286622, 1.994628355773926, 2.081471846374512, 3.450279162200928, 3.46212475088501]
JVASP-88380,NaZrCuS3,0.5105835655059815,[0.007551834854126027, 0.5105835655059815]
JVASP-43076,Na5Li3Ti5O14,5.355948374542236,[-0.5759535572204589, 0.9404043414916993, 1.0306524494018556, 3.987126276763916, 5.355948374542236]
JVASP-97451,Na3Sc2B3O9,7.077458784851074,[-0.04664523812866206, 0.8130854823913575, 2.9061807849731447, 7.077458784851074, 2.259684965881348, 2.553874419006348]
JVASP-98309,NaPO3,5.343460009368896,[1.791569159301758, 3.2010406711425783, 5.343460009368896, 4.223845408233642, 4.383167670043945, 2.391504690917969, 2.1546916225280763, 1.3970231273498537]
JVASP-65093,Na4BePd,0.025385782989502004,[-2.315975024429321, -1.3083503982696532, 0.025385782989502004, -0.39747054788208]
JVASP-64852,Ba2NaTa,-0.8719478389892578,[-0.8719478389892578]
JVASP-90546,NaMg6Nb,-1.3862815639648436,[-1.3862815639648436]
JVASP-64420,Ba4NaTc,-1.2045205375823973,[-1.2045205375823973]
JVASP-64651,Ba4NaPt,-1.3174017212066649,[-1.3174017212066649]
JVASP-42815,Na2VO3,3.1140193202819826,[-0.41148336145019526, 0.5004886844482422, 2.332272455963135, 3.1140193202819826]
JVASP-97312,Na2SrMgP2O8,3.966738150390625,[0.642631933959961, 1.039019987854004, 2.4128870227661134, 3.966738150390625, 3.539966032775879, 3.487468169006348, 2.8261274555053713, 1.76581709173584]
JVASP-49784,NaSbO2,1.4278218009796144,[0.8282253005828858, 1.4278218009796144]
JVASP-97879,RbNa5Be8O11,6.088193342956543,[-0.5573945781860351, -0.699200226989746, -0.3196893474731445, 1.3959993579711916, 1.293053076538086, 2.742058203491211, 2.877985403808594, 6.088193342956543, 5.636243269714355, 3.4001888492431642]
JVASP-97695,Na4Ga2S5,3.163463042053223,[-0.4210371515426635, -0.14240355702972407, 0.037707493576049855, 0.14159195211791997, 0.255848691734314, 0.970467136177063, 1.3938731410827638, 3.163463042053223, 2.6848861434783937, 2.946875975402832, 2.220224306854248, 1.8422652938690187, 1.5863011339035036, 2.067501352104187, 1.1430724122848512, 2.415447995933533]
JVASP-97777,NaNdGa4S8,0.624114916595459,[0.624114916595459, 0.590352938446045, 0.5870889880981446, 0.5474485614624024]
JVASP-98317,NaClO3,3.8264664867248537,[1.8641225555267336, 2.329197571548462, 2.1076335170593263, 3.8264664867248537]
JVASP-60874,Na4CuAs2O8,3.1236936309661867,[1.4353744247283937, 2.412326977523804, 3.1236936309661867, 2.9047207095947267]
JVASP-43535,Na5CoO4,3.1291178920593263,[-0.24169190141296382, 0.1406652191009522, 0.9877785899963379, 1.973686144622803, 2.3523358562316896, 3.1291178920593263, 2.864320681365967, 2.445300028594971, 2.687173292907715, 3.04226915625]
JVASP-49785,Na4MgO3,6.308109329017639,[0.01814501074218755, 1.5022963741149904, 2.1575209358062746, 1.2894674995269777, 2.705345795425415, 1.615872547897339, 3.0449045160140993, 6.308109329017639]
JVASP-91755,KNa3H4,3.097249434265137,[-0.8828821918640136, 3.097249434265137, 0.9989699580993653]
JVASP-98529,NaCoF3,3.745623991760254,[1.7819227435913088, 1.9689220645751955, 3.5479511478271486, 3.745623991760254]
JVASP-87239,Na2CaPO4F,5.888024733337402,[0.3342727878417969, 0.3065914371337891, 0.9661421039428711, 2.019032881530762, 2.073807165893555, 3.85441629675293, 5.888024733337402, 4.513404295715332, 2.895436690124512, 1.8701910236206056, 2.4082226016845705, 1.8516754367675783, 2.792581007751465, 3.184114859375, 3.6322855213012697, 4.123449728759765]
JVASP-90355,NaW2O6,1.7917813518371584,[1.7917813518371584]
JVASP-85675,Na3MgP2HO8,3.066185400756836,[3.0296406009521486, 2.8280719974365236, 3.066185400756836]
JVASP-22563,Na2CN2,2.12944595602417,[-0.29339082452392573, 2.12944595602417]
JVASP-43539,Na3CoO3,3.1018614032592775,[0.28750650671386724, 1.0257324436035158, 1.7157630184020998, 1.1114482143249513, 2.273361847671509, 2.63365475920105, 2.07090799597168, 2.4869703510131838, 2.179243490966797, 2.056464598449707, 1.7256988742675783, 3.1018614032592775]
JVASP-97701,Na4CoO4,3.7279507377471925,[0.5140141704406739, 0.7601451137390137, 1.4205865123596193, 2.709214136871338, 3.3191704013671877, 2.7955021121826173, 2.684480355056763, 3.7279507377471925]
JVASP-98028,Na2Te2O5,2.8322266795959474,[0.901214525970459, 1.2165464618530275, 1.6468114116516115, 1.2576469638671877, 1.3867971160736086, 1.6856581428375246, 2.3025855281677248, 2.8322266795959474]
JVASP-62221,Na4BeAlSi4ClO12,4.374096796783447,[0.8592695453491211, 4.374096796783447, 1.5811986186828615, 2.7844924190368654]
JVASP-65137,Na4BeZn,-0.7990706703338623,[-1.8874166748199461, -1.4321053764495848, -1.3332918426666258, -0.7990706703338623]
JVASP-60893,K2NaAlP2,-1.4414742729339598,[-1.4414742729339598, -1.45388825151062]
JVASP-88389,NaGaSi2O6,1.6472119548645021,[0.7187985637512208, 1.6472119548645021]
JVASP-49787,NaTi2O3,-0.3353000423583984,[-0.3353000423583984]
JVASP-61703,Na4BeAlSi4ClO12,4.381322310241699,[0.8900951602783204, 4.381322310241699, 1.4850639560546877, 2.8431567409362795]
JVASP-97835,NaP5,-0.04849298211669917,[-0.43057210656738276, -0.29043252679443354, -0.5520063182983398, -0.04849298211669917]
JVASP-62895,Na3Sc2B3O9,7.751084730895996,[-0.07186229440307612, 0.3431195476379395, 2.5737261035766603, 7.751084730895996, 2.541456625732422, 2.4084476688232423]
JVASP-97660,Ba14Na14CaN6,-1.0236254474792479,[-1.5889305612716673, -1.5401836177978514, -1.0236254474792479, -1.2580279848251341, -1.5305947801742552, -1.2531705639038084, -1.412377192703247, -1.4626346370849608, -1.6062358162078856, -1.4587660572204588, -1.642329528060913, -2.292532756057739, -1.3517702362213133, -3.021280600753784]
JVASP-98642,Na3GaP2H2O9,3.9319013812866213,[1.304294989379883, 3.202788756164551, 3.3107747295227052, 3.375703738006592, 3.7496294238891603, 3.9319013812866213]
JVASP-98534,Na3ThP3O11,4.120753691467285,[1.1497019985046388, 1.850669787200928, 3.63951151159668, 4.120753691467285, 3.143626616271973, 2.7780460574951173]
JVASP-97413,NaSiBO4,6.26155512121582,[0.6925300815429688, 0.6960367420043946, 2.249800131591797, 4.553437636169433, 6.26155512121582, 3.3830179431762697]
JVASP-64978,NaCaBe2,-1.7447108170661925,[-1.7447108170661925]
JVASP-86110,NaAgC2N2,0.7171167590942383,[0.7171167590942383, 0.6915811755981446]
JVASP-88622,NaPH2O4,5.951841280731201,[1.3984641292419435, 1.9859189250793459, 2.5759610393371584, 5.951841280731201]
JVASP-90358,Na5CoSO2,3.4671186664428713,[-0.48121578904724116, 0.2763027408447266, 1.1175569751586916, 2.7941669681396486, 3.4671186664428713]
JVASP-97662,NaLiH4C2O5,1.4323786952819826,[0.41316358831787114, 0.6447748401489258, 1.067938730987549, 1.4323786952819826]
JVASP-97840,BaNa2V2CuO8,2.3695635059204103,[0.527728483947754, 1.6365999439086916, 1.1042741992797853, 2.3695635059204103]
JVASP-86792,Na2BeH4,1.1321555831756593,[-1.5231037876281737, -1.1533079883728026, -0.7291177055511474, 1.1321555831756593]
JVASP-90825,NaN,-0.15679223748779292,[-1.0726586124572752, -2.2242594501647948, -2.162468507019043, -0.15679223748779292]
JVASP-48407,Na6NiO4,3.652831719192505,[-0.7428291580352783, 0.14448754576110845, 0.5235087135162354, 1.0413924911346437, 2.516528055938721, 0.5380963542785645, 2.2520944335784914, 3.5725571372833254, 3.652831719192505, 0.7648450591888428, 1.5274972179260256, 1.8525900104370119]
JVASP-61264,NaFeBP2H3O10,1.7132109859313966,[1.6887873866882326, 1.7132109859313966]
JVASP-88203,Na3AsS3,2.9429988124694826,[-0.29916055413818354, -0.16745240899658198, -0.11306293222045893, 0.044590876373291066, 0.5475572803344727, 0.7646803119506836, 1.5193380573120119, 1.6370252826538088, 2.9429988124694826, 1.8039049365844728, 1.2231661537017824, 1.2539421775665285]
JVASP-97325,Na2ZnGe,-0.0019140979919433088,[-1.1768224975738524, -0.3301332733306884, -0.0019140979919433088, -0.16334493371582026]
JVASP-62434,Na4BeAlSi4ClO12,4.245448515686035,[0.9098138072814942, 4.245448515686035, 1.7347015598144533, 2.706438944610596]
JVASP-61501,NaCaAsO4,3.814886973175049,[1.2756542423095705, 1.5337814548339845, 3.552015230926514, 3.814886973175049]
JVASP-97901,NaH2CSO4F3,2.5027643897857668,[1.5299939372863771, 1.658871577056885, 2.3378087737884523, 2.5027643897857668]
JVASP-48674,Na2FeO3,3.30137936857605,[0.9719597556915284, 2.170521900924683, 3.30137936857605, 3.17511622694397]
JVASP-86167,Na6ZnSn2,-0.35914476129150386,[-1.2226446411285399, -0.6408327362213134, -0.6838181755218505, -1.0493770382080077, -1.014923646179199, -0.35914476129150386]
JVASP-90551,Na2BiAu,0.1791091420974732,[-1.0044695875320433, 0.1791091420974732, -0.08800645085906977, -0.07449264737701411]
JVASP-62598,NaBOF2,5.764067099365234,[1.6796201923217775, 1.8160852649536134, 4.2359613635864255, 5.764067099365234, 5.712146208557129, 3.793430731567383]
JVASP-42244,Na6FeO4,3.848057196411133,[-0.8765645763549804, 0.13960020330810552, -0.4311414501342773, 1.5339316585388185, 1.3878397205200197, 0.9289368846740723, 2.7337183215942384, 3.848057196411133, 1.8545145252075197, 2.1533235767211916, 1.3162008979644777, 2.7408858993377687]
JVASP-87122,Ba3NaN,-1.1406654855880736,[-1.9041277906570433, -1.1406654855880736]
JVASP-65584,BaNa2Ge,-0.8421524307403564,[-1.403691603866577, -0.8421524307403564]
JVASP-97372,Na2BeO2,69.55861394194031,[-0.8645976326141357, -0.3504727623138427, -0.11353357049560542, 0.982600138458252, 3.2899173953857423, 4.619062350067138, 2.852698490890503, 1.286526844772339, 2.917681858810425, 3.5258537986602785, 3.2608298518981935, 2.649147913726807, 3.005401537689209, 5.433986590179443, 12.72579924848938, 69.55861394194031]
JVASP-42559,Na4CrO3,4.396068976196289,[-1.3836575290832518, -1.2841516277465819, -0.6504064342651367, 0.43141643789672857, 1.0028404453125002, 0.8661255100097657, 2.071264670166016, 4.396068976196289]
JVASP-65546,BaNa2In,-0.7829907676849365,[-1.5188701889190672, -0.7829907676849365]
JVASP-65656,BaNa2Ga,-0.9122942230377197,[-1.5100682518157957, -0.9122942230377197]
JVASP-52571,NaSbO3,3.1483892658081056,[1.2435631015625002, 2.8357357242431642, 3.1048921802368166, 3.1483892658081056]
JVASP-48681,Na14Ni2O9,3.2226635673370363,[-0.4151488086853027, 0.3360089519348145, -0.16493137094116206, 1.0894717433776857, 2.3472813823547365, 0.2987584331359864, 1.7100962856140138, 1.7728277900543215, 3.106503651412964, 2.0339147308197023, 3.2065126159515382, 1.525296376022339, 3.2226635673370363, 2.4023485639419557]
JVASP-88740,Na6FeSe4,1.6263438918914797,[-0.7810962936553955, -0.429253413406372, -0.050346448150634715, 1.0380677440490724, 1.6263438918914797, 0.9394456603851319, 1.2112626293029787, 1.064781592163086, 0.9344610431518555, 1.2694143512573244, 0.5811862209167481, -0.971478059020996]
JVASP-98145,Na3AlP3NO9,6.574785635742187,[1.006220267089844, 0.9898199298706055, 1.0606712558593752, 1.0368684985961916, 1.9328159549560548, 2.7898496845092775, 3.8934191921081545, 4.668104098114013, 6.574785635742187, 4.949169562133789, 4.433606074127197, 4.21737091329956]
JVASP-98344,Na2CrH8O8,2.3536285617675783,[1.00328628805542, 1.0217570522155763, 2.322398588928223, 2.3536285617675783, 1.8747886875000002, 1.7304290988769533, 2.0038160541381838, 2.0147051074829103]
JVASP-86112,KNaB2H8,-0.9450817844543457,[-0.9450817844543457]
JVASP-97374,NaLi3Si6,-1.0074363491210936,[-1.1511717579040526, -1.212916924682617, -1.0074363491210936, -1.1505871555480955]
JVASP-65586,BaNa2Cd,-1.1443458339843748,[-1.3917914173278807, -1.1443458339843748]
JVASP-65159,NaBeFe4,-0.6307261726531982,[-0.6307261726531982]
JVASP-85940,Na2PdSe2O8,3.1834770896759035,[2.6349426963653566, 3.1834770896759035]
JVASP-65657,BaNa2Tc,-0.8810258648071289,[-1.6036422989044188, -0.8810258648071289]
JVASP-91760,NaCd4As3,-0.365513875213623,[-0.365513875213623]
JVASP-98546,NaAlAs2O7,2.6562461116638185,[1.5625590541687013, 1.7202223995056154, 2.279308245452881, 2.6562461116638185]
JVASP-48326,NaLiMnPCO7,1.7184881427612306,[1.3431028583374025, 1.7184881427612306]
JVASP-65236,Na4BeW,0.21018873241806035,[-1.678398623195648, -1.040462388721466, 0.21018873241806035, -1.1150187394294737]
JVASP-62285,NaH12AuC4S4O12,2.482712672027588,[2.482712672027588]
JVASP-86519,KNaNdNbO5,-0.26050908776855464,[-0.6343866130981445, -0.26050908776855464]
JVASP-65392,BaNaMo2,-2.017170502868652,[-2.017170502868652]
JVASP-86113,KNaB2H8,-0.8857150814208984,[-0.8857150814208984]
JVASP-65277,Na4ScBe,-0.6289922735366821,[-1.8641067287597655, -1.1495638630065916, -0.7864551088485717, -0.6289922735366821]
JVASP-98349,NaSn2As2,0.24247746256256109,[0.24247746256256109]
JVASP-69152,BaNa2Mg,-1.1952958843383787,[-1.3243919155273436, -1.1952958843383787]
JVASP-98665,Na2MgInF7,8.237214491638184,[1.9353908756103517, 2.281646178039551, 3.713153288635254, 4.287086890014648, 7.601781771453857, 8.237214491638184, 4.375760481628418, 4.69466583517456]
JVASP-97551,Na2B4H20O17,1.2316197612609865,[0.6593164661254883, 0.7311529376831055, 1.2316197612609865, 1.231447146209717]
JVASP-88413,NaAl6Fe3Si6B3O30F,1.3176631191101076,[1.3176631191101076]
JVASP-97849,Na2Li3CoO4,1.7597691276397707,[0.22613351133728032, 0.19801299360656743, 0.20991794851684575, 0.7075595119323731, 0.6374048450317383, 1.4558047511901857, 1.7597691276397707, 1.6964680412139894]
JVASP-69113,BaNa2Pt,-0.33343835088348384,[-1.4010728141937254, -0.33343835088348384]
JVASP-88041,Na2SrP4O12,3.020887301239014,[1.3401855686035158, 1.4060930469360353, 2.4661549785461427, 3.020887301239014]
JVASP-91961,NaMg6Nb,-1.3043680927429198,[-1.3043680927429198]
JVASP-48330,Na3LiMnBPO7,4.171307013305664,[-0.2650800487670898, 0.7388319232788086, 3.3376759746398927, 2.298501894744873, 4.171307013305664, 1.9368108966674806]
JVASP-91764,NaCO2,0.6045417049255372,[0.4239768245544434, 0.6045417049255372]
JVASP-69115,BaNa2Os,-0.6006559869918823,[-1.5353331110153197, -0.6006559869918823]
JVASP-85945,Na2Si4Cu2O11,2.4396609523620607,[2.431009218963623, 2.4396609523620607]
JVASP-98428,NaB2H5O6,1.6748847225036623,[0.31988613394165044, 0.38336365011596685, 0.44145099905395513, 1.5898188808288576, 1.4648389079895021, 1.6748847225036623]
JVASP-62112,Na4BeAlSi4ClO12,4.279064581665039,[1.000421927246094, 4.279064581665039, 1.415337012084961, 2.912674830230713]
JVASP-86927,Na2La2Ti3O10,3.753210470947266,[3.460120127471924, 3.753210470947266]
JVASP-89347,RbNa2AuO2,1.8553044059600832,[0.22964923170471196, 0.75340835836792, 0.586078093322754, 1.8553044059600832]
JVASP-69201,Ba2NaGa,-1.285780980316162,[-1.285780980316162]
JVASP-86627,NaCaVO4,2.0555123546447756,[0.3107823589172364, 2.0555123546447756]
JVASP-92219,NaTlO2,3.641405985626221,[1.0553464153137209, 3.641405985626221]
JVASP-69001,BaNaLi2,-1.3301580688629149,[-1.3301580688629149]
JVASP-65788,Ba2NaFe,-1.0135590574417113,[-1.0135590574417113]
JVASP-97564,Na5H29I2O24,2.6543800094451906,[0.6253084400024415, 0.7984995105590821, 2.4123121955718996, 2.3799354293670656, 2.6543800094451906]
JVASP-62327,NaAlBP2H3O10,1.7133354404296877,[1.6201156833496095, 1.7133354404296877]
JVASP-88230,NaCoPO4,3.0670341708984377,[1.3027195194091798, 1.8950866916503908, 2.5150436618652345, 3.0670341708984377]
JVASP-65289,Na4BeTc,0.10012833860778814,[-2.2183836242828368, -1.0306926510009764, 0.10012833860778814, -0.4327302715454101]
JVASP-65711,BaNa2Hg,-1.0188475391540526,[-1.3723135730895994, -1.0188475391540526]
JVASP-98086,Ba4Na2CaTi3Si4S2O26,3.510526106628418,[0.0970863559570313, 3.510526106628418]
JVASP-66326,BaNaCr,-1.8608469507369994,[-1.8608469507369994]
JVASP-66166,BaNaZn,-1.9647765895996092,[-1.9647765895996092]
JVASP-62334,Na2Bi5AuO11,2.1835164287414552,[2.1835164287414552, 1.7094034412231447, 1.863994286331177, 1.568549320968628]
JVASP-66290,BaNaLa,-2.3928914806518553,[-2.3928914806518553]
JVASP-69005,BaNaTl2,-1.1344638607177733,[-1.1344638607177733]
JVASP-69208,BaNaHg2,-1.0568626663360594,[-1.0568626663360594]
JVASP-65795,BaNa2Si,-0.6463115355644226,[-1.3783321520957945, -0.6463115355644226]
JVASP-66102,BaNaY,-2.1170095941696165,[-2.1170095941696165]
JVASP-43964,Na3FeO4,4.062444136413574,[1.1171647765960695, 1.4979931571807863, 2.0174659946289064, 4.062444136413574, 3.2644306876983644, 2.6302167632904054]
JVASP-66213,BaNaV,-2.2680682084236143,[-2.2680682084236143]
JVASP-65796,BaNa2Sb,-1.4289184353027342,[-1.4289184353027342, -1.8811505577239989]
JVASP-66255,BaNaTe,-2.976671828952789,[-2.976671828952789]
JVASP-66378,BaNaTa,-2.287211253372192,[-2.287211253372192]
JVASP-87104,NaLiTe,1.498971150192261,[-1.0258057853851317, 0.4124511936035157, 1.498971150192261, 1.0601486423339845]
JVASP-21521,Na6Sn2S7,2.778223679336548,[-0.05188818189239497, -0.01214976522064204, 0.3353624799575806, 0.3139369943466187, 1.5566131332244875, 1.5402399757232668, 1.639352009567261, 2.778223679336548, 2.565906808647156, 2.1409249761428835, 1.9970684507217409, 0.9697201707687378]
JVASP-49896,NaTi2O3,-0.8005777141723632,[-1.1006184360656737, -0.9150172016296386, -0.8129506847534179, -0.8005777141723632]
JVASP-38302,RbNaO3,2.657314584526062,[2.657314584526062]
JVASP-98358,Na3Cu2SbO6,3.584894821914673,[0.7771305301513672, 2.338416502746582, 3.584894821914673]
JVASP-89096,NaSn2P3O12,1.947854445251465,[1.93177168157959, 1.947854445251465]
JVASP-65251,NaBeCo4,1.6080123641815187,[1.6080123641815187]
JVASP-66298,BaNaZr,-2.2322567841682432,[-2.2322567841682432]
JVASP-69127,BaNa2Cd,-1.1200125953826903,[-1.3474744102630614, -1.1200125953826903]
JVASP-63576,Na3As,3.547429011138916,[-0.9136776468429565, -0.8002476236495971, -0.8469043514404296, -0.45315416070556636, -0.3269156953964233, -0.021767809120178172, -0.02147479268646235, -0.5242156526718139, -0.149693562713623, -0.5812109253082275, 0.3663623788681031, -0.3645109674606323, 0.0760221937026978, -0.16309662076568598, 0.8111533382263184, 0.7460061767425538, 0.36250750807189946, 3.547429011138916]
JVASP-86934,NaLaTiO4,2.509497568878174,[0.8207167842712403, 2.509497568878174]
JVASP-65800,BaNa2Ge,-0.8119757911834716,[-1.4345291397247313, -0.8119757911834716]
JVASP-65683,BaNa2Hg,-1.0080729267272948,[-1.3938427707824705, -1.0080729267272948]
JVASP-61805,NaZn4As3,0.03340070036315923,[0.03340070036315923]
JVASP-66614,BaNaBi,-1.8026697179946898,[-1.8026697179946898]
JVASP-86243,NaLi5N2,-0.9133377811584472,[-0.9133377811584472]
JVASP-91969,NaCeS2,1.3790706851806642,[-0.595649316040039, 1.3790706851806642]
JVASP-63442,NaBH4,0.4326454856719971,[-0.6422241470489501, 0.4326454856719971]
JVASP-85686,Na2ZnH4Se2O10,2.825074837478638,[2.015408203872681, 2.825074837478638]
JVASP-63733,Na2AgAs,1.0375764229621889,[-0.9783849856529235, -0.21017159434890742, -0.03848279925918574, 1.0375764229621889]
JVASP-69291,BaNa2Cd,-1.1892147800598143,[-1.3489051601562498, -1.1892147800598143]
JVASP-22724,NaLi2Bi,-0.6870293161544799,[-0.6870293161544799]
JVASP-65717,BaNa2Hg,-1.0421353122863768,[-1.44162280770874, -1.0421353122863768]
JVASP-48416,NaCo3O4,0.5040616252746583,[0.5040616252746583, 0.2937888362731934]
JVASP-43797,NaSnO,2.1033586719360353,[1.2805580356445314, 2.1033586719360353]
JVASP-66071,BaNaNb,-2.0911779544029234,[-2.0911779544029234]
JVASP-66541,BaNaGa,-2.2609010479125975,[-2.2609010479125975]
JVASP-69017,BaNa2Pd,-0.7350869915161132,[-1.1929493686828612, -0.7350869915161132]
JVASP-48688,NaCr4O8,2.006420061859131,[2.006420061859131]
JVASP-65501,BaNaMo2,-1.9978762409362791,[-1.9978762409362791]
JVASP-87962,NaSb3F10,2.878150151046753,[2.666848824295044, 2.878150151046753]
JVASP-89396,NaCdH3C3O6,1.5706752994384767,[0.7895569064941407, 1.5706752994384767, 0.69157974508667, 1.5139359691467287]
JVASP-66546,BaNaSb,-1.8396038553390501,[-1.8396038553390501]
JVASP-69259,BaNa2V,-0.753852441040039,[-1.4075774690780638, -0.753852441040039]
JVASP-65321,BaNa2Zr,-1.4289162895355223,[-1.4289162895355223, -1.846635415283203]
JVASP-85687,Na2SnH6O6,2.3153113582458498,[1.2313577392425539, 2.3153113582458498]
JVASP-66858,NaBeTl,-1.3017013809356688,[-1.3017013809356688]
JVASP-66659,BaNaSn,-2.1698387405548094,[-2.1698387405548094]
JVASP-65760,BaNaTi4,-1.8595271846923827,[-1.8595271846923827]
JVASP-65722,BaNa2Tl,-1.5735098859939574,[-1.5735098859939574, -1.7967571756515501]
JVASP-65576,BaNa2Mn,1.5361965754356386,[-1.3919282099876402, 1.5361965754356386]
JVASP-48692,Na2FeO3,4.176573202880859,[0.43379704740905767, 1.0989481666412355, 3.729255125793457, 4.176573202880859]
JVASP-68982,BaNa2Pt,-0.5391672989997863,[-1.2238059184226988, -0.5391672989997863]
JVASP-68940,Ba2NaCu,-1.1621936103973387,[-1.1621936103973387]
JVASP-42838,Na4MnO4,3.889551565917969,[-0.05072100373840327, 0.46553389814758306, 1.6513933399047853, 1.8654832103576662, 1.364534304412842, 2.284622595581055, 3.3684276798095705, 3.889551565917969]
JVASP-69344,BaNa2Re,-0.8913632175598144,[-1.418851926055908, -0.8913632175598144]
JVASP-69297,Ba2NaSb,-1.3094982645187376,[-1.3094982645187376]
JVASP-89402,Na5P3O10,4.193833277496338,[1.2044996478881838, 3.0725130298461916, 3.139154837402344, 2.9713253238525392, 4.193833277496338, 3.70097915914917, 3.597940371307373, 3.131190226348877, 3.188480780395508, 3.3897966602172853]
JVASP-66689,NaZrBe,-2.0024529239807127,[-2.0024529239807127]
JVASP-66475,BaNaHg,-2.185113026824951,[-2.185113026824951]
JVASP-48693,Na3MnO3,3.6256577232208254,[-0.1650913498077392, 0.334265873703003, 1.7674662330474855, 2.8665401199188234, 2.7281600692596437, 3.6256577232208254]
JVASP-69300,BaNa2Mg,-1.2126179477844237,[-1.3931594631347655, -1.2126179477844237]
JVASP-65649,BaNaSr2,-0.9151621601257324,[-0.9151621601257324]
JVASP-61639,Na4BeAlSi4ClO12,4.458516524108886,[0.7950052478637696, 4.458516524108886, 1.4055504062500002, 2.948997423919678]
JVASP-69105,BaNa2P,-0.661697580543518,[-1.325994922843933, -0.661697580543518]
JVASP-67333,NaBeMo,-2.3205302498016356,[-2.3205302498016356]
JVASP-65652,BaNa2Tl,-1.4714942714843748,[-1.4714942714843748, -1.8983689090881346]
JVASP-69305,Ba2NaBe,-1.2706790706787108,[-1.2706790706787108]
JVASP-1420,Na2Te,1.1496147373046877,[0.6018793442573548, 1.1496147373046877]
JVASP-61109,Na4BeAlSi4ClO12,4.467015669616699,[0.7971996524658204, 4.467015669616699, 1.5938514926757814, 2.7247771480407716]
JVASP-65767,BaNa2Si,-0.6263146540794372,[-1.3983477494392393, -0.6263146540794372]
JVASP-66444,BaNaMn,-2.0209519407424925,[-2.0209519407424925]
JVASP-62190,K6Na3AlSb4,-0.13099171134567256,[-0.9571620366249084, -1.1841892144355772, -1.0123890182647703, -0.7344049951705932, -0.4136330029640197, -0.13099171134567256]
JVASP-66565,BaNaCl,-2.5501739523086546,[-2.5501739523086546]
JVASP-63622,RbNa2AuO2,1.8185157039489748,[0.257444904121399, 0.35735444811248784, 1.018758700164795, 1.8185157039489748]
JVASP-91772,RbNa3H4,2.782536433013916,[-0.8270884296569824, 2.782536433013916, 0.7366017558898926]
JVASP-66365,BaNaPb,-2.019035293785095,[-2.019035293785095]
JVASP-61909,Na4BeAlSi4ClO12,4.3781122424926755,[0.8835581996765137, 4.3781122424926755, 1.412749693664551, 2.9237751224365236]
JVASP-50342,NaCu3O4,1.3763193347778322,[1.0746225574340822, 1.3763193347778322]
JVASP-67578,NaCaBe,-1.1296220562133787,[-1.1296220562133787]
JVASP-89132,Na3NbO4,3.300389216217041,[-0.7616463443908691, 0.12266247061157232, -0.1985383770141601, 1.2452253558959963, 2.404463217529297, 3.108808920654297, 3.300389216217041, 1.5436343410339357, 1.9341925838317873, 3.298841402801514, 2.1212968089904787, 3.1479520061340334]
JVASP-69186,BaNa2P,-0.6627698084983825,[-1.3258360764656065, -0.6627698084983825]
JVASP-67581,NaBePt2,-0.8784623882446289,[-0.8784623882446289]
JVASP-91819,NaGaTe2,-0.07699908229446406,[-0.17564155074691767, -0.07699908229446406]
JVASP-48695,Na2MnO3,4.851316855224609,[0.7021126010742188, 2.1407379367675783, 1.7809643009033205, 1.7526401737060548, 3.008286402496338, 2.6189231136169435, 4.851316855224609, 4.427904532226562]
JVASP-42842,Na14Co2O9,5.121010706695556,[-0.667280986038208, -0.02688200685119624, -0.4168313285980224, 0.9722177245941163, 2.3810993888702394, -0.048220946517944285, 1.5642244079437257, 2.3676346996154787, 2.8363484599914552, 2.845082686218262, 3.80942003515625, 2.0338539340820314, 1.9350847461547853, 5.121010706695556]
JVASP-66678,BaNaMo,-2.3268094799194334,[-2.3268094799194334]
JVASP-69359,BaNa2Ca,-0.8619228145751953,[-1.3709212085876463, -0.8619228145751953]
JVASP-67657,Na2BeIr,1.7327584483947756,[-1.6086564800415037, 1.7327584483947756]
JVASP-67857,NaMgBe,-1.5426495811614989,[-1.5426495811614989]
JVASP-67583,NaBeIn,-1.499394967285156,[-1.499394967285156]
JVASP-85753,NaLiCO3,1.9122151592102052,[1.9122151592102052, 0.13849060324096685, 0.1814662673797608]
JVASP-88251,NaInSi2O6,3.0560850360717775,[1.0904335239257814, 3.0560850360717775]
JVASP-67446,NaBeBr,-1.1118899128112791,[-1.1118899128112791]
JVASP-63341,Na2BiAu,0.22781913069152837,[-0.9982116958770751, 0.22781913069152837, -0.1851324579391479, -0.031101896492004344]
JVASP-1297,Na2Se,1.523312733444214,[0.8366690137710572, 1.523312733444214]
JVASP-87874,NaZr2TiF11,1.1001972415771486,[1.1001972415771486]
JVASP-42339,Na2Co2O3,2.9915010192718507,[-0.1738506099853515, 0.39210932043457036, 0.7850529411163331, 0.8985511520233155, 2.2593526103820802, 2.798860953125, 2.3599044540252687, 2.9915010192718507]
JVASP-63155,Na3As,3.772114918502808,[-0.8218487045440673, -1.0541091701660155, -0.8042436382446289, -0.5570433876190185, -0.3539745947990417, -0.4858344933662414, 0.6703640082206727, -0.48609758826828, -0.1677510282669067, -0.21289916249847407, 0.47979287889862066, 0.7766402223434449, -0.12901510211563105, -0.37022389384841914, -0.3980652830276489, 0.11334531095886236, 0.7165178516235352, 3.772114918502808]
JVASP-85691,Na2HfH6O6,2.533264086517334,[0.7908481815185547, 2.533264086517334]
JVASP-63813,Na2BiAu,0.22771959093475347,[-0.9840908786926269, 0.22771959093475347, -0.1805867693099975, -0.03779180261230464]
JVASP-62553,NaCaBe2B2O6F,0.11334793356323247,[0.07145588186645513, 0.11334793356323247]
JVASP-67742,NaMnBe2,-1.955735757080078,[-1.955735757080078]
JVASP-68541,Na2BeFe,-1.8767585298690794,[-1.8767585298690794, -2.0274030706558226]
JVASP-67051,NaTaBe,-2.045429780212402,[-2.045429780212402]
JVASP-68846,NaY2Be,-2.8923071167144774,[-2.8923071167144774]
JVASP-68298,NaBeSi2,-1.928941323486328,[-1.928941323486328]
JVASP-66974,NaTaBe2,-2.0534196636352537,[-2.0534196636352537]
JVASP-14880,NaHg,-0.596513106552124,[-1.4597268840942381, -1.03624589654541, -0.596513106552124, -1.2782552978668211]
JVASP-68781,Na2TiBe2,-1.6791449329528807,[-2.459191157546997, -1.6791449329528807]
JVASP-62662,NaBH8N2,0.8444065311279297,[-0.5911994716796874, -0.35886914941406245, -0.0029655239257811994, 0.8444065311279297]
JVASP-73473,NaTiBe2,-0.1508609792861938,[-0.1508609792861938]
JVASP-67370,NaBeV,-2.485314442840576,[-2.485314442840576]
JVASP-89178,Na4IrO4,3.7546135642852785,[0.44728033331298833, 2.3856467464294435, 3.4301366069641115, 3.7546135642852785]
JVASP-63821,Na2BiAu,0.10037009504699712,[-1.0216496727142332, 0.10037009504699712, 0.020265684398651174, -0.08135773154830928]
JVASP-48708,Na2CoO3,2.953117296966553,[1.363541529449463, 2.3630971172180177, 2.953117296966553, 1.2740954616394045]
JVASP-68488,NaBe2Sn,-0.9952020189437866,[-0.9952020189437866]
JVASP-68423,NaTaBe,-2.123467519012451,[-2.123467519012451]
JVASP-68786,Na2BeMo,-2.1895812294158934,[-2.1895812294158934, -2.192256762710571]
JVASP-88283,Na2ZnP2O7,5.52741091040039,[2.1246628024902345, 4.8543342807617185, 5.52741091040039, 3.7005695560302736, 2.428680346282959, 3.093665049346924, 3.6963695743408205, 3.3099750736083986]
JVASP-62567,BaNaB9O15,0.9797367313232422,[0.9353365161743165, 0.9797367313232422]
JVASP-89614,NaHgCl3,2.5832244613494875,[1.6471388795700075, 1.4578074672546388, 2.5832244613494875, 2.32492570665741]
JVASP-63696,Na3AsS3,3.1953736999359132,[-0.31878168794250483, -0.2480810424957275, -0.1259206077728271, -0.11339600297546382, 0.8894616821136475, 1.693765328201294, 1.0536908367004396, 1.4375905254211427, 3.1953736999359132, 1.8661739089813234, 1.3898472049560548, 0.5180644252624512]
JVASP-86539,Na2PdSe2O8,3.1848553874816896,[2.6378673770751955, 3.1848553874816896]
JVASP-42758,Na2CoO3,3.059079096588135,[1.2327532031860353, 2.045273707183838, 0.8990513542022706, 2.2247559287872316, 3.059079096588135, 1.714563772949219, 2.6311306217041017, 1.2854155757751466]
JVASP-88075,Na3EuC3O9,3.6760138728942873,[0.30810825613403325, 1.196274683746338, 1.287043020996094, 1.8553194263305666, 2.3483123042907716, 3.6760138728942873]
JVASP-67071,NaBeGa,-1.9910953781280516,[-1.9910953781280516]
JVASP-43807,Na7NbO6,7.027767584594726,[-0.6912835380706787, 0.9692980506744385, 1.7932137706604006, 1.9749268749084474, 3.2912322738494875, 4.2788759925689694, 7.027767584594726]
JVASP-67591,NaMnBe,-2.838059737411499,[-2.838059737411499]
JVASP-66751,NaBe2Pd,-1.8532653591308592,[-1.8532653591308592]
JVASP-68247,NaSc2Be,-1.4945762893829344,[-1.4945762893829344]
JVASP-67988,Na2BeGe,0.8472663023796082,[-1.4284107825431822, 0.8472663023796082]
JVASP-88682,Rb3NaPbO4,0.9865645625915528,[0.14924542692565923, 0.22233550337219243, 0.8633107402648926, 0.9865645625915528]
JVASP-43660,NaNiPO4,3.2963880756225588,[1.3238534190979006, 2.744720385345459, 1.9564031818237306, 3.2963880756225588]
JVASP-68561,NaBePd,-1.8094664356384276,[-1.8094664356384276]
JVASP-68323,NaYBe2,-0.9611056587371826,[-0.9611056587371826]
JVASP-42760,Na2VO3,3.129591391357422,[-0.37185390206909175, -0.3187771579895019, -0.1317344448242187, 0.20725862768554693, 1.7882599094238283, 2.8868011691894533, 2.993544028076172, 3.129591391357422]
JVASP-22711,Na3VO4,2.3128484943237306,[0.22259943273925786, 2.3128484943237306, 1.5442342021789552]
JVASP-50348,NaSmO2,0.5857009151306153,[0.5857009151306153]
JVASP-91780,NaZn4As3,-0.11027796479797358,[-0.11027796479797358]
JVASP-92182,Rb3NaH4,-1.5759378215942381,[-1.5759378215942381]
JVASP-90160,Na2TcF6,3.1426629283752443,[2.0095667102661134, 3.1426629283752443]
JVASP-68387,NaBe2Ru,-2.062019421783447,[-2.062019421783447]
JVASP-86544,Na2Si4Cu2O11,2.4390200832214357,[2.433508799346924, 2.4390200832214357]
JVASP-75692,NaVAs,-0.7708237907562255,[-0.7708237907562255]
JVASP-68443,NaBe2Pt,-2.232377841201782,[-2.232377841201782]
JVASP-67993,NaBeV2,-3.5008135578308104,[-3.5008135578308104]
JVASP-67879,Na2BeIn,-0.24415750714874263,[-1.4087814829025267, -0.24415750714874263]
JVASP-68744,NaBe2Tc,-1.9477327606353758,[-1.9477327606353758]
JVASP-86769,Na6ZnSn2,-0.6028817436370849,[-1.2196210167083739, -0.652616336074829, -0.629911257949829, -1.0906720897827147, -0.7736359378967285, -0.6028817436370849]
JVASP-68139,Na2BeBi,0.9387868502464295,[-1.5606603762779234, 0.9387868502464295]
JVASP-86711,NaAgC2N2,0.7164959171142579,[0.6988777377929688, 0.7164959171142579]
JVASP-90893,Na5LiN2,0.8012453773345948,[-1.015043332305908, -0.28733737680053706, -0.06080396386718745, 0.13633959082031255, 0.8012453773345948]
JVASP-68255,Na2LaBe,0.1529572465744019,[-1.829534961906433, 0.1529572465744019]
JVASP-68325,NaSc2Be,-3.2721906444702147,[-3.2721906444702147]
JVASP-75579,NaTcAs,-0.7713573715362548,[-0.7713573715362548]
JVASP-1387,Na2O,13.832999632629395,[0.6217492082443238, 13.832999632629395]
JVASP-67996,Na2BeCu,0.9031002977218628,[-1.4085297128829954, 0.9031002977218628]
JVASP-90521,Na4PtO4,2.8507436969604494,[0.9100288608398438, 1.7486719348754884, 2.8507436969604494, 1.3452271678771974]
JVASP-91931,K3NaH4,-1.4601780912551878,[-1.4601780912551878]
JVASP-73288,NaBe2Pt,-1.4652148029479979,[-1.4652148029479979]
JVASP-68683,Na2BeCl,2.19010166910553,[-1.4605483553085326, 2.19010166910553]
JVASP-86190,Na2BeH4,1.1631244876708986,[-1.5256181499633787, -1.1528945705566405, -0.7583537838134765, 1.1631244876708986]
JVASP-14117,NaBH4,1.7318929889526369,[-0.9562133094940185, -0.9344452163848876, -0.9226613781127929, 1.7318929889526369]
JVASP-88462,Na2UO4,2.916186259063721,[1.2269148090209963, 2.916186259063721]
JVASP-86713,KNaB2H8,-0.9520509979400634,[-0.9520509979400634]
JVASP-67682,NaScBe,-1.649104430404663,[-1.649104430404663]
JVASP-67764,NaBeP2,-0.7167604705963134,[-0.7167604705963134]
JVASP-50351,Na3AsO4,3.587878630432129,[0.717493937286377, 2.3520540454711916, 3.587878630432129, 3.4309043147888185, 3.5751096465911867, 2.917285607131958]
JVASP-88311,Na2PHO4,6.0904769161071775,[0.953124926361084, 1.3417443492736818, 3.1720403888549806, 5.179934904846191, 6.0904769161071775, 3.57848160055542, 2.9990991809692384, 1.834965155395508]
JVASP-86954,TbNaO2,2.978249476226807,[-1.049598767486572, 2.978249476226807]
JVASP-91694,NaTl,-0.908724381652832,[-1.2421842357788084, -1.4456210872802733, -1.1644178173217772, -0.908724381652832]
JVASP-89884,Na2P2PdO7,3.993691847595215,[2.0587939479675295, 3.5025567272033693, 3.993691847595215, 3.797170088562012]
JVASP-85352,NaMoF6,2.463437245162964,[2.463437245162964]
JVASP-91734,Na2MgPb,0.3526686885681153,[-1.3167463085327147, -1.038487984863281, -0.6944733402404785, 0.3526686885681153]
JVASP-87091,K3NaSe2O8,2.248152182373047,[2.248152182373047]
JVASP-75517,NaReAs,-0.9849508545074462,[-0.9849508545074462]
JVASP-92240,NaBiS2,1.5529016712036134,[0.318204329284668, 1.5529016712036134]
JVASP-67683,NaBeBi,-0.7056215545806884,[-0.7056215545806884]
JVASP-68574,Na2MnBe,-0.7021675846252441,[-1.945329262939453, -0.7021675846252441]
JVASP-48431,NaNi2O3,1.1583615997161867,[1.1583615997161867]
JVASP-67600,NaBeRu2,-1.6253352901611327,[-1.6253352901611327]
JVASP-3501,Na2PtO2,2.201926873001099,[0.37629644659423833, 2.201926873001099]
JVASP-67767,NaBe2Mo,-1.5739825508270262,[-1.5739825508270262]
JVASP-68516,Na2BeBr,1.1686196186866762,[-1.4416650674018858, 1.1686196186866762]
JVASP-67684,NaBeBr,-0.7314701816711425,[-0.7314701816711425]
JVASP-86424,NaNbO2,1.1879648425903322,[0.438652441772461, 1.1879648425903322]
JVASP-67890,Na2CaBe,-1.1725307247314452,[-1.5177956363830565, -1.1725307247314452]
JVASP-68405,NaBeSn2,-1.4530777475509642,[-1.4530777475509642]
JVASP-86714,KNaB2H8,-0.871739461151123,[-0.871739461151123]
JVASP-67842,NaBe2Ru,-1.8550275108489989,[-1.8550275108489989]
JVASP-67686,NaBe2Co,-2.368072583404541,[-2.368072583404541]
JVASP-67517,NaBe2Bi,-1.2186181089553831,[-1.2186181089553831]
JVASP-68457,NaBe2Os,-1.8710084697875975,[-1.8710084697875975]
JVASP-90804,NaTl,-1.0398216983947752,[-1.5178592941436766, -1.1887434265289305, -1.0398216983947752, -1.3997789165649412]
JVASP-68337,NaBeTl2,-1.470961644378662,[-1.470961644378662]
JVASP-87896,Ba3NaSi23,-2.3901620647583006,[-2.527915074554443, -2.3901620647583006]
JVASP-67945,Na2LiBe,-0.3974587461624145,[-1.5448617479476927, -0.3974587461624145]
JVASP-48488,NaNiPO4,2.581556723388672,[1.978559897216797, 2.581556723388672]
JVASP-1909,NaInSe2,0.8095152833786011,[0.8095152833786011]
JVASP-89227,NaTh2F9,1.1722106197204591,[1.1722106197204591, 0.5002602794494629]
JVASP-50414,NaSn2O4,1.7722923019256593,[1.4645129897918703, 1.7722923019256593]
JVASP-75486,NaLiAs,-0.30120666238403315,[-0.30120666238403315]
JVASP-70194,NaBe2Cu,-2.0246132156524657,[-2.0246132156524657]
JVASP-69644,NaBe2Rh,-2.4884782573852537,[-2.4884782573852537]
JVASP-68161,Na2HfBe,0.641374872001648,[-1.437961532798767, 0.641374872001648]
JVASP-22726,Na2TlSb,-0.07453973504638667,[-0.2501161834869384, -0.07453973504638667]
JVASP-67607,NaBeGe,-1.1798758051071165,[-1.1798758051071165]
JVASP-88799,Na2TeO4,3.3576714256134035,[1.724528954299927, 3.3576714256134035, 3.095879004272461, 3.18047134664917, 3.138603136810303, 2.4124407031860353, 2.5848046996917726, 1.9745523193206789]
JVASP-69646,NaBe2Ir,-2.8224433204803465,[-2.8224433204803465]
JVASP-75712,NaAsIr2,-1.0592871448669432,[-1.0592871448669432]
JVASP-53921,Na2LiAlH6,0.6845483043518067,[-1.4108734867248534, 0.6845483043518067]
JVASP-67692,NaBeW2,-1.6058431408081053,[-1.6058431408081053]
JVASP-48497,NaMnO4,3.146047041687012,[2.034858153137207, 3.146047041687012]
JVASP-68078,NaBeRh2,-1.3258462688598631,[-1.3258462688598631]
JVASP-90807,NaAsF6,3.4681174018707277,[3.4681174018707277]
JVASP-69876,NaLiBe2,-1.5389471790466307,[-1.5389471790466307]
JVASP-70572,NaBe2Mo,-2.057244851318359,[-2.057244851318359]
JVASP-96441,Na2LiB5P2O14,3.6143388011779787,[0.8574899890747071, 0.9898838260498047, 2.3894147136535646, 3.6143388011779787]
JVASP-67850,NaBeMo,-2.4049421093139647,[-2.4049421093139647]
JVASP-67776,NaBeTc2,-1.805657460418701,[-1.805657460418701]
JVASP-70732,NaBe2Cr,-1.8297370216522215,[-1.8297370216522215]
JVASP-69942,NaBe2Ge,-1.648762061325073,[-1.648762061325073]
JVASP-87168,Na2ZrNiP4O14,3.378562853607178,[2.5279292323913576, 3.378562853607178]
JVASP-91322,Na2CaV4O12,4.861143038543701,[0.9997343280639649, 1.0390600421752931, 3.5790442684020998, 4.861143038543701]
JVASP-70357,NaMgBe2,-0.6134136459503173,[-0.6134136459503173]
JVASP-91936,NaTeO6,3.408759043487549,[3.408759043487549]
JVASP-67650,NaBeGa,-1.3213650724563597,[-1.3213650724563597]
JVASP-67613,Na2BeCo,0.41416947630310064,[-1.5692979833755492, 0.41416947630310064]
JVASP-48441,NaMn2O4,1.4767679431762697,[1.1620706775512697, 1.4767679431762697]
JVASP-70290,NaBe2Cu,-1.3939810535583494,[-1.3939810535583494]
JVASP-85920,KNaNdNbO5,-0.25986869546508784,[-0.6343899509582519, -0.25986869546508784]
JVASP-70662,NaBe2Pd,-2.4458657047424315,[-2.4458657047424315]
JVASP-70771,NaSrBe2,-1.3261678359184264,[-1.3261678359184264]
JVASP-68027,Na2MnBe,0.663129136833191,[-1.393114998069763, 0.663129136833191]
JVASP-105613,K2NaAuCl6,1.094392941268921,[1.094392941268921]
JVASP-68284,Na2BeFe,0.655709908279419,[-1.5926184198532103, 0.655709908279419]
JVASP-71324,NaBe2Pb,-1.2353851339492796,[-1.2353851339492796]
JVASP-88814,Na2Si4Cu5O14,1.8527950504150392,[1.4238411643829347, 1.8527950504150392]
JVASP-105684,Rb2NaSbI6,-0.08639819833374018,[-0.08639819833374018]
JVASP-70773,KNaBe,-1.6042524120483397,[-1.6042524120483397]
JVASP-71392,Na2BeCo,-1.662602736679077,[-1.662602736679077, -2.1350119850311278]
JVASP-85435,RbNa2NiO2,2.6938764312591554,[-0.34443695756530757, 2.6938764312591554]
JVASP-69666,NaBe2Fe,-3.0950446865234373,[-3.0950446865234373]
JVASP-3798,NaBiF6,3.5867933490600588,[3.5867933490600588]
JVASP-71326,NaBeRu,-2.221900536743164,[-2.221900536743164]
JVASP-85781,NaH4IO2,2.6978267886962892,[0.8976992824401856, 2.6978267886962892]
JVASP-69838,NaMnBe2,-1.6112364074859618,[-1.6112364074859618]
JVASP-70740,NaBeV2,-2.6356359264526366,[-2.6356359264526366]
JVASP-94230,NaMg6Co,-1.4864562294158934,[-1.4864562294158934]
JVASP-70523,NaLiBe2,-2.26372392388916,[-2.26372392388916]
JVASP-71070,Na2BeBi,-1.249291493621826,[-1.249291493621826, -1.7231627247009276]
JVASP-70888,NaBePd2,-1.0306194564971922,[-1.0306194564971922]
JVASP-71712,NaBe2Si,-1.6946688434753416,[-1.6946688434753416]
JVASP-71362,Na2BeGe,-1.4838428041610716,[-1.4838428041610716, -1.9824037096176146]
JVASP-75877,NaAsP,-0.8525650045547485,[-0.8525650045547485]
JVASP-70240,NaBe2Cr,-2.840416505065918,[-2.840416505065918]
JVASP-71771,NaTaBe2,-1.979229523864746,[-1.979229523864746]
JVASP-91250,Na2BeGeO4,5.232674048217773,[0.15537159231567388, 0.4457768657531739, 0.9191536166992188, 2.0410703876342775, 5.232674048217773, 4.9599651553955075, 3.37167064932251, 3.130126879486084]
JVASP-70316,NaCaBe,-1.137964679924011,[-1.137964679924011]
JVASP-96477,NaLuCl4,2.6275362232055666,[0.5690616824951172, 1.2602810123291017, 1.1945080020751955, 2.6275362232055666]
JVASP-71333,NaBe2Tc,-1.9469097397003172,[-1.9469097397003172]
JVASP-105619,K2NaNdCl6,0.09799425390625005,[0.09799425390625005]
JVASP-71564,Na2BeGe,-1.4762309333953856,[-1.4762309333953856, -1.9857309600982664]
JVASP-71600,NaBe2Se,-1.0429085037384032,[-1.0429085037384032]
JVASP-69852,NaBe2Ga,-1.6606383464012144,[-1.6606383464012144]
JVASP-70252,NaBe2Te,-1.2346659443054198,[-1.2346659443054198]
JVASP-70929,NaBe2Pd,-2.5054567596588133,[-2.5054567596588133]
JVASP-69916,NaBe2Cr,-2.3602426788482664,[-2.3602426788482664]
JVASP-70254,NaBe2Si,-2.019054963317871,[-2.019054963317871]
JVASP-71077,NaBe2V,-1.8089519283447264,[-1.8089519283447264]
JVASP-90917,NaMg2Tl,-1.466266944137573,[-1.466266944137573]
JVASP-70544,NaBe2Tc,-0.9402175686035156,[-0.9402175686035156]
JVASP-70702,NaBe2In,-1.1046819231185911,[-1.1046819231185911]
JVASP-71115,NaBeMo4,-0.25127847406005854,[-0.25127847406005854]
JVASP-71260,Na2HfBe,-1.7282725116882323,[-2.1220832607421873, -1.7282725116882323]
JVASP-94138,NaMg6Co,-1.9184602043304442,[-1.9184602043304442]
JVASP-69523,NaMgBe2,-1.818820609775543,[-1.818820609775543]
JVASP-105622,Na2GaAuF6,1.8036808231201173,[0.6805416801300049, 1.8036808231201173]
JVASP-74259,NaBe2Sn,-1.539392664161682,[-1.539392664161682]
JVASP-70324,NaMnBe2,0.47358886984252935,[0.47358886984252935]
JVASP-70969,Na4SrBe,-1.074850632873535,[-1.8464856884155272, -1.515933110443115, -1.074850632873535, -1.6747728130493162]
JVASP-74211,NaBe2Ru,-1.940303160873413,[-1.940303160873413]
JVASP-71219,Na2BeBr,0.716484473022461,[-0.402742936340332, 0.716484473022461]
JVASP-71266,Na2BeHg,-1.4530308983001707,[-1.4530308983001707, -1.9282053253326414]
JVASP-69622,NaHfBe2,-1.692768170562744,[-1.692768170562744]
JVASP-105623,NaLi2AlF6,1.5779051044311525,[1.5779051044311525]
JVASP-95474,Yb2NaLiF8,2.9998339870300295,[2.9998339870300295, 2.723132059844971]
JVASP-50362,BaNa4O3,5.153016493591308,[-0.6382394573364257, -0.2641683361206054, 1.3808159091796877, 3.6597255924072267, 1.531050131591797, 1.33973066595459, 2.632584021362305, 5.153016493591308]
JVASP-70791,Na2BeBr,0.7123610236968995,[-0.39597923966979975, 0.7123610236968995]
JVASP-91476,NaI3O8,3.172259733947754,[2.531670019897461, 3.172259733947754]
JVASP-70264,NaBe2Tc,-3.3398762485656737,[-3.3398762485656737]
JVASP-70793,NaBeSi2,-1.223107173171997,[-1.223107173171997]
JVASP-52803,NaCaFe2Si4O12,1.7591747501220705,[1.7591747501220705]
JVASP-69796,NaMgBe2,-1.8100282690200804,[-1.8100282690200804]
JVASP-71664,NaZrBe,-1.833420469490051,[-1.833420469490051]
JVASP-70627,NaBeHg,-1.060955598083496,[-1.060955598083496]
JVASP-71417,Na2BeIr,-1.1786838314208983,[-1.1786838314208983, -2.4610305568847655]
JVASP-71274,NaBe2Se,-1.0440760395202635,[-1.0440760395202635]
JVASP-94763,NaMg6Al,-1.6960427305374144,[-1.6960427305374144]
JVASP-96500,Na2WO2F4,5.092011854919433,[1.5993198612060548, 4.406509802612304, 1.6717981555786134, 5.092011854919433, 2.500903532775879, 2.4606374957885744, 2.6653331973876955, 2.898899481567383]
JVASP-70938,NaBePd2,-1.0303660175476073,[-1.0303660175476073]
JVASP-70757,NaZr2Be,-1.7764712116394041,[-1.7764712116394041]
JVASP-63905,Ba4NaOs,-1.2659122488174437,[-1.2659122488174437]
JVASP-94418,NaAlSi4,-1.0337756416473387,[-1.0337756416473387]
JVASP-70273,NaHfBe,-1.8205669662628172,[-1.8205669662628172]
JVASP-70106,NaBe2Cl,-0.6690660855445861,[-0.6690660855445861]
JVASP-71224,NaBeNi2,-1.5863836548004149,[-1.5863836548004149]
JVASP-42800,Na3NiO2,2.478743002685547,[-0.8438955089721679, -0.12018926354980464, 1.097177193435669, 2.045473263534546, 2.478743002685547, 1.9374918201293947]
JVASP-3504,NaInTe2,0.9398767211761475,[-0.4031852028045654, 0.9398767211761475]
JVASP-71276,Na2BeHg,-1.451705291000366,[-1.451705291000366, -1.9283977291259764]
JVASP-105625,K2NaMoI6,-0.05324824067687983,[-0.05324824067687983]
JVASP-53095,NaLiZnP2O7,4.424512312683105,[2.6464590289916994, 4.424512312683105]
JVASP-74313,Na2BePb,-0.25035031053161616,[-1.25367434236145, -0.25035031053161616]
JVASP-74613,NaSrBe2,-1.4946569940719603,[-1.4946569940719603]
JVASP-52408,NaCu2H2Se2O10,2.768618033203125,[2.768618033203125]
JVASP-91478,NaIO3,4.071946547302246,[2.18726484564209, 2.904772684844971, 2.526122973236084, 4.071946547302246]
JVASP-99058,NaNbO3,3.8336657741394045,[-0.01192100259399409, 3.8336657741394045, 3.1856531360473634, 2.5787224033203127]
JVASP-74615,K2NaBe,-1.6164961597595213,[-1.6164961597595213]
JVASP-70348,NaLaBe2,-0.8239854118499755,[-0.8239854118499755]
JVASP-71277,Na2CaBe,-1.5323575279388426,[-1.5323575279388426, -1.5958722374114989]
JVASP-74700,NaBe2P,-2.120387627807617,[-2.120387627807617]
JVASP-71352,Na2CaBe,-1.5326813003692625,[-1.5326813003692625, -1.5905724308166502]
JVASP-74266,Na2TiBe2,1.1197584727134706,[-2.9872571370277403, 1.1197584727134706]
JVASP-105626,Na3SbI6,1.1929690101470949,[-0.6184477350387573, 0.4586928346481324, 1.1929690101470949]
JVASP-70761,KNa2Be,-1.394660546508789,[-1.7126036426696776, -1.394660546508789]
JVASP-74222,Na2TaBe,-0.13278217527008052,[-1.2597755930099486, -0.13278217527008052]
JVASP-70723,NaCaBe2,-1.6620226642761229,[-1.6620226642761229]
JVASP-71466,Na2MgBe,-1.6924427292022703,[-1.6924427292022703, -1.7433825275573729]
JVASP-75041,Na2BeP,0.4443097570266724,[-0.8230433008346557, 0.4443097570266724]
JVASP-95206,NaLiSO4,6.0886601665344235,[1.3289140918579103, 1.7425798633422853, 2.956934378417969, 2.0886329868164064, 4.5988177516784665, 6.0886601665344235]
JVASP-74395,NaBeBi2,-1.0681167385253905,[-1.0681167385253905]
JVASP-14130,NaSn2Cl5,1.5335447051849367,[0.8938646772232056, 0.9903731801834107, 1.5303992488708498, 1.5335447051849367]
JVASP-71540,Na2BeIn,-1.4948597690734862,[-1.4948597690734862, -1.9649654171142577]
JVASP-71089,NaBe2Pt,-2.6810789844665526,[-2.6810789844665526]
JVASP-92602,NaMoO3,1.8127941348876955,[1.8127941348876955]
JVASP-71585,Na2LiBe,-1.3406670829925535,[-1.578414036956787, -1.3406670829925535]
JVASP-71500,NaSr2Be,-1.3616207382354735,[-1.3616207382354735]
JVASP-74851,Na2BeW,0.7920417049255372,[-2.1682749530944823, 0.7920417049255372]
JVASP-91481,Na3Fe5O9,2.2877272823181154,[0.8972920635070801, 0.8430575588073731, 1.8935350635375978, 1.9034799793090822, 1.2862328746643068, 2.2877272823181154]
JVASP-93143,NaMg6Si,-1.3152180454406737,[-1.3152180454406737]
JVASP-71163,KNaBe2,-1.856279208389282,[-1.856279208389282]
JVASP-71900,NaBePb,-1.4740091106567381,[-1.4740091106567381]
JVASP-93056,NaMg6Ga,-1.5740803024444578,[-1.5740803024444578]
JVASP-94246,NaMg6Fe,-1.762930228439331,[-1.762930228439331]
JVASP-50365,BaNa4O3,3.9697245815124513,[-0.47277577134704585, 0.14953343656921392, -0.5087161800537109, 3.511268065246582, 2.149103329452515, 1.6502849319305422, 2.415686056884766, 3.9697245815124513]
JVASP-1858,NaCoO2,1.2163676479187013,[1.2163676479187013]
JVASP-95208,Na2CuH4O4,3.5604180553283693,[0.8714813449707032, 0.8541487911071778, 1.0867692687835695, 1.1749364593353273, 2.1829611518707277, 2.924159214767456, 3.370060847076416, 3.5604180553283693]
JVASP-74583,NaBeCl2,0.8451201179351807,[0.8451201179351807]
JVASP-3312,Na2CuAs,1.0751560786094667,[-1.144872262207031, -0.34258992883300776, 0.7944216587867737, 1.0751560786094667]
JVASP-93144,NaMg6Si,-1.3498929283294676,[-1.3498929283294676]
JVASP-2005,NaH,1.5505758979644777,[1.5505758979644777]
JVASP-91423,Na3LuSi2O7,5.903831885131836,[-0.08186538430786128, 0.21441356924438482, 0.5588478305664063, 0.46414606359863286, 1.5658902385559084, 5.7344378688659665, 5.903831885131836, 2.145213530334473, 1.4363583782043459, 1.3298768260803224, 0.6585101344909668, 1.0758485057678224, 1.6307090976562502, 1.3031982639160158, 3.1017107227172853, 1.420088217529297, 1.8756365039672853, 3.6569427707519533]
JVASP-93057,NaHfMg6,-1.4199991962585448,[-1.4199991962585448]
JVASP-94771,NaMg6Al,-1.6874056598815916,[-1.6874056598815916]
JVASP-74282,NaTaBe2,-3.283076359954834,[-3.283076359954834]
JVASP-1861,NaMnO2,1.8077964046325685,[1.8077964046325685]
JVASP-95497,TbNaMnWO6,1.1909145572509767,[-0.05052430841064448, 1.1909145572509767]
JVASP-74453,NaCa2Be,-1.8086183807525633,[-1.8086183807525633]
JVASP-15398,YbNaS2,1.2243828037109377,[1.2243828037109377]
JVASP-93058,NaMg6Cd,-1.5241904995117186,[-1.5241904995117186]
JVASP-71743,NaBeCr2,-3.098229958740234,[-3.098229958740234]
JVASP-95211,NaSi3BO8,3.283336088928223,[1.1103147723999025, 3.283336088928223]
JVASP-93062,NaMg6Cr,-1.6048837444458006,[-1.6048837444458006]
JVASP-95367,NaInBr4,1.86800454643631,[1.2473633745040895, 1.4799627521362306, 1.86800454643631, 1.4903642990913393]
JVASP-91429,Na2SnC4O8,1.1974877574768068,[0.6192349651184083, 1.1974877574768068, 0.5783151843872071, 1.1671604373779298]
JVASP-74193,NaCa2Be,-2.261166527000427,[-2.261166527000427]
JVASP-74864,Na2BeRe,0.7827824809875489,[-2.3593693515930174, 0.7827824809875489]
JVASP-93148,NaCeMg6,-1.4887578031692503,[-1.4887578031692503]
JVASP-93064,NaMg6Cr,-1.3789605638656615,[-1.3789605638656615]
JVASP-74196,NaCaBe2,-1.348828687397003,[-1.348828687397003]
JVASP-91430,Na2BeGe2O6,6.206376478942871,[0.5654596546020508, 0.9559635379638672, 0.8170837619628907, 1.185703680786133, 1.257955477508545, 1.6575669505920412, 3.1454524257507326, 3.971130297454834, 5.57910768774414, 6.206376478942871, 5.92292158392334, 3.8246511676635744]
JVASP-99086,Ba4NaRu3O12,0.7236828067626954,[0.7222151019897461, 0.7236828067626954]
JVASP-93378,NaMnBi,0.9040753105010987,[-0.779787614074707, 0.9040753105010987]
JVASP-93065,BaNaMg6,-1.968154265609741,[-1.968154265609741]
JVASP-74596,NaLaBe,-0.9285896560821533,[-0.9285896560821533]
JVASP-74381,NaCa4Be,-0.6945369980010986,[-0.6945369980010986]
JVASP-91268,Na3CoN6O12,2.6749185779418947,[1.4317683437194826, 1.461594507965088, 2.6749185779418947]
JVASP-44418,Na3CrBAsO7,3.804966376098633,[0.6000141361083985, 1.885828421386719, 3.804966376098633, 2.1207775333251955, 3.2972397067871095, 2.2354015567626955]
JVASP-74967,NaBeBr2,0.4010146119918824,[0.4010146119918824]
JVASP-71961,NaBeV,-2.59413106652832,[-2.59413106652832]
JVASP-74775,NaBe2Pb,-1.4898924967918394,[-1.4898924967918394]
JVASP-93070,NaMg6Mo,-1.4516613027725218,[-1.4516613027725218]
JVASP-94828,NaMn2O4,0.9725007274475098,[0.9725007274475098]
JVASP-105704,NaHF2,4.557617113861084,[4.557617113861084]
JVASP-15680,Na2Ti2Sb2O,0.24230186727905278,[-0.8287184974822998, 0.24230186727905278]
JVASP-93072,NaMg6W,-1.5543810865554808,[-1.5543810865554808]
JVASP-1798,KNa2Sb,-0.4310411951217651,[-0.7322227499160766, -0.4310411951217651]
JVASP-92608,NaVF3,0.0669194915618897,[0.0669194915618897]
JVASP-96924,Na2NiH8S2O12,2.07029764440918,[1.5744561412658693, 1.6191529491271974, 1.9840549686279298, 2.07029764440918]
JVASP-92473,Na2NiO2,3.076012299331665,[1.0575117328491213, 3.076012299331665]
JVASP-105656,Na2LiLuCl6,3.4684221008148195,[-0.3460610649261474, 3.4684221008148195]
JVASP-2178,NaS,1.3607146003570558,[0.4378427722778321, 0.397059366973877, 1.3607146003570558, 0.9535748222198487]
JVASP-92335,NaVO3,3.2286266544189455,[3.2286266544189455]
JVASP-96087,Na4CO4,3.0964674213256838,[0.8583816745605469, 1.100470707687378, 1.3298861244049074, 3.0964674213256838]
JVASP-96792,K6NaAu2IO8,1.0447634914245607,[1.0447634914245607, 0.9175242641296387]
JVASP-93073,NaMg6C,-1.1949661514434813,[-1.1949661514434813]
JVASP-91495,Na2Li3FeO4,2.654221461090088,[-0.08104880067443843, -0.16535694810485835, -0.17695791932678218, 0.3960682609405518, 0.42505113867187505, 1.460101530822754, 2.2010344722595216, 2.654221461090088]
JVASP-93078,NaMg6Nb,-1.3777558347854613,[-1.3777558347854613]
JVASP-74732,Na2BeNb,-0.16002972337341304,[-1.6188159725341795, -0.16002972337341304]
JVASP-94793,Na3PSe4,1.393248961242676,[-0.33291204187011714, 0.5300311305847168, 1.393248961242676]
JVASP-74736,Na2TaBe,0.6603106716003418,[-3.033846451965332, 0.6603106716003418]
JVASP-43585,Na4MnO4,2.996400997909546,[-0.07623560639953608, 1.3941251495208742, 0.6383482673492432, 2.504917309555054, 2.349726364883423, 2.744017765792847, 2.548616097244263, 2.996400997909546]
JVASP-94115,NaMg6Ni,-1.8359552166137694,[-1.8359552166137694]
JVASP-93209,KNaMg6,-1.896292521682739,[-1.896292521682739]
JVASP-96795,KNaS2O7,3.230418608459473,[2.834939406188965, 3.230418608459473]
JVASP-74932,NaCa2Be,-1.5368918916854857,[-1.5368918916854857]
JVASP-74739,Na2SrBe,-0.8156286022338867,[-1.9765976211700438, -0.8156286022338867]
JVASP-99279,NaCa4B3O9,0.35107366827392583,[-0.5088697216186523, 0.35107366827392583]
JVASP-95243,NaB3H4O7,1.284629748138428,[0.7825183132019043, 0.8598870494689942, 1.174557612213135, 1.284629748138428]
JVASP-74467,NaBe2Pd,-1.8529983303222655,[-1.8529983303222655]
JVASP-71969,Na2TaBe,0.7212373473968506,[-3.1688512108001707, 0.7212373473968506]
JVASP-74609,Na2YBe,-0.9886980793151855,[-0.9886980793151855, -1.171058490005493]
JVASP-74829,NaBeCl2,0.5641360142555237,[0.5641360142555237]
JVASP-54759,NaHO,3.798764393600464,[0.05863683012390142, 3.798764393600464]
JVASP-71973,Na2Be2Sn,0.6081133344497681,[-1.6988279959831236, 0.6081133344497681]
JVASP-74512,NaBe2Ru,-1.9395890972290037,[-1.9395890972290037]
JVASP-93086,NaSrMg6,-1.7964399597320555,[-1.7964399597320555]
JVASP-1864,NaNiO2,1.536090300354004,[1.536090300354004]
JVASP-106158,NaFeN,1.1443542697753908,[-0.24631650659179682, 1.1443542697753908]
JVASP-72022,Na2BePt,1.280018136772156,[-2.3129658243331908, 1.280018136772156]
JVASP-74985,NaMg2Be,-1.4983373424682616,[-1.4983373424682616]
JVASP-74743,NaBe2Os,-1.9340396663818358,[-1.9340396663818358]
JVASP-108116,K2NaNbO2F4,1.161409304412842,[1.161409304412842]
JVASP-93887,NaAs2,0.8174819209899903,[0.8174819209899903, 0.04610006597900396]
JVASP-105672,Na2LiBiBr6,1.601934240135193,[0.07015495088958745, 1.601934240135193]
JVASP-94798,NaCl7,1.1314552285995485,[1.1314552285995485]
JVASP-92356,Na2H2Pd,1.7388680436935426,[-0.5343335411224365, 1.7388680436935426]
JVASP-105673,KNa2GaF6,4.30042927053833,[0.3620518901672364, 4.30042927053833]
JVASP-91507,Na2MnO2,5.1170367458190915,[-0.8295260212097167, -1.3019371769104002, -0.8984597465667724, -0.9897545120391845, -0.6095748684082031, -0.29807622644042964, 1.617217467102051, 2.4587063052978517, 4.190697119506836, 3.9351820209350588, 5.1170367458190915, 4.698834345611572]
JVASP-94056,NaMg6V,-1.5349298259887694,[-1.5349298259887694]
JVASP-105674,Na2LiYBr6,2.095098898681641,[-0.7358337185058593, 2.095098898681641]
JVASP-92766,NaCrO3,2.6619247653808595,[2.6619247653808595]
JVASP-93164,NaLiMg6,-1.7435320160064696,[-1.7435320160064696]
JVASP-75035,Na2BePt,0.6774141052093506,[-1.2029169342193602, 0.6774141052093506]
JVASP-105675,Na2HgAsF6,0.9542142608489991,[0.30241482046508794, 0.9542142608489991]
JVASP-92618,Na2HfN2,1.1944073894348146,[-1.3762160083923338, 1.1944073894348146]
JVASP-93836,NaFeAs,-0.8926597377929687,[-0.8926597377929687, -1.230678155151367]
JVASP-93165,NaLiMg6,-1.7029341003570555,[-1.7029341003570555]
JVASP-93890,NaPO,0.2914509036865235,[-0.4494362613830566, 0.2914509036865235]
JVASP-96152,NaCrF6,3.9726270892944338,[3.9726270892944338, 3.7933801868286134, 3.4480718829956056, 3.70600263861084]
JVASP-96568,NaNb3O8,2.520150110992432,[1.997300074371338, 2.520150110992432]
JVASP-92619,Na2ZrN2,1.672985003265381,[-1.4865480205688475, 1.672985003265381]
JVASP-74843,K2NaBe,-1.7275825283203123,[-1.7275825283203123]
JVASP-99115,Na2Si2O5,3.5033907153930666,[1.273578093322754, 3.5033907153930666, 2.5194377162780763, 3.46816723135376, 2.8995832660522463, 1.9743713596191408, 1.6409405925598146, 1.2164220073547365]
JVASP-105677,Na2LiRhF6,3.7876123645629884,[1.4003633716430666, 3.7876123645629884]
JVASP-95080,Na5Fe3F14,4.970843718322754,[1.616297409805298, 2.258885071548462, 3.5342816570129396, 3.219174788269043, 4.970843718322754, 4.1291145541992185, 4.665735886367798, 4.172611401351928, 4.837401316436767, 3.572657034667969]
JVASP-96995,Na2Bi5AuO11,2.293911621841431,[2.0724755981292726, 2.293911621841431, 1.807273791107178, 1.7240490177001955]
JVASP-18469,Na3Bi,1.5266980388488771,[-1.0847433349761961, -0.3833680889282226, -0.18603236886596675, -0.6213777801666259, -0.7645555278930664, 1.5266980388488771]
JVASP-96934,NaPH4O5,3.3882011630859377,[1.4585346439208986, 1.511286185058594, 3.3882011630859377, 3.00468485144043]
JVASP-93794,Na2TiO3,4.949624464782715,[0.019749090942382863, 4.949624464782715]
JVASP-48509,Na6CoO4,3.6848909118499757,[-0.6332708141479492, -0.06820733758544917, -0.3157242080841064, 1.3076969840850832, 2.124490187438965, 1.125640318664551, 3.6848909118499757, 2.036575958999634, 2.7026657321777345, 2.5266727664794923, 2.1845165946807863, 3.22718446043396]
JVASP-99124,Na4Li5B3O9,4.397237227233886,[-0.6876369259033203, -0.34963853570556636, 0.3803328731384278, 0.6948947170104981, 2.7637104251708986, 4.395400450500488, 4.397237227233886, 2.206739828857422]
JVASP-105680,Rb2NaPrF6,4.95990340498352,[4.95990340498352]
JVASP-96599,NaCdPO4,5.667527125152588,[0.9537653186645508, 4.156543181213379, 2.487195894989014, 5.667527125152588]
JVASP-95572,NaNdS2O8,2.354909346374512,[1.5925153949584963, 2.354909346374512]
JVASP-96809,NaMnF3,8.647107765945435,[0.8692020633544922, 0.6181253650512696, 2.293343708786011, 8.647107765945435]
JVASP-99566,Na3CoF6,6.534666583808899,[2.052466080459595, 3.5558597305145265, 6.534666583808899]
JVASP-95420,Na2TeO3,4.378675387176513,[0.6739536979522706, 0.7064224937286377, 1.4008483150329591, 1.5905718067016603, 2.2444440582122804, 3.196638748916626, 4.378675387176513, 3.547742769989014]
JVASP-99523,Na2TmAgCl6,2.343111799034119,[-0.3687257311019897, 2.343111799034119]
JVASP-96878,Na5P3H2O11,3.7211784580078127,[2.734949515136719, 3.1915382602539064, 3.3447784641113283, 2.9082836368408205, 3.7211784580078127, 2.800133154663086, 3.096275732788086, 2.588261053833008, 3.2981266239013673, 1.8672641971435548]
JVASP-92367,NaPF3,3.478592322143555,[3.478592322143555]
JVASP-107959,Na3Ca,-1.334106995788574,[-1.4184747478637694, -1.334106995788574, -1.5588508388671873]
JVASP-96605,NaHNO2,4.717126295837402,[0.26080696371459966, 0.5483597972717286, 0.7685331561889649, 0.9880899646606446, 1.62098066595459, 1.8029913165893556, 2.8248953082885744, 4.717126295837402]
JVASP-48341,NaVO3,2.645509646209717,[0.8128823497619629, 2.0259761073913576, 2.645509646209717, 2.114235804351807]
JVASP-106023,NaSbTe2,0.266356036933899,[0.266356036933899]
JVASP-99527,Na3AuF6,7.081532404693603,[1.4976141908493044, 3.703438327583313, 7.081532404693603]
JVASP-95587,Na3Li3Al2F12,10.801828787597657,[1.3348285415496828, 2.613473103317261, 4.58427994039917, 7.869375632080078, 10.801828787597657, 6.745865748199463, 2.4377724387969972, 2.32357756880188, 2.025282309326172, 2.82394115713501, 2.530918762954712, 3.166942284378052]
JVASP-108158,BaNaFe4As4,-0.9431117317352294,[-0.9431117317352294]
JVASP-97007,NaAlSiO4,2.215728209289551,[0.513763354095459, 0.26162807730102544, 1.1144375064697267, 1.7952045657958986, 0.3803953388061524, 1.2959274509277345, 2.15963976171875, 2.215728209289551]
JVASP-95094,Na2Te3Mo3O16,1.796604559692383,[1.546919272216797, 1.796604559692383]
JVASP-106024,NaNdS2,1.5053781726684572,[1.5053781726684572]
JVASP-3216,NaZnAs,0.173862562450409,[-0.9218621394309997, 0.173862562450409]
JVASP-99528,Na2GaHgF6,1.0343734481658937,[0.06293360975646978, 1.0343734481658937]
JVASP-96882,Na2Cr2O7,3.0561360576477052,[1.8159703471984865, 1.8249644496765138, 2.2978009441223146, 3.0561360576477052]
JVASP-96816,NaNdH2S2O9,1.5882066943969728,[1.5882066943969728, 1.535261557373047, 1.5245136478271486]
JVASP-96750,NaCoPO4,2.523796484741211,[1.5846704700317384, 2.0531343677368166, 2.523796484741211, 2.4157222965087892]
JVASP-95431,Na2UO4,2.4668235042419435,[1.4324778774108888, 2.4668235042419435, 1.3887004115905763, 1.9183224895324709]
JVASP-97010,Na3SrB5O10,3.8208951213684084,[0.7025679805603028, 2.3144826152648927, 2.8640774944152834, 3.8208951213684084, 3.178506777557373, 3.5688132503356935]
JVASP-94850,Na5Sn2,-0.37173540803527827,[-1.6239953777465819, -0.37173540803527827, -1.314232899871826, -0.9217499038848876, -0.6573241493377685]
JVASP-3225,NaSrP,0.4700419166412354,[-0.9162066719207763, -0.8540209076080322, 0.4700419166412354]
JVASP-96756,NaV6O11,0.6551121929016114,[0.6551121929016114, 0.651972697052002]
JVASP-1894,NaInS2,0.7870699622955323,[0.7870699622955323]
JVASP-97011,Na3AlP3NO9,7.189463064941406,[0.9880255916442872, 1.0283641078796388, 1.01689712789917, 0.9270304897155762, 1.9465026119079591, 2.779343531402588, 3.79116527822876, 4.352315829071045, 7.189463064941406, 4.788891241821289, 4.40757505682373, 4.446391508850097]
JVASP-100212,Na3Si,-0.06841953012084956,[-0.6427294752273559, -0.5433253786239624, -0.06841953012084956]
JVASP-18895,NaZnAs,-0.45608003350830073,[-0.45608003350830073]
JVASP-3822,Na2Pd3O4,1.1355547168579103,[0.6481854179229737, 1.1355547168579103]
JVASP-93851,Na2Cl,15.34482477692032,[-1.4370952388916014, -1.5338241598281859, 1.9512103655662538, 15.34482477692032]
JVASP-91456,Na2InNiF7,6.461347983154297,[1.8372935512390138, 2.9208916881408693, 2.047065184387207, 2.8527034976806642, 4.9920555808868405, 5.2295033195343015, 6.461347983154297, 5.609777853759765]
JVASP-99949,NaPrS2,1.1201996066894533,[1.1201996066894533]
JVASP-95312,RbNa3Li12Si4O16,3.746757433685303,[-0.3845744869384765, 1.1364092090454103, 3.746757433685303]
JVASP-96887,NaGeAu,-0.003524257865905711,[-0.9893524191055297, -0.003524257865905711]
JVASP-99720,Na2LiSmCl6,3.1919793346252443,[-0.27179010125732417, 3.1919793346252443]
JVASP-99024,Na6Fe2C4SO16,2.2429775455322267,[1.4388345935668947, 1.205946371826172, 1.3248752811279298, 1.518122122558594, 1.6700181224670412, 2.211852953704834, 0.9624170520629883, 1.1204351642456056, 1.1764692523803713, 1.7193578937377931, 2.023871825012207, 2.2429775455322267]
JVASP-100128,Rb2NaScBr6,-0.2406913778457641,[-0.2406913778457641]
JVASP-99951,Na2PrO3,3.4662365177001955,[0.3844832637634278, 3.4662365177001955]
JVASP-91457,NaNbO2F,0.6054929950561524,[-0.4015064975891113, 0.21947090414428716, 0.029606268676757863, 0.6054929950561524]
JVASP-99721,Na2TlGaF6,1.5210093715515138,[0.15946953085327153, 1.5210093715515138]
JVASP-96888,Na2Cu3Si4O12,3.1499199130859377,[1.5452136257019045, 1.978440211090088, 2.193117544921875, 2.2807525852050783, 2.1501497485961916, 3.1499199130859377, 2.8313698032226564, 2.9710325458374025]
JVASP-95448,Na2SrAl4Si4O16,6.011371538909912,[0.4013652065124512, 0.657409594329834, 2.161764071258545, 6.011371538909912]
JVASP-1873,NaFeO2,0.8872737148132325,[0.8872737148132325]
JVASP-95609,Na7AlH2C4O12F4,4.915764735015869,[0.9147094943847657, 1.8256744602050783, 4.915764735015869, 3.3190297344055177, 3.0001529910888673, 3.1130232074584963, 2.724017069610596]
JVASP-99664,Na3AlSiTe4,0.4734392621841431,[-0.8242650768432617, -0.18521852704620356, 0.4734392621841431]
JVASP-99031,Na6Be8O11,6.197832510742187,[-0.16890247079467768, 0.14057676580810552, 2.7245802142944338, 6.197832510742187, 2.9409774997558595, 4.753495142730713]
JVASP-15995,NaTiS2,-0.019702508178710887,[-0.019702508178710887]
JVASP-96947,Na2Ca3Si6O16,3.0913681247558595,[1.6523508289184572, 1.8376354434814455, 2.9598793247070314, 3.0913681247558595]
JVASP-52831,NaH3C2O5,1.4308728435363771,[0.866668627532959, 1.4308728435363771]
JVASP-91390,NaCo2O4,2.9142202594604494,[1.5981621005859377, 2.0232509830322267, 2.1274542072143556, 2.9142202594604494]
JVASP-99313,NaErP4O12,2.1738294818725588,[1.9318546512451173, 1.853381560119629, 2.1738294818725588, 2.0454410770263673]
JVASP-96950,Na2MgH8S2O12,2.163160727294922,[1.679823324951172, 1.7769188144531252, 2.029444144042969, 2.163160727294922]
JVASP-102084,Na2AlInF6,0.8148574092712403,[-0.4044085285339355, 0.8148574092712403]
JVASP-93907,NaUO4,1.3036145427551271,[1.3036145427551271]
JVASP-95457,Na24In5O15,7.057226465019226,[-0.8612848064575195, -0.882866694656372, -0.7587533733520507, -0.7730916282806396, 0.1836020210113526, -0.39147551271057124, -0.12359578820800776, 1.448948309692383, 1.3565782764282228, 2.9026092746582033, 2.276078150543213, 3.627772257598877, 2.4133478858795168, 3.9920543887939455, 2.4551943996276857, 2.165773556503296, 1.857710287841797, 1.9104952075805666, 2.966718600067139, 1.8656877734985353, 3.8256526449050905, 3.9691324689712526, 4.218432948860168, 7.057226465019226]
JVASP-95639,Na5TaO5,7.47236530569458,[-1.149463727203369, -0.9468508503112792, -0.4875846645507812, 3.904599592956543, 1.5158247211303713, 4.251778052124023, 2.3618506648864748, 3.922843859466553, 4.688334391387939, 7.47236530569458]
JVASP-99583,K4NaCl5,0.2482457616653443,[0.2482457616653443]
JVASP-99190,Na3VS3O,2.517194912704468,[0.029853985580444387, 0.20517508772277837, 0.03820554998779302, 0.4619716861572266, 0.40518109587097173, 1.2422463157501222, 0.9955064514007569, 1.0950533607330324, 1.223024294647217, 1.8930010059204103, 1.6558095672454836, 2.517194912704468]
JVASP-102087,Rb2NaLuCl6,-0.008591725555419871,[-0.008591725555419871]
JVASP-99539,NaAc3,-1.1326609394226073,[-1.1326609394226073]
JVASP-99823,Na3Ag,-0.846381737915039,[-1.3527479908142088, -1.3178492328796385, -0.846381737915039]
JVASP-52832,NaAsH4O5,2.3288554408874513,[1.447953150543213, 2.3288554408874513]
JVASP-15233,NaVSe2,-0.22598369332885737,[-0.22598369332885737]
JVASP-99824,NaPm2Sn,-2.168589188781738,[-2.168589188781738]
JVASP-99043,NaSnP,-0.5321317455444335,[-0.6730025550994873, -0.5321317455444335]
JVASP-18591,NaAg2,-0.7452326557312011,[-0.9375320217285156, -0.7452326557312011]
JVASP-100816,NaLaSe2,1.3142823436584474,[1.3142823436584474]
JVASP-102861,Na2GaAgF6,3.1687574842300417,[0.7814286210861207, 3.1687574842300417]
JVASP-103202,Rb2NaLaCl6,0.023874209197998097,[0.023874209197998097]
JVASP-100471,Na2GaAgCl6,2.771432028087616,[0.2549557545509339, 2.771432028087616]
JVASP-100817,NaBiTe2,0.6201044776763917,[0.6201044776763917]
JVASP-107795,TbNa3Cl6,3.4402584293212892,[-0.4889109871063232, 3.4402584293212892, 3.1543579557266237]
JVASP-100472,K2NaYBr6,-0.3462887546691894,[-0.3462887546691894]
JVASP-103284,Na2Zr2O5,4.378749296936035,[4.378749296936035, -0.39496810647583]
JVASP-100366,NaYZrS4,0.7367986896362305,[0.7367986896362305]
JVASP-107800,K2NaLaCl6,-0.02901537629699702,[-0.02901537629699702]
JVASP-95650,Na4CrO4,3.6376060703125,[-0.7289739391479492, -0.45443685266113276, -0.03422506066894526, 1.5316366412963869, 0.8573831775512696, 2.0991481998291017, 2.3953823306884767, 3.6376060703125]
JVASP-103208,Rb2NaGaCl6,0.9079789378967286,[0.9079789378967286]
JVASP-2529,NaMgSb,-0.6187135717544555,[-1.0459309360656737, -0.6187135717544555]
JVASP-100367,NaSm2Se3,-0.7188695213470458,[-0.7188695213470458]
JVASP-102866,Na3AlCl6,4.121849820884704,[-0.19895775529479975, 3.6616598823394777, 4.121849820884704]
JVASP-99673,Na2LuCuCl6,1.3332409122314455,[-0.3595915577087402, 1.3332409122314455]
JVASP-100647,NaPr2Cl6,-0.3132673046264648,[-0.3132673046264648]
JVASP-100368,NaO2,1.396589682373047,[1.396589682373047]
JVASP-99737,NaSbS2,1.205514118942261,[0.2835771301116944, 1.205514118942261]
JVASP-96962,NaNpCO5,4.898003504547119,[1.0175608852233888, 4.898003504547119]
JVASP-99449,KNaMg2F6,0.9933957317199708,[0.9933957317199708]
JVASP-107810,K2NaNdF6,3.173341677459717,[3.173341677459717]
JVASP-100369,Na4SrCaSi2,0.6675638416137696,[-2.176808788505554, -1.0430905363235472, -1.3165961048278807, 0.6675638416137696]
JVASP-99403,NaBiSe2,0.9425735929336548,[0.9425735929336548]
JVASP-99590,Na2LiAsF6,4.489807055267334,[0.2303709247436524, 4.489807055267334]
JVASP-54761,NaHO,3.176278994354248,[1.609947130950928, 3.176278994354248]
JVASP-107837,Na2LiSbCl6,1.92445807245636,[-0.005339338508605906, 1.92445807245636]
JVASP-18556,Na3Li3N2,0.47207538870239263,[-1.275398328033447, 0.47207538870239263, 0.2605380275573731]
JVASP-102962,Na3Mg,-1.3444214603576659,[-1.5721693775329588, -1.3444214603576659, -1.3654959938201903, -1.7792118332061766, -1.6369357845458983, -1.3792439243469237]
JVASP-102101,NaGa,-0.6901703617248535,[-0.6901703617248535, -0.7636762401733398]
JVASP-99680,K2NaTaI6,-0.5241902610931396,[-0.5241902610931396]
JVASP-96966,K3NaSn3Se8,0.042571947845459035,[-0.032745434967040965, 0.042571947845459035]
JVASP-101479,KNa2AlF6,6.4269472816314694,[0.07020776060485845, 6.4269472816314694]
JVASP-102964,NaSn3,-0.9222207209739685,[-0.9222207209739685]
JVASP-99454,NaSbN2,0.8471245029296876,[0.8471245029296876]
JVASP-99594,Na2YCuBr6,1.1188737609710695,[-0.5207227012786865, 1.1188737609710695]
JVASP-101408,Na3Ga,-0.3110833904418945,[-1.6642068168792723, -1.186136557785034, -0.9827137729797363, -0.846468522277832, -0.9454751751098632, -0.3110833904418945]
JVASP-99682,Na2EuCuCl6,1.855548308166504,[-0.5593875190887451, 1.855548308166504]
JVASP-1612,NaLuS2,0.8702191570129395,[0.8702191570129395]
JVASP-47636,Na3CuO3,2.961230681213379,[0.8926047542419434, 1.452415869506836, 1.8066181400146486, 2.7282227733459474, 2.5191170432891847, 2.838883564743042, 2.6656693675842287, 2.961230681213379, 1.690758154663086, 1.3769702174987795, 1.9335326412048341, 1.6373652675476076]
JVASP-103218,NaCaH6Ir,-0.6890617153320312,[-0.6890617153320312]
JVASP-107855,Na2LiTlCl6,2.5487186172332765,[0.8903323867645264, 2.5487186172332765]
JVASP-100672,Na2AgAuBr6,2.329717681678772,[0.6409818389739991, 2.329717681678772]
JVASP-101409,Na3Zn,-0.8805533191833496,[-1.6122308513793944, -1.3093448421630858, -0.8805533191833496]
JVASP-107856,Na2TlCuF6,3.3073033550109865,[0.873154804977417, 3.3073033550109865]
JVASP-99683,Na2IrAuF6,3.0740410545196535,[1.257469103607178, 3.0740410545196535]
JVASP-1951,NaBr,9.37753550794983,[9.37753550794983]
JVASP-99684,Na2LuAgCl6,2.4325358131256105,[-0.3679228565368652, 2.4325358131256105]
JVASP-107857,Na2CuBiF6,2.7021424033966066,[0.33262936857604986, 2.7021424033966066]
JVASP-100674,K2NaSbCl6,0.7882413127746583,[0.7882413127746583]
JVASP-107858,K2NaTaCl6,-0.6640249035034179,[-0.6640249035034179]
JVASP-100610,YbNa3,-1.0537758609924315,[-1.6265235683593748, -1.0537758609924315, -1.59681136819458]
JVASP-101702,NaU2Cl6,-0.7031429550323486,[-0.7031429550323486]
JVASP-1561,NaScO2,1.5869611957397463,[1.5869611957397463]
JVASP-99343,Na3YH12C3O15,1.5210384586181642,[0.9509481647338868, 0.9667810657348633, 0.9662012317504883, 1.3806013324584963, 1.4467519977416994, 1.5210384586181642]
JVASP-99457,KNa2RhF6,2.7059878566589357,[0.9312476375427247, 2.7059878566589357]
JVASP-1618,NaTmS2,0.7612642505493165,[0.7612642505493165]
JVASP-99685,NaLi2IrF6,2.4305967548217775,[2.4305967548217775]
JVASP-99458,Na3InBr6,4.276049301895141,[-0.22274084302520747, 1.7544241407241823, 4.276049301895141]
JVASP-100611,Na3La,-0.4608416101608276,[-0.8196266433868408, -1.4743228695068358, -0.6107688686523437, -1.9328234932098387, -1.0961257955703734, -0.4608416101608276]
JVASP-1438,NaCrSe2,0.15768806723022466,[0.15768806723022466]
JVASP-101703,NaNO3,3.389765665802002,[3.389765665802002]
JVASP-97035,NaFeAs,-0.7145372173461914,[-1.1319671413574217, -0.7145372173461914]
JVASP-102286,Na3In,-0.9843199989471435,[-0.9843199989471435, -1.2488959571990965, -1.002744509902954]
JVASP-100876,Na2HgAsCl6,1.508117363723755,[0.24617044714355474, 1.508117363723755]
JVASP-101704,NaBiS2,1.4067110278930666,[1.4067110278930666]
JVASP-99687,K2NaTmCl6,-0.07358486863708491,[-0.07358486863708491]
JVASP-101705,Na2Mn3Te4,2.5480159976806642,[0.13287918356323247, 2.5480159976806642]
JVASP-100877,Na2RuAuF6,2.3702844837036134,[1.0207580783691408, 2.3702844837036134]
JVASP-99413,Na2TlAgF6,3.1710696676101686,[1.111901567253113, 3.1710696676101686]
JVASP-99688,K2NaLuCl6,-0.008140637603759715,[-0.008140637603759715]
JVASP-101003,NaCd2In,-0.7242995044860839,[-0.7242995044860839]
JVASP-100695,Rb2NaErCl6,0.08021919515991216,[0.08021919515991216]
JVASP-106220,Na2PrCuCl6,1.5194679954376222,[-0.4432862541351318, 1.5194679954376222]
JVASP-99689,Na3IrF6,5.917438433441162,[0.8341101863708497, 2.7511462428894045, 5.917438433441162]
JVASP-101004,NaHg3,-0.5701571247253417,[-0.5701571247253417]
JVASP-99690,Na3GaCl6,3.82841532019043,[0.06664352205657964, 3.4496808507766725, 3.82841532019043]
JVASP-103134,NaBC,1.8850220897521974,[-2.225553586212158, 1.8850220897521974]
JVASP-100881,K2NaGaCl6,0.712506578239441,[0.712506578239441]
JVASP-99692,Na3DyCl6,3.3340927818145754,[-0.5154944202575683, 3.0473219611968996, 3.3340927818145754]
JVASP-102906,NaCo2BiO6,0.7585019328918458,[0.7585019328918458]
JVASP-99693,K2NaTlBr6,1.039890930923462,[1.039890930923462]
JVASP-3531,Na4I2O,9.378167317184449,[-0.32988639089202876, 2.8216447093811037, 1.7821120479431154, 9.378167317184449]
JVASP-15758,Na2LiN,0.48803822782897954,[-0.9229858657989501, 0.48803822782897954]
JVASP-101005,NaZn3,-1.3408494732055662,[-1.3408494732055662, -1.6667710086975096]
JVASP-99694,K2NaIrF6,2.0364574649658205,[2.0364574649658205]
JVASP-103137,NaMgN,0.3095521190490723,[-1.0020485660705565, 0.3095521190490723]
JVASP-101709,KNaMg2F6,0.3133200862731934,[0.3133200862731934]
JVASP-52841,NaH3SO5,3.7575620868530275,[2.1603407123413088, 3.7575620868530275]
JVASP-100952,BaNaTl2,-0.8321190616760253,[-0.8321190616760253]
JVASP-101508,Na3GaBr6,3.1171201923217775,[-0.260208322731018, 2.0187464216079714, 3.1171201923217775]
JVASP-101424,Na2CeF6,3.413412258895874,[3.413412258895874, 2.8184308269348146]
JVASP-102368,Na3YCl6,3.651261256011963,[-0.6059089443359374, 3.651261256011963, 3.5824360111083986]
JVASP-100389,K4NaCl5,0.10834543493652349,[0.10834543493652349]
JVASP-2436,NaSbS2,1.3287367084350588,[0.42665140417480474, 1.3287367084350588]
JVASP-102058,Na2TlHgF6,2.610487149032593,[0.5809663989868165, 2.610487149032593]
JVASP-102918,BaNa2Sn,-1.0982120773468016,[-1.0982120773468016, -1.7323537609252928]
JVASP-100571,KNa2ScF6,4.461101458343506,[-0.2268868229064941, 4.461101458343506]
JVASP-101231,BaNaTiNbO6,0.09898035314941411,[0.09898035314941411]
JVASP-1504,NaTaN2,0.3928617694702149,[0.3928617694702149]
JVASP-100890,Na2GaCuF6,2.64639251020813,[0.4223558166351319, 2.64639251020813]
JVASP-103065,NaBi3I2O4,0.9054390647735596,[0.9054390647735596]
JVASP-100891,Na2CuBiCl6,1.9233550289001466,[0.2836384036865235, 1.9233550289001466]
JVASP-102063,K2NaTlCl6,1.5304233887519838,[1.5304233887519838]
JVASP-103068,Na2CaSi,-0.0017398140106200666,[-1.6507251999053953, -0.0017398140106200666]
JVASP-102236,NaFeN,-1.062842919555664,[-1.4681878826293944, -1.062842919555664]
JVASP-104499,KNaSe,-0.14030952664947505,[-0.14030952664947505]
JVASP-101518,Na2LiCeCl6,1.8986500957336427,[-0.34492023202514643, 1.8986500957336427]
JVASP-100575,K2NaMoBr6,0.32096783903503423,[0.32096783903503423]
JVASP-102064,K2NaBiF6,1.5536126354064943,[1.5536126354064943]
JVASP-102745,K2NaMoO3F3,1.0776099422302248,[1.0776099422302248]
JVASP-100895,K2NaScBr6,-0.22523875447845454,[-0.22523875447845454]
JVASP-103445,Na4TeSe,1.9730527856674196,[-0.58317930909729, 1.9730527856674196, 0.9439063527908326, 1.2383609273757936]
JVASP-100519,NaScTl2F6,2.367243931564331,[2.367243931564331]
JVASP-103556,Na2ScCuF6,2.2660316684570314,[-0.07974107476806636, 2.2660316684570314]
JVASP-104501,K2NaYCl6,-0.021301820007324168,[-0.021301820007324168]
JVASP-2547,Na2AgSb,0.8983843186225892,[-1.1124451896820067, -0.6226969501647949, 0.3080190279808045, 0.8983843186225892]
JVASP-100709,Ba3Na,-1.447257711616516,[-1.447257711616516]
JVASP-103558,Na2InAgCl6,2.7199525096740724,[0.14038436201477056, 2.7199525096740724]
JVASP-102241,Na2TiN2,1.0175322749938966,[-0.8782234928283691, 1.0175322749938966]
JVASP-104502,K2NaCeCl6,0.004380629333496144,[0.004380629333496144]
JVASP-101521,Rb2NaTlI6,0.6649266937103272,[0.6649266937103272]
JVASP-1429,NaNO2,2.0464605548706056,[2.0464605548706056]
JVASP-103559,Na2AgRhF6,3.004954383644104,[1.2708008745040895, 3.004954383644104]
JVASP-22686,Na2H6Pt,3.217228338989258,[-0.07276780816650386, 3.217228338989258]
JVASP-100585,Na2YCuCl6,2.4860355117645265,[-0.5058568260345458, 2.4860355117645265]
JVASP-103619,Na3Cd,-1.0004153988037108,[-1.4821680328521727, -1.348844363418579, -1.0004153988037108]
JVASP-100588,KNa2TiF6,0.12192194250488286,[-0.5821996471557617, 0.12192194250488286]
JVASP-101125,RbNaCd3O4,2.4369273641433717,[2.4369273641433717]
JVASP-100589,Na2CuPdF6,3.6620306232299806,[1.2378377178039552, 3.6620306232299806]
JVASP-106265,Na3Au,1.174393580230713,[-1.1750959894332884, -1.142013742652893, 1.174393580230713]
JVASP-101437,NaThTi2O6,0.4302500942077637,[0.4302500942077637]
JVASP-103621,NaLi2Sn,-0.7814154169235229,[-0.7814154169235229]
JVASP-49851,NaCdO2,2.4840301730957033,[2.4840301730957033]
JVASP-43610,Na6MnO4,4.067521975311279,[-0.9617939731750488, -0.2004609844360351, -0.36520488473510737, 1.8972529628601076, 2.52877514151001, 0.5565661647644043, 4.067521975311279, 2.6407002666320802, 2.8869423129882814, 2.37607042578125, 1.5665849902954103, 3.861067221435547]
JVASP-102082,Na2LiTiF6,1.5140198924865724,[-0.3239060184631347, 1.5140198924865724]
JVASP-103572,Na2HgAsBr6,1.0374047615852358,[0.0419980147209168, 1.0374047615852358]
JVASP-104513,Na2CuSbF6,2.268427298339844,[0.20206014898681646, 2.268427298339844]
JVASP-52844,NaHCO3,1.7805470683898927,[1.299165652069092, 1.3301076152648927, 1.7805470683898927, 1.6505202510681154]
JVASP-100923,Na2LiNdCl6,2.679025337966919,[0.42200104978942876, 2.679025337966919]
JVASP-102245,NaCo3O6,2.5900882938232423,[2.5900882938232423]
JVASP-103159,Na2AgAsF6,2.04167740133667,[0.5667561748352051, 2.04167740133667]
JVASP-100924,Na2LiDyCl6,3.0909077384796144,[-0.405632807937622, 3.0909077384796144]
JVASP-102083,Na2LiInF6,5.779193804534912,[1.2857584216918947, 5.779193804534912]
JVASP-103160,K2NaInCl6,0.9601272800292969,[0.9601272800292969]
JVASP-100925,Na2LiInCl6,2.7743626096572878,[0.7978260972824097, 2.7743626096572878]
JVASP-101243,NaMnN,-1.178967072692871,[-1.958344056335449, -1.178967072692871]
JVASP-104525,Na2ScCuCl6,1.9466180065002443,[-0.16744573327636714, 1.9466180065002443]
JVASP-18455,NaSnS2,0.8943176725234986,[0.8943176725234986]
JVASP-104774,NaCr2S4,1.0075990417327882,[1.0075990417327882]
JVASP-105485,K4NaCl5,0.13883571413421636,[0.13883571413421636]
JVASP-3012,NaBeAs,0.6655420520629883,[-1.4582749149475096, 0.6655420520629883]
JVASP-102410,Na2LiErCl6,3.5235397079315187,[-0.38181622239685054, 3.5235397079315187]
JVASP-104998,Na3BiF6,5.417140887054443,[0.38639848020935064, 4.736056015762329, 5.417140887054443]
JVASP-103576,Rb2NaYCl6,-0.03239710542297358,[-0.03239710542297358]
JVASP-102605,NaSr2IO6,1.5468076923217775,[1.5468076923217775]
JVASP-102411,Na2InHgBr6,0.8916091778602601,[-0.04936958762741084, 0.8916091778602601]
JVASP-50203,NaCeO2,-0.9535518428955078,[-0.9535518428955078]
JVASP-104529,Na2LiBiCl6,3.126295016082764,[0.34180204656982427, 3.126295016082764]
JVASP-104999,Na2TlCuCl6,1.9515125015106203,[0.4076315620269776, 1.9515125015106203]
JVASP-2691,NaNbS2,0.5276102283325196,[0.2715830066528321, 0.5276102283325196]
JVASP-15800,NaAlGe,-0.5972634098205566,[-1.417042090621948, -0.5972634098205566]
JVASP-103578,NaBiS2,1.3364648082580568,[0.3994693019714356, 1.3364648082580568]
JVASP-104531,Na2CuAuF6,3.5590389230575563,[1.5273051717605592, 3.5590389230575563]
JVASP-102703,NaWCl2O2,1.1071900585021974,[1.1071900585021974]
JVASP-103192,Na3TlI6,2.87220399168396,[-0.47050030442810054, 0.384408638748169, 2.87220399168396]
JVASP-100983,K3Na,-1.7136486313018797,[-1.7136486313018797]
JVASP-104534,Rb2NaDyCl6,-0.0016206047210692853,[-0.0016206047210692853]
JVASP-14992,Na3N,0.48763786343002324,[-0.07985581370925898, -0.3664143225822448, 0.48763786343002324]
JVASP-102704,NaNd2Se3,-0.5624621650848388,[-0.5624621650848388]
JVASP-106453,Na2AlHgCl6,0.7474800803985596,[-0.15237672540283198, 0.7474800803985596]
JVASP-102415,Rb2NaMoI6,-0.023362710205078074,[-0.023362710205078074]
JVASP-102416,Rb2NaNdI6,-0.2987857601318359,[-0.2987857601318359]
JVASP-105012,K2NaSbF6,1.2202781894531252,[1.2202781894531252]
JVASP-101259,NaMnO2,2.435332701477051,[0.12599794653320318, 2.435332701477051]
JVASP-105013,Na2ScAgF6,4.258067057403564,[0.20877401617431646, 4.258067057403564]
JVASP-50830,Na6MgO4,7.335446760925293,[-0.599255158630371, 0.10691015509033208, 2.3630472877349855, 1.5071660735931398, 1.1245931842651369, 2.2180437305297853, 2.264342711242676, 2.193001673492432, 1.760037586959839, 1.324490711959839, 4.56240527418518, 7.335446760925293]
JVASP-21556,Na5SnAs3,2.036006734642029,[-1.0062430641326903, -1.0352490684661864, -1.0347135803375243, -1.1617630264434813, -0.7401541015777587, -0.5822242042694091, -0.916845514503479, -0.595326378074646, 0.4678071000900269, -0.1568867704544067, 1.162401483329773, 2.036006734642029, 0.3519010999526978, 1.0761125543441774, 0.8510666349258423, -0.3030373594436645, -0.3331058761749267, -0.039616658416747996, -0.5366241476211547, -0.19777269574737544]
JVASP-1507,NaHoS2,0.730898306640625,[0.730898306640625]
JVASP-42181,Na3VO4,2.402387545379639,[0.026950285705566457, 0.5998939731445313, 1.9001526096191408, 2.194478438171387, 2.402387545379639, 0.8698415019836426]
JVASP-106460,Rb2NaBiBr6,0.7209351518478394,[0.7209351518478394]
JVASP-106666,Rb2NaVCl6,0.5714222648468018,[0.5714222648468018]
JVASP-102823,NaSrN,-0.106663777557373,[-1.3254996082458494, -0.106663777557373]
JVASP-106461,Rb2NaSmCl6,0.19770948675537114,[0.19770948675537114]
JVASP-49947,Na2IrO3,2.6766981342163088,[0.34958355215454107, 1.5680073955383302, 2.6766981342163088, 2.064542219909668]
JVASP-104542,Na2O,4.719485566886902,[-0.12478335115051264, 0.9545077541198731, 0.9833578327026368, 2.0890264966812135, 4.719485566886902, 4.015066192420959]
JVASP-106892,NaFeO3,4.204747603210449,[2.4237484195556642, 4.204747603210449]
JVASP-14728,NaGa4,-1.0094141504440306,[-1.0094141504440306]
JVASP-104790,NaMnO2,3.5725950458374025,[0.5416959979858399, 3.5725950458374025]
JVASP-105050,TbNa2LiCl6,3.8042911746826173,[-0.32364948007202143, 3.8042911746826173]
JVASP-101143,NaSbSe2,0.8496057250823975,[0.8496057250823975]
JVASP-13867,Na2GeF6,5.526915715011596,[2.6921257236328127, 3.9180683353271486, 4.170001433166504, 5.526915715011596, 3.7443782546844484, 2.70274917868042]
JVASP-18527,Na3Hg,-0.9449134609375,[-1.588999106613159, -1.3280165931854246, -0.9449134609375]
JVASP-43896,Na3CoO3,3.091744587692261,[0.733090803894043, 0.9329332568969727, 0.9379643657531739, 1.865276263031006, 1.6650509097900392, 1.5969738223876955, 1.6285855033721925, 3.091744587692261, 2.28398697164917, 2.5986408450927736, 1.9364120223846437, 2.7654821136322023]
JVASP-101144,NaLiMnS2,0.18377773550415044,[0.18377773550415044]
JVASP-101145,Na3BrCl2,28.083906576904297,[3.127781317504883, 1.9967145183410646, 28.083906576904297]
JVASP-106897,Na2LaCuCl6,0.9452516296234131,[-0.5837348243865966, 0.9452516296234131]
JVASP-16134,NaTeAu,0.5774587252464295,[0.07173298386001592, 0.5774587252464295]
JVASP-107503,Na2YF6,3.5829970100250246,[3.337709353240967, 3.5829970100250246]
JVASP-106898,Na2GaHgBr6,0.9703965046730042,[0.04590760258102422, 0.9703965046730042]
JVASP-102329,Na2TlHg,-1.0081294319305418,[-1.0081294319305418, -1.0908425590667723]
JVASP-107390,Na3VO4,2.1227730968322756,[0.2518443324890137, 2.1227730968322756, 1.6160048702087404]
JVASP-105070,Na2AlHgBr6,0.8126688459243775,[-0.3822100898895263, 0.8126688459243775]
JVASP-106899,K2NaPrF6,3.507385180267334,[3.507385180267334]
JVASP-102330,Na2ThF6,3.821685717376709,[1.3206726768341066, 3.821685717376709]
JVASP-107130,Na3InCl6,5.296661541732788,[-0.054408385482788035, 3.4236695030059816, 5.296661541732788]
JVASP-19048,Na2Ti3O7,5.570672438415527,[-0.03128440591430659, 1.1873130061950685, 4.087629721435547, 5.570672438415527]
JVASP-105436,NaTlO2,2.4824880817260744,[2.4824880817260744]
JVASP-107626,Na2HgAuF6,3.020165965827942,[1.1141114690628053, 3.020165965827942]
JVASP-105216,Na3Ga,-0.9725843212280273,[-0.9725843212280273, -1.3718610546264647, -0.989722802368164]
JVASP-22530,NaHF2,4.858008907112121,[4.858008907112121]
JVASP-105077,Rb2NaNdBr6,-0.1521739504013061,[-0.1521739504013061]
JVASP-107180,K3Na,-1.5292650005493162,[-1.5292650005493162]
JVASP-52220,NaSb3O8,3.1425790050354006,[2.747654841217041, 3.1425790050354006]
JVASP-105437,NaCe2Se3,-0.5780187389526367,[-0.5780187389526367]
JVASP-105217,Na3Zn,-0.7724753162536621,[-1.5707135936889647, -1.3036094448242186, -0.7724753162536621]
JVASP-2814,Na2AgAs,1.0382882812347414,[-0.9725209018859863, -0.21555526467895503, -0.039172484603881785, 1.0382882812347414]
JVASP-102835,NaMoF6,2.499865935119629,[2.499865935119629]
JVASP-106905,Na3SbCl6,2.9094751336898805,[-0.24063308450317378, 1.7740902164306642, 2.9094751336898805]
JVASP-2697,NaNbSe2,0.058523342880249074,[0.058523342880249074, 0.05592982557678228]
JVASP-44058,Na2CoO3,3.200422213348389,[1.304328129562378, 2.0086771705474855, 3.200422213348389, 2.1521634319152834]
JVASP-105218,YbNa3,-0.8300443432006835,[-1.4390583774719237, -1.7510882160339354, -0.8300443432006835, -1.7271791240844725, -1.5582667133483885, -1.564284398284912]
JVASP-107629,Rb2NaCeCl6,0.025570795806884816,[0.025570795806884816]
JVASP-104802,Na3ScCl6,3.662153647216797,[-0.3903408786926269, 3.662153647216797, 3.4918970325317384]
JVASP-105438,Na2Zn3GeAs4,0.7889569261398316,[-0.6978103658828735, 0.7889569261398316]
JVASP-105219,NaAl3,-1.300227477279663,[-1.300227477279663]
JVASP-1432,NaTlO2,2.590658114227295,[2.590658114227295]
JVASP-107630,Rb2NaTaBr6,-0.38077910157775874,[-0.38077910157775874]
JVASP-103749,NaNiO2,1.38267819670105,[1.38267819670105]
JVASP-2484,NaSbF6,4.058106587203979,[4.058106587203979]
JVASP-107135,Na2LiGdCl6,3.6560634830322267,[-0.34020621987915034, 3.6560634830322267]
JVASP-18437,NaAlSi,-0.5475097438964843,[-1.4177757045898436, -0.5475097438964843]
JVASP-15722,NaTiO2,-0.14627273294067378,[-0.14627273294067378]
JVASP-107136,Na2HgPdF6,2.6514511564102174,[1.1074183442916872, 2.6514511564102174]
JVASP-107397,KNa2RuF6,2.1352810123291017,[0.42630045202636724, 2.1352810123291017]
JVASP-2487,NaMgAs,-0.8808918735656738,[-1.1280141613159178, -0.8808918735656738]
JVASP-106478,NaO,4.391554281982422,[1.5334688880767824, 2.907129929336548, 4.391554281982422, 3.960467264923096]
JVASP-19079,NaBO2,4.917188570770263,[-0.08253343316650386, 1.0957512119140627, 2.3298744418945314, 4.524442122253418, 4.917188570770263, 3.944464609893799]
JVASP-107137,K2NaRuF6,1.5656446674194338,[1.5656446674194338]
JVASP-104805,K2NaAuF6,2.457773969444275,[2.457773969444275]
JVASP-107398,Na2YAgF6,3.804445669921875,[0.10017530706787114, 3.804445669921875]
JVASP-107636,Na2CuI2Cl2,3.2130114295806886,[2.5744834401931764, 3.2130114295806886]
JVASP-42484,NaCr2O4,1.348730967315674,[1.1391324260559084, 1.348730967315674]
JVASP-12984,NaErCl4,1.2080008247222902,[0.6233407714691163, 1.2080008247222902]
JVASP-107399,K2NaErCl6,-0.0113273403320312,[-0.0113273403320312]
JVASP-106920,Na3YI6,2.4156644203987123,[-1.077625348297119, -0.14505012246704097, 2.4156644203987123]
JVASP-107138,Rb2NaIrF6,1.8521689632263185,[1.8521689632263185]
JVASP-12880,NaSbCl6,1.8628813484039308,[1.6712052085723879, 1.8628813484039308]
JVASP-107139,Rb2NaTlBr6,1.1624485709991457,[1.1624485709991457]
JVASP-107400,Na2PdAuF6,3.506751225265503,[1.4956595161285402, 3.506751225265503]
JVASP-104861,NaHg3,-0.9758082172546386,[-0.9758082172546386]
JVASP-3999,Na4HgP2,0.9957758047904969,[-0.28096814366912837, -0.3553525349769592, 0.9957758047904969, 0.5969267347183228]
JVASP-106412,K2NaBiBr6,0.6856009819831849,[0.6856009819831849]
JVASP-106565,Na3Mg,-1.4495843193206785,[-1.511531188217163, -1.4495843193206785, -1.4584065220031737]
JVASP-106858,NaO2,2.4443413474884035,[0.7394844749298096, 2.4443413474884035]
JVASP-1171,Na2S,2.7187935569610597,[1.0035697677459718, 2.7187935569610597]
JVASP-1447,NaErS2,0.7002720096435547,[0.7002720096435547]
JVASP-106567,NaGeO3,1.8442301013793947,[1.8442301013793947]
JVASP-107143,Rb2NaNdCl6,0.18207113531494146,[0.18207113531494146]
JVASP-104862,NaTlHg2,-0.679910733428955,[-0.679910733428955]
JVASP-104820,TbRb2NaCl6,0.10021774557495122,[0.10021774557495122]
JVASP-106924,Rb2NaAuF6,2.65061716822052,[2.65061716822052]
JVASP-4002,Na4Br2O,11.982741759094239,[0.5453029134597779, 2.0412272670593263, 2.806036875518799, 11.982741759094239]
JVASP-104821,Rb2NaPrBr6,-0.12911195966339106,[-0.12911195966339106]
JVASP-4005,Na3ClO,5.47403447416687,[0.06428758886718755, 3.028878853591919, 5.47403447416687]
JVASP-106568,NaTl2Sn,-0.9304924747619628,[-0.9304924747619628]
JVASP-2826,NaLiS,1.4732703426208498,[0.08339397695922857, 1.4732703426208498]
JVASP-106926,Rb2NaTaI6,-0.4525575182113647,[-0.4525575182113647]
JVASP-2703,Na3Sb,1.5312747218933107,[-0.7404487869415283, -0.12785656663513179, -0.14096887322998042, -0.2266574642333984, -0.8841071865234374, 1.5312747218933107]
JVASP-2385,NaZnP,0.1667340257492066,[-0.933872177330017, 0.1667340257492066]
JVASP-106416,Na2AgRuF6,2.2640086868133547,[0.719773457321167, 2.2640086868133547]
JVASP-3036,BaNaP,0.32718198088073736,[-1.0511542102966307, -0.9155686638031005, 0.32718198088073736]
JVASP-21243,NaTaO3,4.409987852844238,[-0.24126918527221675, 3.176825449737549, 4.409987852844238, 2.7296318271484377]
JVASP-2829,NaPrO2,2.795000956329346,[-0.8922606250915527, 2.795000956329346]
JVASP-106418,Na2CuAsF6,2.266565726074219,[0.1053404071655274, 2.266565726074219]
JVASP-104600,Na3Cd,-1.0066829464111327,[-1.193005158630371, -1.6931710979614256, -1.0066829464111327]
JVASP-106419,Na3ErCl6,3.422383473190308,[-0.4331541797790527, 3.422383473190308, 3.281065032752991]
JVASP-42495,Na2FeO2,1.7835182407226564,[-0.5420351764831542, 0.3064836719360352, 1.2432541110839845, 1.7835182407226564]
JVASP-14293,NaYSiO4,4.429881499084472,[2.311520979675293, 4.429881499084472, 0.9594129779663086, 0.9477266528930665]
JVASP-2607,Na2CuP,1.7084870794143678,[-1.1877411148223875, -0.1865003845367431, 0.8548620202865601, 1.7084870794143678]
JVASP-21245,NaNbO3,4.87160150793457,[0.1085466602172852, 4.87160150793457, 2.9778875568237306, 2.8672146060791017]
JVASP-104601,NaCa3,-0.6890881797943115,[-0.6890881797943115]
JVASP-106420,K2NaMoCl6,0.389552042755127,[0.389552042755127]
JVASP-47641,Na2Sn2O3,1.080803082260132,[-0.13410313340759272, 0.7050973632659913, 0.9399825790252686, 1.080803082260132]
JVASP-107419,Rb2NaAsCl6,1.0424843290176393,[1.0424843290176393]
JVASP-107466,NaCd3,-1.215905263153076,[-1.215905263153076]
JVASP-18511,NaCu4S4,0.648138091835022,[0.648138091835022]
JVASP-3042,NaSrAs,0.3249747016754151,[-1.2590193292770384, -0.7225025436553955, 0.3249747016754151]
JVASP-107467,NaHg3,-0.7899490139160156,[-1.1425309917602537, -0.7899490139160156]
JVASP-102737,K4NaCl5,2.6164353349533083,[2.6164353349533083]
JVASP-12944,Na2CrCl4,3.921264574798584,[0.2847666004028321, 0.7575592258300782, 3.921264574798584, 2.5876306751098634]
JVASP-104712,NaAsSe2,0.7430412032928467,[0.7430412032928467]
JVASP-43902,Na2BiO3,3.424959109100342,[0.391380713256836, 1.993752882751465, 3.160223887237549, 3.424959109100342]
JVASP-42502,Na2NiO3,3.7834648349609377,[0.9179305293884278, 1.6951092937316896, 2.7973331668701173, 3.7834648349609377]
JVASP-104713,NaTiVS4,0.3428591945495606,[0.3428591945495606]
JVASP-105473,KNa4Cl5,14.552211210998536,[2.618130014213562, 8.622632072242737, 13.35673849371338, 14.552211210998536]
JVASP-22691,Na2H4Pt,2.5868584373321535,[-0.35850222322082514, 2.5868584373321535]
JVASP-104498,NaCaSb,-1.8288282296333311,[-1.8288282296333311]
JVASP-104608,RbNa2Bi,-0.5998687288436889,[-0.5998687288436889, -0.8352605840835571]
JVASP-107307,NaSn2Pd3,-0.8827219745788574,[-0.8827219745788574]
JVASP-107308,Na5Br4Cl,32.99682752874756,[1.6350225665893556, 3.503083870681763, 3.128792093070984, 9.315600917610169, 32.99682752874756]
JVASP-106637,K2NaPdF6,2.810274050506592,[2.810274050506592]
JVASP-107309,Na2PtO3,2.918062136444092,[1.3150290706481935, 2.918062136444092]
JVASP-13069,Na3BS3,2.3392042377319338,[-0.5016282341156005, -0.07126839372253413, 1.0745221832122804, 1.8671395042266847, 2.3392042377319338, 1.539778158935547]
JVASP-107587,NaMnO2,2.475874350341797,[0.3392290332641602, 2.475874350341797]
JVASP-55518,NaSbO3,2.4118451335754396,[2.2914690234985353, 2.4118451335754396, 1.7241353252258302, 1.8616689899291994]
JVASP-43906,Na3VO3,2.9787515857543947,[-1.1389942905578612, -1.1689759037170409, -0.6081863186035156, 1.9014295795288088, 2.052452490600586, 2.9787515857543947]
JVASP-1522,NaNbN2,0.6168812969055176,[0.6168812969055176]
JVASP-1606,NaErSe2,0.5505143859710694,[0.5505143859710694]
JVASP-55641,NaBrO3,4.13540618208313,[1.3783971526947023, 2.131649658950806, 3.2255937316741945, 4.13540618208313]
JVASP-2394,Na2HgO2,2.74796037462616,[1.5232289293136598, 2.74796037462616]
JVASP-58986,Na2PdCl4,2.5605702855911256,[1.7359137990798952, 1.6837318399276735, 1.5186485507812502, 1.6491121509399416, 2.5605702855911256, 2.119894550117493, 2.1317845442619325, 2.502713427814484]
JVASP-58865,Na3AuO2,4.859826610359192,[-0.15683133813476557, 0.43808023718261724, 0.3963569858398438, 1.0787529208984377, 1.4173280456390382, 2.0138837554779054, 1.203453228744507, 4.189025090011596, 2.281525657447815, 2.5735581376876833, 4.859826610359192, 4.441520021232605]
JVASP-107203,Na3Pd,1.0440942504730226,[-1.0416924497756956, -0.5858385107192993, 1.0440942504730226]
JVASP-107204,NaGa3,-1.283391549316406,[-1.283391549316406]
JVASP-104942,NaPrS2,1.8239371040191652,[1.8239371040191652]
JVASP-43170,NaMnO2,1.9106039264526369,[1.9106039264526369]
JVASP-13868,Na2SiF6,6.781398222717285,[2.183250592025757, 6.781398222717285, 4.356524870666504, 5.041870520385742, 4.483587191375732, 2.582399771484375]
JVASP-43171,NaMnO2,2.735064432891846,[0.12840931204223638, 2.735064432891846]
JVASP-102357,Na2AlCuF6,4.175841973098755,[0.48682038572692876, 4.175841973098755]
JVASP-13749,Na2TiF6,6.210072443756103,[1.7608739593353273, 5.858387873443603, 6.210072443756103, 4.91940538671875, 3.6325668552246095, 3.5362843730773927]
JVASP-2730,NaNdO2,2.511009619506836,[-0.9788671276245117, 2.511009619506836]
JVASP-2850,Na3SbSe4,1.2242535808410646,[-0.3594301483306884, 0.4611191013183594, 1.2242535808410646]
JVASP-52936,NaAlH2CO5,1.5241607883300783,[1.1619371631469728, 1.5241607883300783]
JVASP-58988,Na3BP2,1.46228925970459,[-1.0968852779541014, -0.26261432382202143, -0.21464331361389155, 1.1498405196990968, 1.1668519237365724, 1.0558432796325685, 0.9269475200500489, 1.276169703277588, 1.46228925970459, -0.129188134399414, 0.953432486328125, 0.07689039495849614]
JVASP-85006,NaMn2O4,1.7297720172729494,[0.6822313526000977, 1.7297720172729494]
JVASP-58992,Na5InS4,3.610956595214844,[-0.6520959875259399, -0.2699722788009643, 0.312664196762085, 0.1941920974578858, 3.2310792663421632, 3.610956595214844, 3.2109779575195314, 2.1829954841461183, 2.780576751502991, 2.7839982965316774]
JVASP-102364,K2NaTaBr6,-0.45472414704895014,[-0.45472414704895014]
JVASP-107101,K2NaYI6,-0.48379309388732905,[-0.48379309388732905]
JVASP-85012,Na3Mn4O8,1.4984692790832521,[0.16946737554931646, 1.067877695831299, 1.4984692790832521]
JVASP-107713,Na2PtO6,6.54430978086853,[3.3814241149749757, 6.54430978086853]
JVASP-107371,NaCr2S4,0.7327355602111817,[0.7327355602111817]
JVASP-107542,NaLaMgTeO6,1.0193962314453127,[1.0193962314453127]
JVASP-107102,K2NaAsBr6,0.6568739869918824,[0.6568739869918824]
JVASP-1495,NaLi2Sb,-0.6092246315155029,[-0.6092246315155029]
JVASP-102365,K2NaAuBr6,0.5882515766944886,[0.5882515766944886]
JVASP-107597,Na2GaAgI6,0.8861965396728516,[-0.20655114862060542, 0.8861965396728516]
JVASP-14306,NaMnP,-1.011709525314331,[-1.054755999771118, -1.011709525314331]
JVASP-107216,Rb3Na,-1.483177973953247,[-1.483177973953247, -1.7340591690216063]
JVASP-107106,K2NaNdI6,-0.3425539276275634,[-0.3425539276275634]
JVASP-58900,Na3BN2,3.615396425994873,[-1.5563362381134032, -1.7213204643402098, -1.322834088531494, -0.5678234836730957, 0.8964213588562012, 2.9716948726501466, 1.857592985900879, 1.2264179447021486, 1.74947826651001, 2.2658681133117677, 1.9501189449157716, 3.615396425994873]
JVASP-107716,K2NaCrCl6,0.8494486072387696,[0.8494486072387696]
JVASP-1498,NaInO2,1.5857638576354982,[1.5857638576354982]
JVASP-107598,K2NaInI6,0.010337279113769582,[0.010337279113769582]
JVASP-3081,NaAlTe2,0.3908058860626221,[-0.5719531318817138, 0.3908058860626221]
JVASP-19087,NaNO,3.6883196094360353,[-0.42733652803039546, -0.18824608537292475, 0.23866979864501958, 0.33651678350830083, 0.9668711879577637, 1.0676202037658693, 2.6737989642944338, 3.6883196094360353]
JVASP-22736,NaCaAs,-0.006914689270019481,[-0.006914689270019481]
JVASP-107599,K2NaCeBr6,-0.26306791516876216,[-0.26306791516876216]
JVASP-3084,Na3SbS4,1.825253412994385,[-0.09907348367309565, 1.0079602458801271, 1.825253412994385]
JVASP-13359,Na4S2O5,1.8753341892089845,[0.05735413816833501, 0.6677297809448243, 1.8753341892089845, 1.4624530532684328]
JVASP-107600,Na3TmCl6,3.4632980087127687,[-0.42239363404846186, 3.4632980087127687, 3.092233584197998]
JVASP-107602,K2NaAlCl6,0.29744188574218755,[0.29744188574218755]
JVASP-2637,Na2AsAu,1.0359688260879518,[-0.835106684890747, -0.27201779100036616, 0.5050602414932251, 1.0359688260879518]
JVASP-2856,Na4CdP2,0.687158153327942,[-0.23758144589996333, -0.3679598114166259, 0.687158153327942, 0.19299070623779302]
JVASP-7719,NaErO2,1.048193857940674,[1.048193857940674]
JVASP-1690,NaYS2,1.2186645725097658,[1.2186645725097658]
JVASP-49764,NaAgO2,2.8160578468170168,[2.8160578468170168]
JVASP-48601,Na5Mn7O16,2.42070047644043,[1.4927148082580568, 1.9228076198425295, 2.42070047644043, 1.852543280395508, 2.1553591945495607]
JVASP-2640,Na2SbAu,0.6714184739913941,[-1.0451236507568358, -0.31061823579406733, 0.36864762094879155, 0.6714184739913941]
JVASP-13014,Na5Co2S5,1.3736085155334474,[0.4426664569702149, -0.3529535076293945, 1.0718435504760744, 1.0719751575317384, 1.3736085155334474]
JVASP-14267,NaMnSe2,0.5774645068969727,[0.5774645068969727]
JVASP-18650,Na2CdSn,0.4591435649719239,[-1.157046153274536, -0.8779805442962646, -0.34710796090698237, 0.4591435649719239]
JVASP-107679,NaY3,-2.0153189441833494,[-2.0153189441833494]
JVASP-2868,RbNaS,1.9115258910980226,[0.13417355802917486, 1.9115258910980226]
JVASP-1609,NaRhO2,1.3704427936401369,[1.3704427936401369]
JVASP-8136,Na2UO4,3.5425562122192384,[0.46232502249145513, 3.5425562122192384]
JVASP-15344,NaZnSb,-0.1993618747863769,[-0.9439266464385986, -0.1993618747863769]
JVASP-49909,Na2SnO3,3.8011199691619875,[0.0785316684570313, 3.357757017883301, 3.8011199691619875, 3.3525635459747316]
JVASP-19094,Na2GeS3,2.4714130618896486,[0.2078036525573731, 0.48387520101928716, 0.8630952098693848, 1.1928395488586427, 2.3930877902832033, 2.4714130618896486, 1.72457592276001, 2.338693545135498]
JVASP-8053,NaTaO3,3.0433668353881838,[3.0433668353881838]
JVASP-52186,Na6SbO5,11.365186379226685,[-0.507047488418579, -0.48147566529846186, -0.3342760345611572, 1.8956205108489992, 3.089836523803711, 2.077274725708008, 2.930661127838135, 2.911852762969971, 4.790848181518554, 3.290275500091553, 4.074878380569458, 11.365186379226685]
JVASP-8181,Na3As,0.8853195169296265,[-0.43465037557220454, -0.5577593586120605, 0.8853195169296265]
JVASP-7641,NaGaTe2,0.3119513848152161,[-0.6291338345680236, 0.3119513848152161]
JVASP-8138,NaAlO2,1.7830485561218263,[1.7830485561218263]
JVASP-52403,Na2CuH4C4O10,1.6342100360717775,[0.965090201171875, 1.6342100360717775]
JVASP-13288,Na2SO3,3.4968294360961916,[0.46253912237548833, 1.6902145603027345, 3.4968294360961916, 0.22623960760498052]
JVASP-51374,Na2H6PtO6,2.1420292117919923,[1.3059658267822267, 2.1420292117919923]
JVASP-7643,NaAlSe2,0.8254493930664063,[-0.5193887493286132, 0.8254493930664063]
JVASP-7810,NaSe,0.9531996705856324,[0.3765219905700684, 0.24922101286315923, 0.8994439103927613, 0.9531996705856324]
JVASP-10676,Na4ReN3,2.658239767822266,[-1.3280850193176268, -1.457625462738037, -0.2750745556030273, 0.13025228765869146, 2.658239767822266, 1.3175691821899416, 0.16081230429077153, 1.8897704341735841]
JVASP-51295,Na2TiAu,-0.17806608888244624,[-1.2506145975265501, -0.17806608888244624]
JVASP-13375,Na4C2O5,2.5201019504394533,[-0.006825043884277293, 1.2596153476562502, 2.5201019504394533, 0.303431437286377]
JVASP-19072,NaZnF3,7.258618638786316,[1.7362188556518556, 3.9086407878723146, 7.258618638786316, 4.399004028114319]
JVASP-49768,NaTmO2,3.131436751159668,[-1.0818944713745116, 3.131436751159668]
JVASP-8058,Na2PtC2,2.0354599216308595,[-0.1702311775360107, 2.0354599216308595]
JVASP-7778,Na4CO4,2.3633364894714357,[-0.5242863437805175, 1.3394779422607423, 1.8801063754882814, 2.3633364894714357]
JVASP-10871,Na3PS3O,1.820455239089966,[0.197490856918335, 0.36269109037780767, 0.9415950038757325, 1.2568220355834963, 1.820455239089966, 0.21442286756896978]
JVASP-52411,Na2MgH4S2O8,1.3778013446655275,[0.8816661098327637, 1.3778013446655275]
JVASP-51385,NaTeH6O6F,2.3728298404541017,[2.3728298404541017]
JVASP-8060,NaCuO2,2.461359427246094,[2.461359427246094]
JVASP-27515,NaBe4SbO7,0.49991028097534185,[0.170191691192627, 0.49991028097534185]
JVASP-8533,NaO3,3.161616013320923,[3.161616013320923]
JVASP-27516,Na3SbO3,3.5314153888549806,[-0.11322910997009272, 0.16568486479187017, 0.26663701322937017, 1.5042692878570558, 2.56743423727417, 3.5314153888549806, 2.988796875747681, 2.281651184829712, 2.5501436450805666, 2.961913988861084, 1.7000629165496828, 3.237142727645874]
JVASP-8596,NaBeH3,-0.5093765995178222,[-0.5093765995178222]
JVASP-27517,NaNb6O15F,0.7999047496643067,[0.7999047496643067]
JVASP-50981,NaLuO2,6.144021914276123,[-1.1724992534790037, -0.22039373132324214, 0.9868506648864747, 6.144021914276123]
JVASP-8809,NaAsSe2,0.8795174815979004,[0.1733798244323731, 0.8795174815979004]
JVASP-51764,NaInH8N2F6,1.440492556365967,[1.440492556365967]
JVASP-50278,Na2Be2O3,13.41470043447876,[1.7138075092163088, 4.046698973449707, 2.875379965576172, 13.41470043447876]
JVASP-51138,Na2LiTa,-0.6479995987091064,[-0.6479995987091064, -1.2646997711334227]
JVASP-8695,NaLi5N2,-2.580578877655029,[-2.580578877655029]
JVASP-8696,Na5LiN2,0.9801215389099122,[-1.2965060016784666, 0.15026633528137212, -0.017227365699768016, 0.6636336305465699, 0.9801215389099122]
JVASP-7653,NaAuC2,0.5717910983886719,[0.5717910983886719]
JVASP-8600,NaHO,3.50704400328064,[1.726557419570923, 3.50704400328064]
JVASP-51142,NaOsSe2,-0.5002179882202148,[-0.5002179882202148]
JVASP-8628,NaMnO2,2.489881918701172,[0.31761114385986333, 2.489881918701172]
JVASP-8601,NaHO,3.7478265025939943,[1.4750184276428224, 3.7478265025939943]
JVASP-12950,Na4SnSe4,1.9522704341735841,[-0.1854676744613647, 0.2523539522018433, 0.5509331682052613, 0.9591072061386109, 1.244291827949524, 0.9766560056533814, 1.9522704341735841, 0.9699124553527833]
JVASP-27529,NaAlSiO4,5.451401636871338,[0.5538443782653809, 0.48538677481079107, 5.451401636871338, 1.7200068691101076]
JVASP-13302,Na3UF7,3.246748373779297,[0.6588472583618165, 2.627135679992676, 3.246748373779297]
JVASP-27530,Na6ZnS4,3.2420031287994386,[-0.6513126632843017, -0.11212475511169429, 0.4063400485839844, 2.650380776199341, 2.572565481933594, 1.2954808929290773, 1.36166088369751, 1.2379785039749147, 1.4733093240585329, 2.282481596740723, 1.770518944534302, 3.2420031287994386]
JVASP-19105,Na2S2O3,4.0852491119232175,[1.1640822151031496, 1.4346815803375246, 1.0716764190521242, 2.031761334213257, 2.347390816482544, 4.0852491119232175, 3.669917271408081, 2.4011713722076418]
JVASP-51337,Na2SrFe,0.688607857498169,[-1.4122331878814696, 0.688607857498169]
JVASP-12952,Na3PS4,1.0931686618652345,[-0.11767394754028315, 0.25937311437988286, 0.3784565189208985, 0.9417294719543458, 1.0170950153198244, 1.0931686618652345]
JVASP-7968,NaAuO2,3.6827606418457033,[1.7862915256347658, 3.6827606418457033]
JVASP-8733,NaClO2,2.3642894485321047,[1.6648709037628175, 2.3642894485321047]
JVASP-7865,Na5NiSO2,4.7162974336471555,[-0.32896967145538325, 0.40332309988403325, 1.5289239147033693, 1.8543479898300173, 4.7162974336471555]
JVASP-45392,Na2LiGaAs2,1.2479179361190798,[-1.1865359089050291, -0.9918018123779296, -0.9147669813308715, -0.03631682607269282, -0.5239469549331665, 1.2479179361190798, -0.4614822408828735, -0.3149382612380981]
JVASP-76257,Na3Cl2,12.910094664367676,[-0.6375906011734008, 4.98481385496521, 12.910094664367676]
JVASP-76258,Na2Cl,18.20028118875885,[-2.6879170081291197, -0.5575059792671203, 2.286825940879822, 18.20028118875885]
JVASP-8115,KNaO,1.478913352760315,[0.1664436319198609, 1.478913352760315]
JVASP-8817,NaBiSe2,1.3164891460266115,[-0.03970105859374995, 1.3164891460266115]
JVASP-8070,Na2PdC2,1.605768606933594,[-0.24166496011352534, 1.605768606933594]
JVASP-7659,NaLi2N,-1.6240053913269041,[-1.6240053913269041]
JVASP-55316,Na4Mn2O5,4.107372687133789,[-0.3157411358032226, -0.13267667504882807, 0.6087874629821778, 2.261566088470459, 1.9915575244750978, 3.6025203922119142, 3.797428534301758, 4.107372687133789]
JVASP-15940,NaMnSe2,0.5774645068969727,[0.5774645068969727]
JVASP-7696,Na5CuSO2,3.5251242378082277,[0.13034062174224859, 0.7230343082275391, 2.053016112121582, 2.5322620132293703, 3.5251242378082277]
JVASP-8773,NaSbSe2,0.6097451904144288,[0.16220061567687993, 0.6097451904144288]
JVASP-9084,NaC,3.138457701477051,[-1.3025441906127928, -0.36554010125732417, 0.6197833278503418, 0.6921872356262208, -0.1719718715820312, 2.5043043353881838, -2.3456950924072264, 3.138457701477051]
JVASP-50129,NaPdO2,1.8769580581512453,[1.8769580581512453]
JVASP-12956,Na2CS3,0.4848002651062012,[0.06874482420349126, 0.08467166212463384, 0.4848002651062012, 0.24384777334594732]
JVASP-50131,BaNa2O2,2.389650032791138,[-0.6747165462646484, 0.8140157916870118, 2.389650032791138, 1.4070469596710207]
JVASP-50887,Na4NpO5,3.5878495433654787,[-0.3740440151367187, 1.8459438541259767, 3.5878495433654787, 2.139598772796631]
JVASP-8122,NaRuO2,0.6693500736083985,[0.6693500736083985]
JVASP-22441,Na3Cd2IrO6,3.5904084899749757,[0.5415815570678711, 1.7750086047973634, 3.5904084899749757]
JVASP-9119,NaO,3.622161791595459,[0.5303439357604981, 0.7195309856262208, 1.3766683795776369, 1.5546182849731447, 2.7541140773620607, 3.622161791595459]
JVASP-8125,NaCuSe,0.41790400532150274,[-0.16658534022903437, 0.41790400532150274]
JVASP-51229,NaSrNb2,-1.2635014793548582,[-1.2635014793548582]
JVASP-7873,Na5CoSO2,3.2672614314880373,[0.017623827728271535, 0.5324429729309083, 1.6851844051208498, 1.510145590576172, 3.2672614314880373]
JVASP-50889,NaSmO2,2.6264161327209474,[-1.066897465911865, 2.6264161327209474]
JVASP-45318,Na6ZnS4,3.2684043505516054,[-0.6232611677322387, -0.11212225171661372, 0.40633778360748296, 2.567427680763245, 2.426152990135193, 1.5248506524887087, 1.3595972516860964, 1.2959001520004274, 1.352851615222931, 2.2754543879356386, 1.6894237854804994, 3.2684043505516054]
JVASP-8126,NaCuTe,0.1661394098129273,[-0.49335355970001216, 0.1661394098129273]
JVASP-52876,NaH3Se2O6,2.0884055354919435,[1.8486594417419435, 2.0884055354919435]
JVASP-48614,Na2Ni5O10,1.9361056545104982,[1.7159499385681154, 1.9361056545104982]
JVASP-13029,Na2Ti3Cl8,0.36108748701477056,[-0.35093791696166987, 0.36108748701477056]
JVASP-11746,Na4FeO4,2.6854442813720705,[0.14350907591247564, 0.7258993842926026, 1.3862997749176027, 2.685170338424683, 2.2011961200561525, 2.6854442813720705, 2.6850945213165285, 1.7596065261688234]
JVASP-51398,NaN3,0.6378092029418946,[0.6378092029418946]
JVASP-51399,NaCaSiHO4,3.4076499202575685,[1.6722144344177248, 3.4076499202575685]
JVASP-51344,NaHF2,4.811126873764038,[4.811126873764038]
JVASP-11748,Na4FeO3,2.3262926795806886,[-0.7302683136138916, -0.0369466087493896, 0.26506321218872075, 2.106930659088135, 2.3262926795806886, 2.1819869735565187, 1.961195395263672, 2.224296973022461]
JVASP-9598,NaNbO3,2.3752378681030275,[2.3752378681030275, 2.00839464453125]
JVASP-8826,Na2CeO3,2.795674727233887,[0.5679868915405274, 2.795674727233887]
JVASP-9391,Na2CuF4,4.656016037734985,[3.05674783972168, 2.790057108673096, 4.235903666290283, 4.656016037734985]
JVASP-52317,NaBeO2,3.757133410247803,[0.3566650607910157, 1.8000044086303713, 3.757133410247803, 2.9373835780944826]
JVASP-50139,Na2O,24.10440568712616,[-0.07729346963500972, 1.4542030551757814, 3.5127726056900026, 24.10440568712616]
JVASP-50893,NaLuO2,2.8547705867614748,[-1.0307541629943846, 2.8547705867614748]
JVASP-45328,Na3AsSe3,2.3780781486358644,[-0.3361913702163696, -0.3687867662582397, -0.35236306401824946, -0.21835489484405513, 0.35174457815551763, 0.7285513141479493, 0.7258640983428956, 1.1211344459381105, 2.3780781486358644, 1.4616092899169923, 0.3178836562957764, 0.2362608173217774]
JVASP-21401,NaSr3IrO6,0.36731188085937505,[0.17474882391357427, 0.36731188085937505]
JVASP-7746,NaSnN,-0.08602149697875972,[-0.5603867313537597, -0.08602149697875972]
JVASP-45393,Ba3NaRuO6,0.07582943228149419,[-0.19997794839477534, 0.07582943228149419]
JVASP-9773,Na2TiGeO5,4.8151215770568845,[0.20753996160888677, 1.0217851856079103, 2.1820124843444826, 4.8151215770568845]
JVASP-8555,NaCl,9.619741843017579,[9.619741843017579]
JVASP-51348,NaH2N,2.570244238647461,[-0.9588552257690429, -0.41671617242431636, 1.3337711551513673, 2.570244238647461]
JVASP-53618,NaHoF4,5.939577505859375,[0.26144401815795903, 5.939577505859375]
JVASP-12725,Na6MnCl8,5.128926203521728,[0.28473393705749517, 1.333922789367676, 5.128926203521728, 4.04859821585083, 1.3069302299346925, 3.251362667354584]
JVASP-45356,Na6P4W,2.1079749324645998,[-1.1581559917602537, -0.9554744503173828, -0.6477046749267578, -0.5571122905883789, 0.7429470279541016, 0.3727335193481446, 1.3529500224914552, 2.0654029109802248, 0.06277053144836431, 0.02170483854675298, -0.034776284423828074, 2.1079749324645998]
JVASP-12726,Na2Mn3Cl8,2.0449537494506838,[0.9594132163848877, 2.0449537494506838]
JVASP-9995,BaNaBO3,5.202008173736572,[0.5578812816467286, 5.202008173736572]
JVASP-10229,Na2ZnS2,2.7535348394241335,[-0.3289312860641479, 1.024654195579529, 2.7535348394241335, 1.7052523353424074]
JVASP-45360,Na8TiAs4,1.2189300515975954,[-1.5022245189819334, -0.6907149097595214, -0.875786616531372, -0.682880236831665, -0.29203398439025874, 0.637213871749878, 1.2189300515975954, 0.019548223289489797, -0.18563373300170893, 0.9744416930999756, -0.16216011258697505, -0.07872863027191157, 0.4694734075393677, 0.5659678438034058, -0.6903000614318847, -0.7401810428771972]
JVASP-10294,RbNa2BO3,4.387463496002197,[-0.9218669674072265, 2.553628371032715, 4.387463496002197, 3.71526138571167]
JVASP-11752,Na2FeO4,2.4491724231567384,[1.3448142268981935, 2.4491724231567384, 1.5753635623779298, 1.5942844608154298]
JVASP-12572,NaH2N,2.567090914520264,[-0.9734078190002441, -0.5384073993835449, 1.4153012492980959, 2.567090914520264]
JVASP-8173,RbNaO,1.3075763442840578,[0.11567966726684575, 1.3075763442840578]
JVASP-10534,Na4SnO4,5.757997200759887,[0.07783310202026372, 2.2070411899414064, 0.7624897220458985, 2.519335673126221, 3.0863162734832765, 3.085478947433472, 3.8531476714935304, 5.757997200759887]
JVASP-49209,Na6MnSe4,2.0963321187820436,[-0.8964334270629882, -0.5950821182403564, -0.025656177726745555, 0.4687190511550904, 1.4328375318374635, 2.0963321187820436, 1.128227160247803, 1.526904509338379, 1.4680163123931886, 0.9797093131866456, 1.3184974649276735, 1.7840450265731813]
JVASP-13772,Na2SO4,2.5253886440124513,[0.3425273158874512, 2.5253886440124513, 2.5244056442108156, 0.8371521690216065]
JVASP-10231,KNa2BO3,4.6246332385864255,[-0.7141924640808105, 2.0845770099487306, 4.6246332385864255, 4.373633787902832]
JVASP-11374,Na2Sm2Ti3O10,3.4605511882629396,[3.4605511882629396, 3.347486422332764]
JVASP-9401,NaGaO2,4.740775749954223,[0.3606971958007813, 1.8305968501892091, 4.740775749954223, 3.4740063407745363]
JVASP-11143,K2NaCuF6,3.466564104827881,[3.466564104827881]
JVASP-11108,K2NaTlF6,2.712761090072632,[2.712761090072632]
JVASP-55526,Na2Te2O7,4.527592585357666,[2.9182719447937013, 4.527592585357666, 3.0150715568389894, 3.267760918411255]
JVASP-58919,Na2ZnBr4,5.222917065891266,[0.47366343525314336, 0.5555968144264222, 1.9059164383735658, 2.7930561163749696, 5.222917065891266, 2.743374452861786, 1.4571603992309572, 2.202751324447632]
JVASP-10137,Na4SiO4,4.108156607421875,[-0.4720524093780517, 2.195267365249634, 2.6183199146118166, 1.4055628040161134, 4.108156607421875, 3.05528299597168, 2.425076887878418, 3.8713926532592775]
JVASP-22442,Ba3NaIrO6,0.12667982366943364,[-0.08970124932861323, 0.12667982366943364]
JVASP-51403,NaHCN2,0.6297063091125489,[-0.07093246194458003, -0.11372001382446284, 0.5649537303771973, 0.6297063091125489]
JVASP-12576,NaGaH4,-0.28690703126525874,[-0.6079295417938232, -0.28690703126525874]
JVASP-51406,NaHS,1.5691866138305666,[0.21403448370361333, 1.5691866138305666]
JVASP-5128,Na2SO4,2.683677599700928,[0.33155767706298833, 2.3352979877319338, 2.683677599700928, 0.8251094081726075]
JVASP-27330,Rb2Na4Co2O5,2.483653471740723,[-0.4575720569763183, 0.027143404754638722, 0.6370949008789063, 0.04136221197509771, 1.1882442691650392, 2.483653471740723, 1.1000773170318605, 1.6369692542877199]
JVASP-26681,Na3OsO5,3.053825304779053,[1.3047947147216798, 1.6038474300231935, 2.548329756530762, 2.5843509891357423, 2.62162821081543, 1.91266767767334, 2.193915770324707, 3.053825304779053, 2.314227030548096]
JVASP-10003,Ba2NaReO6,0.3201350429382325,[0.3201350429382325]
JVASP-12731,NaMnCl3,2.34164659765625,[0.8068122127380372, 2.34164659765625]
JVASP-8793,K2NaAs,-0.5041200062904357,[-0.7329187533531188, -0.5041200062904357]
JVASP-10472,NaSi2N3,0.6436986186828614,[-0.613438679901123, 0.6436986186828614]
JVASP-10539,K2NaGaP2,-0.9460939905319213,[-1.4098116895828245, -0.9460939905319213]
JVASP-8033,NaNbO3,2.7349652507629396,[2.7349652507629396]
JVASP-51901,Na4CO4,2.9811996677246095,[-0.863354279724121, 0.4921039798583985, 2.9811996677246095, 2.7888511875]
JVASP-5341,Na5Zr2F13,6.642830775054931,[0.6750549533691407, 2.5027708270874025, 6.642830775054931, 4.1423005321350095, 4.8289720275726316]
JVASP-9738,Na2GeO3,4.417643473419189,[0.7574400165405274, 3.1550020435180666, 4.417643473419189, 2.8987063625183107]
JVASP-8094,NaCrS2,0.48975126531982427,[0.48975126531982427]
JVASP-11189,NaAlAsO4F,3.3018030383911134,[1.8956512668457033, 3.3018030383911134]
JVASP-56914,K2NaBP2,0.723862812789917,[-0.29415829393005366, 0.723862812789917]
JVASP-10544,K2NaGaAs2,-0.9780721208724975,[-1.3423845312271117, -0.9780721208724975]
JVASP-12617,Na2CoGeO4,3.0809797504272463,[0.9115292289581299, 1.1535751083221437, 2.8606123187866213, 3.0809797504272463]
JVASP-4804,NaMnTe2,0.26460163381958013,[0.26460163381958013]
JVASP-29520,Na2DyMoPO8,2.5393070438232423,[0.46446411398315435, 1.3899945476379396, 0.9079422214355469, 2.0099796512451173, 1.9533342578735353, 2.5393070438232423, 1.926189348968506, 2.450136111053467]
JVASP-12825,Na3BO3,4.9920295932617185,[-0.6636081478271484, -0.46302850457763667, 0.20649473455810552, 1.3595022418823244, 4.9920295932617185, 4.511827872070312, 4.038086340698242, 4.384201453002929, 3.0465540149536134, 2.675374434265137, 3.8781208255615236, 3.9010013797607423]
JVASP-26793,Na2RuO3,3.9280351856079103,[0.28994910505676275, 0.4600154617156983, 0.4782623508300782, 1.830315039428711, 2.502311632904053, 2.20571605947876, 1.9934324481811525, 3.9280351856079103]
JVASP-50307,NaDyO2,3.8782691219177248,[-1.3384323856506346, 3.8782691219177248]
JVASP-50095,NaLuO2,1.1385497310485841,[1.1385497310485841]
JVASP-34921,Na2TiCl4,1.2423378684844972,[-0.42771680566406245, -0.30348308297729487, 1.088925526412964, 1.2423378684844972]
JVASP-34309,NaAgN2O4,1.940004275115967,[0.6228255489196778, 1.940004275115967]
JVASP-57540,K3Na2LiTeO6,2.1608266094055177,[-0.21757228585815425, -0.1254788181457519, 1.2771386363830568, 2.1608266094055177]
JVASP-27783,NaCu3F7,3.8233186462249757,[2.732571289810181, 3.8233186462249757]
JVASP-22662,NaN3,0.6482962825622559,[0.6482962825622559]
JVASP-11192,NaGe2N3,0.5139765003051758,[-0.09214933129882807, 0.5139765003051758]
JVASP-9698,Na3AlP2,1.72535078314209,[-1.4916816494140623, -0.6753750583801269, -0.6408315441284179, 0.9775876262512208, 0.8158091762390137, 1.72535078314209]
JVASP-27786,NaTeF5,4.038628504547119,[2.8939284541931154, 3.6568373897399904, 2.977282450469971, 4.038628504547119]
JVASP-24654,Na6CdCl8,5.7729627349700925,[0.6533426502075196, 2.374386952194214, 5.7729627349700925, 3.3058488824691774, 2.5764368036117555, 4.392605231079101]
JVASP-34785,KNaB2H8,-0.7770834705505371,[-0.7770834705505371]
JVASP-34206,Na3SO4F,3.956051514419556,[2.135337517532349, 3.065713093551636, 3.956051514419556]
JVASP-50995,NaHO,2.2853893497314455,[1.5348839023437502, 2.2853893497314455]
JVASP-10548,Ba4NaB3N6,-1.2199974796447752,[-1.2199974796447752]
JVASP-34256,Na2Cu2TeO6,2.616146967681885,[1.4623259761657716, 2.616146967681885]
JVASP-12831,NaBO2,4.918172285827636,[-0.0808616420898437, 1.1037725665893556, 2.3284095981445314, 4.612702772888183, 4.918172285827636, 3.8351043918457033]
JVASP-76831,NaTl2In,-2.268642260757446,[-2.268642260757446]
JVASP-9701,Na2SeO4,3.515251324447632,[2.2523018577423097, 3.189532444747925, 3.515251324447632, 3.439624474319458]
JVASP-34657,Na2S,27.210565970214844,[-0.21783287736511225, 1.322063133987427, 1.414820120605469, 1.4266604640808107, 0.8214785316314698, 2.130962536605835, 5.792753622802734, 27.210565970214844]
JVASP-42372,NaFeO3,4.304972574981689,[2.436859057220459, 4.304972574981689]
JVASP-7893,NaWO3,1.3852586009826662,[1.3852586009826662]
JVASP-43470,Na3CoO3,2.8450931766357423,[-0.10566098901367182, 0.7071847179260254, 1.4267884948577882, 1.3638116576995851, 2.1111571052398683, 2.1099855163421632, 2.051151440414429, 2.462834046157837, 1.6458896854248048, 2.3380769946899416, 2.8450931766357423, 2.8358778217163088]
JVASP-57819,Na2CrF4,5.812155411514282,[0.5754427173461915, 1.3593873241271974, 5.812155411514282, 4.713782475265503]
JVASP-57372,Na5MoNO4,7.143695280822754,[-0.7444220325622558, -0.6240082523498535, 0.08280603674316411, 1.4437917926635744, 2.434959814819336, 2.128802702697754, 4.198404715332031, 3.3533310153808595, 1.77350752142334, 7.143695280822754]
JVASP-42378,Na2SnO2,3.5190512397613527,[-0.32823140832519526, -0.1019655010375976, 0.43049733427429204, 1.0420614936676027, 3.5190512397613527, 2.8190900543060304, 1.6581737258758547, 2.18433253553772]
JVASP-12835,Na2B2Se7,0.2745928027954102,[0.025682375701904347, 0.1027020671691895, 0.2745928027954102, 0.2513818004455567]
JVASP-36001,NaLiICl,2.436348841461182,[2.436348841461182]
JVASP-36003,KNaICl,1.6563218095626833,[1.6563218095626833]
JVASP-57824,NaCrF6,3.3168906429138185,[3.3168906429138185]
JVASP-11775,Na3MoNO3,1.8555335262145998,[-0.3209429523620605, 0.25428955343627935, 0.7101926067199708, 1.8555335262145998, 1.197934077056885, 1.3915576198425295]
JVASP-11778,NaV2O5,1.281148836883545,[1.281148836883545, 1.2211426952209474]
JVASP-10460,NaLi2AsO4,2.372291014465332,[1.1332449176635744, 2.372291014465332]
JVASP-10461,K2NaAlP2,-1.441096617904663,[-1.4565938255462645, -1.441096617904663]
JVASP-10481,K2NaAlAs2,-1.4448023578796385,[-1.5485473415527342, -1.4448023578796385]
JVASP-34268,Na4CO4,2.2424840190734865,[-1.174004389968872, 1.4014291026916506, 2.2424840190734865, 1.1710361697998048]
JVASP-10876,BaNa2,-0.661312534538269,[-1.1678779861602782, -1.717412306991577, -1.1047107717666624, -0.661312534538269, -1.764538361755371, -0.8480997821960449, -2.0232020160827635, -2.0178075573120116]
JVASP-57148,NaZr2MnF11,1.9920410373535158,[1.9920410373535158]
JVASP-85074,KRb2Na,-1.9288726589355467,[-1.9288726589355467]
JVASP-11200,Na2PtSe2,1.049034045013428,[-0.4987366935882568, -0.29356129380798335, 0.6924113490905762, 1.049034045013428]
JVASP-78748,NaLiTe,0.06398896959686284,[0.06398896959686284]
JVASP-78749,BaNaSn,-1.8764663479003905,[-1.8764663479003905]
JVASP-78429,NaSe,1.7152580478515627,[1.7152580478515627]
JVASP-78583,NaBeSb,-0.9165187618408203,[-0.9165187618408203]
JVASP-4825,NaMgF3,6.12754575994873,[2.2181658008422853, 6.12754575994873]
JVASP-49871,NaCu2O3,2.329704449447632,[2.329704449447632]
JVASP-57380,KNaMnO2,0.04571454313659673,[-1.1250124714050291, -0.6088338634643554, -1.1113022110137938, 0.04571454313659673]
JVASP-9415,Na3AgO2,3.2084928014602663,[-0.25012917729949946, 0.4732501962509156, 1.3975674369659425, 2.0966574409332277, 3.1965169170227052, 3.2084928014602663]
JVASP-11783,Na4WN2O2,2.299027369293213,[-1.037513329711914, -0.6676460048828124, -0.8463168880615234, -0.5182224056396484, 1.306917116912842, 1.8802918651428224, 2.299027369293213, 0.6974429347839356]
JVASP-79059,NaNb3,-1.762883736816406,[-1.762883736816406]
JVASP-79061,Na3Bi,0.19585935858154302,[-0.2089308044586181, -0.8181880256805419, 0.19585935858154302]
JVASP-34278,Na4CO4,2.3994969585266115,[-1.1746817371520994, 0.7769436099853516, 1.978106901916504, 2.3994969585266115]
JVASP-11427,Na6S2O9,5.726701662811279,[1.2090701320495607, 1.8479003169860841, 2.7290796497192384, 4.423209355148315, 3.0779849746551515, 5.726701662811279]
JVASP-49874,Na4Ti3O8,6.733827994140625,[0.2688988902893067, 1.4502734401550295, 2.7853192546691896, 6.733827994140625]
JVASP-78758,NaTm,-1.7493615886840819,[-1.7493615886840819]
JVASP-51364,NaPH3NO3,5.637830660614013,[0.7154530742492676, 5.637830660614013]
JVASP-78344,NaB,1.095358655723572,[1.095358655723572]
JVASP-79062,Na3Be,-0.8886576435241699,[-0.948977067199707, -1.5814789077911375, -0.8886576435241699]
JVASP-12630,NaFeO2,2.957436964782715,[0.5547866084899903, 1.4371175029602052, 1.4859289386596681, 2.957436964782715]
JVASP-78469,NaO,3.2658418872680666,[3.2658418872680666]
JVASP-79063,Na3C,2.0069644906845094,[-1.2383520147476195, -1.229837729660034, 2.0069644906845094]
JVASP-79064,NaTl2Sb,-1.1158900997314452,[-1.1158900997314452]
JVASP-79065,NaTl2Pd,-1.4591993233833311,[-1.4591993233833311]
JVASP-57829,NaAgN2O4,2.2397259929504396,[0.6795968273010254, 2.2397259929504396]
JVASP-34280,Na4CO4,2.1332711437072756,[-0.8316226741943359, 1.3341676452484132, 2.084072754653931, 2.1332711437072756]
JVASP-57311,NaVCdO4,2.157547877105713,[0.7515496471252442, 2.157547877105713]
JVASP-34284,Na4CO4,3.0904239871826173,[0.5948123195495606, 1.334610865386963, 0.8318728664245606, 3.0904239871826173]
JVASP-76775,NaMgCd2,-1.7448795578155516,[-1.7448795578155516]
JVASP-50171,Na2SnO3,3.8707467773284914,[-0.08573372575378413, -0.09226639482116694, 2.2457355716552736, 3.7341508128967287, 2.9778429725494386, 3.8707467773284914, 2.768037722381592, 3.2678889491882326]
JVASP-78634,NaCN,-0.02939851495361323,[-0.02939851495361323]
JVASP-55570,NaSbO3,4.146861479553222,[1.7742439964141847, 2.23731629637146, 4.146861479553222, 3.3350443103637697]
JVASP-10555,Na2NbF6,3.6172591903533937,[0.9977983692016602, 1.0975236156311037, 1.6696802833404543, 3.6172591903533937]
JVASP-12935,KNaSe,1.594566509994507,[-0.6639235756072998, 1.594566509994507, 1.2142886379089357, 0.2771553256835938]
JVASP-57150,NaClO4,5.668090508255005,[2.3034130790557863, 2.572865650924683, 4.145329640182495, 5.668090508255005]
JVASP-34579,Rb2NaNiF6,2.676046536239624,[2.676046536239624]
JVASP-9419,Na2PdF4,4.118554280075073,[2.6881233909454347, 4.118554280075073, 3.1344011285629274, 3.850569770606995]
JVASP-79030,RbNa3,-1.5308600208435057,[-1.5308600208435057, -1.6701794407043455, -2.0049215099487303]
JVASP-12936,NaLiSe,2.1361936786499025,[-0.8543172619018554, 2.1361936786499025, 0.9702784278717042, 1.0565788009490968]
JVASP-57154,NaZr2AgF11,4.260940001281738,[4.260940001281738]
JVASP-51427,NaY2In,-1.4641252300415037,[-1.4641252300415037]
JVASP-13415,Na3BN2,3.631927416595459,[-1.55848391267395, -1.721562697616577, -1.3224926731262205, -0.5679894230041503, 0.898773119720459, 2.963354990753174, 1.8595384815063478, 1.2250093677368166, 1.7605227687683107, 2.2678040721740724, 1.9480084636535646, 3.631927416595459]
JVASP-55605,NaIO3,4.0108660915222165,[2.1695682266082765, 2.9252917030181886, 2.5933732250061037, 4.0108660915222165]
JVASP-79089,Na3Tl,-0.8552418491516113,[-1.3792105457458494, -1.008568837371826, -0.8552418491516113]
JVASP-79573,NaGa,-0.6562376758728027,[-0.6562376758728027, -0.8428960582885742]
JVASP-79424,NaLa3,-1.6903234264526366,[-1.6903234264526366]
JVASP-10496,NaAlO2,3.547566817077637,[-0.23840100976562495, 3.547566817077637, 2.348597452911377, 3.069218561920166]
JVASP-79525,Na3Cl,8.853022740158082,[-1.5593094370040892, -1.7880417844924925, 8.853022740158082]
JVASP-9710,Na4UO5,2.763185904296875,[-0.24642522546386714, 2.185621664794922, 2.419935629638672, 2.763185904296875]
JVASP-12938,Na2MgCl4,3.7484413841094972,[0.8858644225921631, 3.7484413841094972, 2.8773048379745485, 2.9222485282745363]
JVASP-79047,NaMg3,-1.0505786678466795,[-1.0505786678466795]
JVASP-9788,Na2ZnSiO4,4.267963335784912,[0.37878410604858403, 4.267963335784912, 2.265908644470215, 3.4763149478759767]
JVASP-79897,Na3Sn,-0.26915056916809077,[-1.0736406585845946, -0.5874789497528076, -0.26915056916809077]
JVASP-49880,Na2Be2O3,4.954769537719726,[-1.2034960529479979, -0.22397144052124018, 3.067387030395508, 4.954769537719726]
JVASP-34632,K2NaNiF6,2.826770231994629,[2.826770231994629]
JVASP-57245,NaNiIO6,3.5087031581726076,[3.5087031581726076]
JVASP-79900,Na3In,-0.718639924255371,[-1.3838051101837157, -1.06002838822937, -0.718639924255371]
JVASP-12939,Na2CdCl4,3.525004790100098,[1.533634827407837, 3.525004790100098, 2.908324883255005, 2.6697580077972414]
JVASP-80135,NaCdIn2,-1.4220829746398924,[-1.4220829746398924]
JVASP-79212,NaN3,0.7010421016540528,[0.7010421016540528]
JVASP-80290,NaCa2Al,-1.2306496641311644,[-1.2306496641311644]
JVASP-55621,K3NaFeCl6,0.3737397649612427,[0.33667950418853765, 0.3737397649612427]
JVASP-79053,NaTa3,-1.773393227783203,[-1.773393227783203]
JVASP-10887,Rb3NaRu2O8,1.5312110641326906,[1.5312110641326906]
JVASP-34637,BaNa2Si2O6,3.928508684906006,[0.6706308582153321, 3.5461458423461916, 3.928508684906006, 2.2566041210021974]
JVASP-9789,Na2ZnGeO4,5.124675677093506,[0.5107824066009522, 1.8218747833099367, 5.124675677093506, 4.4381098010864255]
JVASP-80716,NaHg2Pd,-0.8858295223388671,[-0.8858295223388671]
JVASP-79788,NaN3,2.0107335307922365,[2.0107335307922365]
JVASP-81148,NaLiTl2,-2.0790889999542235,[-2.0790889999542235]
JVASP-80932,NaMgCd2,-1.7331000110778807,[-1.7331000110778807]
JVASP-79794,NaCoO2,1.2713183620300295,[1.2713183620300295]
JVASP-79057,NaTl2Pb,-0.6331089279327392,[-0.6331089279327392]
JVASP-80951,Na2TlPb,-0.3618849060211181,[-1.135859801498413, -0.3618849060211181]
JVASP-81544,BaNaTl2,-0.8563193819198608,[-0.8563193819198608]
JVASP-9790,Na2MgSiO4,4.009295866760254,[0.11531393316650396, 4.009295866760254, 1.4300502994384767, 3.2748417117919923]
JVASP-50191,Na6BeO4,55.99518434790039,[-0.6738792202148437, -0.4329124233398437, 0.7358364322509766, 1.1316370227661134, 2.1062764385070802, 2.5388354518737795, 2.0226921298828127, 2.1877798297729494, 2.6775664546813966, 2.4306010463562013, 3.20107738760376, 55.99518434790039]
JVASP-24604,Na6Ge2S7,2.3181740501251222,[0.044926569732666066, 0.2458457210388184, -0.009707762924194285, 0.8436633804168702, 0.4871935108032227, 1.7189411380615236, 1.0711907604064943, 2.128222868713379, 2.1477786758270265, 2.3181740501251222, 1.2111119487609865, 1.8717700698699953]
JVASP-81555,NaBiPd2,-0.50495345803833,[-0.50495345803833]
JVASP-57098,Na2CdSnS4,2.033501074584961,[0.4112657764282227, 2.033501074584961]
JVASP-79507,NaN3,3.223382518562317,[3.223382518562317]
JVASP-79685,NaScTl2,-2.3472114345703123,[-2.3472114345703123]
JVASP-80548,K2NaCd,-1.5099807521972655,[-1.5099807521972655]
JVASP-79875,NaPmTe2,-0.3931802055511474,[-0.3931802055511474]
JVASP-82068,Rb2NaHg,-1.8151751300964354,[-1.8151751300964354]
JVASP-79928,NaLaTl2,-0.3005600711975097,[-0.3005600711975097]
JVASP-80387,RbNa2Bi,-0.6601882717285156,[-0.892608716217041, -0.6601882717285156]
JVASP-80732,NaFeO2,0.8902863719787598,[0.8902863719787598]
JVASP-85135,NaEuS2,1.3462392547454836,[1.3462392547454836]
JVASP-34336,NaSO4,4.185251162322998,[2.846641466888428, 4.185251162322998]
JVASP-79513,NaN3,2.4732507922973634,[2.4732507922973634]
JVASP-10888,K3NaRu2O8,1.150653050216675,[1.150653050216675]
JVASP-49185,K2Na4Be2O5,6.643801377090454,[-1.0054071685943602, -0.9954636833343505, -0.7607820770416259, -0.24938757630920405, 6.4024559715118405, 6.643801377090454, 3.262244627746582, 3.302703783782959]
JVASP-85206,Ba2NaO,-1.2089734813842772,[-1.5694471141967772, -1.2089734813842772]
JVASP-50029,Na2O,4.603663370880127,[0.27851133135223394, 2.1427746274795534, 2.1491193034973146, 4.603663370880127]
JVASP-81912,NaLi2Tl,-1.682449235645294,[-1.682449235645294]
JVASP-79808,NaVO2,0.2571510532226563,[0.2571510532226563]
JVASP-49191,Na3RhN6O12,2.078680441650391,[1.5898422458496095, 2.078680441650391, 1.6048959949340822]
JVASP-81605,NaSr2Cd,-1.6223598262939452,[-1.6223598262939452]
JVASP-79710,Na2HgBi,0.6918460586395264,[-2.1125920555267332, 0.6918460586395264]
JVASP-81311,Ba2NaMg,-1.7604003688964842,[-1.7604003688964842]
JVASP-79809,NaCoO2,1.2300876834716798,[1.2300876834716798]
JVASP-80612,KNa2Cd,-1.5821686527404784,[-1.5821686527404784, -1.8875027439270018]
JVASP-81633,NaIn2Bi,-1.1320274612579344,[-1.1320274612579344]
JVASP-80697,K2NaHg,-1.7955311081085203,[-1.7955311081085203]
JVASP-58373,NaAlF4,4.452793047698974,[4.452793047698974]
JVASP-81768,KNa2P,-0.5739594242248535,[-0.9432727834854125, -0.5739594242248535]
JVASP-81667,NaCdPb2,-1.4005807182464598,[-1.4005807182464598]
JVASP-34474,NaVF3,0.04076020506286626,[0.04076020506286626]
JVASP-80998,NaIn2Sn,-1.3383622905883787,[-1.3383622905883787]
JVASP-81008,NaTl2Hg,-2.054434134689331,[-2.054434134689331]
JVASP-80817,NaMg2Tl,-1.4676128170166014,[-1.4676128170166014]
JVASP-81190,NaHg2Bi,-0.9817879936370849,[-0.9817879936370849]
JVASP-20858,Na2Ta4O11,2.389457628997803,[0.17024462011718755, 1.3992742755737306, 0.61778824118042, 2.389457628997803]
JVASP-10531,Na3AgS2,5.191175983222961,[-0.12078960153198237, 1.033080504211426, 1.3493743398513796, 1.2577226617660524, 2.590654418739319, 5.191175983222961]
JVASP-80132,KNa2As,-0.5822923919830322,[-0.5822923919830322, -0.6630171081695556]
JVASP-81204,NaSr2Mg,-1.3846641323242186,[-1.3846641323242186]
JVASP-24626,NaHF2,4.858004496368408,[4.858004496368408]
JVASP-79733,NaIn2Pb,-1.084451987472534,[-1.084451987472534]
JVASP-58266,NaErPO4F,5.6722664096679685,[0.3777689197387696, 5.6722664096679685]
JVASP-81376,NaYAu2,-0.5149012348327636,[-0.5149012348327636]
JVASP-81985,NaYIn2,-0.5035980484161376,[-0.5035980484161376]
JVASP-10662,Na2PdS2,1.5266050556030275,[-0.19424493524169917, 0.05131618765258794, 1.5266050556030275, 1.1944212177124025]
JVASP-10707,NaSr4B3N6,-0.7221265575561523,[-0.7221265575561523]
JVASP-81407,Ba2NaSn,-1.7685653707656859,[-1.7685653707656859]
JVASP-57554,Na2AlZnF7,6.857994959625244,[1.6243390300598146, 6.857994959625244, 5.501704142364502, 3.867327616485596]
JVASP-10663,Na2PtS2,1.1450347164001466,[-0.04646427842712397, 0.11056630400085454, 1.1450347164001466, 0.6988929965820313]
JVASP-57246,Na3Co2SbO6,3.1597913959350588,[0.19835059431457525, 1.7043363311614992, 3.1597913959350588]
JVASP-81840,BaNa2Pb,-1.2709134361419676,[-1.2709134361419676, -1.4915250084075926]
JVASP-81251,Na2TlCd,-0.7271292946014404,[-1.3506387016448973, -0.7271292946014404]
JVASP-49200,NaNb3O8,1.6291436412658693,[0.9690627315368653, 1.6291436412658693]
JVASP-49201,NaTa3O8,1.1092576244201662,[0.4451064327087403, 1.1092576244201662]
JVASP-38010,NaAgC2O4,1.407143996032715,[0.9973301151123047, 1.407143996032715]
JVASP-12641,NaFeO2,2.8246044376220705,[0.5986532428588868, 1.3036703327026369, 1.1692222812500002, 2.8246044376220705]
JVASP-36326,NaH,0.9905906179275513,[0.9905906179275513]
JVASP-11213,Na4TiO4,4.8772882678833005,[-1.0108233234558104, -0.14421851846313472, 0.3820718982543946, 3.2250818469848634, 2.1999830463256838, 2.5747083881225588, 4.826564238342285, 4.8772882678833005]
JVASP-50034,Na6MgO4,4.220634863647461,[-0.9371212265167236, 0.18277470854187017, 1.0302583434906007, 3.0162131049957277, 2.146161959442139, 1.0900973537292482, 2.645221159729004, 2.6300667980041506, 1.3079966762390138, 2.301783011230469, 3.4272610404815675, 4.220634863647461]
JVASP-36327,NaN,3.093967602523804,[3.093967602523804]
JVASP-9981,NaGeSbO5,2.3215107181396486,[1.8129801013793947, 2.3215107181396486]
JVASP-57845,Na2ZnSi2O6,3.984680102142334,[1.308370516571045, 3.984680102142334, 2.729705260070801, 1.97663252142334]
JVASP-9722,NaReO4,2.0274342754211427,[1.5203551509704591, 2.0274342754211427]
JVASP-13836,Na2LiN,0.47140638616943364,[-0.9068575641784667, 0.47140638616943364]
JVASP-34372,Na3NiF6,4.89483992842102,[2.6740378597106935, 4.247392819198608, 3.914001391204834, 4.89483992842102, 4.639218018325805, 4.7021842458572385]
JVASP-36329,NaAs,0.13646285322570806,[0.13646285322570806]
JVASP-9724,NaErO2,7.175857947143554,[-1.1834970256958006, -0.33791787835693354, 0.09342996862792974, 7.175857947143554]
JVASP-57849,NaLiY2F8,2.3954328754272463,[0.6838602283325196, 2.3954328754272463]
JVASP-57852,KNaSO4,3.1240615108337404,[1.9126948573913576, 3.1240615108337404]
JVASP-36075,Na3Co,1.3028668620910646,[-0.914170577255249, -1.1276868126068114, 1.3028668620910646]
JVASP-9991,NaCSN,1.3179525592651369,[0.20206110266113286, -0.05293996545410151, 1.2507261493530275, 1.3179525592651369]
JVASP-11162,NaTl2RhF6,1.8505613067474367,[1.8505613067474367]
JVASP-57563,Rb2NaBiF6,1.5767320850219728,[1.5767320850219728]
JVASP-10185,NaTl3S2O6,1.3072122791137697,[1.3072122791137697]
JVASP-11163,Rb2NaRhF6,2.406937048706055,[2.406937048706055]
JVASP-11164,K2NaRhF6,2.4816078403320314,[2.4816078403320314]
JVASP-34492,KNaSO4,3.4849201896514894,[1.6410862663116457, 3.4849201896514894]
JVASP-57514,NaBC4O8,1.668123171600342,[0.8552006938781739, 1.668123171600342]
JVASP-41300,NaLaAu2,-0.09269268724060054,[-0.09269268724060054]
JVASP-50330,NaLiO,1.9182204463806154,[1.2264527538146974, 1.9182204463806154, 1.8982221343841554, 1.7361284950103761]
JVASP-38690,Na3Ca,-1.0863447925720213,[-1.0863447925720213, -1.7708597919616698, -1.7843471309814452]
JVASP-34165,Na3YCl6,5.163976834091186,[0.1836642482604981, 0.4599360683288575, 3.7799336173858644, 5.163976834091186, 1.0730084636535646, 3.33916275289917]
JVASP-34515,NaOs2O6,1.596393034729004,[0.19623319891357427, 1.596393034729004]
JVASP-34195,Na4CO4,2.0121707179870607,[0.0983378150787354, 1.6902665355529787, 2.0121707179870607, 1.6225260951843263]
JVASP-42925,Na3MnO3,4.499410794052124,[-0.5602906486663818, -0.43873055192565913, -0.026748969284057567, 0.6149269798126221, 2.702579663070679, 1.1704251029815675, 2.4530250289764406, 2.960956261428833, 2.871320889266968, 4.499410794052124, 1.7149013736572267, 4.294170305999756]
JVASP-42311,Na2VO3,4.316207335266113,[-0.34058625909423823, 0.5146269061889649, 0.9551862933959961, 1.2889417865600588, 1.8100694873657228, 3.315692351135254, 3.7754549243774416, 4.316207335266113]
JVASP-22542,NaHS,0.7943929889526368,[0.7943929889526368]
JVASP-38696,NaSrHg2,-0.7065323135528564,[-0.7065323135528564]
JVASP-38697,NaTeO3,2.526246712478638,[2.526246712478638]
JVASP-38700,NaTiO3,3.112787649902344,[3.112787649902344]
JVASP-57578,Ba4NaAuO8,0.9213642337646485,[0.9213642337646485]
JVASP-50103,BaNa6O4,4.147742436203003,[-0.36793596955871577, 0.2486345031585694, 0.27806513098144536, 1.8032535770263673, 1.3168062427368166, 1.8560957172241213, 2.2689079501953127, 2.4915236690368654, 2.453601286682129, 3.10332290914917, 3.2377299526062013, 4.147742436203003]
JVASP-41787,KNaPrTaO5,-0.4682846805725097,[-0.7078362247619628, -0.4682846805725097]
JVASP-43312,Na3VO3,3.686226771148682,[-1.0228572628173827, -1.0842777034912108, -0.9434428951416015, -0.6881671688232421, 0.40660517004394536, 0.16022150305175786, 0.7928413608398438, 1.5962909915771486, 2.345860407623291, 3.686226771148682, 2.477841303619385, 3.3167542674865724]
JVASP-21872,NaPd3O4,1.2891475417938234,[1.2891475417938234, 1.0075923660125734]
JVASP-41798,KNaSmTaO5,-0.6485801479492187,[-0.7596212169799804, -0.6485801479492187]
JVASP-42590,Na3NiO3,2.7710432269897463,[0.29413311270141607, 0.9706048229064942, 1.6613229968872072, 2.32931749609375, 1.8357793548431398, 2.2352959373321535, 2.5021976688232423, 2.7710432269897463, 1.573586867126465, 2.3286213138427736, 2.00243179586792, 0.9225081661071778]
JVASP-57587,Na3FeF6,4.849815056594848,[1.4661149242248537, 2.7374748447265627, 3.2302729347076418, 4.849815056594848, 3.8684748866882326, 3.8951048114624025]
JVASP-36561,NaLi2As,-0.40502841683959956,[-0.40502841683959956]
JVASP-35268,Na2Zn3S4,1.9783515193786623,[-0.20034272882080073, 0.373394177230835, 1.82342629221344, 1.9783515193786623]
JVASP-58421,Na6FeS4,1.587139055999756,[-0.6648050090942382, -0.3151791832122802, 0.2512633064117432, 1.5537726142730715, 1.587139055999756, 0.8340276935424805, 1.430717633041382, 1.0219237068023683, 1.3223199107971193, 1.3940695979919435, 1.219521687301636, 0.05889813688659673]
JVASP-42397,NaCo2O3,1.2167438724365236,[1.0488762119140627, 1.2167438724365236]
JVASP-50748,NaAl11O17,0.47836248663330083,[0.47836248663330083]
JVASP-21944,Rb2NaErF6,1.2942070224609377,[1.2942070224609377]
JVASP-21945,Cs2NaErF6,10.432869122299195,[10.432869122299195]
JVASP-57604,NaMgF3,4.001432106765747,[4.001432106765747]
JVASP-21102,Na5SiP3,1.4121801116790773,[-1.032376243797302, -1.063835098472595, -1.1501508495483397, -1.1311314842376707, -1.3690419933471678, -0.9114614269409179, -0.9149990818176269, -0.9268770954284667, -0.33584101411437983, 1.2176129081573488, 1.3175458171691896, 0.1080722072448731, 1.3453251579132082, 1.4121801116790773, 0.5792104461517334, 1.228001282485962, -0.13111741754150386, 0.4474882343139649, -0.04360754701232905, -2.7371485969696043]
JVASP-59716,Na2FeCuC6N6,-0.0779619953308105,[-0.8328753254089355, -0.0779619953308105]
JVASP-22191,Rb2NaTiF6,0.42619888571167,[0.42619888571167]
JVASP-57048,Rb2NaVF6,0.966632292541504,[0.966632292541504]
JVASP-35124,BaNa2MgP2O8,4.257027552398681,[0.577692911895752, 4.257027552398681]
JVASP-41602,Na2Hf2O5,4.30799238470459,[4.30799238470459, -0.4128013393554687]
JVASP-41760,BaNa2MgP2O8,4.330560610565185,[0.667567179473877, 4.330560610565185]
JVASP-21130,Na2Cd3Si3O10,6.092111990722656,[0.48634235647583013, 0.7711762645568848, 2.554492399963379, 6.092111990722656]
JVASP-35006,Na2Cl,10.525756285461426,[-0.4350409052047729, 0.25354819086456304, 5.337090895446777, 10.525756285461426]
JVASP-22917,Na2Al2As3,0.32208483007812505,[-1.2225139877471922, -1.216482951370239, -1.180741860595703, -0.9717331669006347, -0.9069829723510742, -0.7796645900878906, -0.995241715637207, -0.707562043395996, -1.0010541221771239, 0.1713830688323975, -0.24049694749450679, -0.24707014772033686, 0.32208483007812505, 0.2439998843994141, -0.1584659359130859, 0.17819254187011724]
JVASP-42786,NaLiFe2Si4O12,1.7237557628479006,[1.7237557628479006]
JVASP-53045,YbNaF4,4.108905718597412,[2.0532654979553224, 4.108905718597412]
JVASP-57054,KNaTiO3,2.1973013141479494,[-0.5737005016479492, 2.1973013141479494]
JVASP-21827,Na2LiAu3,0.2641280153121949,[-0.8222718379173278, -0.6020612857017517, -0.43572790834045405, 0.2641280153121949]
JVASP-21440,Na2ZrSi4O11,5.187643931182861,[0.5742806651916504, 0.909505770477295, 5.187643931182861, 3.623241350921631]
JVASP-54829,NaLi2N,-0.7294150135192871,[-0.7294150135192871]
JVASP-21955,Cs2NaInF6,5.51662628439331,[5.51662628439331]
JVASP-21448,Na6Mg2C4SO16,2.922440455230713,[0.9882110812988282, 1.1293558338012697, 1.1923159816589357, 1.3670691707458498, 1.9409207561340334, 2.045205042633057, 1.517208979400635, 2.0321406581726076, 1.9173030116882326, 2.4012345531311037, 2.922440455230713, 2.3032874324645998]
JVASP-41970,BaNaH3Pd,-1.1883321544799803,[-1.4971748134765623, -1.1883321544799803]
JVASP-21960,Cs2NaYF6,7.021950171264648,[7.021950171264648]
JVASP-22972,NaMg4As3O12,5.9956988551940915,[1.9137963512268068, 5.9956988551940915]
JVASP-21961,Rb2NaYF6,0.9127985694732667,[0.9127985694732667]
JVASP-57796,Na3AlF6,7.960417793067932,[0.7020386913146973, 6.512539313110351, 7.960417793067932]
JVASP-40854,NaPmAu2,-0.7646115562591552,[-0.7646115562591552]
JVASP-40855,NaPmHg2,-0.7016963503036499,[-0.7016963503036499]
JVASP-23370,Na5OsO6,6.122963116439819,[0.767941878112793, 1.7018341281738283, 2.884096071990967, 4.374095843109131, 6.122963116439819]
JVASP-41124,NaAcHg2,-0.7249894878540039,[-0.7249894878540039]
JVASP-36517,Na2CoP2O7,4.079847739013672,[2.4124225833740236, 4.079847739013672, 3.1696814754333498, 3.116553232940674]
JVASP-57168,Na3FeS3,2.1443359115448,[-0.13870508882141108, 0.20548884657287603, 0.4024619319763184, 1.0131110408630373, 2.1443359115448, 0.9682728507843018, 2.0311569431152345, -0.35650594445800776, 0.8697182395782471, 0.15486066130065923, 0.4780334689941407, 0.20922701147460943]
JVASP-60039,NaNbO3,4.271575854095459,[0.04180567053222661, -0.038694932189941356, 3.201739714416504, 3.314741537841797, 4.271575854095459, 2.6639479854431154, 2.6413625934448244, 2.369532034667969]
JVASP-57174,NaNiF3,3.6024159648742677,[2.003952667984009, 2.4510552146759035, 3.6024159648742677, 3.287744925292969]
JVASP-41287,NaCeAu2,-0.5166497966918945,[-0.5166497966918945]
JVASP-57175,Na2Mg5P4O16,1.0476383426513673,[0.5969075420227051, 1.0476383426513673]
JVASP-23698,Na15Pb4,3.464199707778931,[-1.0908234855804442, -1.1439600727233885, -0.9995835563812255, -1.097008540359497, -1.251946522918701, -1.0886851093444823, -1.1149609825286864, -1.2846155903015135, -1.0737043163452147, -1.1406739494476317, -0.7880938789520263, -1.2424023887786864, -1.1360799810562132, -1.3312868616256712, -1.1462903759155272, -0.9966574451599121, -1.017806126800537, -1.4036451122436522, -1.4978559753570555, -1.4022672912750243, -1.1820984623107909, -0.7508855602416992, -1.200965716567993, -0.2623351356658935, -1.1551607391510008, -1.193470313278198, -0.3921409389648437, 0.42088453558349614, 0.47741620329284673, 3.464199707778931]
JVASP-22056,NaCa3IrO6,0.36282627371215825,[0.3068331935729981, 0.36282627371215825]
JVASP-40945,KNa2Bi,-0.5468179723892211,[-0.5468179723892211, -1.0188040277633665]
JVASP-36118,KNaH2,0.950891301902771,[0.950891301902771]
JVASP-40860,NaPmTl2,-0.5762580177459716,[-0.5762580177459716]
JVASP-41288,NaAcTe2,-0.14550264093017573,[-0.14550264093017573]
JVASP-41289,NaCaAu2,0.1217893817749024,[0.1217893817749024]
JVASP-52768,K2NaVOF5,1.032270596298218,[1.032270596298218]
JVASP-52770,NaH3CN4O,1.9164866664733888,[0.15994064596557622, 1.9164866664733888]
JVASP-22216,Na2US3,1.4464372852172853,[-0.06588084909057612, -0.061218335357665965, 0.8525470950927735, 1.4464372852172853]
JVASP-23798,Ba2NaOsO6,1.2636446216430666,[1.2636446216430666]
JVASP-58320,NaAlSi2O6,2.0083088138427736,[0.5176481464233399, 2.0083088138427736]
JVASP-41292,NaAcTl2,-0.7002417585525512,[-0.7002417585525512]
JVASP-57178,KNaMg2Si4O10F2,2.440849230560303,[2.440849230560303]
JVASP-23802,K3NaS2O8,1.9693111636962892,[1.9693111636962892]
JVASP-52774,Na2BH4ClO4,2.9629730441894533,[0.4805387714233399, 1.1709884860839845, 2.0439085223999025, 2.9629730441894533]
JVASP-58408,NaAlPO4F,4.990559504302978,[0.9616784313049317, 4.990559504302978]
JVASP-58325,Na2MgAlF7,7.081640646728515,[1.1595253208007814, 7.081640646728515, 5.688568041595459, 3.597118304046631]
JVASP-41297,NaGaH8N2F6,1.7199737289276125,[1.7199737289276125]
JVASP-54379,NaClO3,4.14940445211792,[1.7486471393432619, 1.9941677310791017, 3.1038750865783693, 4.14940445211792]
JVASP-41298,NaHoTl2,-0.6157207033309936,[-0.6157207033309936]
JVASP-58331,Na2LiAlF6,7.457434103759765,[1.2475594737854006, 7.457434103759765, 3.054501221450806, 4.875877068313598]
JVASP-41302,NaInHg2,-0.4115229389343261,[-0.4115229389343261]
JVASP-23544,Na3Ge4Pt4,-0.3000970623168945,[-0.9213491222534179, -0.79847152444458, -0.3000970623168945]
JVASP-23867,NaClO4,3.8725599506225588,[2.456195280822754, 3.8725599506225588]
JVASP-31202,NaBH4,0.4636601665344239,[-0.6971340915832519, 0.4636601665344239]
JVASP-41154,Na2TlBi,0.09541969087982183,[-0.453156902519226, 0.09541969087982183]
JVASP-55019,Na2LiN,1.295769140991211,[-2.1680728933486937, -0.8827347299728393, -1.1740237018737791, 1.295769140991211]
JVASP-41342,NaTl2Bi,-0.9470339557800292,[-0.9470339557800292]
JVASP-41306,NaMgPb2,-0.23034746858215327,[-0.23034746858215327]
JVASP-41307,NaSmHg2,-0.6186214229736328,[-0.6186214229736328]
JVASP-41308,NaSmTl2,-0.5172286770019531,[-0.5172286770019531]
JVASP-41309,NaMgTl2,-0.6337495586547851,[-0.6337495586547851]
JVASP-35637,NaOsO3,0.8861421802368165,[0.8861421802368165]
JVASP-41165,Na3UF8,4.841157124313354,[1.3443972328033449, 4.841157124313354, 2.5344363906707765]
JVASP-50051,NaHoO2,3.287768767150879,[-1.4416633388671873, 3.287768767150879]
JVASP-41310,NaSmAu2,-0.4300874015960693,[-0.4300874015960693]
JVASP-50053,NaLiO,2.130349324020386,[0.09232203749084478, 2.130349324020386]
JVASP-41311,NaPrTl2,-0.5735176345977783,[-0.5735176345977783]
JVASP-41312,NaNdAu2,-0.4202948352966308,[-0.4202948352966308]
JVASP-41313,NaDyTl2,-0.5518155834350585,[-0.5518155834350585]
JVASP-23878,Na4Al3Si3ClO12,4.9020966747131345,[1.8284377315368654, 4.9020966747131345, 3.11123363760376, 0.7361296871032715, 0.499903605255127, 0.7082690456237793, 2.165522501739502, 1.590373919281006]
JVASP-23862,NaCl,11.924849436553956,[11.924849436553956]
JVASP-41314,NaNdHg2,-0.5135591766510009,[-0.5135591766510009]
JVASP-23880,Na4Al3Si3BrO12,5.6763581493225095,[0.31799356726074224, 0.6170639255371094, 5.6763581493225095, 3.4625586726989748, 1.4400061824645998, 0.7570828655090333, 0.5264615276184083, 1.866884157928467]
JVASP-41316,NaErTl2,-0.6220145961914062,[-0.6220145961914062]
JVASP-41317,NaPrAu2,-0.4661181709442138,[-0.4661181709442138]
JVASP-35515,Na2Ti2As2O,1.2281917789306642,[-0.6841665050659179, 1.2281917789306642]
JVASP-57066,Na2PtO3,3.4817280032958986,[0.6026818015899659, 0.8734013297882081, 1.1858853557434084, 2.070079252990723, 2.1664532878723146, 2.9680623271789552, 3.0950788715209963, 3.4817280032958986]
JVASP-39645,Na2MgSn,0.051739380630493215,[-1.2556154272232054, -0.34580083104705805, -0.871786429611206, 0.051739380630493215]
JVASP-41318,NaPrHg2,-0.6336665889892578,[-0.6336665889892578]
JVASP-41319,NaPaO3,-0.4145432254943847,[-0.4145432254943847]
JVASP-41320,NaSrAu2,0.034429953369140676,[0.034429953369140676]
JVASP-24321,NaPPdS4,0.6151813724365235,[0.4698099353637696, 0.6151813724365235]
JVASP-23952,Na4Al3Si3IO12,6.713002131256103,[0.04182092932128911, 0.4418548801269532, 1.8256749370422365, 6.713002131256103, 1.718784735473633, 1.6926817157592775, 0.3598894336547852, 1.000391409667969]
JVASP-56807,NaVO3,2.9898995616760256,[1.3575300433959963, 1.4427189090576173, 2.6833810069885256, 2.9898995616760256]
JVASP-41321,NaNdTl2,-0.5792804500732421,[-0.5792804500732421]
JVASP-24245,NaZr2CuF11,2.532566473754883,[2.532566473754883]
JVASP-23953,Na4Ga3Si3ClO12,5.3580364444580075,[1.6512150028076173, 5.3580364444580075, 4.193587706359863, 1.5084852435913088, 2.1192354419555666, 1.4528345325317384, 1.494719908508301, 1.7605432727661134]
JVASP-24251,Na9ZrP4ClO16,4.774625227722168,[0.5714382388916016, 2.092585013183594, 4.488136694702148, 4.774625227722168, 2.4756378391113283, 2.5824317195739748, 2.508161471160889, 1.383830950531006, 1.627142832550049]
JVASP-54845,NaLi2N,-0.4246717235717773,[-0.4246717235717773]
JVASP-41323,NaSr2In,-0.9640439293060302,[-0.9640439293060302]
JVASP-41326,NaTl2Cd,-0.8567705890808105,[-0.8567705890808105]
JVASP-25606,NaUBO5,3.3615864971008302,[0.7251128414001465, 0.9731120326843262, 2.122271464141846, 3.3615864971008302]
JVASP-4522,Na2LiN,0.47181765821838384,[-0.9067652961883544, 0.47181765821838384]
JVASP-39525,Na3Ni2SbO6,2.952474520477295,[0.21456830290222173, 1.3731571891632082, 2.952474520477295]
JVASP-40469,Na4Bi2O5,3.180686877044678,[0.3426274516906739, 1.2953514316406252, 0.9079708316650391, 1.971306250366211, 2.9078969219055177, 3.180686877044678, 2.925177500518799, 2.9301795223083498]
JVASP-24253,NaSmSe2O7,2.959312842163086,[1.7309560039367677, 2.777409479888916, 2.959312842163086, 2.7664808490600588]
JVASP-41327,NaSr2Tl,-1.184135391441345,[-1.184135391441345]
JVASP-39781,YbNaAu2,0.14356260088348394,[0.14356260088348394]
JVASP-40816,NaLiPt,-0.19918592187499995,[-0.19918592187499995]
JVASP-21894,NaCdSb,0.32719795492553716,[-0.9244378349456787, -0.34971173020935054, -0.3739815494689941, 0.32719795492553716]
JVASP-57074,NaPrSe2O8,2.1346368053283693,[2.1346368053283693, 1.8652524211730959]
JVASP-57078,Na3CrF6,4.40229956892395,[1.3704809406127931, 3.6944402911987306, 4.40229956892395, 4.2801391342010495, 3.9791719177093507, 3.572830841812134]
JVASP-57079,Rb2NaCrF6,1.9151593902435304,[1.9151593902435304]
JVASP-57080,K2NaTlO3,1.5430313804473879,[0.037206814559936574, 1.0624486663665773, 0.29177825239562993, 1.5430313804473879]
JVASP-25772,Na2Ca2C3O9,0.7841333606567383,[0.6498817661132813, 0.7841333606567383]
JVASP-24260,NaVF4,3.6998085239257814,[0.7521938541259766, 1.2357529857482912, 2.8320512035217287, 3.6998085239257814]
JVASP-39216,NaLi3,-1.0506458422813414,[-1.5981167695198057, -1.0506458422813414]
JVASP-57084,Rb2NaMoF6,0.7113954284515381,[0.7113954284515381]
JVASP-49919,NaLaO2,-0.6606817981872558,[-0.6606817981872558]
JVASP-37851,Na3Re,2.218435750278473,[-0.8809507033500671, -1.146794333187103, -0.7992364904556274, -0.9314847728881835, -0.7710112473640441, 2.218435750278473]
JVASP-39220,NaMg,-1.3690419933471678,[-1.3690419933471678, -1.4587426921997069]
JVASP-24909,Na2TiS2O,2.1096147754516603,[-0.14075548860168452, -0.010980918136596629, 2.0815834262695314, 1.5801796176757814, 2.0703009822692873, 1.987672732147217, 2.1096147754516603, 2.0292476871337892]
JVASP-54667,NaHO,2.2212368705596925,[2.2212368705596925]
JVASP-39224,NaCo3,1.9722198703613283,[-0.9379845401916503, 1.9722198703613283]
JVASP-54668,NaHO,2.2212368705596925,[2.2212368705596925]
JVASP-23189,Na2SrV4O12,2.9008654811706545,[1.3315786578979494, 2.0721983173217775, 2.3420752742614748, 2.9008654811706545]
JVASP-23337,NaFe4Sb12,-1.0304985782775877,[-1.0304985782775877]
JVASP-26382,NaScAs2O7,3.1586317279663088,[3.1586317279663088]
JVASP-21770,Na2LiBe2F7,8.427227423461915,[1.5413824775543215, 4.570245907577514, 8.427227423461915, 4.431446478637695]
JVASP-40634,NaSi2BH2O7,3.003467009338379,[2.3409284808959963, 3.003467009338379]
JVASP-25017,KNaPrNbO5,-0.21409042092895503,[-0.6634093067321777, -0.21409042092895503]
JVASP-38479,NaAc2Pb,-1.4564663908157347,[-1.4564663908157347]
JVASP-25620,Na6PbO5,8.850254819664002,[-0.35665900918579097, 0.2738289096679688, 1.6264805057373048, 2.2779034831848146, 3.0438520171966554, 1.8243571975555422, 3.6496688583221437, 4.624049351486206, 2.2691261031951906, 3.0513319232788088, 6.3607266404953, 8.850254819664002]
JVASP-38221,Rb3Na,-1.6258695861968993,[-1.6258695861968993]
JVASP-38481,NaAc2Sn,-1.448848321166992,[-1.448848321166992]
JVASP-38593,NaCrH8N2F6,1.7121938922729494,[1.7121938922729494]
JVASP-20232,NaO2,1.985616610321045,[0.9028615215148926, 1.985616610321045]
JVASP-38650,NaTm3,-1.3989432594451903,[-1.3989432594451903]
JVASP-26460,Na2Al2B2O7,5.5414399364318845,[1.1941880443420412, 5.5414399364318845, 3.6739234187927248, 1.591472552093506]
JVASP-25623,K3NaUC3O11,0.8297828891601563,[0.8297828891601563, 0.783317969116211]
JVASP-38224,Rb3Na,-1.783623530593872,[-1.783623530593872]
JVASP-26631,NaSbF4,3.4436272838439943,[1.8890673377838136, 2.2644211509552004, 2.6594194629516603, 3.4436272838439943]
JVASP-40015,NaTmTl2,-0.7221589824829101,[-0.7221589824829101]
JVASP-38495,NaAsO3,2.4253219821777345,[2.4253219821777345]
JVASP-26480,NaHf2VF11,1.7655090549316408,[1.7655090549316408]
JVASP-39435,Na3Al,-0.8522365829620361,[-0.8700667164001464, -1.3463311931762694, -0.8522365829620361]
JVASP-26510,K2NaCrF6,1.3836495139923097,[1.3836495139923097]
JVASP-26645,Na5Zr2F13,5.692503378662109,[0.5708462455596924, 3.8120686271514894, 5.692503378662109, 4.851577685150146, 4.508804009231567]
JVASP-38662,NaNd3,-1.8308255216751097,[-1.8308255216751097]
JVASP-38663,NaReO3,0.5693806865539551,[0.5693806865539551]
JVASP-4588,Na2S,15.49145619657898,[0.2811880567398072, 0.6878333547439576, 2.143977330001831, 15.49145619657898]
JVASP-38877,NaH6CN2ClO2,2.1078523853149416,[0.470670149597168, 2.1078523853149416]
JVASP-40842,BaNaSb,-1.413968875137329,[-1.413968875137329]
JVASP-26561,NaMnF4,4.494214937957763,[3.23977367666626, 4.494214937957763]
JVASP-39439,NaMg3,-1.2773168823394774,[-1.3777302047882078, -1.2773168823394774]
JVASP-40260,BaNaHg2,-0.7879865905914306,[-0.7879865905914306]
JVASP-38676,NaPdO3,2.0706018665161134,[2.0706018665161134]
JVASP-38503,NaAl3,-1.15411277028656,[-1.15411277028656]
JVASP-38601,NaIn3,-1.3057475826416014,[-1.3057475826416014]
JVASP-37726,Na3Re,0.8346925237503052,[-0.48675407382583613, -1.2005163571510313, 0.8346925237503052]
JVASP-41281,NaCa2Tl,-1.1596575519714354,[-1.1596575519714354]
JVASP-26716,Na4Ti5O12,3.2239407756652834,[0.982208178314209, 3.115391657623291, 3.2239407756652834, 3.1666425922241213]
JVASP-40812,NaMgP,-1.0063863536987303,[-1.0063863536987303]
JVASP-38507,NaBH4,-0.09152372094726557,[-0.09152372094726557]
JVASP-39402,KNaO3,1.9905716636505129,[1.9905716636505129]
JVASP-38509,NaBeO3,1.3444740035858156,[1.3444740035858156]
JVASP-38692,NaRuO3,1.7548579433288576,[1.7548579433288576]
JVASP-38545,NaCu,-0.8414879581604003,[-0.8414879581604003]
JVASP-38546,NaCdO3,1.3683509090270998,[1.3683509090270998]
JVASP-38548,NaHo3,-1.9307449600372313,[-1.9307449600372313]
JVASP-39150,Na2CdHg,-0.8446737072143554,[-0.8446737072143554, -1.1043296596679686]
JVASP-59574,NaMn7O12,1.3103880145874025,[1.3103880145874025]
JVASP-38512,NaCdHg2,-0.5367675563964843,[-0.5367675563964843]
JVASP-23351,Na2MgAlF7,9.712245390686036,[1.380441353591919, 2.3948647239532472, 9.712245390686036, 4.073954985412597]
JVASP-40651,NaCoO2,1.3976682880249025,[1.1327985980834963, 1.3976682880249025]
JVASP-38036,Rb2NaGaF6,1.7772864559020998,[1.7772864559020998]
JVASP-38736,NaTi5Se8,-0.2093425533447265,[-0.2093425533447265]
JVASP-40122,BaNaScSi2O7,4.751352236541748,[1.2399281719055177, 4.751352236541748]
JVASP-38460,NaLiO3,3.120583699020386,[3.120583699020386]
JVASP-38516,NaCaTl2,-0.6521497509155273,[-0.6521497509155273]
JVASP-49926,NaTmO2,6.507772372039795,[-1.226513459411621, -0.41120965692138667, 1.0015191295471193, 6.507772372039795]
JVASP-38462,NaLi2Pb,-0.8671036502990722,[-0.8671036502990722]
JVASP-12289,Na4PbO4,6.612584755691528,[0.9057554462280274, 1.9738430240478517, 0.8509048679199219, 2.172900603088379, 3.190138266357422, 3.270345137390137, 3.406794235977173, 6.612584755691528]
JVASP-9602,NaSbO3,2.9030536868896486,[1.7116970279541017, 2.9030536868896486]
JVASP-13040,Na4SnS4,2.5468939998474123,[-0.06478901120758052, 0.36834244516754155, 0.9038123348083497, 1.6299065807189943, 2.5468939998474123, 1.5412668445434572, 2.291139529022217, 2.0456885555114748]
JVASP-12768,Na3PaF8,5.263969109329223,[1.051844284805298, 5.263969109329223, 3.8800460555877687]
JVASP-53100,Na3AlF6,7.395011351379394,[2.987515614303589, 4.71943824079895, 7.395011351379394]
JVASP-12795,Na3GaSe3,2.1985670783843996,[-0.48934872361755366, 0.1911088683929444, -0.4966030857238769, 0.16297714498901372, 0.5687960841979981, 1.1813127258148195, 2.0549349048461916, 1.9164020278778078, 2.010431454452515, 2.1985670783843996, 0.44427459028625493, 0.6424829223480225]
JVASP-58258,NaYPO4F,4.766962931427002,[1.574459955963135, 4.766962931427002]
JVASP-13917,Na5Zr2F13,6.64325039175415,[0.7104768016662598, 2.4630698421325685, 6.64325039175415, 4.067886278900146, 4.892170594009399]
JVASP-10101,Na2ZrSe3,1.356344149383545,[-0.11303813668823237, 0.37314026144409185, 1.356344149383545, 1.2575597026672365]
JVASP-14187,Na2Cu3Ge4O12,1.6506053665008547,[1.3884629466857912, 1.6506053665008547]
JVASP-51025,NaHO,3.407254622253418,[0.08021442678833013, 2.1052130916442873, 2.5547794559326173, 3.407254622253418]
JVASP-49932,NaTaO3,2.1433209636535646,[0.6716813304748536, 2.1433209636535646, 1.1742142894592287, 2.0424947002258302]
JVASP-106869,NaSi6,-1.7242267868194578,[-1.7242267868194578]
JVASP-12743,Na2MnCl4,3.5041525819625856,[0.8055824497070313, 1.4562248447265627, 3.5041525819625856, 2.397369668754578]
JVASP-9604,NaNbO3,3.4259180286254884,[1.3434766986694338, 3.4259180286254884]
JVASP-79162,NaMg3,-1.464705540863037,[-1.464705540863037]
JVASP-12850,Na7Al3O8,4.23644583013916,[-0.7455464145812988, -0.5706625721130371, 0.22080032614135747, 3.6072606304016115, 4.23644583013916, 2.314309523376465, 4.063552305969238, 3.1099371173706056, 1.3316420772399904, 1.9975079753723146, 2.54233019140625, 4.128494665893554, 3.7826475360717775, 3.818541929992676]
JVASP-12798,Na3GaS3,3.6410128333892824,[-0.6061714431915283, 0.08030383375549321, -0.4807627937469482, 0.24386708525085454, 0.7855852105941773, 1.5258975484695436, 3.4522973754730226, 3.6410128333892824, 2.156910703453064, 2.177890107902527, 1.3950061061706545, 1.731233761581421]
JVASP-49936,NaTmO2,1.186983034881592,[1.186983034881592]
JVASP-77302,NaLi2Tl,-1.4221133730087279,[-1.4221133730087279]
JVASP-79549,NaN3,0.6542867877807618,[0.6542867877807618]
JVASP-10105,K3NaP2O6F2,2.130950377258301,[2.130950377258301]
JVASP-77313,NaAg2Sn,-1.244767739501953,[-1.244767739501953]
JVASP-77330,BaNa2Sr,-1.8314829609069823,[-2.5918694278869627, -1.8314829609069823]
JVASP-79550,NaI,2.816597030433655,[0.8889658906784058, 2.816597030433655]
JVASP-5740,Na3Li3N2,0.5008146026458741,[-1.2753990432891844, 0.5008146026458741, 0.23180048254394536]
JVASP-77339,NaMg2Cd,-1.3570805332336424,[-1.3570805332336424]
JVASP-106877,NaVF3,0.02228324201965337,[0.02228324201965337]
JVASP-79557,NaN3,2.483825133117676,[2.483825133117676]
JVASP-10193,NaSb,0.2597562530364991,[-1.0342490217361449, -0.880177452293396, -0.5903588077697753, -0.6902089855346679, 0.2597562530364991, 0.0022796848144531756, -0.26344020578002925, -0.6539381286773681]
JVASP-78393,NaS,2.8947176196899416,[2.8947176196899416]
JVASP-78394,NaS,5.475025341781616,[5.475025341781616]
JVASP-12772,NaSO2,1.924560234817505,[1.0494012096252443, 1.4413160541381838, 1.924560234817505, 1.8929068305816652]
JVASP-49941,Na6CuO4,3.15264193800354,[-0.27717073175048823, 0.6736451843109131, 0.5038793542709351, 1.9807978132095339, 1.9264775970306398, 1.1762491920318605, 2.8849190929260256, 2.4999837138977052, 3.000641391548157, 1.3189876535263063, 2.2719992854919435, 3.15264193800354]
JVASP-36715,Na2Cl,10.224383518966675,[-1.4800480744514464, 10.224383518966675]
JVASP-37755,Na3Tl,-0.5643320820007324,[-0.9198389789733886, -1.5532437107238768, -0.5643320820007324]
JVASP-38470,NaAc,-1.6563688060913084,[-1.6563688060913084]
JVASP-36718,Na2ZrO3,5.027876303466797,[-0.7377291462097167, -1.1430073520812987, 0.6318668582763672, 2.7568153598632814, 3.275221274169922, 3.4445223071899416, 5.027876303466797, 4.418971464904785]
JVASP-36821,NaCuO2,3.866163656982422,[1.8957473495330812, 3.866163656982422]
JVASP-37815,Na3Nd,-0.8178528091583251,[-1.4946132442626952, -1.6315141460571287, -0.8178528091583251, -1.7123921653900145, -1.109390928474426, -1.2551340601119994]
JVASP-38643,NaDy3,-1.9531533262405394,[-2.355235292640686, -1.9531533262405394]
JVASP-38528,NaCa2In,-1.4006698867950438,[-1.4006698867950438]
JVASP-38573,NaF3,6.206289932998657,[6.206289932998657]
JVASP-38649,NaMg3,-1.2617080948028563,[-1.2617080948028563]
JVASP-38047,Na2LiNF6,4.601275847229004,[3.177861140045166, 4.601275847229004]
JVASP-37764,Na3DyCl6,5.697194621833801,[0.17036669042968755, 1.079242155822754, 5.697194621833801, 2.7900813081588747, 1.8721499898757936, 1.246084974082947]
JVASP-35214,Na2ZnSe2,2.0220491149749757,[-0.3283025762710571, 0.616240070137024, 2.0220491149749757, 1.2979821422424318]
JVASP-38057,Rb2NaBiCl6,0.8499395110931397,[0.8499395110931397]
JVASP-38303,RbNa2Sb,-0.26719196054077143,[-0.26719196054077143, -0.9142797729644775]
JVASP-37765,Na3Rh,1.819682762893677,[-1.290386750427246, -0.9342828533325195, -0.12025339814758296, -0.4728892585906982, -0.43043072434997554, 1.819682762893677]
JVASP-38070,NaTl2InF6,3.023887322219849,[3.023887322219849]
JVASP-38082,Rb2NaSbCl6,0.7605941751327515,[0.7605941751327515]
JVASP-38084,Rb2NaInCl6,0.8278297641601563,[0.8278297641601563]
JVASP-38085,Rb2NaTlF6,2.6494547584381105,[2.6494547584381105]
JVASP-4714,YbNaP2S6,1.0238017299499513,[0.9955224254455567, 1.0238017299499513]
JVASP-38746,NaLu3,-2.4392181179199217,[-2.4392181179199217]
JVASP-40740,Na3CoO3,2.980179713043213,[0.992243693145752, 2.980179713043213, 1.7675065257873537, 2.24919693258667, 2.371835396560669, 2.2483083465423586]
JVASP-35178,Na3LiP2O7,5.026192114624023,[0.7437700488891602, 1.1693052509155275, 5.026192114624023, 4.672323630126953, 2.9753865459289552, 3.4738654353942873]
JVASP-38098,NaTl2GaF6,1.839784548553467,[1.839784548553467]
JVASP-38625,Na3Au,1.0569233157958986,[-1.2559279939804076, -0.923289491859436, 1.0569233157958986]
JVASP-35250,Na2H6Ir,3.566004917892456,[-0.21592385980224604, 3.566004917892456]
JVASP-38100,Rb2NaTlCl6,1.4520102002944948,[1.4520102002944948]
JVASP-38629,NaMgO3,1.4305505016174318,[1.4305505016174318]
JVASP-38115,Rb2NaInF6,2.081378147872925,[2.081378147872925]
JVASP-35182,Na8N3O,2.376928971084595,[-0.8119140407714843, -0.15944988938903804, 0.910142109664917, 0.8635801532592774, 2.376928971084595, 1.3618008354034425, 1.3155117490615846, -1.5924546262893675]
JVASP-36835,NaAuO2,2.324666903289795,[2.324666903289795]
JVASP-35260,Na6ZnSe4,1.5952789047088625,[-0.5616834900054931, -0.18006212922668452, 0.751890704902649, 1.3351392009582521, 1.0146899679031374, 1.5952789047088625, 1.1399561622467043, 1.4201661804046632, 1.1911861756172182, 1.2418545344200136, 0.9611394861068726, 1.078384206565857]
JVASP-35261,Na2Zn2Se3,1.7185516813125612,[-0.1882389328155517, 0.012132094177246144, 0.6140789845314026, 1.0591379263725282, 1.0914710023727419, 1.154238746437073, 1.605680749687195, 1.7185516813125612]
JVASP-35262,Na2Zn3Se4,0.8415291765060425,[-0.29336269113159175, 0.12671713617706304, 0.7788498857345582, 0.8415291765060425]
JVASP-37712,Na3Cr,-0.7378583690795898,[-1.3201500913772581, -1.2228483698043822, -0.7378583690795898]
JVASP-35263,Na2Zn2Se3,2.1331888892974855,[0.15182952669525152, 0.4364936807479859, 0.708079383644104, 0.8563700177993775, 0.8928422787513733, 1.1952134230461122, 2.1331888892974855, 2.0332149722900392]
JVASP-35264,Na2ZnSe2,1.9836776712265016,[-0.4572801730308532, -0.3337649247322082, 1.6845462777938844, 1.96284656313324, 1.1285946228828432, 1.125846491130829, 1.9836776712265016, 0.8811414697494507]
JVASP-35267,Na2ZnS2,3.16996805456543,[-0.5097573539886474, -0.14566190454101557, 1.4851910331573488, 3.16996805456543, 1.5740594127502443, 1.8787147262420656, 2.0670508601989748, 1.3039137580718996]
JVASP-35186,NaGaGe2O6,1.3540734508361818,[1.3540734508361818, 1.171470568450928]
JVASP-13918,NaSnS2,0.8943176725234986,[0.8943176725234986]
JVASP-37999,Na3PS4,1.5495259025421144,[-0.1606050274047851, 0.9827884891357422, 1.5495259025421144]
JVASP-38001,Na3BrO,6.430355117591858,[0.5043033817138672, 2.291060731681824, 6.430355117591858]
JVASP-38011,Na3Mn2SbO6,2.293566630157471,[-0.20754296990966792, 1.0477861621704103, 2.293566630157471]
JVASP-37174,Na3N,-0.4025500557098388,[-1.067183031764984, -0.40521372768020625, -0.4025500557098388]
JVASP-46948,Na4Ni3O7,3.902012274536133,[0.5206460216369629, 0.7433761813964844, 0.9916924693908692, 1.3459810474243166, 2.648049519332886, 2.8614203193511965, 3.902012274536133, 3.5741800525512697]
JVASP-45746,Na2SmPCO7,3.9882706859436037,[1.1469196536865236, 2.835805342468262, 3.9882706859436037, 2.3589085796203615]
JVASP-46949,NaMnO2,4.510020182403564,[0.1932305553283692, 0.934443400177002, 2.5644120433654787, 4.510020182403564]
JVASP-37175,Na3N,0.6598213174667359,[-1.0584458849105833, 0.6598213174667359, 0.05996470240020757]
JVASP-45750,TbNa2PCO7,3.5765341976013185,[0.9168729045715333, 2.1699933269348146, 3.24889175680542, 3.5765341976013185]
JVASP-46447,Na2VBPO7,3.0221161105957033,[1.3518051364746095, 3.0221161105957033, 2.0155781963195802, 2.785135195526123]
JVASP-45756,Na3ZnPCO7,3.683384344848633,[0.4469365337219239, 1.27959244039917, 3.4116152980651857, 3.4669598796691896, 3.683384344848633, 2.6423954227294923]
JVASP-45761,Na2LuPCO7,4.129307673248291,[0.9611119487609864, 3.0439862468566896, 4.129307673248291, 2.2886895397033693]
JVASP-46972,NaMn3O4,-0.11299855920410151,[-0.11299855920410151]
JVASP-45763,Na2TmPCO7,3.9005302646484377,[0.8434385516967774, 2.3915790775146486, 3.060035155090332, 3.9005302646484377]
JVASP-37754,Na3Pt,4.766153738769531,[-0.7228820464286804, 0.17838393238449102, 4.766153738769531]
JVASP-45226,Na3VPCO7,2.9918483951416017,[-0.1607871791992187, 0.37927763250732427, 1.2460192897644045, 2.25267593649292, 2.9918483951416017, 2.0024847247924806]
JVASP-46993,Na2NiO2,2.281963036331177,[0.1986040332641602, 2.281963036331177]
JVASP-45228,Na3FePCO7,4.049783156188965,[0.30354826239013677, 0.7197126605834961, 1.6593775012817384, 3.2722295978393556, 4.049783156188965, 3.791430876525879]
JVASP-46119,Na2VPCO7,2.3530792453613283,[0.6195544460144043, 1.4120463588562013, 1.37464277532959, 2.3530792453613283]
JVASP-35204,NaCaP3O9,2.0023183086242677,[1.265377924713135, 2.0023183086242677]
JVASP-37071,TbNaS2,0.9021391132202149,[0.9021391132202149]
JVASP-37115,RbNaH2,0.6405555465545655,[0.6405555465545655]
JVASP-45940,NaVPCO7,1.9304465511169435,[1.512199328216553, 1.9304465511169435]
JVASP-45941,Na2GaPCO7,3.3316892841186525,[1.3311309078063966, 2.453948900970459, 1.972435400756836, 3.3316892841186525]
JVASP-37072,TbNaSe2,0.7308897235717774,[0.7308897235717774]
JVASP-45953,Na2AlPCO7,3.2945660808410646,[0.9289931514587403, 2.3352317073669435, 2.3750313976135256, 3.2945660808410646]
JVASP-45957,Na3MgPCO7,3.9490522601928713,[0.2949156024780274, 1.2387346484985353, 3.9490522601928713, 3.72254316595459, 3.138035700592041, 2.1896838405456545]
JVASP-37155,NaSmTe2,0.33515827444458013,[0.33515827444458013]
JVASP-37156,NaYSe2,0.8787988880004883,[0.8787988880004883]
JVASP-37157,NaSmSe2,0.771721289428711,[0.771721289428711]
JVASP-37158,NaVS2,-0.21347959252929682,[-0.21347959252929682]
JVASP-37159,NaSmS2,1.0327548244323732,[1.0327548244323732]
JVASP-45078,Na3MnPCO7,4.349325106414795,[0.18028967169189458, 0.5898594119873047, 1.566671297821045, 3.7099780299987795, 4.349325106414795, 4.124416277679443]
JVASP-37160,NaScS2,0.6260627963867188,[0.6260627963867188]
JVASP-37161,NaPrSe2,0.8406476238098145,[0.8406476238098145]
JVASP-44434,NaVSiCO7,3.1314229228820802,[1.8632468440856935, 3.1314229228820802]
JVASP-76906,NaHg2Bi,-0.9800406238708496,[-0.9800406238708496]
JVASP-34410,Na2Zn2O3,4.272060320648193,[-0.030604197708129832, 0.597174809249878, 1.2122275092926027, 1.9873244026031496, 4.272060320648193, 2.839970515045166, 2.2565134027328493, 1.72387795236969]
JVASP-27540,Na3AsSe3,2.5094353416290285,[-0.35417039605712886, -0.2955804607543945, -0.3709721109542846, -0.23143263074493403, 0.26354579714202886, 0.822841689857483, 0.6946273305740357, 1.1335723855819704, 2.5094353416290285, 1.4191619613494875, 0.5472946622695923, -0.07950563642120356]
JVASP-45259,NaSr3SbO6,-0.018660142150878856,[-0.018660142150878856, -0.3145814678344726]
JVASP-49217,NaBS2,1.5482160308685304,[0.20129768637084966, 0.404202864440918, 0.377194807800293, 0.8484038570251465, 1.5482160308685304, 0.9282190063323975]
JVASP-34408,NaMnCrF6,4.4460210063781735,[2.231665537628174, 2.815055773529053, 4.4460210063781735]
JVASP-10284,Na2CoS2,0.9542035320129395,[-0.37145717355346675, 0.7253617503967286, 0.9542035320129395, 0.17627136495971685]
JVASP-37163,NaNdS2,1.0863908984985353,[1.0863908984985353]
JVASP-9766,Na2TiSiO5,4.419913218292236,[-0.049624516693115184, 1.0610970714416506, 4.419913218292236, 2.7015370586242677]
JVASP-45255,Na2SnTeO6,3.4008070686187746,[1.8796087959136965, 2.8586885192718507, 2.4095279434051515, 3.4008070686187746]
JVASP-13384,Na3AuO2,4.8531852224197385,[-0.15857191297149653, 0.44132141855621343, 0.3940867641296387, 1.0438665607299806, 1.4519471385803224, 2.014800474914551, 1.202185557159424, 4.181956694396972, 2.286433146270752, 2.5775605895843507, 4.8531852224197385, 4.780832336219787]
JVASP-21263,Na6MnS4,2.1504400232162477,[-0.8484431049499511, -0.427469327178955, 0.3474086978759766, 1.2643579700317384, 2.070734188827515, 0.9190384605255127, 1.4848241069641115, 1.7765092113342287, 1.7701944568481447, 1.4765485980834963, 2.1504400232162477, 1.8997757890548708]
JVASP-24782,NaBPt3,-0.4325595638427734,[-0.5316792270812988, -0.4325595638427734]
JVASP-45252,Na2GeTeO6,3.447501824172974,[1.3995925643768312, 1.1458670356597902, 3.0967933395233156, 3.447501824172974]
JVASP-44457,Na3MnSiCO7,3.591509745391846,[0.43091146734619146, 1.361505911621094, 2.7030905940856935, 2.2690533855285646, 2.766817019256592, 3.591509745391846]
JVASP-37164,NaNdSe2,0.874544308456421,[0.874544308456421]
JVASP-37165,NaLaSe2,0.4883972862091065,[0.4883972862091065]
JVASP-11475,K3NaFe2O8,1.3851141193237306,[1.3851141193237306]
JVASP-44521,Na3SiSbCO7,2.8746394374694826,[0.2008442142333985, 0.9927849033203126, 1.326307699951172, 0.886354849609375, 2.8746394374694826, 1.7389668681945802]
JVASP-45247,Na3Sr3GaAs4,-0.7395659229431152,[-1.177681877342224, -1.0440513631973265, -0.8682847759399414, -0.8463986656341552, -1.1369574806365965, -0.7395659229431152]
JVASP-45246,Na3Sr3GaP4,-0.5468073627624511,[-1.3016176960144041, -1.1179447910461424, -0.6674941322479248, -0.7565344116363525, -1.0522614261779784, -0.5468073627624511]
JVASP-37167,NaHoSe2,0.5620183208312989,[0.5620183208312989]
JVASP-21260,Na2B2Se7,0.2746404865112305,[0.02431075361633306, 0.1024572112884522, 0.2746404865112305, 0.2516884067382813]
JVASP-37170,NaDySe2,0.6011480548706055,[0.6011480548706055]
JVASP-9763,Na2Nd2Ti3O10,3.735435889038086,[3.735435889038086, 3.6767544010009767]
JVASP-24765,Na3ErCl6,6.109608576568603,[0.30465976980590825, 0.48813144949340825, 2.251713679107666, 6.109608576568603, 1.1060896375503542, 2.4441717126693727]
JVASP-37172,NaDyS2,0.8118604877319336,[0.8118604877319336]
JVASP-106886,NaMnO2,0.7334059932556153,[0.7334059932556153]
JVASP-37173,NaCeSe2,0.5873707988586426,[0.5873707988586426]
JVASP-41121,NaAcAu2,-0.25736017438507075,[-0.25736017438507075]
JVASP-13383,Na3CrCl6,4.138729498657226,[1.3791362502899172, 1.4159204223480226, 4.138729498657226, 3.677003786834717, 1.6263889530029298, 1.4859296539154054]
JVASP-13381,Na4Ge2Se5,2.3224124172058107,[0.024361775192260793, 0.23197667387390142, 0.5166756370391846, 1.0361515739288332, 2.3224124172058107, 0.6810988643493653, 0.8280437448349, 0.11236982134246831]
JVASP-44526,Na3CuCSO7,3.0238322475280763,[0.5935770728912354, 1.2453533866729738, 2.152885363372803, 1.7504815318908693, 2.6531705119934084, 3.0238322475280763]
JVASP-9759,NaTaGeO5,2.898456023010254,[0.7073425510253907, 2.898456023010254]
JVASP-8208,NaBeSb,0.5027262428131104,[-1.2862475654754637, 0.5027262428131104]
JVASP-9121,NaSi,2.1526068904724123,[-1.1332563898239134, -0.8734719297561645, -0.6266461155090332, -0.24701984140014643, 0.6065980651702881, 0.177346871170044, 0.8522795894470215, 2.1526068904724123]
JVASP-77367,BaNaTl2,-0.8491717121276855,[-0.8491717121276855]
JVASP-18328,NaMnBi,0.5135349490966797,[-0.3812165996704101, 0.5135349490966797]
JVASP-46819,Na2PRuCO7,2.703206942352295,[1.0801491000976564, 2.1655754306640627, 1.7098187663879396, 2.703206942352295]
JVASP-44574,Na2MnAsCO7,2.9369773128356935,[1.3145555713500978, 2.8196510532226564, 1.7079447963562013, 2.9369773128356935]
JVASP-55691,NaMgH3,0.8004791000213624,[-1.3831330082092284, -0.41255099984741206, -0.8987754127655029, 0.8004791000213624]
JVASP-12484,NaBiO3,3.672508642944336,[2.5580262401428224, 3.672508642944336]
JVASP-25522,NaTeF5,4.044217989715576,[2.8885347106781007, 3.65542046812439, 2.974017546447754, 4.044217989715576]
JVASP-43060,Na2Co2O3,1.6028293826904298,[0.311347172531128, 0.3110605933990479, 0.8705133655395508, 1.6028293826904298]
JVASP-11724,NaVO2F2,4.75419370916748,[2.8114160755004884, 4.75419370916748]
JVASP-55689,Na3AlH6,4.510081217559814,[-1.5527025005493162, -1.3588691494140623, -0.1834464809570312, 1.0565551975097658, 1.8742398479309084, 4.510081217559814]
JVASP-44768,Na3NiO2,4.144945309432983,[-0.16224725457763667, -0.2199602863464355, 0.012185499938964894, 1.2453593471374513, 1.3125104167785646, 1.3660687663879396, 0.9484366634216309, 1.3627299526062013, 1.959680960449219, 2.4262708881225588, 1.3739144065704347, 4.144945309432983]
JVASP-43409,NaNiBO3,2.3386453845825197,[0.8756393649902344, 2.3386453845825197]
JVASP-55673,Na3InCl6,4.291193530830383,[1.0786908128585817, 1.5282803037490846, 3.2616639592971803, 3.926294133934021, 4.291193530830383, 2.8711647250976564]
JVASP-53385,Na3PO4,3.856012747558594,[0.5433530071105958, 3.235550806793213, 3.427041456970215, 3.856012747558594, 3.837402270111084, 0.8602761485900879]
JVASP-14034,NaFeS2,0.26684777525329595,[-0.2677987358245849, 0.26684777525329595]
JVASP-18322,NaBi,-0.026485874382018992,[-0.026485874382018992]
JVASP-53482,Na2CO5,2.5166944721069338,[1.4728044727172853, 2.5166944721069338]
JVASP-53393,Na3NO2,5.023793623718261,[0.26484863546752935, 1.1236232974853517, 2.378359244140625, 1.222850725921631, 2.947634146484375, 1.5005759456481935, 4.011286661895752, -0.06358201715087886, 3.1741880634155275, 0.5532526233520508, 2.3173441150512697, 5.023793623718261]
JVASP-53395,NaErF4,6.659215376647949,[0.18571560171508794, 6.659215376647949]
JVASP-9755,Na2MgC2O6,1.5653924205627443,[0.9339617946472168, 1.5653924205627443]
JVASP-10132,NaCuO,3.5030318954315187,[0.23760835913085943, 0.9684781291809083, 1.8701616981353761, 3.5030318954315187]
JVASP-45080,Na3FeBAsO7,3.701457903656006,[0.744321272644043, 2.212967322143555, 3.701457903656006, 2.345688746246338, 3.3511475780334474, 2.165405199798584]
JVASP-45132,Na3CoSiCO7,3.1619643428649904,[0.8485707500305176, 1.9216794231262209, 2.9397873142089845, 2.2753862598266603, 3.1619643428649904, 2.252799914154053]
JVASP-52531,NaTi2O4,1.0039500453796388,[0.43273918417358403, 1.0039500453796388]
JVASP-88713,NaV2O4,1.2257436969604494,[0.31393949774169927, 0.3862261035766602, 0.7130674579467774, 1.2257436969604494]
JVASP-86029,NaCaVO4,2.055226729187012,[0.30963556555175786, 2.055226729187012]
JVASP-64600,Ba4NaSi,-0.8348298809204101,[-0.8348298809204101]
JVASP-64099,Ba4NaRe,-1.0242658397827147,[-1.0242658397827147]
JVASP-49951,NaTiS2,-0.2081828853759765,[-0.2081828853759765]
JVASP-1906,NaN3,0.7121142604675293,[0.7121142604675293]
JVASP-97682,Na2Ge2Se5,1.8603814103927614,[0.17218463209533696, 0.33003656652832036, 0.18737344530487066, 0.18026189592742925, 1.8603814103927614, 1.4643645742263796, 1.6688857534255983, 1.455132768424988]
JVASP-44778,Na3NiO2,2.2910653808441164,[-0.8985443851623535, -0.12113960000610347, 0.867149756225586, 0.6535238483276368, 1.3743747928466798, 1.683973715576172, 1.2630831458892824, 1.600111172470093, 2.289784596237183, 1.7213284232940675, 2.2910653808441164, 1.6720415809478761]
JVASP-52540,NaDyO2,7.357414648803711,[-1.265688969818115, -0.370396687713623, -0.1283937236938476, 7.357414648803711]
JVASP-9383,Na2SO4,5.2279445388641355,[1.4422871330108644, 2.962314770492554, 4.8936011054840085, 5.2279445388641355]
JVASP-59277,NaCaTaTiO6,0.7303690173950196,[-0.10656125756835932, 0.7303690173950196]
JVASP-42949,Na3MnSiBO7,4.156090662750244,[1.0178388812866213, 3.0665592410888673, 4.156090662750244, 2.3940343120422365, 3.2073892810668947, 3.3394779422607423]
JVASP-20648,NaPt2,0.4515923717346192,[0.40254537847900396, 0.4515923717346192]
JVASP-49946,Na2Ti2O5,2.3497928836669923,[1.62441723135376, 2.3497928836669923]
JVASP-56650,Na3FeO3,3.644549296173096,[-0.21500404092407222, 0.12861673620605474, 1.1611835220184328, 0.5696613052215577, 1.4109887340393068, 1.0344042041625978, 2.927689478668213, 2.955443785461426, 1.490670368942261, 2.1291600921478273, 2.890030310424805, 3.644549296173096]
JVASP-11669,Na2WO4,2.7501062610473634,[-0.5869785091552734, 2.7501062610473634, 2.1095608928527834, 2.569999621185303]
JVASP-9659,NaTaO3,3.137589381011963,[2.0587729671325685, 3.137589381011963]
JVASP-46494,NaVSiO4,0.7884768703308106,[0.5207337596740723, 0.7884768703308106]
JVASP-42988,Na3CoO3,2.6761621692504884,[0.5379103877868653, 1.1715382793273927, 1.7054137447204591, 2.3169087627258302, 1.9334584930267336, 2.42589633253479, 2.145805762084961, 2.433752463134766, 1.6788176753845216, 2.6194366672363283, 2.6761621692504884, 2.3418044307556154]
JVASP-46396,Na2Mn2O3,2.1757120349731447,[-0.9992995998535156, -0.4335056087646484, 1.6022810199584963, 2.1757120349731447]
JVASP-46497,NaVO2,0.05739490774536138,[0.05739490774536138]
JVASP-9379,Na2CO3,3.1409267642822267,[0.5099024036254883, 1.9866232135620119, 3.1409267642822267, 1.3910335758056642]
JVASP-44576,NaCrAsCO7,2.612606928619385,[2.1058596828308107, 2.612606928619385]
JVASP-46827,Na3CdPCO7,4.2308296420898435,[0.5398258426513672, 1.1879791477050783, 3.088122294219971, 3.7274502971496584, 4.2308296420898435, 2.3565801837768556]
JVASP-46828,Na3SrPCO7,3.5606865146484377,[0.4999937274780274, 2.53211347845459, 3.3597912052001955, 3.5606865146484377, 1.9779113986816408, 1.8058265903320314]
JVASP-10228,Na5ReO6,6.473237440856933,[0.28224603918457036, 1.6528372028198244, 3.400110647949219, 3.6942495563354494, 6.473237440856933]
JVASP-76923,Na2HgTe,0.7355324485626221,[-0.03026659700012202, 0.7355324485626221]
JVASP-54973,NaBC4N4,1.2775048473205568,[1.008993075164795, 1.2775048473205568]
JVASP-10008,K2NaAg3C6N6,0.29719965246582036,[0.29719965246582036]
JVASP-59026,NaP4N7,0.7144846179809571,[0.7144846179809571, 0.6535076358642579]
JVASP-59117,Na3BO3,5.007156775268554,[-0.659426285949707, -0.46588189813232417, 0.21011965063476568, 1.3485283115234377, 5.007156775268554, 4.497232840332031, 4.04955618170166, 4.377007887634277, 3.0501898982849123, 2.6717766979064943, 3.9390377261962892, 4.299761221679687]
JVASP-59208,Na5MnO4,3.293193981918335,[-0.5765095493469238, -0.0724688312683105, -0.20897085877990718, 1.2648512580718996, 3.2682472923126222, 3.1204439857330324, 2.395646260055542, 3.1571199157562257, 3.293193981918335, 3.1350485542144777]
JVASP-55472,NaMnPO4,1.9831856944885256,[0.4640883663024903, 0.845820353302002, 1.3253134944763185, 1.9831856944885256]
JVASP-10007,Ba4NaCuC2O10,0.7831100681152344,[0.7831100681152344]
JVASP-10121,Na3SbO4,3.744076416763306,[0.1116286971893311, 2.427724049362183, 3.4735087611999513, 2.3820900180664064, 3.744076416763306, 2.756062672409058]
JVASP-59188,Na3FeO3,3.7735010841217043,[0.020924256118774465, 0.03437773970031743, 0.47367803839111333, 0.6619242885437012, 0.5172459342803956, 3.062865422042847, 3.1400644042816164, 1.606609032424927, 2.2967280605163576, 3.4079431751098634, 2.930477783950806, 3.7735010841217043]
JVASP-17780,NaIn,-0.7875943920288085,[-1.0243411800537108, -0.7875943920288085]
JVASP-10120,NaAuF4,5.920009062561035,[3.2849532821502687, 5.920009062561035]
JVASP-34700,Na2PtO3,3.9504830100860597,[0.8815809944000245, 1.0663840034332277, 0.7793714263763428, 1.267967388900757, 2.5930024841156007, 3.9504830100860597, 2.9773966529693605, 2.9904929855194093]
JVASP-34696,NaLiCO3,3.0490922191467287,[0.681170866760254, 1.3381818988647463, 3.0490922191467287]
JVASP-12806,Na4B2O5,5.319224760803222,[-0.08362062188720698, 0.7451328494873047, 2.9945844867553713, 3.990003989013672, 3.095240042480469, 2.7880071857299806, 4.051793501647949, 5.319224760803222]
JVASP-34381,NaZr2NiF11,2.553624079498291,[2.553624079498291]
JVASP-10118,NaAgF4,6.0531563022460935,[3.1282214382019045, 6.0531563022460935]
JVASP-10256,Na3AlAs2,1.5097893932189943,[-1.0060137054595946, -1.0430191299591063, -0.12719876977539057, -0.48908431741333, 1.0879873493041994, 1.5097893932189943]
JVASP-9610,NaCO2,2.7029780605163576,[0.6932162502136231, 1.606818125518799, 1.7918442943420412, 2.7029780605163576]
JVASP-12555,NaAlH4,-0.34247811051940913,[-0.930262877670288, -0.34247811051940913]
JVASP-9609,Na2SiO3,3.1769866206970216,[1.7431158283081056, 2.3392652728881838, 3.1769866206970216, 2.0829991557922365]
JVASP-18053,NaIn2Au,-0.9598016283187866,[-1.1951648733291624, -0.9598016283187866]
JVASP-12293,Na2Ca2Ta3O10,1.9865092494812013,[-0.05630691262817378, 1.9865092494812013]
JVASP-12252,Na3VS3O,1.7809383132781984,[0.004792616638183644, 0.40264980581665044, 0.6490127303924561, 1.551649258407593, 1.4758517005767824, 1.7809383132781984]
JVASP-12553,NaHCO2,1.5334285953369142,[0.48196928289794927, 1.5334285953369142]
JVASP-12757,NaIO4,3.7101656654205324,[1.91368405607605, 3.7101656654205324]
JVASP-10774,NaPrTe2,1.026418373855591,[-0.6324373027954101, 0.03473083761596685, 0.8197027900543213, 1.026418373855591]
JVASP-42902,NaV2O4,1.2851728656616213,[0.5595506885375977, 1.2851728656616213]
JVASP-54566,NaSr2AlP3,-0.1409040233764648,[-1.3174963733825682, -1.1994190952453612, -1.147980286804199, -0.1409040233764648]
JVASP-12877,Na3AlSe3,2.959632323059082,[-0.7361856243286132, -0.21968991967773432, -0.5212374469909667, 0.050486490997314504, 0.43269507673645025, 1.2115575530853273, 2.959632323059082, 1.7886471011962892, 1.7258595683898927, 1.6605700710144045, 0.21302621153259282, 0.2351309516754151]
JVASP-35198,NaLi2BP2O8,1.649371550354004,[1.3695883014526369, 1.649371550354004]
JVASP-52430,K4Na2FeH3F12,1.883779213699341,[1.565225289138794, 1.883779213699341]
JVASP-12876,Na3AlTe3,1.6477336147155763,[-0.8548737308654785, -0.2933681747589111, -0.7447180292282104, -0.15222258779144282, 0.09191493776702886, 0.5439999559249878, 1.2425259807434084, 1.2374846198883058, 1.6477336147155763, 1.6253451564636232, 0.5817978837814332, 0.6962142446365357]
JVASP-9608,NaNO3,5.047039912017822,[1.3836964824523927, 5.047039912017822]
JVASP-17775,NaMnAs,-0.6843500873718261,[-0.6843500873718261, -1.1488638660583494]
JVASP-36979,NaMoO3,1.7317656734313966,[1.1439465740051271, 1.7317656734313966]
JVASP-10117,NaCdAs,0.6758732059326172,[-0.8154877564582824, -0.2912900588188171, -0.18438489648437495, 0.6758732059326172]
JVASP-18162,NaFeAs,-0.903416707244873,[-0.9357820293579101, -0.903416707244873]
JVASP-12550,Na6S2ClO8F,5.266431496414184,[1.0124229648437502, 2.163674280914307, 4.023015902313232, 4.2801837184753415, 3.574945614608765, 5.266431496414184]
JVASP-44392,Na2MnCSO7,2.9481791713562013,[1.3212427356567384, 2.2374386051025392, 1.8710822322692873, 2.9481791713562013]
JVASP-47586,Na4TiO4,4.647713110717773,[-1.209595277038574, -0.8766952297363281, 0.8874057987060547, 3.456221030029297, 2.98472635534668, 2.956741736206055, 4.647713110717773, 4.203834936889648]
JVASP-35159,KNa2BN2,3.4288501003112795,[-1.5720163128051756, 3.4288501003112795]
JVASP-9770,NaNbCu2S4,-0.22273261758422847,[-0.22273261758422847, -0.3285437366638183]
JVASP-12390,K2NaInP2,-0.9098690292510986,[-1.2084642192993162, -0.9098690292510986]
JVASP-47587,Na2BiO3,4.518735096725464,[0.7789692142333985, 0.7252868869628907, 1.817588732513428, 2.210657999786377, 1.7975723007049562, 4.518735096725464, 2.2240108707275392, 4.371045038970947]
JVASP-37747,Na3Tl,-0.3330770275268554,[-1.5033303043518065, -1.098555638519287, -0.3330770275268554]
JVASP-43032,NaMn2O4,1.5481313922729494,[1.357578680786133, 1.5481313922729494]
JVASP-37799,Na3Pt,6.243678972991943,[-1.7848401806030272, -0.8418179294738769, 0.5138013818588257, 0.0990782239761353, -0.085209920135498, 6.243678972991943]
JVASP-11688,Na2MoO4,2.5400590160217287,[0.5348519542541504, 1.7073630550231935, 2.5400590160217287, 1.9391564586486818]
JVASP-35200,NaSrP3O9,2.921360895904541,[2.0238789775695802, 2.921360895904541]
JVASP-12873,Na5InO4,9.263080880912781,[-0.5105586788330078, -0.24653394433593745, -0.07637436601257319, 3.007962391647339, 4.203189299377441, 3.172541067871094, 4.2473515727844235, 3.095672533782959, 3.953342244895935, 9.263080880912781]
JVASP-13821,Na2MnO4,2.935499594482422,[0.9263738849487305, 1.1139930942382814, 1.676374838623047, 2.935499594482422]
JVASP-44565,Na3SiSnBO7,4.275348112854004,[0.610919401916504, 2.148110792907715, 4.275348112854004, 2.465770170959473, 3.275317118438721, 1.9674929836120607]
JVASP-53114,NaV2S4,0.42845194128417974,[0.42845194128417974]
JVASP-35201,NaBS2O8,4.511451170715332,[3.0237945773925783, 4.511451170715332]
JVASP-11816,K3NaCr2O8,1.0687164523925783,[1.0687164523925783]
JVASP-12907,KNaS,1.5448680379714967,[-0.6441877624664306, 1.4260431983795168, 1.5448680379714967, 0.4839175203170777]
JVASP-9595,NaCdF3,5.338086889060974,[5.338086889060974, 3.75689534929657]
JVASP-42983,Na3CoO3,3.1341165759887697,[0.8927914359893799, 1.3833047607269289, 1.0881394603576662, 1.0711507060852052, 2.2266849735107423, 1.7555436351623537, 2.331011698516846, 3.1341165759887697, 2.380786345275879, 2.726801321777344, 1.8246227958526613, 1.7461911895599367]
JVASP-12389,K2NaInAs2,-0.9141972205314636,[-1.1276811501655577, -0.9141972205314636]
JVASP-51049,NaC2N3,1.7865308978881838,[0.8176545360412598, 1.0583695628967287, 0.9398044803466797, 1.7865308978881838]
JVASP-53125,NaClO2,1.85368912008667,[1.6275521972503664, 1.85368912008667]
JVASP-37542,Yb3Na,-0.5826824447784423,[-0.5826824447784423]
JVASP-17893,NaMnSb,0.5229727485504151,[0.5229727485504151, -0.7365730545196533]
JVASP-10210,NaHgPO4,4.317066118988037,[2.251145289215088, 4.317066118988037]
JVASP-17752,NaPb3,-1.106362297264099,[-1.106362297264099]
JVASP-53137,NaHo2F7,3.680999682220459,[3.680999682220459]
JVASP-51054,Na3Li3N2,-0.24841470929718013,[-0.24841470929718013, -0.6421865961227416, -2.073277785507202]
JVASP-9747,NaAsS2,1.9361976840820314,[0.5156287410583497, 1.263666556152344, 1.0912350871887209, 1.9361976840820314]
JVASP-44490,Na2SnBAsO7,4.37379352835083,[2.4447402217712404, 4.37379352835083, 2.5160526492919923, 2.523310110839844]
JVASP-51741,Na2AlH4ClO4,4.4980205753173825,[0.6940883853759766, 0.8097690799560547, 4.4980205753173825, 1.8087887027587892]
JVASP-51744,Na2H4Pd,2.5442389705505373,[-0.5418699524078369, 2.5442389705505373]
JVASP-12370,Na2SO3,4.011866257461548,[0.36589615133667, 1.4489068248596193, 1.6953994491424562, 4.011866257461548]
JVASP-11662,Na2CrO4,3.2341803768005373,[0.7299923160400391, 1.2662109592285158, 2.1918582179870607, 3.2341803768005373]
JVASP-51745,Na3VH6O7,2.643269942077637,[0.2688659885253907, 1.1142896869506838, 2.643269942077637]
JVASP-10205,Na2Zn2O3,3.264233396324158,[0.190117285522461, 1.951208994659424, 3.264233396324158, 2.425854966911316]
JVASP-46844,Na2ScPCO7,4.229680464538574,[0.7509397723999024, 3.6233553150024416, 4.229680464538574, 1.8778242328491213]
JVASP-12313,Na2CO3,3.350618765625,[0.4380764224853516, 3.350618765625, 2.1725963809814455, 1.1509079196777345]
JVASP-45745,Na2InPCO7,3.962655947479248,[1.3761252620544435, 2.6131390788879396, 2.7141923168029787, 3.962655947479248]
JVASP-10203,Na2SnF6,5.00622908857727,[3.442140267166138, 5.00622908857727, 4.381834910186767, 2.5627938964691164]
JVASP-53214,NaZr2SN2Cl,1.508124277862549,[-0.6225615284118652, 0.14735309866333013, 1.1614999034729006, 1.508124277862549]
JVASP-11495,Na4MoN2O2,2.466653750213623,[-0.8253389141235351, -0.6800413868103027, -0.7590809604797363, -0.47502238961791987, 1.1703829028930666, 1.9916605213012697, 1.6511010387268068, 2.466653750213623]
JVASP-11492,Na2NiO2,2.45779387739563,[-0.13095004769897456, 0.8965601184692383, 1.6716176727142336, 2.45779387739563]
JVASP-12750,Na3BiO4,3.7143110492553713,[0.6959637859191895, 2.325054095062256, 2.8685495117034914, 2.486909554275513, 3.7143110492553713, 3.57477705267334]
JVASP-17455,NaFe2O3,0.07786505010986333,[0.07786505010986333]
JVASP-56635,NaFeSe2O8,3.0709828594055177,[3.0709828594055177]
JVASP-9152,NaS,1.9708520629730226,[0.007613466056823781, 0.18275360849761968, 0.6480840900268555, 0.6631545284118653, 1.9708520629730226, 0.770014689239502]
JVASP-11490,Na4CoO3,3.0080217578735353,[-0.3549991390380859, 0.10907022741699224, 1.4239768245544435, 1.032181666168213, 3.0080217578735353, 2.6058916309204103, 2.05522720602417, 2.440834925445557]
JVASP-53547,Na3Nd5Cl18,1.0308517673339845,[0.5044399955596924, 0.5892774322357178, 1.0308517673339845]
JVASP-21928,Rb3NaBe2F8,0.7180430152740479,[0.7180430152740479]
JVASP-21931,NaSiAu3,0.01913516310119634,[-0.557339145866394, -0.39582152577972407, -0.4083119175109863, -0.12244017335510249, -0.08320815774536128, -0.11334355088806147, -0.2515455028686523, 0.01913516310119634]
JVASP-57295,Na3VSO3,2.167700217041016,[-0.20339830133056636, 0.04879038122558599, 0.6222023227539063, 1.7525667407836916, 1.9156097629394533, 2.167700217041016]
JVASP-57300,K2NaFeO3,0.3425850131835938,[-0.21334893914794917, 0.3425850131835938]
JVASP-25783,Na2Ca3Si3O10,5.553178236755371,[0.5944027164306641, 1.2019018390502931, 5.553178236755371, 3.6964191654052736]
JVASP-57312,Na2GaNiF7,5.8752671935882566,[2.004401610168457, 3.321302817138672, 5.8752671935882566, 5.582922146591186]
JVASP-25786,NaSrBO3,5.141205714019775,[0.7900900104370118, 0.9786781528320313, 4.791960642608642, 5.141205714019775]
JVASP-25787,Na2PHO3,4.2773737171020505,[0.6862348773803711, 1.991142676147461, 3.967512533935547, 4.2773737171020505, 3.214552328857422, 2.2178167560424806, 2.4735511997070314, 2.9277776935424806]
JVASP-25789,Na2ZrSiO5,3.931715414794922,[-0.2501917621765136, -0.3030157825622558, 2.336155340942383, 3.7885469653930666, 3.2624654033508302, 2.4665364482727052, 3.931715414794922, 1.2032541492309572, 1.8394402721252443, 1.2288293102111818, 1.7751635768737795, 0.9443530299987793, 2.7423967578735353, 3.3402418353881838, 2.0988797405090334, 3.060823366912842]
JVASP-57321,NaVS2O8,2.3630704143371584,[2.3630704143371584]
JVASP-25797,KNaThF6,1.5153106906738283,[1.093200133117676, 1.5153106906738283]
JVASP-19026,Na8SnSb4,0.07013808277511602,[-1.0579844257507323, -0.6666721841964721, -0.6716843983802795, -0.838628425327301, -0.12245978328323359, -0.6960805794868469, -0.1496896884117126, -0.0645768782768249, -0.3014606377754211, 0.07013808277511602, -0.014060809341430613, -1.0190464994583128, -1.7292275569114683, -0.3995394847068786, -0.7933861753616333, -0.6104175588760375]
JVASP-13169,Na3CoO3,2.6838866927948,[0.46710626867675786, 0.9542326190795899, 2.007393763336182, 2.601414606842041, 2.6838866927948, 2.6544529655303957]
JVASP-57334,NaAlMo2O8,1.3830908992614748,[1.175945208343506, 1.3830908992614748]
JVASP-25631,NaNb2PS10,0.7241367557373047,[0.5105411269989014, 0.599106953414917, 0.7013167598571778, 0.7241367557373047]
JVASP-89040,NaVO3,2.5834850528564455,[1.0005673625793459, 1.618119166168213, 2.5834850528564455, 2.3775057056274416]
JVASP-87105,KNaTe,1.430644915374756,[-0.8834578535232543, -0.05774207326507563, 1.430644915374756, 0.9375423648681641]
JVASP-4331,Na3As,1.7686111190643312,[-0.9865364572677612, -0.2572619459304809, -0.14408714982604975, -0.19701655122375483, -0.07310898515319819, 1.7686111190643312]
JVASP-48471,Na2VO3,4.3432916858520505,[-0.23545606347656245, 0.6923822620239258, 3.1617511966552736, 4.3432916858520505]
JVASP-57342,NaVGe2O6,1.5882572391357423,[1.1256269672241213, 1.5882572391357423]
JVASP-25638,NaZr2CoF11,2.293057844909668,[2.293057844909668]
JVASP-25639,Na3ScSi2O7,3.8910063960876466,[3.8910063960876466, 3.8733290889587404, 1.6271118381347658, 1.9097456195678713, 0.7380899646606446, 0.42890875128173833, 1.9260730007019045, 1.5323819377746584, 1.556452200683594, 2.4137653568115236, 2.7263378360595705, 3.238457129272461]
JVASP-16550,NaHg2,-0.9852770111236572,[-0.9852770111236572]
JVASP-57350,NaNiAsO4,3.2739168861236574,[1.8639399268951418, 3.2739168861236574]
JVASP-25649,NaBi2AuO5,1.8736294963684084,[1.5634533622589113, 1.479867146286011, 1.7287482478942873, 1.8736294963684084]
JVASP-25651,Na3Ca2BiO6,3.459747240814209,[0.1639341571655274, 0.20224277761840825, 2.250511572631836, 2.7752980449523927, 3.459747240814209, 3.1757415988769533]
JVASP-12350,NaNdTiO4,3.090354845794678,[1.5888890483703615, 3.090354845794678]
JVASP-22127,NaZr2ZnF11,1.8071178653564455,[1.8071178653564455]
JVASP-22147,Rb2NaHoF6,3.937471316131592,[3.937471316131592]
JVASP-52495,K3NaFeCl6,0.7285825469818116,[0.7285825469818116]
JVASP-21025,Na5Al3F14,12.15695683744812,[0.9776989677276612, 0.8607451179351807, 4.746231243881225, 12.15695683744812, 5.143325255187988, 5.857772276672363, 2.2824479797210695, 3.2558390357818605, 4.699705050262451, 5.827999041351318]
JVASP-19682,Na2Au,0.8691266038742066,[-1.5339275142822264, -1.0994394561920164, 0.02075104502105718, 0.8691266038742066]
JVASP-108995,Na2NdCuCl6,1.5650500514831545,[-0.34560926171874995, 1.5650500514831545]
JVASP-109005,Rb2NaInBr6,0.5012149074401856,[0.5012149074401856]
JVASP-109008,Na2CuF4,4.126934812339782,[3.0076034524765016, 4.126934812339782]
JVASP-22880,Na2GeF6,5.351479456695556,[2.7379371383514406, 2.940250799926758, 3.668446944030762, 4.931865618499756, 5.351479456695556, 4.323705718788147]
JVASP-20497,NaO2,1.985616610321045,[0.9028615215148926, 1.985616610321045]
JVASP-106347,NaLaRu2O6,1.125318930419922,[1.125318930419922]
JVASP-109062,NaSr3,-1.3667689106140135,[-1.3667689106140135, -1.7983651897583006]
JVASP-107805,K2NaPrCl6,0.10053341177368169,[0.10053341177368169]
JVASP-107961,NaAc3,-1.9764281055603026,[-1.9764281055603026]
JVASP-109806,BaNaN,-0.583587720123291,[-1.3113823673400877, -0.583587720123291]
JVASP-90717,NaAl2Sb,0.11453597334289556,[-0.6829052707824707, 0.11453597334289556]
JVASP-97439,Na3Fe5O9,2.1622843005981447,[0.8787297466125489, 0.8267268398132325, 1.7931918361511232, 1.9840821483459474, 1.3046240070190431, 2.1622843005981447]
JVASP-98732,Na2Te4O9,2.6935266712036134,[1.2386645534362795, 1.5763959148254396, 2.035221503051758, 2.6935266712036134]
JVASP-52551,Ba2Na2O3,3.8263208129730226,[-1.232051207748413, -0.4988783142242431, 1.5712596633758547, 3.8263208129730226]
JVASP-42663,Na2CoO3,4.262900040420532,[1.0179471233215334, 2.0124329784240724, 4.262900040420532, 3.068476841720581]
JVASP-50766,Na5SbO5,4.044795916351318,[1.1666475990142824, 2.3166693904724123, 3.0541948535766603, 4.044795916351318, 3.5179003932800295]
JVASP-64605,Ba4NaP,-0.9943886539611816,[-0.9943886539611816]
JVASP-91893,NaMg7,-1.6147883674774168,[-1.6147883674774168]
JVASP-108659,Na3Ca,-1.1941211959991453,[-1.3354059002075194, -1.622058942047119, -1.1941211959991453, -1.755394770828247, -1.6275115749511717, -1.4810853740844725]
JVASP-110201,NaTlO,1.0775957563247682,[0.4108272054519654, 1.0775957563247682]
JVASP-55182,NaCuPO4,2.657845423492432,[2.056874678405762, 2.24616377142334, 2.6272773006286623, 2.657845423492432]
JVASP-25848,Ba3NaBiO6,0.12118141439819341,[0.12118141439819341, 0.0029815891113281756]
JVASP-108600,Rb2NaTaF6,0.0068148830261230975,[0.0068148830261230975]
JVASP-55788,Na3FePCO7,3.3625048854675295,[0.6645645358886719, 0.8248686054077149, 1.307910368713379, 1.9669346072998048, 3.3625048854675295, 3.241180346282959]
JVASP-110305,NaGeN,-0.2829015991363525,[-0.7248471519622802, -0.2829015991363525]
JVASP-9682,Na2SO4,4.333355591567993,[1.7137395599212648, 4.333355591567993, 3.144404099258423, 4.256898567947387]
JVASP-108660,Na3Pd,1.0075928428497316,[-1.0038731834564207, -0.6026614448699951, 1.0075928428497316]
JVASP-57290,Na6PbO5,10.181287334236146,[-0.10551555368041987, 1.5104426601257326, 2.504548952850342, 2.046334193023682, 3.7204579570617677, 10.181287334236146]
JVASP-109830,Rb2NaGaBr6,0.52363221434021,[0.52363221434021]
JVASP-21122,K2NaScF6,0.7023855903472901,[0.7023855903472901]
JVASP-110076,Rb2NaPdF6,2.611112044128418,[2.611112044128418]
JVASP-27504,NaY3SiS7,-0.9179311535034179,[-1.1252599498901366, -0.9179311535034179]
JVASP-10122,NaP,0.19406692770385747,[-0.9964280864868164, -1.0074368259582518, -0.615401103225708, -0.4868248245391845, 0.045474217208862355, 0.08199040678405767, 0.19406692770385747, -1.336620881286621]
JVASP-109479,Na2LiPrCl6,2.7512189605560304,[0.2006475189056397, 2.7512189605560304]
JVASP-109905,BaNaCuBrO2,0.993985579284668,[0.993985579284668]
JVASP-108832,NaNi2O3,1.1042739608612062,[1.1042739608612062]
JVASP-108859,Na2LiBiI6,0.9292719223823548,[-0.47129787417984004, 0.9292719223823548]
JVASP-110300,NaCrN,-0.7570668003234863,[-1.861051633087158, -0.7570668003234863]
JVASP-57123,NaAuS2O8,3.5324620464172365,[3.5324620464172365, 3.2177952983703615]
JVASP-22892,K2Na3TlO4,2.5703131416168215,[-0.10018213006591792, 0.31233255651855474, -0.37725789758300776, 0.8241276004638672, 0.4659826019134522, 0.2532927253570557, 1.020988867553711, 1.1577104785766603, 2.389000580581665, 2.5703131416168215, 2.5280751445617677, 2.0751070239868166]
JVASP-110202,NaLiZnS2,0.9034332492675782,[0.9034332492675782]
JVASP-56687,KNa3WO5,3.0033458927001955,[-0.21345384332275386, 0.14988462713623052, 3.0033458927001955, 2.107729361328125, 2.2387680270996095, 2.2786258914794923]
JVASP-46838,Na2YPCO7,4.241165564331054,[1.2327942111816408, 3.7882742145385744, 4.241165564331054, 1.4950613239135744]
JVASP-109480,Na2LiYCl6,4.0144719341125485,[-0.3664870998535156, 4.0144719341125485]
JVASP-108661,TbNaTl2,-0.6106417915496826,[-0.6106417915496826]
JVASP-109338,Na2SnHg,-0.4736848613891601,[-0.988983227935791, -0.4736848613891601]
JVASP-21603,NaPF6,3.411003515991211,[3.411003515991211]
JVASP-109438,K2NaSbBr6,0.534559891494751,[0.534559891494751]
JVASP-108689,Rb2NaCrCl6,1.5925175407257082,[1.5925175407257082]
JVASP-108845,K2NaCeI6,-0.5129099628601074,[-0.5129099628601074]
JVASP-109256,Rb2NaSbBr6,0.6045619705047608,[0.6045619705047608]
JVASP-54966,KNaB2H8,-0.9850960514221191,[-0.9850960514221191]
JVASP-31153,NaAlB14,0.2869700649108887,[-0.6131764194641113, 0.2869700649108887]
JVASP-108860,Na3AsF6,5.392383740219116,[0.3613695361938477, 4.989217684539795, 5.392383740219116]
JVASP-34424,NaIO2F2,3.9380430438842775,[2.641936705383301, 3.9380430438842775]
JVASP-108572,Na2InCuCl6,2.2484636762466432,[0.13947896746063237, 2.2484636762466432]
JVASP-16386,YbNaSe2,0.9586899736251832,[0.9586899736251832]
JVASP-109832,NaLi2TiF6,0.8612291076507569,[0.8612291076507569]
JVASP-109876,Na2TlAsF6,1.4478339412536623,[0.2668885448303223, 1.4478339412536623]
JVASP-109439,K2NaSbI6,-0.1355588576469421,[-0.1355588576469421]
JVASP-108846,Na2ErCuCl6,1.1806515910949709,[-0.576726033416748, 1.1806515910949709]
JVASP-108972,Na2TmCuCl6,1.8189748981323244,[-0.5213499805603027, 1.8189748981323244]
JVASP-110203,NaBiTe2,0.502546952041626,[0.502546952041626]
JVASP-26743,Na2Cd3P4O14,2.9056119182434084,[1.5458740451660158, 2.9056119182434084]
JVASP-108603,Rb2NaAuBr6,0.8148301103439332,[0.8148301103439332]
JVASP-108573,NaLi2GaF6,2.2585791805114748,[2.2585791805114748]
JVASP-34773,NaClO3,3.9449404933776857,[1.762387202056885, 1.9756879070129396, 3.3073901393737795, 3.9449404933776857]
JVASP-24335,Na4TiAs2O9,4.420707152160644,[1.0815123775329591, 1.6339959361877443, 2.9925398090209963, 4.420707152160644, 3.5138835170593263, 3.6636056163635256, 3.4211148479309084, 3.0232619502868654]
JVASP-109833,K2NaTlI6,0.6451907613601685,[0.6451907613601685]
JVASP-52203,Na3BiO4,3.3263906696166994,[1.582354710372925, 2.689351723464966, 3.3263906696166994]
JVASP-51709,Na4H6Ru,1.5912303188171388,[-0.043513371673583934, -1.1188560268554686, -0.29528017255401606, -0.7061509630355834, 0.5031341770019532, 1.5912303188171388, 0.7222708919372559, 1.0200723865356447]
JVASP-58860,Na4Ge2Se5,2.322375939163208,[0.024269268783569387, 0.2319113471832276, 0.5163583019104004, 1.0360628822174074, 2.322375939163208, 0.6818474986877442, 0.8276631095733643, 0.11250297811889653]
JVASP-108862,Rb2NaPdF6,2.5702738025512697,[2.5702738025512697]
JVASP-108847,Na2AgAuCl6,2.708631441864014,[0.9675604560699463, 2.708631441864014]
JVASP-25596,K4Na2TeO6,0.8711275317993165,[-0.715740754333496, -0.390108658996582, 0.28321878698730474, 0.8711275317993165]
JVASP-21037,Na2ThF6,2.222289488586426,[1.6352714755859377, 2.222289488586426]
JVASP-110204,Na4AgCl5,8.058830306800843,[0.7715553500976563, 4.681430266174316, 3.5512693384017946, 8.058830306800843]
JVASP-26336,NaCNO,1.583660052093506,[1.583660052093506]
JVASP-46407,Na2MnO3,4.203113005432129,[0.7567819812622071, 2.426268980773926, 3.243222639831543, 4.203113005432129]
JVASP-108113,KNaNb2O6,0.6179937579956055,[0.6179937579956055]
JVASP-109483,KNa2IrF6,2.671514914306641,[0.6026319721069336, 2.671514914306641]
JVASP-109216,NaNiIO6,3.562501833709717,[3.562501833709717]
JVASP-109570,Na3Hg,-0.9489765903625488,[-1.394477441040039, -1.4160304805908202, -0.9489765903625488]
JVASP-20970,Na5GeP3,1.2531160571899416,[-1.230573370185852, -1.1388043901596068, -0.9484041473541259, -0.9413760444793701, -1.0403931877288817, -0.4817984840545654, -0.6583624622497558, -0.28305108758544917, 1.2531160571899416, 1.1795520046081545, 0.18193094519042974, 0.518087313446045, 0.12912778643035894, 0.790983722480774, 0.3888545492019654, -0.1889607450637817, 1.2458855369415285, -0.20954830857849116, -0.8065205356750488, 0.19424192694091802]
JVASP-108863,Rb2NaMoCl6,0.5466486671295167,[0.5466486671295167]
JVASP-110008,YbNa3,-1.020219399658203,[-1.020219399658203, -1.7237449428710936, -1.8178454181823729]
JVASP-27181,Na14Mn2O9,5.859836743148803,[-1.4368692180786131, -0.5865884563598632, -0.2518840572509765, 1.5824527004089357, 3.0373706081237795, 4.148573324951172, -0.02591951104736323, 5.859836743148803, 1.0875984886016847, 0.9888290622558594, 1.319126532348633, 1.6359023311462404, 2.8996094920959474, 4.088078425201416]
JVASP-109466,RbNa2AsF6,2.0871021011199953,[0.18011491087341314, 2.0871021011199953]
JVASP-109898,Rb2NaScCl6,-0.1607270977172851,[-0.1607270977172851]
JVASP-58862,Na3CrCl6,4.15030925062561,[1.4007920482482912, 1.4536794879760744, 4.15030925062561, 3.665101692947388, 1.5137273528900148, 1.5977389076080324]
JVASP-110205,NaNb2S4,0.3137916782226563,[0.3137916782226563]
JVASP-42280,Na2Cr7O14,1.643976614746094,[0.7773126819458008, 1.643976614746094]
JVASP-108605,NaCO3,2.095742628845215,[2.095742628845215, 1.8120798328247072]
JVASP-109294,NaPm3,-1.941756322113037,[-1.941756322113037]
JVASP-109484,KNa2AsF6,2.8189145782318117,[0.35181014326477056, 2.8189145782318117]
JVASP-109835,Na2SmCuCl6,1.6304091670837404,[-0.4187496444854736, 1.6304091670837404]
JVASP-109442,Na2ScAgCl6,2.691889212402344,[-0.19978411408996577, 2.691889212402344]
JVASP-110009,NaAlO3,3.313210890563965,[3.313210890563965]
JVASP-26762,Na2P2PbO7,4.335884020599365,[1.4726242282714845, 4.082909033569336, 4.335884020599365, 2.521044657501221]
JVASP-109468,Na3AsCl6,3.3011457183685304,[-0.027632548538207957, 2.2731265285339357, 3.3011457183685304]
JVASP-55128,NaC4N3,2.678435728820801,[1.5972923496093752, 2.678435728820801]
JVASP-109732,K2NaCl3,2.311368153366089,[2.311368153366089]
JVASP-109249,Na2LiBiF6,4.659752772125244,[0.7450083949890137, 4.659752772125244]
JVASP-24337,NaLiCO3,2.780533716949463,[0.7592334010925293, 0.5988482692565918, 0.9980577686157227, 1.3032726505126955, 1.5456599452819826, 1.373924181732178, 2.4990495899047853, 2.555379317077637, 2.780533716949463]
JVASP-38458,KNaMoO2F4,2.8001102664794923,[2.8001102664794923, 1.9614710071411134]
JVASP-57127,Na3MnF6,4.8647078731384275,[1.6004900195922853, 4.8647078731384275, 3.8118271091308595, 4.022474215301513, 3.286453888687134, 2.5797578552093507]
JVASP-109836,Na2AgSbCl6,1.7425662734832765,[0.04452745703125005, 1.7425662734832765]
JVASP-108775,K4NaCl5,2.1253322818603517,[2.1253322818603517]
JVASP-109260,NaNO2,3.1133007266845705,[0.8852848270263672, 3.1133007266845705]
JVASP-109485,Na2GaHgCl6,1.3816509702529909,[0.12572531488800054, 1.3816509702529909]
JVASP-109901,NaTiF3,-1.1876445552978514,[-1.1876445552978514]
JVASP-110010,Na3Zn,0.20317714002990728,[-1.6714096805725096, -1.448770596710205, -1.122129513946533, -1.4340573093566893, -1.5553472778472899, 0.20317714002990728]
JVASP-109471,Na3AsBr6,2.6652381279792787,[-0.24807174417114253, 1.2215167739715578, 2.6652381279792787]
JVASP-109443,Na2AgAuF6,3.5490164020385744,[1.6791240432586672, 3.5490164020385744]
JVASP-24984,Na2CdS2O8,3.6923207500305177,[1.3458275058593752, 2.1293386676635744, 2.2463392474975588, 3.6923207500305177]
JVASP-109231,Na2GaAgBr6,1.7165507533874513,[0.05633311060333257, 1.7165507533874513]
JVASP-108885,NaBiPd2,-0.542788102355957,[-0.542788102355957]
JVASP-108965,Na4WO4,4.923924849304199,[-0.7812004825744628, 1.65589277532959, 2.2568887927856447, 4.923924849304199]
JVASP-109837,Na2AlAgCl6,2.896756336959839,[0.004932091506958058, 2.896756336959839]
JVASP-23050,Na5SiAs3,1.913761542114258,[-1.1074254057083128, -1.2614683649215697, -1.1012783786926268, -1.1629257938537596, -1.2349756500396727, -1.0796399852905272, -0.9287827751312255, -0.8168283245239257, -0.13557036134338374, 0.2511042812194825, -0.7186954757843017, 1.913761542114258, 1.8092506387557985, 1.275182292732239, -0.7892633220825195, -0.03423888894653315, 0.3383442619171143, 0.05285994795227056, -0.3665345451507568, -1.2358687660369871]
JVASP-109156,Na4SeS,8.906744048866273,[-0.25499601575469966, 2.1168320634689333, 1.587231681617737, 8.906744048866273]
JVASP-109889,Na2AlHgF6,1.5075408675994875,[0.17650000837707525, 1.5075408675994875]
JVASP-10017,NaAgO,2.486128256591797,[0.5060934284057618, 1.532958672317505, 2.076051399978638, 2.486128256591797]
JVASP-109902,NaCuO2,2.164820835861206,[2.164820835861206]
JVASP-24945,NaLi2PO4,4.02740041998291,[0.500420019897461, 0.9931511142578126, 3.806363508972168, 4.02740041998291]
JVASP-110011,NaCa2Rh,-1.53267665120697,[-1.53267665120697]
JVASP-24285,Na4Al3Ge3ClO12,4.498409674438476,[0.7998799541320801, 1.0471686580505373, 2.537369177612305, 4.498409674438476, 3.450033114227295, 2.614815638336182, 2.1269263484802248, 2.299607203277588]
JVASP-109377,NaSrNb2O6,0.36598484304809575,[0.36598484304809575]
JVASP-109251,Rb2NaScF6,0.8223485210266114,[0.8223485210266114]
JVASP-109703,NaSbTe2,0.3714877822723389,[0.3714877822723389]
JVASP-108886,NaSiO3,3.3676037052001955,[3.3676037052001955]
JVASP-42204,Na3VBPO7,3.2473668315734865,[0.1719445445861817, 1.262594149383545, 3.2473668315734865, 1.7658347347106935, 3.2389439800109865, 2.584821627410889]
JVASP-109890,Na3GaF6,7.713895426067352,[0.9299062946166993, 5.573317930969238, 7.713895426067352]
JVASP-20890,NaBF4,3.748154566558838,[3.2518758037414552, 3.748154566558838]
JVASP-109157,NaFe2O4,1.6654314258422853,[1.6654314258422853]
JVASP-39190,Na2CrH2F8,5.081041262420654,[2.9944957950439455, 5.081041262420654]
JVASP-55273,NaTmGeO4,5.041033194335937,[0.4982222774353028, 0.6284379222717286, 2.1442341068115236, 5.041033194335937]
JVASP-109487,Rb2NaCeI6,-0.49508435937499995,[-0.49508435937499995]
JVASP-25583,RbNaSi2O5,3.8886703708496095,[0.8648266055908204, 1.5345377185668947, 3.8886703708496095, 3.282704756530762]
JVASP-26764,RbNa7Co2O6,3.541073487075806,[-0.36597640725708, 0.01318590429687505, 0.9535266616668702, 2.0641633727874757, 1.3064669826354982, 2.3386773326721193, 3.541073487075806]
JVASP-109233,K2NaTiF6,0.34280936506652837,[0.34280936506652837]
JVASP-108598,Na2LiScF6,6.064022467407226,[0.34858934667968755, 6.064022467407226]
JVASP-108579,Na3SbF6,6.306430266174316,[0.23945657995605474, 2.77500955847168, 6.306430266174316]
JVASP-20972,Na3ScF6,8.653925106796265,[0.4689122894134522, 8.653925106796265, 3.597602293762207, 5.628848002227783, 4.023155615600586, 4.565338537963867]
JVASP-108979,Na2AgIrF6,3.125668928894043,[0.8529628970947266, 3.125668928894043]
JVASP-109891,Rb2NaNdF6,5.080091879638672,[5.080091879638672]
JVASP-25880,KNaSmNbO5,-0.1431790134582519,[-0.5408955356750488, -0.1431790134582519]
JVASP-110012,NaTl2In,-1.0697782776031493,[-1.0697782776031493]
JVASP-26748,Na2CuSbS3,2.1289216735687257,[-0.09149451467132563, -0.02928228589630122, 0.6613902309265137, 0.6908606746520997, 1.4820383050765993, 1.4418580987777712, 2.1289216735687257, 1.9015511730041506]
JVASP-109574,NaLi5N2,-1.4411772033843993,[-1.4411772033843993]
JVASP-109378,NaSbS2,1.197816775115967,[1.197816775115967]
JVASP-110002,Na3Ge,-0.20533354493713374,[-0.4678214332733154, -1.1020477554473875, -0.20533354493713374]
JVASP-108867,Na2PdO6,2.3521756389465334,[1.3886045673217775, 2.3521756389465334]
JVASP-109915,BaNaH6Ir,-0.8258398315582275,[-0.8258398315582275]
JVASP-55129,NaNbO2,0.4667133548583985,[0.4667133548583985]
JVASP-110200,NaYF4,2.6168293216552736,[2.6168293216552736]
JVASP-26813,NaZr2FeF11,2.0314077594604494,[2.0314077594604494]
JVASP-19761,NaTl,-1.212238623825073,[-1.212238623825073, -1.2319443962249754]
JVASP-108580,K2NaAsCl6,1.015477941307068,[1.015477941307068]
JVASP-109803,NaInN,-0.08681733819580073,[-1.0804162761840819, -0.08681733819580073]
JVASP-15935,NaVS2,0.050538466247558644,[0.050538466247558644]
JVASP-17695,Na2CdPb,-0.38145454141235347,[-1.0938745281372069, -0.38145454141235347]
JVASP-108094,NaLiAs2S4,0.49626629141235357,[0.49626629141235357]
JVASP-108900,NaSr2OsO6,1.3731607654418947,[1.3731607654418947]
JVASP-108841,K2NaGaF6,1.6036810138549806,[1.6036810138549806]
JVASP-109379,NaNb2O4,1.051865504058838,[1.051865504058838]
JVASP-109805,NaCaN,0.14250581053161626,[-1.2247613212738035, 0.14250581053161626]
JVASP-108927,NaLiCdS2,0.18227987078094487,[0.18227987078094487]
JVASP-109575,NaIn3,-1.319678857055664,[-1.319678857055664]
JVASP-109503,Ba3Na,-1.6982718250427244,[-1.6982718250427244]
JVASP-109435,K2NaAsF6,1.639958069595337,[1.639958069595337]
JVASP-27046,NaFeSi2O6,2.085392878326416,[1.4920787074890138, 2.085392878326416]
JVASP-31179,Na2HF4,6.776299283775329,[3.348109171661377, 6.776299283775329]
JVASP-108581,Na3AuBr6,2.8133174636688234,[0.26402567413711553, 1.617568002017975, 2.8133174636688234]
JVASP-108767,KNa4Cl5,16.092253134521485,[2.557200835021973, 3.2610897281494142, 16.092253134521485, 11.202004359039307]
JVASP-24293,Na2CoGeO4,3.8249515750732423,[0.484154150756836, 1.4026917674865724, 1.8067235210266115, 3.8249515750732423]
JVASP-108929,NaCo2O4,1.4109396198120119,[1.4109396198120119]
JVASP-55130,NaCuO2,1.9336585262145998,[1.9336585262145998]
JVASP-15936,NaVS2,-0.08470399591064448,[-0.08470399591064448]
JVASP-108768,KNa4Cl5,5.065999195846557,[0.3374861934509278, 5.065999195846557, 2.747901902469635, 2.6153162577476503]
JVASP-108095,NaSbSe2,0.6310261943664551,[0.6310261943664551]
JVASP-36978,NaOsO3,1.882133410247803,[0.9141854503479004, 1.882133410247803]
JVASP-20980,NaSi2Pd3,-0.8324020645294189,[-1.290764643875122, -0.8324020645294189]
JVASP-24296,NaNb3Te4O16,2.0391458728637697,[1.1312336185302736, 2.0391458728637697]
JVASP-55131,NaMnO2,0.7730697849121094,[0.7730697849121094]
JVASP-108096,NaPr2Se3,-0.5770498058471679,[-0.5770498058471679]
JVASP-24274,Na2Te4MoO12,1.8618225314941408,[1.3830179431762697, 1.6207451083984377, 1.3732990482177736, 1.8618225314941408]
JVASP-17636,NaMnP,-0.9410279533538818,[-1.1254375717315672, -0.9410279533538818]
JVASP-56646,Na2FeNiF7,5.4368914821472165,[2.0674185016479494, 4.1744989612426755, 5.4368914821472165, 4.978162691864013]
JVASP-14220,Na2PrO3,4.3164009311523435,[0.12046520498657232, 0.6087760188903809, 0.768758700164795, 1.0765904643859865, 2.5423468807067873, 2.780260966094971, 3.5552047946777345, 4.3164009311523435]
JVASP-108098,Na2TiTeO6,3.640653059753418,[1.150303290161133, 3.640653059753418]
JVASP-23037,Na6Ge2Se7,1.3353007295455934,[-0.1713828584823608, -0.17105550977325434, 0.2629803874816895, 0.1294190147247315, 0.7250801780548096, 0.9023803928222657, 1.0270026185836794, 0.977058933052063, 1.3109447219696047, 1.1638776519622804, 1.3353007295455934, 0.7796302297439576]
JVASP-45309,NaErP2S6,0.5602349498596192,[0.5602349498596192, 0.4537295558776856]
JVASP-56608,KNa2,-1.3490436813507078,[-1.4919172069702147, -1.5007148525390623, -1.4390347740325926, -1.3490436813507078, -1.8983622333679198, -2.039729668823242, -2.4064608356628416, -2.0640245220336912]
JVASP-24299,Ba4NaBi3O12,2.2975615718688966,[2.2975615718688966]
JVASP-26822,RbNaTiO3,1.673759863647461,[-0.7596574566040039, 1.673759863647461]
JVASP-34954,Na3HoCl6,6.201498196395874,[0.338629887374878, 0.47837941435241704, 2.1478559234466554, 6.201498196395874, 1.162315295013428, 2.573673651489258]
JVASP-52213,NaTiS2,-0.17249734613037104,[-0.17249734613037104]
JVASP-19609,NaAu2,0.35881416586303716,[-0.21196003171539302, 0.35881416586303716]
JVASP-26770,NaTl2MoF6,0.4668215968933106,[0.4668215968933106]
JVASP-44600,Na2VBAsO7,2.9855055072631838,[1.5411180713500978, 2.9855055072631838, 1.546104834350586, 2.8867286899414064]
JVASP-55132,NaMoO2,0.5839280345764161,[0.5839280345764161]
JVASP-26829,NaLi3H8N4,-0.8064304134521484,[-0.8064304134521484]
JVASP-26736,NaSr3BiO6,0.3351520755615235,[0.202937052520752, 0.3351520755615235]
JVASP-41050,Na3NpH2O6,3.5081490733947756,[1.141763136657715, 1.7117819049682619, 2.654961035522461, 2.0142215946044923, 2.064379618438721, 3.5081490733947756]
JVASP-34961,NaCN,0.5592269161071778,[-0.4803105137023925, 0.5592269161071778]
JVASP-20349,NaZn13,-0.6574269077453613,[-0.6574269077453613, -1.563918187347412]
JVASP-25900,Na2ZrCu2S4,0.7661465862121583,[-0.21052701684570307, 0.7661465862121583]
JVASP-55133,NaNiO2,1.4004475334014894,[1.4004475334014894]
JVASP-4435,NaAsO2,2.9267544010009767,[0.9168943622436524, 1.4222091892089845, 0.9529878356781006, 1.800344155105591, 1.6145786502685548, 2.6824650028076173, 2.3164676883544923, 2.9267544010009767]
JVASP-24947,Rb2NaMnF6,4.175679610046386,[4.175679610046386]
JVASP-23039,Na2Si2S5,0.7783688762512208,[0.07351605680847173, 0.3325783470001221, 0.470071480545044, 0.7424279907073975, 0.5785254695739747, 0.6322159030761719, 0.6002001026000977, 0.7783688762512208]
JVASP-44530,Na3VBAsO7,3.035716460021973,[0.16774027136230474, 1.8341268756713869, 3.035716460021973, 1.7483648517456056, 2.6743149020996095, 2.2993473270263673]
JVASP-30308,Na2DyPCO7,3.6741546848144533,[0.9756039836730958, 2.7858237483825685, 3.6741546848144533, 3.073887274536133]
JVASP-25841,Na3BeAlSi2O8,4.9350604274597165,[-0.18607957574462886, -0.0442405483398437, 2.4344062068786623, 4.9350604274597165, 1.1041659572448732, 2.0433234432067873]
JVASP-45315,NaSm3SiS7,-0.7359586498413085,[-1.0458417675170897, -0.7359586498413085]
JVASP-24396,K2NaFeF6,1.6430491664733888,[1.6430491664733888]
JVASP-42514,Na3FeO4,1.9552883365478517,[1.3351146438446047, 1.7929522254791261, 1.9552883365478517, 1.2191480853881838, 1.6821128585662843, 1.4007956245269777]
JVASP-12818,Na5InS4,3.610956595214844,[-0.6322166464004516, -0.2699701330337524, 0.2629019477691651, 0.243950293334961, 3.231081173690796, 3.610956595214844, 3.4514543273773195, 1.8244775989379884, 2.855608866485596, 2.856752798828125]
JVASP-42526,Na3MnO3,4.028828308853149,[-0.19508083078002925, -0.3789912006530761, -0.17827208253479, 0.010126755508422902, 1.3722781398620607, 1.989823267730713, 2.543028996261597, 2.2103516319122316, 3.119698450836182, 3.6063098171081545, 3.254985974105835, 4.028828308853149]
JVASP-12820,Na3TlO2,5.867102072509765,[-0.28439636441802973, 0.06155280855560308, -0.39680559846496577, 0.022914335998535207, 2.1114844539489748, 1.8129679420318605, 2.103953407081604, 3.065921352180481, 2.5492496946182253, 3.506454036506653, 2.6897098281707765, 5.867102072509765]
JVASP-25908,Na3Sb3As2O14,3.760384485992432,[1.8906258800354006, 2.248299525054932, 3.760384485992432, 2.8962506511535646, 2.1775197246398927, 3.293764040740967]
JVASP-31147,NaYF4,5.70142500189209,[0.5655340411987305, 5.70142500189209]
JVASP-51609,Na2V2ZnO7,2.121254847320557,[0.4836372592773438, 0.7763151386108399, 1.0871705272521974, 2.121254847320557]
JVASP-49210,Na6MnTe4,1.4572340705718996,[-0.9052208206329345, -0.48042185517883296, -0.3119055769119262, 0.15146879938507085, 1.4572340705718996, 1.4414207198944093, 0.9925758102264405, 1.0746297099914552, 0.6652154186096192, 0.2855021217193604, 0.32789914396667486, 0.8536583640899659]
JVASP-52105,Na3YCl6,5.130819247039795,[0.18372146871948247, 0.46281807211303716, 3.8094424465026857, 5.130819247039795, 1.071746275695801, 3.340368674072266]
JVASP-26785,Na2TiF6,9.291527912887574,[1.6386276939239504, 2.1913127162780763, 4.592778609069824, 9.291527912887574, 5.772755310806274, 4.093290732177734]
JVASP-9373,Na4GeO4,4.393960402282715,[-0.26066143724060054, 0.29909007337951665, 2.7282933452453615, 2.7760085323181154, 3.2890943744506838, 3.2684377887573244, 3.3672632434692384, 4.393960402282715]
JVASP-22889,Na3In2P3O12,5.547033713134765,[1.0791496494140627, 1.8600382068481447, 2.0292524555053713, 5.547033713134765, 3.278711722167969, 3.812602446350098]
JVASP-54609,K3NaMo2O8,0.41405241278076177,[0.32112638739013677, 0.41405241278076177]
JVASP-24951,Rb2NaFeF6,2.0153836467590334,[2.0153836467590334]
JVASP-16410,NaC,1.1142186382141115,[-0.5528422138366699, 1.1142186382141115]
JVASP-24953,KNaGeO3,2.38843672064209,[0.2643560626831055, 0.3774527767028809, 1.5488547542419435, 2.38843672064209]
JVASP-54513,Na2AlNiF7,6.683421538146972,[1.6133894183959963, 6.683421538146972, 4.592324660095215, 4.073975012573242]
JVASP-49157,NaSr3TaO6,-0.9348889133605957,[-1.0227165958557127, -0.9348889133605957]
JVASP-26224,Na3In2Au,-0.7875244161758422,[-1.732039525238037, -1.48133547517395, -1.333808495727539, -1.0052021286163328, -1.3014535448226927, -0.7875244161758422, -1.2478140136871336, -1.4484370491180418, -1.6269812128219603, -1.7669839403305052, -1.6043346664581297, -2.086783482757568]
JVASP-57708,Na6CoSe4,1.2426342227783205,[-0.42559511872863764, -0.03846843453979487, -0.0558902761611938, 0.7828100183334351, 1.144516632827759, 0.7460045078125, 1.2426342227783205, 1.2126068332519533, 0.6956943729248047, 0.9374078967895508, 0.9916259506072999, -0.6342342636260986]
JVASP-56677,Na2Mn2O3,3.1169723728027345,[-0.4175811550292968, -0.47799451562499995, -0.3157535335693359, 1.0133556583251955, 1.1077574947204591, 1.6198415019836427, 1.873802588256836, 3.1169723728027345]
JVASP-57134,Na2CaP2O7,4.1356806018676755,[0.7208108165588379, 2.996499941619873, 4.1356806018676755, 2.7831339099731447]
JVASP-24483,KNa2AuO2,2.0059704044189455,[0.026338503631591847, 0.27435247686767583, 1.253755495819092, 2.0059704044189455]
JVASP-21379,NaLuPd6O8,1.511152670654297,[1.511152670654297]
JVASP-24487,Na4Al3Ge3BrO12,4.440381453308105,[0.7627777316894532, 0.9103311755981446, 1.859984801086426, 2.797536299499512, 4.440381453308105, 2.881225035461426, 2.077490256103516, 1.8763717868652345]
JVASP-40474,NaTlO,2.005238697799683,[0.25598959711456304, 0.4468114831771851, 1.8812009551849367, 2.005238697799683]
JVASP-31243,K2NaTiOF5,1.1573750236358644,[1.1573750236358644]
JVASP-11392,Na3AuS2,2.091453240188599,[-0.2356642028961181, 0.28350918081665044, 1.6551028945770265, 1.5004419544067384, 2.091453240188599, 0.9725813129272461]
JVASP-12747,NaAg3O2,1.3411330440368654,[0.6309453704681397, 1.3411330440368654]
JVASP-21387,K2NaAlF6,0.8224245765533448,[0.8224245765533448]
JVASP-44591,Na2CrCSO7,2.3141903140869142,[1.3440694072570802, 1.7364329555358888, 1.4695896365966798, 2.3141903140869142]
JVASP-26811,Na2BHO3,4.031600401672363,[1.113733694824219, 3.156552717956543, 3.404484675201416, 2.4655770519104006, 2.372144625457764, 3.151099131378174, 2.8461736896362306, 4.031600401672363]
JVASP-24375,Rb2NaCoF6,2.7929667690124513,[2.7929667690124513]
JVASP-38219,Rb3Na,-1.870410992828369,[-1.870410992828369]
JVASP-55464,NaMnAsO4,2.0967182376708986,[0.8619074085083008, 0.9280132510986329, 1.6476377704467775, 2.0967182376708986]
JVASP-20918,Na2SiF6,6.5792912700500485,[2.4464639880981447, 5.835828230651855, 6.5792912700500485, 5.661186621459961, 5.012039587768554, 2.765314505371094]
JVASP-21407,K2NaInF6,1.7179908016052248,[1.7179908016052248]
JVASP-57532,Na4SrSi3O9,3.547264025482178,[0.4863247135009766, 3.4309629657592775, 2.452147887023926, 3.547264025482178]
JVASP-16806,NaMnTe2,0.25902263906860357,[0.25902263906860357]
JVASP-25886,K2NaMoF6,0.6125294425811768,[0.6125294425811768]
JVASP-35196,Na8PO3,24.98913423803711,[-0.7108586570892333, -0.4123609802398681, 0.689622090133667, 1.2531439521636965, 1.470342443260193, 3.8426554658737184, 2.50306336668396, 24.98913423803711]
JVASP-20326,NaF,5.1576062896575925,[5.1576062896575925]
JVASP-35197,Na8NO3,24.041648910316468,[-0.48640139314270014, -0.45476753923034663, 2.081919715675354, 1.3452260949935915, 2.8916979291763307, 3.0375069835510256, 1.8292729118194582, 24.041648910316468]
JVASP-53466,NaPrS2,1.9835564353790285,[-0.5916450760040283, 1.9835564353790285]
JVASP-38574,NaEr3,-2.0647483608398436,[-2.0647483608398436]
JVASP-44599,Na3MnBSO7,4.39929811743164,[0.22824518469238286, 1.549187109741211, 4.0408930042114255, 2.7356523731079103, 4.39929811743164, 3.3395389774169923]
JVASP-55434,Na6MnO4,3.9961699703063966,[-1.1769209644470213, -1.0470944187316893, -0.5879243156585693, 1.2613746383514406, 2.0442561366882326, 1.0995482662048341, 2.9186693885650636, 1.3009692886199953, 2.753417895111084, 3.9961699703063966, 3.5007044532623293, 2.1078588226165773]
JVASP-57454,Na2FeNiF7,5.529661104949951,[2.307210848602295, 3.9298004367675783, 5.529661104949951, 4.824572966369629]
JVASP-55441,NaMnSi2O6,2.3163484790649416,[1.6397546985473634, 2.3163484790649416]
JVASP-55449,Ba2NaNi3O6,0.4558042743530274,[0.01130287435913091, 0.4558042743530274]
JVASP-56376,Na2Ti3Cl8,-0.08477742883300776,[-0.4875820419464111, -0.08477742883300776]
JVASP-26114,Na3PSO3,3.8079516151275636,[0.26614825514221196, 1.061473534378052, 2.755992815765381, 3.314356253417969, 3.8079516151275636, 1.490985081466675]
JVASP-20880,Na3AlF6,8.448562548431397,[1.0194634654846193, 8.448562548431397, 3.5271400668945314, 5.578287527832031, 6.264631197723388, 4.794202730926513]
JVASP-49235,Na3Ca3AlAs4,-0.7396236202392578,[-1.3682772657546995, -1.2632493517074583, -0.939450814453125, -0.9475084087524414, -1.1301990291748045, -0.7396236202392578]
JVASP-11485,Na3MoO3F3,3.449067995819092,[1.128990576538086, 3.379600928100586, 3.449067995819092]
JVASP-12889,Na4SnO3,6.207360194000244,[-0.36985738488769526, 0.5477542140808106, 1.9678589561309816, 3.3330084541168215, 1.4157156207885744, 1.5709852435913088, 2.569313929351807, 6.207360194000244]
JVASP-12495,NaHg2IO2,3.226564333709717,[1.199757442745209, 2.225240931781769, 3.226564333709717]
JVASP-45298,NaS2,1.5757321575012209,[0.4507705428924561, 0.4695660331573487, 0.47624437597656255, 0.639218733581543, 1.5757321575012209, 1.2861069896545412, 0.9260982730712891, -0.31138379785156245]
JVASP-26078,Na2CN2,2.1796464183654787,[-0.2930694362792968, 2.1796464183654787]
JVASP-20862,Na2BeF4,6.989756748947143,[1.5776285388793947, 6.269112036499023, 5.368168518814087, 6.989756748947143, 4.5676826694335935, 4.8337349155273435, 4.217470572265625, 4.132900641235351]
JVASP-31151,Na3HfF7,6.181754038604736,[1.263882801803589, 6.181754038604736, 5.605764792236328]
JVASP-20822,NaMgF3,8.622018025192261,[0.5305451610412598, 3.232038901123047, 8.622018025192261, 3.1767608383026125]
JVASP-57144,NaLiCO3,2.4880794742431642,[0.8300918796386719, 1.2456506946411134, 2.4880794742431642]
JVASP-57140,NaSbP2S6,0.8538345554199219,[0.6259979465332032, 0.8538345554199219]
JVASP-56745,Na2PSe3,0.5961481788482667,[0.026761219772338918, 0.5206066825714112, 0.28375761297607427, 0.28319303778076177, 0.43948356893920903, 0.5519575336303711, 0.5961481788482667, 0.47187773970031743]
JVASP-20757,NaB15,0.2284039714660645,[0.2284039714660645, -0.9004545948181152]
JVASP-45139,Na3MnAsCO7,3.657427714141846,[0.4372810581054688, 1.3324951389160158, 1.9222983577575685, 1.5157641628112795, 3.16561596182251, 3.657427714141846]
JVASP-57143,NaC3O3,1.4756826618041994,[0.5337747791137696, 0.6187595584716797, 1.1590999820556642, 1.4756826618041994]
JVASP-44407,Na2VCSO7,1.7111500957336427,[0.7493981578674317, 1.337418482574463, 1.1219434001770021, 1.7111500957336427]
JVASP-58946,Na3YBr6,3.933020518096924,[0.01577369955444341, 0.38862936285400396, 3.5268825748291017, 3.933020518096924, 0.9561712005462647, 1.8907038429107668]
JVASP-57186,NaMgBO3,4.35308925894165,[0.041752741607666066, 4.35308925894165]
JVASP-44794,Na2FeAsCO7,2.700383112701416,[1.5639766910400392, 2.318952963623047, 1.9199656703796388, 2.700383112701416]
JVASP-49223,Na2Si3O7,3.331502840789795,[1.7927159526672365, 3.331502840789795, 1.404688284667969, 1.4150509097900392]
JVASP-59760,NaCu3Ru4O12,1.1649502971496584,[1.1649502971496584]
JVASP-23694,Ba3NaIr2O9,1.3338302829589845,[1.299961493286133, 1.3338302829589845]
JVASP-57870,NaO2,2.4553274371948244,[0.6314286449279786, 1.0515894153442384, 1.4140004375305177, 2.4553274371948244]
JVASP-13282,Na3UO4,4.386740610870361,[-0.8697243473205566, -0.107518269744873, 0.8994244792785645, 2.0248278835144045, 4.386740610870361, 2.6225270488586427]
JVASP-59050,Na3TiCl6,3.640054629119873,[0.10481493261718755, 1.0679945209350588, 0.9726731040802002, 0.6187593200531006, 2.8983349063720705, 3.640054629119873]
JVASP-37733,Na3Mg,-1.3390439293060301,[-1.5093920967254637, -1.3390439293060301, -1.6697231075439452]
JVASP-59041,Na2Mn2Se3,1.947084353240967,[-0.6702307006988525, -0.37820131990051264, -0.006465270248413035, 0.6135174491729737, 1.2037002303924562, 0.714151070388794, 1.947084353240967, 1.9338273265686037]
JVASP-26919,K2NaInSb2,-0.6713712951812744,[-1.157361938682556, -1.0832467815551756, -1.109590007987976, -0.6713712951812744]
JVASP-59000,Na3ScBr6,5.783139512809753,[0.11318998125457769, 0.4497843244400025, 1.0534334638442995, 5.783139512809753, 2.1449506738510133, 1.534992502006531]
JVASP-49233,NaSe2,0.8155947187271119,[0.44861213949584966, 0.29638616827392583, 0.39200203207397466, 0.23110716131591802, 0.7512999036636353, 0.8155947187271119, 0.5248096444931031, 0.5240877130355835]
JVASP-55252,Na3Ca2TaO6,3.524233267578125,[-0.8122664234313964, 0.033897326263427785, -0.4888339779052734, 3.524233267578125, 2.661827013763428, 3.324805186065674]
JVASP-55733,K2NaAlH6,-1.1554866573486327,[-1.5532289287719725, -1.1554866573486327]
JVASP-54498,Na2ZnCl4,5.133323715003967,[0.5289906719055176, 1.8140153148498537, 3.08217553881073, 5.133323715003967, 2.3312866547431947, 2.9722856142845155, 2.365618036064148, 3.2501900651779176]
JVASP-59094,Na10CaSn12,-0.3623274109039306,[-1.2366472026977537, -0.5663158437881469, -0.9845665237579345, -0.8629167816314697, -0.3623274109039306, -1.146598770347595, -0.3959466955337524, -1.2580496809158324, -1.7049302599105833, -2.1277573845062254]
JVASP-110657,Na2InCuF6,2.810751126083374,[0.3008367278900147, 2.810751126083374]
JVASP-110660,K2NaNdBr6,-0.32706351491546626,[-0.32706351491546626]
JVASP-110670,Na3PrCl6,3.03984110144043,[-0.6998508712921142, 3.03984110144043, 2.7464372375335695]
JVASP-110696,Na3AuCl6,3.5758824804153444,[0.8281109192695618, 2.3349697449531557, 3.5758824804153444]
JVASP-110013,Yb3Na,-1.632301404205322,[-1.632301404205322, -1.7644015094909666]
JVASP-110697,Na3SmCl6,2.9520320155944826,[-0.5943187019500732, 2.9520320155944826, 2.7019741990890505]
JVASP-111022,NaMnCuSe2,0.20568530348205571,[0.20568530348205571]
JVASP-111023,NaBiSe2,1.0554645517196657,[1.0554645517196657]
JVASP-111024,TbNa2O3,3.495069906982422,[0.493009016784668, 3.495069906982422]
JVASP-110708,KNa2SbF6,1.374325678619385,[0.016834662231445363, 1.374325678619385]
JVASP-110709,Na3PdF6,6.060046837600708,[1.505701468261719, 3.774463103088379, 6.060046837600708]
JVASP-110714,Rb2NaPrI6,-0.3118562242660522,[-0.3118562242660522]
JVASP-110831,NaLi3,-1.2764153024826048,[-1.2764153024826048]
JVASP-110832,NaTl3,-1.3911946556243895,[-1.3911946556243895]
JVASP-110309,NaNiO2,1.6052908161010744,[1.1152281024780275, 1.6052908161010744]
JVASP-110731,Na2FeO2,1.7403148868408205,[-0.4053107044372558, -0.23370416375732417, 1.6042551257934572, 1.7403148868408205]
JVASP-111125,Na2CrN2,-0.787564828125,[-1.186030938354492, -0.787564828125]
JVASP-111138,RbNa2NiO2,2.5462629058685304,[-0.28847940179443354, 2.5462629058685304]
JVASP-111142,Rb2NaCoF6,2.7570740440216066,[2.7570740440216066]
JVASP-59095,Na10SrSn12,-0.4921273729476928,[-1.1711022398147581, -0.5199193498764038, -0.7382552168045043, -0.9463393232498168, -0.4921273729476928, -0.9297834179077148, -0.562378003326416, -1.3170024892959593, -1.496399237838745, -1.8982762238655089]
JVASP-110328,Na2PtO6,2.707298205169678,[1.7715319850769045, 2.707298205169678]
JVASP-110368,Na3ScBr6,2.5428817727890016,[-0.7339553377304077, 2.5428817727890016, 2.3654140689697267]
JVASP-110372,Na3RhF6,5.539554760726928,[1.2738131740417482, 3.364499018463135, 5.539554760726928]
JVASP-110373,Na2LiIrF6,2.9715561130371095,[0.9617952564086915, 2.9715561130371095]
JVASP-110376,Rb2NaCeF6,0.900228426727295,[0.900228426727295]
JVASP-110334,Na2LiTlF6,3.386983559402466,[1.9191862800445558, 3.386983559402466]
JVASP-110558,NaCeS2,1.593622849258423,[1.593622849258423]
JVASP-110377,Rb2NaMoBr6,0.3759898403015137,[0.3759898403015137]
JVASP-110559,NaCeS2,0.7576092937316895,[0.7576092937316895]
JVASP-110378,Rb2NaScI6,-0.4444597503814697,[-0.4444597503814697]
JVASP-110560,Na3BrCl2,25.50230495718384,[2.2471064784851076, 6.005484268936157, 25.50230495718384]
JVASP-110335,Na2LiYF6,5.87851183203125,[-0.14402730676269526, 5.87851183203125]
JVASP-110562,Na2BrCl,18.698426828655244,[2.7220661499824526, 18.698426828655244]
JVASP-110336,Na2LiAuF6,3.787302778038025,[1.4881160714950563, 3.787302778038025]
JVASP-110707,Na2LiScCl6,3.2554024913635256,[-0.22798402520751948, 3.2554024913635256]
JVASP-110337,NaLi2RhF6,2.5551676013793947,[2.5551676013793947]
JVASP-110386,Rb2NaYBr6,-0.24759180757141108,[-0.24759180757141108]
JVASP-110451,Na3Sn,-0.06015260430908198,[-0.8211849472198486, -0.9528744957122802, -0.06015260430908198]
JVASP-110388,NaCr2BiO6,0.8934458949890137,[0.8934458949890137]
JVASP-110342,K2NaSmCl6,-0.036657883850097606,[-0.036657883850097606]
JVASP-106203,TbNa2CuCl6,1.908510372909546,[-0.3935302040252685, 1.908510372909546]
JVASP-106223,Na2InGaF6,1.9019500472869875,[-0.10913307878112788, 1.9019500472869875]
JVASP-115763,NaCO,0.6258515575256348,[0.6258515575256348]
JVASP-115764,NaCS,0.3465394237365723,[0.3465394237365723]
JVASP-115765,NaCS2,-0.6761315605316162,[-0.6761315605316162]
JVASP-115766,NaCS,-0.7893629810485839,[-0.7893629810485839]
JVASP-112386,NaCr2S4,1.3813585498657228,[0.761500284942627, 1.3813585498657228]
JVASP-115866,NaICl,7.848889634880066,[7.848889634880066]
JVASP-112412,Rb2Na4Co2O5,2.557738707336426,[-0.4022913715515136, 0.15970318106079107, 0.6759285190429688, 0.016274855407714894, 1.42469160345459, 2.557738707336426, 0.823596403869629, 1.5389246204223634]
JVASP-112413,Na3FePCO7,3.072753355773926,[0.7088979938354493, 0.8229574420776368, 1.7822899082031252, 2.752077505859375, 2.2239107349243166, 3.072753355773926]
JVASP-116029,Na4NF,2.4944090702857973,[-0.7373547098312377, 2.0882041910018923, 1.2080057719078066, 2.4944090702857973]
JVASP-116030,NaNF2,3.2532890298690798,[3.2532890298690798]
JVASP-111504,Na2Cr3Se6,1.2328318813171388,[-0.0632525226745605, 1.2328318813171388]
JVASP-114351,NaMgO,-1.3965888759765623,[-1.3965888759765623]
JVASP-114352,NaMgO,-1.7455079695854185,[-1.7455079695854185]
JVASP-112467,NaAlF4,6.1056770541992185,[5.322273657592773, 6.1056770541992185]
JVASP-114366,NaSbO,-0.9538973114166259,[-0.9538973114166259]
JVASP-112479,NaCu2S2O10,3.269305393966675,[3.269305393966675]
JVASP-112480,NaCo2Mo2O10,2.4684404590454103,[2.4684404590454103]
JVASP-112496,NaTiF4,2.8481716373291017,[0.5879196384277344, 1.0318416812744142, 1.4770797946777345, 2.8481716373291017]
JVASP-116187,NaIO,1.071200952800751,[1.071200952800751]
JVASP-116190,Na3IO,7.28032337215805,[-0.1790807983551025, 3.193456158908844, 7.28032337215805]
JVASP-116191,NaIO3,2.5789145686950685,[2.5789145686950685]
JVASP-116192,NaIO,0.7102779605712891,[0.7102779605712891]
JVASP-111736,YbNaPd6O8,1.1179198482360841,[1.1179198482360841]
JVASP-116225,NaLaO2,1.9045128085937502,[1.9045128085937502]
JVASP-116227,NaLaO2,-0.7119484684143066,[-0.7119484684143066]
JVASP-116228,Na2LaO2,2.314112112792969,[-1.2073465130004881, 2.314112112792969]
JVASP-116229,NaLaSe2,0.7095150211181641,[0.7095150211181641]
JVASP-116230,NaLaSe,-1.3098285934600828,[-1.3098285934600828]
JVASP-112554,NaCaBe2B2O6F,0.20068685797119146,[-0.007821633544921824, 0.20068685797119146]
JVASP-112556,NaCd2Si3O9,3.620574877532959,[3.620574877532959, 2.347103998931885]
JVASP-111796,NaSr2LaTi4O12,-0.72242171975708,[-0.72242171975708]
JVASP-112579,NaVH8N2F6,0.3170427539672852,[0.3170427539672852]
JVASP-112606,BaNa3P2O8,3.5773367145385744,[3.5773367145385744, 2.256804869445801, 2.7671369769897463]
JVASP-116351,NaGe,-0.8744896194610595,[-0.8744896194610595]
JVASP-116352,NaGe,-0.3497179290924072,[-1.0309564611587523, -0.3497179290924072]
JVASP-116353,NaH3,1.8143533923950197,[1.8143533923950197]
JVASP-116361,NaPO3,2.3036040523376466,[2.3036040523376466]
JVASP-116362,NaPO2,1.6645750263061525,[1.6645750263061525]
JVASP-116366,NaPbO2,1.9164265849914552,[1.9164265849914552]
JVASP-116369,RbNaSb,-1.1193711301956175,[-1.1193711301956175]
JVASP-116371,RbNa2Sb,-0.17813427659606929,[-0.17813427659606929, -0.9402135154876708]
JVASP-111971,Na2FeO3,4.889385865005493,[0.49778811720275884, 0.5960609176483155, 1.8810745933380129, 2.1473581054534914, 1.9867395618286134, 3.6067423084106447, 4.889385865005493, 3.089491055282593]
JVASP-112659,NaLaScNbO6,1.2770113208618166,[-0.5440250179443359, 1.2770113208618166]
JVASP-112660,NaTmTi2O6,1.2530807712402345,[0.17610494879150396, 1.2530807712402345]
JVASP-112661,NaPrTi2O6,2.9483064868774416,[0.9237474658813477, 2.9483064868774416]
JVASP-112662,NaDyTi2O6,1.5256728389587404,[0.184168741973877, 1.5256728389587404]
JVASP-114676,NaHC,-0.15921170922851557,[-0.15921170922851557]
JVASP-114679,NaHC2,-2.343739106384277,[-2.343739106384277]
JVASP-114772,Na3ClO,5.36995093611145,[0.03789143350982671, 3.029124901565552, 5.36995093611145]
JVASP-114775,NaClO,1.5657753208007814,[1.5657753208007814]
JVASP-114776,NaClO,2.6312801101531984,[2.6312801101531984]
JVASP-116536,Ba3NaSbO6,-0.08888490411376948,[-0.08888490411376948, -0.20202691766357417]
JVASP-114777,NaClO3,2.258077070983887,[2.258077070983887]
JVASP-114778,RbNaCl,-1.2024839660797118,[-1.2024839660797118]
JVASP-114780,RbNaCl,-1.0649368307266234,[-1.0649368307266234]
JVASP-114781,RbNaCl2,2.439752743515015,[2.439752743515015]
JVASP-114783,NaSbCl,-1.025733544555664,[-1.025733544555664]
JVASP-114784,NaSbCl2,0.374628947052002,[0.374628947052002]
JVASP-116539,NaNbSe2O7,2.3347224452819826,[1.3555077770080568, 2.3347224452819826]
JVASP-114785,NaSnCl,-1.343119754520416,[-1.343119754520416]
JVASP-114786,NaSnCl,-1.24635012361145,[-1.24635012361145]
JVASP-114788,NaSnCl3,1.2811205842819215,[1.2811205842819215]
JVASP-112740,Na2FeO3,4.540720389160156,[0.6156491496887208, 0.38547222402954107, 1.3960150935974123, 1.4699191310729982, 2.981264517578125, 3.924400732788086, 4.540720389160156, 3.6373867252197267]
JVASP-114789,NaSnCl3,1.5567518928375246,[1.5567518928375246]
JVASP-114790,NaTlCl,-1.594217612472534,[-1.594217612472534]
JVASP-114791,NaTlCl,-0.8621013900909423,[-0.8621013900909423]
JVASP-114793,NaYCl,-1.5680305502090452,[-1.5680305502090452]
JVASP-114795,NaYCl,-1.3744927189025877,[-1.3744927189025877]
JVASP-112768,NaV4Cd3O12,0.9647607066955567,[0.9647607066955567]
JVASP-114926,NaNbF,-1.0832720539245604,[-1.0832720539245604]
JVASP-114927,NaNbF4,0.3186022498931885,[0.3186022498931885]
JVASP-114928,NaNbF4,0.8234881618347168,[0.8234881618347168]
JVASP-114929,NaNbF4,0.975362704071045,[0.975362704071045]
JVASP-116606,NaLaAgTe4,0.007895396026611379,[0.007895396026611379, 0.0005044200744629412]
JVASP-116607,NaFe2PbF9,3.46947281149292,[3.46947281149292, 3.124187395843506]
JVASP-112818,Na2CoO3,4.087104008468628,[0.8636249759521485, 1.2426408984985353, 3.4414870002593996, 4.087104008468628]
JVASP-115026,NaGeO,-0.6749394676361083,[-0.6749394676361083]
JVASP-115030,NaGeO2,0.996699259552002,[0.996699259552002]
JVASP-115032,NaGeS,-0.712981178489685,[-0.712981178489685]
JVASP-115034,NaGeS,-0.8374573132667541,[-0.8374573132667541]
JVASP-115035,NaGeS,0.8747719981994629,[-0.06702478143310542, 0.8747719981994629]
JVASP-115037,NaGeSe,-0.9527748367462158,[-0.9527748367462158]
JVASP-115038,NaGeSe,-1.419197156158447,[-1.419197156158447]
JVASP-115042,NaGeSe2,0.8223661640014649,[0.8223661640014649]
JVASP-116667,NaLi3V4O12,1.1014556148376466,[1.1014556148376466]
JVASP-116668,NaSrMg2F7,2.5509461620178224,[1.2332462528076173, 2.5509461620178224]
JVASP-116669,NaSmF4,6.813037798675537,[1.189807341369629, 6.813037798675537, 3.646722958358765]
JVASP-112856,NaLiFe2Si4O12,1.6152867534484865,[1.6152867534484865]
JVASP-112864,NaFeBO3,1.536289618286133,[0.03519098547363286, 0.4134134509887696, 1.0495256641235353, 1.536289618286133]
JVASP-112882,NaCaSiO4,1.5918325641479494,[1.3771471240844728, 1.5918325641479494]
JVASP-116732,Na3FeO3,3.7419118144836427,[-0.007105900970458934, 0.0730227687683106, 0.4000314929809571, 0.7018503406372071, 0.5543348052825928, 3.0607940414276125, 3.15460841444397, 1.3956829765167238, 2.328718588623047, 3.356562063964844, 2.9173735835876466, 3.7419118144836427]
JVASP-116782,Na2FeNiF7,6.667039082321167,[2.650648520263672, 2.5535592296447756, 5.209232495101928, 6.667039082321167]
JVASP-112922,Na3CoO3,4.126016781600952,[0.48800890234375005, 0.9753727176513672, 1.4662813403930666, 1.970599577697754, 1.1677369335021974, 2.2053164699401857, 2.52043192175293, 3.817302153381348, 2.8059252956237795, 2.525820181640625, 2.1034719207611086, 4.126016781600952]
JVASP-112933,NaSe2O6,2.5378772476043703,[2.497733757766724, 2.5378772476043703]
JVASP-115246,NaMoO,-1.1838026783142088,[-1.1838026783142088]
JVASP-115247,Na2MoO2,0.8577555873718262,[-1.149599864212036, 0.8577555873718262]
JVASP-115252,NaPtO,10.186558649810792,[10.186558649810792]
JVASP-115254,NaPtO2,1.4531728484954836,[1.4531728484954836]
JVASP-115255,RbNaO,0.5577279785003663,[0.5577279785003663]
JVASP-115256,RbNaO,-0.7218877813491821,[-0.7218877813491821]
JVASP-115263,NaRhO2,1.3152517536010744,[1.3152517536010744]
JVASP-116835,Na2CoO3,2.751488373550415,[0.9381028869476319, 2.008055851730347, 0.9932314613189698, 1.8280007102813722, 2.751488373550415, 1.7210375526275636, 2.5434250095214845, 0.9152697780456543]
JVASP-116842,Na3CoO3,3.3701435783233644,[0.08986465719604497, 0.7283601024475098, 1.242935822280884, 1.3589116790618898, 2.1001972415771486, 2.119165823730469, 2.095301316055298, 2.378914997848511, 1.5359904029693605, 2.274554894241333, 2.6369845130767824, 3.3701435783233644]
JVASP-116843,Na2MnO3,4.217302248748779,[0.7600950458374024, 2.3979639270629884, 3.2320241191711427, 4.217302248748779]
JVASP-115416,NaLiAs,-0.5628245613250732,[-0.5628245613250732]
JVASP-115417,NaLiAs,-1.5636145016822813,[-1.5636145016822813]
JVASP-115418,NaLiAs,-0.5465518972549438,[-0.5465518972549438]
JVASP-115419,NaLi2As,-0.602496936050415,[-0.602496936050415]
JVASP-113071,NaPrTiNbO6F,2.0009068706359865,[0.8916711070861817, 2.0009068706359865]
JVASP-113073,NaPrF4,8.004054472717286,[1.9348038890686037, 8.004054472717286, 1.8687941291656496]
JVASP-113074,NaTaWO6,1.0967649677124025,[0.4023651340332032, 1.0967649677124025]
JVASP-113075,NaDy3Ti2Sb2O14,0.7727212169494629,[0.7727212169494629]
JVASP-113076,NaCaMgAlSi4O12,1.0052270152893068,[1.0052270152893068]
JVASP-113077,Na4Al3Si3ClO12,4.220665858062744,[1.2978195407714845, 4.220665858062744, 1.4225558498229982, 2.5834693172302248]
JVASP-115429,NaAsS,-1.1836556932601927,[-1.1836556932601927]
JVASP-115430,NaAsSe,-0.277543379989624,[-0.277543379989624]
JVASP-113078,Na3HoTi2Nb2O12,5.945535109313965,[0.01487343099975591, 2.1275853374328615, 5.945535109313965]
JVASP-115431,NaAsSe,-1.1519885799560545,[-1.1519885799560545]
JVASP-115434,NaSrAs,-0.47037626716232295,[-0.47037626716232295]
JVASP-115435,NaSrAs,-1.462898089614868,[-1.462898089614868]
JVASP-115436,NaSrAs,-0.3192988178405761,[-0.3192988178405761]
JVASP-113163,NaVF4,2.8291701534118654,[1.1810540416564943, 1.8875765064086916, 2.006652281555176, 2.8291701534118654]
JVASP-113167,NaFeO2,2.9725002506103517,[0.532132551940918, 1.1069854953613283, 1.8005613544311525, 2.9725002506103517]
JVASP-113197,K4Na2FeH3F12,1.8770117023315431,[1.5796102741088869, 1.8770117023315431]
JVASP-116907,Na3CoO3,4.069205687316894,[0.6031307437744141, 0.6955112674560547, 1.256753371032715, 1.3212846973266603, 1.7726732948150636, 1.946035073074341, 3.089406655105591, 3.1297432639923097, 2.635577128204346, 2.766794131072998, 1.9553846576538088, 4.069205687316894]
JVASP-104495,Na2YCuF6,3.4874116638031007,[-0.07589466783142085, 3.4874116638031007]
JVASP-116926,Na2N2O3,3.726263449462891,[0.11094443586730962, 0.5074996211853028, 0.24139683035278325, 0.9092821338500977, 1.7910913684692384, 3.726263449462891]
JVASP-113217,NaV4O10,1.8398231723632814,[1.8398231723632814, 1.8134226062622072]
JVASP-116961,Na3SbSe3,1.9622482517089845,[-0.28672321054077143, -0.16136439057922358, -0.16520245286560054, -4.060479736323064e-05, 0.4507647016372681, 0.9484622934188843, 0.9680167892303467, 1.1539813735809328, 1.9622482517089845, 1.947530434402466, 0.8220072248306275, 0.9678736188735962]
JVASP-113247,Na3Co4O8,2.1804680087890627,[1.154784605773926, 1.117968962463379, 1.353376791748047, 1.9826053836669923, 2.1804680087890627, 2.1678451755371095]
JVASP-116979,Na3DyBr6,3.3584773996200563,[0.14969270018005376, 0.24285857466125493, 0.6607498386230469, 3.033939764770508, 3.3584773996200563, 1.3319650152053835]
JVASP-106904,K2NaEuCl6,-0.3726397297058105,[-0.3726397297058105]
JVASP-115762,NaCO,-1.300351931777954,[-1.300351931777954]
JVASP-113423,NaF,4.854679034027099,[4.854679034027099]
JVASP-113425,NaF2,5.258476541313171,[5.258476541313171]
JVASP-113426,Na2F,9.380028412612916,[-2.6287217280540465, 9.380028412612916]
JVASP-113430,NaF2,4.897315666946411,[4.897315666946411]
JVASP-113431,Na2F,5.043168232711792,[-0.8468067190322875, 5.043168232711792]
JVASP-117009,Na6Zr2Si4O17,4.623455450805664,[0.9599403598632813, 1.4656213977661134, 2.5496715762939455, 2.616238997253418, 3.0847458103027345, 4.623455450805664]
JVASP-117012,NaCdRh4O8,0.9701189258422852,[0.9701189258422852, 0.9220599391784668]
JVASP-117015,Na3B2PO5F4,5.908857748779297,[1.3939332225646974, 2.094796107086182, 5.217337534698486, 4.244435236724853, 5.908857748779297, 4.017550871643066]
JVASP-108928,NaV2Se4,-0.17649347993469233,[-0.17649347993469233]
JVASP-113513,NaBeGe,-0.056605770317077586,[-0.056605770317077586]
JVASP-113514,NaBeGe,-1.2299699327621458,[-1.2299699327621458]
JVASP-110666,Na2InCuBr6,1.5459229209747316,[-0.03305263730621333, 1.5459229209747316]
JVASP-117090,Na2FeO2,2.9375831344451906,[-0.9115420124206542, 0.05388443258666997, 1.0039049842681886, 2.9375831344451906, 1.118675635131836, 1.6921738841857912, 1.8402857044067384, 2.592651293548584]
JVASP-113592,NaCrF,-0.2620011112365722,[-0.2620011112365722]
JVASP-113594,NaCrF4,4.54673521307373,[4.54673521307373]
JVASP-113595,NaCrF,-0.5446229717407226,[-0.5446229717407226]
JVASP-113596,NaCrF4,4.136930392059326,[4.136930392059326]
JVASP-113597,NaCrF4,4.824131653579712,[4.824131653579712]
JVASP-110833,NaSn3,-0.8149846932563781,[-0.8149846932563781, -1.3279673001441954]
JVASP-113642,NaAlH,-1.4307121774826048,[-1.4307121774826048]
JVASP-113643,NaAlH2,-0.9874161026153564,[-0.9874161026153564]
JVASP-113644,NaAlH,-1.8966981908950804,[-1.8966981908950804]
JVASP-113645,NaAlH4,0.26066963461303716,[0.26066963461303716]
JVASP-117136,NaBH4,1.589524195465088,[-0.8707524082336425, -1.04544360848999, -0.7941227695617675, 1.589524195465088]
JVASP-117157,NaVH2I2O9,2.704185889038086,[2.0131463268127443, 2.704185889038086]
JVASP-111203,Na2TlCuBr6,1.44910566595459,[0.010237977775573781, 1.44910566595459]
JVASP-111205,Na2CuBiBr6,1.2418246128883363,[0.20421575096511846, 1.2418246128883363]
JVASP-117179,Rb6Na4Tl13,-0.8226630232009887,[-0.8226630232009887, -1.4944117805633543, -1.4080503723297118, -1.2075992366943358]
JVASP-117184,TbNa3V2O8,4.267186091217041,[-0.019360615936279246, 0.734522745880127, 4.267186091217041]
JVASP-111223,Na3SbBr6,2.5043791988220216,[-0.2273915550384521, 0.9282534578170777, 2.5043791988220216]
JVASP-117199,NaEuTi2O6,4.858785078796386,[-0.31504876824951167, 4.858785078796386]
JVASP-113980,Na2BC2,0.5495881297912598,[-1.4131372711334227, 0.5495881297912598]
JVASP-113981,NaBC2,-0.26199443551635737,[-0.26199443551635737]
JVASP-113982,NaBC2,0.601562426361084,[0.601562426361084]
JVASP-111283,Na3Ag,-0.09424169274902339,[-1.837841584411621, -1.2675672313842772, -1.2610164425048827, -1.1641879818115233, -1.0263868114624022, -0.09424169274902339]
JVASP-111285,Na3Tl,0.4470614650573731,[-1.5587733528289793, -1.2505749008331297, -1.2072282573852537, -1.3611484310302733, -1.0656862995300291, 0.4470614650573731]
JVASP-117264,NaVO3,3.1134061076965334,[1.2854136684265138, 1.6210898616638185, 2.317164347442627, 3.1134061076965334]
JVASP-117266,NaNiAsO4,3.7858468749847414,[1.471240446838379, 2.164710448059082, 3.0958496787872316, 3.7858468749847414]
JVASP-111347,NaHoF4,2.486811087402344,[2.486811087402344]
JVASP-111348,NaBi3Cl2O4,1.1594855048980715,[1.1594855048980715]
JVASP-111349,NaBi3Br2O4,1.059957430633545,[1.059957430633545]
JVASP-111350,NaTi2BiO6,1.1045297839965822,[1.1045297839965822]
JVASP-111351,Na5BrCl4,20.134985373291016,[2.6957470634307863, 6.683147833618164, 14.168342993530274, 13.671352789672852, 20.134985373291016]
JVASP-117317,Na3Li3Fe2P2C2O14,1.6136082866516115,[0.5895508983459473, 1.6136082866516115, 1.2187008121337892]
JVASP-117349,NaErPd6O8,1.266232416900635,[1.266232416900635]
JVASP-112323,NaCrP2S6,1.7992417075958254,[1.2674829223480226, 1.7992417075958254]
JVASP-117378,NaLuTi2O6,4.188011572631836,[0.08337824133300786, 4.188011572631836]
JVASP-117392,Na3NiN2,2.429299757751465,[-1.173138453689575, -0.1336863777313232, -0.7555738231811523, 0.36612074163818364, 0.8467187145080567, 1.2835587718811037, 0.46324269560241704, 1.287378952774048, 0.7533425548400879, 2.429299757751465, 1.8943790653076173, 2.4235772350158693]
JVASP-117402,NaMn2O4,1.4511565425720216,[1.147502825531006, 1.4511565425720216]
JVASP-117422,Na3CoO3,2.789071963104248,[0.5452899196472168, 1.1066788890686037, 1.6643749931182863, 2.362576649459839, 1.871278927597046, 2.4066993453826906, 2.2956408717956545, 2.3723034122314455, 1.5479070403900148, 2.501332447799683, 2.789071963104248, 2.4437050083007814]
JVASP-117426,Na4VO4,3.1646918514099123,[-0.7954669735107421, -0.7391505977783203, 0.33481018331909185, 0.20131389883422857, 1.4418386676635744, 1.9995874622192384, 2.4266909816589357, 3.1646918514099123]
JVASP-117446,Na2Ni7O14,1.8807234027709963,[1.8807234027709963, 1.8312479713287355]
JVASP-117447,Na3NiBPO7,4.269977019104004,[1.3893975475158693, 2.90514175680542, 4.269977019104004, 3.245999739440918, 3.571129248413086, 3.025974676879883]
JVASP-117720,NaBiF,-0.8039032361183166,[-0.8039032361183166]
JVASP-118640,NaAlO2,1.6825122096862795,[1.6825122096862795]
JVASP-118644,Na2AlO2,2.1535953739013673,[-1.0358408233795164, 2.1535953739013673]
JVASP-118646,NaAlO,-1.042901112762451,[-1.042901112762451]
JVASP-118647,NaAlP,-0.9830036899719238,[-1.549197270599365, -0.9830036899719238]
JVASP-111900,NaMnAsO4,2.091319964202881,[0.8549865939941407, 0.9402059772338868, 1.641990587982178, 2.091319964202881]
JVASP-118648,NaAlP,-0.9643935701522827,[-0.9643935701522827]
JVASP-118650,NaAlP,-1.6716795704040526,[-1.6716795704040526]
JVASP-111902,Na2W2O7,2.4201077678527834,[2.2808446147766115, 2.4201077678527834, 1.6955732562866213, 2.233034537109375]
JVASP-118651,NaAlSe,-0.9835536024246215,[-0.9835536024246215]
JVASP-118652,NaAlSe2,0.5988435008850098,[0.5988435008850098]
JVASP-117740,NaBiO,-0.17580695363616938,[-0.17580695363616938]
JVASP-118653,NaAlSe,0.0501193263854981,[-0.5228677532348632, 0.0501193263854981]
JVASP-117741,NaBiO,-0.915682389465332,[-0.915682389465332]
JVASP-118654,NaAlSe2,0.4389619090881348,[0.4389619090881348]
JVASP-117743,NaBiO2,1.9194511630859377,[1.9194511630859377]
JVASP-118655,NaAlSe2,0.4676956394042969,[0.4676956394042969]
JVASP-117744,NaBiO2,1.577507422241211,[1.577507422241211]
JVASP-118656,NaAlSi,-0.6811322710189819,[-0.6811322710189819]
JVASP-118657,NaAlSi,-1.376602604118347,[-1.376602604118347]
JVASP-111915,NaCoPO4,3.065210745605469,[1.303769037994385, 1.8956031062927248, 2.515985892089844, 3.065210745605469]
JVASP-118756,NaMoN,-0.8894439479980468,[-0.8894439479980468]
JVASP-118783,NaF,6.178601072105407,[4.067040488990783, 6.178601072105407]
JVASP-118784,NaF,5.1021839835968015,[5.1021839835968015]
JVASP-118785,Na3F,4.502999947341919,[-1.2911167285118101, -1.0420152089271544, 4.502999947341919]
JVASP-118791,NaPdS2,0.2678293445434571,[0.2678293445434571]
JVASP-118795,Na2Se,1.5379177787628175,[0.24620233562850957, 1.5379177787628175]
JVASP-118796,NaSe,0.8769110896911622,[0.19589345243835454, 0.8769110896911622]
JVASP-118798,NaSe2,0.03686253813171392,[0.03686253813171392]
JVASP-118799,NaSe,2.2466943719711305,[0.875341460975647, 2.2466943719711305]
JVASP-118800,NaSe3,0.35515062597656255,[0.35515062597656255]
JVASP-118801,Na3Se,1.4018491962280275,[-1.096878244606018, 0.3257132032241822, 1.4018491962280275]
JVASP-118802,Na3Se,2.135931418212891,[-1.241158678260803, -0.6555771371994018, 2.135931418212891]
JVASP-118803,Na3Se,1.4027969100799562,[-2.0733190319213866, 1.317335531982422, 1.4027969100799562]
JVASP-118806,NaSi,-1.5099838516387938,[-1.5099838516387938]
JVASP-118809,NaZn,-1.5294080516967772,[-1.5294080516967772]
JVASP-118810,NaZn,-1.5433812877807616,[-1.5433812877807616]
JVASP-118812,NaZn,-1.279241158691406,[-1.279241158691406]
JVASP-118813,NaZn2,-1.5092747947845457,[-1.5092747947845457]
JVASP-119289,NaMnCrF6,4.388575957092285,[2.2427775123443605, 2.678980753692627, 4.388575957092285]
JVASP-119312,NaCrO2,2.259926722320557,[-0.5008798381958007, 0.26702921179199224, 1.218521998199463, 2.259926722320557]
JVASP-116363,NaPbO,0.6504005649414063,[0.6504005649414063]
JVASP-116367,NaPbO,3.0445448615875246,[0.6849769809570313, 3.0445448615875246]
JVASP-119376,Na2MnO3,4.764193938049316,[0.6529034831848145, 2.1462878444519045, 1.7794651248779298, 1.6912311771240236, 2.995048449310303, 2.599556849273682, 4.764193938049316, 4.487977431091308]
JVASP-118998,Na2BiBAsO7,4.623953268798828,[4.391839430603027, 4.623953268798828, 2.999967024597168, 2.8877033450927736]
JVASP-119385,NaCrCSO7,2.463511870178223,[1.6189417102661134, 2.463511870178223]
JVASP-118999,NaFe2O4,2.7597994067993166,[1.4858335712280275, 1.6631731250610353, 1.8214430072631838, 2.7597994067993166]
JVASP-118289,NaMoF,-0.7617331287536621,[-0.7617331287536621]
JVASP-118290,NaMoF,-0.7477060100708007,[-0.7477060100708007]
JVASP-118291,NaMoF2,2.0085922935333254,[2.0085922935333254]
JVASP-118293,NaMoF3,-1.2147322437438963,[-1.2147322437438963]
JVASP-119030,Na3NpO6,2.8512348392333986,[2.3232807376708986, 2.3097614505615236, 1.9675182559814455, 2.8512348392333986, 1.2108053424682619, 1.2351288059082033]
JVASP-119035,Na2OsO4,3.04602949407959,[1.4998501994934084, 1.5037502506103517, 0.9846109607543946, 3.041860029968262, 2.95732157019043, 3.04602949407959]
JVASP-119046,Na5Dy4Si4O16F,5.462863848480224,[0.0896701076354981, 1.4678067424621584, 5.462863848480224, 3.3677653529968263, 1.2484916904296877]
JVASP-119458,Na3Pd5F12,4.563760206970215,[2.6125094154205324, 3.149794266494751, 4.563760206970215]
JVASP-119489,NaHoTi2O6,1.1602071979370119,[0.13542787817382818, 1.1602071979370119]
JVASP-119087,NaTl2,-1.2548392555389403,[-1.4866255066070555, -1.2548392555389403, -1.7877257606658934, -1.4804466507110594]
JVASP-119089,TbNa5O6,3.617206023010254,[-0.4286890766296386, 2.0908278682556154, -0.8153334400329589, 0.9267510631408692, 3.172378943237305, 3.617206023010254, 3.108336851867676, 3.1952738025512697, 3.137222693237305, 3.0617841937866213]
JVASP-116892,Na5Ni2P2C2O14,3.713709280761719,[1.6812290408935548, 2.7102388599243166, 2.3573450305786134, 3.713709280761719, 3.039553091796875]
JVASP-117456,BaNaB,-1.6440460226211546,[-1.6440460226211546]
JVASP-117457,BaNaB,-1.0874211332473753,[-1.0874211332473753]
JVASP-119541,Na3FeO4,1.9201027610626222,[1.1376706817474367, 1.6766883590545656, 1.8415927150573732, 1.2314066150512697, 1.9201027610626222, 1.4672433593597414]
JVASP-119547,NaMnO4,3.004422591003418,[2.179121420654297, 3.004422591003418]
JVASP-119161,Na6Cd7S10,3.8522918680038454,[0.13361816194915777, 0.7098208525505066, 1.0349526264991762, 1.8909606197204591, 2.546510861190796, 3.8522918680038454]
JVASP-119162,NaScTiO4,5.849441454681396,[0.17544834402465825, 0.2629918315734864, 1.867402956756592, 5.849441454681396]
JVASP-119163,NaCaGaSi2O7,4.2576216914978025,[2.497391627105713, 4.2576216914978025]
JVASP-119165,NaTi6Se8,-0.7191701671752929,[-0.7191701671752929]
JVASP-117642,Na2AgAs,0.1980830886688233,[-0.43361516210174555, 0.1980830886688233]
JVASP-117644,NaAgAs,0.5286339381065369,[-0.19320346328353877, 0.5286339381065369]
JVASP-119651,Na2Nd2PtO6,1.7375921466674806,[0.3076247432556153, 0.19689075735473638, 1.1431192615356447, 1.7375921466674806]
JVASP-119216,Ba4Na2W2O11,-0.07262904855346675,[-0.07262904855346675, -0.16660888406372065]
JVASP-119699,Na3CoBAsO7,3.937149451049805,[0.8601855495300293, 2.5588177898254396, 3.937149451049805, 1.9206251361694338, 3.2672833659973146, 3.0108479717102052]
JVASP-119724,Na2FeO3,2.6321374633636476,[0.9409620025482178, 1.048252747329712, 2.42168490675354, 2.6321374633636476, 1.983858273300171, 1.9143239715423586, 1.9735569217529298, 1.7036942699279787]
JVASP-119746,Na3Li3Mn2P2C2O14,1.2219900348510744,[0.4905456760253907, 1.145533011230469, 1.2219900348510744]
JVASP-120418,Na3La5Cl18,0.8806823947753907,[0.14927618292236333, 0.6480449893798829, 0.8806823947753907]
JVASP-111626,NaTiSi2O6,0.984496996673584,[0.5384806850280762, 0.984496996673584]
JVASP-111634,NaVF3,2.2375125148620607,[-0.74115951272583, 0.4033731677856446, -0.016483857360839793, 2.2375125148620607]
JVASP-111638,K2NaNbO2F4,1.4572102287139894,[1.4572102287139894, 1.3979446151580812]
JVASP-120436,NaCl3,3.1827563503112795,[1.8206491329994203, 2.4569619753685, 3.055579111846924, 3.1827563503112795]
JVASP-118261,NaInF2,2.3143773534622194,[2.3143773534622194]
JVASP-118262,NaInF,0.2963012912597657,[0.2963012912597657]
JVASP-118263,NaInF,-1.422862722602844,[-1.422862722602844]
JVASP-120071,NaAgO,2.3585877874221803,[1.0881183603134157, 2.3585877874221803]
JVASP-118294,NaMoF4,1.1139017799224855,[1.1139017799224855]
JVASP-120457,Na3InP2O8,4.944665358337402,[0.8365391948547364, 1.7283915736999513, 4.944665358337402, 3.5723604419555666, 2.7072877147521974, 2.986578867706299]
JVASP-120116,NaAlAs,-0.7707691929016113,[-1.2430513641510008, -0.7707691929016113]
JVASP-120148,NaHfF,-1.1459203502807616,[-1.1459203502807616]
JVASP-120149,NaHfF2,0.30555765417480474,[0.30555765417480474]
JVASP-120150,NaHfF3,-2.4495225689086912,[-2.4495225689086912]
JVASP-120151,NaHfF4,0.6643432834472657,[0.6643432834472657]
JVASP-120516,Na4Ca2SiP4,1.7176186302032472,[-1.2888146183166502, -1.356412961212158, -1.1321681282196043, -0.5791853210601806, -0.45739228936767573, -0.41764314385986323, 1.7176186302032472, 0.9225427368011475]
JVASP-111977,Na2FeO3,4.132198260101318,[0.49466364172363286, 1.0843767383422853, 3.7377871730651857, 4.132198260101318]
JVASP-118462,NaLiH,-1.793096973625183,[-1.793096973625183]
JVASP-118463,NaLiH,-1.558578922477722,[-1.558578922477722]
JVASP-120566,NaNiO2,2.7417120197143556,[0.3962764003601075, 2.4551729419555666, 0.39765922811889653, 2.7417120197143556]
JVASP-118659,NaAlTe,-0.41575200769042964,[-1.453066661087036, -0.41575200769042964]
JVASP-118661,NaAlTe,-0.4375128290328979,[-0.6582266828689575, -0.4375128290328979]
JVASP-118662,NaAlTe,-0.7356836340103149,[-0.7356836340103149]
JVASP-118664,NaAlTe2,0.4120542266693116,[0.4120542266693116]
JVASP-118793,NaSe2,0.008595750602722219,[0.008595750602722219]
JVASP-118805,NaSi,0.015459702285766652,[-0.9888389846954345, 0.015459702285766652]
JVASP-118808,NaSn,-0.38934095117187495,[-0.8925677082214355, -0.38934095117187495]
JVASP-118815,NaZn2,-1.5122221252593993,[-1.5122221252593993]
JVASP-118847,NaCaAs,-1.4902640125427244,[-1.4902640125427244]
JVASP-118848,NaCaAs,-0.8816874167594909,[-0.8816874167594909]
JVASP-118849,NaCa2As,-2.0712741157684325,[-2.0712741157684325]
JVASP-118850,NaCaAs,-1.1240474722061156,[-1.1240474722061156, -1.2155420324478148]
JVASP-118851,NaCaAs,0.09377186087036138,[0.09377186087036138]
JVASP-118852,NaCaAs2,-0.4211645862731933,[-0.4211645862731933]
JVASP-120349,NaZnSe,-0.7666159412536621,[-0.7694760105285644, -0.7666159412536621]
JVASP-120351,NaZnSe2,0.5880234101142884,[0.5880234101142884]
JVASP-120352,NaZnSe,0.16478972223663335,[0.16478972223663335]
JVASP-120353,NaZnSe2,0.7958285072174073,[0.7958285072174073]
JVASP-120355,Na2Se,1.6531446435775758,[0.2941204169120789, 1.6531446435775758]
JVASP-120358,Na2Se,1.6528095462646486,[0.3240707376327515, 1.6528095462646486]
JVASP-120360,Na2Se,1.4550904491271974,[-0.2667635223541259, 1.4550904491271974]
JVASP-120361,Na2Se,1.5383680322494508,[0.24495415476226812, 1.5383680322494508]
JVASP-120363,NaSe2,0.4649103143539429,[0.4649103143539429]
JVASP-120716,Na2MnPHO3F4,5.618153975280761,[1.3145708301391603, 2.9738287189331056, 3.738172934326172, 5.618153975280761]
JVASP-120721,Na5Cu3P4O16,3.3562978961791994,[3.1730355480041506, 2.4221791484680177, 2.9804271915283205, 3.3562978961791994, 3.0035499790039064]
JVASP-119907,NaBH2,-1.225382163253784,[-1.225382163253784]
JVASP-119908,NaBH4,-1.1955226204071043,[-1.1955226204071043]
JVASP-120935,NaCN,0.677337572845459,[-0.45507343026733393, 0.677337572845459]
JVASP-120937,Na2CN2,2.2010435321655275,[-0.24072177621459956, 2.2010435321655275]
JVASP-120999,NaHF2,4.916594670089721,[4.916594670089721]
JVASP-121000,NaHF2,4.70576362398529,[4.70576362398529]
JVASP-120416,NaV3F10,2.3306564548339845,[1.9624666431274416, 2.3306564548339845]
JVASP-121148,NaInS3,0.9248337009277344,[0.9248337009277344]
JVASP-121149,NaInS,-0.3436921379241943,[-0.3436921379241943]
JVASP-121250,NaNbS,-1.5782042286071776,[-1.5782042286071776]
JVASP-121251,NaNbS3,0.6473566749420167,[0.6473566749420167]
JVASP-121253,NaP2,-0.6979475757751464,[-0.6979475757751464]
JVASP-121254,NaP,-0.20063526841735835,[-0.80583555909729, -0.20063526841735835]
JVASP-121255,Na2P,0.13201068428421026,[-1.2074477216873167, 0.13201068428421026]
JVASP-121337,BaNaPO4,3.2938689449157716,[0.17387573507690435, 3.132051394256592, 3.2938689449157716, 1.856203005584717]
JVASP-122427,Na2BSO4F3,4.587878630432129,[2.2555665233459474, 3.5842055538024904, 4.587878630432129, 3.517350123199463]
JVASP-111737,Na3Eu2Ge2Se6,0.4943455913391114,[-0.3057873985443115, -0.23387439462280268, 0.4943455913391114]
JVASP-122475,NaCa3MgFeSi4O14,1.340887949737549,[1.340887949737549]
JVASP-121975,NaCaSiO4,1.637938902648926,[1.2801412799682619, 1.637938902648926]
JVASP-122491,BaNaVS4,0.5593592384185792,[0.23352186468505864, 0.15498726156616216, 0.5593592384185792, 0.40664641645812993]
JVASP-123413,NaZr,-1.6014638683471678,[-1.6014638683471678]
JVASP-120959,NaAgO,0.7107415654983521,[0.7107415654983521]
JVASP-120989,NaAlAs,-1.2672621748123167,[-1.2672621748123167]
JVASP-120991,NaAlAs,-1.4387485525283812,[-1.4387485525283812]
JVASP-122589,NaSn7,-2.202902867523193,[-2.202902867523193]
JVASP-122056,Na2In2GeS6,1.6943482616271974,[0.5398625591125489, 0.5981072643127442, 1.3388225295867922, 1.6943482616271974]
JVASP-122875,NaSm3,-1.8119295379791258,[-1.8119295379791258]
JVASP-122063,NaNb6O16,1.0943674304809572,[1.0943674304809572]
JVASP-123750,NaHf,-1.253035618988037,[-1.253035618988037]
JVASP-121257,Na3P,0.8053466537322999,[-0.25103600236511225, -0.11258299562072749, 0.8053466537322999]
JVASP-121259,NaTiSe,-1.5098779937896727,[-1.5098779937896727]
JVASP-121261,NaYSe,-1.3840118190917967,[-1.3840118190917967]
JVASP-122954,NaV,-1.200699045387268,[-1.200699045387268]
JVASP-122109,TbNaCl4,3.5435075023498537,[0.6546196201171876, 3.5435075023498537]
JVASP-122112,Na3Sm2Si2Se6,0.5981883266296387,[-0.34062297555541987, -0.12112577172851557, 0.5981883266296387]
JVASP-122113,NaCeC2O6,1.0619591930236818,[0.580953524383545, 1.0619591930236818]
JVASP-123875,NaCo,-1.3527169963989256,[-1.3527169963989256]
JVASP-123942,NaMg,-1.455411984649658,[-1.455411984649658]
JVASP-123222,NaEr3,-1.8734455845031737,[-1.8734455845031737]
JVASP-124033,NaPr3,-1.7010749122772215,[-1.7010749122772215]
JVASP-122185,NaSr2Sn6As6,-0.46227140637969966,[-0.46227140637969966]
JVASP-122186,NaSm3Ti2Sb2O14,0.7528814533081055,[0.7528814533081055]
JVASP-122188,Na2LaCeTi4O12,3.209968016418457,[1.2114500263061525, 3.209968016418457]
JVASP-121862,NaPr3Mn4O12,-0.056646897521972606,[-0.056646897521972606]
JVASP-121863,Na2ScInSi4O12,3.997914717468262,[1.4230617740478517, 3.997914717468262]
JVASP-121908,Na3FeO3,3.830815241607666,[-0.1978953621063232, 0.12913386610412603, 1.1765333869781496, 0.5587803581085206, 1.3076037624206545, 1.076453135284424, 2.9324273326721193, 2.9149407604064943, 1.5761725166168215, 2.010582611831665, 2.8626102664794923, 3.830815241607666]
JVASP-121913,NaV5O10,0.41162245062255864,[0.41162245062255864]
JVASP-122286,K3NaW2O8,0.1746000507202149,[0.1746000507202149, 0.14649717596435552]
JVASP-122292,Na2MoO4,1.85482494619751,[0.5739974239196778, 1.5558566310729982, 1.598573611053467, 1.85482494619751]
JVASP-121943,NaCoPCO7,2.8192452648010256,[2.5608433940734865, 2.8192452648010256]
JVASP-122314,Na2GaNiF7,6.060415671142578,[1.956406519683838, 3.2791480281677248, 6.060415671142578, 5.369127438339233]
JVASP-122332,NaCoO2,4.088957236083984,[0.2110561588134766, 1.5221065738525392, 2.017889426025391, 4.088957236083984]
JVASP-122340,Na5LiFe2P2C2O14,2.8153886058654787,[0.7098745563354493, 1.3486999729003908, 1.1696614482727052, 2.616785929473877, 2.8153886058654787]
JVASP-122371,Na5VO5,5.281575129302978,[-0.6833713791046142, -0.36294300767517085, 1.2403759219970705, 2.0715555408325197, 1.5081214168395998, 2.8706578471984865, 3.554789946350098, 3.5297359683837892, 5.264608309539795, 5.281575129302978]
JVASP-122372,NaNiPO4,2.478784964355469,[1.8401865222778322, 2.478784964355469]
JVASP-122373,Na2FeO3,3.308461830886841,[0.9760760524597168, 2.1009883144226076, 3.308461830886841, 3.204117939743042]
JVASP-122377,Na3CrPCO7,3.2788333156433107,[0.5426239230957032, 0.738274023803711, 1.4370240428771974, 3.055567667755127, 3.2788333156433107, 2.3914870479431154]
JVASP-122380,NaVCSO7,1.5556291797485353,[1.3571676471557619, 1.5556291797485353]
JVASP-125522,NaAl3,-1.3034613868865965,[-1.3034613868865965]
JVASP-121415,NaMo6Se8,-0.1385532161865234,[-0.1385532161865234]
JVASP-126909,NaAu3,-0.00176627847290034,[-0.00176627847290034]
JVASP-128353,Yb3Na,-1.4744020244750975,[-1.4744020244750975]
JVASP-121461,NaAl3Cr2O14,3.1395086505737306,[3.1395086505737306]
JVASP-121472,Na5Hf2F13,9.05241458204651,[0.745506689819336, 2.472303793701172, 9.05241458204651, 3.1626855590667726, 4.872379229339599]
JVASP-121474,NaAlH8N2F6,1.405275271209717,[1.405275271209717]
JVASP-125703,NaPa3,-1.8113728305969237,[-1.8113728305969237]
JVASP-128583,NaXe,-2.2567981025848387,[-2.2567981025848387]
JVASP-121599,YbNaTiNbO6F,3.3023413875427248,[2.2672433116760256, 3.3023413875427248]
JVASP-121601,NaW3O9,1.413531706604004,[1.413531706604004]
JVASP-121602,Na2BrClO6,3.926278755935669,[1.5399383762207033, 2.1937050083007814, 3.1273814895477297, 3.926278755935669]
JVASP-125862,K3Na,-1.7136524459991453,[-1.7136524459991453]
JVASP-126002,RbNa,-1.7120636245880125,[-1.7120636245880125]
JVASP-121674,NaNiO2,2.7759541728820802,[0.6159095027770997, 2.4278907039489748, 0.6841372707214356, 2.7759541728820802]
JVASP-128804,NaY,-1.3259404441986082,[-1.3259404441986082]
JVASP-126172,NaLa3,-1.4269252559814452,[-1.4269252559814452]
JVASP-127342,NaCr,-0.09909041139221186,[-0.09909041139221186]
JVASP-126219,BaNa,-1.4124952098999022,[-1.4124952098999022]
JVASP-126222,NaBr,8.094342634948731,[8.094342634948731]
JVASP-126223,NaC,1.3808001139488222,[1.3808001139488222]
JVASP-126225,NaF,5.483695433410644,[5.483695433410644]
JVASP-126228,NaH,1.421397314342499,[1.421397314342499]
JVASP-126231,NaHg,-0.9582653782043457,[-0.9582653782043457]
JVASP-126232,NaI,1.692338989051819,[1.692338989051819]
JVASP-126233,KNa,-1.802363707748413,[-1.802363707748413]
JVASP-126234,NaKr,-2.075489117828369,[-2.075489117828369]
JVASP-126236,NaLi,-1.4003952285919188,[-1.4003952285919188]
JVASP-126239,NaMn,-0.8154986641082763,[-0.8154986641082763]
JVASP-126240,NaN,1.1728877284851076,[1.1728877284851076]
JVASP-126241,NaNb,-2.15034444543457,[-2.15034444543457]
JVASP-126242,NaNd,-1.6809385559234618,[-1.6809385559234618]
JVASP-126245,NaO,3.1944487550582887,[3.1944487550582887]
JVASP-126249,NaPr,-1.7169714710388182,[-1.7169714710388182]
JVASP-126250,NaPt,-0.20269019815063472,[-0.20269019815063472]
JVASP-126251,RbNa,-1.7380340835723875,[-1.7380340835723875]
JVASP-126253,NaRh,-1.4551528236541746,[-1.4551528236541746]
JVASP-126254,NaRu,-2.130915715423584,[-2.130915715423584]
JVASP-126255,NaS,1.5869306185569765,[1.5869306185569765]
JVASP-126261,NaTe,0.5157205322113038,[0.5157205322113038]
JVASP-126262,NaTi,-1.971431328979492,[-1.971431328979492]
JVASP-126263,NaTl,-0.9585817596588134,[-0.9585817596588134]
JVASP-126264,NaU,-2.0300827762756346,[-2.0300827762756346]
JVASP-126265,NaW,-2.5149970791015623,[-2.5149970791015623]
JVASP-126266,NaY,-1.3276344082031248,[-1.3276344082031248]
JVASP-126267,YbNa,-1.3314877292785643,[-1.3314877292785643]
JVASP-128897,BaNa,-0.9005578300628662,[-0.9005578300628662]
JVASP-127422,NaGe7,-2.536826564994812,[-2.536826564994812]
JVASP-122399,NaV3F7,0.4915541866149903,[-0.32878024789428706, 0.4915541866149903]
JVASP-122409,Na2FePCO7,2.77841417578125,[1.3982061603393556, 2.6448511340942384, 1.6753105380859377, 2.77841417578125]
JVASP-129017,NaFe,-1.8098202488098143,[-1.8098202488098143]
JVASP-122428,NaTl3Cu4Te2O12,1.7634495952453615,[1.7634495952453615]
JVASP-122439,Na4Al6ClO12,3.256645605834961,[2.156096861633301, 2.0841497638549806, 2.3288301685180666, 3.256645605834961]
JVASP-127572,NaF3,4.576471255096435,[4.576471255096435]
JVASP-122473,NaInSn2,-0.574740006652832,[-1.2145888349685667, -1.101956321922302, -0.8644247791442871, -0.574740006652832]
JVASP-129096,NaCe3,-1.6466320297393797,[-1.6466320297393797]
JVASP-122474,NaTi2P4O14,1.625243590148926,[1.625243590148926]
JVASP-126403,NaPb3,-1.0960649988327025,[-1.0960649988327025]
JVASP-122630,NaAs5,-0.2614365360412597,[-0.2614365360412597]
JVASP-129237,NaIr3,-1.787051274505615,[-1.787051274505615]
JVASP-124192,NaTc,-2.437890126434326,[-2.437890126434326]
JVASP-127842,NaKr,-2.079165055480957,[-2.079165055480957]
JVASP-124272,NaCl3,3.0014702537384035,[3.0014702537384035]
JVASP-127993,NaNd3,-1.720771386352539,[-1.720771386352539]
JVASP-129283,NaAc,-1.6009329697761534,[-1.6009329697761534]
JVASP-129289,NaCa,-1.3229347011718748,[-1.3229347011718748]
JVASP-129290,NaCd,-1.1996069690856932,[-1.1996069690856932]
JVASP-129297,NaEr,-1.9067018768463133,[-1.9067018768463133]
JVASP-129299,NaGa,-1.054598643508911,[-1.054598643508911]
JVASP-129301,NaHo,-1.8998413822326659,[-1.8998413822326659]
JVASP-129302,NaIn,-0.9845047733459472,[-0.9845047733459472]
JVASP-129307,NaPm,-1.7802650472793577,[-1.7802650472793577]
JVASP-129312,NaSb,-0.2472110531005859,[-0.2472110531005859]
JVASP-129313,NaSc,-1.330776884284973,[-1.330776884284973]
JVASP-129315,NaSm,-1.7460095426712035,[-1.7460095426712035]
JVASP-129318,NaTm,-1.7484641811523436,[-1.7484641811523436]
JVASP-129320,NaXe,-2.252707555023193,[-2.252707555023193]
JVASP-124362,NaHg,-1.0269282600555418,[-1.0269282600555418]
JVASP-129368,NaNb,-0.6112788459930419,[-0.6112788459930419]
JVASP-129420,NaPm3,-1.792060925689697,[-1.792060925689697]
JVASP-124673,NaSb5,-0.3723841449890136,[-0.3723841449890136]
JVASP-128173,NaRu,-2.1248725196990965,[-2.1248725196990965]
JVASP-129514,NaIn,-0.7397647640380859,[-0.7397647640380859]
JVASP-126754,NaZn,-1.3223543903503416,[-1.3223543903503416]
JVASP-129598,NaSc,-1.3358761808547972,[-1.3358761808547972]
JVASP-128263,NaTa,-0.20118696900939936,[-0.20118696900939936]
JVASP-125042,Ar3Na,-2.7389653465423582,[-2.7389653465423582]
JVASP-125222,NaBr3,1.7123203733291628,[1.7123203733291628]
JVASP-125269,NaTi2,-1.2123504421386717,[-1.2123504421386717]
JVASP-144349,NaCa2Ta3O10,1.550114081176758,[1.550114081176758]
JVASP-140008,Na2CoNiF7,4.643688605102539,[2.5997928836669923, 2.278266356262207, 4.643688605102539, 4.25806562689209]
JVASP-143643,Na5Pr4Si4O16F,5.319248125823974,[0.20917408255004888, 3.1624697902526857, 5.319248125823974, 2.53078930166626, 0.806790755065918]
JVASP-140848,NaAlSi3O8,4.6547774532165525,[0.8900546291198731, 4.6547774532165525]
JVASP-143644,Na2PtF6,5.635070011886596,[4.305573628219604, 3.4523481586303713, 3.8331541278686525, 3.6245128372039797, 3.6215147235717775, 5.635070011886596]
JVASP-143163,NaYPd6O8,1.5614914157714845,[1.5614914157714845]
JVASP-140608,Na2Cr7O14,1.602440283569336,[0.8232225635375977, 1.602440283569336]
JVASP-143654,NaCaAsO4,3.6613430240478517,[1.232172415527344, 1.5173887470092775, 3.6160711505737306, 3.6613430240478517]
JVASP-144890,Na2VO3,4.167092249664306,[-0.22751100274658198, 0.6977218845214844, 3.125485346588135, 4.167092249664306]
JVASP-143907,Na2CoO3,4.211159394058227,[0.7321826675262452, 0.9278132179107667, 1.0978476264801027, 1.597603962692261, 3.29031078604126, 4.007604048522949, 4.211159394058227, 3.452774689468384]
JVASP-142706,NaCr5Se8,0.19758455541992193,[0.19758455541992193]
JVASP-144145,NaLaCuTe4,-0.13779552194213862,[-0.20549781533813472, -0.13779552194213862]
JVASP-140404,NaGdTi2O6,2.0221394756164552,[0.4205731609191895, 2.0221394756164552]
JVASP-142407,NaHf4N4Cl4,-0.5532451412353515,[-0.5532451412353515]
JVASP-140406,Na4Sr2TiP4,3.2246245601501466,[-1.176234795776367, -1.0724817058715819, -0.8999892017517089, 0.10191528585815435, -0.20347745629882807, 1.0153469302978517, 3.2246245601501466, 2.0989383914794923]
JVASP-142408,NaAlGeO4,3.768727705749512,[0.3916901805725098, 0.6580752590026856, 1.2245954730834963, 3.768727705749512]
JVASP-142410,NaNdNb4O12,1.9134334781494142,[1.9134334781494142]
JVASP-142725,Na2TeS3,1.8947017648544313,[0.7452120044555665, 0.6563290813293458, 1.0394155242767336, 1.1890928008880617, 1.7273822286453249, 1.8947017648544313, 1.4254345157470705, 1.1919078090515138]
JVASP-144609,Na5Ni9As7,0.20343200949096685,[-1.1395650646362303, -0.6680465480957031, -0.7729783794555664, 0.20343200949096685, -0.22585780831909175]
JVASP-142411,NaNi2Mo2H3O10,1.0843271472778322,[1.0843271472778322]
JVASP-144610,Na3PrAs2O8,3.8286651828613283,[0.719170019897461, 2.38180773046875, 3.8286651828613283]
JVASP-142109,NaAlH4,0.7034124591674805,[-0.9761539241943359, 0.7034124591674805]
JVASP-140626,Na5Fe2P2C2O14,3.684903548034668,[0.8565735080566407, 1.9485983112182619, 1.5859131076660158, 3.684903548034668, 2.6616615512695314]
JVASP-144611,Na3TmBr6,3.556309149536133,[0.00964264658355718, 0.11471895960235601, 0.6428963401641846, 3.556309149536133, 3.3539900043334963, 1.3024634578552248]
JVASP-142414,NaErTi2O6,1.1967257716979982,[0.08810798910522466, 1.1967257716979982]
JVASP-140184,NaV2O4,1.7290052631225588,[0.6869491794433594, 1.7290052631225588]
JVASP-142415,NaCaMg2F7,2.901970074447632,[1.0094701507415773, 2.901970074447632]
JVASP-142417,Na3CaAl3Si3SO16,3.9070352771606447,[0.3213886478271485, 3.7701276996459963, 3.9070352771606447]
JVASP-142418,Na2SbAs,0.19149522570037847,[-1.1469617626342772, -0.8390720626983642, -0.7455948135528564, -0.6176787159118652, -0.06469340535736079, 0.19149522570037847, -0.3013394615325927, -0.8811219474945068]
JVASP-143212,Ba2NaSn6As6,-0.6362496158752441,[-0.6362496158752441]
JVASP-142419,Na2La2PtO6,2.1305479266967775,[0.09378902700805669, 0.06522743490600591, 0.8811001041259766, 2.1305479266967775]
JVASP-141356,Na6MgCl8,7.094521448883056,[0.22090797212982183, 1.0030178287353517, 7.094521448883056, 3.503297493728638, 2.902902887138367, 5.6677933194961545]
JVASP-141358,Na3C2O6,3.364663050445557,[1.7735289790954591, 3.364663050445557, 3.069338248046875, 1.6857332446899416, 1.995407984527588, 2.4904374339904787]
JVASP-141359,Na3H2SNO8,4.50285093572998,[1.13945572164917, 1.6139363506164552, 4.028272078308105, 4.50285093572998, 4.034810469421386, 3.6989664295043947]
JVASP-140635,NaFe2O4,2.137706682952881,[1.0100578525390627, 1.0904611804809572, 1.5286902644958498, 2.137706682952881]
JVASP-139779,NaCu2H3S2O10,1.9791688182678224,[1.9791688182678224]
JVASP-136217,NaLiC,-0.903456523147583,[-0.903456523147583]
JVASP-142744,NaNdC2O6,1.170045779022217,[0.5633715846862793, 1.170045779022217]
JVASP-144402,Na2FeO3,4.93231026914978,[0.3984965541687012, 0.6085976817932129, 1.3164381244506838, 1.5429014423217775, 3.050210402282715, 3.858519957336426, 4.93231026914978, 3.258101151260376]
JVASP-141828,NaMn3O4,0.023899481567382863,[-0.1946779033813476, 0.023899481567382863]
JVASP-144403,Na2FeO3,4.4678267696228025,[0.4719790675964356, 0.5305604198303223, 1.4571375110473634, 1.3850149371948244, 3.2525686481323244, 3.6722044208374025, 4.4678267696228025, 3.6228856304016115]
JVASP-137035,NaC,1.0939714172210695,[1.0939714172210695]
JVASP-139796,NaCrF4,5.41129295614624,[2.2011589267578127, 4.070218966278076, 5.41129295614624, 4.650350973876953]
JVASP-130368,NaGa3,-0.37920935365295405,[-0.37920935365295405]
JVASP-137037,Na2C,1.1788145759429933,[-1.4595387122306822, 1.1788145759429933]
JVASP-135961,NaBeP,-1.4261691114578245,[-1.4261691114578245]
JVASP-133435,Na5EuTaAs4,1.9830207088317873,[-1.335933282104492, -0.9120360157165527, -0.9049783489379882, -0.24675901147460932, -0.809537722793579, 0.9432074287261963, 0.28700201300048833, 0.7910823085632325, 1.9830207088317873, 0.259209082397461]
JVASP-99950,Na2VCu3S4,0.7989043453063965,[-0.4248123905334472, 0.7989043453063965]
JVASP-137039,Na2C,0.8530477741088868,[-1.2478114506874083, 0.8530477741088868]
JVASP-135962,NaBeP,-1.7301316997680662,[-1.7301316997680662]
JVASP-133437,NaNdTi2O6,2.5657428958740236,[0.38037435797119146, 2.5657428958740236]
JVASP-135963,NaBeP,-0.9517648956451416,[-0.9517648956451416]
JVASP-137042,NaC,-0.8093572399291992,[-1.7861996433410643, -0.8093572399291992]
JVASP-137854,BaNaBi,-1.4043825409088133,[-1.4043825409088133]
JVASP-133438,NaCaAlSi2O7,4.777149603637695,[2.4211363056030275, 4.777149603637695]
JVASP-141155,Na2Fe2O5,2.490055964263916,[1.1673611858215334, 2.1035069682922365, 2.490055964263916, 2.0037211635437013]
JVASP-135964,NaBePd,-0.7317019245300292,[-0.7317019245300292]
JVASP-133440,TbNa3Ti2Nb2O12,4.7630657413330075,[0.1320904949035645, 3.3935107448425295, 4.7630657413330075]
JVASP-137043,Na2C,2.220419452461243,[-0.8048695466194152, 2.220419452461243]
JVASP-135966,NaBePt,-0.5377567550811767,[-0.5377567550811767]
JVASP-137044,NaC2,-1.8837586185607909,[-1.8837586185607909]
JVASP-135967,NaBeSb,-0.43311746331787104,[-0.43311746331787104]
JVASP-137045,NaC2,-0.5586329242858886,[-0.5586329242858886]
JVASP-129867,NaCa3,-1.4407113334808348,[-1.4407113334808348]
JVASP-135968,NaBeSb,-0.7550920388374328,[-0.7550920388374328]
JVASP-137046,NaC,-0.5070758602294921,[-0.5070758602294921]
JVASP-137047,Na3C,1.1336873033370973,[-1.4187054178390501, -0.7302070400390624, 1.1336873033370973]
JVASP-143702,NaMnFeF6,3.536923811706543,[2.455579684051514, 2.8825825908508302, 3.536923811706543]
JVASP-143961,NaMn3F10,5.606864378723144,[3.7868637302246095, 5.606864378723144]
JVASP-139816,Na3NiO2,2.4729532459106447,[-0.8775957367095947, -0.11753494950866694, 1.0801443317260744, 2.0142635562744142, 2.4729532459106447, 1.9804529407348634]
JVASP-142464,Ba4NaIr3O12,1.2650131442871095,[1.2650131442871095]
JVASP-143705,NaSmC2O6,1.1950549342956545,[0.45054523733520513, 1.1950549342956545]
JVASP-144658,YbNaTi2O6,2.336322233947754,[0.852480337890625, 2.336322233947754]
JVASP-143707,NaCu2H3S2O10,2.057210848602295,[2.057210848602295]
JVASP-142470,Ba4NaFe10As10,-0.8540578624877929,[-0.8540578624877929]
JVASP-140919,NaCaN,1.0005830982055666,[-1.5061562797698973, -1.4631570121917723, 0.24830715444946294, 1.0005830982055666]
JVASP-142785,NaFe2Mo2H3O10,1.2491955020751955,[1.2491955020751955]
JVASP-143708,Na5IO6,4.239300177368164,[1.0285925128784181, 1.9500159480895998, 4.239300177368164, 3.399289057525635, 1.9379851081695558]
JVASP-132887,Na5SrNbP4,1.7718271472778322,[-1.038957192626953, -0.4927383205566406, -0.6806193134460449, -0.06465156289672847, 0.8002447345581055, 1.7718271472778322, 0.5745553233947754, 0.1643027522888184, 1.1954187610473634, -0.533489777770996]
JVASP-144660,Na5SrNbAs4,0.9163715102996827,[-0.821434809890747, -0.4177015564117431, -0.7649803898010253, -0.5963173648986816, 0.35351483610534673, 0.7743040778961182, 0.15942089346313482, 0.32821552542114263, 0.9163715102996827, -0.7272828361663818]
JVASP-143972,Na4NiO4,3.198324129852295,[0.7747170188751221, 1.0854326942291261, 2.66327540663147, 2.6210047462310793, 3.198324129852295, 2.0057167270507814, 3.031376526626587, 2.501840279373169]
JVASP-144661,Na9SmGe4Se12,2.5820972183074953,[-0.1989498874816894, -0.294593407836914, 0.2701682308044434, 0.3755244472351075, 0.6812495448913575, 0.46536533621215825, 2.5820972183074953, 1.137375519546509, 0.3798385122146607]
JVASP-143709,Na2PbO3,4.830636666091919,[0.5236522415008545, 2.200523064407349, 1.0825771549072267, 2.573582098754883, 3.5941454627838136, 3.4305879333343507, 4.830636666091919, 4.128020451339721]
JVASP-135491,Na2Cl,10.353143856796265,[-2.4996103784713744, 10.353143856796265]
JVASP-135494,Na2Cl,9.710008547576905,[-1.4688452026519774, 9.710008547576905]
JVASP-137072,Na2TlO2,2.970793292793274,[1.095531151565552, 2.970793292793274]
JVASP-135495,NaCl,17.257774756225587,[2.7310303905334474, 17.257774756225587]
JVASP-137073,Na2TlO3,4.154310152801513,[1.8477715709533693, 4.154310152801513]
JVASP-135496,NaCl2,2.2764911511268617,[2.2764911511268617]
JVASP-132279,NaB,0.8553777196731568,[0.8553777196731568]
JVASP-135497,NaCl2,2.55837182787323,[2.55837182787323]
JVASP-141187,NaMo3Se3,0.10224001196289068,[-0.26640088769531245, 0.10224001196289068]
JVASP-133138,NaBH4,-0.08660443040466304,[-0.9094932815704345, -0.08660443040466304]
JVASP-132285,HeNa,-2.1498668930206297,[-2.1498668930206297]
JVASP-135498,Na2Cl,9.527609989913941,[-1.4024611255798338, 9.527609989913941]
JVASP-137075,NaTl2O3,1.5025128581848146,[1.5025128581848146]
JVASP-132286,NaHf,-1.2640352985534666,[-1.2640352985534666]
JVASP-135500,NaCl2,1.8606969573822023,[1.8606969573822023]
JVASP-137079,Na2WO2,0.5035828807678223,[-1.0258756420288084, 0.5035828807678223]
JVASP-132287,NaLu,-1.7355181715164183,[-1.7355181715164183]
JVASP-135501,NaCl,10.521207974227906,[10.521207974227906]
JVASP-102961,Na3Cu,2.260487959655762,[-1.3768652221832274, -1.2567995330963133, 2.260487959655762]
JVASP-137080,NaWO3,1.38432876852417,[1.38432876852417]
JVASP-132901,Na2CrAsCO7,2.4994773128356935,[1.3980931499328615, 2.4994773128356935, 1.898326800140381, 2.476427958282471]
JVASP-142192,NaMg16Al12,-1.518161966529846,[-1.518161966529846]
JVASP-144444,NaFeH8N2F6,2.1692327716674806,[2.1692327716674806]
JVASP-132289,NeNa,-2.129613473144531,[-2.129613473144531]
JVASP-135502,Na2Cl,10.456855461868287,[-1.405787243572235, 10.456855461868287]
JVASP-136002,NaBiCl,-0.8606104395065307,[-0.8606104395065307]
JVASP-137081,NaZnO,1.3361381748046877,[1.3361381748046877]
JVASP-132296,TbNa,-1.8163601896438597,[-1.8163601896438597]
JVASP-137082,NaZn2O3,1.5136497476425173,[1.5136497476425173]
JVASP-135504,NaN3,0.5396150806274415,[0.5396150806274415]
JVASP-136003,NaBiCl,-0.9296154520187377,[-0.9296154520187377]
JVASP-135506,NaNbO3,2.7261738040771486,[2.7261738040771486]
JVASP-136004,NaBiCl2,0.21525280264282232,[0.21525280264282232]
JVASP-137083,NaZnO2,1.921035096916199,[1.921035096916199]
JVASP-141424,NaZn2CdF7,3.6241806009140016,[2.21466426638031, 3.6241806009140016]
JVASP-140943,Na2FeO3,4.7625185706939694,[0.38403599050903325, 0.6047629573669434, 1.2939151981201173, 1.506534979614258, 3.150284216674805, 3.8214229801025392, 4.7625185706939694, 3.2995187499847414]
JVASP-141900,Na4MgSi2Se6,1.0257391193237306,[-0.20954449388122554, -0.042468144622802684, 0.47132866171264653, 1.0257391193237306]
JVASP-135507,NaNbO,-0.350846602645874,[-0.350846602645874]
JVASP-141426,NaYIrO4,2.109708235534668,[0.6037363269653321, 1.2748169162597658, 2.109708235534668]
JVASP-139848,Na3InF6,8.402296469482422,[1.6723119476165773, 2.5217482307281496, 8.402296469482422, 5.293732092651367, 5.006479666503906, 4.288850949081421]
JVASP-141196,Na2AgF4,5.040835902961731,[4.338535235198974, 3.141572878631592, 4.936057136329651, 5.040835902961731]
JVASP-135508,NaNbO2,0.5511440494384766,[0.5511440494384766]
JVASP-141902,NaEuAsS4,0.4609510162200928,[0.04110305097961431, 0.4609510162200928]
JVASP-141427,Na5SrTaP4,1.582171843322754,[-1.1720221779022215, -0.5413072845611572, -0.774839236465454, -0.3027241966400146, 0.522362158569336, 1.582171843322754, 0.7020477512207032, 0.21699516561889653, 1.1717898109283449, -0.7171014091644287]
JVASP-137085,Na2ZnO2,2.650011585029602,[1.2075385310974123, 2.650011585029602]
JVASP-134099,NaBeSb,0.5194356897201539,[-1.2882585069808958, 0.5194356897201539]
JVASP-138169,NaBeO2,1.2435802677001955,[1.2435802677001955]
JVASP-135511,Na2ZrO2,1.292407439025879,[-0.9006996891174316, 1.292407439025879]
JVASP-134100,NaBeSe,-1.3173805019531248,[-1.3173805019531248]
JVASP-135512,Na2O,13.626767323287964,[0.7117978790130616, 13.626767323287964]
JVASP-141428,NaLaScSbO6,1.0540379741516115,[0.11257164266967778, 1.0540379741516115]
JVASP-138171,NaBeO,1.3323914268341066,[1.3323914268341066]
JVASP-141429,NaSr2NdTi4O12,-0.46484191629028315,[-0.46484191629028315]
JVASP-137089,NaZrO,-0.5992797157440185,[-0.5992797157440185]
JVASP-134101,NaBeSn,-1.5051501533660887,[-1.5051501533660887]
JVASP-141430,NaV4Cd3O12,0.9632195690002442,[0.9632195690002442]
JVASP-135513,Na2O,8.374051497253419,[-0.1725505134735107, 8.374051497253419]
JVASP-141432,Na3SmTi2Nb2O12,4.548192904266357,[0.11865989950561528, 4.548192904266357, 4.3415827014770505]
JVASP-144454,NaBrO2,2.7416009166564943,[1.4535282113876344, 1.4778557279434206, 2.1825408199157716, 2.7416009166564943]
JVASP-137090,NaZr2O3,-0.7149287006530761,[-0.7149287006530761]
JVASP-135514,NaO,2.329784319671631,[2.329784319671631]
JVASP-143994,NaFePO4,2.114499018463135,[0.9763631084289551, 1.1246117809143068, 1.7876691081848146, 2.114499018463135]
JVASP-137091,NaSbS,-0.12849052163696284,[-0.12849052163696284]
JVASP-135515,NaO2,0.8131815650787354,[0.8131815650787354]
JVASP-136565,NaMgF,-0.46999479743576045,[-0.46999479743576045]
JVASP-140698,NaU2Cl6,-0.546196772781372,[-0.546196772781372, -0.9445188781890869]
JVASP-137092,NaSbS,-1.10427887651062,[-1.10427887651062]
JVASP-136567,NaMgF,-1.0902443668518065,[-1.0902443668518065]
JVASP-135517,NaO2,1.5892051914062502,[1.5892051914062502]
JVASP-144458,NaAs,0.1921636321868897,[-0.991057350364685, -0.7935966989669799, -0.7076086542282104, -0.33705468389129634, 0.1921636321868897, 0.18276803282165532, -0.47957880708312983, -0.4995935699615478]
JVASP-137093,NaSbS,-0.6491845390472412,[-0.6491845390472412]
JVASP-135250,NaInO,0.95858995703125,[-0.5398450634155273, 0.95858995703125]
JVASP-135519,NaO,2.5344714382019045,[1.1919039943542482, 2.5344714382019045]
JVASP-136568,NaMgF2,0.048178122314453176,[0.048178122314453176]
JVASP-132912,Na5MnO5,4.895953581604004,[0.4910489776458741, 0.9124705055084229, 1.2855040290679933, 1.337361977371216, 1.3185862758483888, 3.789810583862305, 3.198410675796509, 4.764602349075317, 3.6619338252868654, 4.895953581604004]
JVASP-135520,NaO,3.724758789810181,[3.724758789810181]
JVASP-137095,NaScS,-1.3926211139831541,[-1.3926211139831541]
JVASP-136569,NaMgF3,3.309433863433838,[3.309433863433838]
JVASP-135521,Na2O,2.8383023002471925,[-0.03240854951477046, 2.8383023002471925]
JVASP-132913,Na2BiAsCO7,3.5829352596130373,[1.5476559856262209, 3.5829352596130373, 2.900093958648682, 2.732858584197998]
JVASP-144000,Na3CoO3,3.1671714046325685,[0.7182573535766602, 1.2734312274780275, 1.1042470195617677, 1.0629777171936037, 2.2538313129272463, 1.7312187412109377, 2.2564543941345216, 3.1671714046325685, 2.2899297931518556, 2.854914114746094, 1.7696146228637697, 1.7823795535888673]
JVASP-137097,NaScS3,0.7425693729248047,[0.7425693729248047]
JVASP-140953,NaMnPO4,1.8351034381713869,[0.4535125949707032, 0.819669173034668, 1.2517780521240236, 1.8351034381713869]
JVASP-141642,NaFeCSO7,2.6848854282226564,[1.8259662845458986, 2.6848854282226564]
JVASP-135253,NaIn2O3,0.08991091040039068,[0.08991091040039068]
JVASP-135523,NaO2,0.6460060336914063,[0.6460060336914063]
JVASP-135763,NaBN2,-0.38221605035400386,[-0.38221605035400386]
JVASP-137098,NaSiS,-0.7761383793029785,[-0.7761383793029785]
JVASP-135764,NaBN2,0.0949815967407227,[0.0949815967407227]
JVASP-135255,Na2InO2,2.5901445606079103,[0.8704964378204346, 2.5901445606079103]
JVASP-140708,Na2Co3O4,2.329634115966797,[0.31539909628295903, 0.9968184688415528, 1.4263147571411134, 2.329634115966797]
JVASP-141645,Na2CoBAsO7,4.110035345825195,[3.211645529541016, 4.110035345825195, 1.7008866527404787, 2.616599962982178]
JVASP-135524,Na3O,7.940328047546386,[-0.4629358789596557, 0.8384669282760621, 7.940328047546386]
JVASP-137099,NaSiS2,0.48489396360778814,[0.48489396360778814]
JVASP-133524,Na3Si3N5,2.1901773670043947,[-0.8333287975463867, -0.23032434197998042, -0.20293910714721675, 1.6129931667175295, 2.1901773670043947, 1.772002623352051]
JVASP-137653,Na3ErBr6,3.433256671699524,[0.05123560217285161, 0.1108352401580811, 0.7690338352050782, 3.363700554641724, 3.433256671699524, 1.3049943902816774]
JVASP-135525,NaPS,-0.5007882854614257,[-0.5007882854614257]
JVASP-135258,NaInP,-0.88052137109375,[-0.88052137109375, -0.9470941564712524]
JVASP-137100,NaSi2S3,0.24536673811340337,[0.24536673811340337]
JVASP-136292,NaCdCl3,1.880119488510132,[1.880119488510132]
JVASP-135526,NaPS,-0.5271005174789428,[-0.5271005174789428]
JVASP-137101,NaSiS3,0.588071272644043,[0.588071272644043]
JVASP-135527,NaPS,-1.3073777696762083,[-1.3073777696762083]
JVASP-139554,NaB2,0.2878944137420655,[0.2878944137420655]
JVASP-137102,NaSiS2,-0.24793989869689936,[-0.24793989869689936]
JVASP-141445,KNa2NiO2,2.919141695770264,[-0.43122871133422847, -0.4028487941894531, -0.2601381084594726, 0.06572334555053716, 1.9506754138793947, 2.2937049129333498, 2.919141695770264, 1.9664978244628908]
JVASP-139556,NaBe,-1.3040358564529417,[-1.3040358564529417]
JVASP-135529,NaSrP,-0.3129555723342895,[-0.3129555723342895]
JVASP-140267,Na3ScB2O6,4.331048891815185,[0.19849388388061528, 4.331048891815185, 2.4722813823547365, 1.129349634918213, 1.9774855830993654, 2.2441672542419435]
JVASP-137103,NaSiS2,-0.295098139968872,[-0.295098139968872]
JVASP-130692,NaLi8,-1.7742537400398253,[-1.7742537400398253]
JVASP-135531,NaSrP,-0.38613350602722163,[-0.38613350602722163]
JVASP-139557,NaBe,-0.9662221214447021,[-0.9662221214447021]
JVASP-137104,NaSiS2,-0.25414545747375483,[-0.25414545747375483]
JVASP-141649,Na2MnO2,4.623561785491943,[-1.0156379482421873, -0.9603029033813476, 0.022755072387695363, 0.4911627033081055, 2.0819753864135744, 2.9840311267700197, 3.5415486553039552, 4.623561785491943]
JVASP-143539,NaAs,0.48846452024841314,[-1.0635482809219359, -0.8321303865585327, -0.719445063796997, -0.4880612632904052, 0.13389317778015142, 0.48846452024841314, -0.1459861538085937, -0.9233961841735839]
JVASP-135533,NaSrP2,0.4371093967285157,[0.4371093967285157]
JVASP-132923,Na3H5Se4O16,4.011903450759887,[3.0772616126861574, 4.011903450759887, 3.514052078994751]
JVASP-137105,NaSnS,-1.157969131198883,[-1.157969131198883]
JVASP-139559,NaBe,-0.7357233307037353,[-0.7357233307037353]
JVASP-135534,Na2P,0.4096454241600037,[-0.755391075340271, 0.4096454241600037]
JVASP-139563,NaBr,8.112225101264954,[8.112225101264954]
JVASP-137106,NaSnS,-1.4143492719802855,[-1.4143492719802855]
JVASP-135536,Na2P,0.3623482444610596,[-0.7999712965164184, 0.3623482444610596]
JVASP-139565,Na2Br,8.46433560636902,[-1.4070555112037657, 8.46433560636902]
JVASP-135537,NaP2,-0.46528418275451655,[-0.46528418275451655]
JVASP-139566,NaBr2,1.2656665304031374,[1.2656665304031374]
JVASP-142561,NaCo2O4,2.6464118221130373,[1.3619465091552736, 2.2048134067382814, 2.3882970073547365, 2.6464118221130373]
JVASP-139567,Na2Br,8.688418910774232,[-1.404679014411926, 8.688418910774232]
JVASP-135538,Na3P,0.08127884653472905,[-1.8854876300964354, -0.7689345619354248, 0.08127884653472905]
JVASP-137112,NaVS,-1.5535913250122069,[-1.5535913250122069]
JVASP-136587,NaZnF,0.6254550078239441,[0.6254550078239441]
JVASP-141653,Na2CoO3,2.872344897064209,[1.8391620376434328, 1.881617234024048, 2.872344897064209, 2.3346280315246584, 2.4013840415802004, 2.2899948814239504, 2.330779478820801, 1.8474673488464357]
JVASP-135540,Na3P,0.48581020620727544,[-1.19823719474411, 0.39380525139236455, 0.48581020620727544]
JVASP-139568,Na2Br,7.996658728393554,[-1.79298098298645, 7.996658728393554]
JVASP-136590,NaZnF4,2.993191943439484,[2.993191943439484]
JVASP-135541,NaP,-0.9377122661743164,[-0.9377122661743164, -1.1861959240112303]
JVASP-139569,NaBr,16.63263563898468,[2.178404615196228, 16.63263563898468]
JVASP-136593,NaZrF,-1.1526363632354735,[-1.1526363632354735]
JVASP-135542,NaYS,-0.5747481128845214,[-0.5747481128845214]
JVASP-138749,NaCuTe,0.18316976812744146,[-0.535432293144226, 0.18316976812744146]
JVASP-139570,NaBr2,1.6838133790817262,[1.6838133790817262]
JVASP-136594,NaZrF3,-1.902416779724121,[-1.902416779724121]
JVASP-140972,Na2CoGeO4,3.624992058547974,[0.7058734157409668, 1.6625766017761232, 2.2148114898529054, 3.624992058547974]
JVASP-135780,NaBO,0.18675057676696782,[0.18675057676696782]
JVASP-137946,BaNaH,-1.5903536221656798,[-1.5903536221656798]
JVASP-135544,NaYS,-1.1911289236221312,[-1.1911289236221312]
JVASP-139572,NaBr,9.318009660514832,[9.318009660514832]
JVASP-134725,NaGaF3,0.4403180339660645,[0.4403180339660645]
JVASP-135781,NaBO2,0.44393913534545903,[0.44393913534545903]
JVASP-141942,Na2IO6,3.5140723445739748,[3.5140723445739748, 3.2224663951721193, 3.0387768009033205, 2.5470780589904787]
JVASP-135545,NaYS2,2.032690451416016,[2.032690451416016]
JVASP-134726,NaGaF4,4.128845379623413,[4.128845379623413]
JVASP-135782,NaBO2,0.5781773784484864,[0.5781773784484864]
JVASP-135546,NaYS2,1.2167257526245119,[1.2167257526245119]
JVASP-139574,NaHg3,-0.9420710346374511,[-0.9420710346374511]
JVASP-135548,NaZnS,0.028454945358276418,[0.028454945358276418]
JVASP-135783,NaB2O3,-2.2776313564453123,[-2.2776313564453123]
JVASP-139575,Na2I,1.16861729410553,[-2.272915794578552, 1.16861729410553]
JVASP-144026,Na2CoO3,4.048072264465332,[0.9565502860870362, 1.6717559554901125, 1.6197711685028078, 1.942927048477173, 2.7888993480529787, 2.9090565898742677, 4.048072264465332, 3.4753545978393556]
JVASP-134990,NaHO,1.9118990161743166,[1.9118990161743166]
JVASP-140979,KNa2NiO2,2.5450968005981447,[-0.275761677947998, -0.4890194675598144, 0.2949473121490479, 0.7689134338226319, 1.5206069209899904, 2.5450968005981447, 1.799323246749878, 2.122903034957886]
JVASP-142249,YbNaSiO4,2.459434912475586,[0.5712131717529297, 0.8578800418701172, 2.250248358520508, 2.459434912475586]
JVASP-135784,NaBO,0.524118111404419,[0.524118111404419]
JVASP-139576,NaI,2.757853911193848,[2.757853911193848]
JVASP-135550,NaZnS2,0.8558643319931031,[0.8558643319931031]
JVASP-142576,NaMnCrC6N6,-0.6123605510864257,[-0.6123605510864257]
JVASP-144494,Na3MnO3,3.652836725982666,[-0.39478905412292475, -0.2495158455047607, 0.052172587188720754, 0.8697799899902344, 3.0679380157318117, 3.558565304550171, 1.7506860950317384, 3.3830756404724123, 3.4916297653045656, 2.912986920150757, 3.293254301818848, 3.652836725982666]
JVASP-134992,NaHO2,27.10298626211548,[27.10298626211548]
JVASP-135551,NaZnS2,0.8279269197311402,[0.8279269197311402]
JVASP-140733,NaGd3GeS7,-0.811678483215332,[-0.811678483215332, -0.9754391452941894]
JVASP-139577,Na2I,1.000369355949402,[-1.5622617742691038, 1.000369355949402]
JVASP-134994,NaHO,2.0440355995025636,[2.0440355995025636]
JVASP-135785,Na2BO2,2.2368425586547853,[-1.0899587413940428, 2.2368425586547853]
JVASP-135553,Na2S,1.8889080741729738,[0.3874882915344239, 1.8889080741729738]
JVASP-133552,Na2CoO3,4.065806792053222,[0.8446227767791749, 0.8229514816131592, 1.0969454505767824, 1.6738554694976808, 3.4434370258178713, 3.9057249286499025, 4.065806792053222, 3.601184294494629]
JVASP-139578,NaI2,1.0094287851181032,[1.0094287851181032]
JVASP-135788,NaBP2,-1.0175181171569823,[-1.0175181171569823]
JVASP-134995,NaHO,2.4203452327575685,[1.378014014038086, 2.4203452327575685]
JVASP-135555,NaS,0.7792916753616334,[0.7792916753616334]
JVASP-139580,Na2I,0.8228055694427491,[-1.5400901577148436, 0.8228055694427491]
JVASP-137678,Na3NdTi2Nb2O12,5.235039637359619,[0.1575097301330567, 5.235039637359619, 3.636850283416748]
JVASP-135556,Na2S,1.8860809066619875,[0.3908495166625977, 1.8860809066619875]
JVASP-139581,NaI2,0.2597867706146241,[0.2597867706146241]
JVASP-139582,Na2I,1.0204625585403444,[-1.8028963348541258, 1.0204625585403444]
JVASP-135557,NaS,9.353798315795899,[1.5067919948425295, 9.353798315795899]
JVASP-134145,NaAgF4,4.444980011257171,[4.444980011257171]
JVASP-134998,NaPdH4,0.7403134563293458,[0.7403134563293458]
JVASP-139584,NaI,5.0942706325378415,[1.2024139621582033, 5.0942706325378415]
JVASP-140738,Na2UI4O15,2.9974681594696047,[2.9974681594696047, 2.9913217285003664]
JVASP-135558,Na2S,1.5078479507293703,[0.11490802553558355, 1.5078479507293703]
JVASP-134736,NaGeF,-0.9018489858779907,[-0.9018489858779907]
JVASP-135559,NaS2,0.6568627813186646,[0.6568627813186646]
JVASP-139588,NaSbO2,1.90908520010376,[1.90908520010376]
JVASP-134737,NaGeF2,0.3854755618896485,[0.3854755618896485]
JVASP-135000,NaH4Pt,1.1234089591827394,[1.1234089591827394]
JVASP-134738,NaGeF3,0.978776142868042,[0.978776142868042]
JVASP-135001,NaHPt,2.007887587818146,[2.007887587818146]
JVASP-135561,NaS2,0.3322676875915528,[0.3322676875915528]
JVASP-140741,NaZrSi2O7,2.080089495452881,[1.0227526882019045, 2.080089495452881]
JVASP-135004,NaHS,0.4551018932189942,[0.4551018932189942]
JVASP-123503,NaU3,-2.9588166019592284,[-2.9588166019592284]
JVASP-135009,NaHS,0.7627395847167969,[0.7627395847167969]
JVASP-135562,NaS,0.8169074514236451,[0.8169074514236451]
JVASP-141968,NaBiMo2O8,1.3526152828063966,[1.3526152828063966]
JVASP-141969,NaAlBr4,3.8218416431274416,[0.6312684276428223, 1.8951653697814943, 2.949290678771973, 3.8218416431274416]
JVASP-135563,Na2S,2.975228474411011,[1.000157878669739, 2.975228474411011]
JVASP-139593,NaSc2O3,-0.670178010192871,[-0.670178010192871]
JVASP-135010,NaHS,0.7119504669036866,[0.7119504669036866, 0.4025556304779053]
JVASP-135568,NaS2,0.30278687265777593,[0.30278687265777593]
JVASP-139594,NaScO2,1.5912269809570314,[1.5912269809570314]
JVASP-135011,NaHS,0.7645882823791504,[0.7645882823791504, 0.7019919612731934]
JVASP-139595,Na2ScO2,2.6814493396606447,[-0.49742086145019526, 2.6814493396606447]
JVASP-135570,NaS3,0.9767255046691895,[0.9767255046691895]
JVASP-135012,NaHSe,0.5609505632247925,[0.5609505632247925]
JVASP-141245,NaV3S2O14,2.368050501617432,[2.368050501617432]
JVASP-135571,Na3S,1.5785381057586672,[-0.5658629676971435, -0.11632616731262202, 1.5785381057586672]
JVASP-142893,Na6Ni7O14,2.678511069091797,[0.8302931049194336, 1.0735604026641847, 1.390469715866089, 1.591545269760132, 1.9552332618560793, 2.678511069091797]
JVASP-135013,NaHSe,0.6461691119995118,[0.6461691119995118, 0.02160875585937505]
JVASP-144742,K2NaFeO3,0.5701257446136475,[-0.4281526348266601, -0.10113771173095698, 0.5701257446136475, 0.17599360731506353]
JVASP-141246,Na3NpO8,3.0697449901428224,[2.938846991333008, 2.934359, 3.0697449901428224, 2.065633700164795, 1.974754736694336, 1.641645834716797]
JVASP-135572,NaSbSe,-0.9923921367797851,[-0.9923921367797851]
JVASP-139598,NaSeO,0.578246996673584,[0.578246996673584]
JVASP-144743,Na2FeNiF7,5.464795754226684,[2.1045984485473634, 4.2687606075134275, 5.316069290908813, 5.464795754226684]
JVASP-135015,NaHSe2,-0.46899302217102046,[-0.46899302217102046]
JVASP-131949,NaI3,0.9712430694427491,[0.9712430694427491]
JVASP-135573,NaSbSe,-0.6608200809631347,[-0.6608200809631347]
JVASP-135574,NaSb,-0.4961744091186523,[-0.4961744091186523]
JVASP-139600,NaSiO2,1.235212729248047,[1.235212729248047]
JVASP-135017,NaHSe,1.4267954089965822,[0.19555752066040044, 1.4267954089965822]
JVASP-139601,NaSiO2,-0.5297232410583496,[-0.5297232410583496]
JVASP-135576,Na2Sb,-0.21843357297515864,[-0.6223147651824951, -0.21843357297515864]
JVASP-139928,NaCeAgTe4,-0.024096324172973582,[-0.11933334085083003, -0.024096324172973582]
JVASP-139605,NaSiO2,-0.763979508605957,[-0.763979508605957]
JVASP-135577,Na2Sb,-0.3903677603874206,[-0.39248479816055293, -0.3903677603874206]
JVASP-141985,NaNdF4,7.221797869476318,[1.7498220661010744, 7.221797869476318, 2.955802843841553]
JVASP-137981,BaNaP,-1.3308494231376646,[-1.3308494231376646]
JVASP-139606,NaSnO,-1.516374423233032,[-1.516374423233032]
JVASP-141485,NaMgN,0.14625828054809575,[-2.048218562332153, -1.6992476722869871, 0.040026591094970754, 0.14625828054809575]
JVASP-135578,Na3Sb,-0.36587603303527827,[-1.6267148992691038, -0.7254147073898315, -0.36587603303527827]
JVASP-137982,BaNaP,-0.5699117920074462,[-0.5699117920074462]
JVASP-135579,Na2Sb,-0.27086539479827876,[-0.6826059958610534, -0.27086539479827876]
JVASP-111499,NaZrScO4,2.284111426147461,[0.13166897085571294, 0.4091147640075684, 0.77560655859375, 2.284111426147461]
JVASP-141002,Na2FeO4,2.3186842658843996,[1.284792111190796, 1.8045889594879152, 1.738149330886841, 1.9011050918426515, 2.3186842658843996, 2.0991551139678957, 1.8786725261535646, 1.9245590427246095]
JVASP-141987,Na3H5Se4O16,3.8190621593322756,[3.0969766834106447, 3.8190621593322756, 3.616724417480469]
JVASP-135580,Na3Sb,0.04502002981567388,[-1.2153039714965819, 0.04502002981567388, -0.05468852731323237]
JVASP-139610,NaSnO2,1.0132011630859377,[1.0132011630859377]
JVASP-137986,BaNaSb,-0.6586095831069946,[-0.6586095831069946]
JVASP-135582,NaSb,0.08785490778350835,[-0.9337539217147827, 0.08785490778350835]
JVASP-134758,NaHF2,4.994936154159546,[4.994936154159546]
JVASP-139611,NaSrO,-0.5575595638427734,[-0.5575595638427734]
JVASP-137987,BaNaSb,-1.6433702251586912,[-1.6433702251586912]
JVASP-135583,Na2Sb,-0.8500816366348266,[-1.4604265830192564, -0.8500816366348266]
JVASP-134759,NaHF,-1.4887707969818114,[-1.4887707969818114]
JVASP-143818,NaLaW2O8,1.4277953365173341,[1.4277953365173341]
JVASP-132968,Na3CrAsCO7,2.790773318084717,[0.4051593997802735, 1.1359428623046877, 1.865351126464844, 1.0839037158813478, 2.596448824676514, 2.790773318084717]
JVASP-139613,NaSrO2,2.152258560928345,[2.152258560928345]
JVASP-134760,NaHF,2.5831398227539064,[2.5831398227539064]
JVASP-143819,NaHf6N6Cl6,-0.6729474804077148,[-0.6729474804077148]
JVASP-132475,NaS31,0.41806499746704107,[0.41806499746704107]
JVASP-139614,NaSrO,-3.242732360092163,[-3.242732360092163]
JVASP-134762,NaHF2,3.830736444267273,[3.830736444267273]
JVASP-143820,NaNd3Ti2Sb2O14,0.9886655071105958,[0.9886655071105958]
JVASP-142304,NaRu4O8,1.2470249393310548,[1.2470249393310548]
JVASP-139615,NaTaO,-0.7671857616577148,[-0.7671857616577148]
JVASP-143821,NaP4Ru2O14,1.9174527385559084,[1.9174527385559084]
JVASP-111557,Na4FeO5,4.01279704359436,[0.9821697929229737, 1.3944164970245363, 2.528869555267334, 2.648456023010254, 4.01279704359436, 3.8488122680511476, 2.6838361480560304, 2.0514437415924074]
JVASP-140312,TbNaPd6O8,1.2772983768310548,[1.2772983768310548]
JVASP-140762,Na3SbS3,4.324871943267822,[-0.2869647285614013, -0.15591223451232905, 0.02073876646423345, 0.18502871778869634, 0.9043330409851075, 1.6531194904174806, 1.801327870162964, 1.7132560470428468, 4.324871943267822, 2.202567742141724, 0.6613524415817261, 0.7926891305770875]
JVASP-139616,NaTaO,-1.7505093357238768,[-1.7505093357238768]
JVASP-143822,NaNi2H3S2O10,2.0143608310546877,[2.0143608310546877]
JVASP-143823,Na3LiV4O12,3.332371638092041,[0.9319390514221192, 1.6122512080993654, 3.332371638092041]
JVASP-133594,NaZr2FeF11,2.0311969974365236,[2.0311969974365236]
JVASP-134184,NaLiBi,-1.0874536773834227,[-1.0874536773834227]
JVASP-139618,NaTaO3,2.4918617465820314,[2.4918617465820314]
JVASP-140315,Na2MgGeO4,4.484054014953613,[0.22180216101074224, 1.238560126098633, 4.484054014953613, 3.3138221958007814]
JVASP-139620,NaTeO,0.01977746275329595,[0.01977746275329595]
JVASP-143825,Na2Sr2Nb4O13,4.4107331493225095,[1.5385398128356935, 4.4107331493225095]
JVASP-134185,NaLiBi,-0.5348225376281738,[-0.5348225376281738]
JVASP-140316,Na2FeCl4,3.0829920032348634,[0.8576006152954102, 1.1289853313293459, 3.0829920032348634, 2.1170357921447756]
JVASP-139622,NaTeO2,1.0280276992645265,[1.0280276992645265]
JVASP-143010,NaHfScO4,2.2700313785400392,[-0.13883693429565425, 0.28555385855102544, 0.8614629962768555, 2.2700313785400392]
JVASP-139623,NaTiO,-0.5394619247589111,[-0.5394619247589111]
JVASP-139626,Na2TiO2,1.7879733302917482,[-1.0492776176605223, 1.7879733302917482]
JVASP-141271,Na2ZnGe2S6,1.338068650039673,[0.5905937412109376, 0.7579845645751954, 0.9409467437591553, 1.338068650039673]
JVASP-123593,NaP3,-0.4332290432128906,[-0.4332290432128906]
JVASP-139627,NaTiO2,0.8567113139953614,[0.8567113139953614]
JVASP-144767,Na3VO3,3.5127381542053224,[-1.1355930111083983, -1.1664868137512205, -0.30572564813232417, 0.33493368414306646, 2.544942782196045, 3.5127381542053224]
JVASP-133232,K3NaFeCl6,0.7663318374481202,[0.7663318374481202]
JVASP-141504,Na3NbN2,1.9714345195617677,[-1.734741522994995, -1.0259335777435301, -0.3573659202728271, -0.9205258628997802, -0.02483613702392573, -0.20149286004638667, 1.5438865878906252, 1.8400329807128908, -0.8163347980651855, 0.39447300222778325, 0.5817555644836426, 1.9714345195617677]
JVASP-139628,NaTiO2,0.8521894672241211,[0.8521894672241211]
JVASP-142026,NaNiO2,2.372353480133057,[0.4994415500488282, 1.3090285518493654, 1.5014394977416994, 2.372353480133057]
JVASP-139629,Na2TiO3,4.69699327734375,[0.4444069125976563, 4.69699327734375]
JVASP-140329,K6Na4Tl13,-1.1734650871429442,[-1.1734650871429442, -1.3813884994659422, -1.338297202316284, -1.2616353771362303]
JVASP-139630,NaTlO,0.396294043334961,[0.396294043334961]
JVASP-141275,NaV6O15,1.7484649875488283,[1.7484649875488283]
JVASP-133613,Na5WNO4,5.238904402526855,[-0.7795449039611816, -0.6928950092468261, -0.348485066619873, 0.1949261882629395, 1.8504695155944826, 2.176351473602295, 3.10024730947876, 3.4011420467224123, 4.724601195129394, 5.238904402526855]
JVASP-139633,Na2Te,1.2142411926116945,[0.22632472303771978, 1.2142411926116945]
JVASP-139346,NaLiN,0.268026278289795,[0.268026278289795]
JVASP-144303,Na2Ga2GeS6,1.2093888976898195,[0.5196785190429688, 0.5735511043395997, 0.9784418800201417, 1.2093888976898195]
JVASP-139635,Na2Te,1.0797762134399416,[-0.4439699194107055, 1.0797762134399416]
JVASP-139636,NaTe,0.24837569979095464,[0.24837569979095464]
JVASP-133616,NaAlMo2O8,1.381297991546631,[1.183630869659424, 1.381297991546631]
JVASP-126235,NaLa,-1.3586271545562743,[-1.3586271545562743]
JVASP-136110,NaBrO,2.1111332037773134,[2.1111332037773134]
JVASP-139639,NaTe2,-0.1652231356773376,[-0.1652231356773376]
JVASP-136112,NaBrO,1.287529156478882,[1.287529156478882]
JVASP-136937,NaLiO,0.08994381216430669,[0.08994381216430669]
JVASP-139640,Na2Te,1.014963672431946,[0.44734959391021734, 1.014963672431946]
JVASP-136113,Na3BrO,5.261841938766479,[0.3961806753005982, 2.500184700759888, 5.261841938766479]
JVASP-136940,NaLiP,-0.31012065621948237,[-0.31012065621948237]
JVASP-126260,NaTc,-2.4378186008605955,[-2.4378186008605955]
JVASP-139642,NaTe,0.24780522373580938,[0.24780522373580938]
JVASP-136114,NaBrO3,2.390511439117432,[2.390511439117432]
JVASP-142337,Ba2NaUO6,0.3755597331848145,[0.3755597331848145, -0.4554072162780761]
JVASP-143110,NaSe2O6,2.9063114383544923,[2.9063114383544923, 2.5789469936218263]
JVASP-137733,NaLaMgWO6,1.1271747806396486,[-0.38500554772949214, 1.1271747806396486]
JVASP-136941,NaLiP,-1.7928078910980223,[-1.7928078910980223]
JVASP-139646,Na2Te,1.2068137386169435,[0.21946100977325445, 1.2068137386169435]
JVASP-144779,NaLiMnPCO7,1.5911215999450685,[1.3468779781188966, 1.5911215999450685]
JVASP-139647,NaTe2,-0.3560056826744079,[-0.3560056826744079]
JVASP-143609,NaAlCO5,2.359672949584961,[1.5428003528442384, 2.359672949584961]
JVASP-136942,NaLiP,-0.03294761392211909,[-0.03294761392211909]
JVASP-144077,Na2NiO3,4.161563322814941,[0.9222473361816407, 0.8818792560424805, 1.614567444595337, 2.2724477508392336, 2.306421683105469, 4.161563322814941, 3.572638438018799, 2.5570868709411623]
JVASP-139648,NaTe,0.7456213095512391,[0.11549447563552862, 0.7456213095512391]
JVASP-136943,NaLi2P,-0.6321392795715332,[-0.6321392795715332]
JVASP-142048,Na3CoO2,2.8426641681518556,[-1.1832264206085203, 0.6693808296051026, 0.7611178615417481, 0.6204585292663575, 0.706329272064209, 0.7303790309753418, 1.9095584609832765, 2.2202021339263918, 0.47645466116333013, 0.9524459102478028, 1.9330524661865236, 2.8426641681518556]
JVASP-139649,Na3Te,1.2214438178863527,[-1.168872608867645, 0.24607668903732305, 1.2214438178863527]
JVASP-136944,NaLiPt,-0.6179239294204711,[-0.6179239294204711]
JVASP-141047,NaNiPO4,3.381080076965332,[1.388598845275879, 2.59900800970459, 2.0924524524536134, 3.381080076965332]
JVASP-133255,Na3ScCl6,6.904115841659546,[0.13868539122009282, 1.0458657005157472, 6.904115841659546, 2.464427635940552, 1.5059087732162477, 1.3461208799209596]
JVASP-139978,Na2FeO3,2.8312758663024904,[0.5427929618682862, 1.070138619216919, 1.3571955421295168, 2.1827799537506105, 2.594406769546509, 2.8174235084381105, 2.8312758663024904, 2.0820249774780275]
JVASP-111797,NaPdF3,4.071042702468872,[2.581678316864014, 3.5600079753723146, 3.8435556152191164, 4.071042702468872]
JVASP-136946,NaLiS,1.430436060699463,[0.10119526174926763, 1.430436060699463]
JVASP-134788,NaMnF,0.9929041126098633,[0.9929041126098633]
JVASP-136948,NaLiS,0.49131541040802007,[0.49131541040802007]
JVASP-134789,NaMnF,-0.6592262527618408,[-0.6592262527618408]
JVASP-144316,NaPrC2O6,1.255896494659424,[0.5560483196105958, 1.255896494659424]
JVASP-136949,NaLiTe,-1.215131475654602,[-1.215131475654602]
JVASP-144549,Na2LiFePCO7,2.1769932964172365,[0.5443987109985352, 1.2376245715942384, 1.3118180492248537, 2.1769932964172365]
JVASP-144784,NaLi2FePCO7,1.1179188945617677,[0.889974520477295, 1.1179188945617677]
JVASP-136950,NaLiTe,1.3237894037094118,[-0.6777228853378295, 1.3237894037094118]
JVASP-134791,NaMnF4,3.302834437164307,[3.302834437164307]
JVASP-144550,Na2CePCO7,3.091406271728516,[0.9774412372436524, 2.8388447025146486, 3.091406271728516, 2.7388529041137697]
JVASP-140570,Na3FeO3,3.8558477619018556,[-0.00447924348449702, 0.073770211013794, 0.33708088186645513, 0.37992756155395513, 1.0788773753967287, 0.8038877704467774, 3.1199442603912355, 2.968092606338501, 2.760659382614136, 2.5923134544219972, 3.712745116027832, 3.8558477619018556]
JVASP-134793,NaMnF3,2.559039042266846,[2.559039042266846]
JVASP-142055,NaCaVO4,2.053785727294922,[0.3105425098266602, 2.053785727294922]
JVASP-133264,NaNd3GeS7,-0.8034795066986083,[-0.9266184112701416, -0.8034795066986083]
JVASP-134794,NaMnF4,3.4021705844726564,[3.4021705844726564]
JVASP-130073,Tb8Na,-1.7128293058547972,[-1.7128293058547972]
JVASP-140574,Na2Te3Mo3O16,1.6924633243408205,[1.5837473132934572, 1.6924633243408205]
JVASP-144790,Na2Ni3O7,3.546242878707886,[1.2487563350524904, 2.4426068523254396, 2.96847502973938, 3.546242878707886]
JVASP-143626,Na2UTeO7,4.413737700256347,[1.5692776897277834, 1.2324418285217287, 3.263446257385254, 4.413737700256347]
JVASP-138854,NaNiF4,3.324488089355469,[3.324488089355469]
JVASP-132098,NaLu,-1.7431605598602293,[-1.7431605598602293]
JVASP-141302,KNaTeH6O6,1.1111394622650148,[1.071255848678589, 1.1111394622650148]
JVASP-138857,NaNiF3,2.694008753570557,[2.694008753570557]
JVASP-132658,NaRe,-2.322782590118408,[-2.322782590118408]
JVASP-138860,NaOF,4.279643223556518,[4.279643223556518]
JVASP-138861,NaOF,2.7005793311920168,[2.7005793311920168]
JVASP-139672,NaGaAs,-1.4653733513031004,[-1.4653733513031004]
JVASP-138862,Na3OF,6.030348942550659,[0.8952481010284424, 2.3531529167022707, 6.030348942550659]
JVASP-139673,NaGaAs,-0.8388138553771972,[-0.8388138553771972]
JVASP-140001,NaCa2Si3O9,2.6291341045227052,[2.6291341045227052, 1.4958285549011232]
JVASP-138577,NaInCl,-1.5566254398498534,[-1.5566254398498534]
JVASP-138864,RbNaF,-1.1049870988998411,[-1.1049870988998411]
JVASP-141536,Na3CoBSO7,3.9048823573913576,[1.0426639774169923, 2.458272383483887, 3.1262025096740724, 3.9048823573913576, 2.4526466586914064, 2.98558084753418]
JVASP-144564,Na3Ca3AlSb4,-0.9171820423278808,[-1.3446625015411375, -1.1282437584075926, -1.3394721290740965, -0.9171820423278808, -1.049834205833435, -1.1725825807723997]
JVASP-138578,NaInCl,-1.0579808494720457,[-1.0579808494720457]
JVASP-138865,RbNaF,-2.8470686814460753,[-2.8470686814460753]
JVASP-135651,NaAsH2,-0.5679350635681152,[-0.5679350635681152]
JVASP-144565,Yb3NaGeS7,0.1162504413452149,[-0.19321449014282222, 0.1162504413452149]
JVASP-138579,NaInCl2,1.3010438540306093,[1.3010438540306093]
JVASP-135652,NaAsH2,0.08011274126434331,[0.08011274126434331]
JVASP-138869,NaRhF2,1.6034377076950075,[1.6034377076950075]
JVASP-139677,NaMgAs,-1.4687671801719664,[-1.4687671801719664]
JVASP-134525,NaMnCl,-1.1461246750030516,[-1.1461246750030516]
JVASP-135653,NaAsH2,-1.2781685135040282,[-1.2781685135040282]
JVASP-134527,NaMnCl,-1.1294188043746947,[-1.1294188043746947]
JVASP-138870,NaRhF3,1.761610434326172,[1.761610434326172]
JVASP-139678,NaMgAs,-0.8951239130172729,[-1.1136858007583617, -0.8951239130172729]
JVASP-139679,NaMgAs,0.08329634455108648,[-1.1721988460693358, 0.08329634455108648]
JVASP-134528,NaMnCl,-0.8850758812103271,[-0.8850758812103271]
JVASP-138873,NaSbF,-0.6697026035461425,[-0.6697026035461425]
JVASP-138058,NaAgC,-0.21112258645629878,[-0.21112258645629878]
JVASP-139681,NaMgAs,-1.0458156010780333,[-1.0458156010780333]
JVASP-123822,NaBi5,-0.33081157418823237,[-0.33081157418823237]
JVASP-138874,NaSbF,-0.5907388469848632,[-0.5907388469848632]
JVASP-138059,NaAgC2,0.24642030981445318,[0.24642030981445318]
JVASP-139135,NaAlF2,0.45771734503173833,[0.45771734503173833]
JVASP-139408,NaMgP,-1.5265416047248839,[-1.5265416047248839]
JVASP-139136,NaAlF3,-1.094034507003784,[-1.094034507003784]
JVASP-139409,NaMg2P,-2.192574932304382,[-2.192574932304382]
JVASP-138877,NaScF,-1.2943514129791258,[-1.2943514129791258]
JVASP-139137,NaAlF4,4.4827265003051755,[4.4827265003051755]
JVASP-139410,NaMgP,-0.6066092989120483,[-0.6066092989120483]
JVASP-138878,NaScF2,-0.005148484436035106,[-0.005148484436035106]
JVASP-139138,NaAlF,-1.1738492986831663,[-1.1738492986831663]
JVASP-139411,NaMgP,-1.1846041223678587,[-1.1846041223678587]
JVASP-138879,NaScF3,-2.2296622535858153,[-2.2296622535858153]
JVASP-143148,NaCdPO4,5.592656538757324,[1.0135239818420412, 4.23966209677124, 2.5913099506225588, 5.592656538757324]
JVASP-139412,NaMgSn,-1.464339568344116,[-1.464339568344116]
JVASP-138881,NaSiF,-1.0893522045288084,[-1.0893522045288084]
JVASP-124952,NaAc3,-1.6979447743568419,[-1.6979447743568419]
JVASP-138884,NaTeF2,2.888719604286194,[2.888719604286194]
JVASP-138886,NaTiF4,1.7357091167297365,[1.7357091167297365]
JVASP-138887,NaTlF,-1.4219371816787718,[-1.4219371816787718]
JVASP-138889,NaTlF2,4.012350127967834,[4.012350127967834]
JVASP-133319,NaBOF2,6.1244572856750485,[1.2621182658996584, 1.6833237865295412, 4.471798346313476, 5.98486940649414, 6.1244572856750485, 3.4140986659851076]
JVASP-138890,NaTlF,0.047807381423950246,[0.047807381423950246]
JVASP-131284,NaSe2,0.5457121589508057,[0.5457121589508057]
JVASP-133320,K3NaOs2O9,2.698048994812012,[2.698048994812012, 2.286719725402832]
JVASP-138891,NaTlF4,3.007122741016388,[3.007122741016388]
JVASP-138892,NaVF,-1.1670597335968016,[-1.1670597335968016]
JVASP-138894,NaVF,-1.1712866565856932,[-1.1712866565856932]
JVASP-138895,NaVF3,0.014981196197509816,[0.014981196197509816]
JVASP-135918,NaBeBi,-1.181463911262512,[-1.181463911262512]
JVASP-138896,NaVF4,1.9663843372192384,[1.9663843372192384]
JVASP-135919,NaBeBi,-0.791105105606079,[-0.791105105606079]
JVASP-138897,NaYF,-1.2339397213134764,[-1.2339397213134764]
JVASP-134047,NaBeH,-1.0679931184921263,[-1.0679931184921263]
JVASP-138899,NaYF,-1.2063053390655516,[-1.2063053390655516]
JVASP-134048,NaBeH3,-0.580660416809082,[-0.580660416809082]
JVASP-138900,NaYF2,0.11760012892150884,[0.11760012892150884]
JVASP-135927,NaBeBr,-0.7139802715454101,[-0.7139802715454101]
JVASP-134049,NaBeH,-1.7560482761535643,[-1.7560482761535643]
JVASP-121511,Na2CaP2O8,3.245992110046387,[2.507077620300293, 2.3578962543334963, 3.245992110046387, 2.4722179630126955]
JVASP-138901,NaYF3,-2.0165568134460448,[-2.0165568134460448]
JVASP-134050,NaBeH2,-0.2895127079162597,[-0.2895127079162597]
JVASP-133691,Na3CoSiCO7,3.151850149902344,[0.8465265491333008, 1.8782400348510744, 2.9849995830383302, 2.2924489238586427, 3.151850149902344, 2.2418970325317384]
JVASP-121537,Na2Ca5TiSi4O16F2,4.204556868347168,[4.204556868347168, 2.069605276855469]
JVASP-135937,NaBeCl,-0.7483305475387573,[-0.7483305475387573]
JVASP-135938,NaBeCl,-1.1581093809280394,[-1.1581093809280394]
JVASP-138622,NaZnCl3,1.789975092681885,[1.789975092681885]
JVASP-138623,NaZnCl,0.2375723579254151,[0.2375723579254151]
JVASP-135939,NaBeCl,-0.34076572867965693,[-0.34076572867965693]
JVASP-142634,NaCr2O4,1.3725899913635256,[1.2522725322570802, 1.3725899913635256]
JVASP-142636,NaCo2O3,1.1148599841918947,[0.8537935474243165, 1.1148599841918947]
JVASP-133345,NaDyPd6O8,1.1560560920562746,[1.1560560920562746]
JVASP-133347,Na3NdAs2O8,3.8247012355651857,[0.7470950343933106, 2.23692886618042, 3.8247012355651857]
JVASP-136740,NaH2N,-0.12487132760620112,[-0.12487132760620112]
JVASP-136741,NaH2N,1.1671714046325685,[1.1671714046325685]
JVASP-136742,NaHN2,0.06740181234741216,[0.06740181234741216]
JVASP-136743,NaH2N,0.9577761152114869,[0.9577761152114869]
JVASP-132846,Na2UW2O10,2.825291559967041,[0.899958536895752, 1.2645348766174318, 1.9238538005676271, 2.825291559967041]
JVASP-137574,NaSi6,-1.2601655265960692,[-1.2601655265960692, -1.6584604522857664]
JVASP-133772,NaBS,0.6631236532058716,[0.6631236532058716]
JVASP-133773,NaBS2,-0.104619099822998,[-0.104619099822998]
JVASP-133774,NaBS2,-0.31364805909729,[-0.31364805909729]
JVASP-133776,NaBS,-0.26891811105346675,[-0.26891811105346675]
JVASP-133777,NaBSe,0.3502725818481446,[0.3502725818481446]
JVASP-133779,NaBSe2,-0.1321934005889892,[-0.1321934005889892]
JVASP-133780,NaBSe,0.0037092426147461444,[0.0037092426147461444]
JVASP-133782,NaBSe2,-0.242009236541748,[-0.242009236541748]
JVASP-132985,Ba3NaSi2O8,1.670111582550049,[1.364609644683838, 1.670111582550049]
JVASP-137261,NaCaAlPHO5F2,4.092530653747558,[1.1228660800781252, 4.092530653747558]
JVASP-137262,Na2MnFeF7,6.057182715209961,[1.7475501754608156, 1.904887841018677, 3.4123143413391115, 6.057182715209961]
JVASP-137282,K2Na4Co2O5,2.388154671463013,[-0.08051545831298823, 0.019793436798095754, 0.14076463964843755, 0.34097711828613286, 1.6387423732604982, 1.7601260402526857, 2.388154671463013, 2.0720950820770265]
JVASP-137349,Na3W2Cl4O4,1.4321016528930666,[-0.05609090539550776, 0.1281370380249024, 1.4321016528930666]
JVASP-145439,Ba3NaB24,-1.0280142566833494,[-1.0280142566833494]
JVASP-133669,Na2LiMnPCO7,2.8324469783630373,[0.5409011104431153, 1.0795764186706545, 1.0375470378723146, 2.8324469783630373]
JVASP-156705,NaSr,-1.4201832554016112,[-1.4201832554016112]
JVASP-146358,NaGaCl4,2.395154044898987,[1.4228150108184816, 1.5964545467224123, 1.7857900121536256, 2.395154044898987]
JVASP-133697,Na3VO3,3.697027609619141,[-1.0231829425964354, -1.0814181110534666, -0.9448848507080078, -0.6681857845458984, 0.4066099384155274, 0.14311067846679693, 0.790790007385254, 1.5771660068359377, 2.3515438297119142, 3.697027609619141, 2.51380293157959, 3.2742475726928713]
JVASP-133698,Na3Mn2P2C2O14,3.5344204166259767,[2.9265326717224123, 1.7192653873291017, 3.5344204166259767]
JVASP-155730,NaTc2As2,-1.0227843067321776,[-1.0227843067321776]
JVASP-151559,Na2PdSe2,1.1607667663421632,[-0.30062515946960444, -0.1811738750610351, 1.1607667663421632, 0.9458932140197754]
JVASP-145978,NaV2O5,1.3118876674499513,[1.3118876674499513, 1.2201050975646974]
JVASP-150673,NaCaH3,1.9079753616180422,[-1.6472638389739989, 1.9079753616180422]
JVASP-145230,NaCe3GeS7,-0.7031074306640624,[-0.9077506801757812, -0.7031074306640624]
JVASP-152945,NaCr5Se8,0.26661770132446294,[0.26661770132446294]
JVASP-145780,YbNa2CdSb2,-0.22439439508056636,[-1.0273606321487425, -0.6131432792816162, -0.22439439508056636, -0.5026502153549194]
JVASP-145457,NaCr2S4,1.1949557521667482,[0.696746752532959, 1.1949557521667482]
JVASP-150678,NaNiF3,3.9998857238616945,[2.5495659568634035, 3.9998857238616945]
JVASP-154033,NaAs,0.2618495681610108,[-0.9360503694686889, -0.7988016149673461, -0.7178676864776611, -0.3436778328094482, 0.17461077955627446, 0.2618495681610108, -0.5272351047668457, -0.4535609028015136]
JVASP-146727,Na2Mn2O3,2.5753349521484377,[-0.517545296875, -0.48194558831787104, -0.35963208886718745, -0.22551973077392573, 1.7319921710815431, 2.1418775775756838, 1.489954397949219, 2.5753349521484377]
JVASP-148923,NaCu3Te2,-0.06361694547271723,[-0.06361694547271723]
JVASP-148263,NaLaMo2O8,1.4615072467651369,[1.4615072467651369]
JVASP-154905,Na2Ni3P2H2O10,2.5125946262207033,[1.0439218738403322, 2.5125946262207033]
JVASP-148266,Na4Ge2PbS6,2.2253946521606447,[-0.03582341882324214, 0.3636869647827149, 2.2253946521606447, 0.8512117126312256]
JVASP-150218,NaBiO2,2.7129527786102297,[0.5075060584869385, 2.7129527786102297]
JVASP-153415,Na3Mn4Te6,2.3057522037353517,[0.5190767505493165, 0.826652930053711, 2.3057522037353517]
JVASP-148267,Na3TiFe3O8,2.013460085662842,[0.27811186102294927, 1.3086890437927248, 2.013460085662842]
JVASP-154503,NaCuSO4F,2.907405064376831,[2.2776853301849367, 2.907405064376831]
JVASP-145674,Na8NiO6,4.947496817382812,[0.024792359146118215, 1.1829768874969484, 0.9122685649719239, 2.035789892944336, 2.549360678466797, 0.6677016475524903, 1.7254242160644533, 2.876342222961426, 1.9033755519714357, 2.9939154842224123, 2.7266973712768556, 2.3895251014556886, 2.0387698867645265, 4.947496817382812, 3.200763986381531, 3.6313267209854128]
JVASP-147126,Na4Ni3O7,3.688804791244507,[0.5434061744537354, 0.7129594543304444, 1.0343417384948732, 1.282212183746338, 2.6972970226135256, 2.8167022922363283, 3.681572125228882, 3.688804791244507]
JVASP-141931,Na2CoH4Se2O10,1.9557694652404787,[1.4492930629577638, 1.9557694652404787]
JVASP-152744,NaZr2VF11,1.6387848117675783,[1.6387848117675783]
JVASP-157140,NaLa2In,-0.4896225473556518,[-0.4896225473556518]
JVASP-146731,Na3Ni2P2C2O14,3.1024770000305177,[3.1024770000305177, 1.9324459293212892, 2.9479183414306642]
JVASP-147499,NaPS3,1.2197198131408693,[0.5805720546569825, 0.9081649043884278, 1.2197198131408693, 0.5134391048278809]
JVASP-145247,NaZnAsH4O6,2.8824421623077394,[1.6271659591522218, 2.8824421623077394]
JVASP-144584,Na9Sn4,-0.4519757768783569,[-1.1511603138122557, -1.1312804958496092, -0.846372439590454, -1.123716428009033, -0.8872042438659667, -0.7639745018157958, -0.8916443130645751, -1.2608466884765623, -0.6782409689102172, -1.0879256269607542, -1.1103493711624144, -0.9299716493759155, -1.048530413833618, -0.7376650116119384, -1.287397339073181, -0.8838874838027954, -0.4621221563491821, -0.4519757768783569]
JVASP-101455,NaLaS2,0.8693851688232422,[0.8693851688232422]
JVASP-150947,YbNa2CdSb2,-0.22536201688385005,[-1.0291285059127806, -0.6145941755447387, -0.22536201688385005, -0.5028037569198608]
JVASP-147326,Na9SmSi4Se12,1.4797205188598634,[-0.2869458934936523, -0.27038057061767573, 0.2978317001190186, 0.1113077857818604, 1.4797205188598634, 1.0693058231201173, 1.2626928546752931, 0.23503820684814458, 0.14555828359985357]
JVASP-150235,Na2UI6,0.4087430694427491,[0.38453464296722417, 0.4087430694427491]
JVASP-145476,Na6ReN4,3.688514158996582,[-1.840949609008789, -1.6488319179687498, -1.4275806686553953, -0.6137522003326416, -0.8755450985107421, -0.9096947452697753, 0.40649835852050786, 0.9608444431152344, 3.688514158996582, -0.1392865917358398, 0.39320747640991216, 1.782303736480713]
JVASP-149578,Na2UO4,3.810766623291016,[0.8181480625, 3.810766623291016]
JVASP-146737,NaV3O8,2.045998499664307,[1.73977367666626, 2.045998499664307]
JVASP-147327,NaCaScZnSi4O12,2.523599550994873,[2.523599550994873]
JVASP-154743,NaTiSi2O6,1.121375010284424,[0.5465449550476075, 1.121375010284424]
JVASP-147328,Na3LaTi2Nb2O12,4.420976565155029,[0.19877521780395513, 4.420976565155029, 3.9159888484802248]
JVASP-147329,NaNb6Se8,-0.46571262094116206,[-0.46571262094116206]
JVASP-145802,NaGa2Au4,-0.09917832824325556,[-0.7039386770401, -0.2711450597915649, -0.2774742982063293, -0.09917832824325556]
JVASP-153442,NaAs,0.489987776550293,[-1.0610698005828856, -0.8327015182647705, -0.7213490745697021, -0.48878081056213374, 0.13188402441406255, 0.489987776550293, -0.14344747277832026, -0.9297490856323242]
JVASP-147138,NaVSiO4,0.7947425105895997,[0.5806783893432618, 0.5202621677246094, 0.7947425105895997, 0.7494162776794434]
JVASP-153189,NaCe2C3O9F,0.3482913234558106,[0.3482913234558106]
JVASP-151604,Rb2NaAlF6,1.098383353027344,[1.098383353027344]
JVASP-144809,NaNi2O4,1.8159240939941408,[1.5831639030303957, 1.7761680343475343, 1.8159240939941408, 1.7392000415649416]
JVASP-147520,NaLiSi2H4O7,2.0577778079833986,[1.110844061645508, 2.0577778079833986]
JVASP-148394,Na2FeO3,2.333772585662842,[1.110301897796631, 1.7122406223144533, 2.287066862854004, 2.333772585662842]
JVASP-146213,NaLaTi2O6,4.062886641296386,[0.36488573339843755, 4.062886641296386]
JVASP-152364,NaCr3O8,2.095270560058594,[2.095270560058594]
JVASP-150486,Na2UF6,2.9918922641601564,[1.0683600166168215, 2.9918922641601564]
JVASP-154319,Rb2NaMnO4,0.28437750128173833,[0.28437750128173833, 0.24086324957275396]
JVASP-146018,NaSr3Be3B3O9F4,0.38893024710083013,[0.38893024710083013]
JVASP-155623,NaSi2Pd2,-0.8175726673278808,[-0.8175726673278808]
JVASP-145506,Na2V2O5,2.511505053314209,[0.0585879543151856, 0.6315945842590333, 0.9107455470886231, 2.511505053314209]
JVASP-144825,KNa2AlH6,-0.41320855828857417,[-1.3518372318420409, -0.9200363895568847, -0.41320855828857417, -0.6077533504638671]
JVASP-157190,NaLa2Sn,-1.1099365493927,[-1.1099365493927]
JVASP-145290,NaFeBr4,2.492921517166138,[1.6760064819183351, 2.1730238654937746, 2.0145808914031984, 2.492921517166138]
JVASP-149621,Na2CdSnS4,1.680322215827942,[0.8362215020980835, 1.680322215827942]
JVASP-150057,Na3Li3N2,0.2144130924072266,[-0.7226150772247314, 0.2144130924072266, -2.8940306446228026]
JVASP-152183,NaAlH4,0.7440928676452637,[-0.9593783161315917, 0.7440928676452637]
JVASP-152787,Na2AgF4,5.062341497215271,[4.33128111151123, 3.1479782321777345, 4.931133792671203, 5.062341497215271]
JVASP-146586,Na2Ni2O5,4.012721226486206,[1.020796225341797, 1.8634361484375002, 3.278649018081665, 4.012721226486206]
JVASP-144832,NaSr2Ta3O9,0.030595705780029347,[0.030595705780029347]
JVASP-146028,Na3LaAs2O8,3.2209510066833498,[0.6962064960327149, 1.3986467578735353, 3.2209510066833498]
JVASP-153212,NaPt3O4,1.4756297328796388,[1.0715321758117677, 1.4756297328796388]
JVASP-149004,NaClO4,2.0776800372924806,[2.0776800372924806]
JVASP-155637,NaGe2Rh2,-0.740612580505371,[-0.740612580505371]
JVASP-146950,NaCr3O8,2.3002819278564455,[2.2863373020019533, 2.3002819278564455]
JVASP-153813,NaPt3O4,1.2248520114746095,[1.2248520114746095, 1.17037670401001]
JVASP-155641,NaSi2Au2,-0.031206085411071727,[-0.031206085411071727]
JVASP-155643,NaAs2Ir2,-0.89295394631958,[-0.89295394631958]
JVASP-150285,Na2UF6,1.4493889072265627,[1.4493889072265627, 1.3925875881042482]
JVASP-149857,Na2AgAs,1.0490454891052248,[-0.9875484249267578, -0.20576591703033442, -0.0530986330184936, 1.0490454891052248]
JVASP-153478,NaZnSO4F,4.289236233505249,[1.87181393888855, 4.289236233505249]
JVASP-155646,NaAs2Rh2,-0.6450362941894531,[-0.6450362941894531]
JVASP-149858,NaSbS2,1.3192474105682375,[0.41496388700866704, 1.3192474105682375]
JVASP-157038,Yb2NaIn,-0.8980961582336425,[-0.8980961582336425]
JVASP-149866,Na5LiN2,1.113881752761841,[-1.4389485857162474, 0.26172857073211675, -0.03962977143859858, 1.113881752761841, 0.5262186982955933]
JVASP-147166,NaVSiCO7,2.8707284190979006,[1.802750513824463, 2.8707284190979006]
JVASP-155651,NaNi2As2,-0.4880605480346679,[-0.4880605480346679]
JVASP-150999,NaBH4,0.3792025306549073,[-0.6181143066558837, 0.3792025306549073]
JVASP-153488,Na2MoO4,1.8622426250305177,[0.57333605078125, 1.5437130191650392, 1.5977124431457521, 1.8622426250305177]
JVASP-147549,NaNbS6,0.6824092128601075,[0.28387682226562505, 0.6824092128601075]
JVASP-151002,NaCr3O8,2.1013540485229494,[2.1013540485229494]
JVASP-147550,Na2CaC2O6,1.7036418178405763,[1.4235805728759767, 1.589502737792969, 1.700878069671631, 1.7036418178405763]
JVASP-147551,Na2MgGaF7,8.84655611303711,[1.7121803024139406, 1.9216219642486574, 8.84655611303711, 5.431251929077148]
JVASP-153242,NaFeSO4F,2.3451828220214845,[1.6877149799194338, 2.3451828220214845]
JVASP-155657,NaGe2Ir2,-0.9415274402770996,[-0.9415274402770996]
JVASP-154599,Na4CoO3,2.816746161254883,[-0.352952315536499, 0.06969945219421392, 1.1803154208984377, 1.9701170184936525, 2.3668460109558107, 2.816746161254883, 1.825345204147339, 2.330406353744507]
JVASP-147180,Ba2NaCu3S5,-0.3040180942687988,[-0.3040180942687988, -0.36810071679687495]
JVASP-145547,NaInW2O8,3.4216574886169435,[2.5411690929260256, 3.4216574886169435]
JVASP-155668,NaAl2Pt2,-1.5877497932586668,[-1.5877497932586668]
JVASP-155669,NaAs2Pd2,-0.6125050327453613,[-0.6125050327453613]
JVASP-155670,NaAs2Ru2,-0.6608534595642089,[-0.6608534595642089]
JVASP-147378,NaNiO2,2.558032439025879,[0.5952815273132325, 1.8094872691955568, 0.7296556690063477, 2.558032439025879]
JVASP-147183,Na5Sm4Si4O16F,5.479393885406494,[0.12428467062377935, 2.260180399688721, 5.479393885406494, 2.666794703277588, 1.2258829334106447]
JVASP-157064,Yb2NaSr,-0.2855261108551025,[-0.2855261108551025]
JVASP-154986,NaTaO3,3.758629248413086,[1.6578001239624025, 3.758629248413086, 2.065783903869629, 2.7233261325683595]
JVASP-152625,NaBH4,0.38821379927062993,[-0.6164158126983642, 0.38821379927062993]
JVASP-146261,Na3NiO2,2.377004311355591,[-0.8293631813201904, -0.06195337983703608, 0.6445838668670655, 0.7786919334259034, 1.4580444553222658, 1.6043733814086916, 1.3045949199523927, 1.6146725871887209, 2.2447828510131838, 1.737369940551758, 2.377004311355591, 1.8383871772613527]
JVASP-145882,Na2PS3,1.814919874938965,[0.35985033300781255, 0.9914378383483887, 1.814919874938965, 0.4848899104919434]
JVASP-154993,NaCrSi2O6,1.693650172027588,[0.9973229625549317, 1.693650172027588]
JVASP-155487,NaTlS2,2.0474421241607668,[0.6451846816864014, 2.0474421241607668]
JVASP-145885,NaTe3Mo3,-0.24535949441528315,[-0.36950786325073237, -0.24535949441528315]
JVASP-147190,Na2MgFeF7,4.808144257339477,[1.734193728240967, 1.8862485149230959, 4.170945332321167, 4.808144257339477]
JVASP-151440,Rb2NaHoF6,2.9103397586669923,[2.9103397586669923]
JVASP-157077,Yb2NaCa,-0.4751463672790527,[-0.4751463672790527]
JVASP-153265,NaMgSO4F,3.9428557613220216,[3.0837034442749025, 3.9428557613220216]
JVASP-149696,NaCrF6,3.386116907867432,[3.386116907867432]
JVASP-155686,NaGa2Pd2,-1.13030107232666,[-1.13030107232666]
JVASP-145890,NaOsO3,1.9585694530334474,[0.7499298312988282, 1.5633806445922853, 0.5744446971740723, 1.9585694530334474]
JVASP-155688,NaAl2Ga2,-1.0087891361389159,[-1.0087891361389159]
JVASP-151034,NaBH4,-0.1242428562316894,[-0.8876257679138183, -0.1242428562316894]
JVASP-146447,NaNb4Bi5O18,0.9943331935729981,[0.9943331935729981]
JVASP-146448,NaCaYCdF8,0.9465321758117676,[0.9465321758117676]
JVASP-155693,NaAl2Zn2,-1.29524989339447,[-1.29524989339447]
JVASP-146274,Na2MnBAsO7,4.264017031463623,[2.5153702953186037, 4.264017031463623, 2.4631098964538576, 3.317196772369385]
JVASP-146449,NaCaAlSi2O7,4.987680361541748,[2.0044802882995607, 4.987680361541748]
JVASP-145574,NaNi5O6,0.984762118133545,[0.984762118133545]
JVASP-152044,NaSnAu,0.22238461759948736,[-0.9242214104804992, -0.9522681376609802, -0.5942464611206054, 0.22238461759948736]
JVASP-156872,NaPmZn2,-0.4374607345733642,[-0.4374607345733642]
JVASP-155695,NaCu2Ge2,-0.45919473382568354,[-0.45919473382568354]
JVASP-146450,Na4Al3FeO8,3.6587018230285646,[-0.016771390167236278, 3.6587018230285646, 1.8225197055664064, 3.0719494083251955]
JVASP-133346,NaMo3Se4,-0.11768491479492182,[-0.3925529262695312, -0.11768491479492182]
JVASP-157264,NaPr2Pb,-1.7448972007904051,[-1.7448972007904051]
JVASP-146451,Na3Co4O8,2.4631313541259767,[0.7442893245544434, 1.672834799560547, 2.4631313541259767]
JVASP-154628,NaZr2PdF11,2.9516233661499025,[2.9516233661499025]
JVASP-133348,NaS2O6,1.7562240817871095,[1.5689968326416017, 1.7562240817871095]
JVASP-146453,Na2U2O7,4.995213434967041,[1.290693686279297, 4.995213434967041]
JVASP-157266,NaPr2Tl,-1.427939011779785,[-1.427939011779785]
JVASP-149712,NaSbS2,1.1589414337005617,[0.3757311561431885, 1.1589414337005617]
JVASP-146454,Na2AlFeSi4O12,1.965918467315674,[1.2770652034606935, 1.965918467315674]
JVASP-151862,NaBH4,0.3952140071716309,[-0.6197405597839355, 0.3952140071716309]
JVASP-146455,Na2Ta3Se6,0.3832954624023438,[-0.5149036190185546, 0.3832954624023438, -0.49752385827636714, 0.3710464694824219]
JVASP-150352,BaNaBi,-0.44956572267150874,[-1.0767344376716612, -0.9388881466064453, -0.44956572267150874]
JVASP-150573,Na4CO4,2.953178808959961,[0.5955266216125489, 1.2991570690002443, 1.2474087932434084, 2.953178808959961]
JVASP-149095,KNa2CuO2,3.119461701187134,[-0.1989322445068359, 3.119461701187134]
JVASP-147209,NaHf2TiF11,1.228245184692383,[1.228245184692383]
JVASP-155709,NaAl2Si2,-0.8526056549224853,[-0.8526056549224853]
JVASP-152254,NaFeS2O8,2.9220165469970705,[2.9220165469970705]
JVASP-155710,NaZn2Si2,-0.3629375240478515,[-0.3629375240478515]
JVASP-146291,NaAgO,2.5411026933517458,[0.49649207380676275, 1.6657649734344484, 1.9628425100173952, 2.5411026933517458]
JVASP-147210,NaScSnO4,3.803416655334473,[0.5334367015686036, 1.7700194576110841, 3.6863645770874025, 3.803416655334473]
JVASP-155713,NaGa2Pt2,-1.1064930698547362,[-1.1064930698547362]
JVASP-133441,Na2Nb2W2O13,2.141821310791016,[2.141821310791016, 1.1148108699645998]
JVASP-133442,Na2Nb3Se6,-0.04155166360473628,[-0.04155166360473628, -0.045762612548828074, -0.0946393749389648, -0.20912225457763667]
JVASP-145917,NaEuMo2O8,2.2981857517089845,[2.2981857517089845]
JVASP-145380,Na4Sr2SiP4,1.9213992812957765,[-1.2556746742401121, -1.231480910507202, -1.111084534851074, -0.4594627163085937, -0.5700536510620117, -0.3125663540039062, 1.9213992812957765, 1.123832867416382]
JVASP-145382,Na3DyTi2Nb2O12,5.634755537780761,[0.022523329528808644, 2.599019453796387, 5.634755537780761]
JVASP-154833,NaNbO3,4.438980505737304,[0.0028595187988281756, 4.438980505737304, 3.2206448772277834, 3.2980307796325685]
JVASP-146311,NaMn3V4O12,0.6377314784851075,[0.6377314784851075]
JVASP-149750,NaBiO2,2.7012902953948976,[0.5004402854766846, 2.7012902953948976]
JVASP-145924,TbNaTi2O6,2.297266886505127,[0.12163345602416997, 2.297266886505127]
JVASP-154659,NaCoSO4F,2.519030974182129,[1.9554495075073244, 2.519030974182129]
JVASP-150167,Na5As4,0.25052861956024175,[-0.9267372629318237, -0.5309875747833251, -0.03444583627319331, -0.48562879773712153, 0.25052861956024175]
JVASP-150384,Na2UI6,0.46736471441650396,[0.32301466253662114, 0.46736471441650396]
JVASP-146649,NaCdSbS3,0.651259110244751,[0.20225076464080816, 0.18826012400054937, 0.6367813804473877, 0.651259110244751]
JVASP-150170,Na3SO4F,3.625828669342041,[2.079929516586304, 2.9396485545959474, 3.625828669342041]
JVASP-145606,Na3VO4,2.4819196918334963,[0.0178932407226563, 0.5538448551025391, 2.0805062511291506, 2.1803969600524904, 2.4819196918334963, 0.8045257785644532]
JVASP-154668,NaAsS2,2.271629975112915,[0.621924565109253, 1.311889336380005, 1.5568296172943117, 2.271629975112915]
JVASP-149963,NaSbS2,1.3215250232543947,[0.41291849401855474, 1.3215250232543947]
JVASP-147757,Na3PO4,3.852973387512207,[0.529071257385254, 3.4217647769775392, 3.314638541015625, 3.852973387512207, 3.794341967376709, 0.8724259593811036]
JVASP-154670,NaPt3O4,1.102529213699341,[1.102529213699341, 1.0105687835540773]
JVASP-145174,K3NaCr2O8,1.0647958972778322,[1.06098310736084, 1.0647958972778322]
JVASP-153661,NaAs,0.5330719211425782,[-1.091728999343872, -0.8163023731384277, -0.7584751388702392, -0.506833626953125, 0.13853494909667974, 0.5330719211425782, -0.15439708444213862, -0.9094410679016113]
JVASP-149515,Na2Fe2Se2O,1.2959562995758058,[0.003940985473632863, 1.2959562995758058]
JVASP-133605,KNa2FeO3,3.3014163234558107,[-0.04436094972228999, -0.18511946412658686, 0.24432246473693853, 0.292952225479126, 1.8430480220642091, 1.898359701904297, 3.3014163234558107, 2.9475063541259767]
JVASP-150405,Na4CO4,2.3720821597900392,[-0.8384035370025634, 1.2449087360229494, 2.3720821597900392, 1.908806250366211]
JVASP-150412,Na2UI6,0.4047607639160157,[0.4047607639160157, 0.39500801351928716]
JVASP-147438,NaCr2O4,2.126335070404053,[0.8515967586364747, 0.9933251598205567, 1.8287362315979006, 2.126335070404053]
JVASP-145741,NaTiFeO4,1.8416351535644533,[0.7870754459228516, 1.08771650579834, 1.047402785095215, 1.8416351535644533]
JVASP-147059,NaLiV2O6,3.22880594519043,[1.0499424197998048, 3.22880594519043]
JVASP-145742,Na2Fe3SbO8,1.888032839569092,[0.8950585582580567, 1.0869836070861818, 1.3767737605895998, 1.888032839569092]
JVASP-147061,NaW2O6,1.4384459712829591,[0.8272027232971192, 1.4384459712829591]
JVASP-152903,NaZr2PdF11,2.88579361227417,[2.88579361227417]
JVASP-147062,Na2Al2B2O7,4.377098486694336,[4.377098486694336, 3.938997671875, 1.748736784729004, 1.524284765991211]
JVASP-146504,Na6OsN4,3.3519977786865236,[-1.5202511093292235, -1.287257506576538, -1.2046156665954588, -0.2627449772033691, -0.5875225803527832, -0.09023292276000972, 0.8448690631713868, 1.3824514606323244, 3.3519977786865236, -0.556556298461914, 0.3904804447021485, -1.1956878444824217]
JVASP-150426,Na4CO4,2.16346113470459,[-0.699672057357788, 1.205333636077881, 2.0721492030944826, 2.16346113470459]
JVASP-152430,NaBH4,0.3933037975158692,[-0.6323166629943847, 0.3933037975158692]
JVASP-145641,NaCr4O8,2.037585184844971,[2.037585184844971]
JVASP-152431,NaC2,0.3957332828369141,[0.11840097692871099, -1.1104675075683592, 0.3957332828369141, -1.4387794277343748]
JVASP-153707,Na2Ca3Ta2O9,1.3787850597229006,[-0.6843043110046386, 1.3787850597229006]
JVASP-145761,Na3CoN6O12,2.2704047420349123,[1.3716301181640627, 1.9164737918701173, 2.2704047420349123]
JVASP-153709,Na3N,1.525518760951996,[-1.0623437902603148, -0.7285975954208374, -0.7483748933944702, -0.8346588155899047, -0.10374815675353999, -0.11489708634948725, 0.4782649734344483, 0.4667727210845948, 0.7279286840286255, 0.6323512056198121, 1.525518760951996, -3.060556425777435]
JVASP-147272,Na2ZnSn2S6,1.311847136291504,[0.6125139453735352, 0.6902097919311524, 1.040935442718506, 1.311847136291504]
JVASP-145650,Na3FeSiBO7,4.3385261752929685,[0.8657383182373047, 2.8448871829833986, 4.3385261752929685, 2.4627107837524416, 3.0266212680664064, 2.995706007751465]
JVASP-147093,NaMnO2,2.1382784107055666,[1.2289313533630373, 1.2770985820617677, 1.8132738330688478, 2.1382784107055666]
JVASP-154452,NaAs,0.20830004003906255,[-0.9774221918258666, -0.7777013322982788, -0.7402511379394531, -0.3349173805389404, 0.20830004003906255, 0.16768018988037114, -0.4701581737670898, -0.5022006771240234]
JVASP-148212,Na4SrU3O12,3.010476992401123,[-1.1929031154785155, 0.347806380065918, 3.010476992401123, 2.408613131317139]
JVASP-148213,Na2MgScF7,8.487795756134034,[1.0501968124237062, 2.8508044936981203, 8.487795756134034, 3.3465017536010744]
JVASP-147103,Na2FeO3,5.103520081314087,[0.39718978193664556, 0.5843068816986084, 1.744691775115967, 1.15758316305542, 3.1229676463928224, 3.784498141082764, 5.103520081314087, 3.2410032012786867]
JVASP-153402,Na5GaGe2,-0.2019253513488769,[-1.166640593734741, -0.9343493721160888, -0.2019253513488769, -0.28265340539550776, -0.8484514496002197, -1.048034980026245, -0.904815747467041, -0.24082668038940425, -0.6907392284545898, -1.188190533843994]
JVASP-154017,NaV2Bi3O10,0.9160751560058594,[0.9160751560058594]
JVASP-146710,NaCo3O6,2.5868682124938966,[2.5868682124938966, 2.525917933258057]
JVASP-147113,Na14Mn2O9,6.159712956222534,[-1.4929152271423338, -0.6441052696380615, -0.30102427217102046, 1.4632462718811037, 2.9892777660217287, 3.5662614562835695, 0.24185626295471196, 6.159712956222534, 0.9006554344024659, 1.2576135852661134, 1.2294220187988283, 1.7166985729064943, 2.850876734527588, 4.054801390441894]
JVASP-146806,Na2ZnGe2Se6,0.6479915836181641,[0.1072484710540772, 0.5157748916473389, 0.11131613043212896, 0.6479915836181641]
JVASP-146837,Na3Sr2Ti3Si4O18,5.950354979309082,[1.4775566318359377, 5.950354979309082, 4.122373984130859]
JVASP-146838,NaIn2,-0.5737183830413818,[-1.2774618408355711, -1.1557214996490477, -0.5737183830413818, -0.850971057144165]
JVASP-146839,Na3LuBr6,5.000375793251037,[0.04936866548919683, 0.15569882181549077, 1.158638284477234, 5.000375793251037, 1.6227539041366579, 1.6665535428848268]
JVASP-146880,BaNa,-0.06149537774658198,[-1.0384631893310545, -1.6142011425170897, -1.5488246223602293, -0.49992401811218257, -1.6816828987274168, -1.5419495842132567, -0.06149537774658198, -1.166551186767578, -1.202547862258911, -1.3193133613739012, -1.5993412277374266, -1.5001147529754637]
JVASP-157335,NaMg2In,-0.9665976307067871,[-0.9665976307067871]
JVASP-157362,NaMg2Zn,-1.24362476083374,[-1.24362476083374]
JVASP-156453,NaPbAu,-0.8546334049377441,[-0.8546334049377441]
JVASP-156454,NaTlAu,-0.9181266567382812,[-0.9181266567382812]
JVASP-155774,NaAg2As2,-0.20767481538391108,[-0.20767481538391108]
JVASP-157457,NaPm2Al,-1.0595490476760863,[-1.0595490476760863]
JVASP-156450,NaCaAu,-1.1655851742897032,[-1.1655851742897032]
JVASP-157413,NaMg2Au,-1.4115341446075438,[-1.4115341446075438]
JVASP-156428,BaNaAu,-1.8262620708618162,[-1.8262620708618162]
JVASP-155753,NaMn2As2,-1.0172980568084715,[-1.0172980568084715]
JVASP-156343,NaInPb,-1.2840063116226195,[-1.2840063116226195]
JVASP-155771,NaCu2Si2,-0.2915899297866821,[-0.2915899297866821]
JVASP-156295,NaMg2Sb2,0.016228125366210988,[0.016228125366210988]
